zil-additional-service  | 
zil-additional-service  |   .   ____          _            __ _ _
zil-additional-service  |  /\\ / ___'_ __ _ _(_)_ __  __ _ \ \ \ \
zil-additional-service  | ( ( )\___ | '_ | '_| | '_ \/ _` | \ \ \ \
zil-additional-service  |  \\/  ___)| |_)| | | | | || (_| |  ) ) ) )
zil-additional-service  |   '  |____| .__|_| |_|_| |_\__, | / / / /
zil-additional-service  |  =========|_|==============|___/=/_/_/_/
zil-additional-service  | 
zil-additional-service  |  :: Spring Boot ::                (v4.0.6)
zil-additional-service  | 
zil-additional-service  | 2026-05-04T14:40:34.756Z  INFO 1 --- [zil-additional-service] [           main] r.a.ZilAdditionalServiceApplication      : Starting ZilAdditionalServiceApplication v0.0.1-SNAPSHOT using Java 25.0.3 with PID 1 (/app/app.jar started by root in /app)
zil-additional-service  | 2026-05-04T14:40:34.772Z  INFO 1 --- [zil-additional-service] [           main] r.a.ZilAdditionalServiceApplication      : No active profile set, falling back to 1 default profile: "default"
zil-additional-service  | 2026-05-04T14:40:38.842Z  INFO 1 --- [zil-additional-service] [           main] o.s.boot.tomcat.TomcatWebServer          : Tomcat initialized with port 8084 (http)
zil-additional-service  | 2026-05-04T14:40:38.885Z  INFO 1 --- [zil-additional-service] [           main] o.apache.catalina.core.StandardService   : Starting service [Tomcat]
zil-additional-service  | 2026-05-04T14:40:38.889Z  INFO 1 --- [zil-additional-service] [           main] o.apache.catalina.core.StandardEngine    : Starting Servlet engine: [Apache Tomcat/11.0.21]
zil-additional-service  | 2026-05-04T14:40:39.105Z  INFO 1 --- [zil-additional-service] [           main] b.w.c.s.WebApplicationContextInitializer : Root WebApplicationContext: initialization completed in 4150 ms
zil-additional-service  | 2026-05-04T14:40:41.728Z  INFO 1 --- [zil-additional-service] [           main] o.s.b.a.e.web.EndpointLinksResolver      : Exposing 1 endpoint beneath base path '/actuator'
zil-additional-service  | 2026-05-04T14:40:42.037Z  INFO 1 --- [zil-additional-service] [           main] o.s.boot.tomcat.TomcatWebServer          : Tomcat started on port 8084 (http) with context path '/'
zil-additional-service  | 2026-05-04T14:40:42.073Z  INFO 1 --- [zil-additional-service] [           main] r.a.ZilAdditionalServiceApplication      : Started ZilAdditionalServiceApplication in 8.709 seconds (process running for 10.306)
zil-additional-service  | 2026-05-04T14:42:00.287Z  INFO 1 --- [zil-additional-service] [nio-8084-exec-3] o.a.c.c.C.[Tomcat].[localhost].[/]       : Initializing Spring DispatcherServlet 'dispatcherServlet'
zil-additional-service  | 2026-05-04T14:42:00.288Z  INFO 1 --- [zil-additional-service] [nio-8084-exec-3] o.s.web.servlet.DispatcherServlet        : Initializing Servlet 'dispatcherServlet'
zil-additional-service  | 2026-05-04T14:42:00.289Z  INFO 1 --- [zil-additional-service] [nio-8084-exec-3] o.s.web.servlet.DispatcherServlet        : Completed initialization in 1 ms
zil-additional-service  | 2026-05-04T14:42:07.109Z  INFO 1 --- [zil-additional-service] [   scheduling-1] r.a.observability.ObservabilityService   : LAB9 Observability window=10s category=additional.statsComputation.stats count=4 sumNanos=59353 avgNanos=14838
zil-additional-service  | 2026-05-04T14:42:07.116Z  INFO 1 --- [zil-additional-service] [   scheduling-1] r.a.observability.ObservabilityService   : LAB9 Observability window=10s category=web.additional.stats count=4 sumNanos=7980400255 avgNanos=1995100063
zil-additional-service  | 2026-05-04T14:42:07.117Z  INFO 1 --- [zil-additional-service] [   scheduling-1] r.a.observability.ObservabilityService   : LAB9 Observability window=10s category=http.main.clients count=4 sumNanos=2361346958 avgNanos=590336739
zil-additional-service  | 2026-05-04T14:42:07.117Z  INFO 1 --- [zil-additional-service] [   scheduling-1] r.a.observability.ObservabilityService   : LAB9 Observability window=10s category=http.main.rents count=59 sumNanos=39566952235 avgNanos=670626309
zil-additional-service  | 2026-05-04T14:42:07.175Z  INFO 1 --- [zil-additional-service] [   scheduling-1] r.a.observability.ObservabilityService   : LAB9 Observability window=10s category=http.main.cars count=72 sumNanos=78911516445 avgNanos=1095993283
zil-additional-service  | 2026-05-04T14:42:07.175Z  INFO 1 --- [zil-additional-service] [   scheduling-1] r.a.observability.ObservabilityService   : LAB9 Observability window=10s category=web.additional.availability_new count=55 sumNanos=108996705692 avgNanos=1981758285
zil-additional-service  | 2026-05-04T14:42:07.176Z  INFO 1 --- [zil-additional-service] [   scheduling-1] r.a.observability.ObservabilityService   : LAB9 Observability window=10s category=additional.statsComputation.availability.allCitiesAllDates count=55 sumNanos=264123409 avgNanos=4802243
zil-additional-service  | 2026-05-04T14:42:07.180Z  INFO 1 --- [zil-additional-service] [   scheduling-1] r.a.observability.ObservabilityService   : LAB9 Observability window=30s category=additional.statsComputation.stats count=4 sumNanos=59353 avgNanos=14838
zil-additional-service  | 2026-05-04T14:42:07.181Z  INFO 1 --- [zil-additional-service] [   scheduling-1] r.a.observability.ObservabilityService   : LAB9 Observability window=30s category=web.additional.stats count=4 sumNanos=7980400255 avgNanos=1995100063
zil-additional-service  | 2026-05-04T14:42:07.181Z  INFO 1 --- [zil-additional-service] [   scheduling-1] r.a.observability.ObservabilityService   : LAB9 Observability window=30s category=http.main.clients count=4 sumNanos=2361346958 avgNanos=590336739
zil-additional-service  | 2026-05-04T14:42:07.181Z  INFO 1 --- [zil-additional-service] [   scheduling-1] r.a.observability.ObservabilityService   : LAB9 Observability window=30s category=http.main.rents count=59 sumNanos=39566952235 avgNanos=670626309
zil-additional-service  | 2026-05-04T14:42:07.181Z  INFO 1 --- [zil-additional-service] [   scheduling-1] r.a.observability.ObservabilityService   : LAB9 Observability window=30s category=http.main.cars count=72 sumNanos=78911516445 avgNanos=1095993283
zil-additional-service  | 2026-05-04T14:42:07.181Z  INFO 1 --- [zil-additional-service] [   scheduling-1] r.a.observability.ObservabilityService   : LAB9 Observability window=30s category=web.additional.availability_new count=55 sumNanos=108996705692 avgNanos=1981758285
zil-additional-service  | 2026-05-04T14:42:07.181Z  INFO 1 --- [zil-additional-service] [   scheduling-1] r.a.observability.ObservabilityService   : LAB9 Observability window=30s category=additional.statsComputation.availability.allCitiesAllDates count=55 sumNanos=264123409 avgNanos=4802243
zil-additional-service  | 2026-05-04T14:42:07.181Z  INFO 1 --- [zil-additional-service] [   scheduling-1] r.a.observability.ObservabilityService   : LAB9 Observability window=1m category=additional.statsComputation.stats count=4 sumNanos=59353 avgNanos=14838
zil-additional-service  | 2026-05-04T14:42:07.182Z  INFO 1 --- [zil-additional-service] [   scheduling-1] r.a.observability.ObservabilityService   : LAB9 Observability window=1m category=web.additional.stats count=4 sumNanos=7980400255 avgNanos=1995100063
zil-additional-service  | 2026-05-04T14:42:07.203Z  INFO 1 --- [zil-additional-service] [   scheduling-1] r.a.observability.ObservabilityService   : LAB9 Observability window=1m category=http.main.clients count=4 sumNanos=2361346958 avgNanos=590336739
zil-additional-service  | 2026-05-04T14:42:07.204Z  INFO 1 --- [zil-additional-service] [   scheduling-1] r.a.observability.ObservabilityService   : LAB9 Observability window=1m category=http.main.rents count=59 sumNanos=39566952235 avgNanos=670626309
zil-additional-service  | 2026-05-04T14:42:07.204Z  INFO 1 --- [zil-additional-service] [   scheduling-1] r.a.observability.ObservabilityService   : LAB9 Observability window=1m category=http.main.cars count=72 sumNanos=78911516445 avgNanos=1095993283
zil-additional-service  | 2026-05-04T14:42:07.205Z  INFO 1 --- [zil-additional-service] [   scheduling-1] r.a.observability.ObservabilityService   : LAB9 Observability window=1m category=web.additional.availability_new count=55 sumNanos=108996705692 avgNanos=1981758285
zil-additional-service  | 2026-05-04T14:42:07.206Z  INFO 1 --- [zil-additional-service] [   scheduling-1] r.a.observability.ObservabilityService   : LAB9 Observability window=1m category=additional.statsComputation.availability.allCitiesAllDates count=55 sumNanos=264123409 avgNanos=4802243
zil-additional-service  | 2026-05-04T14:42:12.210Z  INFO 1 --- [zil-additional-service] [   scheduling-1] r.a.observability.ObservabilityService   : LAB9 Observability window=10s category=additional.statsComputation.stats count=11 sumNanos=72049 avgNanos=6549
zil-additional-service  | 2026-05-04T14:42:12.210Z  INFO 1 --- [zil-additional-service] [   scheduling-1] r.a.observability.ObservabilityService   : LAB9 Observability window=10s category=web.additional.stats count=11 sumNanos=14559133934 avgNanos=1323557630
zil-additional-service  | 2026-05-04T14:42:12.210Z  INFO 1 --- [zil-additional-service] [   scheduling-1] r.a.observability.ObservabilityService   : LAB9 Observability window=10s category=http.main.clients count=11 sumNanos=4212273405 avgNanos=382933945
zil-additional-service  | 2026-05-04T14:42:12.210Z  INFO 1 --- [zil-additional-service] [   scheduling-1] r.a.observability.ObservabilityService   : LAB9 Observability window=10s category=http.main.rents count=216 sumNanos=88858602069 avgNanos=411382416
zil-additional-service  | 2026-05-04T14:42:12.216Z  INFO 1 --- [zil-additional-service] [   scheduling-1] r.a.observability.ObservabilityService   : LAB9 Observability window=10s category=http.main.cars count=224 sumNanos=117909770122 avgNanos=526382902
zil-additional-service  | 2026-05-04T14:42:12.216Z  INFO 1 --- [zil-additional-service] [   scheduling-1] r.a.observability.ObservabilityService   : LAB9 Observability window=10s category=web.additional.availability_new count=205 sumNanos=195288412718 avgNanos=952626403
zil-additional-service  | 2026-05-04T14:42:12.216Z  INFO 1 --- [zil-additional-service] [   scheduling-1] r.a.observability.ObservabilityService   : LAB9 Observability window=10s category=additional.statsComputation.availability.allCitiesAllDates count=205 sumNanos=353760969 avgNanos=1725663
zil-additional-service  | 2026-05-04T14:42:12.216Z  INFO 1 --- [zil-additional-service] [   scheduling-1] r.a.observability.ObservabilityService   : LAB9 Observability window=30s category=additional.statsComputation.stats count=11 sumNanos=72049 avgNanos=6549
zil-additional-service  | 2026-05-04T14:42:12.217Z  INFO 1 --- [zil-additional-service] [   scheduling-1] r.a.observability.ObservabilityService   : LAB9 Observability window=30s category=web.additional.stats count=11 sumNanos=14559133934 avgNanos=1323557630
zil-additional-service  | 2026-05-04T14:42:12.217Z  INFO 1 --- [zil-additional-service] [   scheduling-1] r.a.observability.ObservabilityService   : LAB9 Observability window=30s category=http.main.clients count=11 sumNanos=4212273405 avgNanos=382933945
zil-additional-service  | 2026-05-04T14:42:12.217Z  INFO 1 --- [zil-additional-service] [   scheduling-1] r.a.observability.ObservabilityService   : LAB9 Observability window=30s category=http.main.rents count=216 sumNanos=88858602069 avgNanos=411382416
zil-additional-service  | 2026-05-04T14:42:12.217Z  INFO 1 --- [zil-additional-service] [   scheduling-1] r.a.observability.ObservabilityService   : LAB9 Observability window=30s category=http.main.cars count=224 sumNanos=117909770122 avgNanos=526382902
zil-additional-service  | 2026-05-04T14:42:12.217Z  INFO 1 --- [zil-additional-service] [   scheduling-1] r.a.observability.ObservabilityService   : LAB9 Observability window=30s category=web.additional.availability_new count=205 sumNanos=195288412718 avgNanos=952626403
zil-additional-service  | 2026-05-04T14:42:12.217Z  INFO 1 --- [zil-additional-service] [   scheduling-1] r.a.observability.ObservabilityService   : LAB9 Observability window=30s category=additional.statsComputation.availability.allCitiesAllDates count=205 sumNanos=353760969 avgNanos=1725663
zil-additional-service  | 2026-05-04T14:42:12.217Z  INFO 1 --- [zil-additional-service] [   scheduling-1] r.a.observability.ObservabilityService   : LAB9 Observability window=1m category=additional.statsComputation.stats count=11 sumNanos=72049 avgNanos=6549
zil-additional-service  | 2026-05-04T14:42:12.217Z  INFO 1 --- [zil-additional-service] [   scheduling-1] r.a.observability.ObservabilityService   : LAB9 Observability window=1m category=web.additional.stats count=11 sumNanos=14559133934 avgNanos=1323557630
zil-additional-service  | 2026-05-04T14:42:12.217Z  INFO 1 --- [zil-additional-service] [   scheduling-1] r.a.observability.ObservabilityService   : LAB9 Observability window=1m category=http.main.clients count=11 sumNanos=4212273405 avgNanos=382933945
zil-additional-service  | 2026-05-04T14:42:12.217Z  INFO 1 --- [zil-additional-service] [   scheduling-1] r.a.observability.ObservabilityService   : LAB9 Observability window=1m category=http.main.rents count=216 sumNanos=88858602069 avgNanos=411382416
zil-additional-service  | 2026-05-04T14:42:12.217Z  INFO 1 --- [zil-additional-service] [   scheduling-1] r.a.observability.ObservabilityService   : LAB9 Observability window=1m category=http.main.cars count=224 sumNanos=117909770122 avgNanos=526382902
zil-additional-service  | 2026-05-04T14:42:12.219Z  INFO 1 --- [zil-additional-service] [   scheduling-1] r.a.observability.ObservabilityService   : LAB9 Observability window=1m category=web.additional.availability_new count=205 sumNanos=195288412718 avgNanos=952626403
zil-additional-service  | 2026-05-04T14:42:12.219Z  INFO 1 --- [zil-additional-service] [   scheduling-1] r.a.observability.ObservabilityService   : LAB9 Observability window=1m category=additional.statsComputation.availability.allCitiesAllDates count=205 sumNanos=353760969 avgNanos=1725663
zil-additional-service  | 2026-05-04T14:42:17.221Z  INFO 1 --- [zil-additional-service] [   scheduling-1] r.a.observability.ObservabilityService   : LAB9 Observability window=10s category=additional.statsComputation.stats count=19 sumNanos=41142 avgNanos=2165
zil-additional-service  | 2026-05-04T14:42:17.221Z  INFO 1 --- [zil-additional-service] [   scheduling-1] r.a.observability.ObservabilityService   : LAB9 Observability window=10s category=web.additional.stats count=19 sumNanos=14098500391 avgNanos=742026336
zil-additional-service  | 2026-05-04T14:42:17.221Z  INFO 1 --- [zil-additional-service] [   scheduling-1] r.a.observability.ObservabilityService   : LAB9 Observability window=10s category=http.main.clients count=19 sumNanos=4532629769 avgNanos=238559461
zil-additional-service  | 2026-05-04T14:42:17.221Z  INFO 1 --- [zil-additional-service] [   scheduling-1] r.a.observability.ObservabilityService   : LAB9 Observability window=10s category=http.main.rents count=351 sumNanos=91643435580 avgNanos=261092409
zil-additional-service  | 2026-05-04T14:42:17.221Z  INFO 1 --- [zil-additional-service] [   scheduling-1] r.a.observability.ObservabilityService   : LAB9 Observability window=10s category=http.main.cars count=345 sumNanos=75901604252 avgNanos=220004650
zil-additional-service  | 2026-05-04T14:42:17.221Z  INFO 1 --- [zil-additional-service] [   scheduling-1] r.a.observability.ObservabilityService   : LAB9 Observability window=10s category=web.additional.availability_new count=332 sumNanos=161876440027 avgNanos=487579638
zil-additional-service  | 2026-05-04T14:42:17.221Z  INFO 1 --- [zil-additional-service] [   scheduling-1] r.a.observability.ObservabilityService   : LAB9 Observability window=10s category=additional.statsComputation.availability.allCitiesAllDates count=332 sumNanos=166756237 avgNanos=502277
zil-additional-service  | 2026-05-04T14:42:17.225Z  INFO 1 --- [zil-additional-service] [   scheduling-1] r.a.observability.ObservabilityService   : LAB9 Observability window=30s category=additional.statsComputation.stats count=23 sumNanos=100495 avgNanos=4369
zil-additional-service  | 2026-05-04T14:42:17.225Z  INFO 1 --- [zil-additional-service] [   scheduling-1] r.a.observability.ObservabilityService   : LAB9 Observability window=30s category=web.additional.stats count=23 sumNanos=22078900646 avgNanos=959952202
zil-additional-service  | 2026-05-04T14:42:17.225Z  INFO 1 --- [zil-additional-service] [   scheduling-1] r.a.observability.ObservabilityService   : LAB9 Observability window=30s category=http.main.clients count=23 sumNanos=6893976727 avgNanos=299738118
zil-additional-service  | 2026-05-04T14:42:17.230Z  INFO 1 --- [zil-additional-service] [   scheduling-1] r.a.observability.ObservabilityService   : LAB9 Observability window=30s category=http.main.rents count=413 sumNanos=132375965748 avgNanos=320522919
zil-additional-service  | 2026-05-04T14:42:17.230Z  INFO 1 --- [zil-additional-service] [   scheduling-1] r.a.observability.ObservabilityService   : LAB9 Observability window=30s category=http.main.cars count=422 sumNanos=156303302109 avgNanos=370386971
zil-additional-service  | 2026-05-04T14:42:17.230Z  INFO 1 --- [zil-additional-service] [   scheduling-1] r.a.observability.ObservabilityService   : LAB9 Observability window=30s category=web.additional.availability_new count=390 sumNanos=273095463305 avgNanos=700244777
zil-additional-service  | 2026-05-04T14:42:17.230Z  INFO 1 --- [zil-additional-service] [   scheduling-1] r.a.observability.ObservabilityService   : LAB9 Observability window=30s category=additional.statsComputation.availability.allCitiesAllDates count=390 sumNanos=431358495 avgNanos=1106047
zil-additional-service  | 2026-05-04T14:42:17.231Z  INFO 1 --- [zil-additional-service] [   scheduling-1] r.a.observability.ObservabilityService   : LAB9 Observability window=1m category=additional.statsComputation.stats count=23 sumNanos=100495 avgNanos=4369
zil-additional-service  | 2026-05-04T14:42:17.231Z  INFO 1 --- [zil-additional-service] [   scheduling-1] r.a.observability.ObservabilityService   : LAB9 Observability window=1m category=web.additional.stats count=23 sumNanos=22078900646 avgNanos=959952202
zil-additional-service  | 2026-05-04T14:42:17.231Z  INFO 1 --- [zil-additional-service] [   scheduling-1] r.a.observability.ObservabilityService   : LAB9 Observability window=1m category=http.main.clients count=23 sumNanos=6893976727 avgNanos=299738118
zil-additional-service  | 2026-05-04T14:42:17.231Z  INFO 1 --- [zil-additional-service] [   scheduling-1] r.a.observability.ObservabilityService   : LAB9 Observability window=1m category=http.main.rents count=413 sumNanos=132375965748 avgNanos=320522919
zil-additional-service  | 2026-05-04T14:42:17.231Z  INFO 1 --- [zil-additional-service] [   scheduling-1] r.a.observability.ObservabilityService   : LAB9 Observability window=1m category=http.main.cars count=422 sumNanos=156303302109 avgNanos=370386971
zil-additional-service  | 2026-05-04T14:42:17.231Z  INFO 1 --- [zil-additional-service] [   scheduling-1] r.a.observability.ObservabilityService   : LAB9 Observability window=1m category=web.additional.availability_new count=390 sumNanos=273095463305 avgNanos=700244777
zil-additional-service  | 2026-05-04T14:42:17.231Z  INFO 1 --- [zil-additional-service] [   scheduling-1] r.a.observability.ObservabilityService   : LAB9 Observability window=1m category=additional.statsComputation.availability.allCitiesAllDates count=390 sumNanos=431358495 avgNanos=1106047
zil-additional-service  | 2026-05-04T14:42:22.236Z  INFO 1 --- [zil-additional-service] [   scheduling-1] r.a.observability.ObservabilityService   : LAB9 Observability window=10s category=additional.statsComputation.stats count=20 sumNanos=54201 avgNanos=2710
zil-additional-service  | 2026-05-04T14:42:22.243Z  INFO 1 --- [zil-additional-service] [   scheduling-1] r.a.observability.ObservabilityService   : LAB9 Observability window=10s category=web.additional.stats count=20 sumNanos=12177540602 avgNanos=608877030
zil-additional-service  | 2026-05-04T14:42:22.244Z  INFO 1 --- [zil-additional-service] [   scheduling-1] r.a.observability.ObservabilityService   : LAB9 Observability window=10s category=http.main.clients count=21 sumNanos=4523444029 avgNanos=215402096
zil-additional-service  | 2026-05-04T14:42:22.244Z  INFO 1 --- [zil-additional-service] [   scheduling-1] r.a.observability.ObservabilityService   : LAB9 Observability window=10s category=http.main.rents count=423 sumNanos=82410588179 avgNanos=194824085
zil-additional-service  | 2026-05-04T14:42:22.245Z  INFO 1 --- [zil-additional-service] [   scheduling-1] r.a.observability.ObservabilityService   : LAB9 Observability window=10s category=http.main.cars count=424 sumNanos=76370539971 avgNanos=180119198
zil-additional-service  | 2026-05-04T14:42:22.246Z  INFO 1 --- [zil-additional-service] [   scheduling-1] r.a.observability.ObservabilityService   : LAB9 Observability window=10s category=web.additional.availability_new count=403 sumNanos=151700170987 avgNanos=376427223
zil-additional-service  | 2026-05-04T14:42:22.248Z  INFO 1 --- [zil-additional-service] [   scheduling-1] r.a.observability.ObservabilityService   : LAB9 Observability window=10s category=additional.statsComputation.availability.allCitiesAllDates count=403 sumNanos=148182272 avgNanos=367697
zil-additional-service  | 2026-05-04T14:42:22.250Z  INFO 1 --- [zil-additional-service] [   scheduling-1] r.a.observability.ObservabilityService   : LAB9 Observability window=30s category=additional.statsComputation.stats count=31 sumNanos=126250 avgNanos=4072
zil-additional-service  | 2026-05-04T14:42:22.251Z  INFO 1 --- [zil-additional-service] [   scheduling-1] r.a.observability.ObservabilityService   : LAB9 Observability window=30s category=web.additional.stats count=31 sumNanos=26736674536 avgNanos=862473372
zil-additional-service  | 2026-05-04T14:42:22.252Z  INFO 1 --- [zil-additional-service] [   scheduling-1] r.a.observability.ObservabilityService   : LAB9 Observability window=30s category=http.main.clients count=32 sumNanos=8735717434 avgNanos=272991169
zil-additional-service  | 2026-05-04T14:42:22.254Z  INFO 1 --- [zil-additional-service] [   scheduling-1] r.a.observability.ObservabilityService   : LAB9 Observability window=30s category=http.main.rents count=641 sumNanos=171679948082 avgNanos=267831432
zil-additional-service  | 2026-05-04T14:42:22.258Z  INFO 1 --- [zil-additional-service] [   scheduling-1] r.a.observability.ObservabilityService   : LAB9 Observability window=30s category=http.main.cars count=649 sumNanos=194503032772 avgNanos=299696506
zil-additional-service  | 2026-05-04T14:42:22.263Z  INFO 1 --- [zil-additional-service] [   scheduling-1] r.a.observability.ObservabilityService   : LAB9 Observability window=30s category=web.additional.availability_new count=610 sumNanos=347845987559 avgNanos=570239323
zil-additional-service  | 2026-05-04T14:42:22.263Z  INFO 1 --- [zil-additional-service] [   scheduling-1] r.a.observability.ObservabilityService   : LAB9 Observability window=30s category=additional.statsComputation.availability.allCitiesAllDates count=610 sumNanos=502858643 avgNanos=824358
zil-additional-service  | 2026-05-04T14:42:22.264Z  INFO 1 --- [zil-additional-service] [   scheduling-1] r.a.observability.ObservabilityService   : LAB9 Observability window=1m category=additional.statsComputation.stats count=31 sumNanos=126250 avgNanos=4072
zil-additional-service  | 2026-05-04T14:42:22.265Z  INFO 1 --- [zil-additional-service] [   scheduling-1] r.a.observability.ObservabilityService   : LAB9 Observability window=1m category=web.additional.stats count=31 sumNanos=26736674536 avgNanos=862473372
zil-additional-service  | 2026-05-04T14:42:22.265Z  INFO 1 --- [zil-additional-service] [   scheduling-1] r.a.observability.ObservabilityService   : LAB9 Observability window=1m category=http.main.clients count=32 sumNanos=8735717434 avgNanos=272991169
zil-additional-service  | 2026-05-04T14:42:22.265Z  INFO 1 --- [zil-additional-service] [   scheduling-1] r.a.observability.ObservabilityService   : LAB9 Observability window=1m category=http.main.rents count=641 sumNanos=171679948082 avgNanos=267831432
zil-additional-service  | 2026-05-04T14:42:22.266Z  INFO 1 --- [zil-additional-service] [   scheduling-1] r.a.observability.ObservabilityService   : LAB9 Observability window=1m category=http.main.cars count=649 sumNanos=194503032772 avgNanos=299696506
zil-additional-service  | 2026-05-04T14:42:22.267Z  INFO 1 --- [zil-additional-service] [   scheduling-1] r.a.observability.ObservabilityService   : LAB9 Observability window=1m category=web.additional.availability_new count=610 sumNanos=347845987559 avgNanos=570239323
zil-additional-service  | 2026-05-04T14:42:22.268Z  INFO 1 --- [zil-additional-service] [   scheduling-1] r.a.observability.ObservabilityService   : LAB9 Observability window=1m category=additional.statsComputation.availability.allCitiesAllDates count=610 sumNanos=502858643 avgNanos=824358
zil-additional-service  | 2026-05-04T14:42:27.274Z  INFO 1 --- [zil-additional-service] [   scheduling-1] r.a.observability.ObservabilityService   : LAB9 Observability window=10s category=additional.statsComputation.stats count=18 sumNanos=51864 avgNanos=2881
zil-additional-service  | 2026-05-04T14:42:27.287Z  INFO 1 --- [zil-additional-service] [   scheduling-1] r.a.observability.ObservabilityService   : LAB9 Observability window=10s category=web.additional.stats count=18 sumNanos=9853390949 avgNanos=547410608
zil-additional-service  | 2026-05-04T14:42:27.293Z  INFO 1 --- [zil-additional-service] [   scheduling-1] r.a.observability.ObservabilityService   : LAB9 Observability window=10s category=http.main.clients count=20 sumNanos=3901354953 avgNanos=195067747
zil-additional-service  | 2026-05-04T14:42:27.293Z  INFO 1 --- [zil-additional-service] [   scheduling-1] r.a.observability.ObservabilityService   : LAB9 Observability window=10s category=http.main.rents count=458 sumNanos=78275800345 avgNanos=170907861
zil-additional-service  | 2026-05-04T14:42:27.295Z  INFO 1 --- [zil-additional-service] [   scheduling-1] r.a.observability.ObservabilityService   : LAB9 Observability window=10s category=http.main.cars count=455 sumNanos=75493954215 avgNanos=165920778
zil-additional-service  | 2026-05-04T14:42:27.296Z  INFO 1 --- [zil-additional-service] [   scheduling-1] r.a.observability.ObservabilityService   : LAB9 Observability window=10s category=web.additional.availability_new count=440 sumNanos=148464430631 avgNanos=337419160
zil-additional-service  | 2026-05-04T14:42:27.297Z  INFO 1 --- [zil-additional-service] [   scheduling-1] r.a.observability.ObservabilityService   : LAB9 Observability window=10s category=additional.statsComputation.availability.allCitiesAllDates count=440 sumNanos=201662759 avgNanos=458324
zil-additional-service  | 2026-05-04T14:42:27.306Z  INFO 1 --- [zil-additional-service] [   scheduling-1] r.a.observability.ObservabilityService   : LAB9 Observability window=30s category=additional.statsComputation.stats count=41 sumNanos=152359 avgNanos=3716
zil-additional-service  | 2026-05-04T14:42:27.306Z  INFO 1 --- [zil-additional-service] [   scheduling-1] r.a.observability.ObservabilityService   : LAB9 Observability window=30s category=web.additional.stats count=41 sumNanos=31932291595 avgNanos=778836380
zil-additional-service  | 2026-05-04T14:42:27.306Z  INFO 1 --- [zil-additional-service] [   scheduling-1] r.a.observability.ObservabilityService   : LAB9 Observability window=30s category=http.main.clients count=43 sumNanos=10795331680 avgNanos=251054225
zil-additional-service  | 2026-05-04T14:42:27.306Z  INFO 1 --- [zil-additional-service] [   scheduling-1] r.a.observability.ObservabilityService   : LAB9 Observability window=30s category=http.main.rents count=872 sumNanos=210854431640 avgNanos=241805540
zil-additional-service  | 2026-05-04T14:42:27.306Z  INFO 1 --- [zil-additional-service] [   scheduling-1] r.a.observability.ObservabilityService   : LAB9 Observability window=30s category=http.main.cars count=879 sumNanos=232168171469 avgNanos=264127612
zil-additional-service  | 2026-05-04T14:42:27.306Z  INFO 1 --- [zil-additional-service] [   scheduling-1] r.a.observability.ObservabilityService   : LAB9 Observability window=30s category=web.additional.availability_new count=831 sumNanos=421959120507 avgNanos=507772708
zil-additional-service  | 2026-05-04T14:42:27.307Z  INFO 1 --- [zil-additional-service] [   scheduling-1] r.a.observability.ObservabilityService   : LAB9 Observability window=30s category=additional.statsComputation.availability.allCitiesAllDates count=831 sumNanos=634375961 avgNanos=763388
zil-additional-service  | 2026-05-04T14:42:27.307Z  INFO 1 --- [zil-additional-service] [   scheduling-1] r.a.observability.ObservabilityService   : LAB9 Observability window=1m category=additional.statsComputation.stats count=41 sumNanos=152359 avgNanos=3716
zil-additional-service  | 2026-05-04T14:42:27.307Z  INFO 1 --- [zil-additional-service] [   scheduling-1] r.a.observability.ObservabilityService   : LAB9 Observability window=1m category=web.additional.stats count=41 sumNanos=31932291595 avgNanos=778836380
zil-additional-service  | 2026-05-04T14:42:27.307Z  INFO 1 --- [zil-additional-service] [   scheduling-1] r.a.observability.ObservabilityService   : LAB9 Observability window=1m category=http.main.clients count=43 sumNanos=10795331680 avgNanos=251054225
zil-additional-service  | 2026-05-04T14:42:27.307Z  INFO 1 --- [zil-additional-service] [   scheduling-1] r.a.observability.ObservabilityService   : LAB9 Observability window=1m category=http.main.rents count=872 sumNanos=210854431640 avgNanos=241805540
zil-additional-service  | 2026-05-04T14:42:27.307Z  INFO 1 --- [zil-additional-service] [   scheduling-1] r.a.observability.ObservabilityService   : LAB9 Observability window=1m category=http.main.cars count=879 sumNanos=232168171469 avgNanos=264127612
zil-additional-service  | 2026-05-04T14:42:27.308Z  INFO 1 --- [zil-additional-service] [   scheduling-1] r.a.observability.ObservabilityService   : LAB9 Observability window=1m category=web.additional.availability_new count=831 sumNanos=421959120507 avgNanos=507772708
zil-additional-service  | 2026-05-04T14:42:27.308Z  INFO 1 --- [zil-additional-service] [   scheduling-1] r.a.observability.ObservabilityService   : LAB9 Observability window=1m category=additional.statsComputation.availability.allCitiesAllDates count=831 sumNanos=634375961 avgNanos=763388
zil-additional-service  | 2026-05-04T14:42:32.310Z  INFO 1 --- [zil-additional-service] [   scheduling-1] r.a.observability.ObservabilityService   : LAB9 Observability window=10s category=additional.statsComputation.stats count=18 sumNanos=48891 avgNanos=2716
zil-additional-service  | 2026-05-04T14:42:32.316Z  INFO 1 --- [zil-additional-service] [   scheduling-1] r.a.observability.ObservabilityService   : LAB9 Observability window=10s category=web.additional.stats count=18 sumNanos=9708308179 avgNanos=539350454
zil-additional-service  | 2026-05-04T14:42:32.316Z  INFO 1 --- [zil-additional-service] [   scheduling-1] r.a.observability.ObservabilityService   : LAB9 Observability window=10s category=http.main.clients count=19 sumNanos=3754709172 avgNanos=197616272
zil-additional-service  | 2026-05-04T14:42:32.317Z  INFO 1 --- [zil-additional-service] [   scheduling-1] r.a.observability.ObservabilityService   : LAB9 Observability window=10s category=http.main.rents count=447 sumNanos=77114241715 avgNanos=172515082
zil-additional-service  | 2026-05-04T14:42:32.318Z  INFO 1 --- [zil-additional-service] [   scheduling-1] r.a.observability.ObservabilityService   : LAB9 Observability window=10s category=http.main.cars count=448 sumNanos=75392536939 avgNanos=168286912
zil-additional-service  | 2026-05-04T14:42:32.326Z  INFO 1 --- [zil-additional-service] [   scheduling-1] r.a.observability.ObservabilityService   : LAB9 Observability window=10s category=web.additional.availability_new count=429 sumNanos=146788354094 avgNanos=342163995
zil-additional-service  | 2026-05-04T14:42:32.327Z  INFO 1 --- [zil-additional-service] [   scheduling-1] r.a.observability.ObservabilityService   : LAB9 Observability window=10s category=additional.statsComputation.availability.allCitiesAllDates count=429 sumNanos=227727313 avgNanos=530832
zil-additional-service  | 2026-05-04T14:42:32.329Z  INFO 1 --- [zil-additional-service] [   scheduling-1] r.a.observability.ObservabilityService   : LAB9 Observability window=30s category=additional.statsComputation.stats count=50 sumNanos=178139 avgNanos=3562
zil-additional-service  | 2026-05-04T14:42:32.329Z  INFO 1 --- [zil-additional-service] [   scheduling-1] r.a.observability.ObservabilityService   : LAB9 Observability window=30s category=web.additional.stats count=50 sumNanos=36921083582 avgNanos=738421671
zil-additional-service  | 2026-05-04T14:42:32.337Z  INFO 1 --- [zil-additional-service] [   scheduling-1] r.a.observability.ObservabilityService   : LAB9 Observability window=30s category=http.main.clients count=51 sumNanos=12490426606 avgNanos=244910325
zil-additional-service  | 2026-05-04T14:42:32.337Z  INFO 1 --- [zil-additional-service] [   scheduling-1] r.a.observability.ObservabilityService   : LAB9 Observability window=30s category=http.main.rents count=1094 sumNanos=249789511856 avgNanos=228326793
zil-additional-service  | 2026-05-04T14:42:32.337Z  INFO 1 --- [zil-additional-service] [   scheduling-1] r.a.observability.ObservabilityService   : LAB9 Observability window=30s category=http.main.cars count=1101 sumNanos=270519242963 avgNanos=245703217
zil-additional-service  | 2026-05-04T14:42:32.337Z  INFO 1 --- [zil-additional-service] [   scheduling-1] r.a.observability.ObservabilityService   : LAB9 Observability window=30s category=web.additional.availability_new count=1044 sumNanos=496277599671 avgNanos=475361685
zil-additional-service  | 2026-05-04T14:42:32.337Z  INFO 1 --- [zil-additional-service] [   scheduling-1] r.a.observability.ObservabilityService   : LAB9 Observability window=30s category=additional.statsComputation.availability.allCitiesAllDates count=1044 sumNanos=731491427 avgNanos=700662
zil-additional-service  | 2026-05-04T14:42:32.340Z  INFO 1 --- [zil-additional-service] [   scheduling-1] r.a.observability.ObservabilityService   : LAB9 Observability window=1m category=additional.statsComputation.stats count=50 sumNanos=178139 avgNanos=3562
zil-additional-service  | 2026-05-04T14:42:32.342Z  INFO 1 --- [zil-additional-service] [   scheduling-1] r.a.observability.ObservabilityService   : LAB9 Observability window=1m category=web.additional.stats count=50 sumNanos=36921083582 avgNanos=738421671
zil-additional-service  | 2026-05-04T14:42:32.347Z  INFO 1 --- [zil-additional-service] [   scheduling-1] r.a.observability.ObservabilityService   : LAB9 Observability window=1m category=http.main.clients count=51 sumNanos=12490426606 avgNanos=244910325
zil-additional-service  | 2026-05-04T14:42:32.347Z  INFO 1 --- [zil-additional-service] [   scheduling-1] r.a.observability.ObservabilityService   : LAB9 Observability window=1m category=http.main.rents count=1094 sumNanos=249789511856 avgNanos=228326793
zil-additional-service  | 2026-05-04T14:42:32.348Z  INFO 1 --- [zil-additional-service] [   scheduling-1] r.a.observability.ObservabilityService   : LAB9 Observability window=1m category=http.main.cars count=1102 sumNanos=270692070113 avgNanos=245637087
zil-additional-service  | 2026-05-04T14:42:32.348Z  INFO 1 --- [zil-additional-service] [   scheduling-1] r.a.observability.ObservabilityService   : LAB9 Observability window=1m category=web.additional.availability_new count=1044 sumNanos=496277599671 avgNanos=475361685
zil-additional-service  | 2026-05-04T14:42:32.349Z  INFO 1 --- [zil-additional-service] [   scheduling-1] r.a.observability.ObservabilityService   : LAB9 Observability window=1m category=additional.statsComputation.availability.allCitiesAllDates count=1044 sumNanos=731491427 avgNanos=700662
zil-additional-service  | 2026-05-04T14:42:37.356Z  INFO 1 --- [zil-additional-service] [   scheduling-1] r.a.observability.ObservabilityService   : LAB9 Observability window=10s category=additional.statsComputation.stats count=20 sumNanos=57781 avgNanos=2889
zil-additional-service  | 2026-05-04T14:42:37.357Z  INFO 1 --- [zil-additional-service] [   scheduling-1] r.a.observability.ObservabilityService   : LAB9 Observability window=10s category=http.main.clients count=20 sumNanos=3952059547 avgNanos=197602977
zil-additional-service  | 2026-05-04T14:42:37.357Z  INFO 1 --- [zil-additional-service] [   scheduling-1] r.a.observability.ObservabilityService   : LAB9 Observability window=10s category=web.additional.stats count=20 sumNanos=10681193067 avgNanos=534059653
zil-additional-service  | 2026-05-04T14:42:37.358Z  INFO 1 --- [zil-additional-service] [   scheduling-1] r.a.observability.ObservabilityService   : LAB9 Observability window=10s category=http.main.rents count=447 sumNanos=75546352521 avgNanos=169007500
zil-additional-service  | 2026-05-04T14:42:37.358Z  INFO 1 --- [zil-additional-service] [   scheduling-1] r.a.observability.ObservabilityService   : LAB9 Observability window=10s category=http.main.cars count=449 sumNanos=76582360501 avgNanos=170562050
zil-additional-service  | 2026-05-04T14:42:37.358Z  INFO 1 --- [zil-additional-service] [   scheduling-1] r.a.observability.ObservabilityService   : LAB9 Observability window=10s category=web.additional.availability_new count=428 sumNanos=146107841266 avgNanos=341373460
zil-additional-service  | 2026-05-04T14:42:37.358Z  INFO 1 --- [zil-additional-service] [   scheduling-1] r.a.observability.ObservabilityService   : LAB9 Observability window=10s category=additional.statsComputation.availability.allCitiesAllDates count=428 sumNanos=189419938 avgNanos=442569
zil-additional-service  | 2026-05-04T14:42:37.359Z  INFO 1 --- [zil-additional-service] [   scheduling-1] r.a.observability.ObservabilityService   : LAB9 Observability window=30s category=additional.statsComputation.stats count=58 sumNanos=153663 avgNanos=2649
zil-additional-service  | 2026-05-04T14:42:37.359Z  INFO 1 --- [zil-additional-service] [   scheduling-1] r.a.observability.ObservabilityService   : LAB9 Observability window=30s category=web.additional.stats count=58 sumNanos=35210427328 avgNanos=607076333
zil-additional-service  | 2026-05-04T14:42:37.360Z  INFO 1 --- [zil-additional-service] [   scheduling-1] r.a.observability.ObservabilityService   : LAB9 Observability window=30s category=http.main.clients count=59 sumNanos=12386044269 avgNanos=209932953
zil-additional-service  | 2026-05-04T14:42:37.360Z  INFO 1 --- [zil-additional-service] [   scheduling-1] r.a.observability.ObservabilityService   : LAB9 Observability window=30s category=http.main.rents count=1255 sumNanos=244217945904 avgNanos=194595972
zil-additional-service  | 2026-05-04T14:42:37.360Z  INFO 1 --- [zil-additional-service] [   scheduling-1] r.a.observability.ObservabilityService   : LAB9 Observability window=30s category=http.main.cars count=1254 sumNanos=228563001356 avgNanos=182267146
zil-additional-service  | 2026-05-04T14:42:37.360Z  INFO 1 --- [zil-additional-service] [   scheduling-1] r.a.observability.ObservabilityService   : LAB9 Observability window=30s category=web.additional.availability_new count=1198 sumNanos=453798213690 avgNanos=378796505
zil-additional-service  | 2026-05-04T14:42:37.361Z  INFO 1 --- [zil-additional-service] [   scheduling-1] r.a.observability.ObservabilityService   : LAB9 Observability window=30s category=additional.statsComputation.availability.allCitiesAllDates count=1198 sumNanos=558588611 avgNanos=466267
zil-additional-service  | 2026-05-04T14:42:37.361Z  INFO 1 --- [zil-additional-service] [   scheduling-1] r.a.observability.ObservabilityService   : LAB9 Observability window=1m category=additional.statsComputation.stats count=62 sumNanos=213016 avgNanos=3435
zil-additional-service  | 2026-05-04T14:42:37.361Z  INFO 1 --- [zil-additional-service] [   scheduling-1] r.a.observability.ObservabilityService   : LAB9 Observability window=1m category=web.additional.stats count=62 sumNanos=43190827583 avgNanos=696626251
zil-additional-service  | 2026-05-04T14:42:37.362Z  INFO 1 --- [zil-additional-service] [   scheduling-1] r.a.observability.ObservabilityService   : LAB9 Observability window=1m category=http.main.clients count=63 sumNanos=14747391227 avgNanos=234085575
zil-additional-service  | 2026-05-04T14:42:37.370Z  INFO 1 --- [zil-additional-service] [   scheduling-1] r.a.observability.ObservabilityService   : LAB9 Observability window=1m category=http.main.rents count=1323 sumNanos=287111464380 avgNanos=217015468
zil-additional-service  | 2026-05-04T14:42:37.370Z  INFO 1 --- [zil-additional-service] [   scheduling-1] r.a.observability.ObservabilityService   : LAB9 Observability window=1m category=http.main.cars count=1332 sumNanos=309543063663 avgNanos=232389687
zil-additional-service  | 2026-05-04T14:42:37.370Z  INFO 1 --- [zil-additional-service] [   scheduling-1] r.a.observability.ObservabilityService   : LAB9 Observability window=1m category=web.additional.availability_new count=1261 sumNanos=568697764274 avgNanos=450989503
zil-additional-service  | 2026-05-04T14:42:37.370Z  INFO 1 --- [zil-additional-service] [   scheduling-1] r.a.observability.ObservabilityService   : LAB9 Observability window=1m category=additional.statsComputation.availability.allCitiesAllDates count=1261 sumNanos=824015282 avgNanos=653461
zil-additional-service  | 2026-05-04T14:42:42.376Z  INFO 1 --- [zil-additional-service] [   scheduling-1] r.a.observability.ObservabilityService   : LAB9 Observability window=10s category=additional.statsComputation.stats count=17 sumNanos=50133 avgNanos=2949
zil-additional-service  | 2026-05-04T14:42:42.382Z  INFO 1 --- [zil-additional-service] [   scheduling-1] r.a.observability.ObservabilityService   : LAB9 Observability window=10s category=http.main.clients count=17 sumNanos=3221089912 avgNanos=189475877
zil-additional-service  | 2026-05-04T14:42:42.385Z  INFO 1 --- [zil-additional-service] [   scheduling-1] r.a.observability.ObservabilityService   : LAB9 Observability window=10s category=web.additional.stats count=17 sumNanos=8924851891 avgNanos=524991287
zil-additional-service  | 2026-05-04T14:42:42.387Z  INFO 1 --- [zil-additional-service] [   scheduling-1] r.a.observability.ObservabilityService   : LAB9 Observability window=10s category=http.main.rents count=466 sumNanos=74941149908 avgNanos=160817918
zil-additional-service  | 2026-05-04T14:42:42.387Z  INFO 1 --- [zil-additional-service] [   scheduling-1] r.a.observability.ObservabilityService   : LAB9 Observability window=10s category=http.main.cars count=467 sumNanos=76964756000 avgNanos=164806758
zil-additional-service  | 2026-05-04T14:42:42.387Z  INFO 1 --- [zil-additional-service] [   scheduling-1] r.a.observability.ObservabilityService   : LAB9 Observability window=10s category=web.additional.availability_new count=449 sumNanos=146377961101 avgNanos=326008822
zil-additional-service  | 2026-05-04T14:42:42.387Z  INFO 1 --- [zil-additional-service] [   scheduling-1] r.a.observability.ObservabilityService   : LAB9 Observability window=10s category=additional.statsComputation.availability.allCitiesAllDates count=449 sumNanos=147138515 avgNanos=327702
zil-additional-service  | 2026-05-04T14:42:42.388Z  INFO 1 --- [zil-additional-service] [   scheduling-1] r.a.observability.ObservabilityService   : LAB9 Observability window=30s category=additional.statsComputation.stats count=57 sumNanos=158939 avgNanos=2788
zil-additional-service  | 2026-05-04T14:42:42.388Z  INFO 1 --- [zil-additional-service] [   scheduling-1] r.a.observability.ObservabilityService   : LAB9 Observability window=30s category=web.additional.stats count=57 sumNanos=31772628305 avgNanos=557414531
zil-additional-service  | 2026-05-04T14:42:42.388Z  INFO 1 --- [zil-additional-service] [   scheduling-1] r.a.observability.ObservabilityService   : LAB9 Observability window=30s category=http.main.clients count=58 sumNanos=11717389858 avgNanos=202023963
zil-additional-service  | 2026-05-04T14:42:42.388Z  INFO 1 --- [zil-additional-service] [   scheduling-1] r.a.observability.ObservabilityService   : LAB9 Observability window=30s category=http.main.rents count=1338 sumNanos=234273640122 avgNanos=175092406
zil-additional-service  | 2026-05-04T14:42:42.388Z  INFO 1 --- [zil-additional-service] [   scheduling-1] r.a.observability.ObservabilityService   : LAB9 Observability window=30s category=http.main.cars count=1338 sumNanos=228120411614 avgNanos=170493581
zil-additional-service  | 2026-05-04T14:42:42.388Z  INFO 1 --- [zil-additional-service] [   scheduling-1] r.a.observability.ObservabilityService   : LAB9 Observability window=30s category=web.additional.availability_new count=1281 sumNanos=443735126608 avgNanos=346397444
zil-additional-service  | 2026-05-04T14:42:42.388Z  INFO 1 --- [zil-additional-service] [   scheduling-1] r.a.observability.ObservabilityService   : LAB9 Observability window=30s category=additional.statsComputation.availability.allCitiesAllDates count=1281 sumNanos=523991262 avgNanos=409048
zil-additional-service  | 2026-05-04T14:42:42.389Z  INFO 1 --- [zil-additional-service] [   scheduling-1] r.a.observability.ObservabilityService   : LAB9 Observability window=1m category=additional.statsComputation.stats count=68 sumNanos=230988 avgNanos=3396
zil-additional-service  | 2026-05-04T14:42:42.389Z  INFO 1 --- [zil-additional-service] [   scheduling-1] r.a.observability.ObservabilityService   : LAB9 Observability window=1m category=web.additional.stats count=68 sumNanos=46331762239 avgNanos=681349444
zil-additional-service  | 2026-05-04T14:42:42.389Z  INFO 1 --- [zil-additional-service] [   scheduling-1] r.a.observability.ObservabilityService   : LAB9 Observability window=1m category=http.main.clients count=69 sumNanos=15929663263 avgNanos=230864684
zil-additional-service  | 2026-05-04T14:42:42.389Z  INFO 1 --- [zil-additional-service] [   scheduling-1] r.a.observability.ObservabilityService   : LAB9 Observability window=1m category=http.main.rents count=1562 sumNanos=325080724423 avgNanos=208118261
zil-additional-service  | 2026-05-04T14:42:42.389Z  INFO 1 --- [zil-additional-service] [   scheduling-1] r.a.observability.ObservabilityService   : LAB9 Observability window=1m category=http.main.cars count=1570 sumNanos=347796172121 avgNanos=221526224
zil-additional-service  | 2026-05-04T14:42:42.389Z  INFO 1 --- [zil-additional-service] [   scheduling-1] r.a.observability.ObservabilityService   : LAB9 Observability window=1m category=web.additional.availability_new count=1494 sumNanos=643045639880 avgNanos=430418768
zil-additional-service  | 2026-05-04T14:42:42.390Z  INFO 1 --- [zil-additional-service] [   scheduling-1] r.a.observability.ObservabilityService   : LAB9 Observability window=1m category=additional.statsComputation.availability.allCitiesAllDates count=1494 sumNanos=878750717 avgNanos=588186
zil-additional-service  | 2026-05-04T14:42:47.412Z  INFO 1 --- [zil-additional-service] [   scheduling-1] r.a.observability.ObservabilityService   : LAB9 Observability window=10s category=additional.statsComputation.stats count=17 sumNanos=52809 avgNanos=3106
zil-additional-service  | 2026-05-04T14:42:47.413Z  INFO 1 --- [zil-additional-service] [   scheduling-1] r.a.observability.ObservabilityService   : LAB9 Observability window=10s category=web.additional.stats count=17 sumNanos=9121280710 avgNanos=536545924
zil-additional-service  | 2026-05-04T14:42:47.414Z  INFO 1 --- [zil-additional-service] [   scheduling-1] r.a.observability.ObservabilityService   : LAB9 Observability window=10s category=http.main.clients count=17 sumNanos=3473149480 avgNanos=204302910
zil-additional-service  | 2026-05-04T14:42:47.415Z  INFO 1 --- [zil-additional-service] [   scheduling-1] r.a.observability.ObservabilityService   : LAB9 Observability window=10s category=http.main.rents count=461 sumNanos=76311658837 avgNanos=165535051
zil-additional-service  | 2026-05-04T14:42:47.416Z  INFO 1 --- [zil-additional-service] [   scheduling-1] r.a.observability.ObservabilityService   : LAB9 Observability window=10s category=http.main.cars count=465 sumNanos=75692334167 avgNanos=162779213
zil-additional-service  | 2026-05-04T14:42:47.418Z  INFO 1 --- [zil-additional-service] [   scheduling-1] r.a.observability.ObservabilityService   : LAB9 Observability window=10s category=web.additional.availability_new count=444 sumNanos=146050992900 avgNanos=328943677
zil-additional-service  | 2026-05-04T14:42:47.423Z  INFO 1 --- [zil-additional-service] [   scheduling-1] r.a.observability.ObservabilityService   : LAB9 Observability window=10s category=additional.statsComputation.availability.allCitiesAllDates count=444 sumNanos=150141562 avgNanos=338156
zil-additional-service  | 2026-05-04T14:42:47.424Z  INFO 1 --- [zil-additional-service] [   scheduling-1] r.a.observability.ObservabilityService   : LAB9 Observability window=30s category=additional.statsComputation.stats count=57 sumNanos=167950 avgNanos=2946
zil-additional-service  | 2026-05-04T14:42:47.424Z  INFO 1 --- [zil-additional-service] [   scheduling-1] r.a.observability.ObservabilityService   : LAB9 Observability window=30s category=web.additional.stats count=57 sumNanos=30718113635 avgNanos=538914274
zil-additional-service  | 2026-05-04T14:42:47.424Z  INFO 1 --- [zil-additional-service] [   scheduling-1] r.a.observability.ObservabilityService   : LAB9 Observability window=30s category=http.main.clients count=57 sumNanos=11326563980 avgNanos=198711648
zil-additional-service  | 2026-05-04T14:42:47.434Z  INFO 1 --- [zil-additional-service] [   scheduling-1] r.a.observability.ObservabilityService   : LAB9 Observability window=30s category=http.main.rents count=1368 sumNanos=230488444402 avgNanos=168485704
zil-additional-service  | 2026-05-04T14:42:47.434Z  INFO 1 --- [zil-additional-service] [   scheduling-1] r.a.observability.ObservabilityService   : LAB9 Observability window=30s category=http.main.cars count=1368 sumNanos=227776409008 avgNanos=166503222
zil-additional-service  | 2026-05-04T14:42:47.434Z  INFO 1 --- [zil-additional-service] [   scheduling-1] r.a.observability.ObservabilityService   : LAB9 Observability window=30s category=web.additional.availability_new count=1311 sumNanos=440132142434 avgNanos=335722457
zil-additional-service  | 2026-05-04T14:42:47.434Z  INFO 1 --- [zil-additional-service] [   scheduling-1] r.a.observability.ObservabilityService   : LAB9 Observability window=30s category=additional.statsComputation.availability.allCitiesAllDates count=1311 sumNanos=541232697 avgNanos=412839
zil-additional-service  | 2026-05-04T14:42:47.435Z  INFO 1 --- [zil-additional-service] [   scheduling-1] r.a.observability.ObservabilityService   : LAB9 Observability window=1m category=additional.statsComputation.stats count=80 sumNanos=268445 avgNanos=3355
zil-additional-service  | 2026-05-04T14:42:47.435Z  INFO 1 --- [zil-additional-service] [   scheduling-1] r.a.observability.ObservabilityService   : LAB9 Observability window=1m category=web.additional.stats count=80 sumNanos=52797014281 avgNanos=659962678
zil-additional-service  | 2026-05-04T14:42:47.435Z  INFO 1 --- [zil-additional-service] [   scheduling-1] r.a.observability.ObservabilityService   : LAB9 Observability window=1m category=http.main.clients count=80 sumNanos=18220540707 avgNanos=227756758
zil-additional-service  | 2026-05-04T14:42:47.435Z  INFO 1 --- [zil-additional-service] [   scheduling-1] r.a.observability.ObservabilityService   : LAB9 Observability window=1m category=http.main.rents count=1791 sumNanos=364598705615 avgNanos=203572699
zil-additional-service  | 2026-05-04T14:42:47.435Z  INFO 1 --- [zil-additional-service] [   scheduling-1] r.a.observability.ObservabilityService   : LAB9 Observability window=1m category=http.main.cars count=1797 sumNanos=385235397830 avgNanos=214376960
zil-additional-service  | 2026-05-04T14:42:47.435Z  INFO 1 --- [zil-additional-service] [   scheduling-1] r.a.observability.ObservabilityService   : LAB9 Observability window=1m category=web.additional.availability_new count=1711 sumNanos=716745021611 avgNanos=418904162
zil-additional-service  | 2026-05-04T14:42:47.435Z  INFO 1 --- [zil-additional-service] [   scheduling-1] r.a.observability.ObservabilityService   : LAB9 Observability window=1m category=additional.statsComputation.availability.allCitiesAllDates count=1711 sumNanos=975033391 avgNanos=569861
zil-additional-service  | 2026-05-04T14:42:52.439Z  INFO 1 --- [zil-additional-service] [   scheduling-1] r.a.observability.ObservabilityService   : LAB9 Observability window=10s category=additional.statsComputation.stats count=27 sumNanos=79686 avgNanos=2951
zil-additional-service  | 2026-05-04T14:42:52.439Z  INFO 1 --- [zil-additional-service] [   scheduling-1] r.a.observability.ObservabilityService   : LAB9 Observability window=10s category=http.main.clients count=28 sumNanos=5652774113 avgNanos=201884789
zil-additional-service  | 2026-05-04T14:42:52.440Z  INFO 1 --- [zil-additional-service] [   scheduling-1] r.a.observability.ObservabilityService   : LAB9 Observability window=10s category=web.additional.stats count=27 sumNanos=14484026151 avgNanos=536445413
zil-additional-service  | 2026-05-04T14:42:52.440Z  INFO 1 --- [zil-additional-service] [   scheduling-1] r.a.observability.ObservabilityService   : LAB9 Observability window=10s category=http.main.rents count=452 sumNanos=77250725416 avgNanos=170908684
zil-additional-service  | 2026-05-04T14:42:52.440Z  INFO 1 --- [zil-additional-service] [   scheduling-1] r.a.observability.ObservabilityService   : LAB9 Observability window=10s category=http.main.cars count=453 sumNanos=73795109143 avgNanos=162903110
zil-additional-service  | 2026-05-04T14:42:52.440Z  INFO 1 --- [zil-additional-service] [   scheduling-1] r.a.observability.ObservabilityService   : LAB9 Observability window=10s category=web.additional.availability_new count=425 sumNanos=142261454467 avgNanos=334732834
zil-additional-service  | 2026-05-04T14:42:52.440Z  INFO 1 --- [zil-additional-service] [   scheduling-1] r.a.observability.ObservabilityService   : LAB9 Observability window=10s category=additional.statsComputation.availability.allCitiesAllDates count=425 sumNanos=154558903 avgNanos=363668
zil-additional-service  | 2026-05-04T14:42:52.441Z  INFO 1 --- [zil-additional-service] [   scheduling-1] r.a.observability.ObservabilityService   : LAB9 Observability window=30s category=additional.statsComputation.stats count=63 sumNanos=181426 avgNanos=2879
zil-additional-service  | 2026-05-04T14:42:52.441Z  INFO 1 --- [zil-additional-service] [   scheduling-1] r.a.observability.ObservabilityService   : LAB9 Observability window=30s category=web.additional.stats count=63 sumNanos=33603012987 avgNanos=533381158
zil-additional-service  | 2026-05-04T14:42:52.441Z  INFO 1 --- [zil-additional-service] [   scheduling-1] r.a.observability.ObservabilityService   : LAB9 Observability window=30s category=http.main.clients count=65 sumNanos=12846719942 avgNanos=197641845
zil-additional-service  | 2026-05-04T14:42:52.442Z  INFO 1 --- [zil-additional-service] [   scheduling-1] r.a.observability.ObservabilityService   : LAB9 Observability window=30s category=http.main.rents count=1366 sumNanos=229418763441 avgNanos=167949314
zil-additional-service  | 2026-05-04T14:42:52.442Z  INFO 1 --- [zil-additional-service] [   scheduling-1] r.a.observability.ObservabilityService   : LAB9 Observability window=30s category=http.main.cars count=1367 sumNanos=225827611957 avgNanos=165199423
zil-additional-service  | 2026-05-04T14:42:52.442Z  INFO 1 --- [zil-additional-service] [   scheduling-1] r.a.observability.ObservabilityService   : LAB9 Observability window=30s category=web.additional.availability_new count=1303 sumNanos=435213469552 avgNanos=334008802
zil-additional-service  | 2026-05-04T14:42:52.442Z  INFO 1 --- [zil-additional-service] [   scheduling-1] r.a.observability.ObservabilityService   : LAB9 Observability window=30s category=additional.statsComputation.availability.allCitiesAllDates count=1303 sumNanos=521944283 avgNanos=400571
zil-additional-service  | 2026-05-04T14:42:52.443Z  INFO 1 --- [zil-additional-service] [   scheduling-1] r.a.observability.ObservabilityService   : LAB9 Observability window=1m category=additional.statsComputation.stats count=95 sumNanos=310674 avgNanos=3270
zil-additional-service  | 2026-05-04T14:42:52.443Z  INFO 1 --- [zil-additional-service] [   scheduling-1] r.a.observability.ObservabilityService   : LAB9 Observability window=1m category=web.additional.stats count=95 sumNanos=60815788390 avgNanos=640166193
zil-additional-service  | 2026-05-04T14:42:52.443Z  INFO 1 --- [zil-additional-service] [   scheduling-1] r.a.observability.ObservabilityService   : LAB9 Observability window=1m category=http.main.clients count=97 sumNanos=21582437376 avgNanos=222499354
zil-additional-service  | 2026-05-04T14:42:52.443Z  INFO 1 --- [zil-additional-service] [   scheduling-1] r.a.observability.ObservabilityService   : LAB9 Observability window=1m category=http.main.rents count=2016 sumNanos=402645097415 avgNanos=199724750
zil-additional-service  | 2026-05-04T14:42:52.443Z  INFO 1 --- [zil-additional-service] [   scheduling-1] r.a.observability.ObservabilityService   : LAB9 Observability window=1m category=http.main.cars count=2026 sumNanos=422049688276 avgNanos=208316726
zil-additional-service  | 2026-05-04T14:42:52.443Z  INFO 1 --- [zil-additional-service] [   scheduling-1] r.a.observability.ObservabilityService   : LAB9 Observability window=1m category=web.additional.availability_new count=1921 sumNanos=786017653852 avgNanos=409171084
zil-additional-service  | 2026-05-04T14:42:52.443Z  INFO 1 --- [zil-additional-service] [   scheduling-1] r.a.observability.ObservabilityService   : LAB9 Observability window=1m category=additional.statsComputation.availability.allCitiesAllDates count=1921 sumNanos=1033585507 avgNanos=538045
zil-additional-service  | 2026-05-04T14:42:57.472Z  INFO 1 --- [zil-additional-service] [   scheduling-1] r.a.observability.ObservabilityService   : LAB9 Observability window=10s category=additional.statsComputation.stats count=28 sumNanos=203623 avgNanos=7272
zil-additional-service  | 2026-05-04T14:42:57.479Z  INFO 1 --- [zil-additional-service] [   scheduling-1] r.a.observability.ObservabilityService   : LAB9 Observability window=10s category=web.additional.stats count=28 sumNanos=14376778899 avgNanos=513456389
zil-additional-service  | 2026-05-04T14:42:57.479Z  INFO 1 --- [zil-additional-service] [   scheduling-1] r.a.observability.ObservabilityService   : LAB9 Observability window=10s category=http.main.clients count=29 sumNanos=5545504084 avgNanos=191224278
zil-additional-service  | 2026-05-04T14:42:57.479Z  INFO 1 --- [zil-additional-service] [   scheduling-1] r.a.observability.ObservabilityService   : LAB9 Observability window=10s category=http.main.rents count=462 sumNanos=76420153780 avgNanos=165411588
zil-additional-service  | 2026-05-04T14:42:57.479Z  INFO 1 --- [zil-additional-service] [   scheduling-1] r.a.observability.ObservabilityService   : LAB9 Observability window=10s category=http.main.cars count=462 sumNanos=74500615039 avgNanos=161256742
zil-additional-service  | 2026-05-04T14:42:57.479Z  INFO 1 --- [zil-additional-service] [   scheduling-1] r.a.observability.ObservabilityService   : LAB9 Observability window=10s category=web.additional.availability_new count=433 sumNanos=142095452151 avgNanos=328165016
zil-additional-service  | 2026-05-04T14:42:57.482Z  INFO 1 --- [zil-additional-service] [   scheduling-1] r.a.observability.ObservabilityService   : LAB9 Observability window=10s category=additional.statsComputation.availability.allCitiesAllDates count=433 sumNanos=136486719 avgNanos=315211
zil-additional-service  | 2026-05-04T14:42:57.483Z  INFO 1 --- [zil-additional-service] [   scheduling-1] r.a.observability.ObservabilityService   : LAB9 Observability window=30s category=additional.statsComputation.stats count=65 sumNanos=314179 avgNanos=4833
zil-additional-service  | 2026-05-04T14:42:57.485Z  INFO 1 --- [zil-additional-service] [   scheduling-1] r.a.observability.ObservabilityService   : LAB9 Observability window=30s category=web.additional.stats count=65 sumNanos=34193799080 avgNanos=526058447
zil-additional-service  | 2026-05-04T14:42:57.486Z  INFO 1 --- [zil-additional-service] [   scheduling-1] r.a.observability.ObservabilityService   : LAB9 Observability window=30s category=http.main.clients count=66 sumNanos=12970713111 avgNanos=196525956
zil-additional-service  | 2026-05-04T14:42:57.486Z  INFO 1 --- [zil-additional-service] [   scheduling-1] r.a.observability.ObservabilityService   : LAB9 Observability window=30s category=http.main.rents count=1375 sumNanos=229155771092 avgNanos=166658742
zil-additional-service  | 2026-05-04T14:42:57.486Z  INFO 1 --- [zil-additional-service] [   scheduling-1] r.a.observability.ObservabilityService   : LAB9 Observability window=30s category=http.main.cars count=1372 sumNanos=226287584033 avgNanos=164932641
zil-additional-service  | 2026-05-04T14:42:57.487Z  INFO 1 --- [zil-additional-service] [   scheduling-1] r.a.observability.ObservabilityService   : LAB9 Observability window=30s category=web.additional.availability_new count=1309 sumNanos=435536665795 avgNanos=332724725
zil-additional-service  | 2026-05-04T14:42:57.488Z  INFO 1 --- [zil-additional-service] [   scheduling-1] r.a.observability.ObservabilityService   : LAB9 Observability window=30s category=additional.statsComputation.availability.allCitiesAllDates count=1309 sumNanos=463843656 avgNanos=354349
zil-additional-service  | 2026-05-04T14:42:57.489Z  INFO 1 --- [zil-additional-service] [   scheduling-1] r.a.observability.ObservabilityService   : LAB9 Observability window=1m category=additional.statsComputation.stats count=108 sumNanos=472068 avgNanos=4371
zil-additional-service  | 2026-05-04T14:42:57.489Z  INFO 1 --- [zil-additional-service] [   scheduling-1] r.a.observability.ObservabilityService   : LAB9 Observability window=1m category=web.additional.stats count=108 sumNanos=67173793180 avgNanos=621979566
zil-additional-service  | 2026-05-04T14:42:57.489Z  INFO 1 --- [zil-additional-service] [   scheduling-1] r.a.observability.ObservabilityService   : LAB9 Observability window=1m category=http.main.clients count=109 sumNanos=23766044791 avgNanos=218037108
zil-additional-service  | 2026-05-04T14:42:57.489Z  INFO 1 --- [zil-additional-service] [   scheduling-1] r.a.observability.ObservabilityService   : LAB9 Observability window=1m category=http.main.rents count=2254 sumNanos=441153631977 avgNanos=195720333
zil-additional-service  | 2026-05-04T14:42:57.489Z  INFO 1 --- [zil-additional-service] [   scheduling-1] r.a.observability.ObservabilityService   : LAB9 Observability window=1m category=http.main.cars count=2262 sumNanos=460242940612 avgNanos=203467259
zil-additional-service  | 2026-05-04T14:42:57.489Z  INFO 1 --- [zil-additional-service] [   scheduling-1] r.a.observability.ObservabilityService   : LAB9 Observability window=1m category=web.additional.availability_new count=2146 sumNanos=859436770767 avgNanos=400483117
zil-additional-service  | 2026-05-04T14:42:57.489Z  INFO 1 --- [zil-additional-service] [   scheduling-1] r.a.observability.ObservabilityService   : LAB9 Observability window=1m category=additional.statsComputation.availability.allCitiesAllDates count=2146 sumNanos=1129954231 avgNanos=526539
zil-additional-service  | 2026-05-04T14:43:02.514Z  INFO 1 --- [zil-additional-service] [   scheduling-1] r.a.observability.ObservabilityService   : LAB9 Observability window=10s category=additional.statsComputation.stats count=21 sumNanos=189959 avgNanos=9045
zil-additional-service  | 2026-05-04T14:43:02.518Z  INFO 1 --- [zil-additional-service] [   scheduling-1] r.a.observability.ObservabilityService   : LAB9 Observability window=10s category=web.additional.stats count=21 sumNanos=10735546817 avgNanos=511216515
zil-additional-service  | 2026-05-04T14:43:02.519Z  INFO 1 --- [zil-additional-service] [   scheduling-1] r.a.observability.ObservabilityService   : LAB9 Observability window=10s category=http.main.clients count=21 sumNanos=3806277977 avgNanos=181251332
zil-additional-service  | 2026-05-04T14:43:02.521Z  INFO 1 --- [zil-additional-service] [   scheduling-1] r.a.observability.ObservabilityService   : LAB9 Observability window=10s category=http.main.rents count=457 sumNanos=76590199730 avgNanos=167593434
zil-additional-service  | 2026-05-04T14:43:02.521Z  INFO 1 --- [zil-additional-service] [   scheduling-1] r.a.observability.ObservabilityService   : LAB9 Observability window=10s category=http.main.cars count=458 sumNanos=76473757891 avgNanos=166973270
zil-additional-service  | 2026-05-04T14:43:02.521Z  INFO 1 --- [zil-additional-service] [   scheduling-1] r.a.observability.ObservabilityService   : LAB9 Observability window=10s category=web.additional.availability_new count=436 sumNanos=146492078870 avgNanos=335991006
zil-additional-service  | 2026-05-04T14:43:02.523Z  INFO 1 --- [zil-additional-service] [   scheduling-1] r.a.observability.ObservabilityService   : LAB9 Observability window=10s category=additional.statsComputation.availability.allCitiesAllDates count=436 sumNanos=178843270 avgNanos=410190
zil-additional-service  | 2026-05-04T14:43:02.526Z  INFO 1 --- [zil-additional-service] [   scheduling-1] r.a.observability.ObservabilityService   : LAB9 Observability window=30s category=additional.statsComputation.stats count=66 sumNanos=321824 avgNanos=4876
zil-additional-service  | 2026-05-04T14:43:02.528Z  INFO 1 --- [zil-additional-service] [   scheduling-1] r.a.observability.ObservabilityService   : LAB9 Observability window=30s category=web.additional.stats count=66 sumNanos=34513846696 avgNanos=522937071
zil-additional-service  | 2026-05-04T14:43:02.529Z  INFO 1 --- [zil-additional-service] [   scheduling-1] r.a.observability.ObservabilityService   : LAB9 Observability window=30s category=http.main.clients count=66 sumNanos=12680142002 avgNanos=192123363
zil-additional-service  | 2026-05-04T14:43:02.534Z  INFO 1 --- [zil-additional-service] [   scheduling-1] r.a.observability.ObservabilityService   : LAB9 Observability window=30s category=http.main.rents count=1377 sumNanos=228906613108 avgNanos=166235739
zil-additional-service  | 2026-05-04T14:43:02.534Z  INFO 1 --- [zil-additional-service] [   scheduling-1] r.a.observability.ObservabilityService   : LAB9 Observability window=30s category=http.main.cars count=1376 sumNanos=227089412360 avgNanos=165035910
zil-additional-service  | 2026-05-04T14:43:02.534Z  INFO 1 --- [zil-additional-service] [   scheduling-1] r.a.observability.ObservabilityService   : LAB9 Observability window=30s category=web.additional.availability_new count=1311 sumNanos=435373451592 avgNanos=332092640
zil-additional-service  | 2026-05-04T14:43:02.535Z  INFO 1 --- [zil-additional-service] [   scheduling-1] r.a.observability.ObservabilityService   : LAB9 Observability window=30s category=additional.statsComputation.availability.allCitiesAllDates count=1311 sumNanos=480933209 avgNanos=366844
zil-additional-service  | 2026-05-04T14:43:02.537Z  INFO 1 --- [zil-additional-service] [   scheduling-1] r.a.observability.ObservabilityService   : LAB9 Observability window=1m category=additional.statsComputation.stats count=118 sumNanos=505116 avgNanos=4280
zil-additional-service  | 2026-05-04T14:43:02.538Z  INFO 1 --- [zil-additional-service] [   scheduling-1] r.a.observability.ObservabilityService   : LAB9 Observability window=1m category=web.additional.stats count=118 sumNanos=72478667909 avgNanos=614225999
zil-additional-service  | 2026-05-04T14:43:02.540Z  INFO 1 --- [zil-additional-service] [   scheduling-1] r.a.observability.ObservabilityService   : LAB9 Observability window=1m category=http.main.clients count=118 sumNanos=25388715353 avgNanos=215158604
zil-additional-service  | 2026-05-04T14:43:02.540Z  INFO 1 --- [zil-additional-service] [   scheduling-1] r.a.observability.ObservabilityService   : LAB9 Observability window=1m category=http.main.rents count=2481 sumNanos=480474876962 avgNanos=193661780
zil-additional-service  | 2026-05-04T14:43:02.548Z  INFO 1 --- [zil-additional-service] [   scheduling-1] r.a.observability.ObservabilityService   : LAB9 Observability window=1m category=http.main.cars count=2486 sumNanos=498868342080 avgNanos=200671094
zil-additional-service  | 2026-05-04T14:43:02.549Z  INFO 1 --- [zil-additional-service] [   scheduling-1] r.a.observability.ObservabilityService   : LAB9 Observability window=1m category=web.additional.availability_new count=2363 sumNanos=934403453773 avgNanos=395431000
zil-additional-service  | 2026-05-04T14:43:02.552Z  INFO 1 --- [zil-additional-service] [   scheduling-1] r.a.observability.ObservabilityService   : LAB9 Observability window=1m category=additional.statsComputation.availability.allCitiesAllDates count=2363 sumNanos=1213366234 avgNanos=513485
zil-additional-service  | 2026-05-04T14:43:07.556Z  INFO 1 --- [zil-additional-service] [   scheduling-1] r.a.observability.ObservabilityService   : LAB9 Observability window=10s category=additional.statsComputation.stats count=25 sumNanos=74712 avgNanos=2988
zil-additional-service  | 2026-05-04T14:43:07.556Z  INFO 1 --- [zil-additional-service] [   scheduling-1] r.a.observability.ObservabilityService   : LAB9 Observability window=10s category=http.main.clients count=24 sumNanos=4456133697 avgNanos=185672237
zil-additional-service  | 2026-05-04T14:43:07.556Z  INFO 1 --- [zil-additional-service] [   scheduling-1] r.a.observability.ObservabilityService   : LAB9 Observability window=10s category=web.additional.stats count=25 sumNanos=13076013968 avgNanos=523040558
zil-additional-service  | 2026-05-04T14:43:07.557Z  INFO 1 --- [zil-additional-service] [   scheduling-1] r.a.observability.ObservabilityService   : LAB9 Observability window=10s category=http.main.rents count=453 sumNanos=76686496264 avgNanos=169285863
zil-additional-service  | 2026-05-04T14:43:07.557Z  INFO 1 --- [zil-additional-service] [   scheduling-1] r.a.observability.ObservabilityService   : LAB9 Observability window=10s category=http.main.cars count=457 sumNanos=76519807042 avgNanos=167439402
zil-additional-service  | 2026-05-04T14:43:07.557Z  INFO 1 --- [zil-additional-service] [   scheduling-1] r.a.observability.ObservabilityService   : LAB9 Observability window=10s category=web.additional.availability_new count=428 sumNanos=144295184281 avgNanos=337138281
zil-additional-service  | 2026-05-04T14:43:07.557Z  INFO 1 --- [zil-additional-service] [   scheduling-1] r.a.observability.ObservabilityService   : LAB9 Observability window=10s category=additional.statsComputation.availability.allCitiesAllDates count=428 sumNanos=164639586 avgNanos=384671
zil-additional-service  | 2026-05-04T14:43:07.557Z  INFO 1 --- [zil-additional-service] [   scheduling-1] r.a.observability.ObservabilityService   : LAB9 Observability window=30s category=additional.statsComputation.stats count=70 sumNanos=331144 avgNanos=4730
zil-additional-service  | 2026-05-04T14:43:07.557Z  INFO 1 --- [zil-additional-service] [   scheduling-1] r.a.observability.ObservabilityService   : LAB9 Observability window=30s category=web.additional.stats count=70 sumNanos=36574073577 avgNanos=522486765
zil-additional-service  | 2026-05-04T14:43:07.557Z  INFO 1 --- [zil-additional-service] [   scheduling-1] r.a.observability.ObservabilityService   : LAB9 Observability window=30s category=http.main.clients count=70 sumNanos=13474787261 avgNanos=192496960
zil-additional-service  | 2026-05-04T14:43:07.557Z  INFO 1 --- [zil-additional-service] [   scheduling-1] r.a.observability.ObservabilityService   : LAB9 Observability window=30s category=http.main.rents count=1374 sumNanos=229042615133 avgNanos=166697682
zil-additional-service  | 2026-05-04T14:43:07.557Z  INFO 1 --- [zil-additional-service] [   scheduling-1] r.a.observability.ObservabilityService   : LAB9 Observability window=30s category=http.main.cars count=1380 sumNanos=226070715413 avgNanos=163819358
zil-additional-service  | 2026-05-04T14:43:07.557Z  INFO 1 --- [zil-additional-service] [   scheduling-1] r.a.observability.ObservabilityService   : LAB9 Observability window=30s category=web.additional.availability_new count=1304 sumNanos=432116191952 avgNanos=331377447
zil-additional-service  | 2026-05-04T14:43:07.557Z  INFO 1 --- [zil-additional-service] [   scheduling-1] r.a.observability.ObservabilityService   : LAB9 Observability window=30s category=additional.statsComputation.availability.allCitiesAllDates count=1304 sumNanos=469770586 avgNanos=360253
zil-additional-service  | 2026-05-04T14:43:07.568Z  INFO 1 --- [zil-additional-service] [   scheduling-1] r.a.observability.ObservabilityService   : LAB9 Observability window=1m category=additional.statsComputation.stats count=129 sumNanos=487427 avgNanos=3778
zil-additional-service  | 2026-05-04T14:43:07.607Z  INFO 1 --- [zil-additional-service] [   scheduling-1] r.a.observability.ObservabilityService   : LAB9 Observability window=1m category=http.main.clients count=128 sumNanos=25502026612 avgNanos=199234582
zil-additional-service  | 2026-05-04T14:43:07.607Z  INFO 1 --- [zil-additional-service] [   scheduling-1] r.a.observability.ObservabilityService   : LAB9 Observability window=1m category=web.additional.stats count=129 sumNanos=72269406893 avgNanos=560227960
zil-additional-service  | 2026-05-04T14:43:07.607Z  INFO 1 --- [zil-additional-service] [   scheduling-1] r.a.observability.ObservabilityService   : LAB9 Observability window=1m category=http.main.rents count=2637 sumNanos=473755293295 avgNanos=179656918
zil-additional-service  | 2026-05-04T14:43:07.608Z  INFO 1 --- [zil-additional-service] [   scheduling-1] r.a.observability.ObservabilityService   : LAB9 Observability window=1m category=http.main.cars count=2637 sumNanos=454830467791 avgNanos=172480268
zil-additional-service  | 2026-05-04T14:43:07.608Z  INFO 1 --- [zil-additional-service] [   scheduling-1] r.a.observability.ObservabilityService   : LAB9 Observability window=1m category=web.additional.availability_new count=2508 sumNanos=885935281031 avgNanos=353243732
zil-additional-service  | 2026-05-04T14:43:07.608Z  INFO 1 --- [zil-additional-service] [   scheduling-1] r.a.observability.ObservabilityService   : LAB9 Observability window=1m category=additional.statsComputation.availability.allCitiesAllDates count=2508 sumNanos=1027743125 avgNanos=409785
zil-additional-service  | 2026-05-04T14:43:12.611Z  INFO 1 --- [zil-additional-service] [   scheduling-1] r.a.observability.ObservabilityService   : LAB9 Observability window=10s category=additional.statsComputation.stats count=22 sumNanos=62465 avgNanos=2839
zil-additional-service  | 2026-05-04T14:43:12.611Z  INFO 1 --- [zil-additional-service] [   scheduling-1] r.a.observability.ObservabilityService   : LAB9 Observability window=10s category=web.additional.stats count=22 sumNanos=11155229456 avgNanos=507055884
zil-additional-service  | 2026-05-04T14:43:12.612Z  INFO 1 --- [zil-additional-service] [   scheduling-1] r.a.observability.ObservabilityService   : LAB9 Observability window=10s category=http.main.clients count=22 sumNanos=4017896985 avgNanos=182631681
zil-additional-service  | 2026-05-04T14:43:12.613Z  INFO 1 --- [zil-additional-service] [   scheduling-1] r.a.observability.ObservabilityService   : LAB9 Observability window=10s category=http.main.rents count=466 sumNanos=76158827326 avgNanos=163430959
zil-additional-service  | 2026-05-04T14:43:12.613Z  INFO 1 --- [zil-additional-service] [   scheduling-1] r.a.observability.ObservabilityService   : LAB9 Observability window=10s category=http.main.cars count=467 sumNanos=75261103353 avgNanos=161158679
zil-additional-service  | 2026-05-04T14:43:12.613Z  INFO 1 --- [zil-additional-service] [   scheduling-1] r.a.observability.ObservabilityService   : LAB9 Observability window=10s category=web.additional.availability_new count=444 sumNanos=144643739832 avgNanos=325774188
zil-additional-service  | 2026-05-04T14:43:12.613Z  INFO 1 --- [zil-additional-service] [   scheduling-1] r.a.observability.ObservabilityService   : LAB9 Observability window=10s category=additional.statsComputation.availability.allCitiesAllDates count=444 sumNanos=215345236 avgNanos=485011
zil-additional-service  | 2026-05-04T14:43:12.614Z  INFO 1 --- [zil-additional-service] [   scheduling-1] r.a.observability.ObservabilityService   : LAB9 Observability window=30s category=additional.statsComputation.stats count=71 sumNanos=333915 avgNanos=4703
zil-additional-service  | 2026-05-04T14:43:12.614Z  INFO 1 --- [zil-additional-service] [   scheduling-1] r.a.observability.ObservabilityService   : LAB9 Observability window=30s category=web.additional.stats count=71 sumNanos=36737368176 avgNanos=517427720
zil-additional-service  | 2026-05-04T14:43:12.614Z  INFO 1 --- [zil-additional-service] [   scheduling-1] r.a.observability.ObservabilityService   : LAB9 Observability window=30s category=http.main.clients count=71 sumNanos=13476949075 avgNanos=189816184
zil-additional-service  | 2026-05-04T14:43:12.614Z  INFO 1 --- [zil-additional-service] [   scheduling-1] r.a.observability.ObservabilityService   : LAB9 Observability window=30s category=http.main.rents count=1374 sumNanos=229910908404 avgNanos=167329627
zil-additional-service  | 2026-05-04T14:43:12.614Z  INFO 1 --- [zil-additional-service] [   scheduling-1] r.a.observability.ObservabilityService   : LAB9 Observability window=30s category=http.main.cars count=1379 sumNanos=225700685419 avgNanos=163669822
zil-additional-service  | 2026-05-04T14:43:12.614Z  INFO 1 --- [zil-additional-service] [   scheduling-1] r.a.observability.ObservabilityService   : LAB9 Observability window=30s category=web.additional.availability_new count=1303 sumNanos=432837301846 avgNanos=332185189
zil-additional-service  | 2026-05-04T14:43:12.614Z  INFO 1 --- [zil-additional-service] [   scheduling-1] r.a.observability.ObservabilityService   : LAB9 Observability window=30s category=additional.statsComputation.availability.allCitiesAllDates count=1303 sumNanos=546461381 avgNanos=419387
zil-additional-service  | 2026-05-04T14:43:12.616Z  INFO 1 --- [zil-additional-service] [   scheduling-1] r.a.observability.ObservabilityService   : LAB9 Observability window=1m category=additional.statsComputation.stats count=129 sumNanos=495532 avgNanos=3841
zil-additional-service  | 2026-05-04T14:43:12.616Z  INFO 1 --- [zil-additional-service] [   scheduling-1] r.a.observability.ObservabilityService   : LAB9 Observability window=1m category=web.additional.stats count=129 sumNanos=69074763431 avgNanos=535463282
zil-additional-service  | 2026-05-04T14:43:12.616Z  INFO 1 --- [zil-additional-service] [   scheduling-1] r.a.observability.ObservabilityService   : LAB9 Observability window=1m category=http.main.clients count=128 sumNanos=24981969993 avgNanos=195171640
zil-additional-service  | 2026-05-04T14:43:12.616Z  INFO 1 --- [zil-additional-service] [   scheduling-1] r.a.observability.ObservabilityService   : LAB9 Observability window=1m category=http.main.rents count=2718 sumNanos=464727638273 avgNanos=170981471
zil-additional-service  | 2026-05-04T14:43:12.617Z  INFO 1 --- [zil-additional-service] [   scheduling-1] r.a.observability.ObservabilityService   : LAB9 Observability window=1m category=http.main.cars count=2719 sumNanos=453948119017 avgNanos=166954070
zil-additional-service  | 2026-05-04T14:43:12.617Z  INFO 1 --- [zil-additional-service] [   scheduling-1] r.a.observability.ObservabilityService   : LAB9 Observability window=1m category=web.additional.availability_new count=2589 sumNanos=877502236308 avgNanos=338934815
zil-additional-service  | 2026-05-04T14:43:12.617Z  INFO 1 --- [zil-additional-service] [   scheduling-1] r.a.observability.ObservabilityService   : LAB9 Observability window=1m category=additional.statsComputation.availability.allCitiesAllDates count=2589 sumNanos=1073073240 avgNanos=414474
zil-additional-service  | 2026-05-04T14:43:17.618Z  INFO 1 --- [zil-additional-service] [   scheduling-1] r.a.observability.ObservabilityService   : LAB9 Observability window=10s category=additional.statsComputation.stats count=21 sumNanos=73139 avgNanos=3482
zil-additional-service  | 2026-05-04T14:43:17.618Z  INFO 1 --- [zil-additional-service] [   scheduling-1] r.a.observability.ObservabilityService   : LAB9 Observability window=10s category=web.additional.stats count=21 sumNanos=11282281190 avgNanos=537251485
zil-additional-service  | 2026-05-04T14:43:17.618Z  INFO 1 --- [zil-additional-service] [   scheduling-1] r.a.observability.ObservabilityService   : LAB9 Observability window=10s category=http.main.clients count=23 sumNanos=4578425308 avgNanos=199061969
zil-additional-service  | 2026-05-04T14:43:17.619Z  INFO 1 --- [zil-additional-service] [   scheduling-1] r.a.observability.ObservabilityService   : LAB9 Observability window=10s category=http.main.rents count=459 sumNanos=77281173619 avgNanos=168368569
zil-additional-service  | 2026-05-04T14:43:17.619Z  INFO 1 --- [zil-additional-service] [   scheduling-1] r.a.observability.ObservabilityService   : LAB9 Observability window=10s category=http.main.cars count=462 sumNanos=74343892070 avgNanos=160917515
zil-additional-service  | 2026-05-04T14:43:17.619Z  INFO 1 --- [zil-additional-service] [   scheduling-1] r.a.observability.ObservabilityService   : LAB9 Observability window=10s category=web.additional.availability_new count=439 sumNanos=144995756675 avgNanos=330286461
zil-additional-service  | 2026-05-04T14:43:17.619Z  INFO 1 --- [zil-additional-service] [   scheduling-1] r.a.observability.ObservabilityService   : LAB9 Observability window=10s category=additional.statsComputation.availability.allCitiesAllDates count=439 sumNanos=173283699 avgNanos=394723
zil-additional-service  | 2026-05-04T14:43:17.619Z  INFO 1 --- [zil-additional-service] [   scheduling-1] r.a.observability.ObservabilityService   : LAB9 Observability window=30s category=additional.statsComputation.stats count=74 sumNanos=351474 avgNanos=4749
zil-additional-service  | 2026-05-04T14:43:17.619Z  INFO 1 --- [zil-additional-service] [   scheduling-1] r.a.observability.ObservabilityService   : LAB9 Observability window=30s category=web.additional.stats count=74 sumNanos=38735074057 avgNanos=523446946
zil-additional-service  | 2026-05-04T14:43:17.619Z  INFO 1 --- [zil-additional-service] [   scheduling-1] r.a.observability.ObservabilityService   : LAB9 Observability window=30s category=http.main.clients count=76 sumNanos=14580063089 avgNanos=191842935
zil-additional-service  | 2026-05-04T14:43:17.619Z  INFO 1 --- [zil-additional-service] [   scheduling-1] r.a.observability.ObservabilityService   : LAB9 Observability window=30s category=http.main.rents count=1376 sumNanos=230928436857 avgNanos=167825898
zil-additional-service  | 2026-05-04T14:43:17.619Z  INFO 1 --- [zil-additional-service] [   scheduling-1] r.a.observability.ObservabilityService   : LAB9 Observability window=30s category=http.main.cars count=1376 sumNanos=224690582870 avgNanos=163292574
zil-additional-service  | 2026-05-04T14:43:17.619Z  INFO 1 --- [zil-additional-service] [   scheduling-1] r.a.observability.ObservabilityService   : LAB9 Observability window=30s category=web.additional.availability_new count=1302 sumNanos=432316611126 avgNanos=332040407
zil-additional-service  | 2026-05-04T14:43:17.619Z  INFO 1 --- [zil-additional-service] [   scheduling-1] r.a.observability.ObservabilityService   : LAB9 Observability window=30s category=additional.statsComputation.availability.allCitiesAllDates count=1302 sumNanos=492159169 avgNanos=378002
zil-additional-service  | 2026-05-04T14:43:17.620Z  INFO 1 --- [zil-additional-service] [   scheduling-1] r.a.observability.ObservabilityService   : LAB9 Observability window=1m category=additional.statsComputation.stats count=131 sumNanos=519424 avgNanos=3965
zil-additional-service  | 2026-05-04T14:43:17.631Z  INFO 1 --- [zil-additional-service] [   scheduling-1] r.a.observability.ObservabilityService   : LAB9 Observability window=1m category=web.additional.stats count=131 sumNanos=69453187692 avgNanos=530177005
zil-additional-service  | 2026-05-04T14:43:17.632Z  INFO 1 --- [zil-additional-service] [   scheduling-1] r.a.observability.ObservabilityService   : LAB9 Observability window=1m category=http.main.clients count=133 sumNanos=25906627069 avgNanos=194786669
zil-additional-service  | 2026-05-04T14:43:17.632Z  INFO 1 --- [zil-additional-service] [   scheduling-1] r.a.observability.ObservabilityService   : LAB9 Observability window=1m category=http.main.rents count=2744 sumNanos=461231684594 avgNanos=168087348
zil-additional-service  | 2026-05-04T14:43:17.633Z  INFO 1 --- [zil-additional-service] [   scheduling-1] r.a.observability.ObservabilityService   : LAB9 Observability window=1m category=http.main.cars count=2744 sumNanos=452210407998 avgNanos=164799711
zil-additional-service  | 2026-05-04T14:43:17.633Z  INFO 1 --- [zil-additional-service] [   scheduling-1] r.a.observability.ObservabilityService   : LAB9 Observability window=1m category=web.additional.availability_new count=2612 sumNanos=871887397524 avgNanos=333800688
zil-additional-service  | 2026-05-04T14:43:17.633Z  INFO 1 --- [zil-additional-service] [   scheduling-1] r.a.observability.ObservabilityService   : LAB9 Observability window=1m category=additional.statsComputation.availability.allCitiesAllDates count=2612 sumNanos=1030141559 avgNanos=394388
zil-additional-service  | 2026-05-04T14:43:22.635Z  INFO 1 --- [zil-additional-service] [   scheduling-1] r.a.observability.ObservabilityService   : LAB9 Observability window=10s category=additional.statsComputation.stats count=25 sumNanos=84100 avgNanos=3364
zil-additional-service  | 2026-05-04T14:43:22.635Z  INFO 1 --- [zil-additional-service] [   scheduling-1] r.a.observability.ObservabilityService   : LAB9 Observability window=10s category=web.additional.stats count=25 sumNanos=13563565763 avgNanos=542542630
zil-additional-service  | 2026-05-04T14:43:22.635Z  INFO 1 --- [zil-additional-service] [   scheduling-1] r.a.observability.ObservabilityService   : LAB9 Observability window=10s category=http.main.clients count=25 sumNanos=4965088308 avgNanos=198603532
zil-additional-service  | 2026-05-04T14:43:22.635Z  INFO 1 --- [zil-additional-service] [   scheduling-1] r.a.observability.ObservabilityService   : LAB9 Observability window=10s category=http.main.rents count=460 sumNanos=78502517723 avgNanos=170657647
zil-additional-service  | 2026-05-04T14:43:22.635Z  INFO 1 --- [zil-additional-service] [   scheduling-1] r.a.observability.ObservabilityService   : LAB9 Observability window=10s category=http.main.cars count=458 sumNanos=74636994788 avgNanos=162962870
zil-additional-service  | 2026-05-04T14:43:22.635Z  INFO 1 --- [zil-additional-service] [   scheduling-1] r.a.observability.ObservabilityService   : LAB9 Observability window=10s category=web.additional.availability_new count=436 sumNanos=145383494328 avgNanos=333448381
zil-additional-service  | 2026-05-04T14:43:22.635Z  INFO 1 --- [zil-additional-service] [   scheduling-1] r.a.observability.ObservabilityService   : LAB9 Observability window=10s category=additional.statsComputation.availability.allCitiesAllDates count=436 sumNanos=98371418 avgNanos=225622
zil-additional-service  | 2026-05-04T14:43:22.636Z  INFO 1 --- [zil-additional-service] [   scheduling-1] r.a.observability.ObservabilityService   : LAB9 Observability window=30s category=additional.statsComputation.stats count=68 sumNanos=336524 avgNanos=4948
zil-additional-service  | 2026-05-04T14:43:22.636Z  INFO 1 --- [zil-additional-service] [   scheduling-1] r.a.observability.ObservabilityService   : LAB9 Observability window=30s category=web.additional.stats count=68 sumNanos=35454342036 avgNanos=521387382
zil-additional-service  | 2026-05-04T14:43:22.636Z  INFO 1 --- [zil-additional-service] [   scheduling-1] r.a.observability.ObservabilityService   : LAB9 Observability window=30s category=http.main.clients count=69 sumNanos=13022876594 avgNanos=188737341
zil-additional-service  | 2026-05-04T14:43:22.636Z  INFO 1 --- [zil-additional-service] [   scheduling-1] r.a.observability.ObservabilityService   : LAB9 Observability window=30s category=http.main.rents count=1384 sumNanos=231411163371 avgNanos=167204597
zil-additional-service  | 2026-05-04T14:43:22.636Z  INFO 1 --- [zil-additional-service] [   scheduling-1] r.a.observability.ObservabilityService   : LAB9 Observability window=30s category=http.main.cars count=1384 sumNanos=226264109936 avgNanos=163485628
zil-additional-service  | 2026-05-04T14:43:22.636Z  INFO 1 --- [zil-additional-service] [   scheduling-1] r.a.observability.ObservabilityService   : LAB9 Observability window=30s category=web.additional.availability_new count=1316 sumNanos=436416606807 avgNanos=331623561
zil-additional-service  | 2026-05-04T14:43:22.636Z  INFO 1 --- [zil-additional-service] [   scheduling-1] r.a.observability.ObservabilityService   : LAB9 Observability window=30s category=additional.statsComputation.availability.allCitiesAllDates count=1316 sumNanos=490147555 avgNanos=372452
zil-additional-service  | 2026-05-04T14:43:22.636Z  INFO 1 --- [zil-additional-service] [   scheduling-1] r.a.observability.ObservabilityService   : LAB9 Observability window=1m category=additional.statsComputation.stats count=133 sumNanos=522433 avgNanos=3928
zil-additional-service  | 2026-05-04T14:43:22.636Z  INFO 1 --- [zil-additional-service] [   scheduling-1] r.a.observability.ObservabilityService   : LAB9 Observability window=1m category=web.additional.stats count=133 sumNanos=69984687725 avgNanos=526200659
zil-additional-service  | 2026-05-04T14:43:22.639Z  INFO 1 --- [zil-additional-service] [   scheduling-1] r.a.observability.ObservabilityService   : LAB9 Observability window=1m category=http.main.clients count=134 sumNanos=25869596536 avgNanos=193056690
zil-additional-service  | 2026-05-04T14:43:22.639Z  INFO 1 --- [zil-additional-service] [   scheduling-1] r.a.observability.ObservabilityService   : LAB9 Observability window=1m category=http.main.rents count=2751 sumNanos=460822884192 avgNanos=167511044
zil-additional-service  | 2026-05-04T14:43:22.647Z  INFO 1 --- [zil-additional-service] [   scheduling-1] r.a.observability.ObservabilityService   : LAB9 Observability window=1m category=http.main.cars count=2754 sumNanos=452852514690 avgNanos=164434464
zil-additional-service  | 2026-05-04T14:43:22.648Z  INFO 1 --- [zil-additional-service] [   scheduling-1] r.a.observability.ObservabilityService   : LAB9 Observability window=1m category=web.additional.availability_new count=2618 sumNanos=871155180662 avgNanos=332755989
zil-additional-service  | 2026-05-04T14:43:22.648Z  INFO 1 --- [zil-additional-service] [   scheduling-1] r.a.observability.ObservabilityService   : LAB9 Observability window=1m category=additional.statsComputation.availability.allCitiesAllDates count=2618 sumNanos=1011705398 avgNanos=386442
zil-additional-service  | 2026-05-04T14:43:27.650Z  INFO 1 --- [zil-additional-service] [   scheduling-1] r.a.observability.ObservabilityService   : LAB9 Observability window=10s category=additional.statsComputation.stats count=22 sumNanos=62314 avgNanos=2832
zil-additional-service  | 2026-05-04T14:43:27.650Z  INFO 1 --- [zil-additional-service] [   scheduling-1] r.a.observability.ObservabilityService   : LAB9 Observability window=10s category=http.main.clients count=20 sumNanos=3584227309 avgNanos=179211365
zil-additional-service  | 2026-05-04T14:43:27.652Z  INFO 1 --- [zil-additional-service] [   scheduling-1] r.a.observability.ObservabilityService   : LAB9 Observability window=10s category=web.additional.stats count=22 sumNanos=11726286758 avgNanos=533013034
zil-additional-service  | 2026-05-04T14:43:27.653Z  INFO 1 --- [zil-additional-service] [   scheduling-1] r.a.observability.ObservabilityService   : LAB9 Observability window=10s category=http.main.rents count=467 sumNanos=75492804296 avgNanos=161654827
zil-additional-service  | 2026-05-04T14:43:27.653Z  INFO 1 --- [zil-additional-service] [   scheduling-1] r.a.observability.ObservabilityService   : LAB9 Observability window=10s category=http.main.cars count=469 sumNanos=76459843252 avgNanos=163027384
zil-additional-service  | 2026-05-04T14:43:27.654Z  INFO 1 --- [zil-additional-service] [   scheduling-1] r.a.observability.ObservabilityService   : LAB9 Observability window=10s category=web.additional.availability_new count=445 sumNanos=144288874310 avgNanos=324244661
zil-additional-service  | 2026-05-04T14:43:27.654Z  INFO 1 --- [zil-additional-service] [   scheduling-1] r.a.observability.ObservabilityService   : LAB9 Observability window=10s category=additional.statsComputation.availability.allCitiesAllDates count=445 sumNanos=104804884 avgNanos=235516
zil-additional-service  | 2026-05-04T14:43:27.655Z  INFO 1 --- [zil-additional-service] [   scheduling-1] r.a.observability.ObservabilityService   : LAB9 Observability window=30s category=additional.statsComputation.stats count=67 sumNanos=207007 avgNanos=3089
zil-additional-service  | 2026-05-04T14:43:27.655Z  INFO 1 --- [zil-additional-service] [   scheduling-1] r.a.observability.ObservabilityService   : LAB9 Observability window=30s category=web.additional.stats count=67 sumNanos=35489240813 avgNanos=529690161
zil-additional-service  | 2026-05-04T14:43:27.659Z  INFO 1 --- [zil-additional-service] [   scheduling-1] r.a.observability.ObservabilityService   : LAB9 Observability window=30s category=http.main.clients count=67 sumNanos=12618786314 avgNanos=188340094
zil-additional-service  | 2026-05-04T14:43:27.659Z  INFO 1 --- [zil-additional-service] [   scheduling-1] r.a.observability.ObservabilityService   : LAB9 Observability window=30s category=http.main.rents count=1386 sumNanos=230750035793 avgNanos=166486317
zil-additional-service  | 2026-05-04T14:43:27.660Z  INFO 1 --- [zil-additional-service] [   scheduling-1] r.a.observability.ObservabilityService   : LAB9 Observability window=30s category=http.main.cars count=1387 sumNanos=227260938246 avgNanos=163850712
zil-additional-service  | 2026-05-04T14:43:27.660Z  INFO 1 --- [zil-additional-service] [   scheduling-1] r.a.observability.ObservabilityService   : LAB9 Observability window=30s category=web.additional.availability_new count=1319 sumNanos=436131125209 avgNanos=330652862
zil-additional-service  | 2026-05-04T14:43:27.660Z  INFO 1 --- [zil-additional-service] [   scheduling-1] r.a.observability.ObservabilityService   : LAB9 Observability window=30s category=additional.statsComputation.availability.allCitiesAllDates count=1319 sumNanos=456969726 avgNanos=346451
zil-additional-service  | 2026-05-04T14:43:27.660Z  INFO 1 --- [zil-additional-service] [   scheduling-1] r.a.observability.ObservabilityService   : LAB9 Observability window=1m category=additional.statsComputation.stats count=133 sumNanos=524344 avgNanos=3942
zil-additional-service  | 2026-05-04T14:43:27.660Z  INFO 1 --- [zil-additional-service] [   scheduling-1] r.a.observability.ObservabilityService   : LAB9 Observability window=1m category=web.additional.stats count=133 sumNanos=70278380996 avgNanos=528408879
zil-additional-service  | 2026-05-04T14:43:27.660Z  INFO 1 --- [zil-additional-service] [   scheduling-1] r.a.observability.ObservabilityService   : LAB9 Observability window=1m category=http.main.clients count=133 sumNanos=25589499425 avgNanos=192402251
zil-additional-service  | 2026-05-04T14:43:27.660Z  INFO 1 --- [zil-additional-service] [   scheduling-1] r.a.observability.ObservabilityService   : LAB9 Observability window=1m category=http.main.rents count=2756 sumNanos=458965028877 avgNanos=166533029
zil-additional-service  | 2026-05-04T14:43:27.660Z  INFO 1 --- [zil-additional-service] [   scheduling-1] r.a.observability.ObservabilityService   : LAB9 Observability window=1m category=http.main.cars count=2758 sumNanos=453537723010 avgNanos=164444424
zil-additional-service  | 2026-05-04T14:43:27.660Z  INFO 1 --- [zil-additional-service] [   scheduling-1] r.a.observability.ObservabilityService   : LAB9 Observability window=1m category=web.additional.availability_new count=2623 sumNanos=869753283398 avgNanos=331587222
zil-additional-service  | 2026-05-04T14:43:27.660Z  INFO 1 --- [zil-additional-service] [   scheduling-1] r.a.observability.ObservabilityService   : LAB9 Observability window=1m category=additional.statsComputation.availability.allCitiesAllDates count=2623 sumNanos=938573321 avgNanos=357824
zil-additional-service  | 2026-05-04T14:43:32.667Z  INFO 1 --- [zil-additional-service] [   scheduling-1] r.a.observability.ObservabilityService   : LAB9 Observability window=10s category=additional.statsComputation.stats count=28 sumNanos=79961 avgNanos=2855
zil-additional-service  | 2026-05-04T14:43:32.667Z  INFO 1 --- [zil-additional-service] [   scheduling-1] r.a.observability.ObservabilityService   : LAB9 Observability window=10s category=http.main.clients count=28 sumNanos=5189660476 avgNanos=185345017
zil-additional-service  | 2026-05-04T14:43:32.667Z  INFO 1 --- [zil-additional-service] [   scheduling-1] r.a.observability.ObservabilityService   : LAB9 Observability window=10s category=web.additional.stats count=28 sumNanos=14988164905 avgNanos=535291603
zil-additional-service  | 2026-05-04T14:43:32.667Z  INFO 1 --- [zil-additional-service] [   scheduling-1] r.a.observability.ObservabilityService   : LAB9 Observability window=10s category=http.main.rents count=462 sumNanos=75956915598 avgNanos=164408908
zil-additional-service  | 2026-05-04T14:43:32.667Z  INFO 1 --- [zil-additional-service] [   scheduling-1] r.a.observability.ObservabilityService   : LAB9 Observability window=10s category=http.main.cars count=458 sumNanos=75879174817 avgNanos=165675054
zil-additional-service  | 2026-05-04T14:43:32.667Z  INFO 1 --- [zil-additional-service] [   scheduling-1] r.a.observability.ObservabilityService   : LAB9 Observability window=10s category=web.additional.availability_new count=435 sumNanos=143314112921 avgNanos=329457730
zil-additional-service  | 2026-05-04T14:43:32.667Z  INFO 1 --- [zil-additional-service] [   scheduling-1] r.a.observability.ObservabilityService   : LAB9 Observability window=10s category=additional.statsComputation.availability.allCitiesAllDates count=435 sumNanos=141273321 avgNanos=324766
zil-additional-service  | 2026-05-04T14:43:32.668Z  INFO 1 --- [zil-additional-service] [   scheduling-1] r.a.observability.ObservabilityService   : LAB9 Observability window=30s category=additional.statsComputation.stats count=75 sumNanos=226526 avgNanos=3020
zil-additional-service  | 2026-05-04T14:43:32.668Z  INFO 1 --- [zil-additional-service] [   scheduling-1] r.a.observability.ObservabilityService   : LAB9 Observability window=30s category=web.additional.stats count=75 sumNanos=39706960124 avgNanos=529426134
zil-additional-service  | 2026-05-04T14:43:32.668Z  INFO 1 --- [zil-additional-service] [   scheduling-1] r.a.observability.ObservabilityService   : LAB9 Observability window=30s category=http.main.clients count=76 sumNanos=14406259093 avgNanos=189556040
zil-additional-service  | 2026-05-04T14:43:32.668Z  INFO 1 --- [zil-additional-service] [   scheduling-1] r.a.observability.ObservabilityService   : LAB9 Observability window=30s category=http.main.rents count=1387 sumNanos=230501037230 avgNanos=166186760
zil-additional-service  | 2026-05-04T14:43:32.668Z  INFO 1 --- [zil-additional-service] [   scheduling-1] r.a.observability.ObservabilityService   : LAB9 Observability window=30s category=http.main.cars count=1385 sumNanos=226106067837 avgNanos=163253478
zil-additional-service  | 2026-05-04T14:43:32.668Z  INFO 1 --- [zil-additional-service] [   scheduling-1] r.a.observability.ObservabilityService   : LAB9 Observability window=30s category=web.additional.availability_new count=1312 sumNanos=432364675058 avgNanos=329546246
zil-additional-service  | 2026-05-04T14:43:32.668Z  INFO 1 --- [zil-additional-service] [   scheduling-1] r.a.observability.ObservabilityService   : LAB9 Observability window=30s category=additional.statsComputation.availability.allCitiesAllDates count=1312 sumNanos=454665336 avgNanos=346543
zil-additional-service  | 2026-05-04T14:43:32.671Z  INFO 1 --- [zil-additional-service] [   scheduling-1] r.a.observability.ObservabilityService   : LAB9 Observability window=1m category=additional.statsComputation.stats count=141 sumNanos=548350 avgNanos=3889
zil-additional-service  | 2026-05-04T14:43:32.671Z  INFO 1 --- [zil-additional-service] [   scheduling-1] r.a.observability.ObservabilityService   : LAB9 Observability window=1m category=web.additional.stats count=141 sumNanos=74220806820 avgNanos=526388700
zil-additional-service  | 2026-05-04T14:43:32.676Z  INFO 1 --- [zil-additional-service] [   scheduling-1] r.a.observability.ObservabilityService   : LAB9 Observability window=1m category=http.main.clients count=142 sumNanos=27086401095 avgNanos=190749303
zil-additional-service  | 2026-05-04T14:43:32.677Z  INFO 1 --- [zil-additional-service] [   scheduling-1] r.a.observability.ObservabilityService   : LAB9 Observability window=1m category=http.main.rents count=2762 sumNanos=459162464701 avgNanos=166242746
zil-additional-service  | 2026-05-04T14:43:32.677Z  INFO 1 --- [zil-additional-service] [   scheduling-1] r.a.observability.ObservabilityService   : LAB9 Observability window=1m category=http.main.cars count=2762 sumNanos=453288484665 avgNanos=164116033
zil-additional-service  | 2026-05-04T14:43:32.677Z  INFO 1 --- [zil-additional-service] [   scheduling-1] r.a.observability.ObservabilityService   : LAB9 Observability window=1m category=web.additional.availability_new count=2621 sumNanos=867306488461 avgNanos=330906710
zil-additional-service  | 2026-05-04T14:43:32.677Z  INFO 1 --- [zil-additional-service] [   scheduling-1] r.a.observability.ObservabilityService   : LAB9 Observability window=1m category=additional.statsComputation.availability.allCitiesAllDates count=2621 sumNanos=935442938 avgNanos=356903
zil-additional-service  | 2026-05-04T14:43:37.681Z  INFO 1 --- [zil-additional-service] [   scheduling-1] r.a.observability.ObservabilityService   : LAB9 Observability window=10s category=additional.statsComputation.stats count=26 sumNanos=84835 avgNanos=3262
zil-additional-service  | 2026-05-04T14:43:37.682Z  INFO 1 --- [zil-additional-service] [   scheduling-1] r.a.observability.ObservabilityService   : LAB9 Observability window=10s category=web.additional.stats count=26 sumNanos=13525678356 avgNanos=520218398
zil-additional-service  | 2026-05-04T14:43:37.682Z  INFO 1 --- [zil-additional-service] [   scheduling-1] r.a.observability.ObservabilityService   : LAB9 Observability window=10s category=http.main.clients count=26 sumNanos=4765328884 avgNanos=183281880
zil-additional-service  | 2026-05-04T14:43:37.682Z  INFO 1 --- [zil-additional-service] [   scheduling-1] r.a.observability.ObservabilityService   : LAB9 Observability window=10s category=http.main.rents count=461 sumNanos=75596143187 avgNanos=163982957
zil-additional-service  | 2026-05-04T14:43:37.682Z  INFO 1 --- [zil-additional-service] [   scheduling-1] r.a.observability.ObservabilityService   : LAB9 Observability window=10s category=http.main.cars count=464 sumNanos=75968706969 avgNanos=163725661
zil-additional-service  | 2026-05-04T14:43:37.684Z  INFO 1 --- [zil-additional-service] [   scheduling-1] r.a.observability.ObservabilityService   : LAB9 Observability window=10s category=web.additional.availability_new count=435 sumNanos=142592448175 avgNanos=327798731
zil-additional-service  | 2026-05-04T14:43:37.684Z  INFO 1 --- [zil-additional-service] [   scheduling-1] r.a.observability.ObservabilityService   : LAB9 Observability window=10s category=additional.statsComputation.availability.allCitiesAllDates count=435 sumNanos=149557021 avgNanos=343809
zil-additional-service  | 2026-05-04T14:43:37.687Z  INFO 1 --- [zil-additional-service] [   scheduling-1] r.a.observability.ObservabilityService   : LAB9 Observability window=30s category=additional.statsComputation.stats count=69 sumNanos=220288 avgNanos=3192
zil-additional-service  | 2026-05-04T14:43:37.688Z  INFO 1 --- [zil-additional-service] [   scheduling-1] r.a.observability.ObservabilityService   : LAB9 Observability window=30s category=web.additional.stats count=69 sumNanos=36534246304 avgNanos=529481830
zil-additional-service  | 2026-05-04T14:43:37.689Z  INFO 1 --- [zil-additional-service] [   scheduling-1] r.a.observability.ObservabilityService   : LAB9 Observability window=30s category=http.main.clients count=69 sumNanos=12927981501 avgNanos=187362050
zil-additional-service  | 2026-05-04T14:43:37.689Z  INFO 1 --- [zil-additional-service] [   scheduling-1] r.a.observability.ObservabilityService   : LAB9 Observability window=30s category=http.main.rents count=1390 sumNanos=229118882640 avgNanos=164833728
zil-additional-service  | 2026-05-04T14:43:37.689Z  INFO 1 --- [zil-additional-service] [   scheduling-1] r.a.observability.ObservabilityService   : LAB9 Observability window=30s category=http.main.cars count=1396 sumNanos=226968107381 avgNanos=162584604
zil-additional-service  | 2026-05-04T14:43:37.689Z  INFO 1 --- [zil-additional-service] [   scheduling-1] r.a.observability.ObservabilityService   : LAB9 Observability window=30s category=web.additional.availability_new count=1321 sumNanos=432598903279 avgNanos=327478352
zil-additional-service  | 2026-05-04T14:43:37.690Z  INFO 1 --- [zil-additional-service] [   scheduling-1] r.a.observability.ObservabilityService   : LAB9 Observability window=30s category=additional.statsComputation.availability.allCitiesAllDates count=1321 sumNanos=438094032 avgNanos=331638
zil-additional-service  | 2026-05-04T14:43:37.691Z  INFO 1 --- [zil-additional-service] [   scheduling-1] r.a.observability.ObservabilityService   : LAB9 Observability window=1m category=additional.statsComputation.stats count=139 sumNanos=551432 avgNanos=3967
zil-additional-service  | 2026-05-04T14:43:37.692Z  INFO 1 --- [zil-additional-service] [   scheduling-1] r.a.observability.ObservabilityService   : LAB9 Observability window=1m category=web.additional.stats count=139 sumNanos=73108319881 avgNanos=525959135
zil-additional-service  | 2026-05-04T14:43:37.692Z  INFO 1 --- [zil-additional-service] [   scheduling-1] r.a.observability.ObservabilityService   : LAB9 Observability window=1m category=http.main.clients count=139 sumNanos=26402768762 avgNanos=189947976
zil-additional-service  | 2026-05-04T14:43:37.692Z  INFO 1 --- [zil-additional-service] [   scheduling-1] r.a.observability.ObservabilityService   : LAB9 Observability window=1m category=http.main.rents count=2771 sumNanos=459515693556 avgNanos=165830275
zil-additional-service  | 2026-05-04T14:43:37.693Z  INFO 1 --- [zil-additional-service] [   scheduling-1] r.a.observability.ObservabilityService   : LAB9 Observability window=1m category=http.main.cars count=2772 sumNanos=452503459014 avgNanos=163240786
zil-additional-service  | 2026-05-04T14:43:37.693Z  INFO 1 --- [zil-additional-service] [   scheduling-1] r.a.observability.ObservabilityService   : LAB9 Observability window=1m category=web.additional.availability_new count=2632 sumNanos=867297373393 avgNanos=329520278
zil-additional-service  | 2026-05-04T14:43:37.693Z  INFO 1 --- [zil-additional-service] [   scheduling-1] r.a.observability.ObservabilityService   : LAB9 Observability window=1m category=additional.statsComputation.availability.allCitiesAllDates count=2632 sumNanos=911929581 avgNanos=346477
zil-additional-service  | 2026-05-04T14:43:42.698Z  INFO 1 --- [zil-additional-service] [   scheduling-1] r.a.observability.ObservabilityService   : LAB9 Observability window=10s category=additional.statsComputation.stats count=25 sumNanos=86792 avgNanos=3471
zil-additional-service  | 2026-05-04T14:43:42.700Z  INFO 1 --- [zil-additional-service] [   scheduling-1] r.a.observability.ObservabilityService   : LAB9 Observability window=10s category=web.additional.stats count=25 sumNanos=12648270276 avgNanos=505930811
zil-additional-service  | 2026-05-04T14:43:42.701Z  INFO 1 --- [zil-additional-service] [   scheduling-1] r.a.observability.ObservabilityService   : LAB9 Observability window=10s category=http.main.clients count=25 sumNanos=4637420652 avgNanos=185496826
zil-additional-service  | 2026-05-04T14:43:42.701Z  INFO 1 --- [zil-additional-service] [   scheduling-1] r.a.observability.ObservabilityService   : LAB9 Observability window=10s category=http.main.rents count=463 sumNanos=75583810955 avgNanos=163247971
zil-additional-service  | 2026-05-04T14:43:42.701Z  INFO 1 --- [zil-additional-service] [   scheduling-1] r.a.observability.ObservabilityService   : LAB9 Observability window=10s category=http.main.cars count=463 sumNanos=75730575857 avgNanos=163564958
zil-additional-service  | 2026-05-04T14:43:42.701Z  INFO 1 --- [zil-additional-service] [   scheduling-1] r.a.observability.ObservabilityService   : LAB9 Observability window=10s category=web.additional.availability_new count=437 sumNanos=143349790073 avgNanos=328031556
zil-additional-service  | 2026-05-04T14:43:42.701Z  INFO 1 --- [zil-additional-service] [   scheduling-1] r.a.observability.ObservabilityService   : LAB9 Observability window=10s category=additional.statsComputation.availability.allCitiesAllDates count=437 sumNanos=182519423 avgNanos=417664
zil-additional-service  | 2026-05-04T14:43:42.701Z  INFO 1 --- [zil-additional-service] [   scheduling-1] r.a.observability.ObservabilityService   : LAB9 Observability window=30s category=additional.statsComputation.stats count=79 sumNanos=253478 avgNanos=3208
zil-additional-service  | 2026-05-04T14:43:42.701Z  INFO 1 --- [zil-additional-service] [   scheduling-1] r.a.observability.ObservabilityService   : LAB9 Observability window=30s category=web.additional.stats count=79 sumNanos=41703681461 avgNanos=527894702
zil-additional-service  | 2026-05-04T14:43:42.701Z  INFO 1 --- [zil-additional-service] [   scheduling-1] r.a.observability.ObservabilityService   : LAB9 Observability window=30s category=http.main.clients count=78 sumNanos=14792169436 avgNanos=189643197
zil-additional-service  | 2026-05-04T14:43:42.701Z  INFO 1 --- [zil-additional-service] [   scheduling-1] r.a.observability.ObservabilityService   : LAB9 Observability window=30s category=http.main.rents count=1386 sumNanos=230229713079 avgNanos=166110904
zil-additional-service  | 2026-05-04T14:43:42.701Z  INFO 1 --- [zil-additional-service] [   scheduling-1] r.a.observability.ObservabilityService   : LAB9 Observability window=30s category=http.main.cars count=1382 sumNanos=226722779425 avgNanos=164054109
zil-additional-service  | 2026-05-04T14:43:42.701Z  INFO 1 --- [zil-additional-service] [   scheduling-1] r.a.observability.ObservabilityService   : LAB9 Observability window=30s category=web.additional.availability_new count=1307 sumNanos=431691029759 avgNanos=330291530
zil-additional-service  | 2026-05-04T14:43:42.701Z  INFO 1 --- [zil-additional-service] [   scheduling-1] r.a.observability.ObservabilityService   : LAB9 Observability window=30s category=additional.statsComputation.availability.allCitiesAllDates count=1307 sumNanos=422623596 avgNanos=323353
zil-additional-service  | 2026-05-04T14:43:42.701Z  INFO 1 --- [zil-additional-service] [   scheduling-1] r.a.observability.ObservabilityService   : LAB9 Observability window=1m category=additional.statsComputation.stats count=150 sumNanos=587393 avgNanos=3915
zil-additional-service  | 2026-05-04T14:43:42.701Z  INFO 1 --- [zil-additional-service] [   scheduling-1] r.a.observability.ObservabilityService   : LAB9 Observability window=1m category=web.additional.stats count=150 sumNanos=78441049637 avgNanos=522940330
zil-additional-service  | 2026-05-04T14:43:42.701Z  INFO 1 --- [zil-additional-service] [   scheduling-1] r.a.observability.ObservabilityService   : LAB9 Observability window=1m category=http.main.clients count=150 sumNanos=28502731835 avgNanos=190018212
zil-additional-service  | 2026-05-04T14:43:42.702Z  INFO 1 --- [zil-additional-service] [   scheduling-1] r.a.observability.ObservabilityService   : LAB9 Observability window=1m category=http.main.rents count=2760 sumNanos=460214555464 avgNanos=166744404
zil-additional-service  | 2026-05-04T14:43:42.706Z  INFO 1 --- [zil-additional-service] [   scheduling-1] r.a.observability.ObservabilityService   : LAB9 Observability window=1m category=http.main.cars count=2757 sumNanos=451735967952 avgNanos=163850550
zil-additional-service  | 2026-05-04T14:43:42.706Z  INFO 1 --- [zil-additional-service] [   scheduling-1] r.a.observability.ObservabilityService   : LAB9 Observability window=1m category=web.additional.availability_new count=2610 sumNanos=864673646247 avgNanos=331292584
zil-additional-service  | 2026-05-04T14:43:42.706Z  INFO 1 --- [zil-additional-service] [   scheduling-1] r.a.observability.ObservabilityService   : LAB9 Observability window=1m category=additional.statsComputation.availability.allCitiesAllDates count=2610 sumNanos=969099784 avgNanos=371302
zil-additional-service  | 2026-05-04T14:43:47.707Z  INFO 1 --- [zil-additional-service] [   scheduling-1] r.a.observability.ObservabilityService   : LAB9 Observability window=10s category=additional.statsComputation.stats count=26 sumNanos=81172 avgNanos=3122
zil-additional-service  | 2026-05-04T14:43:47.708Z  INFO 1 --- [zil-additional-service] [   scheduling-1] r.a.observability.ObservabilityService   : LAB9 Observability window=10s category=web.additional.stats count=26 sumNanos=13248710910 avgNanos=509565804
zil-additional-service  | 2026-05-04T14:43:47.710Z  INFO 1 --- [zil-additional-service] [   scheduling-1] r.a.observability.ObservabilityService   : LAB9 Observability window=10s category=http.main.clients count=26 sumNanos=5078816623 avgNanos=195339100
zil-additional-service  | 2026-05-04T14:43:47.711Z  INFO 1 --- [zil-additional-service] [   scheduling-1] r.a.observability.ObservabilityService   : LAB9 Observability window=10s category=http.main.rents count=452 sumNanos=76885980781 avgNanos=170101727
zil-additional-service  | 2026-05-04T14:43:47.711Z  INFO 1 --- [zil-additional-service] [   scheduling-1] r.a.observability.ObservabilityService   : LAB9 Observability window=10s category=http.main.cars count=453 sumNanos=76165583576 avgNanos=168135946
zil-additional-service  | 2026-05-04T14:43:47.711Z  INFO 1 --- [zil-additional-service] [   scheduling-1] r.a.observability.ObservabilityService   : LAB9 Observability window=10s category=web.additional.availability_new count=426 sumNanos=145262350990 avgNanos=340991434
zil-additional-service  | 2026-05-04T14:43:47.711Z  INFO 1 --- [zil-additional-service] [   scheduling-1] r.a.observability.ObservabilityService   : LAB9 Observability window=10s category=additional.statsComputation.availability.allCitiesAllDates count=426 sumNanos=154798696 avgNanos=363377
zil-additional-service  | 2026-05-04T14:43:47.719Z  INFO 1 --- [zil-additional-service] [   scheduling-1] r.a.observability.ObservabilityService   : LAB9 Observability window=30s category=additional.statsComputation.stats count=74 sumNanos=228321 avgNanos=3085
zil-additional-service  | 2026-05-04T14:43:47.719Z  INFO 1 --- [zil-additional-service] [   scheduling-1] r.a.observability.ObservabilityService   : LAB9 Observability window=30s category=http.main.clients count=72 sumNanos=13428372816 avgNanos=186505178
zil-additional-service  | 2026-05-04T14:43:47.719Z  INFO 1 --- [zil-additional-service] [   scheduling-1] r.a.observability.ObservabilityService   : LAB9 Observability window=30s category=web.additional.stats count=74 sumNanos=38500676024 avgNanos=520279405
zil-additional-service  | 2026-05-04T14:43:47.719Z  INFO 1 --- [zil-additional-service] [   scheduling-1] r.a.observability.ObservabilityService   : LAB9 Observability window=30s category=http.main.rents count=1385 sumNanos=229067321064 avgNanos=165391567
zil-additional-service  | 2026-05-04T14:43:47.721Z  INFO 1 --- [zil-additional-service] [   scheduling-1] r.a.observability.ObservabilityService   : LAB9 Observability window=30s category=http.main.cars count=1391 sumNanos=229390552771 avgNanos=164910533
zil-additional-service  | 2026-05-04T14:43:47.721Z  INFO 1 --- [zil-additional-service] [   scheduling-1] r.a.observability.ObservabilityService   : LAB9 Observability window=30s category=web.additional.availability_new count=1311 sumNanos=434007428313 avgNanos=331050669
zil-additional-service  | 2026-05-04T14:43:47.721Z  INFO 1 --- [zil-additional-service] [   scheduling-1] r.a.observability.ObservabilityService   : LAB9 Observability window=30s category=additional.statsComputation.availability.allCitiesAllDates count=1311 sumNanos=413427668 avgNanos=315352
zil-additional-service  | 2026-05-04T14:43:47.726Z  INFO 1 --- [zil-additional-service] [   scheduling-1] r.a.observability.ObservabilityService   : LAB9 Observability window=1m category=additional.statsComputation.stats count=148 sumNanos=579795 avgNanos=3917
zil-additional-service  | 2026-05-04T14:43:47.726Z  INFO 1 --- [zil-additional-service] [   scheduling-1] r.a.observability.ObservabilityService   : LAB9 Observability window=1m category=web.additional.stats count=148 sumNanos=77235750081 avgNanos=521863176
zil-additional-service  | 2026-05-04T14:43:47.726Z  INFO 1 --- [zil-additional-service] [   scheduling-1] r.a.observability.ObservabilityService   : LAB9 Observability window=1m category=http.main.clients count=148 sumNanos=28008435905 avgNanos=189246188
zil-additional-service  | 2026-05-04T14:43:47.726Z  INFO 1 --- [zil-additional-service] [   scheduling-1] r.a.observability.ObservabilityService   : LAB9 Observability window=1m category=http.main.rents count=2761 sumNanos=460010831411 avgNanos=166610225
zil-additional-service  | 2026-05-04T14:43:47.726Z  INFO 1 --- [zil-additional-service] [   scheduling-1] r.a.observability.ObservabilityService   : LAB9 Observability window=1m category=http.main.cars count=2765 sumNanos=453913596649 avgNanos=164164049
zil-additional-service  | 2026-05-04T14:43:47.726Z  INFO 1 --- [zil-additional-service] [   scheduling-1] r.a.observability.ObservabilityService   : LAB9 Observability window=1m category=web.additional.availability_new count=2613 sumNanos=866333281005 avgNanos=331547371
zil-additional-service  | 2026-05-04T14:43:47.726Z  INFO 1 --- [zil-additional-service] [   scheduling-1] r.a.observability.ObservabilityService   : LAB9 Observability window=1m category=additional.statsComputation.availability.allCitiesAllDates count=2613 sumNanos=918850024 avgNanos=351645
zil-additional-service  | 2026-05-04T14:43:52.727Z  INFO 1 --- [zil-additional-service] [   scheduling-1] r.a.observability.ObservabilityService   : LAB9 Observability window=10s category=additional.statsComputation.stats count=16 sumNanos=46871 avgNanos=2929
zil-additional-service  | 2026-05-04T14:43:52.728Z  INFO 1 --- [zil-additional-service] [   scheduling-1] r.a.observability.ObservabilityService   : LAB9 Observability window=10s category=web.additional.stats count=16 sumNanos=8456877807 avgNanos=528554862
zil-additional-service  | 2026-05-04T14:43:52.728Z  INFO 1 --- [zil-additional-service] [   scheduling-1] r.a.observability.ObservabilityService   : LAB9 Observability window=10s category=http.main.clients count=16 sumNanos=3060129083 avgNanos=191258067
zil-additional-service  | 2026-05-04T14:43:52.728Z  INFO 1 --- [zil-additional-service] [   scheduling-1] r.a.observability.ObservabilityService   : LAB9 Observability window=10s category=http.main.rents count=463 sumNanos=77498086573 avgNanos=167382476
zil-additional-service  | 2026-05-04T14:43:52.728Z  INFO 1 --- [zil-additional-service] [   scheduling-1] r.a.observability.ObservabilityService   : LAB9 Observability window=10s category=http.main.cars count=463 sumNanos=76941488426 avgNanos=166180320
zil-additional-service  | 2026-05-04T14:43:52.728Z  INFO 1 --- [zil-additional-service] [   scheduling-1] r.a.observability.ObservabilityService   : LAB9 Observability window=10s category=web.additional.availability_new count=447 sumNanos=149463254608 avgNanos=334369697
zil-additional-service  | 2026-05-04T14:43:52.728Z  INFO 1 --- [zil-additional-service] [   scheduling-1] r.a.observability.ObservabilityService   : LAB9 Observability window=10s category=additional.statsComputation.availability.allCitiesAllDates count=447 sumNanos=98686988 avgNanos=220776
zil-additional-service  | 2026-05-04T14:43:52.728Z  INFO 1 --- [zil-additional-service] [   scheduling-1] r.a.observability.ObservabilityService   : LAB9 Observability window=30s category=additional.statsComputation.stats count=70 sumNanos=216249 avgNanos=3089
zil-additional-service  | 2026-05-04T14:43:52.728Z  INFO 1 --- [zil-additional-service] [   scheduling-1] r.a.observability.ObservabilityService   : LAB9 Observability window=30s category=http.main.clients count=69 sumNanos=12887210211 avgNanos=186771162
zil-additional-service  | 2026-05-04T14:43:52.728Z  INFO 1 --- [zil-additional-service] [   scheduling-1] r.a.observability.ObservabilityService   : LAB9 Observability window=30s category=web.additional.stats count=70 sumNanos=36596993505 avgNanos=522814192
zil-additional-service  | 2026-05-04T14:43:52.728Z  INFO 1 --- [zil-additional-service] [   scheduling-1] r.a.observability.ObservabilityService   : LAB9 Observability window=30s category=http.main.rents count=1389 sumNanos=229173609564 avgNanos=164991799
zil-additional-service  | 2026-05-04T14:43:52.728Z  INFO 1 --- [zil-additional-service] [   scheduling-1] r.a.observability.ObservabilityService   : LAB9 Observability window=30s category=http.main.cars count=1389 sumNanos=229492180536 avgNanos=165221152
zil-additional-service  | 2026-05-04T14:43:52.728Z  INFO 1 --- [zil-additional-service] [   scheduling-1] r.a.observability.ObservabilityService   : LAB9 Observability window=30s category=web.additional.availability_new count=1319 sumNanos=436207032007 avgNanos=330710410
zil-additional-service  | 2026-05-04T14:43:52.728Z  INFO 1 --- [zil-additional-service] [   scheduling-1] r.a.observability.ObservabilityService   : LAB9 Observability window=30s category=additional.statsComputation.availability.allCitiesAllDates count=1319 sumNanos=422847169 avgNanos=320581
zil-additional-service  | 2026-05-04T14:43:52.728Z  INFO 1 --- [zil-additional-service] [   scheduling-1] r.a.observability.ObservabilityService   : LAB9 Observability window=1m category=additional.statsComputation.stats count=138 sumNanos=552773 avgNanos=4005
zil-additional-service  | 2026-05-04T14:43:52.728Z  INFO 1 --- [zil-additional-service] [   scheduling-1] r.a.observability.ObservabilityService   : LAB9 Observability window=1m category=web.additional.stats count=138 sumNanos=72051335541 avgNanos=522111127
zil-additional-service  | 2026-05-04T14:43:52.729Z  INFO 1 --- [zil-additional-service] [   scheduling-1] r.a.observability.ObservabilityService   : LAB9 Observability window=1m category=http.main.clients count=138 sumNanos=25910086805 avgNanos=187754252
zil-additional-service  | 2026-05-04T14:43:52.729Z  INFO 1 --- [zil-additional-service] [   scheduling-1] r.a.observability.ObservabilityService   : LAB9 Observability window=1m category=http.main.rents count=2772 sumNanos=460323509411 avgNanos=166061872
zil-additional-service  | 2026-05-04T14:43:52.729Z  INFO 1 --- [zil-additional-service] [   scheduling-1] r.a.observability.ObservabilityService   : LAB9 Observability window=1m category=http.main.cars count=2774 sumNanos=455829009225 avgNanos=164321921
zil-additional-service  | 2026-05-04T14:43:52.729Z  INFO 1 --- [zil-additional-service] [   scheduling-1] r.a.observability.ObservabilityService   : LAB9 Observability window=1m category=web.additional.availability_new count=2634 sumNanos=872096027108 avgNanos=331091885
zil-additional-service  | 2026-05-04T14:43:52.729Z  INFO 1 --- [zil-additional-service] [   scheduling-1] r.a.observability.ObservabilityService   : LAB9 Observability window=1m category=additional.statsComputation.availability.allCitiesAllDates count=2634 sumNanos=912591345 avgNanos=346465
zil-additional-service  | 2026-05-04T14:43:57.729Z  INFO 1 --- [zil-additional-service] [   scheduling-1] r.a.observability.ObservabilityService   : LAB9 Observability window=10s category=additional.statsComputation.stats count=18 sumNanos=51403 avgNanos=2855
zil-additional-service  | 2026-05-04T14:43:57.731Z  INFO 1 --- [zil-additional-service] [   scheduling-1] r.a.observability.ObservabilityService   : LAB9 Observability window=10s category=web.additional.stats count=18 sumNanos=9446009286 avgNanos=524778293
zil-additional-service  | 2026-05-04T14:43:57.731Z  INFO 1 --- [zil-additional-service] [   scheduling-1] r.a.observability.ObservabilityService   : LAB9 Observability window=10s category=http.main.clients count=18 sumNanos=3177461968 avgNanos=176525664
zil-additional-service  | 2026-05-04T14:43:57.731Z  INFO 1 --- [zil-additional-service] [   scheduling-1] r.a.observability.ObservabilityService   : LAB9 Observability window=10s category=http.main.rents count=471 sumNanos=76925327043 avgNanos=163323411
zil-additional-service  | 2026-05-04T14:43:57.731Z  INFO 1 --- [zil-additional-service] [   scheduling-1] r.a.observability.ObservabilityService   : LAB9 Observability window=10s category=http.main.cars count=468 sumNanos=76924132270 avgNanos=164367803
zil-additional-service  | 2026-05-04T14:43:57.731Z  INFO 1 --- [zil-additional-service] [   scheduling-1] r.a.observability.ObservabilityService   : LAB9 Observability window=10s category=web.additional.availability_new count=453 sumNanos=148093313413 avgNanos=326916806
zil-additional-service  | 2026-05-04T14:43:57.731Z  INFO 1 --- [zil-additional-service] [   scheduling-1] r.a.observability.ObservabilityService   : LAB9 Observability window=10s category=additional.statsComputation.availability.allCitiesAllDates count=453 sumNanos=104576963 avgNanos=230854
zil-additional-service  | 2026-05-04T14:43:57.731Z  INFO 1 --- [zil-additional-service] [   scheduling-1] r.a.observability.ObservabilityService   : LAB9 Observability window=30s category=additional.statsComputation.stats count=70 sumNanos=217410 avgNanos=3105
zil-additional-service  | 2026-05-04T14:43:57.731Z  INFO 1 --- [zil-additional-service] [   scheduling-1] r.a.observability.ObservabilityService   : LAB9 Observability window=30s category=web.additional.stats count=70 sumNanos=36220398552 avgNanos=517434265
zil-additional-service  | 2026-05-04T14:43:57.731Z  INFO 1 --- [zil-additional-service] [   scheduling-1] r.a.observability.ObservabilityService   : LAB9 Observability window=30s category=http.main.clients count=70 sumNanos=13021607475 avgNanos=186022963
zil-additional-service  | 2026-05-04T14:43:57.731Z  INFO 1 --- [zil-additional-service] [   scheduling-1] r.a.observability.ObservabilityService   : LAB9 Observability window=30s category=http.main.rents count=1386 sumNanos=229783604731 avgNanos=165789036
zil-additional-service  | 2026-05-04T14:43:57.732Z  INFO 1 --- [zil-additional-service] [   scheduling-1] r.a.observability.ObservabilityService   : LAB9 Observability window=30s category=http.main.cars count=1386 sumNanos=229174607522 avgNanos=165349644
zil-additional-service  | 2026-05-04T14:43:57.732Z  INFO 1 --- [zil-additional-service] [   scheduling-1] r.a.observability.ObservabilityService   : LAB9 Observability window=30s category=web.additional.availability_new count=1316 sumNanos=436616727454 avgNanos=331775628
zil-additional-service  | 2026-05-04T14:43:57.732Z  INFO 1 --- [zil-additional-service] [   scheduling-1] r.a.observability.ObservabilityService   : LAB9 Observability window=30s category=additional.statsComputation.availability.allCitiesAllDates count=1316 sumNanos=412868461 avgNanos=313729
zil-additional-service  | 2026-05-04T14:43:57.732Z  INFO 1 --- [zil-additional-service] [   scheduling-1] r.a.observability.ObservabilityService   : LAB9 Observability window=1m category=additional.statsComputation.stats count=137 sumNanos=424417 avgNanos=3097
zil-additional-service  | 2026-05-04T14:43:57.732Z  INFO 1 --- [zil-additional-service] [   scheduling-1] r.a.observability.ObservabilityService   : LAB9 Observability window=1m category=http.main.clients count=136 sumNanos=25427348969 avgNanos=186965801
zil-additional-service  | 2026-05-04T14:43:57.732Z  INFO 1 --- [zil-additional-service] [   scheduling-1] r.a.observability.ObservabilityService   : LAB9 Observability window=1m category=web.additional.stats count=137 sumNanos=71709639365 avgNanos=523428024
zil-additional-service  | 2026-05-04T14:43:57.732Z  INFO 1 --- [zil-additional-service] [   scheduling-1] r.a.observability.ObservabilityService   : LAB9 Observability window=1m category=http.main.rents count=2771 sumNanos=460584382877 avgNanos=166215944
zil-additional-service  | 2026-05-04T14:43:57.732Z  INFO 1 --- [zil-additional-service] [   scheduling-1] r.a.observability.ObservabilityService   : LAB9 Observability window=1m category=http.main.cars count=2774 sumNanos=456515122454 avgNanos=164569258
zil-additional-service  | 2026-05-04T14:43:57.732Z  INFO 1 --- [zil-additional-service] [   scheduling-1] r.a.observability.ObservabilityService   : LAB9 Observability window=1m category=web.additional.availability_new count=2634 sumNanos=872613291541 avgNanos=331288265
zil-additional-service  | 2026-05-04T14:43:57.732Z  INFO 1 --- [zil-additional-service] [   scheduling-1] r.a.observability.ObservabilityService   : LAB9 Observability window=1m category=additional.statsComputation.availability.allCitiesAllDates count=2634 sumNanos=857497530 avgNanos=325549
zil-additional-service  | 2026-05-04T14:44:02.733Z  INFO 1 --- [zil-additional-service] [   scheduling-1] r.a.observability.ObservabilityService   : LAB9 Observability window=10s category=additional.statsComputation.stats count=21 sumNanos=80607 avgNanos=3838
zil-additional-service  | 2026-05-04T14:44:02.733Z  INFO 1 --- [zil-additional-service] [   scheduling-1] r.a.observability.ObservabilityService   : LAB9 Observability window=10s category=web.additional.stats count=21 sumNanos=10900097391 avgNanos=519052256
zil-additional-service  | 2026-05-04T14:44:02.733Z  INFO 1 --- [zil-additional-service] [   scheduling-1] r.a.observability.ObservabilityService   : LAB9 Observability window=10s category=http.main.clients count=21 sumNanos=3815648828 avgNanos=181697563
zil-additional-service  | 2026-05-04T14:44:02.734Z  INFO 1 --- [zil-additional-service] [   scheduling-1] r.a.observability.ObservabilityService   : LAB9 Observability window=10s category=http.main.rents count=461 sumNanos=77878031763 avgNanos=168932823
zil-additional-service  | 2026-05-04T14:44:02.734Z  INFO 1 --- [zil-additional-service] [   scheduling-1] r.a.observability.ObservabilityService   : LAB9 Observability window=10s category=http.main.cars count=461 sumNanos=75904251604 avgNanos=164651304
zil-additional-service  | 2026-05-04T14:44:02.734Z  INFO 1 --- [zil-additional-service] [   scheduling-1] r.a.observability.ObservabilityService   : LAB9 Observability window=10s category=web.additional.availability_new count=440 sumNanos=146864324882 avgNanos=333782556
zil-additional-service  | 2026-05-04T14:44:02.734Z  INFO 1 --- [zil-additional-service] [   scheduling-1] r.a.observability.ObservabilityService   : LAB9 Observability window=10s category=additional.statsComputation.availability.allCitiesAllDates count=440 sumNanos=90285275 avgNanos=205193
zil-additional-service  | 2026-05-04T14:44:02.734Z  INFO 1 --- [zil-additional-service] [   scheduling-1] r.a.observability.ObservabilityService   : LAB9 Observability window=30s category=additional.statsComputation.stats count=62 sumNanos=214270 avgNanos=3455
zil-additional-service  | 2026-05-04T14:44:02.734Z  INFO 1 --- [zil-additional-service] [   scheduling-1] r.a.observability.ObservabilityService   : LAB9 Observability window=30s category=web.additional.stats count=62 sumNanos=32005245474 avgNanos=516213636
zil-additional-service  | 2026-05-04T14:44:02.734Z  INFO 1 --- [zil-additional-service] [   scheduling-1] r.a.observability.ObservabilityService   : LAB9 Observability window=30s category=http.main.clients count=62 sumNanos=11513198563 avgNanos=185696751
zil-additional-service  | 2026-05-04T14:44:02.734Z  INFO 1 --- [zil-additional-service] [   scheduling-1] r.a.observability.ObservabilityService   : LAB9 Observability window=30s category=http.main.rents count=1388 sumNanos=231190972348 avgNanos=166564101
zil-additional-service  | 2026-05-04T14:44:02.734Z  INFO 1 --- [zil-additional-service] [   scheduling-1] r.a.observability.ObservabilityService   : LAB9 Observability window=30s category=http.main.cars count=1388 sumNanos=228918960831 avgNanos=164927205
zil-additional-service  | 2026-05-04T14:44:02.734Z  INFO 1 --- [zil-additional-service] [   scheduling-1] r.a.observability.ObservabilityService   : LAB9 Observability window=30s category=web.additional.availability_new count=1326 sumNanos=440362066032 avgNanos=332098089
zil-additional-service  | 2026-05-04T14:44:02.734Z  INFO 1 --- [zil-additional-service] [   scheduling-1] r.a.observability.ObservabilityService   : LAB9 Observability window=30s category=additional.statsComputation.availability.allCitiesAllDates count=1326 sumNanos=372132032 avgNanos=280642
zil-additional-service  | 2026-05-04T14:44:02.735Z  INFO 1 --- [zil-additional-service] [   scheduling-1] r.a.observability.ObservabilityService   : LAB9 Observability window=1m category=additional.statsComputation.stats count=138 sumNanos=443421 avgNanos=3213
zil-additional-service  | 2026-05-04T14:44:02.735Z  INFO 1 --- [zil-additional-service] [   scheduling-1] r.a.observability.ObservabilityService   : LAB9 Observability window=1m category=web.additional.stats count=138 sumNanos=72215886115 avgNanos=523303522
zil-additional-service  | 2026-05-04T14:44:02.735Z  INFO 1 --- [zil-additional-service] [   scheduling-1] r.a.observability.ObservabilityService   : LAB9 Observability window=1m category=http.main.clients count=138 sumNanos=25919457656 avgNanos=187822156
zil-additional-service  | 2026-05-04T14:44:02.735Z  INFO 1 --- [zil-additional-service] [   scheduling-1] r.a.observability.ObservabilityService   : LAB9 Observability window=1m category=http.main.rents count=2775 sumNanos=461683110756 avgNanos=166372292
zil-additional-service  | 2026-05-04T14:44:02.735Z  INFO 1 --- [zil-additional-service] [   scheduling-1] r.a.observability.ObservabilityService   : LAB9 Observability window=1m category=http.main.cars count=2773 sumNanos=454946521944 avgNanos=164062936
zil-additional-service  | 2026-05-04T14:44:02.736Z  INFO 1 --- [zil-additional-service] [   scheduling-1] r.a.observability.ObservabilityService   : LAB9 Observability window=1m category=web.additional.availability_new count=2637 sumNanos=872404387667 avgNanos=330832153
zil-additional-service  | 2026-05-04T14:44:02.737Z  INFO 1 --- [zil-additional-service] [   scheduling-1] r.a.observability.ObservabilityService   : LAB9 Observability window=1m category=additional.statsComputation.availability.allCitiesAllDates count=2637 sumNanos=826474916 avgNanos=313414
zil-additional-service  | 2026-05-04T14:44:07.738Z  INFO 1 --- [zil-additional-service] [   scheduling-1] r.a.observability.ObservabilityService   : LAB9 Observability window=10s category=additional.statsComputation.stats count=21 sumNanos=77176 avgNanos=3675
zil-additional-service  | 2026-05-04T14:44:07.739Z  INFO 1 --- [zil-additional-service] [   scheduling-1] r.a.observability.ObservabilityService   : LAB9 Observability window=10s category=web.additional.stats count=21 sumNanos=11103119840 avgNanos=528719992
zil-additional-service  | 2026-05-04T14:44:07.739Z  INFO 1 --- [zil-additional-service] [   scheduling-1] r.a.observability.ObservabilityService   : LAB9 Observability window=10s category=http.main.clients count=22 sumNanos=4221871211 avgNanos=191903236
zil-additional-service  | 2026-05-04T14:44:07.740Z  INFO 1 --- [zil-additional-service] [   scheduling-1] r.a.observability.ObservabilityService   : LAB9 Observability window=10s category=http.main.rents count=462 sumNanos=77836664909 avgNanos=168477629
zil-additional-service  | 2026-05-04T14:44:07.740Z  INFO 1 --- [zil-additional-service] [   scheduling-1] r.a.observability.ObservabilityService   : LAB9 Observability window=10s category=http.main.cars count=462 sumNanos=76354814216 avgNanos=165270160
zil-additional-service  | 2026-05-04T14:44:07.740Z  INFO 1 --- [zil-additional-service] [   scheduling-1] r.a.observability.ObservabilityService   : LAB9 Observability window=10s category=web.additional.availability_new count=441 sumNanos=147454483150 avgNanos=334363907
zil-additional-service  | 2026-05-04T14:44:07.740Z  INFO 1 --- [zil-additional-service] [   scheduling-1] r.a.observability.ObservabilityService   : LAB9 Observability window=10s category=additional.statsComputation.availability.allCitiesAllDates count=441 sumNanos=82356650 avgNanos=186749
zil-additional-service  | 2026-05-04T14:44:07.740Z  INFO 1 --- [zil-additional-service] [   scheduling-1] r.a.observability.ObservabilityService   : LAB9 Observability window=30s category=additional.statsComputation.stats count=65 sumNanos=209751 avgNanos=3226
zil-additional-service  | 2026-05-04T14:44:07.741Z  INFO 1 --- [zil-additional-service] [   scheduling-1] r.a.observability.ObservabilityService   : LAB9 Observability window=30s category=web.additional.stats count=65 sumNanos=33797840036 avgNanos=519966769
zil-additional-service  | 2026-05-04T14:44:07.741Z  INFO 1 --- [zil-additional-service] [   scheduling-1] r.a.observability.ObservabilityService   : LAB9 Observability window=30s category=http.main.clients count=66 sumNanos=12478149802 avgNanos=189062875
zil-additional-service  | 2026-05-04T14:44:07.741Z  INFO 1 --- [zil-additional-service] [   scheduling-1] r.a.observability.ObservabilityService   : LAB9 Observability window=30s category=http.main.rents count=1387 sumNanos=231965343141 avgNanos=167242496
zil-additional-service  | 2026-05-04T14:44:07.741Z  INFO 1 --- [zil-additional-service] [   scheduling-1] r.a.observability.ObservabilityService   : LAB9 Observability window=30s category=http.main.cars count=1383 sumNanos=229466826002 avgNanos=165919613
zil-additional-service  | 2026-05-04T14:44:07.741Z  INFO 1 --- [zil-additional-service] [   scheduling-1] r.a.observability.ObservabilityService   : LAB9 Observability window=30s category=web.additional.availability_new count=1322 sumNanos=441485293917 avgNanos=333952567
zil-additional-service  | 2026-05-04T14:44:07.741Z  INFO 1 --- [zil-additional-service] [   scheduling-1] r.a.observability.ObservabilityService   : LAB9 Observability window=30s category=additional.statsComputation.availability.allCitiesAllDates count=1322 sumNanos=341916877 avgNanos=258636
zil-additional-service  | 2026-05-04T14:44:07.742Z  INFO 1 --- [zil-additional-service] [   scheduling-1] r.a.observability.ObservabilityService   : LAB9 Observability window=1m category=additional.statsComputation.stats count=134 sumNanos=430039 avgNanos=3209
zil-additional-service  | 2026-05-04T14:44:07.742Z  INFO 1 --- [zil-additional-service] [   scheduling-1] r.a.observability.ObservabilityService   : LAB9 Observability window=1m category=web.additional.stats count=134 sumNanos=70332086340 avgNanos=524866315
zil-additional-service  | 2026-05-04T14:44:07.743Z  INFO 1 --- [zil-additional-service] [   scheduling-1] r.a.observability.ObservabilityService   : LAB9 Observability window=1m category=http.main.clients count=135 sumNanos=25406131303 avgNanos=188193565
zil-additional-service  | 2026-05-04T14:44:07.743Z  INFO 1 --- [zil-additional-service] [   scheduling-1] r.a.observability.ObservabilityService   : LAB9 Observability window=1m category=http.main.rents count=2778 sumNanos=461338611775 avgNanos=166068614
zil-additional-service  | 2026-05-04T14:44:07.743Z  INFO 1 --- [zil-additional-service] [   scheduling-1] r.a.observability.ObservabilityService   : LAB9 Observability window=1m category=http.main.cars count=2780 sumNanos=456636917780 avgNanos=164257884
zil-additional-service  | 2026-05-04T14:44:07.743Z  INFO 1 --- [zil-additional-service] [   scheduling-1] r.a.observability.ObservabilityService   : LAB9 Observability window=1m category=web.additional.availability_new count=2644 sumNanos=874413450652 avgNanos=330716131
zil-additional-service  | 2026-05-04T14:44:07.743Z  INFO 1 --- [zil-additional-service] [   scheduling-1] r.a.observability.ObservabilityService   : LAB9 Observability window=1m category=additional.statsComputation.availability.allCitiesAllDates count=2644 sumNanos=783701834 avgNanos=296407
zil-additional-service  | 2026-05-04T14:44:12.748Z  INFO 1 --- [zil-additional-service] [   scheduling-1] r.a.observability.ObservabilityService   : LAB9 Observability window=10s category=additional.statsComputation.stats count=23 sumNanos=47403 avgNanos=2061
zil-additional-service  | 2026-05-04T14:44:12.749Z  INFO 1 --- [zil-additional-service] [   scheduling-1] r.a.observability.ObservabilityService   : LAB9 Observability window=10s category=web.additional.stats count=23 sumNanos=12295512050 avgNanos=534587480
zil-additional-service  | 2026-05-04T14:44:12.750Z  INFO 1 --- [zil-additional-service] [   scheduling-1] r.a.observability.ObservabilityService   : LAB9 Observability window=10s category=http.main.clients count=23 sumNanos=4631478850 avgNanos=201368645
zil-additional-service  | 2026-05-04T14:44:12.751Z  INFO 1 --- [zil-additional-service] [   scheduling-1] r.a.observability.ObservabilityService   : LAB9 Observability window=10s category=http.main.rents count=472 sumNanos=76761408405 avgNanos=162630102
zil-additional-service  | 2026-05-04T14:44:12.751Z  INFO 1 --- [zil-additional-service] [   scheduling-1] r.a.observability.ObservabilityService   : LAB9 Observability window=10s category=http.main.cars count=469 sumNanos=75373013969 avgNanos=160710051
zil-additional-service  | 2026-05-04T14:44:12.751Z  INFO 1 --- [zil-additional-service] [   scheduling-1] r.a.observability.ObservabilityService   : LAB9 Observability window=10s category=web.additional.availability_new count=449 sumNanos=145246153263 avgNanos=323488091
zil-additional-service  | 2026-05-04T14:44:12.751Z  INFO 1 --- [zil-additional-service] [   scheduling-1] r.a.observability.ObservabilityService   : LAB9 Observability window=10s category=additional.statsComputation.availability.allCitiesAllDates count=449 sumNanos=86145768 avgNanos=191861
zil-additional-service  | 2026-05-04T14:44:12.751Z  INFO 1 --- [zil-additional-service] [   scheduling-1] r.a.observability.ObservabilityService   : LAB9 Observability window=30s category=additional.statsComputation.stats count=60 sumNanos=174881 avgNanos=2914
zil-additional-service  | 2026-05-04T14:44:12.751Z  INFO 1 --- [zil-additional-service] [   scheduling-1] r.a.observability.ObservabilityService   : LAB9 Observability window=30s category=web.additional.stats count=60 sumNanos=31652487248 avgNanos=527541454
zil-additional-service  | 2026-05-04T14:44:12.751Z  INFO 1 --- [zil-additional-service] [   scheduling-1] r.a.observability.ObservabilityService   : LAB9 Observability window=30s category=http.main.clients count=60 sumNanos=11507256761 avgNanos=191787612
zil-additional-service  | 2026-05-04T14:44:12.751Z  INFO 1 --- [zil-additional-service] [   scheduling-1] r.a.observability.ObservabilityService   : LAB9 Observability window=30s category=http.main.rents count=1395 sumNanos=231988042868 avgNanos=166299672
zil-additional-service  | 2026-05-04T14:44:12.751Z  INFO 1 --- [zil-additional-service] [   scheduling-1] r.a.observability.ObservabilityService   : LAB9 Observability window=30s category=http.main.cars count=1392 sumNanos=228176785710 avgNanos=163920104
zil-additional-service  | 2026-05-04T14:44:12.751Z  INFO 1 --- [zil-additional-service] [   scheduling-1] r.a.observability.ObservabilityService   : LAB9 Observability window=30s category=web.additional.availability_new count=1335 sumNanos=441229248544 avgNanos=330508800
zil-additional-service  | 2026-05-04T14:44:12.752Z  INFO 1 --- [zil-additional-service] [   scheduling-1] r.a.observability.ObservabilityService   : LAB9 Observability window=30s category=additional.statsComputation.availability.allCitiesAllDates count=1335 sumNanos=275041700 avgNanos=206023
zil-additional-service  | 2026-05-04T14:44:12.752Z  INFO 1 --- [zil-additional-service] [   scheduling-1] r.a.observability.ObservabilityService   : LAB9 Observability window=1m category=additional.statsComputation.stats count=139 sumNanos=428359 avgNanos=3081
zil-additional-service  | 2026-05-04T14:44:12.752Z  INFO 1 --- [zil-additional-service] [   scheduling-1] r.a.observability.ObservabilityService   : LAB9 Observability window=1m category=web.additional.stats count=139 sumNanos=73356168709 avgNanos=527742220
zil-additional-service  | 2026-05-04T14:44:12.752Z  INFO 1 --- [zil-additional-service] [   scheduling-1] r.a.observability.ObservabilityService   : LAB9 Observability window=1m category=http.main.clients count=138 sumNanos=26299426197 avgNanos=190575552
zil-additional-service  | 2026-05-04T14:44:12.752Z  INFO 1 --- [zil-additional-service] [   scheduling-1] r.a.observability.ObservabilityService   : LAB9 Observability window=1m category=http.main.rents count=2782 sumNanos=462459216369 avgNanos=166232644
zil-additional-service  | 2026-05-04T14:44:12.752Z  INFO 1 --- [zil-additional-service] [   scheduling-1] r.a.observability.ObservabilityService   : LAB9 Observability window=1m category=http.main.cars count=2777 sumNanos=455558153974 avgNanos=164046868
zil-additional-service  | 2026-05-04T14:44:12.752Z  INFO 1 --- [zil-additional-service] [   scheduling-1] r.a.observability.ObservabilityService   : LAB9 Observability window=1m category=web.additional.availability_new count=2643 sumNanos=873380332348 avgNanos=330450371
zil-additional-service  | 2026-05-04T14:44:12.752Z  INFO 1 --- [zil-additional-service] [   scheduling-1] r.a.observability.ObservabilityService   : LAB9 Observability window=1m category=additional.statsComputation.availability.allCitiesAllDates count=2643 sumNanos=697554089 avgNanos=263925
zil-additional-service  | 2026-05-04T14:44:17.759Z  INFO 1 --- [zil-additional-service] [   scheduling-1] r.a.observability.ObservabilityService   : LAB9 Observability window=10s category=additional.statsComputation.stats count=23 sumNanos=35390 avgNanos=1538
zil-additional-service  | 2026-05-04T14:44:17.764Z  INFO 1 --- [zil-additional-service] [   scheduling-1] r.a.observability.ObservabilityService   : LAB9 Observability window=10s category=http.main.clients count=22 sumNanos=4379727739 avgNanos=199078533
zil-additional-service  | 2026-05-04T14:44:17.764Z  INFO 1 --- [zil-additional-service] [   scheduling-1] r.a.observability.ObservabilityService   : LAB9 Observability window=10s category=web.additional.stats count=23 sumNanos=12433019747 avgNanos=540566075
zil-additional-service  | 2026-05-04T14:44:17.764Z  INFO 1 --- [zil-additional-service] [   scheduling-1] r.a.observability.ObservabilityService   : LAB9 Observability window=10s category=http.main.rents count=463 sumNanos=76878541043 avgNanos=166044365
zil-additional-service  | 2026-05-04T14:44:17.764Z  INFO 1 --- [zil-additional-service] [   scheduling-1] r.a.observability.ObservabilityService   : LAB9 Observability window=10s category=http.main.cars count=466 sumNanos=75848121223 avgNanos=162764208
zil-additional-service  | 2026-05-04T14:44:17.764Z  INFO 1 --- [zil-additional-service] [   scheduling-1] r.a.observability.ObservabilityService   : LAB9 Observability window=10s category=web.additional.availability_new count=440 sumNanos=144982060831 avgNanos=329504683
zil-additional-service  | 2026-05-04T14:44:17.764Z  INFO 1 --- [zil-additional-service] [   scheduling-1] r.a.observability.ObservabilityService   : LAB9 Observability window=10s category=additional.statsComputation.availability.allCitiesAllDates count=440 sumNanos=118505357 avgNanos=269330
zil-additional-service  | 2026-05-04T14:44:17.765Z  INFO 1 --- [zil-additional-service] [   scheduling-1] r.a.observability.ObservabilityService   : LAB9 Observability window=30s category=additional.statsComputation.stats count=62 sumNanos=163969 avgNanos=2644
zil-additional-service  | 2026-05-04T14:44:17.765Z  INFO 1 --- [zil-additional-service] [   scheduling-1] r.a.observability.ObservabilityService   : LAB9 Observability window=30s category=web.additional.stats count=62 sumNanos=32982148873 avgNanos=531970143
zil-additional-service  | 2026-05-04T14:44:17.765Z  INFO 1 --- [zil-additional-service] [   scheduling-1] r.a.observability.ObservabilityService   : LAB9 Observability window=30s category=http.main.clients count=62 sumNanos=11779060918 avgNanos=189984853
zil-additional-service  | 2026-05-04T14:44:17.765Z  INFO 1 --- [zil-additional-service] [   scheduling-1] r.a.observability.ObservabilityService   : LAB9 Observability window=30s category=http.main.rents count=1394 sumNanos=231109649323 avgNanos=165788844
zil-additional-service  | 2026-05-04T14:44:17.765Z  INFO 1 --- [zil-additional-service] [   scheduling-1] r.a.observability.ObservabilityService   : LAB9 Observability window=30s category=http.main.cars count=1396 sumNanos=229127067709 avgNanos=164131137
zil-additional-service  | 2026-05-04T14:44:17.765Z  INFO 1 --- [zil-additional-service] [   scheduling-1] r.a.observability.ObservabilityService   : LAB9 Observability window=30s category=web.additional.availability_new count=1332 sumNanos=439687478763 avgNanos=330095704
zil-additional-service  | 2026-05-04T14:44:17.765Z  INFO 1 --- [zil-additional-service] [   scheduling-1] r.a.observability.ObservabilityService   : LAB9 Observability window=30s category=additional.statsComputation.availability.allCitiesAllDates count=1332 sumNanos=305100957 avgNanos=229054
zil-additional-service  | 2026-05-04T14:44:17.765Z  INFO 1 --- [zil-additional-service] [   scheduling-1] r.a.observability.ObservabilityService   : LAB9 Observability window=1m category=additional.statsComputation.stats count=135 sumNanos=389172 avgNanos=2882
zil-additional-service  | 2026-05-04T14:44:17.768Z  INFO 1 --- [zil-additional-service] [   scheduling-1] r.a.observability.ObservabilityService   : LAB9 Observability window=1m category=http.main.clients count=134 sumNanos=25207433734 avgNanos=188115177
zil-additional-service  | 2026-05-04T14:44:17.769Z  INFO 1 --- [zil-additional-service] [   scheduling-1] r.a.observability.ObservabilityService   : LAB9 Observability window=1m category=web.additional.stats count=135 sumNanos=70849576144 avgNanos=524811675
zil-additional-service  | 2026-05-04T14:44:17.769Z  INFO 1 --- [zil-additional-service] [   scheduling-1] r.a.observability.ObservabilityService   : LAB9 Observability window=1m category=http.main.rents count=2779 sumNanos=460216505505 avgNanos=165605075
zil-additional-service  | 2026-05-04T14:44:17.769Z  INFO 1 --- [zil-additional-service] [   scheduling-1] r.a.observability.ObservabilityService   : LAB9 Observability window=1m category=http.main.cars count=2785 sumNanos=458166694219 avgNanos=164512277
zil-additional-service  | 2026-05-04T14:44:17.769Z  INFO 1 --- [zil-additional-service] [   scheduling-1] r.a.observability.ObservabilityService   : LAB9 Observability window=1m category=web.additional.availability_new count=2644 sumNanos=874065894640 avgNanos=330584680
zil-additional-service  | 2026-05-04T14:44:17.771Z  INFO 1 --- [zil-additional-service] [   scheduling-1] r.a.observability.ObservabilityService   : LAB9 Observability window=1m category=additional.statsComputation.availability.allCitiesAllDates count=2644 sumNanos=718701839 avgNanos=271823
zil-additional-service  | 2026-05-04T14:44:22.790Z  INFO 1 --- [zil-additional-service] [   scheduling-1] r.a.observability.ObservabilityService   : LAB9 Observability window=10s category=additional.statsComputation.stats count=24 sumNanos=52343 avgNanos=2180
zil-additional-service  | 2026-05-04T14:44:22.792Z  INFO 1 --- [zil-additional-service] [   scheduling-1] r.a.observability.ObservabilityService   : LAB9 Observability window=10s category=web.additional.stats count=24 sumNanos=12381624028 avgNanos=515901001
zil-additional-service  | 2026-05-04T14:44:22.792Z  INFO 1 --- [zil-additional-service] [   scheduling-1] r.a.observability.ObservabilityService   : LAB9 Observability window=10s category=http.main.clients count=24 sumNanos=4507899011 avgNanos=187829125
zil-additional-service  | 2026-05-04T14:44:22.792Z  INFO 1 --- [zil-additional-service] [   scheduling-1] r.a.observability.ObservabilityService   : LAB9 Observability window=10s category=http.main.rents count=463 sumNanos=76827797812 avgNanos=165934768
zil-additional-service  | 2026-05-04T14:44:22.792Z  INFO 1 --- [zil-additional-service] [   scheduling-1] r.a.observability.ObservabilityService   : LAB9 Observability window=10s category=http.main.cars count=462 sumNanos=76556141907 avgNanos=165705934
zil-additional-service  | 2026-05-04T14:44:22.792Z  INFO 1 --- [zil-additional-service] [   scheduling-1] r.a.observability.ObservabilityService   : LAB9 Observability window=10s category=web.additional.availability_new count=439 sumNanos=146219005094 avgNanos=333072904
zil-additional-service  | 2026-05-04T14:44:22.792Z  INFO 1 --- [zil-additional-service] [   scheduling-1] r.a.observability.ObservabilityService   : LAB9 Observability window=10s category=additional.statsComputation.availability.allCitiesAllDates count=439 sumNanos=134342851 avgNanos=306020
zil-additional-service  | 2026-05-04T14:44:22.792Z  INFO 1 --- [zil-additional-service] [   scheduling-1] r.a.observability.ObservabilityService   : LAB9 Observability window=30s category=additional.statsComputation.stats count=68 sumNanos=180353 avgNanos=2652
zil-additional-service  | 2026-05-04T14:44:22.792Z  INFO 1 --- [zil-additional-service] [   scheduling-1] r.a.observability.ObservabilityService   : LAB9 Observability window=30s category=web.additional.stats count=68 sumNanos=35577233469 avgNanos=523194609
zil-additional-service  | 2026-05-04T14:44:22.792Z  INFO 1 --- [zil-additional-service] [   scheduling-1] r.a.observability.ObservabilityService   : LAB9 Observability window=30s category=http.main.clients count=68 sumNanos=12955026689 avgNanos=190515098
zil-additional-service  | 2026-05-04T14:44:22.793Z  INFO 1 --- [zil-additional-service] [   scheduling-1] r.a.observability.ObservabilityService   : LAB9 Observability window=30s category=http.main.rents count=1395 sumNanos=231308675674 avgNanos=165812670
zil-additional-service  | 2026-05-04T14:44:22.793Z  INFO 1 --- [zil-additional-service] [   scheduling-1] r.a.observability.ObservabilityService   : LAB9 Observability window=30s category=http.main.cars count=1395 sumNanos=228252737912 avgNanos=163622034
zil-additional-service  | 2026-05-04T14:44:22.793Z  INFO 1 --- [zil-additional-service] [   scheduling-1] r.a.observability.ObservabilityService   : LAB9 Observability window=30s category=web.additional.availability_new count=1327 sumNanos=437958303003 avgNanos=330036400
zil-additional-service  | 2026-05-04T14:44:22.793Z  INFO 1 --- [zil-additional-service] [   scheduling-1] r.a.observability.ObservabilityService   : LAB9 Observability window=30s category=additional.statsComputation.availability.allCitiesAllDates count=1327 sumNanos=310847520 avgNanos=234248
zil-additional-service  | 2026-05-04T14:44:22.793Z  INFO 1 --- [zil-additional-service] [   scheduling-1] r.a.observability.ObservabilityService   : LAB9 Observability window=1m category=additional.statsComputation.stats count=138 sumNanos=396602 avgNanos=2873
zil-additional-service  | 2026-05-04T14:44:22.793Z  INFO 1 --- [zil-additional-service] [   scheduling-1] r.a.observability.ObservabilityService   : LAB9 Observability window=1m category=http.main.clients count=137 sumNanos=25842236900 avgNanos=188629466
zil-additional-service  | 2026-05-04T14:44:22.793Z  INFO 1 --- [zil-additional-service] [   scheduling-1] r.a.observability.ObservabilityService   : LAB9 Observability window=1m category=web.additional.stats count=138 sumNanos=72174226974 avgNanos=523001644
zil-additional-service  | 2026-05-04T14:44:22.793Z  INFO 1 --- [zil-additional-service] [   scheduling-1] r.a.observability.ObservabilityService   : LAB9 Observability window=1m category=http.main.rents count=2783 sumNanos=460292143368 avgNanos=165394230
zil-additional-service  | 2026-05-04T14:44:22.793Z  INFO 1 --- [zil-additional-service] [   scheduling-1] r.a.observability.ObservabilityService   : LAB9 Observability window=1m category=http.main.cars count=2782 sumNanos=457363323805 avgNanos=164400907
zil-additional-service  | 2026-05-04T14:44:22.794Z  INFO 1 --- [zil-additional-service] [   scheduling-1] r.a.observability.ObservabilityService   : LAB9 Observability window=1m category=web.additional.availability_new count=2645 sumNanos=873796639068 avgNanos=330357897
zil-additional-service  | 2026-05-04T14:44:22.794Z  INFO 1 --- [zil-additional-service] [   scheduling-1] r.a.observability.ObservabilityService   : LAB9 Observability window=1m category=additional.statsComputation.availability.allCitiesAllDates count=2645 sumNanos=733612900 avgNanos=277358
zil-additional-service  | 2026-05-04T14:44:27.795Z  INFO 1 --- [zil-additional-service] [   scheduling-1] r.a.observability.ObservabilityService   : LAB9 Observability window=10s category=additional.statsComputation.stats count=25 sumNanos=54116 avgNanos=2164
zil-additional-service  | 2026-05-04T14:44:27.795Z  INFO 1 --- [zil-additional-service] [   scheduling-1] r.a.observability.ObservabilityService   : LAB9 Observability window=10s category=web.additional.stats count=25 sumNanos=12514424656 avgNanos=500576986
zil-additional-service  | 2026-05-04T14:44:27.795Z  INFO 1 --- [zil-additional-service] [   scheduling-1] r.a.observability.ObservabilityService   : LAB9 Observability window=10s category=http.main.clients count=24 sumNanos=4509716061 avgNanos=187904835
zil-additional-service  | 2026-05-04T14:44:27.795Z  INFO 1 --- [zil-additional-service] [   scheduling-1] r.a.observability.ObservabilityService   : LAB9 Observability window=10s category=http.main.rents count=473 sumNanos=76869594596 avgNanos=162514999
zil-additional-service  | 2026-05-04T14:44:27.796Z  INFO 1 --- [zil-additional-service] [   scheduling-1] r.a.observability.ObservabilityService   : LAB9 Observability window=10s category=http.main.cars count=471 sumNanos=76515062382 avgNanos=162452361
zil-additional-service  | 2026-05-04T14:44:27.796Z  INFO 1 --- [zil-additional-service] [   scheduling-1] r.a.observability.ObservabilityService   : LAB9 Observability window=10s category=web.additional.availability_new count=448 sumNanos=145895247363 avgNanos=325659034
zil-additional-service  | 2026-05-04T14:44:27.796Z  INFO 1 --- [zil-additional-service] [   scheduling-1] r.a.observability.ObservabilityService   : LAB9 Observability window=10s category=additional.statsComputation.availability.allCitiesAllDates count=448 sumNanos=112260896 avgNanos=250582
zil-additional-service  | 2026-05-04T14:44:27.796Z  INFO 1 --- [zil-additional-service] [   scheduling-1] r.a.observability.ObservabilityService   : LAB9 Observability window=30s category=additional.statsComputation.stats count=69 sumNanos=166682 avgNanos=2415
zil-additional-service  | 2026-05-04T14:44:27.796Z  INFO 1 --- [zil-additional-service] [   scheduling-1] r.a.observability.ObservabilityService   : LAB9 Observability window=30s category=web.additional.stats count=69 sumNanos=36050564243 avgNanos=522471945
zil-additional-service  | 2026-05-04T14:44:27.796Z  INFO 1 --- [zil-additional-service] [   scheduling-1] r.a.observability.ObservabilityService   : LAB9 Observability window=30s category=http.main.clients count=69 sumNanos=13284242328 avgNanos=192525251
zil-additional-service  | 2026-05-04T14:44:27.796Z  INFO 1 --- [zil-additional-service] [   scheduling-1] r.a.observability.ObservabilityService   : LAB9 Observability window=30s category=http.main.rents count=1396 sumNanos=231233950598 avgNanos=165640365
zil-additional-service  | 2026-05-04T14:44:27.796Z  INFO 1 --- [zil-additional-service] [   scheduling-1] r.a.observability.ObservabilityService   : LAB9 Observability window=30s category=http.main.cars count=1395 sumNanos=228102054519 avgNanos=163514017
zil-additional-service  | 2026-05-04T14:44:27.796Z  INFO 1 --- [zil-additional-service] [   scheduling-1] r.a.observability.ObservabilityService   : LAB9 Observability window=30s category=web.additional.availability_new count=1327 sumNanos=437498880016 avgNanos=329690188
zil-additional-service  | 2026-05-04T14:44:27.796Z  INFO 1 --- [zil-additional-service] [   scheduling-1] r.a.observability.ObservabilityService   : LAB9 Observability window=30s category=additional.statsComputation.availability.allCitiesAllDates count=1327 sumNanos=312879495 avgNanos=235779
zil-additional-service  | 2026-05-04T14:44:27.797Z  INFO 1 --- [zil-additional-service] [   scheduling-1] r.a.observability.ObservabilityService   : LAB9 Observability window=1m category=additional.statsComputation.stats count=139 sumNanos=384092 avgNanos=2763
zil-additional-service  | 2026-05-04T14:44:27.797Z  INFO 1 --- [zil-additional-service] [   scheduling-1] r.a.observability.ObservabilityService   : LAB9 Observability window=1m category=web.additional.stats count=139 sumNanos=72270962795 avgNanos=519934984
zil-additional-service  | 2026-05-04T14:44:27.797Z  INFO 1 --- [zil-additional-service] [   scheduling-1] r.a.observability.ObservabilityService   : LAB9 Observability window=1m category=http.main.clients count=139 sumNanos=26305849803 avgNanos=189250718
zil-additional-service  | 2026-05-04T14:44:27.797Z  INFO 1 --- [zil-additional-service] [   scheduling-1] r.a.observability.ObservabilityService   : LAB9 Observability window=1m category=http.main.rents count=2782 sumNanos=460968406786 avgNanos=165696767
zil-additional-service  | 2026-05-04T14:44:27.797Z  INFO 1 --- [zil-additional-service] [   scheduling-1] r.a.observability.ObservabilityService   : LAB9 Observability window=1m category=http.main.cars count=2783 sumNanos=457544577591 avgNanos=164406962
zil-additional-service  | 2026-05-04T14:44:27.797Z  INFO 1 --- [zil-additional-service] [   scheduling-1] r.a.observability.ObservabilityService   : LAB9 Observability window=1m category=web.additional.availability_new count=2643 sumNanos=874271086454 avgNanos=330787395
zil-additional-service  | 2026-05-04T14:44:27.797Z  INFO 1 --- [zil-additional-service] [   scheduling-1] r.a.observability.ObservabilityService   : LAB9 Observability window=1m category=additional.statsComputation.availability.allCitiesAllDates count=2643 sumNanos=725761184 avgNanos=274597
zil-additional-service  | 2026-05-04T14:44:32.800Z  INFO 1 --- [zil-additional-service] [   scheduling-1] r.a.observability.ObservabilityService   : LAB9 Observability window=10s category=additional.statsComputation.stats count=23 sumNanos=36248 avgNanos=1576
zil-additional-service  | 2026-05-04T14:44:32.804Z  INFO 1 --- [zil-additional-service] [   scheduling-1] r.a.observability.ObservabilityService   : LAB9 Observability window=10s category=web.additional.stats count=23 sumNanos=12065013649 avgNanos=524565810
zil-additional-service  | 2026-05-04T14:44:32.806Z  INFO 1 --- [zil-additional-service] [   scheduling-1] r.a.observability.ObservabilityService   : LAB9 Observability window=10s category=http.main.clients count=24 sumNanos=4457561281 avgNanos=185731720
zil-additional-service  | 2026-05-04T14:44:32.806Z  INFO 1 --- [zil-additional-service] [   scheduling-1] r.a.observability.ObservabilityService   : LAB9 Observability window=10s category=http.main.rents count=461 sumNanos=77187688666 avgNanos=167435333
zil-additional-service  | 2026-05-04T14:44:32.806Z  INFO 1 --- [zil-additional-service] [   scheduling-1] r.a.observability.ObservabilityService   : LAB9 Observability window=10s category=http.main.cars count=461 sumNanos=76477285264 avgNanos=165894328
zil-additional-service  | 2026-05-04T14:44:32.808Z  INFO 1 --- [zil-additional-service] [   scheduling-1] r.a.observability.ObservabilityService   : LAB9 Observability window=10s category=web.additional.availability_new count=438 sumNanos=145890821630 avgNanos=333084067
zil-additional-service  | 2026-05-04T14:44:32.808Z  INFO 1 --- [zil-additional-service] [   scheduling-1] r.a.observability.ObservabilityService   : LAB9 Observability window=10s category=additional.statsComputation.availability.allCitiesAllDates count=438 sumNanos=111416528 avgNanos=254375
zil-additional-service  | 2026-05-04T14:44:32.809Z  INFO 1 --- [zil-additional-service] [   scheduling-1] r.a.observability.ObservabilityService   : LAB9 Observability window=30s category=additional.statsComputation.stats count=70 sumNanos=135994 avgNanos=1942
zil-additional-service  | 2026-05-04T14:44:32.825Z  INFO 1 --- [zil-additional-service] [   scheduling-1] r.a.observability.ObservabilityService   : LAB9 Observability window=30s category=web.additional.stats count=70 sumNanos=36742149727 avgNanos=524887853
zil-additional-service  | 2026-05-04T14:44:32.825Z  INFO 1 --- [zil-additional-service] [   scheduling-1] r.a.observability.ObservabilityService   : LAB9 Observability window=30s category=http.main.clients count=71 sumNanos=13596939142 avgNanos=191506185
zil-additional-service  | 2026-05-04T14:44:32.825Z  INFO 1 --- [zil-additional-service] [   scheduling-1] r.a.observability.ObservabilityService   : LAB9 Observability window=30s category=http.main.rents count=1393 sumNanos=230225931555 avgNanos=165273461
zil-additional-service  | 2026-05-04T14:44:32.825Z  INFO 1 --- [zil-additional-service] [   scheduling-1] r.a.observability.ObservabilityService   : LAB9 Observability window=30s category=http.main.cars count=1396 sumNanos=229015596915 avgNanos=164051287
zil-additional-service  | 2026-05-04T14:44:32.825Z  INFO 1 --- [zil-additional-service] [   scheduling-1] r.a.observability.ObservabilityService   : LAB9 Observability window=30s category=web.additional.availability_new count=1323 sumNanos=436194792672 avgNanos=329701279
zil-additional-service  | 2026-05-04T14:44:32.825Z  INFO 1 --- [zil-additional-service] [   scheduling-1] r.a.observability.ObservabilityService   : LAB9 Observability window=30s category=additional.statsComputation.availability.allCitiesAllDates count=1323 sumNanos=331470234 avgNanos=250544
zil-additional-service  | 2026-05-04T14:44:32.827Z  INFO 1 --- [zil-additional-service] [   scheduling-1] r.a.observability.ObservabilityService   : LAB9 Observability window=1m category=additional.statsComputation.stats count=132 sumNanos=350264 avgNanos=2653
zil-additional-service  | 2026-05-04T14:44:32.830Z  INFO 1 --- [zil-additional-service] [   scheduling-1] r.a.observability.ObservabilityService   : LAB9 Observability window=1m category=web.additional.stats count=132 sumNanos=68747395201 avgNanos=520813600
zil-additional-service  | 2026-05-04T14:44:32.831Z  INFO 1 --- [zil-additional-service] [   scheduling-1] r.a.observability.ObservabilityService   : LAB9 Observability window=1m category=http.main.clients count=133 sumNanos=25110137705 avgNanos=188798027
zil-additional-service  | 2026-05-04T14:44:32.848Z  INFO 1 --- [zil-additional-service] [   scheduling-1] r.a.observability.ObservabilityService   : LAB9 Observability window=1m category=http.main.rents count=2784 sumNanos=461983713522 avgNanos=165942425
zil-additional-service  | 2026-05-04T14:44:32.849Z  INFO 1 --- [zil-additional-service] [   scheduling-1] r.a.observability.ObservabilityService   : LAB9 Observability window=1m category=http.main.cars count=2785 sumNanos=458246363148 avgNanos=164540884
zil-additional-service  | 2026-05-04T14:44:32.849Z  INFO 1 --- [zil-additional-service] [   scheduling-1] r.a.observability.ObservabilityService   : LAB9 Observability window=1m category=web.additional.availability_new count=2652 sumNanos=877651592307 avgNanos=330939514
zil-additional-service  | 2026-05-04T14:44:32.849Z  INFO 1 --- [zil-additional-service] [   scheduling-1] r.a.observability.ObservabilityService   : LAB9 Observability window=1m category=additional.statsComputation.availability.allCitiesAllDates count=2652 sumNanos=703551084 avgNanos=265290
zil-additional-service  | 2026-05-04T14:44:37.850Z  INFO 1 --- [zil-additional-service] [   scheduling-1] r.a.observability.ObservabilityService   : LAB9 Observability window=10s category=additional.statsComputation.stats count=25 sumNanos=39208 avgNanos=1568
zil-additional-service  | 2026-05-04T14:44:37.852Z  INFO 1 --- [zil-additional-service] [   scheduling-1] r.a.observability.ObservabilityService   : LAB9 Observability window=10s category=web.additional.stats count=25 sumNanos=13160012792 avgNanos=526400511
zil-additional-service  | 2026-05-04T14:44:37.852Z  INFO 1 --- [zil-additional-service] [   scheduling-1] r.a.observability.ObservabilityService   : LAB9 Observability window=10s category=http.main.clients count=25 sumNanos=4862433817 avgNanos=194497352
zil-additional-service  | 2026-05-04T14:44:37.852Z  INFO 1 --- [zil-additional-service] [   scheduling-1] r.a.observability.ObservabilityService   : LAB9 Observability window=10s category=http.main.rents count=461 sumNanos=78923708725 avgNanos=171201103
zil-additional-service  | 2026-05-04T14:44:37.852Z  INFO 1 --- [zil-additional-service] [   scheduling-1] r.a.observability.ObservabilityService   : LAB9 Observability window=10s category=http.main.cars count=456 sumNanos=74012423553 avgNanos=162307946
zil-additional-service  | 2026-05-04T14:44:37.852Z  INFO 1 --- [zil-additional-service] [   scheduling-1] r.a.observability.ObservabilityService   : LAB9 Observability window=10s category=web.additional.availability_new count=436 sumNanos=145564445933 avgNanos=333863408
zil-additional-service  | 2026-05-04T14:44:37.852Z  INFO 1 --- [zil-additional-service] [   scheduling-1] r.a.observability.ObservabilityService   : LAB9 Observability window=10s category=additional.statsComputation.availability.allCitiesAllDates count=436 sumNanos=100410483 avgNanos=230299
zil-additional-service  | 2026-05-04T14:44:37.852Z  INFO 1 --- [zil-additional-service] [   scheduling-1] r.a.observability.ObservabilityService   : LAB9 Observability window=30s category=additional.statsComputation.stats count=72 sumNanos=127281 avgNanos=1767
zil-additional-service  | 2026-05-04T14:44:37.852Z  INFO 1 --- [zil-additional-service] [   scheduling-1] r.a.observability.ObservabilityService   : LAB9 Observability window=30s category=web.additional.stats count=72 sumNanos=37529472730 avgNanos=521242676
zil-additional-service  | 2026-05-04T14:44:37.852Z  INFO 1 --- [zil-additional-service] [   scheduling-1] r.a.observability.ObservabilityService   : LAB9 Observability window=30s category=http.main.clients count=72 sumNanos=13924804934 avgNanos=193400068
zil-additional-service  | 2026-05-04T14:44:37.852Z  INFO 1 --- [zil-additional-service] [   scheduling-1] r.a.observability.ObservabilityService   : LAB9 Observability window=30s category=http.main.rents count=1394 sumNanos=232098238463 avgNanos=166498018
zil-additional-service  | 2026-05-04T14:44:37.852Z  INFO 1 --- [zil-additional-service] [   scheduling-1] r.a.observability.ObservabilityService   : LAB9 Observability window=30s category=http.main.cars count=1391 sumNanos=226146870737 avgNanos=162578627
zil-additional-service  | 2026-05-04T14:44:37.853Z  INFO 1 --- [zil-additional-service] [   scheduling-1] r.a.observability.ObservabilityService   : LAB9 Observability window=30s category=web.additional.availability_new count=1322 sumNanos=435774393852 avgNanos=329632673
zil-additional-service  | 2026-05-04T14:44:37.853Z  INFO 1 --- [zil-additional-service] [   scheduling-1] r.a.observability.ObservabilityService   : LAB9 Observability window=30s category=additional.statsComputation.availability.allCitiesAllDates count=1322 sumNanos=332675670 avgNanos=251645
zil-additional-service  | 2026-05-04T14:44:37.853Z  INFO 1 --- [zil-additional-service] [   scheduling-1] r.a.observability.ObservabilityService   : LAB9 Observability window=1m category=additional.statsComputation.stats count=138 sumNanos=338465 avgNanos=2452
zil-additional-service  | 2026-05-04T14:44:37.853Z  INFO 1 --- [zil-additional-service] [   scheduling-1] r.a.observability.ObservabilityService   : LAB9 Observability window=1m category=http.main.clients count=137 sumNanos=26232444753 avgNanos=191477698
zil-additional-service  | 2026-05-04T14:44:37.853Z  INFO 1 --- [zil-additional-service] [   scheduling-1] r.a.observability.ObservabilityService   : LAB9 Observability window=1m category=web.additional.stats count=138 sumNanos=71905297231 avgNanos=521052878
zil-additional-service  | 2026-05-04T14:44:37.853Z  INFO 1 --- [zil-additional-service] [   scheduling-1] r.a.observability.ObservabilityService   : LAB9 Observability window=1m category=http.main.rents count=2779 sumNanos=463583997120 avgNanos=166816839
zil-additional-service  | 2026-05-04T14:44:37.853Z  INFO 1 --- [zil-additional-service] [   scheduling-1] r.a.observability.ObservabilityService   : LAB9 Observability window=1m category=http.main.cars count=2776 sumNanos=455938154777 avgNanos=164242851
zil-additional-service  | 2026-05-04T14:44:37.853Z  INFO 1 --- [zil-additional-service] [   scheduling-1] r.a.observability.ObservabilityService   : LAB9 Observability window=1m category=web.additional.availability_new count=2641 sumNanos=876069038071 avgNanos=331718681
zil-additional-service  | 2026-05-04T14:44:37.853Z  INFO 1 --- [zil-additional-service] [   scheduling-1] r.a.observability.ObservabilityService   : LAB9 Observability window=1m category=additional.statsComputation.availability.allCitiesAllDates count=2641 sumNanos=674147898 avgNanos=255262
zil-additional-service  | 2026-05-04T14:44:42.854Z  INFO 1 --- [zil-additional-service] [   scheduling-1] r.a.observability.ObservabilityService   : LAB9 Observability window=10s category=additional.statsComputation.stats count=26 sumNanos=39173 avgNanos=1506
zil-additional-service  | 2026-05-04T14:44:42.855Z  INFO 1 --- [zil-additional-service] [   scheduling-1] r.a.observability.ObservabilityService   : LAB9 Observability window=10s category=http.main.clients count=25 sumNanos=4855460882 avgNanos=194218435
zil-additional-service  | 2026-05-04T14:44:42.855Z  INFO 1 --- [zil-additional-service] [   scheduling-1] r.a.observability.ObservabilityService   : LAB9 Observability window=10s category=web.additional.stats count=26 sumNanos=13275261442 avgNanos=510586978
zil-additional-service  | 2026-05-04T14:44:42.855Z  INFO 1 --- [zil-additional-service] [   scheduling-1] r.a.observability.ObservabilityService   : LAB9 Observability window=10s category=http.main.rents count=471 sumNanos=78204203783 avgNanos=166038649
zil-additional-service  | 2026-05-04T14:44:42.855Z  INFO 1 --- [zil-additional-service] [   scheduling-1] r.a.observability.ObservabilityService   : LAB9 Observability window=10s category=http.main.cars count=467 sumNanos=73301431633 avgNanos=156962380
zil-additional-service  | 2026-05-04T14:44:42.856Z  INFO 1 --- [zil-additional-service] [   scheduling-1] r.a.observability.ObservabilityService   : LAB9 Observability window=10s category=web.additional.availability_new count=445 sumNanos=144064555686 avgNanos=323740574
zil-additional-service  | 2026-05-04T14:44:42.856Z  INFO 1 --- [zil-additional-service] [   scheduling-1] r.a.observability.ObservabilityService   : LAB9 Observability window=10s category=additional.statsComputation.availability.allCitiesAllDates count=445 sumNanos=94425620 avgNanos=212192
zil-additional-service  | 2026-05-04T14:44:42.856Z  INFO 1 --- [zil-additional-service] [   scheduling-1] r.a.observability.ObservabilityService   : LAB9 Observability window=30s category=additional.statsComputation.stats count=73 sumNanos=127764 avgNanos=1750
zil-additional-service  | 2026-05-04T14:44:42.856Z  INFO 1 --- [zil-additional-service] [   scheduling-1] r.a.observability.ObservabilityService   : LAB9 Observability window=30s category=web.additional.stats count=73 sumNanos=37721899119 avgNanos=516738344
zil-additional-service  | 2026-05-04T14:44:42.857Z  INFO 1 --- [zil-additional-service] [   scheduling-1] r.a.observability.ObservabilityService   : LAB9 Observability window=30s category=http.main.clients count=73 sumNanos=13820921174 avgNanos=189327687
zil-additional-service  | 2026-05-04T14:44:42.858Z  INFO 1 --- [zil-additional-service] [   scheduling-1] r.a.observability.ObservabilityService   : LAB9 Observability window=30s category=http.main.rents count=1395 sumNanos=232196007960 avgNanos=166448751
zil-additional-service  | 2026-05-04T14:44:42.858Z  INFO 1 --- [zil-additional-service] [   scheduling-1] r.a.observability.ObservabilityService   : LAB9 Observability window=30s category=http.main.cars count=1390 sumNanos=226429290624 avgNanos=162898770
zil-additional-service  | 2026-05-04T14:44:42.858Z  INFO 1 --- [zil-additional-service] [   scheduling-1] r.a.observability.ObservabilityService   : LAB9 Observability window=30s category=web.additional.availability_new count=1322 sumNanos=436132991839 avgNanos=329903927
zil-additional-service  | 2026-05-04T14:44:42.858Z  INFO 1 --- [zil-additional-service] [   scheduling-1] r.a.observability.ObservabilityService   : LAB9 Observability window=30s category=additional.statsComputation.availability.allCitiesAllDates count=1322 sumNanos=340080375 avgNanos=257246
zil-additional-service  | 2026-05-04T14:44:42.858Z  INFO 1 --- [zil-additional-service] [   scheduling-1] r.a.observability.ObservabilityService   : LAB9 Observability window=1m category=additional.statsComputation.stats count=133 sumNanos=302645 avgNanos=2275
zil-additional-service  | 2026-05-04T14:44:42.858Z  INFO 1 --- [zil-additional-service] [   scheduling-1] r.a.observability.ObservabilityService   : LAB9 Observability window=1m category=web.additional.stats count=133 sumNanos=69374386367 avgNanos=521611927
zil-additional-service  | 2026-05-04T14:44:42.858Z  INFO 1 --- [zil-additional-service] [   scheduling-1] r.a.observability.ObservabilityService   : LAB9 Observability window=1m category=http.main.clients count=133 sumNanos=25328177935 avgNanos=190437428
zil-additional-service  | 2026-05-04T14:44:42.858Z  INFO 1 --- [zil-additional-service] [   scheduling-1] r.a.observability.ObservabilityService   : LAB9 Observability window=1m category=http.main.rents count=2789 sumNanos=464004966511 avgNanos=166369654
zil-additional-service  | 2026-05-04T14:44:42.858Z  INFO 1 --- [zil-additional-service] [   scheduling-1] r.a.observability.ObservabilityService   : LAB9 Observability window=1m category=http.main.cars count=2787 sumNanos=455372857691 avgNanos=163391768
zil-additional-service  | 2026-05-04T14:44:42.858Z  INFO 1 --- [zil-additional-service] [   scheduling-1] r.a.observability.ObservabilityService   : LAB9 Observability window=1m category=web.additional.availability_new count=2656 sumNanos=876989807887 avgNanos=330191945
zil-additional-service  | 2026-05-04T14:44:42.859Z  INFO 1 --- [zil-additional-service] [   scheduling-1] r.a.observability.ObservabilityService   : LAB9 Observability window=1m category=additional.statsComputation.availability.allCitiesAllDates count=2656 sumNanos=615197301 avgNanos=231625
zil-additional-service  | 2026-05-04T14:44:47.863Z  INFO 1 --- [zil-additional-service] [   scheduling-1] r.a.observability.ObservabilityService   : LAB9 Observability window=10s category=additional.statsComputation.stats count=21 sumNanos=31989 avgNanos=1523
zil-additional-service  | 2026-05-04T14:44:47.863Z  INFO 1 --- [zil-additional-service] [   scheduling-1] r.a.observability.ObservabilityService   : LAB9 Observability window=10s category=web.additional.stats count=21 sumNanos=11121597229 avgNanos=529599868
zil-additional-service  | 2026-05-04T14:44:47.863Z  INFO 1 --- [zil-additional-service] [   scheduling-1] r.a.observability.ObservabilityService   : LAB9 Observability window=10s category=http.main.clients count=21 sumNanos=3916149633 avgNanos=186483315
zil-additional-service  | 2026-05-04T14:44:47.864Z  INFO 1 --- [zil-additional-service] [   scheduling-1] r.a.observability.ObservabilityService   : LAB9 Observability window=10s category=http.main.rents count=465 sumNanos=76566283016 avgNanos=164658673
zil-additional-service  | 2026-05-04T14:44:47.872Z  INFO 1 --- [zil-additional-service] [   scheduling-1] r.a.observability.ObservabilityService   : LAB9 Observability window=10s category=http.main.cars count=469 sumNanos=76833762644 avgNanos=163824653
zil-additional-service  | 2026-05-04T14:44:47.872Z  INFO 1 --- [zil-additional-service] [   scheduling-1] r.a.observability.ObservabilityService   : LAB9 Observability window=10s category=web.additional.availability_new count=444 sumNanos=145967718196 avgNanos=328756122
zil-additional-service  | 2026-05-04T14:44:47.872Z  INFO 1 --- [zil-additional-service] [   scheduling-1] r.a.observability.ObservabilityService   : LAB9 Observability window=10s category=additional.statsComputation.availability.allCitiesAllDates count=444 sumNanos=86768394 avgNanos=195424
zil-additional-service  | 2026-05-04T14:44:47.872Z  INFO 1 --- [zil-additional-service] [   scheduling-1] r.a.observability.ObservabilityService   : LAB9 Observability window=30s category=additional.statsComputation.stats count=71 sumNanos=125313 avgNanos=1764
zil-additional-service  | 2026-05-04T14:44:47.872Z  INFO 1 --- [zil-additional-service] [   scheduling-1] r.a.observability.ObservabilityService   : LAB9 Observability window=30s category=http.main.clients count=69 sumNanos=13020379524 avgNanos=188701152
zil-additional-service  | 2026-05-04T14:44:47.873Z  INFO 1 --- [zil-additional-service] [   scheduling-1] r.a.observability.ObservabilityService   : LAB9 Observability window=30s category=web.additional.stats count=71 sumNanos=36796034677 avgNanos=518254009
zil-additional-service  | 2026-05-04T14:44:47.873Z  INFO 1 --- [zil-additional-service] [   scheduling-1] r.a.observability.ObservabilityService   : LAB9 Observability window=30s category=http.main.rents count=1395 sumNanos=231459713542 avgNanos=165920941
zil-additional-service  | 2026-05-04T14:44:47.873Z  INFO 1 --- [zil-additional-service] [   scheduling-1] r.a.observability.ObservabilityService   : LAB9 Observability window=30s category=http.main.cars count=1396 sumNanos=227372195044 avgNanos=162874065
zil-additional-service  | 2026-05-04T14:44:47.873Z  INFO 1 --- [zil-additional-service] [   scheduling-1] r.a.observability.ObservabilityService   : LAB9 Observability window=30s category=web.additional.availability_new count=1324 sumNanos=436037531192 avgNanos=329333482
zil-additional-service  | 2026-05-04T14:44:47.873Z  INFO 1 --- [zil-additional-service] [   scheduling-1] r.a.observability.ObservabilityService   : LAB9 Observability window=30s category=additional.statsComputation.availability.allCitiesAllDates count=1324 sumNanos=300851694 avgNanos=227229
zil-additional-service  | 2026-05-04T14:44:47.873Z  INFO 1 --- [zil-additional-service] [   scheduling-1] r.a.observability.ObservabilityService   : LAB9 Observability window=1m category=additional.statsComputation.stats count=133 sumNanos=289282 avgNanos=2175
zil-additional-service  | 2026-05-04T14:44:47.873Z  INFO 1 --- [zil-additional-service] [   scheduling-1] r.a.observability.ObservabilityService   : LAB9 Observability window=1m category=web.additional.stats count=133 sumNanos=69778183550 avgNanos=524647996
zil-additional-service  | 2026-05-04T14:44:47.874Z  INFO 1 --- [zil-additional-service] [   scheduling-1] r.a.observability.ObservabilityService   : LAB9 Observability window=1m category=http.main.clients count=133 sumNanos=25240287746 avgNanos=189776599
zil-additional-service  | 2026-05-04T14:44:47.874Z  INFO 1 --- [zil-additional-service] [   scheduling-1] r.a.observability.ObservabilityService   : LAB9 Observability window=1m category=http.main.rents count=2791 sumNanos=463139214048 avgNanos=165940241
zil-additional-service  | 2026-05-04T14:44:47.874Z  INFO 1 --- [zil-additional-service] [   scheduling-1] r.a.observability.ObservabilityService   : LAB9 Observability window=1m category=http.main.cars count=2791 sumNanos=456415826603 avgNanos=163531288
zil-additional-service  | 2026-05-04T14:44:47.874Z  INFO 1 --- [zil-additional-service] [   scheduling-1] r.a.observability.ObservabilityService   : LAB9 Observability window=1m category=web.additional.availability_new count=2658 sumNanos=876579926692 avgNanos=329789287
zil-additional-service  | 2026-05-04T14:44:47.874Z  INFO 1 --- [zil-additional-service] [   scheduling-1] r.a.observability.ObservabilityService   : LAB9 Observability window=1m category=additional.statsComputation.availability.allCitiesAllDates count=2658 sumNanos=604398046 avgNanos=227388
zil-additional-service  | 2026-05-04T14:44:52.875Z  INFO 1 --- [zil-additional-service] [   scheduling-1] r.a.observability.ObservabilityService   : LAB9 Observability window=10s category=additional.statsComputation.stats count=15 sumNanos=22637 avgNanos=1509
zil-additional-service  | 2026-05-04T14:44:52.876Z  INFO 1 --- [zil-additional-service] [   scheduling-1] r.a.observability.ObservabilityService   : LAB9 Observability window=10s category=web.additional.stats count=15 sumNanos=8027986684 avgNanos=535199112
zil-additional-service  | 2026-05-04T14:44:52.876Z  INFO 1 --- [zil-additional-service] [   scheduling-1] r.a.observability.ObservabilityService   : LAB9 Observability window=10s category=http.main.clients count=16 sumNanos=2896847845 avgNanos=181052990
zil-additional-service  | 2026-05-04T14:44:52.876Z  INFO 1 --- [zil-additional-service] [   scheduling-1] r.a.observability.ObservabilityService   : LAB9 Observability window=10s category=http.main.rents count=467 sumNanos=76812279033 avgNanos=164480254
zil-additional-service  | 2026-05-04T14:44:52.876Z  INFO 1 --- [zil-additional-service] [   scheduling-1] r.a.observability.ObservabilityService   : LAB9 Observability window=10s category=http.main.cars count=468 sumNanos=77231577805 avgNanos=165024738
zil-additional-service  | 2026-05-04T14:44:52.876Z  INFO 1 --- [zil-additional-service] [   scheduling-1] r.a.observability.ObservabilityService   : LAB9 Observability window=10s category=web.additional.availability_new count=452 sumNanos=148946502204 avgNanos=329527659
zil-additional-service  | 2026-05-04T14:44:52.876Z  INFO 1 --- [zil-additional-service] [   scheduling-1] r.a.observability.ObservabilityService   : LAB9 Observability window=10s category=additional.statsComputation.availability.allCitiesAllDates count=452 sumNanos=83558358 avgNanos=184863
zil-additional-service  | 2026-05-04T14:44:52.876Z  INFO 1 --- [zil-additional-service] [   scheduling-1] r.a.observability.ObservabilityService   : LAB9 Observability window=30s category=additional.statsComputation.stats count=64 sumNanos=98058 avgNanos=1532
zil-additional-service  | 2026-05-04T14:44:52.876Z  INFO 1 --- [zil-additional-service] [   scheduling-1] r.a.observability.ObservabilityService   : LAB9 Observability window=30s category=web.additional.stats count=64 sumNanos=33368261775 avgNanos=521379090
zil-additional-service  | 2026-05-04T14:44:52.876Z  INFO 1 --- [zil-additional-service] [   scheduling-1] r.a.observability.ObservabilityService   : LAB9 Observability window=30s category=http.main.clients count=65 sumNanos=12209870008 avgNanos=187844153
zil-additional-service  | 2026-05-04T14:44:52.876Z  INFO 1 --- [zil-additional-service] [   scheduling-1] r.a.observability.ObservabilityService   : LAB9 Observability window=30s category=http.main.rents count=1396 sumNanos=231540000828 avgNanos=165859599
zil-additional-service  | 2026-05-04T14:44:52.876Z  INFO 1 --- [zil-additional-service] [   scheduling-1] r.a.observability.ObservabilityService   : LAB9 Observability window=30s category=http.main.cars count=1398 sumNanos=227294027781 avgNanos=162585141
zil-additional-service  | 2026-05-04T14:44:52.876Z  INFO 1 --- [zil-additional-service] [   scheduling-1] r.a.observability.ObservabilityService   : LAB9 Observability window=30s category=web.additional.availability_new count=1332 sumNanos=437860117319 avgNanos=328723811
zil-additional-service  | 2026-05-04T14:44:52.876Z  INFO 1 --- [zil-additional-service] [   scheduling-1] r.a.observability.ObservabilityService   : LAB9 Observability window=30s category=additional.statsComputation.availability.allCitiesAllDates count=1332 sumNanos=289360933 avgNanos=217237
zil-additional-service  | 2026-05-04T14:44:52.877Z  INFO 1 --- [zil-additional-service] [   scheduling-1] r.a.observability.ObservabilityService   : LAB9 Observability window=1m category=additional.statsComputation.stats count=132 sumNanos=278411 avgNanos=2109
zil-additional-service  | 2026-05-04T14:44:52.877Z  INFO 1 --- [zil-additional-service] [   scheduling-1] r.a.observability.ObservabilityService   : LAB9 Observability window=1m category=web.additional.stats count=132 sumNanos=68945495244 avgNanos=522314357
zil-additional-service  | 2026-05-04T14:44:52.877Z  INFO 1 --- [zil-additional-service] [   scheduling-1] r.a.observability.ObservabilityService   : LAB9 Observability window=1m category=http.main.clients count=133 sumNanos=25164896697 avgNanos=189209749
zil-additional-service  | 2026-05-04T14:44:52.877Z  INFO 1 --- [zil-additional-service] [   scheduling-1] r.a.observability.ObservabilityService   : LAB9 Observability window=1m category=http.main.rents count=2791 sumNanos=463067984601 avgNanos=165914720
zil-additional-service  | 2026-05-04T14:44:52.877Z  INFO 1 --- [zil-additional-service] [   scheduling-1] r.a.observability.ObservabilityService   : LAB9 Observability window=1m category=http.main.cars count=2791 sumNanos=455315852931 avgNanos=163137174
zil-additional-service  | 2026-05-04T14:44:52.877Z  INFO 1 --- [zil-additional-service] [   scheduling-1] r.a.observability.ObservabilityService   : LAB9 Observability window=1m category=web.additional.availability_new count=2659 sumNanos=875997286103 avgNanos=329446139
zil-additional-service  | 2026-05-04T14:44:52.877Z  INFO 1 --- [zil-additional-service] [   scheduling-1] r.a.observability.ObservabilityService   : LAB9 Observability window=1m category=additional.statsComputation.availability.allCitiesAllDates count=2659 sumNanos=599689208 avgNanos=225531
zil-additional-service  | 2026-05-04T14:44:57.879Z  INFO 1 --- [zil-additional-service] [   scheduling-1] r.a.observability.ObservabilityService   : LAB9 Observability window=10s category=additional.statsComputation.stats count=18 sumNanos=26294 avgNanos=1460
zil-additional-service  | 2026-05-04T14:44:57.879Z  INFO 1 --- [zil-additional-service] [   scheduling-1] r.a.observability.ObservabilityService   : LAB9 Observability window=10s category=web.additional.stats count=18 sumNanos=9129703327 avgNanos=507205740
zil-additional-service  | 2026-05-04T14:44:57.879Z  INFO 1 --- [zil-additional-service] [   scheduling-1] r.a.observability.ObservabilityService   : LAB9 Observability window=10s category=http.main.clients count=18 sumNanos=3163218488 avgNanos=175734360
zil-additional-service  | 2026-05-04T14:44:57.879Z  INFO 1 --- [zil-additional-service] [   scheduling-1] r.a.observability.ObservabilityService   : LAB9 Observability window=10s category=http.main.rents count=474 sumNanos=77423635216 avgNanos=163341002
zil-additional-service  | 2026-05-04T14:44:57.879Z  INFO 1 --- [zil-additional-service] [   scheduling-1] r.a.observability.ObservabilityService   : LAB9 Observability window=10s category=http.main.cars count=476 sumNanos=76224987251 avgNanos=160136527
zil-additional-service  | 2026-05-04T14:44:57.879Z  INFO 1 --- [zil-additional-service] [   scheduling-1] r.a.observability.ObservabilityService   : LAB9 Observability window=10s category=web.additional.availability_new count=456 sumNanos=147511429659 avgNanos=323489977
zil-additional-service  | 2026-05-04T14:44:57.879Z  INFO 1 --- [zil-additional-service] [   scheduling-1] r.a.observability.ObservabilityService   : LAB9 Observability window=10s category=additional.statsComputation.availability.allCitiesAllDates count=456 sumNanos=85633918 avgNanos=187793
zil-additional-service  | 2026-05-04T14:44:57.879Z  INFO 1 --- [zil-additional-service] [   scheduling-1] r.a.observability.ObservabilityService   : LAB9 Observability window=30s category=additional.statsComputation.stats count=64 sumNanos=97491 avgNanos=1523
zil-additional-service  | 2026-05-04T14:44:57.879Z  INFO 1 --- [zil-additional-service] [   scheduling-1] r.a.observability.ObservabilityService   : LAB9 Observability window=30s category=web.additional.stats count=64 sumNanos=33411313348 avgNanos=522051771
zil-additional-service  | 2026-05-04T14:44:57.879Z  INFO 1 --- [zil-additional-service] [   scheduling-1] r.a.observability.ObservabilityService   : LAB9 Observability window=30s category=http.main.clients count=64 sumNanos=11941801938 avgNanos=186590655
zil-additional-service  | 2026-05-04T14:44:57.879Z  INFO 1 --- [zil-additional-service] [   scheduling-1] r.a.observability.ObservabilityService   : LAB9 Observability window=30s category=http.main.rents count=1398 sumNanos=232598245901 avgNanos=166379288
zil-additional-service  | 2026-05-04T14:44:57.879Z  INFO 1 --- [zil-additional-service] [   scheduling-1] r.a.observability.ObservabilityService   : LAB9 Observability window=30s category=http.main.cars count=1400 sumNanos=226823633347 avgNanos=162016880
zil-additional-service  | 2026-05-04T14:44:57.879Z  INFO 1 --- [zil-additional-service] [   scheduling-1] r.a.observability.ObservabilityService   : LAB9 Observability window=30s category=web.additional.availability_new count=1334 sumNanos=438366774951 avgNanos=328610775
zil-additional-service  | 2026-05-04T14:44:57.879Z  INFO 1 --- [zil-additional-service] [   scheduling-1] r.a.observability.ObservabilityService   : LAB9 Observability window=30s category=additional.statsComputation.availability.allCitiesAllDates count=1334 sumNanos=272809090 avgNanos=204504
zil-additional-service  | 2026-05-04T14:44:57.880Z  INFO 1 --- [zil-additional-service] [   scheduling-1] r.a.observability.ObservabilityService   : LAB9 Observability window=1m category=additional.statsComputation.stats count=133 sumNanos=264173 avgNanos=1986
zil-additional-service  | 2026-05-04T14:44:57.880Z  INFO 1 --- [zil-additional-service] [   scheduling-1] r.a.observability.ObservabilityService   : LAB9 Observability window=1m category=web.additional.stats count=133 sumNanos=69461877591 avgNanos=522269756
zil-additional-service  | 2026-05-04T14:44:57.880Z  INFO 1 --- [zil-additional-service] [   scheduling-1] r.a.observability.ObservabilityService   : LAB9 Observability window=1m category=http.main.clients count=133 sumNanos=25226044266 avgNanos=189669505
zil-additional-service  | 2026-05-04T14:44:57.880Z  INFO 1 --- [zil-additional-service] [   scheduling-1] r.a.observability.ObservabilityService   : LAB9 Observability window=1m category=http.main.rents count=2793 sumNanos=463615298540 avgNanos=165991872
zil-additional-service  | 2026-05-04T14:44:57.880Z  INFO 1 --- [zil-additional-service] [   scheduling-1] r.a.observability.ObservabilityService   : LAB9 Observability window=1m category=http.main.cars count=2796 sumNanos=455175880353 avgNanos=162795379
zil-additional-service  | 2026-05-04T14:44:57.880Z  INFO 1 --- [zil-additional-service] [   scheduling-1] r.a.observability.ObservabilityService   : LAB9 Observability window=1m category=web.additional.availability_new count=2660 sumNanos=875651900012 avgNanos=329192443
zil-additional-service  | 2026-05-04T14:44:57.880Z  INFO 1 --- [zil-additional-service] [   scheduling-1] r.a.observability.ObservabilityService   : LAB9 Observability window=1m category=additional.statsComputation.availability.allCitiesAllDates count=2660 sumNanos=586962312 avgNanos=220662
zil-additional-service  | 2026-05-04T14:45:02.881Z  INFO 1 --- [zil-additional-service] [   scheduling-1] r.a.observability.ObservabilityService   : LAB9 Observability window=10s category=additional.statsComputation.stats count=20 sumNanos=32561 avgNanos=1628
zil-additional-service  | 2026-05-04T14:45:02.881Z  INFO 1 --- [zil-additional-service] [   scheduling-1] r.a.observability.ObservabilityService   : LAB9 Observability window=10s category=http.main.clients count=19 sumNanos=3554219814 avgNanos=187064200
zil-additional-service  | 2026-05-04T14:45:02.881Z  INFO 1 --- [zil-additional-service] [   scheduling-1] r.a.observability.ObservabilityService   : LAB9 Observability window=10s category=web.additional.stats count=20 sumNanos=10514826908 avgNanos=525741345
zil-additional-service  | 2026-05-04T14:45:02.881Z  INFO 1 --- [zil-additional-service] [   scheduling-1] r.a.observability.ObservabilityService   : LAB9 Observability window=10s category=http.main.rents count=351 sumNanos=57850627322 avgNanos=164816602
zil-additional-service  | 2026-05-04T14:45:02.881Z  INFO 1 --- [zil-additional-service] [   scheduling-1] r.a.observability.ObservabilityService   : LAB9 Observability window=10s category=http.main.cars count=343 sumNanos=57071269681 avgNanos=166388541
zil-additional-service  | 2026-05-04T14:45:02.881Z  INFO 1 --- [zil-additional-service] [   scheduling-1] r.a.observability.ObservabilityService   : LAB9 Observability window=10s category=web.additional.availability_new count=331 sumNanos=109615412726 avgNanos=331164388
zil-additional-service  | 2026-05-04T14:45:02.881Z  INFO 1 --- [zil-additional-service] [   scheduling-1] r.a.observability.ObservabilityService   : LAB9 Observability window=10s category=additional.statsComputation.availability.allCitiesAllDates count=331 sumNanos=54856229 avgNanos=165728
zil-additional-service  | 2026-05-04T14:45:02.881Z  INFO 1 --- [zil-additional-service] [   scheduling-1] r.a.observability.ObservabilityService   : LAB9 Observability window=30s category=additional.statsComputation.stats count=60 sumNanos=92611 avgNanos=1543
zil-additional-service  | 2026-05-04T14:45:02.881Z  INFO 1 --- [zil-additional-service] [   scheduling-1] r.a.observability.ObservabilityService   : LAB9 Observability window=30s category=web.additional.stats count=60 sumNanos=31271865388 avgNanos=521197756
zil-additional-service  | 2026-05-04T14:45:02.881Z  INFO 1 --- [zil-additional-service] [   scheduling-1] r.a.observability.ObservabilityService   : LAB9 Observability window=30s category=http.main.clients count=60 sumNanos=11306528541 avgNanos=188442142
zil-additional-service  | 2026-05-04T14:45:02.881Z  INFO 1 --- [zil-additional-service] [   scheduling-1] r.a.observability.ObservabilityService   : LAB9 Observability window=30s category=http.main.rents count=1288 sumNanos=212670148697 avgNanos=165116575
zil-additional-service  | 2026-05-04T14:45:02.881Z  INFO 1 --- [zil-additional-service] [   scheduling-1] r.a.observability.ObservabilityService   : LAB9 Observability window=30s category=http.main.cars count=1277 sumNanos=207425099697 avgNanos=162431558
zil-additional-service  | 2026-05-04T14:45:02.881Z  INFO 1 --- [zil-additional-service] [   scheduling-1] r.a.observability.ObservabilityService   : LAB9 Observability window=30s category=web.additional.availability_new count=1228 sumNanos=402617972495 avgNanos=327864798
zil-additional-service  | 2026-05-04T14:45:02.881Z  INFO 1 --- [zil-additional-service] [   scheduling-1] r.a.observability.ObservabilityService   : LAB9 Observability window=30s category=additional.statsComputation.availability.allCitiesAllDates count=1228 sumNanos=232907233 avgNanos=189663
zil-additional-service  | 2026-05-04T14:45:02.882Z  INFO 1 --- [zil-additional-service] [   scheduling-1] r.a.observability.ObservabilityService   : LAB9 Observability window=1m category=additional.statsComputation.stats count=131 sumNanos=230365 avgNanos=1758
zil-additional-service  | 2026-05-04T14:45:02.882Z  INFO 1 --- [zil-additional-service] [   scheduling-1] r.a.observability.ObservabilityService   : LAB9 Observability window=1m category=web.additional.stats count=131 sumNanos=68560224761 avgNanos=523360494
zil-additional-service  | 2026-05-04T14:45:02.882Z  INFO 1 --- [zil-additional-service] [   scheduling-1] r.a.observability.ObservabilityService   : LAB9 Observability window=1m category=http.main.clients count=131 sumNanos=24903467683 avgNanos=190102806
zil-additional-service  | 2026-05-04T14:45:02.882Z  INFO 1 --- [zil-additional-service] [   scheduling-1] r.a.observability.ObservabilityService   : LAB9 Observability window=1m category=http.main.rents count=2680 sumNanos=442812902955 avgNanos=165228695
zil-additional-service  | 2026-05-04T14:45:02.882Z  INFO 1 --- [zil-additional-service] [   scheduling-1] r.a.observability.ObservabilityService   : LAB9 Observability window=1m category=http.main.cars count=2674 sumNanos=436637672631 avgNanos=163290079
zil-additional-service  | 2026-05-04T14:45:02.882Z  INFO 1 --- [zil-additional-service] [   scheduling-1] r.a.observability.ObservabilityService   : LAB9 Observability window=1m category=web.additional.availability_new count=2549 sumNanos=838184151303 avgNanos=328828619
zil-additional-service  | 2026-05-04T14:45:02.882Z  INFO 1 --- [zil-additional-service] [   scheduling-1] r.a.observability.ObservabilityService   : LAB9 Observability window=1m category=additional.statsComputation.availability.allCitiesAllDates count=2549 sumNanos=561024367 avgNanos=220095
zil-additional-service  | 2026-05-04T14:45:07.883Z  INFO 1 --- [zil-additional-service] [   scheduling-1] r.a.observability.ObservabilityService   : LAB9 Observability window=10s category=additional.statsComputation.stats count=8 sumNanos=15086 avgNanos=1885
zil-additional-service  | 2026-05-04T14:45:07.883Z  INFO 1 --- [zil-additional-service] [   scheduling-1] r.a.observability.ObservabilityService   : LAB9 Observability window=10s category=web.additional.stats count=8 sumNanos=4314127546 avgNanos=539265943
zil-additional-service  | 2026-05-04T14:45:07.883Z  INFO 1 --- [zil-additional-service] [   scheduling-1] r.a.observability.ObservabilityService   : LAB9 Observability window=10s category=http.main.clients count=8 sumNanos=1579157846 avgNanos=197394730
zil-additional-service  | 2026-05-04T14:45:07.883Z  INFO 1 --- [zil-additional-service] [   scheduling-1] r.a.observability.ObservabilityService   : LAB9 Observability window=10s category=http.main.rents count=114 sumNanos=18809595026 avgNanos=164996447
zil-additional-service  | 2026-05-04T14:45:07.883Z  INFO 1 --- [zil-additional-service] [   scheduling-1] r.a.observability.ObservabilityService   : LAB9 Observability window=10s category=http.main.cars count=105 sumNanos=18937317412 avgNanos=180355403
zil-additional-service  | 2026-05-04T14:45:07.883Z  INFO 1 --- [zil-additional-service] [   scheduling-1] r.a.observability.ObservabilityService   : LAB9 Observability window=10s category=web.additional.availability_new count=106 sumNanos=36539379863 avgNanos=344711130
zil-additional-service  | 2026-05-04T14:45:07.883Z  INFO 1 --- [zil-additional-service] [   scheduling-1] r.a.observability.ObservabilityService   : LAB9 Observability window=10s category=additional.statsComputation.availability.allCitiesAllDates count=106 sumNanos=17409370 avgNanos=164239
zil-additional-service  | 2026-05-04T14:45:07.884Z  INFO 1 --- [zil-additional-service] [   scheduling-1] r.a.observability.ObservabilityService   : LAB9 Observability window=30s category=additional.statsComputation.stats count=47 sumNanos=73369 avgNanos=1561
zil-additional-service  | 2026-05-04T14:45:07.884Z  INFO 1 --- [zil-additional-service] [   scheduling-1] r.a.observability.ObservabilityService   : LAB9 Observability window=30s category=web.additional.stats count=47 sumNanos=24565428102 avgNanos=522668683
zil-additional-service  | 2026-05-04T14:45:07.884Z  INFO 1 --- [zil-additional-service] [   scheduling-1] r.a.observability.ObservabilityService   : LAB9 Observability window=30s category=http.main.clients count=47 sumNanos=8658525967 avgNanos=184223956
zil-additional-service  | 2026-05-04T14:45:07.884Z  INFO 1 --- [zil-additional-service] [   scheduling-1] r.a.observability.ObservabilityService   : LAB9 Observability window=30s category=http.main.rents count=1053 sumNanos=172792747582 avgNanos=164095676
zil-additional-service  | 2026-05-04T14:45:07.884Z  INFO 1 --- [zil-additional-service] [   scheduling-1] r.a.observability.ObservabilityService   : LAB9 Observability window=30s category=http.main.cars count=1048 sumNanos=171704724826 avgNanos=163840386
zil-additional-service  | 2026-05-04T14:45:07.884Z  INFO 1 --- [zil-additional-service] [   scheduling-1] r.a.observability.ObservabilityService   : LAB9 Observability window=30s category=web.additional.availability_new count=1006 sumNanos=329936744911 avgNanos=327968931
zil-additional-service  | 2026-05-04T14:45:07.884Z  INFO 1 --- [zil-additional-service] [   scheduling-1] r.a.observability.ObservabilityService   : LAB9 Observability window=30s category=additional.statsComputation.availability.allCitiesAllDates count=1006 sumNanos=189762847 avgNanos=188631
zil-additional-service  | 2026-05-04T14:45:07.884Z  INFO 1 --- [zil-additional-service] [   scheduling-1] r.a.observability.ObservabilityService   : LAB9 Observability window=1m category=additional.statsComputation.stats count=119 sumNanos=200650 avgNanos=1686
zil-additional-service  | 2026-05-04T14:45:07.884Z  INFO 1 --- [zil-additional-service] [   scheduling-1] r.a.observability.ObservabilityService   : LAB9 Observability window=1m category=web.additional.stats count=119 sumNanos=62094900832 avgNanos=521805889
zil-additional-service  | 2026-05-04T14:45:07.884Z  INFO 1 --- [zil-additional-service] [   scheduling-1] r.a.observability.ObservabilityService   : LAB9 Observability window=1m category=http.main.clients count=119 sumNanos=22583330901 avgNanos=189775889
zil-additional-service  | 2026-05-04T14:45:07.884Z  INFO 1 --- [zil-additional-service] [   scheduling-1] r.a.observability.ObservabilityService   : LAB9 Observability window=1m category=http.main.rents count=2448 sumNanos=405017916759 avgNanos=165448495
zil-additional-service  | 2026-05-04T14:45:07.884Z  INFO 1 --- [zil-additional-service] [   scheduling-1] r.a.observability.ObservabilityService   : LAB9 Observability window=1m category=http.main.cars count=2439 sumNanos=397819974012 avgNanos=163107820
zil-additional-service  | 2026-05-04T14:45:07.884Z  INFO 1 --- [zil-additional-service] [   scheduling-1] r.a.observability.ObservabilityService   : LAB9 Observability window=1m category=web.additional.availability_new count=2329 sumNanos=766046507705 avgNanos=328916491
zil-additional-service  | 2026-05-04T14:45:07.884Z  INFO 1 --- [zil-additional-service] [   scheduling-1] r.a.observability.ObservabilityService   : LAB9 Observability window=1m category=additional.statsComputation.availability.allCitiesAllDates count=2329 sumNanos=522635187 avgNanos=224403
zil-additional-service  | 2026-05-04T14:45:12.885Z  INFO 1 --- [zil-additional-service] [   scheduling-1] r.a.observability.ObservabilityService   : LAB9 Observability window=30s category=additional.statsComputation.stats count=35 sumNanos=55198 avgNanos=1577
zil-additional-service  | 2026-05-04T14:45:12.885Z  INFO 1 --- [zil-additional-service] [   scheduling-1] r.a.observability.ObservabilityService   : LAB9 Observability window=30s category=web.additional.stats count=35 sumNanos=18542813592 avgNanos=529794674
zil-additional-service  | 2026-05-04T14:45:12.885Z  INFO 1 --- [zil-additional-service] [   scheduling-1] r.a.observability.ObservabilityService   : LAB9 Observability window=30s category=http.main.clients count=35 sumNanos=6451067659 avgNanos=184316218
zil-app                 | 
zil-app                 |   .   ____          _            __ _ _
zil-app                 |  /\\ / ___'_ __ _ _(_)_ __  __ _ \ \ \ \
zil-app                 | ( ( )\___ | '_ | '_| | '_ \/ _` | \ \ \ \
zil-app                 |  \\/  ___)| |_)| | | | | || (_| |  ) ) ) )
zil-app                 |   '  |____| .__|_| |_|_| |_\__, | / / / /
zil-app                 |  =========|_|==============|___/=/_/_/_/
zil-app                 | 
zil-app                 |  :: Spring Boot ::                (v4.0.3)
zil-app                 | 
zil-app                 | 2026-05-04T14:40:34.749Z  INFO 1 --- [           main] rental.Application                       : Starting Application v1.0-SNAPSHOT using Java 25.0.3 with PID 1 (/app/app.jar started by root in /app)
zil-app                 | 2026-05-04T14:40:34.766Z  INFO 1 --- [           main] rental.Application                       : No active profile set, falling back to 1 default profile: "default"
zil-app                 | 2026-05-04T14:40:37.630Z  INFO 1 --- [           main] .s.d.r.c.RepositoryConfigurationDelegate : Bootstrapping Spring Data JPA repositories in DEFAULT mode.
zil-app                 | 2026-05-04T14:40:37.809Z  INFO 1 --- [           main] .s.d.r.c.RepositoryConfigurationDelegate : Finished Spring Data repository scanning in 150 ms. Found 3 JPA repository interfaces.
zil-app                 | 2026-05-04T14:40:39.846Z  INFO 1 --- [           main] o.s.boot.tomcat.TomcatWebServer          : Tomcat initialized with port 8083 (http)
zil-app                 | 2026-05-04T14:40:39.881Z  INFO 1 --- [           main] o.apache.catalina.core.StandardService   : Starting service [Tomcat]
zil-app                 | 2026-05-04T14:40:39.886Z  INFO 1 --- [           main] o.apache.catalina.core.StandardEngine    : Starting Servlet engine: [Apache Tomcat/11.0.18]
zil-app                 | 2026-05-04T14:40:40.122Z  INFO 1 --- [           main] b.w.c.s.WebApplicationContextInitializer : Root WebApplicationContext: initialization completed in 5164 ms
zil-app                 | 2026-05-04T14:40:42.182Z  INFO 1 --- [           main] com.zaxxer.hikari.HikariDataSource       : HikariPool-1 - Starting...
zil-app                 | 2026-05-04T14:40:42.757Z  INFO 1 --- [           main] com.zaxxer.hikari.pool.HikariPool        : HikariPool-1 - Added connection org.postgresql.jdbc.PgConnection@45f1413c
zil-app                 | 2026-05-04T14:40:42.760Z  INFO 1 --- [           main] com.zaxxer.hikari.HikariDataSource       : HikariPool-1 - Start completed.
zil-app                 | 2026-05-04T14:40:42.855Z  INFO 1 --- [           main] org.flywaydb.core.FlywayExecutor         : Database: jdbc:postgresql://hl12.zil:5433/hl7?currentSchema=hl7 (PostgreSQL 16.13)
zil-app                 | 2026-05-04T14:40:43.130Z  INFO 1 --- [           main] o.f.core.internal.command.DbValidate     : Successfully validated 3 migrations (execution time 00:00.099s)
zil-app                 | 2026-05-04T14:40:43.256Z  INFO 1 --- [           main] o.f.core.internal.command.DbMigrate      : Current version of schema "hl7": 2
zil-app                 | 2026-05-04T14:40:43.267Z  INFO 1 --- [           main] o.f.core.internal.command.DbMigrate      : Schema "hl7" is up to date. No migration necessary.
zil-app                 | 2026-05-04T14:40:43.809Z  INFO 1 --- [           main] org.hibernate.orm.jpa                    : HHH008540: Processing PersistenceUnitInfo [name: default]
zil-app                 | 2026-05-04T14:40:44.037Z  INFO 1 --- [           main] org.hibernate.orm.core                   : HHH000001: Hibernate ORM core version 7.2.4.Final
zil-app                 | 2026-05-04T14:40:46.022Z  INFO 1 --- [           main] o.s.o.j.p.SpringPersistenceUnitInfo      : No LoadTimeWeaver setup: ignoring JPA class transformer
zil-app                 | 2026-05-04T14:40:46.315Z  INFO 1 --- [           main] org.hibernate.orm.connections.pooling    : HHH10001005: Database info:
zil-app                 | 	Database JDBC URL [jdbc:postgresql://hl12.zil:5433/hl7?currentSchema=hl7]
zil-app                 | 	Database driver: PostgreSQL JDBC Driver
zil-app                 | 	Database dialect: PostgreSQLDialect
zil-app                 | 	Database version: 16.13
zil-app                 | 	Default catalog/schema: hl7/hl7
zil-app                 | 	Autocommit mode: undefined/unknown
zil-app                 | 	Isolation level: READ_COMMITTED [default READ_COMMITTED]
zil-app                 | 	JDBC fetch size: none
zil-app                 | 	Pool: DataSourceConnectionProvider
zil-app                 | 	Minimum pool size: undefined/unknown
zil-app                 | 	Maximum pool size: undefined/unknown
zil-app                 | 2026-05-04T14:40:49.624Z  INFO 1 --- [           main] org.hibernate.orm.core                   : HHH000489: No JTA platform available (set 'hibernate.transaction.jta.platform' to enable JTA platform integration)
zil-app                 | 2026-05-04T14:40:49.754Z  INFO 1 --- [           main] j.LocalContainerEntityManagerFactoryBean : Initialized JPA EntityManagerFactory for persistence unit 'default'
zil-app                 | 2026-05-04T14:40:49.941Z  INFO 1 --- [           main] o.s.d.j.r.query.QueryEnhancerFactories   : Hibernate is in classpath; If applicable, HQL parser will be used.
zil-app                 | 2026-05-04T14:40:53.931Z  INFO 1 --- [           main] o.s.boot.tomcat.TomcatWebServer          : Tomcat started on port 8083 (http) with context path '/'
zil-app                 | 2026-05-04T14:40:53.954Z  INFO 1 --- [           main] rental.Application                       : Started Application in 20.624 seconds (process running for 22.433)
zil-app                 | 2026-05-04T14:42:00.623Z  INFO 1 --- [nio-8083-exec-8] o.a.c.c.C.[Tomcat].[localhost].[/]       : Initializing Spring DispatcherServlet 'dispatcherServlet'
zil-app                 | 2026-05-04T14:42:00.624Z  INFO 1 --- [nio-8083-exec-8] o.s.web.servlet.DispatcherServlet        : Initializing Servlet 'dispatcherServlet'
zil-app                 | 2026-05-04T14:42:00.628Z  INFO 1 --- [nio-8083-exec-8] o.s.web.servlet.DispatcherServlet        : Completed initialization in 2 ms
zil-app                 | 2026-05-04T14:42:03.960Z  INFO 1 --- [   scheduling-1] r.observability.ObservabilityService     : LAB9 Observability window=10s category=web.RentController.getRents count=6 sumNanos=3197906708 avgNanos=532984451
zil-app                 | 2026-05-04T14:42:03.968Z  INFO 1 --- [   scheduling-1] r.observability.ObservabilityService     : LAB9 Observability window=10s category=db.rent.findAll count=6 sumNanos=3197579990 avgNanos=532929998
zil-app                 | 2026-05-04T14:42:03.968Z  INFO 1 --- [   scheduling-1] r.observability.ObservabilityService     : LAB9 Observability window=10s category=web.CarController.getCars count=20 sumNanos=27898434928 avgNanos=1394921746
zil-app                 | 2026-05-04T14:42:03.968Z  INFO 1 --- [   scheduling-1] r.observability.ObservabilityService     : LAB9 Observability window=10s category=db.car.findAll count=20 sumNanos=27897982568 avgNanos=1394899128
zil-app                 | 2026-05-04T14:42:03.968Z  INFO 1 --- [   scheduling-1] r.observability.ObservabilityService     : LAB9 Observability window=30s category=web.RentController.getRents count=6 sumNanos=3197906708 avgNanos=532984451
zil-app                 | 2026-05-04T14:42:03.968Z  INFO 1 --- [   scheduling-1] r.observability.ObservabilityService     : LAB9 Observability window=30s category=db.rent.findAll count=6 sumNanos=3197579990 avgNanos=532929998
zil-app                 | 2026-05-04T14:42:03.968Z  INFO 1 --- [   scheduling-1] r.observability.ObservabilityService     : LAB9 Observability window=30s category=web.CarController.getCars count=20 sumNanos=27898434928 avgNanos=1394921746
zil-app                 | 2026-05-04T14:42:03.968Z  INFO 1 --- [   scheduling-1] r.observability.ObservabilityService     : LAB9 Observability window=30s category=db.car.findAll count=20 sumNanos=27897982568 avgNanos=1394899128
zil-app                 | 2026-05-04T14:42:03.968Z  INFO 1 --- [   scheduling-1] r.observability.ObservabilityService     : LAB9 Observability window=1m category=web.RentController.getRents count=6 sumNanos=3197906708 avgNanos=532984451
zil-app                 | 2026-05-04T14:42:03.968Z  INFO 1 --- [   scheduling-1] r.observability.ObservabilityService     : LAB9 Observability window=1m category=db.rent.findAll count=6 sumNanos=3197579990 avgNanos=532929998
zil-app                 | 2026-05-04T14:42:03.968Z  INFO 1 --- [   scheduling-1] r.observability.ObservabilityService     : LAB9 Observability window=1m category=web.CarController.getCars count=20 sumNanos=27898434928 avgNanos=1394921746
zil-app                 | 2026-05-04T14:42:03.968Z  INFO 1 --- [   scheduling-1] r.observability.ObservabilityService     : LAB9 Observability window=1m category=db.car.findAll count=20 sumNanos=27897982568 avgNanos=1394899128
zil-app                 | 2026-05-04T14:42:08.988Z  INFO 1 --- [   scheduling-1] r.observability.ObservabilityService     : LAB9 Observability window=10s category=web.ClientController.getClients count=8 sumNanos=2836721005 avgNanos=354590125
zil-app                 | 2026-05-04T14:42:08.991Z  INFO 1 --- [   scheduling-1] r.observability.ObservabilityService     : LAB9 Observability window=10s category=db.client.findAll count=8 sumNanos=2835388253 avgNanos=354423531
zil-app                 | 2026-05-04T14:42:08.991Z  INFO 1 --- [   scheduling-1] r.observability.ObservabilityService     : LAB9 Observability window=10s category=web.RentController.getRents count=111 sumNanos=40445760582 avgNanos=364376221
zil-app                 | 2026-05-04T14:42:08.991Z  INFO 1 --- [   scheduling-1] r.observability.ObservabilityService     : LAB9 Observability window=10s category=db.rent.findAll count=111 sumNanos=40444086169 avgNanos=364361136
zil-app                 | 2026-05-04T14:42:08.991Z  INFO 1 --- [   scheduling-1] r.observability.ObservabilityService     : LAB9 Observability window=10s category=web.CarController.getCars count=118 sumNanos=51608999352 avgNanos=437364401
zil-app                 | 2026-05-04T14:42:08.991Z  INFO 1 --- [   scheduling-1] r.observability.ObservabilityService     : LAB9 Observability window=10s category=db.car.findAll count=118 sumNanos=51607426427 avgNanos=437351071
zil-app                 | 2026-05-04T14:42:08.992Z  INFO 1 --- [   scheduling-1] r.observability.ObservabilityService     : LAB9 Observability window=30s category=web.ClientController.getClients count=8 sumNanos=2836721005 avgNanos=354590125
zil-app                 | 2026-05-04T14:42:08.992Z  INFO 1 --- [   scheduling-1] r.observability.ObservabilityService     : LAB9 Observability window=30s category=db.client.findAll count=8 sumNanos=2835388253 avgNanos=354423531
zil-app                 | 2026-05-04T14:42:08.992Z  INFO 1 --- [   scheduling-1] r.observability.ObservabilityService     : LAB9 Observability window=30s category=web.RentController.getRents count=111 sumNanos=40445760582 avgNanos=364376221
zil-app                 | 2026-05-04T14:42:08.992Z  INFO 1 --- [   scheduling-1] r.observability.ObservabilityService     : LAB9 Observability window=30s category=db.rent.findAll count=111 sumNanos=40444086169 avgNanos=364361136
zil-app                 | 2026-05-04T14:42:08.992Z  INFO 1 --- [   scheduling-1] r.observability.ObservabilityService     : LAB9 Observability window=30s category=web.CarController.getCars count=118 sumNanos=51608999352 avgNanos=437364401
zil-app                 | 2026-05-04T14:42:08.992Z  INFO 1 --- [   scheduling-1] r.observability.ObservabilityService     : LAB9 Observability window=30s category=db.car.findAll count=118 sumNanos=51607426427 avgNanos=437351071
zil-app                 | 2026-05-04T14:42:09.028Z  INFO 1 --- [   scheduling-1] r.observability.ObservabilityService     : LAB9 Observability window=1m category=web.ClientController.getClients count=8 sumNanos=2836721005 avgNanos=354590125
zil-app                 | 2026-05-04T14:42:09.029Z  INFO 1 --- [   scheduling-1] r.observability.ObservabilityService     : LAB9 Observability window=1m category=db.client.findAll count=8 sumNanos=2835388253 avgNanos=354423531
zil-app                 | 2026-05-04T14:42:09.029Z  INFO 1 --- [   scheduling-1] r.observability.ObservabilityService     : LAB9 Observability window=1m category=web.RentController.getRents count=112 sumNanos=40674528452 avgNanos=363165432
zil-app                 | 2026-05-04T14:42:09.029Z  INFO 1 --- [   scheduling-1] r.observability.ObservabilityService     : LAB9 Observability window=1m category=db.rent.findAll count=112 sumNanos=40672845255 avgNanos=363150404
zil-app                 | 2026-05-04T14:42:09.030Z  INFO 1 --- [   scheduling-1] r.observability.ObservabilityService     : LAB9 Observability window=1m category=web.CarController.getCars count=120 sumNanos=51918314320 avgNanos=432652619
zil-app                 | 2026-05-04T14:42:09.030Z  INFO 1 --- [   scheduling-1] r.observability.ObservabilityService     : LAB9 Observability window=1m category=db.car.findAll count=120 sumNanos=51916725271 avgNanos=432639377
zil-app                 | 2026-05-04T14:42:14.046Z  INFO 1 --- [   scheduling-1] r.observability.ObservabilityService     : LAB9 Observability window=10s category=web.ClientController.getClients count=14 sumNanos=3801820403 avgNanos=271558600
zil-app                 | 2026-05-04T14:42:14.047Z  INFO 1 --- [   scheduling-1] r.observability.ObservabilityService     : LAB9 Observability window=10s category=db.client.findAll count=14 sumNanos=3800452490 avgNanos=271460892
zil-app                 | 2026-05-04T14:42:14.048Z  INFO 1 --- [   scheduling-1] r.observability.ObservabilityService     : LAB9 Observability window=10s category=web.RentController.getRents count=274 sumNanos=68463773840 avgNanos=249867787
zil-app                 | 2026-05-04T14:42:14.051Z  INFO 1 --- [   scheduling-1] r.observability.ObservabilityService     : LAB9 Observability window=10s category=db.rent.findAll count=274 sumNanos=68460688397 avgNanos=249856526
zil-app                 | 2026-05-04T14:42:14.052Z  INFO 1 --- [   scheduling-1] r.observability.ObservabilityService     : LAB9 Observability window=10s category=web.CarController.getCars count=271 sumNanos=50411424728 avgNanos=186020017
zil-app                 | 2026-05-04T14:42:14.054Z  INFO 1 --- [   scheduling-1] r.observability.ObservabilityService     : LAB9 Observability window=10s category=db.car.findAll count=271 sumNanos=50408988899 avgNanos=186011029
zil-app                 | 2026-05-04T14:42:14.055Z  INFO 1 --- [   scheduling-1] r.observability.ObservabilityService     : LAB9 Observability window=30s category=web.ClientController.getClients count=14 sumNanos=3801820403 avgNanos=271558600
zil-app                 | 2026-05-04T14:42:14.062Z  INFO 1 --- [   scheduling-1] r.observability.ObservabilityService     : LAB9 Observability window=30s category=db.client.findAll count=14 sumNanos=3800452490 avgNanos=271460892
zil-app                 | 2026-05-04T14:42:14.062Z  INFO 1 --- [   scheduling-1] r.observability.ObservabilityService     : LAB9 Observability window=30s category=web.RentController.getRents count=283 sumNanos=73277859991 avgNanos=258932367
zil-app                 | 2026-05-04T14:42:14.063Z  INFO 1 --- [   scheduling-1] r.observability.ObservabilityService     : LAB9 Observability window=30s category=db.rent.findAll count=283 sumNanos=73274422866 avgNanos=258920222
zil-app                 | 2026-05-04T14:42:14.063Z  INFO 1 --- [   scheduling-1] r.observability.ObservabilityService     : LAB9 Observability window=30s category=web.CarController.getCars count=291 sumNanos=78309859656 avgNanos=269106046
zil-app                 | 2026-05-04T14:42:14.074Z  INFO 1 --- [   scheduling-1] r.observability.ObservabilityService     : LAB9 Observability window=30s category=db.car.findAll count=291 sumNanos=78306971467 avgNanos=269096121
zil-app                 | 2026-05-04T14:42:14.074Z  INFO 1 --- [   scheduling-1] r.observability.ObservabilityService     : LAB9 Observability window=1m category=web.ClientController.getClients count=14 sumNanos=3801820403 avgNanos=271558600
zil-app                 | 2026-05-04T14:42:14.074Z  INFO 1 --- [   scheduling-1] r.observability.ObservabilityService     : LAB9 Observability window=1m category=db.client.findAll count=14 sumNanos=3800452490 avgNanos=271460892
zil-app                 | 2026-05-04T14:42:14.075Z  INFO 1 --- [   scheduling-1] r.observability.ObservabilityService     : LAB9 Observability window=1m category=web.RentController.getRents count=283 sumNanos=73277859991 avgNanos=258932367
zil-app                 | 2026-05-04T14:42:14.075Z  INFO 1 --- [   scheduling-1] r.observability.ObservabilityService     : LAB9 Observability window=1m category=db.rent.findAll count=283 sumNanos=73274422866 avgNanos=258920222
zil-app                 | 2026-05-04T14:42:14.075Z  INFO 1 --- [   scheduling-1] r.observability.ObservabilityService     : LAB9 Observability window=1m category=web.CarController.getCars count=291 sumNanos=78309859656 avgNanos=269106046
zil-app                 | 2026-05-04T14:42:14.075Z  INFO 1 --- [   scheduling-1] r.observability.ObservabilityService     : LAB9 Observability window=1m category=db.car.findAll count=291 sumNanos=78306971467 avgNanos=269096121
zil-app                 | 2026-05-04T14:42:19.143Z  INFO 1 --- [   scheduling-1] r.observability.ObservabilityService     : LAB9 Observability window=10s category=web.ClientController.getClients count=18 sumNanos=2944016149 avgNanos=163556452
zil-app                 | 2026-05-04T14:42:19.144Z  INFO 1 --- [   scheduling-1] r.observability.ObservabilityService     : LAB9 Observability window=10s category=db.client.findAll count=18 sumNanos=2943924914 avgNanos=163551384
zil-app                 | 2026-05-04T14:42:19.144Z  INFO 1 --- [   scheduling-1] r.observability.ObservabilityService     : LAB9 Observability window=10s category=web.RentController.getRents count=388 sumNanos=63616782148 avgNanos=163960778
zil-app                 | 2026-05-04T14:42:19.154Z  INFO 1 --- [   scheduling-1] r.observability.ObservabilityService     : LAB9 Observability window=10s category=db.rent.findAll count=388 sumNanos=63613448659 avgNanos=163952187
zil-app                 | 2026-05-04T14:42:19.162Z  INFO 1 --- [   scheduling-1] r.observability.ObservabilityService     : LAB9 Observability window=10s category=web.CarController.getCars count=388 sumNanos=57694950901 avgNanos=148698327
zil-app                 | 2026-05-04T14:42:19.162Z  INFO 1 --- [   scheduling-1] r.observability.ObservabilityService     : LAB9 Observability window=10s category=db.car.findAll count=388 sumNanos=57692735242 avgNanos=148692616
zil-app                 | 2026-05-04T14:42:19.163Z  INFO 1 --- [   scheduling-1] r.observability.ObservabilityService     : LAB9 Observability window=30s category=web.ClientController.getClients count=26 sumNanos=5780737154 avgNanos=222336044
zil-app                 | 2026-05-04T14:42:19.163Z  INFO 1 --- [   scheduling-1] r.observability.ObservabilityService     : LAB9 Observability window=30s category=db.client.findAll count=26 sumNanos=5779313167 avgNanos=222281275
zil-app                 | 2026-05-04T14:42:19.163Z  INFO 1 --- [   scheduling-1] r.observability.ObservabilityService     : LAB9 Observability window=30s category=web.RentController.getRents count=502 sumNanos=104969437025 avgNanos=209102464
zil-app                 | 2026-05-04T14:42:19.163Z  INFO 1 --- [   scheduling-1] r.observability.ObservabilityService     : LAB9 Observability window=30s category=db.rent.findAll count=502 sumNanos=104964404544 avgNanos=209092439
zil-app                 | 2026-05-04T14:42:19.163Z  INFO 1 --- [   scheduling-1] r.observability.ObservabilityService     : LAB9 Observability window=30s category=web.CarController.getCars count=509 sumNanos=109708326050 avgNanos=215536986
zil-app                 | 2026-05-04T14:42:19.163Z  INFO 1 --- [   scheduling-1] r.observability.ObservabilityService     : LAB9 Observability window=30s category=db.car.findAll count=509 sumNanos=109704517495 avgNanos=215529503
zil-app                 | 2026-05-04T14:42:19.164Z  INFO 1 --- [   scheduling-1] r.observability.ObservabilityService     : LAB9 Observability window=1m category=web.ClientController.getClients count=26 sumNanos=5780737154 avgNanos=222336044
zil-app                 | 2026-05-04T14:42:19.164Z  INFO 1 --- [   scheduling-1] r.observability.ObservabilityService     : LAB9 Observability window=1m category=db.client.findAll count=26 sumNanos=5779313167 avgNanos=222281275
zil-app                 | 2026-05-04T14:42:19.164Z  INFO 1 --- [   scheduling-1] r.observability.ObservabilityService     : LAB9 Observability window=1m category=web.RentController.getRents count=502 sumNanos=104969437025 avgNanos=209102464
zil-app                 | 2026-05-04T14:42:19.164Z  INFO 1 --- [   scheduling-1] r.observability.ObservabilityService     : LAB9 Observability window=1m category=db.rent.findAll count=502 sumNanos=104964404544 avgNanos=209092439
zil-app                 | 2026-05-04T14:42:19.164Z  INFO 1 --- [   scheduling-1] r.observability.ObservabilityService     : LAB9 Observability window=1m category=web.CarController.getCars count=509 sumNanos=109708326050 avgNanos=215536986
zil-app                 | 2026-05-04T14:42:19.164Z  INFO 1 --- [   scheduling-1] r.observability.ObservabilityService     : LAB9 Observability window=1m category=db.car.findAll count=509 sumNanos=109704517495 avgNanos=215529503
zil-app                 | 2026-05-04T14:42:24.170Z  INFO 1 --- [   scheduling-1] r.observability.ObservabilityService     : LAB9 Observability window=10s category=web.ClientController.getClients count=22 sumNanos=3593885125 avgNanos=163358414
zil-app                 | 2026-05-04T14:42:24.180Z  INFO 1 --- [   scheduling-1] r.observability.ObservabilityService     : LAB9 Observability window=10s category=db.client.findAll count=22 sumNanos=3593702188 avgNanos=163350099
zil-app                 | 2026-05-04T14:42:24.181Z  INFO 1 --- [   scheduling-1] r.observability.ObservabilityService     : LAB9 Observability window=10s category=web.RentController.getRents count=443 sumNanos=59792376763 avgNanos=134971505
zil-app                 | 2026-05-04T14:42:24.181Z  INFO 1 --- [   scheduling-1] r.observability.ObservabilityService     : LAB9 Observability window=10s category=db.rent.findAll count=443 sumNanos=59789632108 avgNanos=134965309
zil-app                 | 2026-05-04T14:42:24.182Z  INFO 1 --- [   scheduling-1] r.observability.ObservabilityService     : LAB9 Observability window=10s category=web.CarController.getCars count=443 sumNanos=60049119722 avgNanos=135551060
zil-app                 | 2026-05-04T14:42:24.182Z  INFO 1 --- [   scheduling-1] r.observability.ObservabilityService     : LAB9 Observability window=10s category=db.car.findAll count=443 sumNanos=60046890997 avgNanos=135546029
zil-app                 | 2026-05-04T14:42:24.185Z  INFO 1 --- [   scheduling-1] r.observability.ObservabilityService     : LAB9 Observability window=30s category=web.ClientController.getClients count=36 sumNanos=7395705528 avgNanos=205436264
zil-app                 | 2026-05-04T14:42:24.186Z  INFO 1 --- [   scheduling-1] r.observability.ObservabilityService     : LAB9 Observability window=30s category=db.client.findAll count=36 sumNanos=7394154678 avgNanos=205393185
zil-app                 | 2026-05-04T14:42:24.187Z  INFO 1 --- [   scheduling-1] r.observability.ObservabilityService     : LAB9 Observability window=30s category=web.RentController.getRents count=731 sumNanos=134004713888 avgNanos=183316982
zil-app                 | 2026-05-04T14:42:24.187Z  INFO 1 --- [   scheduling-1] r.observability.ObservabilityService     : LAB9 Observability window=30s category=db.rent.findAll count=731 sumNanos=133998510302 avgNanos=183308495
zil-app                 | 2026-05-04T14:42:24.187Z  INFO 1 --- [   scheduling-1] r.observability.ObservabilityService     : LAB9 Observability window=30s category=web.CarController.getCars count=739 sumNanos=139315819425 avgNanos=188519376
zil-app                 | 2026-05-04T14:42:24.188Z  INFO 1 --- [   scheduling-1] r.observability.ObservabilityService     : LAB9 Observability window=30s category=db.car.findAll count=739 sumNanos=139310676149 avgNanos=188512416
zil-app                 | 2026-05-04T14:42:24.189Z  INFO 1 --- [   scheduling-1] r.observability.ObservabilityService     : LAB9 Observability window=1m category=web.ClientController.getClients count=36 sumNanos=7395705528 avgNanos=205436264
zil-app                 | 2026-05-04T14:42:24.190Z  INFO 1 --- [   scheduling-1] r.observability.ObservabilityService     : LAB9 Observability window=1m category=db.client.findAll count=36 sumNanos=7394154678 avgNanos=205393185
zil-app                 | 2026-05-04T14:42:24.190Z  INFO 1 --- [   scheduling-1] r.observability.ObservabilityService     : LAB9 Observability window=1m category=web.RentController.getRents count=731 sumNanos=134004713888 avgNanos=183316982
zil-app                 | 2026-05-04T14:42:24.190Z  INFO 1 --- [   scheduling-1] r.observability.ObservabilityService     : LAB9 Observability window=1m category=db.rent.findAll count=731 sumNanos=133998510302 avgNanos=183308495
zil-app                 | 2026-05-04T14:42:24.191Z  INFO 1 --- [   scheduling-1] r.observability.ObservabilityService     : LAB9 Observability window=1m category=web.CarController.getCars count=739 sumNanos=139315819425 avgNanos=188519376
zil-app                 | 2026-05-04T14:42:24.191Z  INFO 1 --- [   scheduling-1] r.observability.ObservabilityService     : LAB9 Observability window=1m category=db.car.findAll count=739 sumNanos=139310676149 avgNanos=188512416
zil-app                 | 2026-05-04T14:42:29.193Z  INFO 1 --- [   scheduling-1] r.observability.ObservabilityService     : LAB9 Observability window=10s category=web.ClientController.getClients count=20 sumNanos=3349935729 avgNanos=167496786
zil-app                 | 2026-05-04T14:42:29.204Z  INFO 1 --- [   scheduling-1] r.observability.ObservabilityService     : LAB9 Observability window=10s category=db.client.findAll count=20 sumNanos=3349758454 avgNanos=167487922
zil-app                 | 2026-05-04T14:42:29.205Z  INFO 1 --- [   scheduling-1] r.observability.ObservabilityService     : LAB9 Observability window=10s category=web.RentController.getRents count=451 sumNanos=60554263161 avgNanos=134266658
zil-app                 | 2026-05-04T14:42:29.205Z  INFO 1 --- [   scheduling-1] r.observability.ObservabilityService     : LAB9 Observability window=10s category=db.rent.findAll count=451 sumNanos=60552057308 avgNanos=134261767
zil-app                 | 2026-05-04T14:42:29.206Z  INFO 1 --- [   scheduling-1] r.observability.ObservabilityService     : LAB9 Observability window=10s category=web.CarController.getCars count=454 sumNanos=61542682580 avgNanos=135556569
zil-app                 | 2026-05-04T14:42:29.206Z  INFO 1 --- [   scheduling-1] r.observability.ObservabilityService     : LAB9 Observability window=10s category=db.car.findAll count=454 sumNanos=61540166944 avgNanos=135551028
zil-app                 | 2026-05-04T14:42:29.211Z  INFO 1 --- [   scheduling-1] r.observability.ObservabilityService     : LAB9 Observability window=30s category=web.ClientController.getClients count=46 sumNanos=9130672883 avgNanos=198492888
zil-app                 | 2026-05-04T14:42:29.212Z  INFO 1 --- [   scheduling-1] r.observability.ObservabilityService     : LAB9 Observability window=30s category=db.client.findAll count=46 sumNanos=9129071621 avgNanos=198458078
zil-app                 | 2026-05-04T14:42:29.213Z  INFO 1 --- [   scheduling-1] r.observability.ObservabilityService     : LAB9 Observability window=30s category=web.RentController.getRents count=956 sumNanos=166095329520 avgNanos=173739884
zil-app                 | 2026-05-04T14:42:29.214Z  INFO 1 --- [   scheduling-1] r.observability.ObservabilityService     : LAB9 Observability window=30s category=db.rent.findAll count=956 sumNanos=166088076596 avgNanos=173732297
zil-app                 | 2026-05-04T14:42:29.214Z  INFO 1 --- [   scheduling-1] r.observability.ObservabilityService     : LAB9 Observability window=30s category=web.CarController.getCars count=965 sumNanos=171566136944 avgNanos=177788742
zil-app                 | 2026-05-04T14:42:29.214Z  INFO 1 --- [   scheduling-1] r.observability.ObservabilityService     : LAB9 Observability window=30s category=db.car.findAll count=965 sumNanos=171559805851 avgNanos=177782182
zil-app                 | 2026-05-04T14:42:29.219Z  INFO 1 --- [   scheduling-1] r.observability.ObservabilityService     : LAB9 Observability window=1m category=web.ClientController.getClients count=46 sumNanos=9130672883 avgNanos=198492888
zil-app                 | 2026-05-04T14:42:29.220Z  INFO 1 --- [   scheduling-1] r.observability.ObservabilityService     : LAB9 Observability window=1m category=db.client.findAll count=46 sumNanos=9129071621 avgNanos=198458078
zil-app                 | 2026-05-04T14:42:29.221Z  INFO 1 --- [   scheduling-1] r.observability.ObservabilityService     : LAB9 Observability window=1m category=web.RentController.getRents count=956 sumNanos=166095329520 avgNanos=173739884
zil-app                 | 2026-05-04T14:42:29.222Z  INFO 1 --- [   scheduling-1] r.observability.ObservabilityService     : LAB9 Observability window=1m category=db.rent.findAll count=956 sumNanos=166088076596 avgNanos=173732297
zil-app                 | 2026-05-04T14:42:29.222Z  INFO 1 --- [   scheduling-1] r.observability.ObservabilityService     : LAB9 Observability window=1m category=web.CarController.getCars count=965 sumNanos=171566136944 avgNanos=177788742
zil-app                 | 2026-05-04T14:42:29.222Z  INFO 1 --- [   scheduling-1] r.observability.ObservabilityService     : LAB9 Observability window=1m category=db.car.findAll count=965 sumNanos=171559805851 avgNanos=177782182
zil-app                 | 2026-05-04T14:42:34.226Z  INFO 1 --- [   scheduling-1] r.observability.ObservabilityService     : LAB9 Observability window=10s category=web.ClientController.getClients count=17 sumNanos=3028983101 avgNanos=178175476
zil-app                 | 2026-05-04T14:42:34.239Z  INFO 1 --- [   scheduling-1] r.observability.ObservabilityService     : LAB9 Observability window=10s category=db.client.findAll count=17 sumNanos=3028900652 avgNanos=178170626
zil-app                 | 2026-05-04T14:42:34.239Z  INFO 1 --- [   scheduling-1] r.observability.ObservabilityService     : LAB9 Observability window=10s category=web.RentController.getRents count=451 sumNanos=64280713219 avgNanos=142529297
zil-app                 | 2026-05-04T14:42:34.239Z  INFO 1 --- [   scheduling-1] r.observability.ObservabilityService     : LAB9 Observability window=10s category=db.rent.findAll count=451 sumNanos=64278396515 avgNanos=142524160
zil-app                 | 2026-05-04T14:42:34.240Z  INFO 1 --- [   scheduling-1] r.observability.ObservabilityService     : LAB9 Observability window=10s category=web.CarController.getCars count=454 sumNanos=66216777571 avgNanos=145851932
zil-app                 | 2026-05-04T14:42:34.240Z  INFO 1 --- [   scheduling-1] r.observability.ObservabilityService     : LAB9 Observability window=10s category=db.car.findAll count=454 sumNanos=66210340521 avgNanos=145837754
zil-app                 | 2026-05-04T14:42:34.242Z  INFO 1 --- [   scheduling-1] r.observability.ObservabilityService     : LAB9 Observability window=30s category=web.ClientController.getClients count=54 sumNanos=10532030033 avgNanos=195037593
zil-app                 | 2026-05-04T14:42:34.242Z  INFO 1 --- [   scheduling-1] r.observability.ObservabilityService     : LAB9 Observability window=30s category=db.client.findAll count=54 sumNanos=10530392434 avgNanos=195007267
zil-app                 | 2026-05-04T14:42:34.243Z  INFO 1 --- [   scheduling-1] r.observability.ObservabilityService     : LAB9 Observability window=30s category=web.RentController.getRents count=1174 sumNanos=193121687939 avgNanos=164498882
zil-app                 | 2026-05-04T14:42:34.243Z  INFO 1 --- [   scheduling-1] r.observability.ObservabilityService     : LAB9 Observability window=30s category=db.rent.findAll count=1174 sumNanos=193113522142 avgNanos=164491926
zil-app                 | 2026-05-04T14:42:34.243Z  INFO 1 --- [   scheduling-1] r.observability.ObservabilityService     : LAB9 Observability window=30s category=web.CarController.getCars count=1173 sumNanos=177634162068 avgNanos=151435773
zil-app                 | 2026-05-04T14:42:34.244Z  INFO 1 --- [   scheduling-1] r.observability.ObservabilityService     : LAB9 Observability window=30s category=db.car.findAll count=1173 sumNanos=177623034102 avgNanos=151426286
zil-app                 | 2026-05-04T14:42:34.246Z  INFO 1 --- [   scheduling-1] r.observability.ObservabilityService     : LAB9 Observability window=1m category=web.ClientController.getClients count=54 sumNanos=10532030033 avgNanos=195037593
zil-app                 | 2026-05-04T14:42:34.247Z  INFO 1 --- [   scheduling-1] r.observability.ObservabilityService     : LAB9 Observability window=1m category=db.client.findAll count=54 sumNanos=10530392434 avgNanos=195007267
zil-app                 | 2026-05-04T14:42:34.248Z  INFO 1 --- [   scheduling-1] r.observability.ObservabilityService     : LAB9 Observability window=1m category=web.RentController.getRents count=1184 sumNanos=198518662210 avgNanos=167667789
zil-app                 | 2026-05-04T14:42:34.248Z  INFO 1 --- [   scheduling-1] r.observability.ObservabilityService     : LAB9 Observability window=1m category=db.rent.findAll count=1184 sumNanos=198510136278 avgNanos=167660588
zil-app                 | 2026-05-04T14:42:34.249Z  INFO 1 --- [   scheduling-1] r.observability.ObservabilityService     : LAB9 Observability window=1m category=web.CarController.getCars count=1193 sumNanos=205532596996 avgNanos=172282143
zil-app                 | 2026-05-04T14:42:34.249Z  INFO 1 --- [   scheduling-1] r.observability.ObservabilityService     : LAB9 Observability window=1m category=db.car.findAll count=1193 sumNanos=205521016670 avgNanos=172272436
zil-app                 | 2026-05-04T14:42:39.252Z  INFO 1 --- [   scheduling-1] r.observability.ObservabilityService     : LAB9 Observability window=10s category=web.ClientController.getClients count=18 sumNanos=3177492214 avgNanos=176527345
zil-app                 | 2026-05-04T14:42:39.253Z  INFO 1 --- [   scheduling-1] r.observability.ObservabilityService     : LAB9 Observability window=10s category=db.client.findAll count=18 sumNanos=3177390146 avgNanos=176521674
zil-app                 | 2026-05-04T14:42:39.253Z  INFO 1 --- [   scheduling-1] r.observability.ObservabilityService     : LAB9 Observability window=10s category=web.RentController.getRents count=458 sumNanos=64424377029 avgNanos=140664578
zil-app                 | 2026-05-04T14:42:39.253Z  INFO 1 --- [   scheduling-1] r.observability.ObservabilityService     : LAB9 Observability window=10s category=db.rent.findAll count=458 sumNanos=64422381494 avgNanos=140660221
zil-app                 | 2026-05-04T14:42:39.254Z  INFO 1 --- [   scheduling-1] r.observability.ObservabilityService     : LAB9 Observability window=10s category=web.CarController.getCars count=457 sumNanos=67965694881 avgNanos=148721433
zil-app                 | 2026-05-04T14:42:39.254Z  INFO 1 --- [   scheduling-1] r.observability.ObservabilityService     : LAB9 Observability window=10s category=db.car.findAll count=457 sumNanos=67956954798 avgNanos=148702308
zil-app                 | 2026-05-04T14:42:39.255Z  INFO 1 --- [   scheduling-1] r.observability.ObservabilityService     : LAB9 Observability window=30s category=web.ClientController.getClients count=55 sumNanos=9385712190 avgNanos=170649312
zil-app                 | 2026-05-04T14:42:39.255Z  INFO 1 --- [   scheduling-1] r.observability.ObservabilityService     : LAB9 Observability window=30s category=db.client.findAll count=55 sumNanos=9385349829 avgNanos=170642724
zil-app                 | 2026-05-04T14:42:39.255Z  INFO 1 --- [   scheduling-1] r.observability.ObservabilityService     : LAB9 Observability window=30s category=web.RentController.getRents count=1297 sumNanos=188840915355 avgNanos=145598238
zil-app                 | 2026-05-04T14:42:39.256Z  INFO 1 --- [   scheduling-1] r.observability.ObservabilityService     : LAB9 Observability window=30s category=db.rent.findAll count=1297 sumNanos=188833399766 avgNanos=145592443
zil-app                 | 2026-05-04T14:42:39.256Z  INFO 1 --- [   scheduling-1] r.observability.ObservabilityService     : LAB9 Observability window=30s category=web.CarController.getCars count=1293 sumNanos=186357823621 avgNanos=144128247
zil-app                 | 2026-05-04T14:42:39.256Z  INFO 1 --- [   scheduling-1] r.observability.ObservabilityService     : LAB9 Observability window=30s category=db.car.findAll count=1293 sumNanos=186344420897 avgNanos=144117881
zil-app                 | 2026-05-04T14:42:39.257Z  INFO 1 --- [   scheduling-1] r.observability.ObservabilityService     : LAB9 Observability window=1m category=web.ClientController.getClients count=64 sumNanos=12308165097 avgNanos=192315079
zil-app                 | 2026-05-04T14:42:39.257Z  INFO 1 --- [   scheduling-1] r.observability.ObservabilityService     : LAB9 Observability window=1m category=db.client.findAll count=64 sumNanos=12306461767 avgNanos=192288465
zil-app                 | 2026-05-04T14:42:39.257Z  INFO 1 --- [   scheduling-1] r.observability.ObservabilityService     : LAB9 Observability window=1m category=web.RentController.getRents count=1416 sumNanos=231134878522 avgNanos=163230846
zil-app                 | 2026-05-04T14:42:39.258Z  INFO 1 --- [   scheduling-1] r.observability.ObservabilityService     : LAB9 Observability window=1m category=db.rent.findAll count=1416 sumNanos=231125623696 avgNanos=163224310
zil-app                 | 2026-05-04T14:42:39.258Z  INFO 1 --- [   scheduling-1] r.observability.ObservabilityService     : LAB9 Observability window=1m category=web.CarController.getCars count=1423 sumNanos=239769281624 avgNanos=168495630
zil-app                 | 2026-05-04T14:42:39.258Z  INFO 1 --- [   scheduling-1] r.observability.ObservabilityService     : LAB9 Observability window=1m category=db.car.findAll count=1423 sumNanos=239754207558 avgNanos=168485036
zil-app                 | 2026-05-04T14:42:44.260Z  INFO 1 --- [   scheduling-1] r.observability.ObservabilityService     : LAB9 Observability window=10s category=web.ClientController.getClients count=17 sumNanos=3036270854 avgNanos=178604167
zil-app                 | 2026-05-04T14:42:44.261Z  INFO 1 --- [   scheduling-1] r.observability.ObservabilityService     : LAB9 Observability window=10s category=db.client.findAll count=17 sumNanos=3036174308 avgNanos=178598488
zil-app                 | 2026-05-04T14:42:44.261Z  INFO 1 --- [   scheduling-1] r.observability.ObservabilityService     : LAB9 Observability window=10s category=web.RentController.getRents count=461 sumNanos=66692220082 avgNanos=144668590
zil-app                 | 2026-05-04T14:42:44.261Z  INFO 1 --- [   scheduling-1] r.observability.ObservabilityService     : LAB9 Observability window=10s category=db.rent.findAll count=461 sumNanos=66690713041 avgNanos=144665321
zil-app                 | 2026-05-04T14:42:44.262Z  INFO 1 --- [   scheduling-1] r.observability.ObservabilityService     : LAB9 Observability window=10s category=web.CarController.getCars count=464 sumNanos=69635895569 avgNanos=150077361
zil-app                 | 2026-05-04T14:42:44.262Z  INFO 1 --- [   scheduling-1] r.observability.ObservabilityService     : LAB9 Observability window=10s category=db.car.findAll count=464 sumNanos=69630644615 avgNanos=150066044
zil-app                 | 2026-05-04T14:42:44.262Z  INFO 1 --- [   scheduling-1] r.observability.ObservabilityService     : LAB9 Observability window=30s category=web.ClientController.getClients count=57 sumNanos=9766480484 avgNanos=171341762
zil-app                 | 2026-05-04T14:42:44.262Z  INFO 1 --- [   scheduling-1] r.observability.ObservabilityService     : LAB9 Observability window=30s category=db.client.findAll count=57 sumNanos=9766114252 avgNanos=171335337
zil-app                 | 2026-05-04T14:42:44.262Z  INFO 1 --- [   scheduling-1] r.observability.ObservabilityService     : LAB9 Observability window=30s category=web.RentController.getRents count=1355 sumNanos=190423854196 avgNanos=140534209
zil-app                 | 2026-05-04T14:42:44.262Z  INFO 1 --- [   scheduling-1] r.observability.ObservabilityService     : LAB9 Observability window=30s category=db.rent.findAll count=1355 sumNanos=190417299269 avgNanos=140529372
zil-app                 | 2026-05-04T14:42:44.262Z  INFO 1 --- [   scheduling-1] r.observability.ObservabilityService     : LAB9 Observability window=30s category=web.CarController.getCars count=1361 sumNanos=195901792862 avgNanos=143939597
zil-app                 | 2026-05-04T14:42:44.262Z  INFO 1 --- [   scheduling-1] r.observability.ObservabilityService     : LAB9 Observability window=30s category=db.car.findAll count=1361 sumNanos=195887876133 avgNanos=143929372
zil-app                 | 2026-05-04T14:42:44.263Z  INFO 1 --- [   scheduling-1] r.observability.ObservabilityService     : LAB9 Observability window=1m category=web.ClientController.getClients count=71 sumNanos=13568300887 avgNanos=191102829
zil-app                 | 2026-05-04T14:42:44.263Z  INFO 1 --- [   scheduling-1] r.observability.ObservabilityService     : LAB9 Observability window=1m category=db.client.findAll count=71 sumNanos=13566566742 avgNanos=191078404
zil-app                 | 2026-05-04T14:42:44.263Z  INFO 1 --- [   scheduling-1] r.observability.ObservabilityService     : LAB9 Observability window=1m category=web.RentController.getRents count=1646 sumNanos=265334249208 avgNanos=161199422
zil-app                 | 2026-05-04T14:42:44.263Z  INFO 1 --- [   scheduling-1] r.observability.ObservabilityService     : LAB9 Observability window=1m category=db.rent.findAll count=1646 sumNanos=265324214019 avgNanos=161193325
zil-app                 | 2026-05-04T14:42:44.263Z  INFO 1 --- [   scheduling-1] r.observability.ObservabilityService     : LAB9 Observability window=1m category=web.CarController.getCars count=1657 sumNanos=275168492565 avgNanos=166064268
zil-app                 | 2026-05-04T14:42:44.263Z  INFO 1 --- [   scheduling-1] r.observability.ObservabilityService     : LAB9 Observability window=1m category=db.car.findAll count=1657 sumNanos=275151661285 avgNanos=166054110
zil-app                 | 2026-05-04T14:42:49.266Z  INFO 1 --- [   scheduling-1] r.observability.ObservabilityService     : LAB9 Observability window=10s category=web.ClientController.getClients count=20 sumNanos=3775095395 avgNanos=188754769
zil-app                 | 2026-05-04T14:42:49.267Z  INFO 1 --- [   scheduling-1] r.observability.ObservabilityService     : LAB9 Observability window=10s category=db.client.findAll count=20 sumNanos=3775006657 avgNanos=188750332
zil-app                 | 2026-05-04T14:42:49.267Z  INFO 1 --- [   scheduling-1] r.observability.ObservabilityService     : LAB9 Observability window=10s category=web.RentController.getRents count=458 sumNanos=68496237082 avgNanos=149555102
zil-app                 | 2026-05-04T14:42:49.268Z  INFO 1 --- [   scheduling-1] r.observability.ObservabilityService     : LAB9 Observability window=10s category=db.rent.findAll count=458 sumNanos=68494929510 avgNanos=149552247
zil-app                 | 2026-05-04T14:42:49.271Z  INFO 1 --- [   scheduling-1] r.observability.ObservabilityService     : LAB9 Observability window=10s category=web.CarController.getCars count=460 sumNanos=68440043659 avgNanos=148782703
zil-app                 | 2026-05-04T14:42:49.271Z  INFO 1 --- [   scheduling-1] r.observability.ObservabilityService     : LAB9 Observability window=10s category=db.car.findAll count=460 sumNanos=68436555822 avgNanos=148775121
zil-app                 | 2026-05-04T14:42:49.273Z  INFO 1 --- [   scheduling-1] r.observability.ObservabilityService     : LAB9 Observability window=30s category=web.ClientController.getClients count=58 sumNanos=10302523338 avgNanos=177629712
zil-app                 | 2026-05-04T14:42:49.273Z  INFO 1 --- [   scheduling-1] r.observability.ObservabilityService     : LAB9 Observability window=30s category=db.client.findAll count=58 sumNanos=10302155257 avgNanos=177623366
zil-app                 | 2026-05-04T14:42:49.273Z  INFO 1 --- [   scheduling-1] r.observability.ObservabilityService     : LAB9 Observability window=30s category=web.RentController.getRents count=1370 sumNanos=194469699368 avgNanos=141948685
zil-additional-service  | 2026-05-04T14:45:12.885Z  INFO 1 --- [zil-additional-service] [   scheduling-1] r.a.observability.ObservabilityService   : LAB9 Observability window=30s category=http.main.rents count=818 sumNanos=134662906355 avgNanos=164624579
zil-additional-service  | 2026-05-04T14:45:12.885Z  INFO 1 --- [zil-additional-service] [   scheduling-1] r.a.observability.ObservabilityService   : LAB9 Observability window=30s category=http.main.cars count=811 sumNanos=134302847486 avgNanos=165601538
zil-additional-service  | 2026-05-04T14:45:12.885Z  INFO 1 --- [zil-additional-service] [   scheduling-1] r.a.observability.ObservabilityService   : LAB9 Observability window=30s category=web.additional.availability_new count=783 sumNanos=258561914930 avgNanos=330219559
zil-additional-service  | 2026-05-04T14:45:12.885Z  INFO 1 --- [zil-additional-service] [   scheduling-1] r.a.observability.ObservabilityService   : LAB9 Observability window=30s category=additional.statsComputation.availability.allCitiesAllDates count=783 sumNanos=138414587 avgNanos=176774
zil-additional-service  | 2026-05-04T14:45:12.886Z  INFO 1 --- [zil-additional-service] [   scheduling-1] r.a.observability.ObservabilityService   : LAB9 Observability window=1m category=additional.statsComputation.stats count=108 sumNanos=182962 avgNanos=1694
zil-additional-service  | 2026-05-04T14:45:12.886Z  INFO 1 --- [zil-additional-service] [   scheduling-1] r.a.observability.ObservabilityService   : LAB9 Observability window=1m category=web.additional.stats count=108 sumNanos=56264712711 avgNanos=520969562
zil-additional-service  | 2026-05-04T14:45:12.886Z  INFO 1 --- [zil-additional-service] [   scheduling-1] r.a.observability.ObservabilityService   : LAB9 Observability window=1m category=http.main.clients count=108 sumNanos=20271988833 avgNanos=187703600
zil-additional-service  | 2026-05-04T14:45:12.886Z  INFO 1 --- [zil-additional-service] [   scheduling-1] r.a.observability.ObservabilityService   : LAB9 Observability window=1m category=http.main.rents count=2212 sumNanos=366692719496 avgNanos=165774285
zil-additional-service  | 2026-05-04T14:45:12.886Z  INFO 1 --- [zil-additional-service] [   scheduling-1] r.a.observability.ObservabilityService   : LAB9 Observability window=1m category=http.main.cars count=2200 sumNanos=360600344105 avgNanos=163909247
zil-additional-service  | 2026-05-04T14:45:12.886Z  INFO 1 --- [zil-additional-service] [   scheduling-1] r.a.observability.ObservabilityService   : LAB9 Observability window=1m category=web.additional.availability_new count=2104 sumNanos=694457222137 avgNanos=330065219
zil-additional-service  | 2026-05-04T14:45:12.886Z  INFO 1 --- [zil-additional-service] [   scheduling-1] r.a.observability.ObservabilityService   : LAB9 Observability window=1m category=additional.statsComputation.availability.allCitiesAllDates count=2104 sumNanos=478416254 avgNanos=227384
zil-additional-service  | 2026-05-04T14:45:17.887Z  INFO 1 --- [zil-additional-service] [   scheduling-1] r.a.observability.ObservabilityService   : LAB9 Observability window=30s category=additional.statsComputation.stats count=26 sumNanos=41380 avgNanos=1591
zil-additional-service  | 2026-05-04T14:45:17.887Z  INFO 1 --- [zil-additional-service] [   scheduling-1] r.a.observability.ObservabilityService   : LAB9 Observability window=30s category=web.additional.stats count=26 sumNanos=13443830873 avgNanos=517070418
zil-additional-service  | 2026-05-04T14:45:17.887Z  INFO 1 --- [zil-additional-service] [   scheduling-1] r.a.observability.ObservabilityService   : LAB9 Observability window=30s category=http.main.clients count=26 sumNanos=4742376334 avgNanos=182399089
zil-additional-service  | 2026-05-04T14:45:17.887Z  INFO 1 --- [zil-additional-service] [   scheduling-1] r.a.observability.ObservabilityService   : LAB9 Observability window=30s category=http.main.rents count=588 sumNanos=96233230242 avgNanos=163661956
zil-additional-service  | 2026-05-04T14:45:17.887Z  INFO 1 --- [zil-additional-service] [   scheduling-1] r.a.observability.ObservabilityService   : LAB9 Observability window=30s category=http.main.cars count=581 sumNanos=95162304663 avgNanos=163790541
zil-additional-service  | 2026-05-04T14:45:17.887Z  INFO 1 --- [zil-additional-service] [   scheduling-1] r.a.observability.ObservabilityService   : LAB9 Observability window=30s category=web.additional.availability_new count=562 sumNanos=184050809522 avgNanos=327492543
zil-additional-service  | 2026-05-04T14:45:17.887Z  INFO 1 --- [zil-additional-service] [   scheduling-1] r.a.observability.ObservabilityService   : LAB9 Observability window=30s category=additional.statsComputation.availability.allCitiesAllDates count=562 sumNanos=103043288 avgNanos=183351
zil-additional-service  | 2026-05-04T14:45:17.887Z  INFO 1 --- [zil-additional-service] [   scheduling-1] r.a.observability.ObservabilityService   : LAB9 Observability window=1m category=additional.statsComputation.stats count=97 sumNanos=166693 avgNanos=1718
zil-additional-service  | 2026-05-04T14:45:17.887Z  INFO 1 --- [zil-additional-service] [   scheduling-1] r.a.observability.ObservabilityService   : LAB9 Observability window=1m category=http.main.clients count=95 sumNanos=17762755858 avgNanos=186976377
zil-additional-service  | 2026-05-04T14:45:17.887Z  INFO 1 --- [zil-additional-service] [   scheduling-1] r.a.observability.ObservabilityService   : LAB9 Observability window=1m category=web.additional.stats count=97 sumNanos=50239865550 avgNanos=517936758
zil-additional-service  | 2026-05-04T14:45:17.887Z  INFO 1 --- [zil-additional-service] [   scheduling-1] r.a.observability.ObservabilityService   : LAB9 Observability window=1m category=http.main.rents count=1981 sumNanos=327378803344 avgNanos=165259365
zil-additional-service  | 2026-05-04T14:45:17.887Z  INFO 1 --- [zil-additional-service] [   scheduling-1] r.a.observability.ObservabilityService   : LAB9 Observability window=1m category=http.main.cars count=1976 sumNanos=322376810334 avgNanos=163146159
zil-additional-service  | 2026-05-04T14:45:17.887Z  INFO 1 --- [zil-additional-service] [   scheduling-1] r.a.observability.ObservabilityService   : LAB9 Observability window=1m category=web.additional.availability_new count=1884 sumNanos=619488524053 avgNanos=328815564
zil-additional-service  | 2026-05-04T14:45:17.888Z  INFO 1 --- [zil-additional-service] [   scheduling-1] r.a.observability.ObservabilityService   : LAB9 Observability window=1m category=additional.statsComputation.availability.allCitiesAllDates count=1884 sumNanos=403759654 avgNanos=214309
zil-additional-service  | 2026-05-04T14:45:22.889Z  INFO 1 --- [zil-additional-service] [   scheduling-1] r.a.observability.ObservabilityService   : LAB9 Observability window=30s category=additional.statsComputation.stats count=20 sumNanos=32561 avgNanos=1628
zil-additional-service  | 2026-05-04T14:45:22.889Z  INFO 1 --- [zil-additional-service] [   scheduling-1] r.a.observability.ObservabilityService   : LAB9 Observability window=30s category=http.main.clients count=19 sumNanos=3554219814 avgNanos=187064200
zil-additional-service  | 2026-05-04T14:45:22.889Z  INFO 1 --- [zil-additional-service] [   scheduling-1] r.a.observability.ObservabilityService   : LAB9 Observability window=30s category=web.additional.stats count=20 sumNanos=10514826908 avgNanos=525741345
zil-additional-service  | 2026-05-04T14:45:22.889Z  INFO 1 --- [zil-additional-service] [   scheduling-1] r.a.observability.ObservabilityService   : LAB9 Observability window=30s category=http.main.rents count=351 sumNanos=57850627322 avgNanos=164816602
zil-additional-service  | 2026-05-04T14:45:22.889Z  INFO 1 --- [zil-additional-service] [   scheduling-1] r.a.observability.ObservabilityService   : LAB9 Observability window=30s category=http.main.cars count=341 sumNanos=56726253446 avgNanos=166352649
zil-additional-service  | 2026-05-04T14:45:22.889Z  INFO 1 --- [zil-additional-service] [   scheduling-1] r.a.observability.ObservabilityService   : LAB9 Observability window=30s category=web.additional.availability_new count=331 sumNanos=109615412726 avgNanos=331164388
zil-additional-service  | 2026-05-04T14:45:22.889Z  INFO 1 --- [zil-additional-service] [   scheduling-1] r.a.observability.ObservabilityService   : LAB9 Observability window=30s category=additional.statsComputation.availability.allCitiesAllDates count=331 sumNanos=54856229 avgNanos=165728
zil-additional-service  | 2026-05-04T14:45:22.890Z  INFO 1 --- [zil-additional-service] [   scheduling-1] r.a.observability.ObservabilityService   : LAB9 Observability window=1m category=additional.statsComputation.stats count=84 sumNanos=130619 avgNanos=1554
zil-additional-service  | 2026-05-04T14:45:22.890Z  INFO 1 --- [zil-additional-service] [   scheduling-1] r.a.observability.ObservabilityService   : LAB9 Observability window=1m category=web.additional.stats count=84 sumNanos=43883088683 avgNanos=522417722
zil-additional-service  | 2026-05-04T14:45:22.890Z  INFO 1 --- [zil-additional-service] [   scheduling-1] r.a.observability.ObservabilityService   : LAB9 Observability window=1m category=http.main.clients count=84 sumNanos=15764089822 avgNanos=187667735
zil-additional-service  | 2026-05-04T14:45:22.890Z  INFO 1 --- [zil-additional-service] [   scheduling-1] r.a.observability.ObservabilityService   : LAB9 Observability window=1m category=http.main.rents count=1746 sumNanos=289197418008 avgNanos=165634260
zil-additional-service  | 2026-05-04T14:45:22.890Z  INFO 1 --- [zil-additional-service] [   scheduling-1] r.a.observability.ObservabilityService   : LAB9 Observability window=1m category=http.main.cars count=1741 sumNanos=284365297462 avgNanos=163334461
zil-additional-service  | 2026-05-04T14:45:22.890Z  INFO 1 --- [zil-additional-service] [   scheduling-1] r.a.observability.ObservabilityService   : LAB9 Observability window=1m category=web.additional.availability_new count=1662 sumNanos=547127108327 avgNanos=329198019
zil-additional-service  | 2026-05-04T14:45:22.890Z  INFO 1 --- [zil-additional-service] [   scheduling-1] r.a.observability.ObservabilityService   : LAB9 Observability window=1m category=additional.statsComputation.availability.allCitiesAllDates count=1662 sumNanos=344151155 avgNanos=207070
zil-additional-service  | 2026-05-04T14:45:27.891Z  INFO 1 --- [zil-additional-service] [   scheduling-1] r.a.observability.ObservabilityService   : LAB9 Observability window=30s category=additional.statsComputation.stats count=8 sumNanos=15086 avgNanos=1885
zil-additional-service  | 2026-05-04T14:45:27.892Z  INFO 1 --- [zil-additional-service] [   scheduling-1] r.a.observability.ObservabilityService   : LAB9 Observability window=30s category=web.additional.stats count=8 sumNanos=4314127546 avgNanos=539265943
zil-additional-service  | 2026-05-04T14:45:27.892Z  INFO 1 --- [zil-additional-service] [   scheduling-1] r.a.observability.ObservabilityService   : LAB9 Observability window=30s category=http.main.clients count=8 sumNanos=1579157846 avgNanos=197394730
zil-additional-service  | 2026-05-04T14:45:27.892Z  INFO 1 --- [zil-additional-service] [   scheduling-1] r.a.observability.ObservabilityService   : LAB9 Observability window=30s category=http.main.rents count=114 sumNanos=18809595026 avgNanos=164996447
zil-additional-service  | 2026-05-04T14:45:27.892Z  INFO 1 --- [zil-additional-service] [   scheduling-1] r.a.observability.ObservabilityService   : LAB9 Observability window=30s category=http.main.cars count=105 sumNanos=18937317412 avgNanos=180355403
zil-additional-service  | 2026-05-04T14:45:27.892Z  INFO 1 --- [zil-additional-service] [   scheduling-1] r.a.observability.ObservabilityService   : LAB9 Observability window=30s category=web.additional.availability_new count=106 sumNanos=36539379863 avgNanos=344711130
zil-additional-service  | 2026-05-04T14:45:27.892Z  INFO 1 --- [zil-additional-service] [   scheduling-1] r.a.observability.ObservabilityService   : LAB9 Observability window=30s category=additional.statsComputation.availability.allCitiesAllDates count=106 sumNanos=17409370 avgNanos=164239
zil-additional-service  | 2026-05-04T14:45:27.892Z  INFO 1 --- [zil-additional-service] [   scheduling-1] r.a.observability.ObservabilityService   : LAB9 Observability window=1m category=additional.statsComputation.stats count=72 sumNanos=112577 avgNanos=1563
zil-additional-service  | 2026-05-04T14:45:27.892Z  INFO 1 --- [zil-additional-service] [   scheduling-1] r.a.observability.ObservabilityService   : LAB9 Observability window=1m category=web.additional.stats count=72 sumNanos=37725440894 avgNanos=523964456
zil-additional-service  | 2026-05-04T14:45:27.892Z  INFO 1 --- [zil-additional-service] [   scheduling-1] r.a.observability.ObservabilityService   : LAB9 Observability window=1m category=http.main.clients count=72 sumNanos=13520959784 avgNanos=187791108
zil-additional-service  | 2026-05-04T14:45:27.892Z  INFO 1 --- [zil-additional-service] [   scheduling-1] r.a.observability.ObservabilityService   : LAB9 Observability window=1m category=http.main.rents count=1512 sumNanos=251407840927 avgNanos=166275027
zil-additional-service  | 2026-05-04T14:45:27.892Z  INFO 1 --- [zil-additional-service] [   scheduling-1] r.a.observability.ObservabilityService   : LAB9 Observability window=1m category=http.main.cars count=1504 sumNanos=245611949777 avgNanos=163305817
zil-additional-service  | 2026-05-04T14:45:27.892Z  INFO 1 --- [zil-additional-service] [   scheduling-1] r.a.observability.ObservabilityService   : LAB9 Observability window=1m category=web.additional.availability_new count=1440 sumNanos=474906154814 avgNanos=329795940
zil-additional-service  | 2026-05-04T14:45:27.892Z  INFO 1 --- [zil-additional-service] [   scheduling-1] r.a.observability.ObservabilityService   : LAB9 Observability window=1m category=additional.statsComputation.availability.allCitiesAllDates count=1440 sumNanos=290218460 avgNanos=201540
zil-additional-service  | 2026-05-04T14:45:32.893Z  INFO 1 --- [zil-additional-service] [   scheduling-1] r.a.observability.ObservabilityService   : LAB9 Observability window=1m category=additional.statsComputation.stats count=60 sumNanos=92611 avgNanos=1543
zil-additional-service  | 2026-05-04T14:45:32.893Z  INFO 1 --- [zil-additional-service] [   scheduling-1] r.a.observability.ObservabilityService   : LAB9 Observability window=1m category=web.additional.stats count=60 sumNanos=31271865388 avgNanos=521197756
zil-additional-service  | 2026-05-04T14:45:32.894Z  INFO 1 --- [zil-additional-service] [   scheduling-1] r.a.observability.ObservabilityService   : LAB9 Observability window=1m category=http.main.clients count=60 sumNanos=11306528541 avgNanos=188442142
zil-additional-service  | 2026-05-04T14:45:32.894Z  INFO 1 --- [zil-additional-service] [   scheduling-1] r.a.observability.ObservabilityService   : LAB9 Observability window=1m category=http.main.rents count=1288 sumNanos=212670148697 avgNanos=165116575
zil-additional-service  | 2026-05-04T14:45:32.894Z  INFO 1 --- [zil-additional-service] [   scheduling-1] r.a.observability.ObservabilityService   : LAB9 Observability window=1m category=http.main.cars count=1277 sumNanos=207425099697 avgNanos=162431558
zil-additional-service  | 2026-05-04T14:45:32.894Z  INFO 1 --- [zil-additional-service] [   scheduling-1] r.a.observability.ObservabilityService   : LAB9 Observability window=1m category=web.additional.availability_new count=1228 sumNanos=402617972495 avgNanos=327864798
zil-additional-service  | 2026-05-04T14:45:32.894Z  INFO 1 --- [zil-additional-service] [   scheduling-1] r.a.observability.ObservabilityService   : LAB9 Observability window=1m category=additional.statsComputation.availability.allCitiesAllDates count=1228 sumNanos=232907233 avgNanos=189663
zil-additional-service  | 2026-05-04T14:45:37.894Z  INFO 1 --- [zil-additional-service] [   scheduling-1] r.a.observability.ObservabilityService   : LAB9 Observability window=1m category=additional.statsComputation.stats count=47 sumNanos=73369 avgNanos=1561
zil-additional-service  | 2026-05-04T14:45:37.895Z  INFO 1 --- [zil-additional-service] [   scheduling-1] r.a.observability.ObservabilityService   : LAB9 Observability window=1m category=web.additional.stats count=47 sumNanos=24565428102 avgNanos=522668683
zil-additional-service  | 2026-05-04T14:45:37.895Z  INFO 1 --- [zil-additional-service] [   scheduling-1] r.a.observability.ObservabilityService   : LAB9 Observability window=1m category=http.main.clients count=47 sumNanos=8658525967 avgNanos=184223956
zil-additional-service  | 2026-05-04T14:45:37.895Z  INFO 1 --- [zil-additional-service] [   scheduling-1] r.a.observability.ObservabilityService   : LAB9 Observability window=1m category=http.main.rents count=1053 sumNanos=172792747582 avgNanos=164095676
zil-additional-service  | 2026-05-04T14:45:37.895Z  INFO 1 --- [zil-additional-service] [   scheduling-1] r.a.observability.ObservabilityService   : LAB9 Observability window=1m category=http.main.cars count=1048 sumNanos=171704724826 avgNanos=163840386
zil-additional-service  | 2026-05-04T14:45:37.895Z  INFO 1 --- [zil-additional-service] [   scheduling-1] r.a.observability.ObservabilityService   : LAB9 Observability window=1m category=web.additional.availability_new count=1006 sumNanos=329936744911 avgNanos=327968931
zil-additional-service  | 2026-05-04T14:45:37.895Z  INFO 1 --- [zil-additional-service] [   scheduling-1] r.a.observability.ObservabilityService   : LAB9 Observability window=1m category=additional.statsComputation.availability.allCitiesAllDates count=1006 sumNanos=189762847 avgNanos=188631
zil-additional-service  | 2026-05-04T14:45:42.895Z  INFO 1 --- [zil-additional-service] [   scheduling-1] r.a.observability.ObservabilityService   : LAB9 Observability window=10s category=additional.statsComputation.stats count=71 sumNanos=75865 avgNanos=1068
zil-additional-service  | 2026-05-04T14:45:42.896Z  INFO 1 --- [zil-additional-service] [   scheduling-1] r.a.observability.ObservabilityService   : LAB9 Observability window=10s category=web.additional.stats count=71 sumNanos=39873455746 avgNanos=561597968
zil-additional-service  | 2026-05-04T14:45:42.896Z  INFO 1 --- [zil-additional-service] [   scheduling-1] r.a.observability.ObservabilityService   : LAB9 Observability window=10s category=http.main.clients count=78 sumNanos=15671709094 avgNanos=200919347
zil-additional-service  | 2026-05-04T14:45:42.896Z  INFO 1 --- [zil-additional-service] [   scheduling-1] r.a.observability.ObservabilityService   : LAB9 Observability window=10s category=http.main.rents count=141 sumNanos=26873578453 avgNanos=190592754
zil-additional-service  | 2026-05-04T14:45:42.896Z  INFO 1 --- [zil-additional-service] [   scheduling-1] r.a.observability.ObservabilityService   : LAB9 Observability window=10s category=http.main.cars count=151 sumNanos=25736579872 avgNanos=170440926
zil-additional-service  | 2026-05-04T14:45:42.896Z  INFO 1 --- [zil-additional-service] [   scheduling-1] r.a.observability.ObservabilityService   : LAB9 Observability window=10s category=web.additional.availability_new count=70 sumNanos=25023323927 avgNanos=357476056
zil-additional-service  | 2026-05-04T14:45:42.897Z  INFO 1 --- [zil-additional-service] [   scheduling-1] r.a.observability.ObservabilityService   : LAB9 Observability window=10s category=additional.statsComputation.availability.allCitiesAllDates count=70 sumNanos=17511217 avgNanos=250160
zil-additional-service  | 2026-05-04T14:45:42.897Z  INFO 1 --- [zil-additional-service] [   scheduling-1] r.a.observability.ObservabilityService   : LAB9 Observability window=30s category=additional.statsComputation.stats count=71 sumNanos=75865 avgNanos=1068
zil-additional-service  | 2026-05-04T14:45:42.897Z  INFO 1 --- [zil-additional-service] [   scheduling-1] r.a.observability.ObservabilityService   : LAB9 Observability window=30s category=web.additional.stats count=71 sumNanos=39873455746 avgNanos=561597968
zil-additional-service  | 2026-05-04T14:45:42.897Z  INFO 1 --- [zil-additional-service] [   scheduling-1] r.a.observability.ObservabilityService   : LAB9 Observability window=30s category=http.main.clients count=78 sumNanos=15671709094 avgNanos=200919347
zil-additional-service  | 2026-05-04T14:45:42.897Z  INFO 1 --- [zil-additional-service] [   scheduling-1] r.a.observability.ObservabilityService   : LAB9 Observability window=30s category=http.main.rents count=141 sumNanos=26873578453 avgNanos=190592754
zil-additional-service  | 2026-05-04T14:45:42.897Z  INFO 1 --- [zil-additional-service] [   scheduling-1] r.a.observability.ObservabilityService   : LAB9 Observability window=30s category=http.main.cars count=151 sumNanos=25736579872 avgNanos=170440926
zil-additional-service  | 2026-05-04T14:45:42.897Z  INFO 1 --- [zil-additional-service] [   scheduling-1] r.a.observability.ObservabilityService   : LAB9 Observability window=30s category=web.additional.availability_new count=70 sumNanos=25023323927 avgNanos=357476056
zil-additional-service  | 2026-05-04T14:45:42.897Z  INFO 1 --- [zil-additional-service] [   scheduling-1] r.a.observability.ObservabilityService   : LAB9 Observability window=30s category=additional.statsComputation.availability.allCitiesAllDates count=70 sumNanos=17511217 avgNanos=250160
zil-additional-service  | 2026-05-04T14:45:42.897Z  INFO 1 --- [zil-additional-service] [   scheduling-1] r.a.observability.ObservabilityService   : LAB9 Observability window=1m category=additional.statsComputation.stats count=106 sumNanos=131063 avgNanos=1236
zil-additional-service  | 2026-05-04T14:45:42.898Z  INFO 1 --- [zil-additional-service] [   scheduling-1] r.a.observability.ObservabilityService   : LAB9 Observability window=1m category=web.additional.stats count=106 sumNanos=58416269338 avgNanos=551096880
zil-additional-service  | 2026-05-04T14:45:42.898Z  INFO 1 --- [zil-additional-service] [   scheduling-1] r.a.observability.ObservabilityService   : LAB9 Observability window=1m category=http.main.clients count=113 sumNanos=22122776753 avgNanos=195776785
zil-additional-service  | 2026-05-04T14:45:42.898Z  INFO 1 --- [zil-additional-service] [   scheduling-1] r.a.observability.ObservabilityService   : LAB9 Observability window=1m category=http.main.rents count=959 sumNanos=161536484808 avgNanos=168442632
zil-additional-service  | 2026-05-04T14:45:42.898Z  INFO 1 --- [zil-additional-service] [   scheduling-1] r.a.observability.ObservabilityService   : LAB9 Observability window=1m category=http.main.cars count=961 sumNanos=159906896946 avgNanos=166396354
zil-additional-service  | 2026-05-04T14:45:42.898Z  INFO 1 --- [zil-additional-service] [   scheduling-1] r.a.observability.ObservabilityService   : LAB9 Observability window=1m category=web.additional.availability_new count=853 sumNanos=283585238857 avgNanos=332456317
zil-additional-service  | 2026-05-04T14:45:42.898Z  INFO 1 --- [zil-additional-service] [   scheduling-1] r.a.observability.ObservabilityService   : LAB9 Observability window=1m category=additional.statsComputation.availability.allCitiesAllDates count=853 sumNanos=155925804 avgNanos=182796
zil-additional-service  | 2026-05-04T14:45:47.899Z  INFO 1 --- [zil-additional-service] [   scheduling-1] r.a.observability.ObservabilityService   : LAB9 Observability window=10s category=additional.statsComputation.stats count=158 sumNanos=166757 avgNanos=1055
zil-additional-service  | 2026-05-04T14:45:47.901Z  INFO 1 --- [zil-additional-service] [   scheduling-1] r.a.observability.ObservabilityService   : LAB9 Observability window=10s category=web.additional.stats count=158 sumNanos=89399843161 avgNanos=565821792
zil-additional-service  | 2026-05-04T14:45:47.901Z  INFO 1 --- [zil-additional-service] [   scheduling-1] r.a.observability.ObservabilityService   : LAB9 Observability window=10s category=http.main.clients count=162 sumNanos=32610824302 avgNanos=201301384
zil-additional-service  | 2026-05-04T14:45:47.901Z  INFO 1 --- [zil-additional-service] [   scheduling-1] r.a.observability.ObservabilityService   : LAB9 Observability window=10s category=http.main.rents count=321 sumNanos=59967652221 avgNanos=186815115
zil-additional-service  | 2026-05-04T14:45:47.901Z  INFO 1 --- [zil-additional-service] [   scheduling-1] r.a.observability.ObservabilityService   : LAB9 Observability window=10s category=http.main.cars count=333 sumNanos=58563317244 avgNanos=175865817
zil-additional-service  | 2026-05-04T14:45:47.901Z  INFO 1 --- [zil-additional-service] [   scheduling-1] r.a.observability.ObservabilityService   : LAB9 Observability window=10s category=web.additional.availability_new count=163 sumNanos=58933691383 avgNanos=361556388
zil-additional-service  | 2026-05-04T14:45:47.902Z  INFO 1 --- [zil-additional-service] [   scheduling-1] r.a.observability.ObservabilityService   : LAB9 Observability window=10s category=additional.statsComputation.availability.allCitiesAllDates count=163 sumNanos=27949749 avgNanos=171470
zil-additional-service  | 2026-05-04T14:45:47.902Z  INFO 1 --- [zil-additional-service] [   scheduling-1] r.a.observability.ObservabilityService   : LAB9 Observability window=30s category=additional.statsComputation.stats count=158 sumNanos=166757 avgNanos=1055
zil-additional-service  | 2026-05-04T14:45:47.902Z  INFO 1 --- [zil-additional-service] [   scheduling-1] r.a.observability.ObservabilityService   : LAB9 Observability window=30s category=web.additional.stats count=158 sumNanos=89399843161 avgNanos=565821792
zil-additional-service  | 2026-05-04T14:45:47.902Z  INFO 1 --- [zil-additional-service] [   scheduling-1] r.a.observability.ObservabilityService   : LAB9 Observability window=30s category=http.main.clients count=162 sumNanos=32610824302 avgNanos=201301384
zil-additional-service  | 2026-05-04T14:45:47.902Z  INFO 1 --- [zil-additional-service] [   scheduling-1] r.a.observability.ObservabilityService   : LAB9 Observability window=30s category=http.main.rents count=321 sumNanos=59967652221 avgNanos=186815115
zil-additional-service  | 2026-05-04T14:45:47.903Z  INFO 1 --- [zil-additional-service] [   scheduling-1] r.a.observability.ObservabilityService   : LAB9 Observability window=30s category=http.main.cars count=333 sumNanos=58563317244 avgNanos=175865817
zil-additional-service  | 2026-05-04T14:45:47.903Z  INFO 1 --- [zil-additional-service] [   scheduling-1] r.a.observability.ObservabilityService   : LAB9 Observability window=30s category=web.additional.availability_new count=163 sumNanos=58933691383 avgNanos=361556388
zil-additional-service  | 2026-05-04T14:45:47.903Z  INFO 1 --- [zil-additional-service] [   scheduling-1] r.a.observability.ObservabilityService   : LAB9 Observability window=30s category=additional.statsComputation.availability.allCitiesAllDates count=163 sumNanos=27949749 avgNanos=171470
zil-additional-service  | 2026-05-04T14:45:47.903Z  INFO 1 --- [zil-additional-service] [   scheduling-1] r.a.observability.ObservabilityService   : LAB9 Observability window=1m category=additional.statsComputation.stats count=184 sumNanos=208137 avgNanos=1131
zil-additional-service  | 2026-05-04T14:45:47.903Z  INFO 1 --- [zil-additional-service] [   scheduling-1] r.a.observability.ObservabilityService   : LAB9 Observability window=1m category=web.additional.stats count=184 sumNanos=102843674034 avgNanos=558933011
zil-additional-service  | 2026-05-04T14:45:47.903Z  INFO 1 --- [zil-additional-service] [   scheduling-1] r.a.observability.ObservabilityService   : LAB9 Observability window=1m category=http.main.clients count=188 sumNanos=37353200636 avgNanos=198687237
zil-additional-service  | 2026-05-04T14:45:47.903Z  INFO 1 --- [zil-additional-service] [   scheduling-1] r.a.observability.ObservabilityService   : LAB9 Observability window=1m category=http.main.rents count=908 sumNanos=156058685471 avgNanos=171870798
zil-additional-service  | 2026-05-04T14:45:47.903Z  INFO 1 --- [zil-additional-service] [   scheduling-1] r.a.observability.ObservabilityService   : LAB9 Observability window=1m category=http.main.cars count=914 sumNanos=153725621907 avgNanos=168189958
zil-additional-service  | 2026-05-04T14:45:47.903Z  INFO 1 --- [zil-additional-service] [   scheduling-1] r.a.observability.ObservabilityService   : LAB9 Observability window=1m category=web.additional.availability_new count=724 sumNanos=242701561864 avgNanos=335223151
zil-additional-service  | 2026-05-04T14:45:47.903Z  INFO 1 --- [zil-additional-service] [   scheduling-1] r.a.observability.ObservabilityService   : LAB9 Observability window=1m category=additional.statsComputation.availability.allCitiesAllDates count=724 sumNanos=130937000 avgNanos=180852
zil-additional-service  | 2026-05-04T14:45:52.904Z  INFO 1 --- [zil-additional-service] [   scheduling-1] r.a.observability.ObservabilityService   : LAB9 Observability window=10s category=additional.statsComputation.stats count=181 sumNanos=218435 avgNanos=1206
zil-additional-service  | 2026-05-04T14:45:52.904Z  INFO 1 --- [zil-additional-service] [   scheduling-1] r.a.observability.ObservabilityService   : LAB9 Observability window=10s category=http.main.clients count=180 sumNanos=36400803218 avgNanos=202226684
zil-additional-service  | 2026-05-04T14:45:52.904Z  INFO 1 --- [zil-additional-service] [   scheduling-1] r.a.observability.ObservabilityService   : LAB9 Observability window=10s category=web.additional.stats count=181 sumNanos=102455084906 avgNanos=566050192
zil-additional-service  | 2026-05-04T14:45:52.905Z  INFO 1 --- [zil-additional-service] [   scheduling-1] r.a.observability.ObservabilityService   : LAB9 Observability window=10s category=http.main.rents count=360 sumNanos=66521618128 avgNanos=184782272
zil-additional-service  | 2026-05-04T14:45:52.905Z  INFO 1 --- [zil-additional-service] [   scheduling-1] r.a.observability.ObservabilityService   : LAB9 Observability window=10s category=http.main.cars count=360 sumNanos=63620658107 avgNanos=176724050
zil-additional-service  | 2026-05-04T14:45:52.905Z  INFO 1 --- [zil-additional-service] [   scheduling-1] r.a.observability.ObservabilityService   : LAB9 Observability window=10s category=web.additional.availability_new count=179 sumNanos=64759154694 avgNanos=361782987
zil-additional-service  | 2026-05-04T14:45:52.905Z  INFO 1 --- [zil-additional-service] [   scheduling-1] r.a.observability.ObservabilityService   : LAB9 Observability window=10s category=additional.statsComputation.availability.allCitiesAllDates count=179 sumNanos=21629947 avgNanos=120837
zil-additional-service  | 2026-05-04T14:45:52.907Z  INFO 1 --- [zil-additional-service] [   scheduling-1] r.a.observability.ObservabilityService   : LAB9 Observability window=30s category=additional.statsComputation.stats count=252 sumNanos=294300 avgNanos=1167
zil-additional-service  | 2026-05-04T14:45:52.907Z  INFO 1 --- [zil-additional-service] [   scheduling-1] r.a.observability.ObservabilityService   : LAB9 Observability window=30s category=web.additional.stats count=252 sumNanos=142328540652 avgNanos=564795796
zil-additional-service  | 2026-05-04T14:45:52.907Z  INFO 1 --- [zil-additional-service] [   scheduling-1] r.a.observability.ObservabilityService   : LAB9 Observability window=30s category=http.main.clients count=258 sumNanos=52072512312 avgNanos=201831443
zil-additional-service  | 2026-05-04T14:45:52.908Z  INFO 1 --- [zil-additional-service] [   scheduling-1] r.a.observability.ObservabilityService   : LAB9 Observability window=30s category=http.main.rents count=501 sumNanos=93395196581 avgNanos=186417558
zil-additional-service  | 2026-05-04T14:45:52.908Z  INFO 1 --- [zil-additional-service] [   scheduling-1] r.a.observability.ObservabilityService   : LAB9 Observability window=30s category=http.main.cars count=511 sumNanos=89357237979 avgNanos=174867393
zil-additional-service  | 2026-05-04T14:45:52.908Z  INFO 1 --- [zil-additional-service] [   scheduling-1] r.a.observability.ObservabilityService   : LAB9 Observability window=30s category=web.additional.availability_new count=249 sumNanos=89782478621 avgNanos=360572203
zil-additional-service  | 2026-05-04T14:45:52.908Z  INFO 1 --- [zil-additional-service] [   scheduling-1] r.a.observability.ObservabilityService   : LAB9 Observability window=30s category=additional.statsComputation.availability.allCitiesAllDates count=249 sumNanos=39141164 avgNanos=157193
zil-additional-service  | 2026-05-04T14:45:52.908Z  INFO 1 --- [zil-additional-service] [   scheduling-1] r.a.observability.ObservabilityService   : LAB9 Observability window=1m category=additional.statsComputation.stats count=273 sumNanos=328089 avgNanos=1201
zil-additional-service  | 2026-05-04T14:45:52.908Z  INFO 1 --- [zil-additional-service] [   scheduling-1] r.a.observability.ObservabilityService   : LAB9 Observability window=1m category=http.main.clients count=277 sumNanos=55626732126 avgNanos=200818527
zil-additional-service  | 2026-05-04T14:45:52.908Z  INFO 1 --- [zil-additional-service] [   scheduling-1] r.a.observability.ObservabilityService   : LAB9 Observability window=1m category=web.additional.stats count=273 sumNanos=153398833410 avgNanos=561900488
zil-additional-service  | 2026-05-04T14:45:52.909Z  INFO 1 --- [zil-additional-service] [   scheduling-1] r.a.observability.ObservabilityService   : LAB9 Observability window=1m category=http.main.rents count=852 sumNanos=151299673145 avgNanos=177581775
zil-additional-service  | 2026-05-04T14:45:52.909Z  INFO 1 --- [zil-additional-service] [   scheduling-1] r.a.observability.ObservabilityService   : LAB9 Observability window=1m category=http.main.cars count=852 sumNanos=146083491425 avgNanos=171459496
zil-additional-service  | 2026-05-04T14:45:52.909Z  INFO 1 --- [zil-additional-service] [   scheduling-1] r.a.observability.ObservabilityService   : LAB9 Observability window=1m category=web.additional.availability_new count=579 sumNanos=199088319961 avgNanos=343848566
zil-additional-service  | 2026-05-04T14:45:52.909Z  INFO 1 --- [zil-additional-service] [   scheduling-1] r.a.observability.ObservabilityService   : LAB9 Observability window=1m category=additional.statsComputation.availability.allCitiesAllDates count=579 sumNanos=93828526 avgNanos=162052
zil-additional-service  | 2026-05-04T14:45:57.910Z  INFO 1 --- [zil-additional-service] [   scheduling-1] r.a.observability.ObservabilityService   : LAB9 Observability window=10s category=additional.statsComputation.stats count=187 sumNanos=239549 avgNanos=1281
zil-additional-service  | 2026-05-04T14:45:57.912Z  INFO 1 --- [zil-additional-service] [   scheduling-1] r.a.observability.ObservabilityService   : LAB9 Observability window=10s category=http.main.clients count=186 sumNanos=37633878792 avgNanos=202332681
zil-additional-service  | 2026-05-04T14:45:57.912Z  INFO 1 --- [zil-additional-service] [   scheduling-1] r.a.observability.ObservabilityService   : LAB9 Observability window=10s category=web.additional.stats count=187 sumNanos=105646043028 avgNanos=564952101
zil-additional-service  | 2026-05-04T14:45:57.912Z  INFO 1 --- [zil-additional-service] [   scheduling-1] r.a.observability.ObservabilityService   : LAB9 Observability window=10s category=http.main.rents count=361 sumNanos=67387090898 avgNanos=186667841
zil-additional-service  | 2026-05-04T14:45:57.912Z  INFO 1 --- [zil-additional-service] [   scheduling-1] r.a.observability.ObservabilityService   : LAB9 Observability window=10s category=http.main.cars count=359 sumNanos=62570701404 avgNanos=174291647
zil-additional-service  | 2026-05-04T14:45:57.912Z  INFO 1 --- [zil-additional-service] [   scheduling-1] r.a.observability.ObservabilityService   : LAB9 Observability window=10s category=web.additional.availability_new count=174 sumNanos=62318757903 avgNanos=358153781
zil-additional-service  | 2026-05-04T14:45:57.912Z  INFO 1 --- [zil-additional-service] [   scheduling-1] r.a.observability.ObservabilityService   : LAB9 Observability window=10s category=additional.statsComputation.availability.allCitiesAllDates count=174 sumNanos=22548056 avgNanos=129586
zil-additional-service  | 2026-05-04T14:45:57.912Z  INFO 1 --- [zil-additional-service] [   scheduling-1] r.a.observability.ObservabilityService   : LAB9 Observability window=30s category=additional.statsComputation.stats count=345 sumNanos=406306 avgNanos=1177
zil-additional-service  | 2026-05-04T14:45:57.912Z  INFO 1 --- [zil-additional-service] [   scheduling-1] r.a.observability.ObservabilityService   : LAB9 Observability window=30s category=web.additional.stats count=345 sumNanos=195045886189 avgNanos=565350394
zil-additional-service  | 2026-05-04T14:45:57.912Z  INFO 1 --- [zil-additional-service] [   scheduling-1] r.a.observability.ObservabilityService   : LAB9 Observability window=30s category=http.main.clients count=348 sumNanos=70244703094 avgNanos=201852595
zil-additional-service  | 2026-05-04T14:45:57.912Z  INFO 1 --- [zil-additional-service] [   scheduling-1] r.a.observability.ObservabilityService   : LAB9 Observability window=30s category=http.main.rents count=682 sumNanos=127354743119 avgNanos=186737159
zil-additional-service  | 2026-05-04T14:45:57.912Z  INFO 1 --- [zil-additional-service] [   scheduling-1] r.a.observability.ObservabilityService   : LAB9 Observability window=30s category=http.main.cars count=692 sumNanos=121134018648 avgNanos=175049159
zil-additional-service  | 2026-05-04T14:45:57.912Z  INFO 1 --- [zil-additional-service] [   scheduling-1] r.a.observability.ObservabilityService   : LAB9 Observability window=30s category=web.additional.availability_new count=337 sumNanos=121252449286 avgNanos=359799552
zil-additional-service  | 2026-05-04T14:45:57.912Z  INFO 1 --- [zil-additional-service] [   scheduling-1] r.a.observability.ObservabilityService   : LAB9 Observability window=30s category=additional.statsComputation.availability.allCitiesAllDates count=337 sumNanos=50497805 avgNanos=149845
zil-additional-service  | 2026-05-04T14:45:57.916Z  INFO 1 --- [zil-additional-service] [   scheduling-1] r.a.observability.ObservabilityService   : LAB9 Observability window=1m category=additional.statsComputation.stats count=353 sumNanos=421392 avgNanos=1193
zil-additional-service  | 2026-05-04T14:45:57.916Z  INFO 1 --- [zil-additional-service] [   scheduling-1] r.a.observability.ObservabilityService   : LAB9 Observability window=1m category=web.additional.stats count=353 sumNanos=199360013735 avgNanos=564759245
zil-additional-service  | 2026-05-04T14:45:57.916Z  INFO 1 --- [zil-additional-service] [   scheduling-1] r.a.observability.ObservabilityService   : LAB9 Observability window=1m category=http.main.clients count=358 sumNanos=72361083607 avgNanos=202125931
zil-additional-service  | 2026-05-04T14:45:57.916Z  INFO 1 --- [zil-additional-service] [   scheduling-1] r.a.observability.ObservabilityService   : LAB9 Observability window=1m category=http.main.rents count=796 sumNanos=146164338145 avgNanos=183623540
zil-additional-service  | 2026-05-04T14:45:57.916Z  INFO 1 --- [zil-additional-service] [   scheduling-1] r.a.observability.ObservabilityService   : LAB9 Observability window=1m category=http.main.cars count=797 sumNanos=140071336060 avgNanos=175748225
zil-additional-service  | 2026-05-04T14:45:57.916Z  INFO 1 --- [zil-additional-service] [   scheduling-1] r.a.observability.ObservabilityService   : LAB9 Observability window=1m category=web.additional.availability_new count=443 sumNanos=157791829149 avgNanos=356189230
zil-additional-service  | 2026-05-04T14:45:57.916Z  INFO 1 --- [zil-additional-service] [   scheduling-1] r.a.observability.ObservabilityService   : LAB9 Observability window=1m category=additional.statsComputation.availability.allCitiesAllDates count=443 sumNanos=67907175 avgNanos=153289
zil-additional-service  | 2026-05-04T14:46:02.918Z  INFO 1 --- [zil-additional-service] [   scheduling-1] r.a.observability.ObservabilityService   : LAB9 Observability window=10s category=additional.statsComputation.stats count=176 sumNanos=296405 avgNanos=1684
zil-additional-service  | 2026-05-04T14:46:02.918Z  INFO 1 --- [zil-additional-service] [   scheduling-1] r.a.observability.ObservabilityService   : LAB9 Observability window=10s category=web.additional.stats count=176 sumNanos=101918280255 avgNanos=579081137
zil-additional-service  | 2026-05-04T14:46:02.918Z  INFO 1 --- [zil-additional-service] [   scheduling-1] r.a.observability.ObservabilityService   : LAB9 Observability window=10s category=http.main.clients count=179 sumNanos=36952165032 avgNanos=206436676
zil-additional-service  | 2026-05-04T14:46:02.918Z  INFO 1 --- [zil-additional-service] [   scheduling-1] r.a.observability.ObservabilityService   : LAB9 Observability window=10s category=http.main.rents count=356 sumNanos=66651618773 avgNanos=187223648
zil-additional-service  | 2026-05-04T14:46:02.919Z  INFO 1 --- [zil-additional-service] [   scheduling-1] r.a.observability.ObservabilityService   : LAB9 Observability window=10s category=http.main.cars count=360 sumNanos=64658718198 avgNanos=179607550
zil-additional-service  | 2026-05-04T14:46:02.919Z  INFO 1 --- [zil-additional-service] [   scheduling-1] r.a.observability.ObservabilityService   : LAB9 Observability window=10s category=web.additional.availability_new count=180 sumNanos=65117144330 avgNanos=361761912
zil-additional-service  | 2026-05-04T14:46:02.919Z  INFO 1 --- [zil-additional-service] [   scheduling-1] r.a.observability.ObservabilityService   : LAB9 Observability window=10s category=additional.statsComputation.availability.allCitiesAllDates count=180 sumNanos=24435932 avgNanos=135755
zil-additional-service  | 2026-05-04T14:46:02.919Z  INFO 1 --- [zil-additional-service] [   scheduling-1] r.a.observability.ObservabilityService   : LAB9 Observability window=30s category=additional.statsComputation.stats count=430 sumNanos=593372 avgNanos=1379
zil-additional-service  | 2026-05-04T14:46:02.919Z  INFO 1 --- [zil-additional-service] [   scheduling-1] r.a.observability.ObservabilityService   : LAB9 Observability window=30s category=web.additional.stats count=430 sumNanos=245236340472 avgNanos=570317070
zil-additional-service  | 2026-05-04T14:46:02.919Z  INFO 1 --- [zil-additional-service] [   scheduling-1] r.a.observability.ObservabilityService   : LAB9 Observability window=30s category=http.main.clients count=437 sumNanos=89024677344 avgNanos=203717797
zil-additional-service  | 2026-05-04T14:46:02.920Z  INFO 1 --- [zil-additional-service] [   scheduling-1] r.a.observability.ObservabilityService   : LAB9 Observability window=30s category=http.main.rents count=859 sumNanos=160418314037 avgNanos=186750074
zil-additional-service  | 2026-05-04T14:46:02.920Z  INFO 1 --- [zil-additional-service] [   scheduling-1] r.a.observability.ObservabilityService   : LAB9 Observability window=30s category=http.main.cars count=872 sumNanos=154237064178 avgNanos=176877367
zil-additional-service  | 2026-05-04T14:46:02.920Z  INFO 1 --- [zil-additional-service] [   scheduling-1] r.a.observability.ObservabilityService   : LAB9 Observability window=30s category=web.additional.availability_new count=429 sumNanos=154899622951 avgNanos=361071382
zil-additional-service  | 2026-05-04T14:46:02.920Z  INFO 1 --- [zil-additional-service] [   scheduling-1] r.a.observability.ObservabilityService   : LAB9 Observability window=30s category=additional.statsComputation.availability.allCitiesAllDates count=429 sumNanos=63577096 avgNanos=148198
zil-additional-service  | 2026-05-04T14:46:02.920Z  INFO 1 --- [zil-additional-service] [   scheduling-1] r.a.observability.ObservabilityService   : LAB9 Observability window=1m category=additional.statsComputation.stats count=430 sumNanos=593372 avgNanos=1379
zil-additional-service  | 2026-05-04T14:46:02.920Z  INFO 1 --- [zil-additional-service] [   scheduling-1] r.a.observability.ObservabilityService   : LAB9 Observability window=1m category=web.additional.stats count=430 sumNanos=245236340472 avgNanos=570317070
zil-additional-service  | 2026-05-04T14:46:02.920Z  INFO 1 --- [zil-additional-service] [   scheduling-1] r.a.observability.ObservabilityService   : LAB9 Observability window=1m category=http.main.clients count=437 sumNanos=89024677344 avgNanos=203717797
zil-additional-service  | 2026-05-04T14:46:02.920Z  INFO 1 --- [zil-additional-service] [   scheduling-1] r.a.observability.ObservabilityService   : LAB9 Observability window=1m category=http.main.rents count=859 sumNanos=160418314037 avgNanos=186750074
zil-additional-service  | 2026-05-04T14:46:02.920Z  INFO 1 --- [zil-additional-service] [   scheduling-1] r.a.observability.ObservabilityService   : LAB9 Observability window=1m category=http.main.cars count=872 sumNanos=154237064178 avgNanos=176877367
zil-additional-service  | 2026-05-04T14:46:02.920Z  INFO 1 --- [zil-additional-service] [   scheduling-1] r.a.observability.ObservabilityService   : LAB9 Observability window=1m category=web.additional.availability_new count=429 sumNanos=154899622951 avgNanos=361071382
zil-additional-service  | 2026-05-04T14:46:02.920Z  INFO 1 --- [zil-additional-service] [   scheduling-1] r.a.observability.ObservabilityService   : LAB9 Observability window=1m category=additional.statsComputation.availability.allCitiesAllDates count=429 sumNanos=63577096 avgNanos=148198
zil-additional-service  | 2026-05-04T14:46:07.920Z  INFO 1 --- [zil-additional-service] [   scheduling-1] r.a.observability.ObservabilityService   : LAB9 Observability window=10s category=additional.statsComputation.stats count=179 sumNanos=305506 avgNanos=1706
zil-additional-service  | 2026-05-04T14:46:07.921Z  INFO 1 --- [zil-additional-service] [   scheduling-1] r.a.observability.ObservabilityService   : LAB9 Observability window=10s category=http.main.clients count=177 sumNanos=36411082011 avgNanos=205712327
zil-additional-service  | 2026-05-04T14:46:07.921Z  INFO 1 --- [zil-additional-service] [   scheduling-1] r.a.observability.ObservabilityService   : LAB9 Observability window=10s category=web.additional.stats count=179 sumNanos=102062438704 avgNanos=570181221
zil-additional-service  | 2026-05-04T14:46:07.921Z  INFO 1 --- [zil-additional-service] [   scheduling-1] r.a.observability.ObservabilityService   : LAB9 Observability window=10s category=http.main.rents count=364 sumNanos=66531714852 avgNanos=182779436
zil-additional-service  | 2026-05-04T14:46:07.921Z  INFO 1 --- [zil-additional-service] [   scheduling-1] r.a.observability.ObservabilityService   : LAB9 Observability window=10s category=http.main.cars count=362 sumNanos=65224222895 avgNanos=180177411
zil-additional-service  | 2026-05-04T14:46:07.921Z  INFO 1 --- [zil-additional-service] [   scheduling-1] r.a.observability.ObservabilityService   : LAB9 Observability window=10s category=web.additional.availability_new count=185 sumNanos=67292437256 avgNanos=363742904
zil-additional-service  | 2026-05-04T14:46:07.921Z  INFO 1 --- [zil-additional-service] [   scheduling-1] r.a.observability.ObservabilityService   : LAB9 Observability window=10s category=additional.statsComputation.availability.allCitiesAllDates count=185 sumNanos=31151391 avgNanos=168385
zil-additional-service  | 2026-05-04T14:46:07.921Z  INFO 1 --- [zil-additional-service] [   scheduling-1] r.a.observability.ObservabilityService   : LAB9 Observability window=30s category=additional.statsComputation.stats count=524 sumNanos=711812 avgNanos=1358
zil-additional-service  | 2026-05-04T14:46:07.921Z  INFO 1 --- [zil-additional-service] [   scheduling-1] r.a.observability.ObservabilityService   : LAB9 Observability window=30s category=web.additional.stats count=524 sumNanos=297108324893 avgNanos=567000620
zil-additional-service  | 2026-05-04T14:46:07.921Z  INFO 1 --- [zil-additional-service] [   scheduling-1] r.a.observability.ObservabilityService   : LAB9 Observability window=30s category=http.main.clients count=527 sumNanos=107193007772 avgNanos=203402291
zil-additional-service  | 2026-05-04T14:46:07.921Z  INFO 1 --- [zil-additional-service] [   scheduling-1] r.a.observability.ObservabilityService   : LAB9 Observability window=30s category=http.main.rents count=1046 sumNanos=193886457971 avgNanos=185359902
zil-additional-service  | 2026-05-04T14:46:07.921Z  INFO 1 --- [zil-additional-service] [   scheduling-1] r.a.observability.ObservabilityService   : LAB9 Observability window=30s category=http.main.cars count=1054 sumNanos=186358241543 avgNanos=176810475
zil-additional-service  | 2026-05-04T14:46:07.921Z  INFO 1 --- [zil-additional-service] [   scheduling-1] r.a.observability.ObservabilityService   : LAB9 Observability window=30s category=web.additional.availability_new count=522 sumNanos=188544886542 avgNanos=361197100
zil-additional-service  | 2026-05-04T14:46:07.921Z  INFO 1 --- [zil-additional-service] [   scheduling-1] r.a.observability.ObservabilityService   : LAB9 Observability window=30s category=additional.statsComputation.availability.allCitiesAllDates count=522 sumNanos=81649196 avgNanos=156416
zil-additional-service  | 2026-05-04T14:46:07.921Z  INFO 1 --- [zil-additional-service] [   scheduling-1] r.a.observability.ObservabilityService   : LAB9 Observability window=1m category=additional.statsComputation.stats count=524 sumNanos=711812 avgNanos=1358
zil-additional-service  | 2026-05-04T14:46:07.921Z  INFO 1 --- [zil-additional-service] [   scheduling-1] r.a.observability.ObservabilityService   : LAB9 Observability window=1m category=web.additional.stats count=524 sumNanos=297108324893 avgNanos=567000620
zil-additional-service  | 2026-05-04T14:46:07.921Z  INFO 1 --- [zil-additional-service] [   scheduling-1] r.a.observability.ObservabilityService   : LAB9 Observability window=1m category=http.main.clients count=527 sumNanos=107193007772 avgNanos=203402291
zil-additional-service  | 2026-05-04T14:46:07.921Z  INFO 1 --- [zil-additional-service] [   scheduling-1] r.a.observability.ObservabilityService   : LAB9 Observability window=1m category=http.main.rents count=1046 sumNanos=193886457971 avgNanos=185359902
zil-additional-service  | 2026-05-04T14:46:07.921Z  INFO 1 --- [zil-additional-service] [   scheduling-1] r.a.observability.ObservabilityService   : LAB9 Observability window=1m category=http.main.cars count=1054 sumNanos=186358241543 avgNanos=176810475
zil-additional-service  | 2026-05-04T14:46:07.921Z  INFO 1 --- [zil-additional-service] [   scheduling-1] r.a.observability.ObservabilityService   : LAB9 Observability window=1m category=web.additional.availability_new count=522 sumNanos=188544886542 avgNanos=361197100
zil-additional-service  | 2026-05-04T14:46:07.921Z  INFO 1 --- [zil-additional-service] [   scheduling-1] r.a.observability.ObservabilityService   : LAB9 Observability window=1m category=additional.statsComputation.availability.allCitiesAllDates count=522 sumNanos=81649196 avgNanos=156416
zil-additional-service  | 2026-05-04T14:46:12.922Z  INFO 1 --- [zil-additional-service] [   scheduling-1] r.a.observability.ObservabilityService   : LAB9 Observability window=10s category=additional.statsComputation.stats count=178 sumNanos=220543 avgNanos=1239
zil-additional-service  | 2026-05-04T14:46:12.923Z  INFO 1 --- [zil-additional-service] [   scheduling-1] r.a.observability.ObservabilityService   : LAB9 Observability window=10s category=http.main.clients count=173 sumNanos=34759215892 avgNanos=200920323
zil-additional-service  | 2026-05-04T14:46:12.923Z  INFO 1 --- [zil-additional-service] [   scheduling-1] r.a.observability.ObservabilityService   : LAB9 Observability window=10s category=web.additional.stats count=178 sumNanos=98563886890 avgNanos=553729701
zil-additional-service  | 2026-05-04T14:46:12.923Z  INFO 1 --- [zil-additional-service] [   scheduling-1] r.a.observability.ObservabilityService   : LAB9 Observability window=10s category=http.main.rents count=374 sumNanos=67427826407 avgNanos=180288305
zil-additional-service  | 2026-05-04T14:46:12.923Z  INFO 1 --- [zil-additional-service] [   scheduling-1] r.a.observability.ObservabilityService   : LAB9 Observability window=10s category=http.main.cars count=367 sumNanos=64626258395 avgNanos=176093347
zil-additional-service  | 2026-05-04T14:46:12.923Z  INFO 1 --- [zil-additional-service] [   scheduling-1] r.a.observability.ObservabilityService   : LAB9 Observability window=10s category=web.additional.availability_new count=196 sumNanos=70710807219 avgNanos=360769424
zil-additional-service  | 2026-05-04T14:46:12.923Z  INFO 1 --- [zil-additional-service] [   scheduling-1] r.a.observability.ObservabilityService   : LAB9 Observability window=10s category=additional.statsComputation.availability.allCitiesAllDates count=196 sumNanos=38633163 avgNanos=197107
zil-additional-service  | 2026-05-04T14:46:12.923Z  INFO 1 --- [zil-additional-service] [   scheduling-1] r.a.observability.ObservabilityService   : LAB9 Observability window=30s category=additional.statsComputation.stats count=535 sumNanos=736271 avgNanos=1376
zil-additional-service  | 2026-05-04T14:46:12.923Z  INFO 1 --- [zil-additional-service] [   scheduling-1] r.a.observability.ObservabilityService   : LAB9 Observability window=30s category=http.main.clients count=532 sumNanos=108112184142 avgNanos=203218391
zil-additional-service  | 2026-05-04T14:46:12.923Z  INFO 1 --- [zil-additional-service] [   scheduling-1] r.a.observability.ObservabilityService   : LAB9 Observability window=30s category=web.additional.stats count=535 sumNanos=302743482548 avgNanos=565875668
zil-additional-service  | 2026-05-04T14:46:12.923Z  INFO 1 --- [zil-additional-service] [   scheduling-1] r.a.observability.ObservabilityService   : LAB9 Observability window=30s category=http.main.rents count=1090 sumNanos=200602597993 avgNanos=184039080
zil-additional-service  | 2026-05-04T14:46:12.923Z  INFO 1 --- [zil-additional-service] [   scheduling-1] r.a.observability.ObservabilityService   : LAB9 Observability window=30s category=http.main.cars count=1088 sumNanos=193126742701 avgNanos=177506197
zil-additional-service  | 2026-05-04T14:46:12.923Z  INFO 1 --- [zil-additional-service] [   scheduling-1] r.a.observability.ObservabilityService   : LAB9 Observability window=30s category=web.additional.availability_new count=555 sumNanos=200587106243 avgNanos=361418209
zil-additional-service  | 2026-05-04T14:46:12.923Z  INFO 1 --- [zil-additional-service] [   scheduling-1] r.a.observability.ObservabilityService   : LAB9 Observability window=30s category=additional.statsComputation.availability.allCitiesAllDates count=555 sumNanos=84699042 avgNanos=152610
zil-additional-service  | 2026-05-04T14:46:12.923Z  INFO 1 --- [zil-additional-service] [   scheduling-1] r.a.observability.ObservabilityService   : LAB9 Observability window=1m category=additional.statsComputation.stats count=608 sumNanos=813915 avgNanos=1338
zil-additional-service  | 2026-05-04T14:46:12.923Z  INFO 1 --- [zil-additional-service] [   scheduling-1] r.a.observability.ObservabilityService   : LAB9 Observability window=1m category=web.additional.stats count=608 sumNanos=343800227362 avgNanos=565460900
zil-additional-service  | 2026-05-04T14:46:12.923Z  INFO 1 --- [zil-additional-service] [   scheduling-1] r.a.observability.ObservabilityService   : LAB9 Observability window=1m category=http.main.clients count=610 sumNanos=123783893236 avgNanos=202924415
zil-additional-service  | 2026-05-04T14:46:12.923Z  INFO 1 --- [zil-additional-service] [   scheduling-1] r.a.observability.ObservabilityService   : LAB9 Observability window=1m category=http.main.rents count=1233 sumNanos=227846140444 avgNanos=184790057
zil-additional-service  | 2026-05-04T14:46:12.923Z  INFO 1 --- [zil-additional-service] [   scheduling-1] r.a.observability.ObservabilityService   : LAB9 Observability window=1m category=http.main.cars count=1239 sumNanos=218863322573 avgNanos=176645135
zil-additional-service  | 2026-05-04T14:46:12.923Z  INFO 1 --- [zil-additional-service] [   scheduling-1] r.a.observability.ObservabilityService   : LAB9 Observability window=1m category=web.additional.availability_new count=625 sumNanos=225610430170 avgNanos=360976688
zil-additional-service  | 2026-05-04T14:46:12.923Z  INFO 1 --- [zil-additional-service] [   scheduling-1] r.a.observability.ObservabilityService   : LAB9 Observability window=1m category=additional.statsComputation.availability.allCitiesAllDates count=625 sumNanos=102210259 avgNanos=163536
zil-additional-service  | 2026-05-04T14:46:17.926Z  INFO 1 --- [zil-additional-service] [   scheduling-1] r.a.observability.ObservabilityService   : LAB9 Observability window=10s category=additional.statsComputation.stats count=172 sumNanos=219589 avgNanos=1276
zil-additional-service  | 2026-05-04T14:46:17.927Z  INFO 1 --- [zil-additional-service] [   scheduling-1] r.a.observability.ObservabilityService   : LAB9 Observability window=10s category=http.main.clients count=172 sumNanos=35207051214 avgNanos=204692158
zil-additional-service  | 2026-05-04T14:46:17.928Z  INFO 1 --- [zil-additional-service] [   scheduling-1] r.a.observability.ObservabilityService   : LAB9 Observability window=10s category=web.additional.stats count=172 sumNanos=96514659621 avgNanos=561131741
zil-additional-service  | 2026-05-04T14:46:17.928Z  INFO 1 --- [zil-additional-service] [   scheduling-1] r.a.observability.ObservabilityService   : LAB9 Observability window=10s category=http.main.rents count=362 sumNanos=67578558566 avgNanos=186681101
zil-additional-service  | 2026-05-04T14:46:17.928Z  INFO 1 --- [zil-additional-service] [   scheduling-1] r.a.observability.ObservabilityService   : LAB9 Observability window=10s category=http.main.cars count=365 sumNanos=64407318835 avgNanos=176458407
zil-additional-service  | 2026-05-04T14:46:17.928Z  INFO 1 --- [zil-additional-service] [   scheduling-1] r.a.observability.ObservabilityService   : LAB9 Observability window=10s category=web.additional.availability_new count=190 sumNanos=70363055444 avgNanos=370331870
zil-additional-service  | 2026-05-04T14:46:17.928Z  INFO 1 --- [zil-additional-service] [   scheduling-1] r.a.observability.ObservabilityService   : LAB9 Observability window=10s category=additional.statsComputation.availability.allCitiesAllDates count=190 sumNanos=31481098 avgNanos=165689
zil-additional-service  | 2026-05-04T14:46:17.929Z  INFO 1 --- [zil-additional-service] [   scheduling-1] r.a.observability.ObservabilityService   : LAB9 Observability window=30s category=additional.statsComputation.stats count=537 sumNanos=763532 avgNanos=1421
zil-additional-service  | 2026-05-04T14:46:17.929Z  INFO 1 --- [zil-additional-service] [   scheduling-1] r.a.observability.ObservabilityService   : LAB9 Observability window=30s category=web.additional.stats count=537 sumNanos=303561293842 avgNanos=565291049
zil-additional-service  | 2026-05-04T14:46:17.929Z  INFO 1 --- [zil-additional-service] [   scheduling-1] r.a.observability.ObservabilityService   : LAB9 Observability window=30s category=http.main.clients count=537 sumNanos=109789234684 avgNanos=204449226
zil-additional-service  | 2026-05-04T14:46:17.930Z  INFO 1 --- [zil-additional-service] [   scheduling-1] r.a.observability.ObservabilityService   : LAB9 Observability window=30s category=http.main.rents count=1086 sumNanos=201287329812 avgNanos=185347449
zil-additional-service  | 2026-05-04T14:46:17.931Z  INFO 1 --- [zil-additional-service] [   scheduling-1] r.a.observability.ObservabilityService   : LAB9 Observability window=30s category=http.main.cars count=1086 sumNanos=192202243134 avgNanos=176981807
zil-additional-service  | 2026-05-04T14:46:17.931Z  INFO 1 --- [zil-additional-service] [   scheduling-1] r.a.observability.ObservabilityService   : LAB9 Observability window=30s category=web.additional.availability_new count=549 sumNanos=199974250603 avgNanos=364251822
zil-additional-service  | 2026-05-04T14:46:17.931Z  INFO 1 --- [zil-additional-service] [   scheduling-1] r.a.observability.ObservabilityService   : LAB9 Observability window=30s category=additional.statsComputation.availability.allCitiesAllDates count=549 sumNanos=85180545 avgNanos=155155
zil-additional-service  | 2026-05-04T14:46:17.931Z  INFO 1 --- [zil-additional-service] [   scheduling-1] r.a.observability.ObservabilityService   : LAB9 Observability window=1m category=additional.statsComputation.stats count=696 sumNanos=931401 avgNanos=1338
zil-additional-service  | 2026-05-04T14:46:17.933Z  INFO 1 --- [zil-additional-service] [   scheduling-1] r.a.observability.ObservabilityService   : LAB9 Observability window=1m category=web.additional.stats count=696 sumNanos=393622984514 avgNanos=565550265
zil-additional-service  | 2026-05-04T14:46:17.933Z  INFO 1 --- [zil-additional-service] [   scheduling-1] r.a.observability.ObservabilityService   : LAB9 Observability window=1m category=http.main.clients count=699 sumNanos=142400058986 avgNanos=203719683
zil-additional-service  | 2026-05-04T14:46:17.933Z  INFO 1 --- [zil-additional-service] [   scheduling-1] r.a.observability.ObservabilityService   : LAB9 Observability window=1m category=http.main.rents count=1408 sumNanos=261465016537 avgNanos=185699585
zil-additional-service  | 2026-05-04T14:46:17.933Z  INFO 1 --- [zil-additional-service] [   scheduling-1] r.a.observability.ObservabilityService   : LAB9 Observability window=1m category=http.main.cars count=1419 sumNanos=250765560378 avgNanos=176719915
zil-additional-service  | 2026-05-04T14:46:17.933Z  INFO 1 --- [zil-additional-service] [   scheduling-1] r.a.observability.ObservabilityService   : LAB9 Observability window=1m category=web.additional.availability_new count=712 sumNanos=258907941986 avgNanos=363634749
zil-additional-service  | 2026-05-04T14:46:17.933Z  INFO 1 --- [zil-additional-service] [   scheduling-1] r.a.observability.ObservabilityService   : LAB9 Observability window=1m category=additional.statsComputation.availability.allCitiesAllDates count=712 sumNanos=113130294 avgNanos=158890
zil-additional-service  | 2026-05-04T14:46:22.935Z  INFO 1 --- [zil-additional-service] [   scheduling-1] r.a.observability.ObservabilityService   : LAB9 Observability window=10s category=additional.statsComputation.stats count=175 sumNanos=236363 avgNanos=1350
zil-additional-service  | 2026-05-04T14:46:22.935Z  INFO 1 --- [zil-additional-service] [   scheduling-1] r.a.observability.ObservabilityService   : LAB9 Observability window=10s category=web.additional.stats count=175 sumNanos=98042759656 avgNanos=560244340
zil-additional-service  | 2026-05-04T14:46:22.935Z  INFO 1 --- [zil-additional-service] [   scheduling-1] r.a.observability.ObservabilityService   : LAB9 Observability window=10s category=http.main.clients count=176 sumNanos=35750201860 avgNanos=203126146
zil-additional-service  | 2026-05-04T14:46:22.935Z  INFO 1 --- [zil-additional-service] [   scheduling-1] r.a.observability.ObservabilityService   : LAB9 Observability window=10s category=http.main.rents count=360 sumNanos=66813141938 avgNanos=185592060
zil-additional-service  | 2026-05-04T14:46:22.936Z  INFO 1 --- [zil-additional-service] [   scheduling-1] r.a.observability.ObservabilityService   : LAB9 Observability window=10s category=http.main.cars count=366 sumNanos=65419478628 avgNanos=178741744
zil-additional-service  | 2026-05-04T14:46:22.936Z  INFO 1 --- [zil-additional-service] [   scheduling-1] r.a.observability.ObservabilityService   : LAB9 Observability window=10s category=web.additional.availability_new count=185 sumNanos=68576643817 avgNanos=370684561
zil-additional-service  | 2026-05-04T14:46:22.936Z  INFO 1 --- [zil-additional-service] [   scheduling-1] r.a.observability.ObservabilityService   : LAB9 Observability window=10s category=additional.statsComputation.availability.allCitiesAllDates count=185 sumNanos=23843866 avgNanos=128885
zil-additional-service  | 2026-05-04T14:46:22.936Z  INFO 1 --- [zil-additional-service] [   scheduling-1] r.a.observability.ObservabilityService   : LAB9 Observability window=30s category=additional.statsComputation.stats count=530 sumNanos=754750 avgNanos=1424
zil-additional-service  | 2026-05-04T14:46:22.937Z  INFO 1 --- [zil-additional-service] [   scheduling-1] r.a.observability.ObservabilityService   : LAB9 Observability window=30s category=web.additional.stats count=530 sumNanos=298958980516 avgNanos=564073548
zil-additional-service  | 2026-05-04T14:46:22.937Z  INFO 1 --- [zil-additional-service] [   scheduling-1] r.a.observability.ObservabilityService   : LAB9 Observability window=30s category=http.main.clients count=528 sumNanos=107461582784 avgNanos=203525724
zil-additional-service  | 2026-05-04T14:46:22.937Z  INFO 1 --- [zil-additional-service] [   scheduling-1] r.a.observability.ObservabilityService   : LAB9 Observability window=30s category=http.main.rents count=1091 sumNanos=201075651410 avgNanos=184303988
zil-additional-service  | 2026-05-04T14:46:22.937Z  INFO 1 --- [zil-additional-service] [   scheduling-1] r.a.observability.ObservabilityService   : LAB9 Observability window=30s category=http.main.cars count=1090 sumNanos=194083979307 avgNanos=178058696
zil-additional-service  | 2026-05-04T14:46:22.937Z  INFO 1 --- [zil-additional-service] [   scheduling-1] r.a.observability.ObservabilityService   : LAB9 Observability window=30s category=web.additional.availability_new count=561 sumNanos=204404595366 avgNanos=364357567
zil-additional-service  | 2026-05-04T14:46:22.937Z  INFO 1 --- [zil-additional-service] [   scheduling-1] r.a.observability.ObservabilityService   : LAB9 Observability window=30s category=additional.statsComputation.availability.allCitiesAllDates count=561 sumNanos=86912961 avgNanos=154925
zil-additional-service  | 2026-05-04T14:46:22.938Z  INFO 1 --- [zil-additional-service] [   scheduling-1] r.a.observability.ObservabilityService   : LAB9 Observability window=1m category=additional.statsComputation.stats count=783 sumNanos=1050278 avgNanos=1341
zil-additional-service  | 2026-05-04T14:46:22.938Z  INFO 1 --- [zil-additional-service] [   scheduling-1] r.a.observability.ObservabilityService   : LAB9 Observability window=1m category=web.additional.stats count=783 sumNanos=441842987018 avgNanos=564295002
zil-additional-service  | 2026-05-04T14:46:22.938Z  INFO 1 --- [zil-additional-service] [   scheduling-1] r.a.observability.ObservabilityService   : LAB9 Observability window=1m category=http.main.clients count=786 sumNanos=159534095096 avgNanos=202969586
zil-additional-service  | 2026-05-04T14:46:22.938Z  INFO 1 --- [zil-additional-service] [   scheduling-1] r.a.observability.ObservabilityService   : LAB9 Observability window=1m category=http.main.rents count=1593 sumNanos=294659282382 avgNanos=184971300
zil-additional-service  | 2026-05-04T14:46:22.938Z  INFO 1 --- [zil-additional-service] [   scheduling-1] r.a.observability.ObservabilityService   : LAB9 Observability window=1m category=http.main.cars count=1605 sumNanos=284282801201 avgNanos=177123240
zil-additional-service  | 2026-05-04T14:46:22.938Z  INFO 1 --- [zil-additional-service] [   scheduling-1] r.a.observability.ObservabilityService   : LAB9 Observability window=1m category=web.additional.availability_new count=810 sumNanos=294187073987 avgNanos=363193918
zil-additional-service  | 2026-05-04T14:46:22.938Z  INFO 1 --- [zil-additional-service] [   scheduling-1] r.a.observability.ObservabilityService   : LAB9 Observability window=1m category=additional.statsComputation.availability.allCitiesAllDates count=810 sumNanos=126054125 avgNanos=155622
zil-additional-service  | 2026-05-04T14:46:27.944Z  INFO 1 --- [zil-additional-service] [   scheduling-1] r.a.observability.ObservabilityService   : LAB9 Observability window=10s category=additional.statsComputation.stats count=183 sumNanos=223732 avgNanos=1222
zil-additional-service  | 2026-05-04T14:46:27.944Z  INFO 1 --- [zil-additional-service] [   scheduling-1] r.a.observability.ObservabilityService   : LAB9 Observability window=10s category=http.main.clients count=184 sumNanos=36941474257 avgNanos=200768881
zil-additional-service  | 2026-05-04T14:46:27.944Z  INFO 1 --- [zil-additional-service] [   scheduling-1] r.a.observability.ObservabilityService   : LAB9 Observability window=10s category=web.additional.stats count=183 sumNanos=102849828491 avgNanos=562020920
zil-additional-service  | 2026-05-04T14:46:27.944Z  INFO 1 --- [zil-additional-service] [   scheduling-1] r.a.observability.ObservabilityService   : LAB9 Observability window=10s category=http.main.rents count=360 sumNanos=65671317124 avgNanos=182420325
zil-additional-service  | 2026-05-04T14:46:27.944Z  INFO 1 --- [zil-additional-service] [   scheduling-1] r.a.observability.ObservabilityService   : LAB9 Observability window=10s category=http.main.cars count=364 sumNanos=64973209667 avgNanos=178497828
zil-additional-service  | 2026-05-04T14:46:27.944Z  INFO 1 --- [zil-additional-service] [   scheduling-1] r.a.observability.ObservabilityService   : LAB9 Observability window=10s category=web.additional.availability_new count=177 sumNanos=63943494784 avgNanos=361262682
zil-additional-service  | 2026-05-04T14:46:27.944Z  INFO 1 --- [zil-additional-service] [   scheduling-1] r.a.observability.ObservabilityService   : LAB9 Observability window=10s category=additional.statsComputation.availability.allCitiesAllDates count=177 sumNanos=21151240 avgNanos=119498
zil-additional-service  | 2026-05-04T14:46:27.944Z  INFO 1 --- [zil-additional-service] [   scheduling-1] r.a.observability.ObservabilityService   : LAB9 Observability window=30s category=additional.statsComputation.stats count=532 sumNanos=746774 avgNanos=1403
zil-additional-service  | 2026-05-04T14:46:27.944Z  INFO 1 --- [zil-additional-service] [   scheduling-1] r.a.observability.ObservabilityService   : LAB9 Observability window=30s category=web.additional.stats count=532 sumNanos=300207475852 avgNanos=564299766
zil-additional-service  | 2026-05-04T14:46:27.944Z  INFO 1 --- [zil-additional-service] [   scheduling-1] r.a.observability.ObservabilityService   : LAB9 Observability window=30s category=http.main.clients count=533 sumNanos=108559607482 avgNanos=203676561
zil-additional-service  | 2026-05-04T14:46:27.944Z  INFO 1 --- [zil-additional-service] [   scheduling-1] r.a.observability.ObservabilityService   : LAB9 Observability window=30s category=http.main.rents count=1083 sumNanos=199294065541 avgNanos=184020374
zil-additional-service  | 2026-05-04T14:46:27.944Z  INFO 1 --- [zil-additional-service] [   scheduling-1] r.a.observability.ObservabilityService   : LAB9 Observability window=30s category=http.main.cars count=1090 sumNanos=194434386779 avgNanos=178380171
zil-additional-service  | 2026-05-04T14:46:27.945Z  INFO 1 --- [zil-additional-service] [   scheduling-1] r.a.observability.ObservabilityService   : LAB9 Observability window=30s category=web.additional.availability_new count=551 sumNanos=201223262340 avgNanos=365196483
zil-additional-service  | 2026-05-04T14:46:27.945Z  INFO 1 --- [zil-additional-service] [   scheduling-1] r.a.observability.ObservabilityService   : LAB9 Observability window=30s category=additional.statsComputation.availability.allCitiesAllDates count=551 sumNanos=83713201 avgNanos=151929
zil-additional-service  | 2026-05-04T14:46:27.945Z  INFO 1 --- [zil-additional-service] [   scheduling-1] r.a.observability.ObservabilityService   : LAB9 Observability window=1m category=additional.statsComputation.stats count=879 sumNanos=1155133 avgNanos=1314
zil-additional-service  | 2026-05-04T14:46:27.945Z  INFO 1 --- [zil-additional-service] [   scheduling-1] r.a.observability.ObservabilityService   : LAB9 Observability window=1m category=web.additional.stats count=879 sumNanos=496472813005 avgNanos=564815486
zil-additional-service  | 2026-05-04T14:46:27.945Z  INFO 1 --- [zil-additional-service] [   scheduling-1] r.a.observability.ObservabilityService   : LAB9 Observability window=1m category=http.main.clients count=883 sumNanos=179341533243 avgNanos=203104794
zil-additional-service  | 2026-05-04T14:46:27.945Z  INFO 1 --- [zil-additional-service] [   scheduling-1] r.a.observability.ObservabilityService   : LAB9 Observability window=1m category=http.main.rents count=1768 sumNanos=327136333661 avgNanos=185031862
zil-additional-service  | 2026-05-04T14:46:27.945Z  INFO 1 --- [zil-additional-service] [   scheduling-1] r.a.observability.ObservabilityService   : LAB9 Observability window=1m category=http.main.cars count=1783 sumNanos=315738770045 avgNanos=177082877
zil-additional-service  | 2026-05-04T14:46:27.945Z  INFO 1 --- [zil-additional-service] [   scheduling-1] r.a.observability.ObservabilityService   : LAB9 Observability window=1m category=web.additional.availability_new count=889 sumNanos=322851436770 avgNanos=363162471
zil-additional-service  | 2026-05-04T14:46:27.945Z  INFO 1 --- [zil-additional-service] [   scheduling-1] r.a.observability.ObservabilityService   : LAB9 Observability window=1m category=additional.statsComputation.availability.allCitiesAllDates count=889 sumNanos=134281534 avgNanos=151047
zil-additional-service  | 2026-05-04T14:46:32.946Z  INFO 1 --- [zil-additional-service] [   scheduling-1] r.a.observability.ObservabilityService   : LAB9 Observability window=10s category=additional.statsComputation.stats count=188 sumNanos=241221 avgNanos=1283
zil-additional-service  | 2026-05-04T14:46:32.946Z  INFO 1 --- [zil-additional-service] [   scheduling-1] r.a.observability.ObservabilityService   : LAB9 Observability window=10s category=web.additional.stats count=188 sumNanos=108136396113 avgNanos=575193596
zil-additional-service  | 2026-05-04T14:46:32.946Z  INFO 1 --- [zil-additional-service] [   scheduling-1] r.a.observability.ObservabilityService   : LAB9 Observability window=10s category=http.main.clients count=188 sumNanos=38635593856 avgNanos=205508477
zil-additional-service  | 2026-05-04T14:46:32.946Z  INFO 1 --- [zil-additional-service] [   scheduling-1] r.a.observability.ObservabilityService   : LAB9 Observability window=10s category=http.main.rents count=352 sumNanos=66174374952 avgNanos=187995383
zil-additional-service  | 2026-05-04T14:46:32.946Z  INFO 1 --- [zil-additional-service] [   scheduling-1] r.a.observability.ObservabilityService   : LAB9 Observability window=10s category=http.main.cars count=352 sumNanos=63403988156 avgNanos=180124966
zil-additional-service  | 2026-05-04T14:46:32.947Z  INFO 1 --- [zil-additional-service] [   scheduling-1] r.a.observability.ObservabilityService   : LAB9 Observability window=10s category=web.additional.availability_new count=164 sumNanos=60473617434 avgNanos=368741569
zil-additional-service  | 2026-05-04T14:46:32.947Z  INFO 1 --- [zil-additional-service] [   scheduling-1] r.a.observability.ObservabilityService   : LAB9 Observability window=10s category=additional.statsComputation.availability.allCitiesAllDates count=164 sumNanos=19143919 avgNanos=116731
zil-additional-service  | 2026-05-04T14:46:32.947Z  INFO 1 --- [zil-additional-service] [   scheduling-1] r.a.observability.ObservabilityService   : LAB9 Observability window=30s category=additional.statsComputation.stats count=540 sumNanos=697598 avgNanos=1291
zil-additional-service  | 2026-05-04T14:46:32.947Z  INFO 1 --- [zil-additional-service] [   scheduling-1] r.a.observability.ObservabilityService   : LAB9 Observability window=30s category=http.main.clients count=537 sumNanos=109145011608 avgNanos=203249556
zil-additional-service  | 2026-05-04T14:46:32.947Z  INFO 1 --- [zil-additional-service] [   scheduling-1] r.a.observability.ObservabilityService   : LAB9 Observability window=30s category=web.additional.stats count=540 sumNanos=304126914766 avgNanos=563197990
zil-additional-service  | 2026-05-04T14:46:32.947Z  INFO 1 --- [zil-additional-service] [   scheduling-1] r.a.observability.ObservabilityService   : LAB9 Observability window=30s category=http.main.rents count=1082 sumNanos=199601362949 avgNanos=184474457
zil-additional-service  | 2026-05-04T14:46:32.947Z  INFO 1 --- [zil-additional-service] [   scheduling-1] r.a.observability.ObservabilityService   : LAB9 Observability window=30s category=http.main.cars count=1085 sumNanos=193449725179 avgNanos=178294677
zil-additional-service  | 2026-05-04T14:46:32.947Z  INFO 1 --- [zil-additional-service] [   scheduling-1] r.a.observability.ObservabilityService   : LAB9 Observability window=30s category=web.additional.availability_new count=542 sumNanos=198638379482 avgNanos=366491475
zil-additional-service  | 2026-05-04T14:46:32.947Z  INFO 1 --- [zil-additional-service] [   scheduling-1] r.a.observability.ObservabilityService   : LAB9 Observability window=30s category=additional.statsComputation.availability.allCitiesAllDates count=542 sumNanos=81411089 avgNanos=150204
zil-additional-service  | 2026-05-04T14:46:32.948Z  INFO 1 --- [zil-additional-service] [   scheduling-1] r.a.observability.ObservabilityService   : LAB9 Observability window=1m category=additional.statsComputation.stats count=971 sumNanos=1291499 avgNanos=1330
zil-additional-service  | 2026-05-04T14:46:32.948Z  INFO 1 --- [zil-additional-service] [   scheduling-1] r.a.observability.ObservabilityService   : LAB9 Observability window=1m category=web.additional.stats count=971 sumNanos=549979383131 avgNanos=566405131
zil-additional-service  | 2026-05-04T14:46:32.948Z  INFO 1 --- [zil-additional-service] [   scheduling-1] r.a.observability.ObservabilityService   : LAB9 Observability window=1m category=http.main.clients count=974 sumNanos=198169688952 avgNanos=203459639
zil-additional-service  | 2026-05-04T14:46:32.948Z  INFO 1 --- [zil-additional-service] [   scheduling-1] r.a.observability.ObservabilityService   : LAB9 Observability window=1m category=http.main.rents count=1945 sumNanos=360833657334 avgNanos=185518589
zil-additional-service  | 2026-05-04T14:46:32.948Z  INFO 1 --- [zil-additional-service] [   scheduling-1] r.a.observability.ObservabilityService   : LAB9 Observability window=1m category=http.main.cars count=1957 sumNanos=347686789357 avgNanos=177663152
zil-additional-service  | 2026-05-04T14:46:32.948Z  INFO 1 --- [zil-additional-service] [   scheduling-1] r.a.observability.ObservabilityService   : LAB9 Observability window=1m category=web.additional.availability_new count=974 sumNanos=354660691421 avgNanos=364128019
zil-additional-service  | 2026-05-04T14:46:32.948Z  INFO 1 --- [zil-additional-service] [   scheduling-1] r.a.observability.ObservabilityService   : LAB9 Observability window=1m category=additional.statsComputation.availability.allCitiesAllDates count=974 sumNanos=145198044 avgNanos=149073
zil-additional-service  | 2026-05-04T14:46:37.948Z  INFO 1 --- [zil-additional-service] [   scheduling-1] r.a.observability.ObservabilityService   : LAB9 Observability window=10s category=additional.statsComputation.stats count=175 sumNanos=230904 avgNanos=1319
zil-additional-service  | 2026-05-04T14:46:37.949Z  INFO 1 --- [zil-additional-service] [   scheduling-1] r.a.observability.ObservabilityService   : LAB9 Observability window=10s category=http.main.clients count=176 sumNanos=35502688419 avgNanos=201719820
zil-additional-service  | 2026-05-04T14:46:37.949Z  INFO 1 --- [zil-additional-service] [   scheduling-1] r.a.observability.ObservabilityService   : LAB9 Observability window=10s category=web.additional.stats count=175 sumNanos=99570597412 avgNanos=568974842
zil-additional-service  | 2026-05-04T14:46:37.949Z  INFO 1 --- [zil-additional-service] [   scheduling-1] r.a.observability.ObservabilityService   : LAB9 Observability window=10s category=http.main.rents count=363 sumNanos=66986717164 avgNanos=184536410
zil-additional-service  | 2026-05-04T14:46:37.949Z  INFO 1 --- [zil-additional-service] [   scheduling-1] r.a.observability.ObservabilityService   : LAB9 Observability window=10s category=http.main.cars count=362 sumNanos=64834586217 avgNanos=179101066
zil-additional-service  | 2026-05-04T14:46:37.949Z  INFO 1 --- [zil-additional-service] [   scheduling-1] r.a.observability.ObservabilityService   : LAB9 Observability window=10s category=web.additional.availability_new count=188 sumNanos=67844416864 avgNanos=360874557
zil-additional-service  | 2026-05-04T14:46:37.949Z  INFO 1 --- [zil-additional-service] [   scheduling-1] r.a.observability.ObservabilityService   : LAB9 Observability window=10s category=additional.statsComputation.availability.allCitiesAllDates count=188 sumNanos=29145637 avgNanos=155029
zil-additional-service  | 2026-05-04T14:46:37.950Z  INFO 1 --- [zil-additional-service] [   scheduling-1] r.a.observability.ObservabilityService   : LAB9 Observability window=30s category=additional.statsComputation.stats count=529 sumNanos=672985 avgNanos=1272
zil-additional-service  | 2026-05-04T14:46:37.950Z  INFO 1 --- [zil-additional-service] [   scheduling-1] r.a.observability.ObservabilityService   : LAB9 Observability window=30s category=http.main.clients count=532 sumNanos=107651213890 avgNanos=202351905
zil-additional-service  | 2026-05-04T14:46:37.950Z  INFO 1 --- [zil-additional-service] [   scheduling-1] r.a.observability.ObservabilityService   : LAB9 Observability window=30s category=web.additional.stats count=529 sumNanos=298490703303 avgNanos=564254637
zil-additional-service  | 2026-05-04T14:46:37.952Z  INFO 1 --- [zil-additional-service] [   scheduling-1] r.a.observability.ObservabilityService   : LAB9 Observability window=30s category=http.main.rents count=1083 sumNanos=199939952408 avgNanos=184616761
zil-additional-service  | 2026-05-04T14:46:37.952Z  INFO 1 --- [zil-additional-service] [   scheduling-1] r.a.observability.ObservabilityService   : LAB9 Observability window=30s category=http.main.cars count=1089 sumNanos=193821092939 avgNanos=177980801
zil-additional-service  | 2026-05-04T14:46:37.952Z  INFO 1 --- [zil-additional-service] [   scheduling-1] r.a.observability.ObservabilityService   : LAB9 Observability window=30s category=web.additional.availability_new count=554 sumNanos=201782130430 avgNanos=364227672
zil-additional-service  | 2026-05-04T14:46:37.952Z  INFO 1 --- [zil-additional-service] [   scheduling-1] r.a.observability.ObservabilityService   : LAB9 Observability window=30s category=additional.statsComputation.availability.allCitiesAllDates count=554 sumNanos=81710056 avgNanos=147491
zil-additional-service  | 2026-05-04T14:46:37.952Z  INFO 1 --- [zil-additional-service] [   scheduling-1] r.a.observability.ObservabilityService   : LAB9 Observability window=1m category=additional.statsComputation.stats count=1054 sumNanos=1386037 avgNanos=1315
zil-additional-service  | 2026-05-04T14:46:37.952Z  INFO 1 --- [zil-additional-service] [   scheduling-1] r.a.observability.ObservabilityService   : LAB9 Observability window=1m category=web.additional.stats count=1054 sumNanos=596043410417 avgNanos=565506081
zil-additional-service  | 2026-05-04T14:46:37.952Z  INFO 1 --- [zil-additional-service] [   scheduling-1] r.a.observability.ObservabilityService   : LAB9 Observability window=1m category=http.main.clients count=1059 sumNanos=214844221662 avgNanos=202874619
zil-additional-service  | 2026-05-04T14:46:37.952Z  INFO 1 --- [zil-additional-service] [   scheduling-1] r.a.observability.ObservabilityService   : LAB9 Observability window=1m category=http.main.rents count=2131 sumNanos=394123050825 avgNanos=184947466
zil-additional-service  | 2026-05-04T14:46:37.952Z  INFO 1 --- [zil-additional-service] [   scheduling-1] r.a.observability.ObservabilityService   : LAB9 Observability window=1m category=http.main.cars count=2145 sumNanos=380573356262 avgNanos=177423476
zil-additional-service  | 2026-05-04T14:46:37.952Z  INFO 1 --- [zil-additional-service] [   scheduling-1] r.a.observability.ObservabilityService   : LAB9 Observability window=1m category=web.additional.availability_new count=1077 sumNanos=390695853634 avgNanos=362763095
zil-additional-service  | 2026-05-04T14:46:37.952Z  INFO 1 --- [zil-additional-service] [   scheduling-1] r.a.observability.ObservabilityService   : LAB9 Observability window=1m category=additional.statsComputation.availability.allCitiesAllDates count=1077 sumNanos=163427171 avgNanos=151742
zil-additional-service  | 2026-05-04T14:46:42.953Z  INFO 1 --- [zil-additional-service] [   scheduling-1] r.a.observability.ObservabilityService   : LAB9 Observability window=10s category=additional.statsComputation.stats count=177 sumNanos=193529 avgNanos=1093
zil-additional-service  | 2026-05-04T14:46:42.954Z  INFO 1 --- [zil-additional-service] [   scheduling-1] r.a.observability.ObservabilityService   : LAB9 Observability window=10s category=web.additional.stats count=177 sumNanos=98973704973 avgNanos=559173474
zil-additional-service  | 2026-05-04T14:46:42.954Z  INFO 1 --- [zil-additional-service] [   scheduling-1] r.a.observability.ObservabilityService   : LAB9 Observability window=10s category=http.main.clients count=181 sumNanos=36579224907 avgNanos=202095165
zil-additional-service  | 2026-05-04T14:46:42.954Z  INFO 1 --- [zil-additional-service] [   scheduling-1] r.a.observability.ObservabilityService   : LAB9 Observability window=10s category=http.main.rents count=362 sumNanos=65121390193 avgNanos=179893343
zil-additional-service  | 2026-05-04T14:46:42.954Z  INFO 1 --- [zil-additional-service] [   scheduling-1] r.a.observability.ObservabilityService   : LAB9 Observability window=10s category=http.main.cars count=365 sumNanos=64548218536 avgNanos=176844434
zil-additional-service  | 2026-05-04T14:46:42.954Z  INFO 1 --- [zil-additional-service] [   scheduling-1] r.a.observability.ObservabilityService   : LAB9 Observability window=10s category=web.additional.availability_new count=185 sumNanos=65866564164 avgNanos=356035481
zil-additional-service  | 2026-05-04T14:46:42.954Z  INFO 1 --- [zil-additional-service] [   scheduling-1] r.a.observability.ObservabilityService   : LAB9 Observability window=10s category=additional.statsComputation.availability.allCitiesAllDates count=185 sumNanos=29500291 avgNanos=159461
zil-additional-service  | 2026-05-04T14:46:42.955Z  INFO 1 --- [zil-additional-service] [   scheduling-1] r.a.observability.ObservabilityService   : LAB9 Observability window=30s category=additional.statsComputation.stats count=539 sumNanos=669771 avgNanos=1242
zil-additional-service  | 2026-05-04T14:46:42.955Z  INFO 1 --- [zil-additional-service] [   scheduling-1] r.a.observability.ObservabilityService   : LAB9 Observability window=30s category=web.additional.stats count=539 sumNanos=304704066808 avgNanos=565313667
zil-additional-service  | 2026-05-04T14:46:42.955Z  INFO 1 --- [zil-additional-service] [   scheduling-1] r.a.observability.ObservabilityService   : LAB9 Observability window=30s category=http.main.clients count=544 sumNanos=110747438183 avgNanos=203579849
zil-additional-service  | 2026-05-04T14:46:42.955Z  INFO 1 --- [zil-additional-service] [   scheduling-1] r.a.observability.ObservabilityService   : LAB9 Observability window=30s category=http.main.rents count=1072 sumNanos=197765132086 avgNanos=184482399
zil-additional-service  | 2026-05-04T14:46:42.955Z  INFO 1 --- [zil-additional-service] [   scheduling-1] r.a.observability.ObservabilityService   : LAB9 Observability window=30s category=http.main.cars count=1082 sumNanos=193213332481 avgNanos=178570547
zil-additional-service  | 2026-05-04T14:46:42.955Z  INFO 1 --- [zil-additional-service] [   scheduling-1] r.a.observability.ObservabilityService   : LAB9 Observability window=30s category=web.additional.availability_new count=533 sumNanos=194634673159 avgNanos=365168242
zil-additional-service  | 2026-05-04T14:46:42.955Z  INFO 1 --- [zil-additional-service] [   scheduling-1] r.a.observability.ObservabilityService   : LAB9 Observability window=30s category=additional.statsComputation.availability.allCitiesAllDates count=533 sumNanos=72436871 avgNanos=135904
zil-additional-service  | 2026-05-04T14:46:42.956Z  INFO 1 --- [zil-additional-service] [   scheduling-1] r.a.observability.ObservabilityService   : LAB9 Observability window=1m category=additional.statsComputation.stats count=1073 sumNanos=1405885 avgNanos=1310
zil-additional-service  | 2026-05-04T14:46:42.956Z  INFO 1 --- [zil-additional-service] [   scheduling-1] r.a.observability.ObservabilityService   : LAB9 Observability window=1m category=http.main.clients count=1077 sumNanos=219077204765 avgNanos=203414303
zil-additional-service  | 2026-05-04T14:46:42.956Z  INFO 1 --- [zil-additional-service] [   scheduling-1] r.a.observability.ObservabilityService   : LAB9 Observability window=1m category=web.additional.stats count=1073 sumNanos=606655323831 avgNanos=565382408
zil-additional-service  | 2026-05-04T14:46:42.956Z  INFO 1 --- [zil-additional-service] [   scheduling-1] r.a.observability.ObservabilityService   : LAB9 Observability window=1m category=http.main.rents count=2162 sumNanos=398389878948 avgNanos=184269139
zil-additional-service  | 2026-05-04T14:46:42.957Z  INFO 1 --- [zil-additional-service] [   scheduling-1] r.a.observability.ObservabilityService   : LAB9 Observability window=1m category=http.main.cars count=2168 sumNanos=385966120065 avgNanos=178028653
zil-additional-service  | 2026-05-04T14:46:42.957Z  INFO 1 --- [zil-additional-service] [   scheduling-1] r.a.observability.ObservabilityService   : LAB9 Observability window=1m category=web.additional.availability_new count=1089 sumNanos=395503931658 avgNanos=363180837
zil-additional-service  | 2026-05-04T14:46:42.957Z  INFO 1 --- [zil-additional-service] [   scheduling-1] r.a.observability.ObservabilityService   : LAB9 Observability window=1m category=additional.statsComputation.availability.allCitiesAllDates count=1089 sumNanos=157187118 avgNanos=144340
zil-additional-service  | 2026-05-04T14:46:47.958Z  INFO 1 --- [zil-additional-service] [   scheduling-1] r.a.observability.ObservabilityService   : LAB9 Observability window=10s category=additional.statsComputation.stats count=180 sumNanos=326100 avgNanos=1811
zil-additional-service  | 2026-05-04T14:46:47.958Z  INFO 1 --- [zil-additional-service] [   scheduling-1] r.a.observability.ObservabilityService   : LAB9 Observability window=10s category=http.main.clients count=179 sumNanos=37253833558 avgNanos=208121975
zil-additional-service  | 2026-05-04T14:46:47.958Z  INFO 1 --- [zil-additional-service] [   scheduling-1] r.a.observability.ObservabilityService   : LAB9 Observability window=10s category=web.additional.stats count=180 sumNanos=102319043396 avgNanos=568439129
zil-additional-service  | 2026-05-04T14:46:47.958Z  INFO 1 --- [zil-additional-service] [   scheduling-1] r.a.observability.ObservabilityService   : LAB9 Observability window=10s category=http.main.rents count=357 sumNanos=66433197554 avgNanos=186087388
zil-additional-service  | 2026-05-04T14:46:47.958Z  INFO 1 --- [zil-additional-service] [   scheduling-1] r.a.observability.ObservabilityService   : LAB9 Observability window=10s category=http.main.cars count=355 sumNanos=63610701170 avgNanos=179185073
zil-additional-service  | 2026-05-04T14:46:47.958Z  INFO 1 --- [zil-additional-service] [   scheduling-1] r.a.observability.ObservabilityService   : LAB9 Observability window=10s category=web.additional.availability_new count=177 sumNanos=65100865093 avgNanos=367801497
zil-additional-service  | 2026-05-04T14:46:47.958Z  INFO 1 --- [zil-additional-service] [   scheduling-1] r.a.observability.ObservabilityService   : LAB9 Observability window=10s category=additional.statsComputation.availability.allCitiesAllDates count=177 sumNanos=35699265 avgNanos=201690
zil-additional-service  | 2026-05-04T14:46:47.958Z  INFO 1 --- [zil-additional-service] [   scheduling-1] r.a.observability.ObservabilityService   : LAB9 Observability window=30s category=additional.statsComputation.stats count=538 sumNanos=780736 avgNanos=1451
zil-additional-service  | 2026-05-04T14:46:47.958Z  INFO 1 --- [zil-additional-service] [   scheduling-1] r.a.observability.ObservabilityService   : LAB9 Observability window=30s category=http.main.clients count=540 sumNanos=109914708667 avgNanos=203545756
zil-additional-service  | 2026-05-04T14:46:47.958Z  INFO 1 --- [zil-additional-service] [   scheduling-1] r.a.observability.ObservabilityService   : LAB9 Observability window=30s category=web.additional.stats count=538 sumNanos=304739469299 avgNanos=566430240
zil-additional-service  | 2026-05-04T14:46:47.958Z  INFO 1 --- [zil-additional-service] [   scheduling-1] r.a.observability.ObservabilityService   : LAB9 Observability window=30s category=http.main.rents count=1080 sumNanos=199091231842 avgNanos=184343733
zil-additional-service  | 2026-05-04T14:46:47.958Z  INFO 1 --- [zil-additional-service] [   scheduling-1] r.a.observability.ObservabilityService   : LAB9 Observability window=30s category=http.main.cars count=1081 sumNanos=193418497054 avgNanos=178925529
zil-additional-service  | 2026-05-04T14:46:47.958Z  INFO 1 --- [zil-additional-service] [   scheduling-1] r.a.observability.ObservabilityService   : LAB9 Observability window=30s category=web.additional.availability_new count=542 sumNanos=196888776741 avgNanos=363263425
zil-additional-service  | 2026-05-04T14:46:47.958Z  INFO 1 --- [zil-additional-service] [   scheduling-1] r.a.observability.ObservabilityService   : LAB9 Observability window=30s category=additional.statsComputation.availability.allCitiesAllDates count=542 sumNanos=85996142 avgNanos=158664
zil-additional-service  | 2026-05-04T14:46:47.959Z  INFO 1 --- [zil-additional-service] [   scheduling-1] r.a.observability.ObservabilityService   : LAB9 Observability window=1m category=additional.statsComputation.stats count=1075 sumNanos=1544268 avgNanos=1436
zil-additional-service  | 2026-05-04T14:46:47.959Z  INFO 1 --- [zil-additional-service] [   scheduling-1] r.a.observability.ObservabilityService   : LAB9 Observability window=1m category=http.main.clients count=1075 sumNanos=219234041319 avgNanos=203938643
zil-additional-service  | 2026-05-04T14:46:47.959Z  INFO 1 --- [zil-additional-service] [   scheduling-1] r.a.observability.ObservabilityService   : LAB9 Observability window=1m category=web.additional.stats count=1075 sumNanos=608300763141 avgNanos=565861175
zil-additional-service  | 2026-05-04T14:46:47.959Z  INFO 1 --- [zil-additional-service] [   scheduling-1] r.a.observability.ObservabilityService   : LAB9 Observability window=1m category=http.main.rents count=2165 sumNanos=400215363859 avgNanos=184856980
zil-additional-service  | 2026-05-04T14:46:47.959Z  INFO 1 --- [zil-additional-service] [   scheduling-1] r.a.observability.ObservabilityService   : LAB9 Observability window=1m category=http.main.cars count=2166 sumNanos=385483375283 avgNanos=177970164
zil-additional-service  | 2026-05-04T14:46:47.959Z  INFO 1 --- [zil-additional-service] [   scheduling-1] r.a.observability.ObservabilityService   : LAB9 Observability window=1m category=web.additional.availability_new count=1090 sumNanos=396559194790 avgNanos=363815775
zil-additional-service  | 2026-05-04T14:46:47.959Z  INFO 1 --- [zil-additional-service] [   scheduling-1] r.a.observability.ObservabilityService   : LAB9 Observability window=1m category=additional.statsComputation.availability.allCitiesAllDates count=1090 sumNanos=170964222 avgNanos=156847
zil-additional-service  | 2026-05-04T14:46:52.960Z  INFO 1 --- [zil-additional-service] [   scheduling-1] r.a.observability.ObservabilityService   : LAB9 Observability window=10s category=additional.statsComputation.stats count=177 sumNanos=324942 avgNanos=1835
zil-additional-service  | 2026-05-04T14:46:52.961Z  INFO 1 --- [zil-additional-service] [   scheduling-1] r.a.observability.ObservabilityService   : LAB9 Observability window=10s category=http.main.clients count=175 sumNanos=36088357168 avgNanos=206219183
zil-additional-service  | 2026-05-04T14:46:52.961Z  INFO 1 --- [zil-additional-service] [   scheduling-1] r.a.observability.ObservabilityService   : LAB9 Observability window=10s category=web.additional.stats count=177 sumNanos=99848690330 avgNanos=564116894
zil-additional-service  | 2026-05-04T14:46:52.961Z  INFO 1 --- [zil-additional-service] [   scheduling-1] r.a.observability.ObservabilityService   : LAB9 Observability window=10s category=http.main.rents count=364 sumNanos=67515202846 avgNanos=185481326
zil-additional-service  | 2026-05-04T14:46:52.961Z  INFO 1 --- [zil-additional-service] [   scheduling-1] r.a.observability.ObservabilityService   : LAB9 Observability window=10s category=http.main.cars count=361 sumNanos=64253572957 avgNanos=177987736
zil-additional-service  | 2026-05-04T14:46:52.961Z  INFO 1 --- [zil-additional-service] [   scheduling-1] r.a.observability.ObservabilityService   : LAB9 Observability window=10s category=web.additional.availability_new count=187 sumNanos=68897879332 avgNanos=368437857
zil-additional-service  | 2026-05-04T14:46:52.961Z  INFO 1 --- [zil-additional-service] [   scheduling-1] r.a.observability.ObservabilityService   : LAB9 Observability window=10s category=additional.statsComputation.availability.allCitiesAllDates count=187 sumNanos=43649153 avgNanos=233417
zil-additional-service  | 2026-05-04T14:46:52.962Z  INFO 1 --- [zil-additional-service] [   scheduling-1] r.a.observability.ObservabilityService   : LAB9 Observability window=30s category=additional.statsComputation.stats count=542 sumNanos=759692 avgNanos=1401
zil-additional-service  | 2026-05-04T14:46:52.962Z  INFO 1 --- [zil-additional-service] [   scheduling-1] r.a.observability.ObservabilityService   : LAB9 Observability window=30s category=web.additional.stats count=542 sumNanos=306958791416 avgNanos=566344633
zil-additional-service  | 2026-05-04T14:46:52.962Z  INFO 1 --- [zil-additional-service] [   scheduling-1] r.a.observability.ObservabilityService   : LAB9 Observability window=30s category=http.main.clients count=544 sumNanos=111303175931 avgNanos=204601426
zil-additional-service  | 2026-05-04T14:46:52.962Z  INFO 1 --- [zil-additional-service] [   scheduling-1] r.a.observability.ObservabilityService   : LAB9 Observability window=30s category=http.main.rents count=1078 sumNanos=198810967991 avgNanos=184425758
zil-additional-service  | 2026-05-04T14:46:52.962Z  INFO 1 --- [zil-additional-service] [   scheduling-1] r.a.observability.ObservabilityService   : LAB9 Observability window=30s category=http.main.cars count=1078 sumNanos=192205779649 avgNanos=178298496
zil-additional-service  | 2026-05-04T14:46:52.963Z  INFO 1 --- [zil-additional-service] [   scheduling-1] r.a.observability.ObservabilityService   : LAB9 Observability window=30s category=web.additional.availability_new count=536 sumNanos=195238060930 avgNanos=364250113
zil-additional-service  | 2026-05-04T14:46:52.963Z  INFO 1 --- [zil-additional-service] [   scheduling-1] r.a.observability.ObservabilityService   : LAB9 Observability window=30s category=additional.statsComputation.availability.allCitiesAllDates count=536 sumNanos=92293363 avgNanos=172189
zil-additional-service  | 2026-05-04T14:46:52.964Z  INFO 1 --- [zil-additional-service] [   scheduling-1] r.a.observability.ObservabilityService   : LAB9 Observability window=1m category=additional.statsComputation.stats count=1071 sumNanos=1513294 avgNanos=1412
zil-additional-service  | 2026-05-04T14:46:52.964Z  INFO 1 --- [zil-additional-service] [   scheduling-1] r.a.observability.ObservabilityService   : LAB9 Observability window=1m category=web.additional.stats count=1071 sumNanos=605343831441 avgNanos=565213661
zil-additional-service  | 2026-05-04T14:46:52.964Z  INFO 1 --- [zil-additional-service] [   scheduling-1] r.a.observability.ObservabilityService   : LAB9 Observability window=1m category=http.main.clients count=1071 sumNanos=218604617823 avgNanos=204112621
zil-additional-service  | 2026-05-04T14:46:52.964Z  INFO 1 --- [zil-additional-service] [   scheduling-1] r.a.observability.ObservabilityService   : LAB9 Observability window=1m category=http.main.rents count=2167 sumNanos=399526985108 avgNanos=184368705
zil-additional-service  | 2026-05-04T14:46:52.964Z  INFO 1 --- [zil-additional-service] [   scheduling-1] r.a.observability.ObservabilityService   : LAB9 Observability window=1m category=http.main.cars count=2167 sumNanos=386129821448 avgNanos=178186350
zil-additional-service  | 2026-05-04T14:46:52.964Z  INFO 1 --- [zil-additional-service] [   scheduling-1] r.a.observability.ObservabilityService   : LAB9 Observability window=1m category=web.additional.availability_new count=1096 sumNanos=399326075403 avgNanos=364348608
zil-additional-service  | 2026-05-04T14:46:52.964Z  INFO 1 --- [zil-additional-service] [   scheduling-1] r.a.observability.ObservabilityService   : LAB9 Observability window=1m category=additional.statsComputation.availability.allCitiesAllDates count=1096 sumNanos=179139871 avgNanos=163448
zil-additional-service  | 2026-05-04T14:46:57.965Z  INFO 1 --- [zil-additional-service] [   scheduling-1] r.a.observability.ObservabilityService   : LAB9 Observability window=10s category=additional.statsComputation.stats count=182 sumNanos=211230 avgNanos=1160
zil-additional-service  | 2026-05-04T14:46:57.965Z  INFO 1 --- [zil-additional-service] [   scheduling-1] r.a.observability.ObservabilityService   : LAB9 Observability window=10s category=http.main.clients count=181 sumNanos=37060223515 avgNanos=204752616
zil-additional-service  | 2026-05-04T14:46:57.966Z  INFO 1 --- [zil-additional-service] [   scheduling-1] r.a.observability.ObservabilityService   : LAB9 Observability window=10s category=web.additional.stats count=182 sumNanos=101582692375 avgNanos=558146661
zil-additional-service  | 2026-05-04T14:46:57.966Z  INFO 1 --- [zil-additional-service] [   scheduling-1] r.a.observability.ObservabilityService   : LAB9 Observability window=10s category=http.main.rents count=368 sumNanos=66659125428 avgNanos=181138927
zil-additional-service  | 2026-05-04T14:46:57.966Z  INFO 1 --- [zil-additional-service] [   scheduling-1] r.a.observability.ObservabilityService   : LAB9 Observability window=10s category=http.main.cars count=364 sumNanos=63964154509 avgNanos=175725699
zil-additional-service  | 2026-05-04T14:46:57.966Z  INFO 1 --- [zil-additional-service] [   scheduling-1] r.a.observability.ObservabilityService   : LAB9 Observability window=10s category=web.additional.availability_new count=186 sumNanos=67127368135 avgNanos=360899828
zil-additional-service  | 2026-05-04T14:46:57.966Z  INFO 1 --- [zil-additional-service] [   scheduling-1] r.a.observability.ObservabilityService   : LAB9 Observability window=10s category=additional.statsComputation.availability.allCitiesAllDates count=186 sumNanos=29876949 avgNanos=160628
zil-additional-service  | 2026-05-04T14:46:57.967Z  INFO 1 --- [zil-additional-service] [   scheduling-1] r.a.observability.ObservabilityService   : LAB9 Observability window=30s category=additional.statsComputation.stats count=534 sumNanos=765133 avgNanos=1432
zil-additional-service  | 2026-05-04T14:46:57.968Z  INFO 1 --- [zil-additional-service] [   scheduling-1] r.a.observability.ObservabilityService   : LAB9 Observability window=30s category=web.additional.stats count=534 sumNanos=301672511804 avgNanos=564929797
zil-additional-service  | 2026-05-04T14:46:57.968Z  INFO 1 --- [zil-additional-service] [   scheduling-1] r.a.observability.ObservabilityService   : LAB9 Observability window=30s category=http.main.clients count=537 sumNanos=110033457925 avgNanos=204904018
zil-additional-service  | 2026-05-04T14:46:57.968Z  INFO 1 --- [zil-additional-service] [   scheduling-1] r.a.observability.ObservabilityService   : LAB9 Observability window=30s category=http.main.rents count=1083 sumNanos=199064313860 avgNanos=183808230
zil-additional-service  | 2026-05-04T14:46:57.968Z  INFO 1 --- [zil-additional-service] [   scheduling-1] r.a.observability.ObservabilityService   : LAB9 Observability window=30s category=http.main.cars count=1081 sumNanos=192409441896 avgNanos=177992083
zil-additional-service  | 2026-05-04T14:46:57.968Z  INFO 1 --- [zil-additional-service] [   scheduling-1] r.a.observability.ObservabilityService   : LAB9 Observability window=30s category=web.additional.availability_new count=549 sumNanos=199392276912 avgNanos=363191761
zil-additional-service  | 2026-05-04T14:46:57.968Z  INFO 1 --- [zil-additional-service] [   scheduling-1] r.a.observability.ObservabilityService   : LAB9 Observability window=30s category=additional.statsComputation.availability.allCitiesAllDates count=549 sumNanos=94561923 avgNanos=172243
zil-additional-service  | 2026-05-04T14:46:57.969Z  INFO 1 --- [zil-additional-service] [   scheduling-1] r.a.observability.ObservabilityService   : LAB9 Observability window=1m category=additional.statsComputation.stats count=1069 sumNanos=1515008 avgNanos=1417
zil-additional-service  | 2026-05-04T14:46:57.969Z  INFO 1 --- [zil-additional-service] [   scheduling-1] r.a.observability.ObservabilityService   : LAB9 Observability window=1m category=http.main.clients count=1069 sumNanos=218130210742 avgNanos=204050711
zil-additional-service  | 2026-05-04T14:46:57.970Z  INFO 1 --- [zil-additional-service] [   scheduling-1] r.a.observability.ObservabilityService   : LAB9 Observability window=1m category=web.additional.stats count=1069 sumNanos=603679809035 avgNanos=564714507
zil-additional-service  | 2026-05-04T14:46:57.970Z  INFO 1 --- [zil-additional-service] [   scheduling-1] r.a.observability.ObservabilityService   : LAB9 Observability window=1m category=http.main.rents count=2170 sumNanos=399285246545 avgNanos=184002417
zil-additional-service  | 2026-05-04T14:46:57.970Z  INFO 1 --- [zil-additional-service] [   scheduling-1] r.a.observability.ObservabilityService   : LAB9 Observability window=1m category=http.main.cars count=2171 sumNanos=386843828675 avgNanos=178186931
zil-additional-service  | 2026-05-04T14:46:57.970Z  INFO 1 --- [zil-additional-service] [   scheduling-1] r.a.observability.ObservabilityService   : LAB9 Observability window=1m category=web.additional.availability_new count=1101 sumNanos=400979453043 avgNanos=364195688
zil-additional-service  | 2026-05-04T14:46:57.970Z  INFO 1 --- [zil-additional-service] [   scheduling-1] r.a.observability.ObservabilityService   : LAB9 Observability window=1m category=additional.statsComputation.availability.allCitiesAllDates count=1101 sumNanos=178259323 avgNanos=161906
zil-additional-service  | 2026-05-04T14:47:02.972Z  INFO 1 --- [zil-additional-service] [   scheduling-1] r.a.observability.ObservabilityService   : LAB9 Observability window=10s category=additional.statsComputation.stats count=179 sumNanos=239307 avgNanos=1336
zil-additional-service  | 2026-05-04T14:47:02.972Z  INFO 1 --- [zil-additional-service] [   scheduling-1] r.a.observability.ObservabilityService   : LAB9 Observability window=10s category=http.main.clients count=175 sumNanos=36799313911 avgNanos=210281793
zil-additional-service  | 2026-05-04T14:47:02.972Z  INFO 1 --- [zil-additional-service] [   scheduling-1] r.a.observability.ObservabilityService   : LAB9 Observability window=10s category=web.additional.stats count=179 sumNanos=104096289690 avgNanos=581543517
zil-additional-service  | 2026-05-04T14:47:02.972Z  INFO 1 --- [zil-additional-service] [   scheduling-1] r.a.observability.ObservabilityService   : LAB9 Observability window=10s category=http.main.rents count=360 sumNanos=67433340044 avgNanos=187314833
zil-additional-service  | 2026-05-04T14:47:02.972Z  INFO 1 --- [zil-additional-service] [   scheduling-1] r.a.observability.ObservabilityService   : LAB9 Observability window=10s category=http.main.cars count=358 sumNanos=64242735149 avgNanos=179448980
zil-additional-service  | 2026-05-04T14:47:02.972Z  INFO 1 --- [zil-additional-service] [   scheduling-1] r.a.observability.ObservabilityService   : LAB9 Observability window=10s category=web.additional.availability_new count=181 sumNanos=65856706269 avgNanos=363849205
zil-additional-service  | 2026-05-04T14:47:02.972Z  INFO 1 --- [zil-additional-service] [   scheduling-1] r.a.observability.ObservabilityService   : LAB9 Observability window=10s category=additional.statsComputation.availability.allCitiesAllDates count=181 sumNanos=25434434 avgNanos=140521
zil-additional-service  | 2026-05-04T14:47:02.972Z  INFO 1 --- [zil-additional-service] [   scheduling-1] r.a.observability.ObservabilityService   : LAB9 Observability window=30s category=additional.statsComputation.stats count=533 sumNanos=757778 avgNanos=1421
zil-additional-service  | 2026-05-04T14:47:02.972Z  INFO 1 --- [zil-additional-service] [   scheduling-1] r.a.observability.ObservabilityService   : LAB9 Observability window=30s category=web.additional.stats count=533 sumNanos=302918684993 avgNanos=568327739
zil-additional-service  | 2026-05-04T14:47:02.972Z  INFO 1 --- [zil-additional-service] [   scheduling-1] r.a.observability.ObservabilityService   : LAB9 Observability window=30s category=http.main.clients count=531 sumNanos=109466895986 avgNanos=206152346
zil-additional-service  | 2026-05-04T14:47:02.972Z  INFO 1 --- [zil-additional-service] [   scheduling-1] r.a.observability.ObservabilityService   : LAB9 Observability window=30s category=http.main.rents count=1086 sumNanos=200069933083 avgNanos=184226457
zil-additional-service  | 2026-05-04T14:47:02.972Z  INFO 1 --- [zil-additional-service] [   scheduling-1] r.a.observability.ObservabilityService   : LAB9 Observability window=30s category=http.main.cars count=1083 sumNanos=192884902976 avgNanos=178102403
zil-additional-service  | 2026-05-04T14:47:02.972Z  INFO 1 --- [zil-additional-service] [   scheduling-1] r.a.observability.ObservabilityService   : LAB9 Observability window=30s category=web.additional.availability_new count=553 sumNanos=200621149765 avgNanos=362786889
zil-additional-service  | 2026-05-04T14:47:02.972Z  INFO 1 --- [zil-additional-service] [   scheduling-1] r.a.observability.ObservabilityService   : LAB9 Observability window=30s category=additional.statsComputation.availability.allCitiesAllDates count=553 sumNanos=98583878 avgNanos=178271
zil-additional-service  | 2026-05-04T14:47:02.973Z  INFO 1 --- [zil-additional-service] [   scheduling-1] r.a.observability.ObservabilityService   : LAB9 Observability window=1m category=additional.statsComputation.stats count=1073 sumNanos=1455376 avgNanos=1356
zil-additional-service  | 2026-05-04T14:47:02.973Z  INFO 1 --- [zil-additional-service] [   scheduling-1] r.a.observability.ObservabilityService   : LAB9 Observability window=1m category=http.main.clients count=1068 sumNanos=218611907594 avgNanos=204692797
zil-additional-service  | 2026-05-04T14:47:02.973Z  INFO 1 --- [zil-additional-service] [   scheduling-1] r.a.observability.ObservabilityService   : LAB9 Observability window=1m category=web.additional.stats count=1073 sumNanos=607045599759 avgNanos=565746132
zil-additional-service  | 2026-05-04T14:47:02.973Z  INFO 1 --- [zil-additional-service] [   scheduling-1] r.a.observability.ObservabilityService   : LAB9 Observability window=1m category=http.main.rents count=2168 sumNanos=399671296032 avgNanos=184350228
zil-additional-service  | 2026-05-04T14:47:02.973Z  INFO 1 --- [zil-additional-service] [   scheduling-1] r.a.observability.ObservabilityService   : LAB9 Observability window=1m category=http.main.cars count=2169 sumNanos=386494251821 avgNanos=178190065
zil-additional-service  | 2026-05-04T14:47:02.973Z  INFO 1 --- [zil-additional-service] [   scheduling-1] r.a.observability.ObservabilityService   : LAB9 Observability window=1m category=web.additional.availability_new count=1095 sumNanos=399259529247 avgNanos=364620574
zil-additional-service  | 2026-05-04T14:47:02.973Z  INFO 1 --- [zil-additional-service] [   scheduling-1] r.a.observability.ObservabilityService   : LAB9 Observability window=1m category=additional.statsComputation.availability.allCitiesAllDates count=1095 sumNanos=179994967 avgNanos=164378
zil-additional-service  | 2026-05-04T14:47:07.974Z  INFO 1 --- [zil-additional-service] [   scheduling-1] r.a.observability.ObservabilityService   : LAB9 Observability window=10s category=additional.statsComputation.stats count=166 sumNanos=278679 avgNanos=1678
zil-additional-service  | 2026-05-04T14:47:07.974Z  INFO 1 --- [zil-additional-service] [   scheduling-1] r.a.observability.ObservabilityService   : LAB9 Observability window=10s category=http.main.clients count=163 sumNanos=33715872733 avgNanos=206845844
zil-additional-service  | 2026-05-04T14:47:07.975Z  INFO 1 --- [zil-additional-service] [   scheduling-1] r.a.observability.ObservabilityService   : LAB9 Observability window=10s category=web.additional.stats count=166 sumNanos=95559568457 avgNanos=575660050
zil-additional-service  | 2026-05-04T14:47:07.975Z  INFO 1 --- [zil-additional-service] [   scheduling-1] r.a.observability.ObservabilityService   : LAB9 Observability window=10s category=http.main.rents count=366 sumNanos=67216272539 avgNanos=183651017
zil-additional-service  | 2026-05-04T14:47:07.975Z  INFO 1 --- [zil-additional-service] [   scheduling-1] r.a.observability.ObservabilityService   : LAB9 Observability window=10s category=http.main.cars count=365 sumNanos=66121119368 avgNanos=181153751
zil-additional-service  | 2026-05-04T14:47:07.975Z  INFO 1 --- [zil-additional-service] [   scheduling-1] r.a.observability.ObservabilityService   : LAB9 Observability window=10s category=web.additional.availability_new count=200 sumNanos=72298532402 avgNanos=361492662
zil-additional-service  | 2026-05-04T14:47:07.975Z  INFO 1 --- [zil-additional-service] [   scheduling-1] r.a.observability.ObservabilityService   : LAB9 Observability window=10s category=additional.statsComputation.availability.allCitiesAllDates count=200 sumNanos=41027266 avgNanos=205136
zil-additional-service  | 2026-05-04T14:47:07.975Z  INFO 1 --- [zil-additional-service] [   scheduling-1] r.a.observability.ObservabilityService   : LAB9 Observability window=30s category=additional.statsComputation.stats count=527 sumNanos=815184 avgNanos=1546
zil-additional-service  | 2026-05-04T14:47:07.975Z  INFO 1 --- [zil-additional-service] [   scheduling-1] r.a.observability.ObservabilityService   : LAB9 Observability window=30s category=http.main.clients count=523 sumNanos=108029929806 avgNanos=206558183
zil-additional-service  | 2026-05-04T14:47:07.975Z  INFO 1 --- [zil-additional-service] [   scheduling-1] r.a.observability.ObservabilityService   : LAB9 Observability window=30s category=web.additional.stats count=527 sumNanos=298900113975 avgNanos=567172891
zil-additional-service  | 2026-05-04T14:47:07.975Z  INFO 1 --- [zil-additional-service] [   scheduling-1] r.a.observability.ObservabilityService   : LAB9 Observability window=30s category=http.main.rents count=1090 sumNanos=200111580071 avgNanos=183588605
zil-additional-service  | 2026-05-04T14:47:07.975Z  INFO 1 --- [zil-additional-service] [   scheduling-1] r.a.observability.ObservabilityService   : LAB9 Observability window=30s category=http.main.cars count=1084 sumNanos=193695975047 avgNanos=178686323
zil-additional-service  | 2026-05-04T14:47:07.975Z  INFO 1 --- [zil-additional-service] [   scheduling-1] r.a.observability.ObservabilityService   : LAB9 Observability window=30s category=web.additional.availability_new count=563 sumNanos=204526765630 avgNanos=363280223
zil-additional-service  | 2026-05-04T14:47:07.975Z  INFO 1 --- [zil-additional-service] [   scheduling-1] r.a.observability.ObservabilityService   : LAB9 Observability window=30s category=additional.statsComputation.availability.allCitiesAllDates count=563 sumNanos=106603480 avgNanos=189348
zil-additional-service  | 2026-05-04T14:47:07.975Z  INFO 1 --- [zil-additional-service] [   scheduling-1] r.a.observability.ObservabilityService   : LAB9 Observability window=1m category=additional.statsComputation.stats count=1056 sumNanos=1488065 avgNanos=1409
zil-additional-service  | 2026-05-04T14:47:07.975Z  INFO 1 --- [zil-additional-service] [   scheduling-1] r.a.observability.ObservabilityService   : LAB9 Observability window=1m category=web.additional.stats count=1056 sumNanos=597381359978 avgNanos=565702045
zil-additional-service  | 2026-05-04T14:47:07.976Z  INFO 1 --- [zil-additional-service] [   scheduling-1] r.a.observability.ObservabilityService   : LAB9 Observability window=1m category=http.main.clients count=1056 sumNanos=215897856129 avgNanos=204448727
zil-additional-service  | 2026-05-04T14:47:07.976Z  INFO 1 --- [zil-additional-service] [   scheduling-1] r.a.observability.ObservabilityService   : LAB9 Observability window=1m category=http.main.rents count=2173 sumNanos=400076319583 avgNanos=184112434
zil-additional-service  | 2026-05-04T14:47:07.976Z  INFO 1 --- [zil-additional-service] [   scheduling-1] r.a.observability.ObservabilityService   : LAB9 Observability window=1m category=http.main.cars count=2172 sumNanos=387376232163 avgNanos=178350014
zil-additional-service  | 2026-05-04T14:47:07.976Z  INFO 1 --- [zil-additional-service] [   scheduling-1] r.a.observability.ObservabilityService   : LAB9 Observability window=1m category=web.additional.availability_new count=1117 sumNanos=406308896060 avgNanos=363750130
zil-additional-service  | 2026-05-04T14:47:07.979Z  INFO 1 --- [zil-additional-service] [   scheduling-1] r.a.observability.ObservabilityService   : LAB9 Observability window=1m category=additional.statsComputation.availability.allCitiesAllDates count=1117 sumNanos=188313536 avgNanos=168588
zil-additional-service  | 2026-05-04T14:47:12.980Z  INFO 1 --- [zil-additional-service] [   scheduling-1] r.a.observability.ObservabilityService   : LAB9 Observability window=10s category=additional.statsComputation.stats count=158 sumNanos=247946 avgNanos=1569
zil-additional-service  | 2026-05-04T14:47:12.980Z  INFO 1 --- [zil-additional-service] [   scheduling-1] r.a.observability.ObservabilityService   : LAB9 Observability window=10s category=web.additional.stats count=158 sumNanos=86573149295 avgNanos=547931324
zil-additional-service  | 2026-05-04T14:47:12.981Z  INFO 1 --- [zil-additional-service] [   scheduling-1] r.a.observability.ObservabilityService   : LAB9 Observability window=10s category=http.main.clients count=159 sumNanos=31659878408 avgNanos=199118732
zil-additional-service  | 2026-05-04T14:47:12.981Z  INFO 1 --- [zil-additional-service] [   scheduling-1] r.a.observability.ObservabilityService   : LAB9 Observability window=10s category=http.main.rents count=380 sumNanos=67460992606 avgNanos=177528927
zil-additional-service  | 2026-05-04T14:47:12.981Z  INFO 1 --- [zil-additional-service] [   scheduling-1] r.a.observability.ObservabilityService   : LAB9 Observability window=10s category=http.main.cars count=380 sumNanos=66409223142 avgNanos=174761113
zil-additional-service  | 2026-05-04T14:47:12.981Z  INFO 1 --- [zil-additional-service] [   scheduling-1] r.a.observability.ObservabilityService   : LAB9 Observability window=10s category=web.additional.availability_new count=222 sumNanos=78705165670 avgNanos=354527773
zil-additional-service  | 2026-05-04T14:47:12.981Z  INFO 1 --- [zil-additional-service] [   scheduling-1] r.a.observability.ObservabilityService   : LAB9 Observability window=10s category=additional.statsComputation.availability.allCitiesAllDates count=222 sumNanos=47018331 avgNanos=211794
zil-additional-service  | 2026-05-04T14:47:12.981Z  INFO 1 --- [zil-additional-service] [   scheduling-1] r.a.observability.ObservabilityService   : LAB9 Observability window=30s category=additional.statsComputation.stats count=513 sumNanos=810017 avgNanos=1578
zil-additional-service  | 2026-05-04T14:47:12.981Z  INFO 1 --- [zil-additional-service] [   scheduling-1] r.a.observability.ObservabilityService   : LAB9 Observability window=30s category=http.main.clients count=509 sumNanos=104547549487 avgNanos=205397936
zil-additional-service  | 2026-05-04T14:47:12.981Z  INFO 1 --- [zil-additional-service] [   scheduling-1] r.a.observability.ObservabilityService   : LAB9 Observability window=30s category=web.additional.stats count=513 sumNanos=289906419504 avgNanos=565119726
zil-additional-service  | 2026-05-04T14:47:12.982Z  INFO 1 --- [zil-additional-service] [   scheduling-1] r.a.observability.ObservabilityService   : LAB9 Observability window=30s category=http.main.rents count=1103 sumNanos=202109926714 avgNanos=183236560
zil-additional-service  | 2026-05-04T14:47:12.982Z  INFO 1 --- [zil-additional-service] [   scheduling-1] r.a.observability.ObservabilityService   : LAB9 Observability window=30s category=http.main.cars count=1099 sumNanos=194905531248 avgNanos=177348072
zil-additional-service  | 2026-05-04T14:47:12.982Z  INFO 1 --- [zil-additional-service] [   scheduling-1] r.a.observability.ObservabilityService   : LAB9 Observability window=30s category=web.additional.availability_new count=590 sumNanos=213459751271 avgNanos=361796188
zil-additional-service  | 2026-05-04T14:47:12.982Z  INFO 1 --- [zil-additional-service] [   scheduling-1] r.a.observability.ObservabilityService   : LAB9 Observability window=30s category=additional.statsComputation.availability.allCitiesAllDates count=590 sumNanos=116101918 avgNanos=196782
zil-additional-service  | 2026-05-04T14:47:12.982Z  INFO 1 --- [zil-additional-service] [   scheduling-1] r.a.observability.ObservabilityService   : LAB9 Observability window=1m category=additional.statsComputation.stats count=1053 sumNanos=1481966 avgNanos=1407
zil-additional-service  | 2026-05-04T14:47:12.983Z  INFO 1 --- [zil-additional-service] [   scheduling-1] r.a.observability.ObservabilityService   : LAB9 Observability window=1m category=http.main.clients count=1052 sumNanos=215090305825 avgNanos=204458465
zil-additional-service  | 2026-05-04T14:47:12.983Z  INFO 1 --- [zil-additional-service] [   scheduling-1] r.a.observability.ObservabilityService   : LAB9 Observability window=1m category=web.additional.stats count=1053 sumNanos=595222196123 avgNanos=565263244
zil-additional-service  | 2026-05-04T14:47:12.983Z  INFO 1 --- [zil-additional-service] [   scheduling-1] r.a.observability.ObservabilityService   : LAB9 Observability window=1m category=http.main.rents count=2175 sumNanos=400034514472 avgNanos=183923914
zil-additional-service  | 2026-05-04T14:47:12.983Z  INFO 1 --- [zil-additional-service] [   scheduling-1] r.a.observability.ObservabilityService   : LAB9 Observability window=1m category=http.main.cars count=2178 sumNanos=387556737717 avgNanos=177941569
zil-additional-service  | 2026-05-04T14:47:12.983Z  INFO 1 --- [zil-additional-service] [   scheduling-1] r.a.observability.ObservabilityService   : LAB9 Observability window=1m category=web.additional.availability_new count=1122 sumNanos=407760030485 avgNanos=363422487
zil-additional-service  | 2026-05-04T14:47:12.983Z  INFO 1 --- [zil-additional-service] [   scheduling-1] r.a.observability.ObservabilityService   : LAB9 Observability window=1m category=additional.statsComputation.availability.allCitiesAllDates count=1122 sumNanos=188471498 avgNanos=167978
zil-additional-service  | 2026-05-04T14:47:17.986Z  INFO 1 --- [zil-additional-service] [   scheduling-1] r.a.observability.ObservabilityService   : LAB9 Observability window=10s category=additional.statsComputation.stats count=173 sumNanos=266962 avgNanos=1543
zil-additional-service  | 2026-05-04T14:47:17.987Z  INFO 1 --- [zil-additional-service] [   scheduling-1] r.a.observability.ObservabilityService   : LAB9 Observability window=10s category=web.additional.stats count=173 sumNanos=96958488948 avgNanos=560453693
zil-additional-service  | 2026-05-04T14:47:17.989Z  INFO 1 --- [zil-additional-service] [   scheduling-1] r.a.observability.ObservabilityService   : LAB9 Observability window=10s category=http.main.clients count=178 sumNanos=35972688027 avgNanos=202093752
zil-additional-service  | 2026-05-04T14:47:17.989Z  INFO 1 --- [zil-additional-service] [   scheduling-1] r.a.observability.ObservabilityService   : LAB9 Observability window=10s category=http.main.rents count=361 sumNanos=66172408569 avgNanos=183303070
zil-additional-service  | 2026-05-04T14:47:17.989Z  INFO 1 --- [zil-additional-service] [   scheduling-1] r.a.observability.ObservabilityService   : LAB9 Observability window=10s category=http.main.cars count=365 sumNanos=64319037552 avgNanos=176216541
zil-additional-service  | 2026-05-04T14:47:17.989Z  INFO 1 --- [zil-additional-service] [   scheduling-1] r.a.observability.ObservabilityService   : LAB9 Observability window=10s category=web.additional.availability_new count=188 sumNanos=67996659867 avgNanos=361684360
zil-additional-service  | 2026-05-04T14:47:17.989Z  INFO 1 --- [zil-additional-service] [   scheduling-1] r.a.observability.ObservabilityService   : LAB9 Observability window=10s category=additional.statsComputation.availability.allCitiesAllDates count=188 sumNanos=30895991 avgNanos=164340
zil-additional-service  | 2026-05-04T14:47:17.989Z  INFO 1 --- [zil-additional-service] [   scheduling-1] r.a.observability.ObservabilityService   : LAB9 Observability window=30s category=additional.statsComputation.stats count=521 sumNanos=756871 avgNanos=1452
zil-additional-service  | 2026-05-04T14:47:17.989Z  INFO 1 --- [zil-additional-service] [   scheduling-1] r.a.observability.ObservabilityService   : LAB9 Observability window=30s category=http.main.clients count=522 sumNanos=106748784275 avgNanos=204499586
zil-additional-service  | 2026-05-04T14:47:17.989Z  INFO 1 --- [zil-additional-service] [   scheduling-1] r.a.observability.ObservabilityService   : LAB9 Observability window=30s category=web.additional.stats count=521 sumNanos=294100749780 avgNanos=564492801
zil-additional-service  | 2026-05-04T14:47:17.989Z  INFO 1 --- [zil-additional-service] [   scheduling-1] r.a.observability.ObservabilityService   : LAB9 Observability window=30s category=http.main.rents count=1092 sumNanos=199469348461 avgNanos=182664238
zil-additional-service  | 2026-05-04T14:47:17.989Z  INFO 1 --- [zil-additional-service] [   scheduling-1] r.a.observability.ObservabilityService   : LAB9 Observability window=30s category=http.main.cars count=1093 sumNanos=194288311521 avgNanos=177756918
zil-additional-service  | 2026-05-04T14:47:17.989Z  INFO 1 --- [zil-additional-service] [   scheduling-1] r.a.observability.ObservabilityService   : LAB9 Observability window=30s category=web.additional.availability_new count=571 sumNanos=206225908638 avgNanos=361166214
zil-additional-service  | 2026-05-04T14:47:17.989Z  INFO 1 --- [zil-additional-service] [   scheduling-1] r.a.observability.ObservabilityService   : LAB9 Observability window=30s category=additional.statsComputation.availability.allCitiesAllDates count=571 sumNanos=101501199 avgNanos=177760
zil-additional-service  | 2026-05-04T14:47:17.991Z  INFO 1 --- [zil-additional-service] [   scheduling-1] r.a.observability.ObservabilityService   : LAB9 Observability window=1m category=additional.statsComputation.stats count=1059 sumNanos=1537607 avgNanos=1451
zil-additional-service  | 2026-05-04T14:47:17.992Z  INFO 1 --- [zil-additional-service] [   scheduling-1] r.a.observability.ObservabilityService   : LAB9 Observability window=1m category=http.main.clients count=1062 sumNanos=216663492942 avgNanos=204014588
zil-additional-service  | 2026-05-04T14:47:17.992Z  INFO 1 --- [zil-additional-service] [   scheduling-1] r.a.observability.ObservabilityService   : LAB9 Observability window=1m category=web.additional.stats count=1059 sumNanos=598840219079 avgNanos=565477071
zil-additional-service  | 2026-05-04T14:47:17.992Z  INFO 1 --- [zil-additional-service] [   scheduling-1] r.a.observability.ObservabilityService   : LAB9 Observability window=1m category=http.main.rents count=2175 sumNanos=399139038378 avgNanos=183512201
zil-additional-service  | 2026-05-04T14:47:17.993Z  INFO 1 --- [zil-additional-service] [   scheduling-1] r.a.observability.ObservabilityService   : LAB9 Observability window=1m category=http.main.cars count=2172 sumNanos=387237777036 avgNanos=178286269
zil-additional-service  | 2026-05-04T14:47:17.993Z  INFO 1 --- [zil-additional-service] [   scheduling-1] r.a.observability.ObservabilityService   : LAB9 Observability window=1m category=web.additional.availability_new count=1116 sumNanos=404311337145 avgNanos=362286144
zil-additional-service  | 2026-05-04T14:47:17.993Z  INFO 1 --- [zil-additional-service] [   scheduling-1] r.a.observability.ObservabilityService   : LAB9 Observability window=1m category=additional.statsComputation.availability.allCitiesAllDates count=1116 sumNanos=187796348 avgNanos=168276
zil-additional-service  | 2026-05-04T14:47:22.994Z  INFO 1 --- [zil-additional-service] [   scheduling-1] r.a.observability.ObservabilityService   : LAB9 Observability window=10s category=additional.statsComputation.stats count=192 sumNanos=331140 avgNanos=1724
zil-additional-service  | 2026-05-04T14:47:22.994Z  INFO 1 --- [zil-additional-service] [   scheduling-1] r.a.observability.ObservabilityService   : LAB9 Observability window=10s category=web.additional.stats count=192 sumNanos=108673227156 avgNanos=566006391
zil-additional-service  | 2026-05-04T14:47:22.994Z  INFO 1 --- [zil-additional-service] [   scheduling-1] r.a.observability.ObservabilityService   : LAB9 Observability window=10s category=http.main.clients count=194 sumNanos=39309074582 avgNanos=202624095
zil-additional-service  | 2026-05-04T14:47:22.994Z  INFO 1 --- [zil-additional-service] [   scheduling-1] r.a.observability.ObservabilityService   : LAB9 Observability window=10s category=http.main.rents count=351 sumNanos=64574893574 avgNanos=183974055
zil-additional-service  | 2026-05-04T14:47:22.995Z  INFO 1 --- [zil-additional-service] [   scheduling-1] r.a.observability.ObservabilityService   : LAB9 Observability window=10s category=http.main.cars count=352 sumNanos=63868764189 avgNanos=181445352
zil-additional-service  | 2026-05-04T14:47:22.995Z  INFO 1 --- [zil-additional-service] [   scheduling-1] r.a.observability.ObservabilityService   : LAB9 Observability window=10s category=web.additional.availability_new count=159 sumNanos=58650334841 avgNanos=368870030
zil-additional-service  | 2026-05-04T14:47:22.995Z  INFO 1 --- [zil-additional-service] [   scheduling-1] r.a.observability.ObservabilityService   : LAB9 Observability window=10s category=additional.statsComputation.availability.allCitiesAllDates count=159 sumNanos=23567539 avgNanos=148223
zil-additional-service  | 2026-05-04T14:47:22.995Z  INFO 1 --- [zil-additional-service] [   scheduling-1] r.a.observability.ObservabilityService   : LAB9 Observability window=30s category=additional.statsComputation.stats count=529 sumNanos=818393 avgNanos=1547
zil-additional-service  | 2026-05-04T14:47:22.995Z  INFO 1 --- [zil-additional-service] [   scheduling-1] r.a.observability.ObservabilityService   : LAB9 Observability window=30s category=http.main.clients count=528 sumNanos=107768266901 avgNanos=204106566
zil-additional-service  | 2026-05-04T14:47:22.995Z  INFO 1 --- [zil-additional-service] [   scheduling-1] r.a.observability.ObservabilityService   : LAB9 Observability window=30s category=web.additional.stats count=529 sumNanos=299342666141 avgNanos=565865153
zil-additional-service  | 2026-05-04T14:47:22.996Z  INFO 1 --- [zil-additional-service] [   scheduling-1] r.a.observability.ObservabilityService   : LAB9 Observability window=30s category=http.main.rents count=1091 sumNanos=199469226224 avgNanos=182831554
zil-additional-service  | 2026-05-04T14:47:22.996Z  INFO 1 --- [zil-additional-service] [   scheduling-1] r.a.observability.ObservabilityService   : LAB9 Observability window=30s category=http.main.cars count=1090 sumNanos=194520722480 avgNanos=178459378
zil-additional-service  | 2026-05-04T14:47:22.996Z  INFO 1 --- [zil-additional-service] [   scheduling-1] r.a.observability.ObservabilityService   : LAB9 Observability window=30s category=web.additional.availability_new count=562 sumNanos=203212206780 avgNanos=361587556
zil-additional-service  | 2026-05-04T14:47:22.996Z  INFO 1 --- [zil-additional-service] [   scheduling-1] r.a.observability.ObservabilityService   : LAB9 Observability window=30s category=additional.statsComputation.availability.allCitiesAllDates count=562 sumNanos=96020304 avgNanos=170854
zil-additional-service  | 2026-05-04T14:47:22.996Z  INFO 1 --- [zil-additional-service] [   scheduling-1] r.a.observability.ObservabilityService   : LAB9 Observability window=1m category=additional.statsComputation.stats count=1071 sumNanos=1578085 avgNanos=1473
zil-additional-service  | 2026-05-04T14:47:22.996Z  INFO 1 --- [zil-additional-service] [   scheduling-1] r.a.observability.ObservabilityService   : LAB9 Observability window=1m category=web.additional.stats count=1071 sumNanos=606301457557 avgNanos=566107803
zil-additional-service  | 2026-05-04T14:47:22.996Z  INFO 1 --- [zil-additional-service] [   scheduling-1] r.a.observability.ObservabilityService   : LAB9 Observability window=1m category=http.main.clients count=1072 sumNanos=219071442832 avgNanos=204357689
zil-additional-service  | 2026-05-04T14:47:22.997Z  INFO 1 --- [zil-additional-service] [   scheduling-1] r.a.observability.ObservabilityService   : LAB9 Observability window=1m category=http.main.rents count=2167 sumNanos=397917357395 avgNanos=183625914
zil-additional-service  | 2026-05-04T14:47:22.997Z  INFO 1 --- [zil-additional-service] [   scheduling-1] r.a.observability.ObservabilityService   : LAB9 Observability window=1m category=http.main.cars count=2165 sumNanos=386000042738 avgNanos=178291012
zil-additional-service  | 2026-05-04T14:47:22.997Z  INFO 1 --- [zil-additional-service] [   scheduling-1] r.a.observability.ObservabilityService   : LAB9 Observability window=1m category=web.additional.availability_new count=1096 sumNanos=397759908827 avgNanos=362919624
zil-additional-service  | 2026-05-04T14:47:22.997Z  INFO 1 --- [zil-additional-service] [   scheduling-1] r.a.observability.ObservabilityService   : LAB9 Observability window=1m category=additional.statsComputation.availability.allCitiesAllDates count=1096 sumNanos=188132129 avgNanos=171653
zil-additional-service  | 2026-05-04T14:47:28.001Z  INFO 1 --- [zil-additional-service] [   scheduling-1] r.a.observability.ObservabilityService   : LAB9 Observability window=10s category=additional.statsComputation.stats count=194 sumNanos=267833 avgNanos=1380
zil-additional-service  | 2026-05-04T14:47:28.001Z  INFO 1 --- [zil-additional-service] [   scheduling-1] r.a.observability.ObservabilityService   : LAB9 Observability window=10s category=web.additional.stats count=194 sumNanos=107584468798 avgNanos=554559117
zil-additional-service  | 2026-05-04T14:47:28.001Z  INFO 1 --- [zil-additional-service] [   scheduling-1] r.a.observability.ObservabilityService   : LAB9 Observability window=10s category=http.main.clients count=194 sumNanos=38629365777 avgNanos=199120442
zil-additional-service  | 2026-05-04T14:47:28.001Z  INFO 1 --- [zil-additional-service] [   scheduling-1] r.a.observability.ObservabilityService   : LAB9 Observability window=10s category=http.main.rents count=360 sumNanos=64398205960 avgNanos=178883905
zil-additional-service  | 2026-05-04T14:47:28.001Z  INFO 1 --- [zil-additional-service] [   scheduling-1] r.a.observability.ObservabilityService   : LAB9 Observability window=10s category=http.main.cars count=360 sumNanos=64368566206 avgNanos=178801572
zil-additional-service  | 2026-05-04T14:47:28.001Z  INFO 1 --- [zil-additional-service] [   scheduling-1] r.a.observability.ObservabilityService   : LAB9 Observability window=10s category=web.additional.availability_new count=166 sumNanos=60255953211 avgNanos=362987669
zil-additional-service  | 2026-05-04T14:47:28.001Z  INFO 1 --- [zil-additional-service] [   scheduling-1] r.a.observability.ObservabilityService   : LAB9 Observability window=10s category=additional.statsComputation.availability.allCitiesAllDates count=166 sumNanos=26317940 avgNanos=158541
zil-additional-service  | 2026-05-04T14:47:28.001Z  INFO 1 --- [zil-additional-service] [   scheduling-1] r.a.observability.ObservabilityService   : LAB9 Observability window=30s category=additional.statsComputation.stats count=533 sumNanos=814272 avgNanos=1527
zil-additional-service  | 2026-05-04T14:47:28.001Z  INFO 1 --- [zil-additional-service] [   scheduling-1] r.a.observability.ObservabilityService   : LAB9 Observability window=30s category=http.main.clients count=535 sumNanos=108317926537 avgNanos=202463414
zil-additional-service  | 2026-05-04T14:47:28.001Z  INFO 1 --- [zil-additional-service] [   scheduling-1] r.a.observability.ObservabilityService   : LAB9 Observability window=30s category=web.additional.stats count=533 sumNanos=300122528167 avgNanos=563081666
zil-additional-service  | 2026-05-04T14:47:28.001Z  INFO 1 --- [zil-additional-service] [   scheduling-1] r.a.observability.ObservabilityService   : LAB9 Observability window=30s category=http.main.rents count=1087 sumNanos=197814390774 avgNanos=181981960
zil-additional-service  | 2026-05-04T14:47:28.001Z  INFO 1 --- [zil-additional-service] [   scheduling-1] r.a.observability.ObservabilityService   : LAB9 Observability window=30s category=http.main.cars count=1088 sumNanos=194472305984 avgNanos=178742928
zil-additional-service  | 2026-05-04T14:47:28.001Z  INFO 1 --- [zil-additional-service] [   scheduling-1] r.a.observability.ObservabilityService   : LAB9 Observability window=30s category=web.additional.availability_new count=554 sumNanos=200551145480 avgNanos=362005677
zil-additional-service  | 2026-05-04T14:47:28.001Z  INFO 1 --- [zil-additional-service] [   scheduling-1] r.a.observability.ObservabilityService   : LAB9 Observability window=30s category=additional.statsComputation.availability.allCitiesAllDates count=554 sumNanos=98241197 avgNanos=177330
zil-additional-service  | 2026-05-04T14:47:28.001Z  INFO 1 --- [zil-additional-service] [   scheduling-1] r.a.observability.ObservabilityService   : LAB9 Observability window=1m category=additional.statsComputation.stats count=1068 sumNanos=1580415 avgNanos=1479
zil-additional-service  | 2026-05-04T14:47:28.002Z  INFO 1 --- [zil-additional-service] [   scheduling-1] r.a.observability.ObservabilityService   : LAB9 Observability window=1m category=http.main.clients count=1071 sumNanos=218122404139 avgNanos=203662375
zil-additional-service  | 2026-05-04T14:47:28.005Z  INFO 1 --- [zil-additional-service] [   scheduling-1] r.a.observability.ObservabilityService   : LAB9 Observability window=1m category=web.additional.stats count=1068 sumNanos=602358977285 avgNanos=564006533
zil-additional-service  | 2026-05-04T14:47:28.006Z  INFO 1 --- [zil-additional-service] [   scheduling-1] r.a.observability.ObservabilityService   : LAB9 Observability window=1m category=http.main.rents count=2169 sumNanos=396579615204 avgNanos=182839841
zil-additional-service  | 2026-05-04T14:47:28.006Z  INFO 1 --- [zil-additional-service] [   scheduling-1] r.a.observability.ObservabilityService   : LAB9 Observability window=1m category=http.main.cars count=2170 sumNanos=387036186445 avgNanos=178357689
zil-additional-service  | 2026-05-04T14:47:28.006Z  INFO 1 --- [zil-additional-service] [   scheduling-1] r.a.observability.ObservabilityService   : LAB9 Observability window=1m category=web.additional.availability_new count=1101 sumNanos=399099837958 avgNanos=362488499
zil-additional-service  | 2026-05-04T14:47:28.006Z  INFO 1 --- [zil-additional-service] [   scheduling-1] r.a.observability.ObservabilityService   : LAB9 Observability window=1m category=additional.statsComputation.availability.allCitiesAllDates count=1101 sumNanos=192614365 avgNanos=174944
zil-additional-service  | 2026-05-04T14:47:33.007Z  INFO 1 --- [zil-additional-service] [   scheduling-1] r.a.observability.ObservabilityService   : LAB9 Observability window=10s category=additional.statsComputation.stats count=194 sumNanos=229210 avgNanos=1181
zil-additional-service  | 2026-05-04T14:47:33.008Z  INFO 1 --- [zil-additional-service] [   scheduling-1] r.a.observability.ObservabilityService   : LAB9 Observability window=10s category=http.main.clients count=197 sumNanos=40324728997 avgNanos=204694055
zil-additional-service  | 2026-05-04T14:47:33.008Z  INFO 1 --- [zil-additional-service] [   scheduling-1] r.a.observability.ObservabilityService   : LAB9 Observability window=10s category=web.additional.stats count=194 sumNanos=110099971867 avgNanos=567525628
zil-additional-service  | 2026-05-04T14:47:33.008Z  INFO 1 --- [zil-additional-service] [   scheduling-1] r.a.observability.ObservabilityService   : LAB9 Observability window=10s category=http.main.rents count=348 sumNanos=64028129865 avgNanos=183988878
zil-additional-service  | 2026-05-04T14:47:33.008Z  INFO 1 --- [zil-additional-service] [   scheduling-1] r.a.observability.ObservabilityService   : LAB9 Observability window=10s category=http.main.cars count=349 sumNanos=63623648945 avgNanos=182302719
zil-additional-service  | 2026-05-04T14:47:33.008Z  INFO 1 --- [zil-additional-service] [   scheduling-1] r.a.observability.ObservabilityService   : LAB9 Observability window=10s category=web.additional.availability_new count=154 sumNanos=56933605065 avgNanos=369698734
zil-additional-service  | 2026-05-04T14:47:33.008Z  INFO 1 --- [zil-additional-service] [   scheduling-1] r.a.observability.ObservabilityService   : LAB9 Observability window=10s category=additional.statsComputation.availability.allCitiesAllDates count=154 sumNanos=24427225 avgNanos=158618
zil-additional-service  | 2026-05-04T14:47:33.008Z  INFO 1 --- [zil-additional-service] [   scheduling-1] r.a.observability.ObservabilityService   : LAB9 Observability window=30s category=additional.statsComputation.stats count=544 sumNanos=808296 avgNanos=1485
zil-additional-service  | 2026-05-04T14:47:33.008Z  INFO 1 --- [zil-additional-service] [   scheduling-1] r.a.observability.ObservabilityService   : LAB9 Observability window=30s category=web.additional.stats count=544 sumNanos=305346348318 avgNanos=561298434
zil-additional-service  | 2026-05-04T14:47:33.009Z  INFO 1 --- [zil-additional-service] [   scheduling-1] r.a.observability.ObservabilityService   : LAB9 Observability window=30s category=http.main.clients count=550 sumNanos=111293681987 avgNanos=202352149
zil-additional-service  | 2026-05-04T14:47:33.010Z  INFO 1 --- [zil-additional-service] [   scheduling-1] r.a.observability.ObservabilityService   : LAB9 Observability window=30s category=http.main.rents count=1078 sumNanos=195930048112 avgNanos=181753291
zil-additional-service  | 2026-05-04T14:47:33.010Z  INFO 1 --- [zil-additional-service] [   scheduling-1] r.a.observability.ObservabilityService   : LAB9 Observability window=30s category=http.main.cars count=1080 sumNanos=193737655253 avgNanos=179386717
zil-additional-service  | 2026-05-04T14:47:33.010Z  INFO 1 --- [zil-additional-service] [   scheduling-1] r.a.observability.ObservabilityService   : LAB9 Observability window=30s category=web.additional.availability_new count=534 sumNanos=194017809169 avgNanos=363329230
zil-additional-service  | 2026-05-04T14:47:33.010Z  INFO 1 --- [zil-additional-service] [   scheduling-1] r.a.observability.ObservabilityService   : LAB9 Observability window=30s category=additional.statsComputation.availability.allCitiesAllDates count=534 sumNanos=94884982 avgNanos=177687
zil-additional-service  | 2026-05-04T14:47:33.010Z  INFO 1 --- [zil-additional-service] [   scheduling-1] r.a.observability.ObservabilityService   : LAB9 Observability window=1m category=additional.statsComputation.stats count=1077 sumNanos=1566074 avgNanos=1454
zil-additional-service  | 2026-05-04T14:47:33.010Z  INFO 1 --- [zil-additional-service] [   scheduling-1] r.a.observability.ObservabilityService   : LAB9 Observability window=1m category=http.main.clients count=1080 sumNanos=220565854885 avgNanos=204227643
zil-additional-service  | 2026-05-04T14:47:33.010Z  INFO 1 --- [zil-additional-service] [   scheduling-1] r.a.observability.ObservabilityService   : LAB9 Observability window=1m category=web.additional.stats count=1077 sumNanos=608265033311 avgNanos=564777189
zil-additional-service  | 2026-05-04T14:47:33.010Z  INFO 1 --- [zil-additional-service] [   scheduling-1] r.a.observability.ObservabilityService   : LAB9 Observability window=1m category=http.main.rents count=2164 sumNanos=395949612988 avgNanos=182971170
zil-additional-service  | 2026-05-04T14:47:33.010Z  INFO 1 --- [zil-additional-service] [   scheduling-1] r.a.observability.ObservabilityService   : LAB9 Observability window=1m category=http.main.cars count=2163 sumNanos=386616688870 avgNanos=178740956
zil-additional-service  | 2026-05-04T14:47:33.010Z  INFO 1 --- [zil-additional-service] [   scheduling-1] r.a.observability.ObservabilityService   : LAB9 Observability window=1m category=web.additional.availability_new count=1088 sumNanos=394910255341 avgNanos=362968984
zil-additional-service  | 2026-05-04T14:47:33.010Z  INFO 1 --- [zil-additional-service] [   scheduling-1] r.a.observability.ObservabilityService   : LAB9 Observability window=1m category=additional.statsComputation.availability.allCitiesAllDates count=1088 sumNanos=193596973 avgNanos=177938
zil-additional-service  | 2026-05-04T14:47:38.011Z  INFO 1 --- [zil-additional-service] [   scheduling-1] r.a.observability.ObservabilityService   : LAB9 Observability window=10s category=additional.statsComputation.stats count=202 sumNanos=269358 avgNanos=1333
zil-additional-service  | 2026-05-04T14:47:38.012Z  INFO 1 --- [zil-additional-service] [   scheduling-1] r.a.observability.ObservabilityService   : LAB9 Observability window=10s category=http.main.clients count=201 sumNanos=41331631098 avgNanos=205630005
zil-additional-service  | 2026-05-04T14:47:38.012Z  INFO 1 --- [zil-additional-service] [   scheduling-1] r.a.observability.ObservabilityService   : LAB9 Observability window=10s category=web.additional.stats count=202 sumNanos=116356969202 avgNanos=576024600
zil-additional-service  | 2026-05-04T14:47:38.013Z  INFO 1 --- [zil-additional-service] [   scheduling-1] r.a.observability.ObservabilityService   : LAB9 Observability window=10s category=http.main.rents count=344 sumNanos=64688369794 avgNanos=188047586
zil-additional-service  | 2026-05-04T14:47:38.013Z  INFO 1 --- [zil-additional-service] [   scheduling-1] r.a.observability.ObservabilityService   : LAB9 Observability window=10s category=http.main.cars count=340 sumNanos=63499585597 avgNanos=186763487
zil-additional-service  | 2026-05-04T14:47:38.013Z  INFO 1 --- [zil-additional-service] [   scheduling-1] r.a.observability.ObservabilityService   : LAB9 Observability window=10s category=web.additional.availability_new count=142 sumNanos=53939980955 avgNanos=379859020
zil-additional-service  | 2026-05-04T14:47:38.013Z  INFO 1 --- [zil-additional-service] [   scheduling-1] r.a.observability.ObservabilityService   : LAB9 Observability window=10s category=additional.statsComputation.availability.allCitiesAllDates count=142 sumNanos=27272037 avgNanos=192056
zil-additional-service  | 2026-05-04T14:47:38.013Z  INFO 1 --- [zil-additional-service] [   scheduling-1] r.a.observability.ObservabilityService   : LAB9 Observability window=30s category=additional.statsComputation.stats count=570 sumNanos=805961 avgNanos=1413
zil-additional-service  | 2026-05-04T14:47:38.014Z  INFO 1 --- [zil-additional-service] [   scheduling-1] r.a.observability.ObservabilityService   : LAB9 Observability window=30s category=web.additional.stats count=570 sumNanos=321483866226 avgNanos=564006782
zil-additional-service  | 2026-05-04T14:47:38.017Z  INFO 1 --- [zil-additional-service] [   scheduling-1] r.a.observability.ObservabilityService   : LAB9 Observability window=30s category=http.main.clients count=573 sumNanos=115929253861 avgNanos=202319814
zil-additional-service  | 2026-05-04T14:47:38.017Z  INFO 1 --- [zil-additional-service] [   scheduling-1] r.a.observability.ObservabilityService   : LAB9 Observability window=30s category=http.main.rents count=1066 sumNanos=195465199551 avgNanos=183363226
zil-additional-service  | 2026-05-04T14:47:38.017Z  INFO 1 --- [zil-additional-service] [   scheduling-1] r.a.observability.ObservabilityService   : LAB9 Observability window=30s category=http.main.cars count=1065 sumNanos=192075886494 avgNanos=180352945
zil-additional-service  | 2026-05-04T14:47:38.017Z  INFO 1 --- [zil-additional-service] [   scheduling-1] r.a.observability.ObservabilityService   : LAB9 Observability window=30s category=web.additional.availability_new count=496 sumNanos=182192594033 avgNanos=367323778
zil-additional-service  | 2026-05-04T14:47:38.018Z  INFO 1 --- [zil-additional-service] [   scheduling-1] r.a.observability.ObservabilityService   : LAB9 Observability window=30s category=additional.statsComputation.availability.allCitiesAllDates count=496 sumNanos=84485968 avgNanos=170334
zil-additional-service  | 2026-05-04T14:47:38.018Z  INFO 1 --- [zil-additional-service] [   scheduling-1] r.a.observability.ObservabilityService   : LAB9 Observability window=1m category=additional.statsComputation.stats count=1097 sumNanos=1621145 avgNanos=1477
zil-additional-service  | 2026-05-04T14:47:38.018Z  INFO 1 --- [zil-additional-service] [   scheduling-1] r.a.observability.ObservabilityService   : LAB9 Observability window=1m category=http.main.clients count=1097 sumNanos=224151810831 avgNanos=204331641
zil-additional-service  | 2026-05-04T14:47:38.018Z  INFO 1 --- [zil-additional-service] [   scheduling-1] r.a.observability.ObservabilityService   : LAB9 Observability window=1m category=web.additional.stats count=1097 sumNanos=620383980201 avgNanos=565527785
zil-additional-service  | 2026-05-04T14:47:38.019Z  INFO 1 --- [zil-additional-service] [   scheduling-1] r.a.observability.ObservabilityService   : LAB9 Observability window=1m category=http.main.rents count=2155 sumNanos=395373485209 avgNanos=183467974
zil-additional-service  | 2026-05-04T14:47:38.020Z  INFO 1 --- [zil-additional-service] [   scheduling-1] r.a.observability.ObservabilityService   : LAB9 Observability window=1m category=http.main.cars count=2152 sumNanos=386279039887 avgNanos=179497695
zil-additional-service  | 2026-05-04T14:47:38.020Z  INFO 1 --- [zil-additional-service] [   scheduling-1] r.a.observability.ObservabilityService   : LAB9 Observability window=1m category=web.additional.availability_new count=1058 sumNanos=386349575365 avgNanos=365169730
zil-additional-service  | 2026-05-04T14:47:38.021Z  INFO 1 --- [zil-additional-service] [   scheduling-1] r.a.observability.ObservabilityService   : LAB9 Observability window=1m category=additional.statsComputation.availability.allCitiesAllDates count=1058 sumNanos=191006163 avgNanos=180535
zil-additional-service  | 2026-05-04T14:47:43.022Z  INFO 1 --- [zil-additional-service] [   scheduling-1] r.a.observability.ObservabilityService   : LAB9 Observability window=10s category=additional.statsComputation.stats count=184 sumNanos=255217 avgNanos=1387
zil-additional-service  | 2026-05-04T14:47:43.023Z  INFO 1 --- [zil-additional-service] [   scheduling-1] r.a.observability.ObservabilityService   : LAB9 Observability window=10s category=http.main.clients count=180 sumNanos=35481203153 avgNanos=197117795
zil-additional-service  | 2026-05-04T14:47:43.023Z  INFO 1 --- [zil-additional-service] [   scheduling-1] r.a.observability.ObservabilityService   : LAB9 Observability window=10s category=web.additional.stats count=184 sumNanos=102508171857 avgNanos=557109629
zil-additional-service  | 2026-05-04T14:47:43.024Z  INFO 1 --- [zil-additional-service] [   scheduling-1] r.a.observability.ObservabilityService   : LAB9 Observability window=10s category=http.main.rents count=369 sumNanos=67835159946 avgNanos=183835121
zil-additional-service  | 2026-05-04T14:47:43.024Z  INFO 1 --- [zil-additional-service] [   scheduling-1] r.a.observability.ObservabilityService   : LAB9 Observability window=10s category=http.main.cars count=366 sumNanos=64511872826 avgNanos=176261947
zil-additional-service  | 2026-05-04T14:47:43.024Z  INFO 1 --- [zil-additional-service] [   scheduling-1] r.a.observability.ObservabilityService   : LAB9 Observability window=10s category=web.additional.availability_new count=185 sumNanos=67181503095 avgNanos=363143259
zil-additional-service  | 2026-05-04T14:47:43.024Z  INFO 1 --- [zil-additional-service] [   scheduling-1] r.a.observability.ObservabilityService   : LAB9 Observability window=10s category=additional.statsComputation.availability.allCitiesAllDates count=185 sumNanos=32281041 avgNanos=174492
zil-additional-service  | 2026-05-04T14:47:43.024Z  INFO 1 --- [zil-additional-service] [   scheduling-1] r.a.observability.ObservabilityService   : LAB9 Observability window=30s category=additional.statsComputation.stats count=571 sumNanos=816546 avgNanos=1430
zil-additional-service  | 2026-05-04T14:47:43.024Z  INFO 1 --- [zil-additional-service] [   scheduling-1] r.a.observability.ObservabilityService   : LAB9 Observability window=30s category=web.additional.stats count=571 sumNanos=321815716543 avgNanos=563600204
zil-additional-service  | 2026-05-04T14:47:43.024Z  INFO 1 --- [zil-additional-service] [   scheduling-1] r.a.observability.ObservabilityService   : LAB9 Observability window=30s category=http.main.clients count=569 sumNanos=114763392853 avgNanos=201693133
zil-additional-service  | 2026-05-04T14:47:43.024Z  INFO 1 --- [zil-additional-service] [   scheduling-1] r.a.observability.ObservabilityService   : LAB9 Observability window=30s category=http.main.rents count=1069 sumNanos=196558052901 avgNanos=183870956
zil-additional-service  | 2026-05-04T14:47:43.024Z  INFO 1 --- [zil-additional-service] [   scheduling-1] r.a.observability.ObservabilityService   : LAB9 Observability window=30s category=http.main.cars count=1067 sumNanos=191954056956 avgNanos=179900709
zil-additional-service  | 2026-05-04T14:47:43.025Z  INFO 1 --- [zil-additional-service] [   scheduling-1] r.a.observability.ObservabilityService   : LAB9 Observability window=30s category=web.additional.availability_new count=498 sumNanos=182765443001 avgNanos=366998881
zil-additional-service  | 2026-05-04T14:47:43.025Z  INFO 1 --- [zil-additional-service] [   scheduling-1] r.a.observability.ObservabilityService   : LAB9 Observability window=30s category=additional.statsComputation.availability.allCitiesAllDates count=498 sumNanos=80275805 avgNanos=161196
zil-additional-service  | 2026-05-04T14:47:43.025Z  INFO 1 --- [zil-additional-service] [   scheduling-1] r.a.observability.ObservabilityService   : LAB9 Observability window=1m category=additional.statsComputation.stats count=1082 sumNanos=1624221 avgNanos=1501
zil-additional-service  | 2026-05-04T14:47:43.025Z  INFO 1 --- [zil-additional-service] [   scheduling-1] r.a.observability.ObservabilityService   : LAB9 Observability window=1m category=web.additional.stats count=1082 sumNanos=610601035500 avgNanos=564326280
zil-additional-service  | 2026-05-04T14:47:43.025Z  INFO 1 --- [zil-additional-service] [   scheduling-1] r.a.observability.ObservabilityService   : LAB9 Observability window=1m category=http.main.clients count=1078 sumNanos=219225665091 avgNanos=203363325
zil-additional-service  | 2026-05-04T14:47:43.025Z  INFO 1 --- [zil-additional-service] [   scheduling-1] r.a.observability.ObservabilityService   : LAB9 Observability window=1m category=http.main.rents count=2169 sumNanos=398080801461 avgNanos=183531950
zil-additional-service  | 2026-05-04T14:47:43.025Z  INFO 1 --- [zil-additional-service] [   scheduling-1] r.a.observability.ObservabilityService   : LAB9 Observability window=1m category=http.main.cars count=2166 sumNanos=386767024951 avgNanos=178562800
zil-additional-service  | 2026-05-04T14:47:43.025Z  INFO 1 --- [zil-additional-service] [   scheduling-1] r.a.observability.ObservabilityService   : LAB9 Observability window=1m category=web.additional.availability_new count=1087 sumNanos=395783360635 avgNanos=364106127
zil-additional-service  | 2026-05-04T14:47:43.025Z  INFO 1 --- [zil-additional-service] [   scheduling-1] r.a.observability.ObservabilityService   : LAB9 Observability window=1m category=additional.statsComputation.availability.allCitiesAllDates count=1087 sumNanos=196226176 avgNanos=180520
zil-additional-service  | 2026-05-04T14:47:48.026Z  INFO 1 --- [zil-additional-service] [   scheduling-1] r.a.observability.ObservabilityService   : LAB9 Observability window=10s category=additional.statsComputation.stats count=163 sumNanos=211707 avgNanos=1298
zil-additional-service  | 2026-05-04T14:47:48.027Z  INFO 1 --- [zil-additional-service] [   scheduling-1] r.a.observability.ObservabilityService   : LAB9 Observability window=10s category=http.main.clients count=158 sumNanos=32131282961 avgNanos=203362550
zil-additional-service  | 2026-05-04T14:47:48.027Z  INFO 1 --- [zil-additional-service] [   scheduling-1] r.a.observability.ObservabilityService   : LAB9 Observability window=10s category=web.additional.stats count=163 sumNanos=91754991550 avgNanos=562914058
zil-additional-service  | 2026-05-04T14:47:48.027Z  INFO 1 --- [zil-additional-service] [   scheduling-1] r.a.observability.ObservabilityService   : LAB9 Observability window=10s category=http.main.rents count=374 sumNanos=68152331519 avgNanos=182225485
zil-additional-service  | 2026-05-04T14:47:48.027Z  INFO 1 --- [zil-additional-service] [   scheduling-1] r.a.observability.ObservabilityService   : LAB9 Observability window=10s category=http.main.cars count=375 sumNanos=65727198166 avgNanos=175272528
zil-additional-service  | 2026-05-04T14:47:48.027Z  INFO 1 --- [zil-additional-service] [   scheduling-1] r.a.observability.ObservabilityService   : LAB9 Observability window=10s category=web.additional.availability_new count=211 sumNanos=75417131288 avgNanos=357427162
zil-additional-service  | 2026-05-04T14:47:48.027Z  INFO 1 --- [zil-additional-service] [   scheduling-1] r.a.observability.ObservabilityService   : LAB9 Observability window=10s category=additional.statsComputation.availability.allCitiesAllDates count=211 sumNanos=31294728 avgNanos=148316
zil-additional-service  | 2026-05-04T14:47:48.028Z  INFO 1 --- [zil-additional-service] [   scheduling-1] r.a.observability.ObservabilityService   : LAB9 Observability window=30s category=additional.statsComputation.stats count=559 sumNanos=748898 avgNanos=1339
zil-additional-service  | 2026-05-04T14:47:48.028Z  INFO 1 --- [zil-additional-service] [   scheduling-1] r.a.observability.ObservabilityService   : LAB9 Observability window=30s category=web.additional.stats count=559 sumNanos=315696429550 avgNanos=564752110
zil-additional-service  | 2026-05-04T14:47:48.028Z  INFO 1 --- [zil-additional-service] [   scheduling-1] r.a.observability.ObservabilityService   : LAB9 Observability window=30s category=http.main.clients count=554 sumNanos=112280475959 avgNanos=202672339
zil-additional-service  | 2026-05-04T14:47:48.028Z  INFO 1 --- [zil-additional-service] [   scheduling-1] r.a.observability.ObservabilityService   : LAB9 Observability window=30s category=http.main.rents count=1078 sumNanos=197238907273 avgNanos=182967446
zil-additional-service  | 2026-05-04T14:47:48.028Z  INFO 1 --- [zil-additional-service] [   scheduling-1] r.a.observability.ObservabilityService   : LAB9 Observability window=30s category=http.main.cars count=1078 sumNanos=193890652737 avgNanos=179861458
zil-additional-service  | 2026-05-04T14:47:48.028Z  INFO 1 --- [zil-additional-service] [   scheduling-1] r.a.observability.ObservabilityService   : LAB9 Observability window=30s category=web.additional.availability_new count=519 sumNanos=189613065454 avgNanos=365343093
zil-additional-service  | 2026-05-04T14:47:48.028Z  INFO 1 --- [zil-additional-service] [   scheduling-1] r.a.observability.ObservabilityService   : LAB9 Observability window=30s category=additional.statsComputation.availability.allCitiesAllDates count=519 sumNanos=84884705 avgNanos=163554
zil-additional-service  | 2026-05-04T14:47:48.028Z  INFO 1 --- [zil-additional-service] [   scheduling-1] r.a.observability.ObservabilityService   : LAB9 Observability window=1m category=additional.statsComputation.stats count=1078 sumNanos=1504801 avgNanos=1395
zil-additional-service  | 2026-05-04T14:47:48.028Z  INFO 1 --- [zil-additional-service] [   scheduling-1] r.a.observability.ObservabilityService   : LAB9 Observability window=1m category=http.main.clients count=1076 sumNanos=219029260234 avgNanos=203558792
zil-additional-service  | 2026-05-04T14:47:48.028Z  INFO 1 --- [zil-additional-service] [   scheduling-1] r.a.observability.ObservabilityService   : LAB9 Observability window=1m category=web.additional.stats count=1078 sumNanos=608355829199 avgNanos=564337503
zil-additional-service  | 2026-05-04T14:47:48.028Z  INFO 1 --- [zil-additional-service] [   scheduling-1] r.a.observability.ObservabilityService   : LAB9 Observability window=1m category=http.main.rents count=2168 sumNanos=396319236680 avgNanos=182804075
zil-additional-service  | 2026-05-04T14:47:48.028Z  INFO 1 --- [zil-additional-service] [   scheduling-1] r.a.observability.ObservabilityService   : LAB9 Observability window=1m category=http.main.cars count=2172 sumNanos=388425759729 avgNanos=178833222
zil-additional-service  | 2026-05-04T14:47:48.028Z  INFO 1 --- [zil-additional-service] [   scheduling-1] r.a.observability.ObservabilityService   : LAB9 Observability window=1m category=web.additional.availability_new count=1090 sumNanos=395838974092 avgNanos=363155022
zil-additional-service  | 2026-05-04T14:47:48.028Z  INFO 1 --- [zil-additional-service] [   scheduling-1] r.a.observability.ObservabilityService   : LAB9 Observability window=1m category=additional.statsComputation.availability.allCitiesAllDates count=1090 sumNanos=186385904 avgNanos=170996
zil-additional-service  | 2026-05-04T14:47:53.029Z  INFO 1 --- [zil-additional-service] [   scheduling-1] r.a.observability.ObservabilityService   : LAB9 Observability window=10s category=additional.statsComputation.stats count=166 sumNanos=219732 avgNanos=1323
zil-additional-service  | 2026-05-04T14:47:53.029Z  INFO 1 --- [zil-additional-service] [   scheduling-1] r.a.observability.ObservabilityService   : LAB9 Observability window=10s category=web.additional.stats count=166 sumNanos=94044801668 avgNanos=566534949
zil-app                 | 2026-05-04T14:42:49.274Z  INFO 1 --- [   scheduling-1] r.observability.ObservabilityService     : LAB9 Observability window=30s category=db.rent.findAll count=1370 sumNanos=194464248656 avgNanos=141944707
zil-app                 | 2026-05-04T14:42:49.274Z  INFO 1 --- [   scheduling-1] r.observability.ObservabilityService     : LAB9 Observability window=30s category=web.CarController.getCars count=1368 sumNanos=197768896973 avgNanos=144567907
zil-app                 | 2026-05-04T14:42:49.276Z  INFO 1 --- [   scheduling-1] r.observability.ObservabilityService     : LAB9 Observability window=30s category=db.car.findAll count=1368 sumNanos=197754165829 avgNanos=144557138
zil-app                 | 2026-05-04T14:42:49.281Z  INFO 1 --- [   scheduling-1] r.observability.ObservabilityService     : LAB9 Observability window=1m category=web.ClientController.getClients count=84 sumNanos=16083260492 avgNanos=191467386
zil-app                 | 2026-05-04T14:42:49.281Z  INFO 1 --- [   scheduling-1] r.observability.ObservabilityService     : LAB9 Observability window=1m category=db.client.findAll count=84 sumNanos=16081468424 avgNanos=191446052
zil-app                 | 2026-05-04T14:42:49.281Z  INFO 1 --- [   scheduling-1] r.observability.ObservabilityService     : LAB9 Observability window=1m category=web.RentController.getRents count=1875 sumNanos=299779688621 avgNanos=159882500
zil-app                 | 2026-05-04T14:42:49.281Z  INFO 1 --- [   scheduling-1] r.observability.ObservabilityService     : LAB9 Observability window=1m category=db.rent.findAll count=1875 sumNanos=299769124655 avgNanos=159876866
zil-app                 | 2026-05-04T14:42:49.281Z  INFO 1 --- [   scheduling-1] r.observability.ObservabilityService     : LAB9 Observability window=1m category=web.CarController.getCars count=1883 sumNanos=308209325283 avgNanos=163679939
zil-app                 | 2026-05-04T14:42:49.282Z  INFO 1 --- [   scheduling-1] r.observability.ObservabilityService     : LAB9 Observability window=1m category=db.car.findAll count=1883 sumNanos=308190763380 avgNanos=163670081
zil-app                 | 2026-05-04T14:42:54.283Z  INFO 1 --- [   scheduling-1] r.observability.ObservabilityService     : LAB9 Observability window=10s category=web.ClientController.getClients count=28 sumNanos=5355341678 avgNanos=191262202
zil-app                 | 2026-05-04T14:42:54.286Z  INFO 1 --- [   scheduling-1] r.observability.ObservabilityService     : LAB9 Observability window=10s category=db.client.findAll count=28 sumNanos=5355223789 avgNanos=191257992
zil-app                 | 2026-05-04T14:42:54.287Z  INFO 1 --- [   scheduling-1] r.observability.ObservabilityService     : LAB9 Observability window=10s category=web.RentController.getRents count=460 sumNanos=68665564292 avgNanos=149272965
zil-app                 | 2026-05-04T14:42:54.287Z  INFO 1 --- [   scheduling-1] r.observability.ObservabilityService     : LAB9 Observability window=10s category=db.rent.findAll count=460 sumNanos=68663977978 avgNanos=149269517
zil-app                 | 2026-05-04T14:42:54.287Z  INFO 1 --- [   scheduling-1] r.observability.ObservabilityService     : LAB9 Observability window=10s category=web.CarController.getCars count=454 sumNanos=66645410291 avgNanos=146796057
zil-app                 | 2026-05-04T14:42:54.287Z  INFO 1 --- [   scheduling-1] r.observability.ObservabilityService     : LAB9 Observability window=10s category=db.car.findAll count=454 sumNanos=66643176206 avgNanos=146791137
zil-app                 | 2026-05-04T14:42:54.288Z  INFO 1 --- [   scheduling-1] r.observability.ObservabilityService     : LAB9 Observability window=30s category=web.ClientController.getClients count=63 sumNanos=11527937037 avgNanos=182983127
zil-app                 | 2026-05-04T14:42:54.289Z  INFO 1 --- [   scheduling-1] r.observability.ObservabilityService     : LAB9 Observability window=30s category=db.client.findAll count=63 sumNanos=11527635853 avgNanos=182978346
zil-app                 | 2026-05-04T14:42:54.289Z  INFO 1 --- [   scheduling-1] r.observability.ObservabilityService     : LAB9 Observability window=30s category=web.RentController.getRents count=1370 sumNanos=199264796212 avgNanos=145448756
zil-app                 | 2026-05-04T14:42:54.290Z  INFO 1 --- [   scheduling-1] r.observability.ObservabilityService     : LAB9 Observability window=30s category=db.rent.findAll count=1370 sumNanos=199259392949 avgNanos=145444812
zil-app                 | 2026-05-04T14:42:54.290Z  INFO 1 --- [   scheduling-1] r.observability.ObservabilityService     : LAB9 Observability window=30s category=web.CarController.getCars count=1368 sumNanos=202110815664 avgNanos=147741824
zil-app                 | 2026-05-04T14:42:54.291Z  INFO 1 --- [   scheduling-1] r.observability.ObservabilityService     : LAB9 Observability window=30s category=db.car.findAll count=1368 sumNanos=202096904017 avgNanos=147731654
zil-app                 | 2026-05-04T14:42:54.292Z  INFO 1 --- [   scheduling-1] r.observability.ObservabilityService     : LAB9 Observability window=1m category=web.ClientController.getClients count=99 sumNanos=18923642565 avgNanos=191147904
zil-app                 | 2026-05-04T14:42:54.292Z  INFO 1 --- [   scheduling-1] r.observability.ObservabilityService     : LAB9 Observability window=1m category=db.client.findAll count=99 sumNanos=18921790531 avgNanos=191129197
zil-app                 | 2026-05-04T14:42:54.292Z  INFO 1 --- [   scheduling-1] r.observability.ObservabilityService     : LAB9 Observability window=1m category=web.RentController.getRents count=2106 sumNanos=333999813500 avgNanos=158594403
zil-app                 | 2026-05-04T14:42:54.292Z  INFO 1 --- [   scheduling-1] r.observability.ObservabilityService     : LAB9 Observability window=1m category=db.rent.findAll count=2106 sumNanos=333988191997 avgNanos=158588885
zil-app                 | 2026-05-04T14:42:54.292Z  INFO 1 --- [   scheduling-1] r.observability.ObservabilityService     : LAB9 Observability window=1m category=web.CarController.getCars count=2112 sumNanos=342073975033 avgNanos=161966844
zil-app                 | 2026-05-04T14:42:54.292Z  INFO 1 --- [   scheduling-1] r.observability.ObservabilityService     : LAB9 Observability window=1m category=db.car.findAll count=2112 sumNanos=342054906963 avgNanos=161957815
zil-app                 | 2026-05-04T14:42:59.299Z  INFO 1 --- [   scheduling-1] r.observability.ObservabilityService     : LAB9 Observability window=10s category=web.ClientController.getClients count=30 sumNanos=5298331303 avgNanos=176611043
zil-app                 | 2026-05-04T14:42:59.302Z  INFO 1 --- [   scheduling-1] r.observability.ObservabilityService     : LAB9 Observability window=10s category=db.client.findAll count=30 sumNanos=5298208820 avgNanos=176606960
zil-app                 | 2026-05-04T14:42:59.302Z  INFO 1 --- [   scheduling-1] r.observability.ObservabilityService     : LAB9 Observability window=10s category=web.RentController.getRents count=456 sumNanos=66397424054 avgNanos=145608386
zil-app                 | 2026-05-04T14:42:59.303Z  INFO 1 --- [   scheduling-1] r.observability.ObservabilityService     : LAB9 Observability window=10s category=db.rent.findAll count=456 sumNanos=66390937711 avgNanos=145594161
zil-app                 | 2026-05-04T14:42:59.303Z  INFO 1 --- [   scheduling-1] r.observability.ObservabilityService     : LAB9 Observability window=10s category=web.CarController.getCars count=456 sumNanos=68370930065 avgNanos=149936250
zil-app                 | 2026-05-04T14:42:59.304Z  INFO 1 --- [   scheduling-1] r.observability.ObservabilityService     : LAB9 Observability window=10s category=db.car.findAll count=456 sumNanos=68368699752 avgNanos=149931359
zil-app                 | 2026-05-04T14:42:59.304Z  INFO 1 --- [   scheduling-1] r.observability.ObservabilityService     : LAB9 Observability window=30s category=web.ClientController.getClients count=68 sumNanos=12250918912 avgNanos=180160572
zil-app                 | 2026-05-04T14:42:59.304Z  INFO 1 --- [   scheduling-1] r.observability.ObservabilityService     : LAB9 Observability window=30s category=db.client.findAll count=68 sumNanos=12250605623 avgNanos=180155965
zil-app                 | 2026-05-04T14:42:59.305Z  INFO 1 --- [   scheduling-1] r.observability.ObservabilityService     : LAB9 Observability window=30s category=web.RentController.getRents count=1374 sumNanos=199487932712 avgNanos=145187723
zil-app                 | 2026-05-04T14:42:59.305Z  INFO 1 --- [   scheduling-1] r.observability.ObservabilityService     : LAB9 Observability window=30s category=db.rent.findAll count=1374 sumNanos=199478141385 avgNanos=145180597
zil-app                 | 2026-05-04T14:42:59.305Z  INFO 1 --- [   scheduling-1] r.observability.ObservabilityService     : LAB9 Observability window=30s category=web.CarController.getCars count=1371 sumNanos=204462897947 avgNanos=149134134
zil-app                 | 2026-05-04T14:42:59.306Z  INFO 1 --- [   scheduling-1] r.observability.ObservabilityService     : LAB9 Observability window=30s category=db.car.findAll count=1371 sumNanos=204448446533 avgNanos=149123593
zil-app                 | 2026-05-04T14:42:59.306Z  INFO 1 --- [   scheduling-1] r.observability.ObservabilityService     : LAB9 Observability window=1m category=web.ClientController.getClients count=114 sumNanos=21381591795 avgNanos=187557822
zil-app                 | 2026-05-04T14:42:59.306Z  INFO 1 --- [   scheduling-1] r.observability.ObservabilityService     : LAB9 Observability window=1m category=db.client.findAll count=114 sumNanos=21379677244 avgNanos=187541028
zil-app                 | 2026-05-04T14:42:59.307Z  INFO 1 --- [   scheduling-1] r.observability.ObservabilityService     : LAB9 Observability window=1m category=web.RentController.getRents count=2333 sumNanos=366480708205 avgNanos=157085601
zil-app                 | 2026-05-04T14:42:59.307Z  INFO 1 --- [   scheduling-1] r.observability.ObservabilityService     : LAB9 Observability window=1m category=db.rent.findAll count=2333 sumNanos=366463654589 avgNanos=157078291
zil-app                 | 2026-05-04T14:42:59.307Z  INFO 1 --- [   scheduling-1] r.observability.ObservabilityService     : LAB9 Observability window=1m category=web.CarController.getCars count=2339 sumNanos=376580255348 avgNanos=161000536
zil-app                 | 2026-05-04T14:42:59.307Z  INFO 1 --- [   scheduling-1] r.observability.ObservabilityService     : LAB9 Observability window=1m category=db.car.findAll count=2339 sumNanos=376559463132 avgNanos=160991647
zil-app                 | 2026-05-04T14:43:04.310Z  INFO 1 --- [   scheduling-1] r.observability.ObservabilityService     : LAB9 Observability window=10s category=web.ClientController.getClients count=25 sumNanos=4021638126 avgNanos=160865525
zil-app                 | 2026-05-04T14:43:04.310Z  INFO 1 --- [   scheduling-1] r.observability.ObservabilityService     : LAB9 Observability window=10s category=db.client.findAll count=25 sumNanos=4021533078 avgNanos=160861323
zil-app                 | 2026-05-04T14:43:04.311Z  INFO 1 --- [   scheduling-1] r.observability.ObservabilityService     : LAB9 Observability window=10s category=web.RentController.getRents count=455 sumNanos=68514205202 avgNanos=150580670
zil-app                 | 2026-05-04T14:43:04.311Z  INFO 1 --- [   scheduling-1] r.observability.ObservabilityService     : LAB9 Observability window=10s category=db.rent.findAll count=455 sumNanos=68508092865 avgNanos=150567237
zil-app                 | 2026-05-04T14:43:04.311Z  INFO 1 --- [   scheduling-1] r.observability.ObservabilityService     : LAB9 Observability window=10s category=web.CarController.getCars count=456 sumNanos=70207094766 avgNanos=153962927
zil-app                 | 2026-05-04T14:43:04.311Z  INFO 1 --- [   scheduling-1] r.observability.ObservabilityService     : LAB9 Observability window=10s category=db.car.findAll count=456 sumNanos=70204866255 avgNanos=153958040
zil-app                 | 2026-05-04T14:43:04.312Z  INFO 1 --- [   scheduling-1] r.observability.ObservabilityService     : LAB9 Observability window=30s category=web.ClientController.getClients count=70 sumNanos=12413250658 avgNanos=177332152
zil-app                 | 2026-05-04T14:43:04.312Z  INFO 1 --- [   scheduling-1] r.observability.ObservabilityService     : LAB9 Observability window=30s category=db.client.findAll count=70 sumNanos=12412931175 avgNanos=177327588
zil-app                 | 2026-05-04T14:43:04.312Z  INFO 1 --- [   scheduling-1] r.observability.ObservabilityService     : LAB9 Observability window=30s category=web.RentController.getRents count=1376 sumNanos=203838793420 avgNanos=148138658
zil-app                 | 2026-05-04T14:43:04.312Z  INFO 1 --- [   scheduling-1] r.observability.ObservabilityService     : LAB9 Observability window=30s category=db.rent.findAll count=1376 sumNanos=203829587811 avgNanos=148131967
zil-app                 | 2026-05-04T14:43:04.313Z  INFO 1 --- [   scheduling-1] r.observability.ObservabilityService     : LAB9 Observability window=30s category=web.CarController.getCars count=1375 sumNanos=206748472803 avgNanos=150362525
zil-app                 | 2026-05-04T14:43:04.314Z  INFO 1 --- [   scheduling-1] r.observability.ObservabilityService     : LAB9 Observability window=30s category=db.car.findAll count=1375 sumNanos=206738756548 avgNanos=150355459
zil-app                 | 2026-05-04T14:43:04.315Z  INFO 1 --- [   scheduling-1] r.observability.ObservabilityService     : LAB9 Observability window=1m category=web.ClientController.getClients count=124 sumNanos=22945280691 avgNanos=185042586
zil-app                 | 2026-05-04T14:43:04.316Z  INFO 1 --- [   scheduling-1] r.observability.ObservabilityService     : LAB9 Observability window=1m category=db.client.findAll count=124 sumNanos=22943323609 avgNanos=185026803
zil-app                 | 2026-05-04T14:43:04.317Z  INFO 1 --- [   scheduling-1] r.observability.ObservabilityService     : LAB9 Observability window=1m category=web.RentController.getRents count=2545 sumNanos=391918375401 avgNanos=153995432
zil-app                 | 2026-05-04T14:43:04.318Z  INFO 1 --- [   scheduling-1] r.observability.ObservabilityService     : LAB9 Observability window=1m category=db.rent.findAll count=2545 sumNanos=391901057357 avgNanos=153988627
zil-app                 | 2026-05-04T14:43:04.319Z  INFO 1 --- [   scheduling-1] r.observability.ObservabilityService     : LAB9 Observability window=1m category=web.CarController.getCars count=2548 sumNanos=384382634871 avgNanos=150856607
zil-app                 | 2026-05-04T14:43:04.320Z  INFO 1 --- [   scheduling-1] r.observability.ObservabilityService     : LAB9 Observability window=1m category=db.car.findAll count=2548 sumNanos=384361790650 avgNanos=150848426
zil-app                 | 2026-05-04T14:43:09.323Z  INFO 1 --- [   scheduling-1] r.observability.ObservabilityService     : LAB9 Observability window=10s category=web.ClientController.getClients count=21 sumNanos=3521307114 avgNanos=167681291
zil-app                 | 2026-05-04T14:43:09.323Z  INFO 1 --- [   scheduling-1] r.observability.ObservabilityService     : LAB9 Observability window=10s category=db.client.findAll count=21 sumNanos=3521217791 avgNanos=167677037
zil-app                 | 2026-05-04T14:43:09.323Z  INFO 1 --- [   scheduling-1] r.observability.ObservabilityService     : LAB9 Observability window=10s category=web.RentController.getRents count=464 sumNanos=69037440791 avgNanos=148787587
zil-app                 | 2026-05-04T14:43:09.324Z  INFO 1 --- [   scheduling-1] r.observability.ObservabilityService     : LAB9 Observability window=10s category=db.rent.findAll count=464 sumNanos=69035671295 avgNanos=148783774
zil-app                 | 2026-05-04T14:43:09.326Z  INFO 1 --- [   scheduling-1] r.observability.ObservabilityService     : LAB9 Observability window=10s category=web.CarController.getCars count=464 sumNanos=69800932203 avgNanos=150433043
zil-app                 | 2026-05-04T14:43:09.326Z  INFO 1 --- [   scheduling-1] r.observability.ObservabilityService     : LAB9 Observability window=10s category=db.car.findAll count=464 sumNanos=69798495301 avgNanos=150427791
zil-app                 | 2026-05-04T14:43:09.329Z  INFO 1 --- [   scheduling-1] r.observability.ObservabilityService     : LAB9 Observability window=30s category=web.ClientController.getClients count=71 sumNanos=12594733812 avgNanos=177390617
zil-app                 | 2026-05-04T14:43:09.329Z  INFO 1 --- [   scheduling-1] r.observability.ObservabilityService     : LAB9 Observability window=30s category=db.client.findAll count=71 sumNanos=12594433268 avgNanos=177386384
zil-app                 | 2026-05-04T14:43:09.329Z  INFO 1 --- [   scheduling-1] r.observability.ObservabilityService     : LAB9 Observability window=30s category=web.RentController.getRents count=1380 sumNanos=204277242834 avgNanos=148026987
zil-app                 | 2026-05-04T14:43:09.329Z  INFO 1 --- [   scheduling-1] r.observability.ObservabilityService     : LAB9 Observability window=30s category=db.rent.findAll count=1380 sumNanos=204267677630 avgNanos=148020056
zil-app                 | 2026-05-04T14:43:09.330Z  INFO 1 --- [   scheduling-1] r.observability.ObservabilityService     : LAB9 Observability window=30s category=web.CarController.getCars count=1378 sumNanos=206311517042 avgNanos=149718082
zil-app                 | 2026-05-04T14:43:09.330Z  INFO 1 --- [   scheduling-1] r.observability.ObservabilityService     : LAB9 Observability window=30s category=db.car.findAll count=1378 sumNanos=206303366700 avgNanos=149712167
zil-app                 | 2026-05-04T14:43:09.330Z  INFO 1 --- [   scheduling-1] r.observability.ObservabilityService     : LAB9 Observability window=1m category=web.ClientController.getClients count=126 sumNanos=21980446002 avgNanos=174447984
zil-app                 | 2026-05-04T14:43:09.331Z  INFO 1 --- [   scheduling-1] r.observability.ObservabilityService     : LAB9 Observability window=1m category=db.client.findAll count=126 sumNanos=21979783097 avgNanos=174442722
zil-app                 | 2026-05-04T14:43:09.331Z  INFO 1 --- [   scheduling-1] r.observability.ObservabilityService     : LAB9 Observability window=1m category=web.RentController.getRents count=2678 sumNanos=393153936145 avgNanos=146808788
zil-app                 | 2026-05-04T14:43:09.331Z  INFO 1 --- [   scheduling-1] r.observability.ObservabilityService     : LAB9 Observability window=1m category=db.rent.findAll count=2678 sumNanos=393136859934 avgNanos=146802412
zil-app                 | 2026-05-04T14:43:09.331Z  INFO 1 --- [   scheduling-1] r.observability.ObservabilityService     : LAB9 Observability window=1m category=web.CarController.getCars count=2672 sumNanos=392837396336 avgNanos=147019983
zil-app                 | 2026-05-04T14:43:09.331Z  INFO 1 --- [   scheduling-1] r.observability.ObservabilityService     : LAB9 Observability window=1m category=db.car.findAll count=2672 sumNanos=392815851331 avgNanos=147011920
zil-app                 | 2026-05-04T14:43:14.332Z  INFO 1 --- [   scheduling-1] r.observability.ObservabilityService     : LAB9 Observability window=10s category=web.ClientController.getClients count=23 sumNanos=4357438671 avgNanos=189453855
zil-app                 | 2026-05-04T14:43:14.332Z  INFO 1 --- [   scheduling-1] r.observability.ObservabilityService     : LAB9 Observability window=10s category=db.client.findAll count=23 sumNanos=4357348430 avgNanos=189449931
zil-app                 | 2026-05-04T14:43:14.332Z  INFO 1 --- [   scheduling-1] r.observability.ObservabilityService     : LAB9 Observability window=10s category=web.RentController.getRents count=466 sumNanos=68375922237 avgNanos=146729446
zil-app                 | 2026-05-04T14:43:14.332Z  INFO 1 --- [   scheduling-1] r.observability.ObservabilityService     : LAB9 Observability window=10s category=db.rent.findAll count=466 sumNanos=68374254481 avgNanos=146725867
zil-app                 | 2026-05-04T14:43:14.332Z  INFO 1 --- [   scheduling-1] r.observability.ObservabilityService     : LAB9 Observability window=10s category=web.CarController.getCars count=464 sumNanos=68772851118 avgNanos=148217351
zil-app                 | 2026-05-04T14:43:14.332Z  INFO 1 --- [   scheduling-1] r.observability.ObservabilityService     : LAB9 Observability window=10s category=db.car.findAll count=464 sumNanos=68769079038 avgNanos=148209222
zil-app                 | 2026-05-04T14:43:14.333Z  INFO 1 --- [   scheduling-1] r.observability.ObservabilityService     : LAB9 Observability window=30s category=web.ClientController.getClients count=76 sumNanos=13734418475 avgNanos=180716032
zil-app                 | 2026-05-04T14:43:14.333Z  INFO 1 --- [   scheduling-1] r.observability.ObservabilityService     : LAB9 Observability window=30s category=db.client.findAll count=76 sumNanos=13734105297 avgNanos=180711911
zil-app                 | 2026-05-04T14:43:14.333Z  INFO 1 --- [   scheduling-1] r.observability.ObservabilityService     : LAB9 Observability window=30s category=web.RentController.getRents count=1376 sumNanos=204472735032 avgNanos=148599371
zil-app                 | 2026-05-04T14:43:14.333Z  INFO 1 --- [   scheduling-1] r.observability.ObservabilityService     : LAB9 Observability window=30s category=db.rent.findAll count=1376 sumNanos=204463379853 avgNanos=148592572
zil-app                 | 2026-05-04T14:43:14.333Z  INFO 1 --- [   scheduling-1] r.observability.ObservabilityService     : LAB9 Observability window=30s category=web.CarController.getCars count=1373 sumNanos=205471184427 avgNanos=149651263
zil-app                 | 2026-05-04T14:43:14.333Z  INFO 1 --- [   scheduling-1] r.observability.ObservabilityService     : LAB9 Observability window=30s category=db.car.findAll count=1373 sumNanos=205462952235 avgNanos=149645267
zil-app                 | 2026-05-04T14:43:14.333Z  INFO 1 --- [   scheduling-1] r.observability.ObservabilityService     : LAB9 Observability window=1m category=web.ClientController.getClients count=133 sumNanos=23500898959 avgNanos=176698488
zil-app                 | 2026-05-04T14:43:14.333Z  INFO 1 --- [   scheduling-1] r.observability.ObservabilityService     : LAB9 Observability window=1m category=db.client.findAll count=133 sumNanos=23500219549 avgNanos=176693380
zil-app                 | 2026-05-04T14:43:14.333Z  INFO 1 --- [   scheduling-1] r.observability.ObservabilityService     : LAB9 Observability window=1m category=web.RentController.getRents count=2734 sumNanos=395613155350 avgNanos=144701227
zil-app                 | 2026-05-04T14:43:14.333Z  INFO 1 --- [   scheduling-1] r.observability.ObservabilityService     : LAB9 Observability window=1m category=db.rent.findAll count=2734 sumNanos=395597248096 avgNanos=144695408
zil-app                 | 2026-05-04T14:43:14.333Z  INFO 1 --- [   scheduling-1] r.observability.ObservabilityService     : LAB9 Observability window=1m category=web.CarController.getCars count=2735 sumNanos=401555554838 avgNanos=146821043
zil-app                 | 2026-05-04T14:43:14.333Z  INFO 1 --- [   scheduling-1] r.observability.ObservabilityService     : LAB9 Observability window=1m category=db.car.findAll count=2735 sumNanos=401533406470 avgNanos=146812945
zil-app                 | 2026-05-04T14:43:19.334Z  INFO 1 --- [   scheduling-1] r.observability.ObservabilityService     : LAB9 Observability window=10s category=web.ClientController.getClients count=26 sumNanos=5021263066 avgNanos=193125502
zil-app                 | 2026-05-04T14:43:19.334Z  INFO 1 --- [   scheduling-1] r.observability.ObservabilityService     : LAB9 Observability window=10s category=db.client.findAll count=26 sumNanos=5021167501 avgNanos=193121826
zil-app                 | 2026-05-04T14:43:19.335Z  INFO 1 --- [   scheduling-1] r.observability.ObservabilityService     : LAB9 Observability window=10s category=web.RentController.getRents count=458 sumNanos=72062139332 avgNanos=157340915
zil-app                 | 2026-05-04T14:43:19.336Z  INFO 1 --- [   scheduling-1] r.observability.ObservabilityService     : LAB9 Observability window=10s category=db.rent.findAll count=458 sumNanos=72060803812 avgNanos=157337999
zil-app                 | 2026-05-04T14:43:19.336Z  INFO 1 --- [   scheduling-1] r.observability.ObservabilityService     : LAB9 Observability window=10s category=web.CarController.getCars count=460 sumNanos=69387344790 avgNanos=150842053
zil-app                 | 2026-05-04T14:43:19.336Z  INFO 1 --- [   scheduling-1] r.observability.ObservabilityService     : LAB9 Observability window=10s category=db.car.findAll count=460 sumNanos=69382041989 avgNanos=150830526
zil-app                 | 2026-05-04T14:43:19.336Z  INFO 1 --- [   scheduling-1] r.observability.ObservabilityService     : LAB9 Observability window=30s category=web.ClientController.getClients count=77 sumNanos=13840901483 avgNanos=179751967
zil-app                 | 2026-05-04T14:43:19.336Z  INFO 1 --- [   scheduling-1] r.observability.ObservabilityService     : LAB9 Observability window=30s category=db.client.findAll count=77 sumNanos=13840594112 avgNanos=179747975
zil-app                 | 2026-05-04T14:43:19.336Z  INFO 1 --- [   scheduling-1] r.observability.ObservabilityService     : LAB9 Observability window=30s category=web.RentController.getRents count=1376 sumNanos=207117100432 avgNanos=150521148
zil-app                 | 2026-05-04T14:43:19.336Z  INFO 1 --- [   scheduling-1] r.observability.ObservabilityService     : LAB9 Observability window=30s category=db.rent.findAll count=1376 sumNanos=207107512903 avgNanos=150514180
zil-app                 | 2026-05-04T14:43:19.336Z  INFO 1 --- [   scheduling-1] r.observability.ObservabilityService     : LAB9 Observability window=30s category=web.CarController.getCars count=1379 sumNanos=207345847273 avgNanos=150359570
zil-app                 | 2026-05-04T14:43:19.336Z  INFO 1 --- [   scheduling-1] r.observability.ObservabilityService     : LAB9 Observability window=30s category=db.car.findAll count=1379 sumNanos=207335878530 avgNanos=150352341
zil-app                 | 2026-05-04T14:43:19.337Z  INFO 1 --- [   scheduling-1] r.observability.ObservabilityService     : LAB9 Observability window=1m category=web.ClientController.getClients count=135 sumNanos=24143424821 avgNanos=178840183
zil-app                 | 2026-05-04T14:43:19.337Z  INFO 1 --- [   scheduling-1] r.observability.ObservabilityService     : LAB9 Observability window=1m category=db.client.findAll count=135 sumNanos=24142749369 avgNanos=178835180
zil-app                 | 2026-05-04T14:43:19.337Z  INFO 1 --- [   scheduling-1] r.observability.ObservabilityService     : LAB9 Observability window=1m category=web.RentController.getRents count=2745 sumNanos=401750825857 avgNanos=146357313
zil-app                 | 2026-05-04T14:43:19.337Z  INFO 1 --- [   scheduling-1] r.observability.ObservabilityService     : LAB9 Observability window=1m category=db.rent.findAll count=2745 sumNanos=401735810564 avgNanos=146351843
zil-app                 | 2026-05-04T14:43:19.337Z  INFO 1 --- [   scheduling-1] r.observability.ObservabilityService     : LAB9 Observability window=1m category=web.CarController.getCars count=2747 sumNanos=405286971843 avgNanos=147538031
zil-app                 | 2026-05-04T14:43:19.337Z  INFO 1 --- [   scheduling-1] r.observability.ObservabilityService     : LAB9 Observability window=1m category=db.car.findAll count=2747 sumNanos=405262276644 avgNanos=147529041
zil-app                 | 2026-05-04T14:43:24.342Z  INFO 1 --- [   scheduling-1] r.observability.ObservabilityService     : LAB9 Observability window=10s category=web.ClientController.getClients count=19 sumNanos=3532741794 avgNanos=185933778
zil-app                 | 2026-05-04T14:43:24.343Z  INFO 1 --- [   scheduling-1] r.observability.ObservabilityService     : LAB9 Observability window=10s category=web.RentController.getRents count=465 sumNanos=72059517813 avgNanos=154966704
zil-app                 | 2026-05-04T14:43:24.343Z  INFO 1 --- [   scheduling-1] r.observability.ObservabilityService     : LAB9 Observability window=10s category=db.client.findAll count=19 sumNanos=3532672842 avgNanos=185930149
zil-app                 | 2026-05-04T14:43:24.343Z  INFO 1 --- [   scheduling-1] r.observability.ObservabilityService     : LAB9 Observability window=10s category=db.rent.findAll count=465 sumNanos=72058158071 avgNanos=154963780
zil-app                 | 2026-05-04T14:43:24.343Z  INFO 1 --- [   scheduling-1] r.observability.ObservabilityService     : LAB9 Observability window=10s category=web.CarController.getCars count=471 sumNanos=72033797010 avgNanos=152937997
zil-app                 | 2026-05-04T14:43:24.344Z  INFO 1 --- [   scheduling-1] r.observability.ObservabilityService     : LAB9 Observability window=10s category=db.car.findAll count=471 sumNanos=72029889599 avgNanos=152929701
zil-app                 | 2026-05-04T14:43:24.344Z  INFO 1 --- [   scheduling-1] r.observability.ObservabilityService     : LAB9 Observability window=30s category=web.ClientController.getClients count=67 sumNanos=11911818591 avgNanos=177788337
zil-app                 | 2026-05-04T14:43:24.344Z  INFO 1 --- [   scheduling-1] r.observability.ObservabilityService     : LAB9 Observability window=30s category=db.client.findAll count=67 sumNanos=11911554350 avgNanos=177784393
zil-app                 | 2026-05-04T14:43:24.345Z  INFO 1 --- [   scheduling-1] r.observability.ObservabilityService     : LAB9 Observability window=30s category=web.RentController.getRents count=1384 sumNanos=208776356800 avgNanos=150849968
zil-app                 | 2026-05-04T14:43:24.347Z  INFO 1 --- [   scheduling-1] r.observability.ObservabilityService     : LAB9 Observability window=30s category=db.rent.findAll count=1384 sumNanos=208767220796 avgNanos=150843367
zil-app                 | 2026-05-04T14:43:24.347Z  INFO 1 --- [   scheduling-1] r.observability.ObservabilityService     : LAB9 Observability window=30s category=web.CarController.getCars count=1387 sumNanos=210537425770 avgNanos=151793385
zil-app                 | 2026-05-04T14:43:24.347Z  INFO 1 --- [   scheduling-1] r.observability.ObservabilityService     : LAB9 Observability window=30s category=db.car.findAll count=1387 sumNanos=210527526712 avgNanos=151786248
zil-app                 | 2026-05-04T14:43:24.348Z  INFO 1 --- [   scheduling-1] r.observability.ObservabilityService     : LAB9 Observability window=1m category=web.ClientController.getClients count=130 sumNanos=23439755628 avgNanos=180305812
zil-app                 | 2026-05-04T14:43:24.348Z  INFO 1 --- [   scheduling-1] r.observability.ObservabilityService     : LAB9 Observability window=1m category=db.client.findAll count=130 sumNanos=23439190203 avgNanos=180301463
zil-app                 | 2026-05-04T14:43:24.349Z  INFO 1 --- [   scheduling-1] r.observability.ObservabilityService     : LAB9 Observability window=1m category=web.RentController.getRents count=2754 sumNanos=407802336603 avgNanos=148076374
zil-app                 | 2026-05-04T14:43:24.349Z  INFO 1 --- [   scheduling-1] r.observability.ObservabilityService     : LAB9 Observability window=1m category=db.rent.findAll count=2754 sumNanos=407787799277 avgNanos=148071096
zil-app                 | 2026-05-04T14:43:24.349Z  INFO 1 --- [   scheduling-1] r.observability.ObservabilityService     : LAB9 Observability window=1m category=web.CarController.getCars count=2757 sumNanos=412751632381 avgNanos=149710421
zil-app                 | 2026-05-04T14:43:24.349Z  INFO 1 --- [   scheduling-1] r.observability.ObservabilityService     : LAB9 Observability window=1m category=db.car.findAll count=2757 sumNanos=412727820242 avgNanos=149701784
zil-app                 | 2026-05-04T14:43:29.350Z  INFO 1 --- [   scheduling-1] r.observability.ObservabilityService     : LAB9 Observability window=10s category=web.ClientController.getClients count=20 sumNanos=3498758478 avgNanos=174937923
zil-app                 | 2026-05-04T14:43:29.351Z  INFO 1 --- [   scheduling-1] r.observability.ObservabilityService     : LAB9 Observability window=10s category=db.client.findAll count=20 sumNanos=3498666729 avgNanos=174933336
zil-app                 | 2026-05-04T14:43:29.351Z  INFO 1 --- [   scheduling-1] r.observability.ObservabilityService     : LAB9 Observability window=10s category=web.RentController.getRents count=466 sumNanos=69654476038 avgNanos=149473124
zil-app                 | 2026-05-04T14:43:29.351Z  INFO 1 --- [   scheduling-1] r.observability.ObservabilityService     : LAB9 Observability window=10s category=db.rent.findAll count=466 sumNanos=69652214851 avgNanos=149468272
zil-app                 | 2026-05-04T14:43:29.351Z  INFO 1 --- [   scheduling-1] r.observability.ObservabilityService     : LAB9 Observability window=10s category=web.CarController.getCars count=465 sumNanos=71727390380 avgNanos=154252452
zil-additional-service  | 2026-05-04T14:47:53.029Z  INFO 1 --- [zil-additional-service] [   scheduling-1] r.a.observability.ObservabilityService   : LAB9 Observability window=10s category=http.main.clients count=168 sumNanos=34551700821 avgNanos=205664885
zil-additional-service  | 2026-05-04T14:47:53.029Z  INFO 1 --- [zil-additional-service] [   scheduling-1] r.a.observability.ObservabilityService   : LAB9 Observability window=10s category=http.main.rents count=367 sumNanos=67491519766 avgNanos=183900598
zil-additional-service  | 2026-05-04T14:47:53.029Z  INFO 1 --- [zil-additional-service] [   scheduling-1] r.a.observability.ObservabilityService   : LAB9 Observability window=10s category=http.main.cars count=367 sumNanos=65340066937 avgNanos=178038329
zil-additional-service  | 2026-05-04T14:47:53.029Z  INFO 1 --- [zil-additional-service] [   scheduling-1] r.a.observability.ObservabilityService   : LAB9 Observability window=10s category=web.additional.availability_new count=201 sumNanos=72722165360 avgNanos=361801817
zil-additional-service  | 2026-05-04T14:47:53.029Z  INFO 1 --- [zil-additional-service] [   scheduling-1] r.a.observability.ObservabilityService   : LAB9 Observability window=10s category=additional.statsComputation.availability.allCitiesAllDates count=201 sumNanos=37031457 avgNanos=184236
zil-additional-service  | 2026-05-04T14:47:53.029Z  INFO 1 --- [zil-additional-service] [   scheduling-1] r.a.observability.ObservabilityService   : LAB9 Observability window=30s category=additional.statsComputation.stats count=545 sumNanos=705138 avgNanos=1293
zil-app                 | 2026-05-04T14:43:29.352Z  INFO 1 --- [   scheduling-1] r.observability.ObservabilityService     : LAB9 Observability window=10s category=db.car.findAll count=465 sumNanos=71726526697 avgNanos=154250595
zil-app                 | 2026-05-04T14:43:29.352Z  INFO 1 --- [   scheduling-1] r.observability.ObservabilityService     : LAB9 Observability window=30s category=web.ClientController.getClients count=67 sumNanos=12041328658 avgNanos=179721323
zil-app                 | 2026-05-04T14:43:29.352Z  INFO 1 --- [   scheduling-1] r.observability.ObservabilityService     : LAB9 Observability window=30s category=db.client.findAll count=67 sumNanos=12041052021 avgNanos=179717194
zil-app                 | 2026-05-04T14:43:29.352Z  INFO 1 --- [   scheduling-1] r.observability.ObservabilityService     : LAB9 Observability window=30s category=web.RentController.getRents count=1387 sumNanos=210487595566 avgNanos=151757458
zil-app                 | 2026-05-04T14:43:29.353Z  INFO 1 --- [   scheduling-1] r.observability.ObservabilityService     : LAB9 Observability window=30s category=db.rent.findAll count=1387 sumNanos=210482232738 avgNanos=151753592
zil-additional-service  | 2026-05-04T14:47:53.029Z  INFO 1 --- [zil-additional-service] [   scheduling-1] r.a.observability.ObservabilityService   : LAB9 Observability window=30s category=http.main.clients count=545 sumNanos=110357632971 avgNanos=202491069
zil-additional-service  | 2026-05-04T14:47:53.029Z  INFO 1 --- [zil-additional-service] [   scheduling-1] r.a.observability.ObservabilityService   : LAB9 Observability window=30s category=web.additional.stats count=545 sumNanos=307187291055 avgNanos=563646405
zil-additional-service  | 2026-05-04T14:47:53.029Z  INFO 1 --- [zil-additional-service] [   scheduling-1] r.a.observability.ObservabilityService   : LAB9 Observability window=30s category=http.main.rents count=1084 sumNanos=199304304008 avgNanos=183860059
zil-additional-service  | 2026-05-04T14:47:53.029Z  INFO 1 --- [zil-additional-service] [   scheduling-1] r.a.observability.ObservabilityService   : LAB9 Observability window=30s category=http.main.cars count=1081 sumNanos=193231663625 avgNanos=178752695
zil-additional-service  | 2026-05-04T14:47:53.030Z  INFO 1 --- [zil-additional-service] [   scheduling-1] r.a.observability.ObservabilityService   : LAB9 Observability window=30s category=web.additional.availability_new count=539 sumNanos=196483179548 avgNanos=364532800
zil-additional-service  | 2026-05-04T14:47:53.030Z  INFO 1 --- [zil-additional-service] [   scheduling-1] r.a.observability.ObservabilityService   : LAB9 Observability window=30s category=additional.statsComputation.availability.allCitiesAllDates count=539 sumNanos=93576493 avgNanos=173611
zil-app                 | 2026-05-04T14:43:29.353Z  INFO 1 --- [   scheduling-1] r.observability.ObservabilityService     : LAB9 Observability window=30s category=web.CarController.getCars count=1389 sumNanos=210915667373 avgNanos=151847132
zil-app                 | 2026-05-04T14:43:29.353Z  INFO 1 --- [   scheduling-1] r.observability.ObservabilityService     : LAB9 Observability window=30s category=db.car.findAll count=1389 sumNanos=210907063987 avgNanos=151840938
zil-app                 | 2026-05-04T14:43:29.353Z  INFO 1 --- [   scheduling-1] r.observability.ObservabilityService     : LAB9 Observability window=1m category=web.ClientController.getClients count=134 sumNanos=24055680620 avgNanos=179520004
zil-app                 | 2026-05-04T14:43:29.353Z  INFO 1 --- [   scheduling-1] r.observability.ObservabilityService     : LAB9 Observability window=1m category=db.client.findAll count=134 sumNanos=24055096464 avgNanos=179515645
zil-app                 | 2026-05-04T14:43:29.353Z  INFO 1 --- [   scheduling-1] r.observability.ObservabilityService     : LAB9 Observability window=1m category=web.RentController.getRents count=2761 sumNanos=409861323806 avgNanos=148446694
zil-app                 | 2026-05-04T14:43:29.353Z  INFO 1 --- [   scheduling-1] r.observability.ObservabilityService     : LAB9 Observability window=1m category=db.rent.findAll count=2761 sumNanos=409846172775 avgNanos=148441207
zil-app                 | 2026-05-04T14:43:29.353Z  INFO 1 --- [   scheduling-1] r.observability.ObservabilityService     : LAB9 Observability window=1m category=web.CarController.getCars count=2760 sumNanos=415331777674 avgNanos=150482528
zil-app                 | 2026-05-04T14:43:29.353Z  INFO 1 --- [   scheduling-1] r.observability.ObservabilityService     : LAB9 Observability window=1m category=db.car.findAll count=2760 sumNanos=415308723614 avgNanos=150474175
zil-app                 | 2026-05-04T14:43:34.356Z  INFO 1 --- [   scheduling-1] r.observability.ObservabilityService     : LAB9 Observability window=10s category=web.ClientController.getClients count=31 sumNanos=5480475559 avgNanos=176789534
zil-app                 | 2026-05-04T14:43:34.356Z  INFO 1 --- [   scheduling-1] r.observability.ObservabilityService     : LAB9 Observability window=10s category=db.client.findAll count=31 sumNanos=5480309700 avgNanos=176784183
zil-app                 | 2026-05-04T14:43:34.356Z  INFO 1 --- [   scheduling-1] r.observability.ObservabilityService     : LAB9 Observability window=10s category=web.RentController.getRents count=458 sumNanos=68645028056 avgNanos=149879973
zil-app                 | 2026-05-04T14:43:34.356Z  INFO 1 --- [   scheduling-1] r.observability.ObservabilityService     : LAB9 Observability window=10s category=db.rent.findAll count=458 sumNanos=68642284413 avgNanos=149873983
zil-app                 | 2026-05-04T14:43:34.356Z  INFO 1 --- [   scheduling-1] r.observability.ObservabilityService     : LAB9 Observability window=10s category=web.CarController.getCars count=458 sumNanos=70892590536 avgNanos=154787315
zil-app                 | 2026-05-04T14:43:34.356Z  INFO 1 --- [   scheduling-1] r.observability.ObservabilityService     : LAB9 Observability window=10s category=db.car.findAll count=458 sumNanos=70891674003 avgNanos=154785314
zil-app                 | 2026-05-04T14:43:34.357Z  INFO 1 --- [   scheduling-1] r.observability.ObservabilityService     : LAB9 Observability window=30s category=web.ClientController.getClients count=73 sumNanos=13370656024 avgNanos=183159671
zil-app                 | 2026-05-04T14:43:34.357Z  INFO 1 --- [   scheduling-1] r.observability.ObservabilityService     : LAB9 Observability window=30s category=db.client.findAll count=73 sumNanos=13370330972 avgNanos=183155218
zil-app                 | 2026-05-04T14:43:34.357Z  INFO 1 --- [   scheduling-1] r.observability.ObservabilityService     : LAB9 Observability window=30s category=web.RentController.getRents count=1388 sumNanos=208904235430 avgNanos=150507374
zil-app                 | 2026-05-04T14:43:34.357Z  INFO 1 --- [   scheduling-1] r.observability.ObservabilityService     : LAB9 Observability window=30s category=db.rent.findAll count=1388 sumNanos=208898466359 avgNanos=150503217
zil-app                 | 2026-05-04T14:43:34.357Z  INFO 1 --- [   scheduling-1] r.observability.ObservabilityService     : LAB9 Observability window=30s category=web.CarController.getCars count=1393 sumNanos=211699238664 avgNanos=151973609
zil-app                 | 2026-05-04T14:43:34.357Z  INFO 1 --- [   scheduling-1] r.observability.ObservabilityService     : LAB9 Observability window=30s category=db.car.findAll count=1393 sumNanos=211690642640 avgNanos=151967439
zil-app                 | 2026-05-04T14:43:34.357Z  INFO 1 --- [   scheduling-1] r.observability.ObservabilityService     : LAB9 Observability window=1m category=web.ClientController.getClients count=143 sumNanos=25783906682 avgNanos=180307039
zil-app                 | 2026-05-04T14:43:34.357Z  INFO 1 --- [   scheduling-1] r.observability.ObservabilityService     : LAB9 Observability window=1m category=db.client.findAll count=143 sumNanos=25783262147 avgNanos=180302532
zil-app                 | 2026-05-04T14:43:34.357Z  INFO 1 --- [   scheduling-1] r.observability.ObservabilityService     : LAB9 Observability window=1m category=web.RentController.getRents count=2763 sumNanos=412628802748 avgNanos=149340862
zil-app                 | 2026-05-04T14:43:34.357Z  INFO 1 --- [   scheduling-1] r.observability.ObservabilityService     : LAB9 Observability window=1m category=db.rent.findAll count=2763 sumNanos=412613835370 avgNanos=149335445
zil-app                 | 2026-05-04T14:43:34.357Z  INFO 1 --- [   scheduling-1] r.observability.ObservabilityService     : LAB9 Observability window=1m category=web.CarController.getCars count=2763 sumNanos=417599122427 avgNanos=151139747
zil-app                 | 2026-05-04T14:43:34.357Z  INFO 1 --- [   scheduling-1] r.observability.ObservabilityService     : LAB9 Observability window=1m category=db.car.findAll count=2763 sumNanos=417580839392 avgNanos=151133130
zil-app                 | 2026-05-04T14:43:39.358Z  INFO 1 --- [   scheduling-1] r.observability.ObservabilityService     : LAB9 Observability window=10s category=web.ClientController.getClients count=29 sumNanos=5053670618 avgNanos=174264504
zil-app                 | 2026-05-04T14:43:39.358Z  INFO 1 --- [   scheduling-1] r.observability.ObservabilityService     : LAB9 Observability window=10s category=db.client.findAll count=29 sumNanos=5053536668 avgNanos=174259885
zil-app                 | 2026-05-04T14:43:39.358Z  INFO 1 --- [   scheduling-1] r.observability.ObservabilityService     : LAB9 Observability window=10s category=web.RentController.getRents count=463 sumNanos=69095381347 avgNanos=149234084
zil-app                 | 2026-05-04T14:43:39.358Z  INFO 1 --- [   scheduling-1] r.observability.ObservabilityService     : LAB9 Observability window=10s category=db.rent.findAll count=463 sumNanos=69093889307 avgNanos=149230862
zil-app                 | 2026-05-04T14:43:39.358Z  INFO 1 --- [   scheduling-1] r.observability.ObservabilityService     : LAB9 Observability window=10s category=web.CarController.getCars count=464 sumNanos=70721407326 avgNanos=152416826
zil-app                 | 2026-05-04T14:43:39.358Z  INFO 1 --- [   scheduling-1] r.observability.ObservabilityService     : LAB9 Observability window=10s category=db.car.findAll count=464 sumNanos=70720534653 avgNanos=152414945
zil-app                 | 2026-05-04T14:43:39.358Z  INFO 1 --- [   scheduling-1] r.observability.ObservabilityService     : LAB9 Observability window=30s category=web.ClientController.getClients count=75 sumNanos=13573692162 avgNanos=180982562
zil-app                 | 2026-05-04T14:43:39.359Z  INFO 1 --- [   scheduling-1] r.observability.ObservabilityService     : LAB9 Observability window=30s category=db.client.findAll count=75 sumNanos=13573370898 avgNanos=180978278
zil-app                 | 2026-05-04T14:43:39.359Z  INFO 1 --- [   scheduling-1] r.observability.ObservabilityService     : LAB9 Observability window=30s category=web.RentController.getRents count=1387 sumNanos=210791100537 avgNanos=151976280
zil-app                 | 2026-05-04T14:43:39.359Z  INFO 1 --- [   scheduling-1] r.observability.ObservabilityService     : LAB9 Observability window=30s category=db.rent.findAll count=1387 sumNanos=210786011613 avgNanos=151972611
zil-app                 | 2026-05-04T14:43:39.360Z  INFO 1 --- [   scheduling-1] r.observability.ObservabilityService     : LAB9 Observability window=30s category=web.CarController.getCars count=1388 sumNanos=211750386108 avgNanos=152557915
zil-app                 | 2026-05-04T14:43:39.360Z  INFO 1 --- [   scheduling-1] r.observability.ObservabilityService     : LAB9 Observability window=30s category=db.car.findAll count=1388 sumNanos=211743348767 avgNanos=152552844
zil-app                 | 2026-05-04T14:43:39.361Z  INFO 1 --- [   scheduling-1] r.observability.ObservabilityService     : LAB9 Observability window=1m category=web.ClientController.getClients count=146 sumNanos=26168425974 avgNanos=179235794
zil-app                 | 2026-05-04T14:43:39.361Z  INFO 1 --- [   scheduling-1] r.observability.ObservabilityService     : LAB9 Observability window=1m category=db.client.findAll count=146 sumNanos=26167804166 avgNanos=179231535
zil-app                 | 2026-05-04T14:43:39.361Z  INFO 1 --- [   scheduling-1] r.observability.ObservabilityService     : LAB9 Observability window=1m category=web.RentController.getRents count=2765 sumNanos=414765149069 avgNanos=150005478
zil-app                 | 2026-05-04T14:43:39.361Z  INFO 1 --- [   scheduling-1] r.observability.ObservabilityService     : LAB9 Observability window=1m category=db.rent.findAll count=2765 sumNanos=414750500917 avgNanos=150000181
zil-app                 | 2026-05-04T14:43:39.361Z  INFO 1 --- [   scheduling-1] r.observability.ObservabilityService     : LAB9 Observability window=1m category=web.CarController.getCars count=2763 sumNanos=417580430624 avgNanos=151132982
zil-app                 | 2026-05-04T14:43:39.361Z  INFO 1 --- [   scheduling-1] r.observability.ObservabilityService     : LAB9 Observability window=1m category=db.car.findAll count=2763 sumNanos=417565250289 avgNanos=151127488
zil-app                 | 2026-05-04T14:43:44.366Z  INFO 1 --- [   scheduling-1] r.observability.ObservabilityService     : LAB9 Observability window=10s category=web.ClientController.getClients count=24 sumNanos=4239897570 avgNanos=176662398
zil-app                 | 2026-05-04T14:43:44.375Z  INFO 1 --- [   scheduling-1] r.observability.ObservabilityService     : LAB9 Observability window=10s category=db.client.findAll count=24 sumNanos=4239807168 avgNanos=176658632
zil-app                 | 2026-05-04T14:43:44.378Z  INFO 1 --- [   scheduling-1] r.observability.ObservabilityService     : LAB9 Observability window=10s category=web.RentController.getRents count=461 sumNanos=69937296596 avgNanos=151707801
zil-app                 | 2026-05-04T14:43:44.378Z  INFO 1 --- [   scheduling-1] r.observability.ObservabilityService     : LAB9 Observability window=10s category=db.rent.findAll count=461 sumNanos=69934982084 avgNanos=151702781
zil-app                 | 2026-05-04T14:43:44.378Z  INFO 1 --- [   scheduling-1] r.observability.ObservabilityService     : LAB9 Observability window=10s category=web.CarController.getCars count=459 sumNanos=69694713031 avgNanos=151840333
zil-app                 | 2026-05-04T14:43:44.378Z  INFO 1 --- [   scheduling-1] r.observability.ObservabilityService     : LAB9 Observability window=10s category=db.car.findAll count=459 sumNanos=69693997216 avgNanos=151838773
zil-app                 | 2026-05-04T14:43:44.378Z  INFO 1 --- [   scheduling-1] r.observability.ObservabilityService     : LAB9 Observability window=30s category=web.ClientController.getClients count=74 sumNanos=13253114923 avgNanos=179096147
zil-app                 | 2026-05-04T14:43:44.378Z  INFO 1 --- [   scheduling-1] r.observability.ObservabilityService     : LAB9 Observability window=30s category=web.RentController.getRents count=1387 sumNanos=211266695199 avgNanos=152319174
zil-app                 | 2026-05-04T14:43:44.378Z  INFO 1 --- [   scheduling-1] r.observability.ObservabilityService     : LAB9 Observability window=30s category=db.client.findAll count=74 sumNanos=13252789710 avgNanos=179091752
zil-app                 | 2026-05-04T14:43:44.378Z  INFO 1 --- [   scheduling-1] r.observability.ObservabilityService     : LAB9 Observability window=30s category=db.rent.findAll count=1387 sumNanos=211260273944 avgNanos=152314545
zil-app                 | 2026-05-04T14:43:44.378Z  INFO 1 --- [   scheduling-1] r.observability.ObservabilityService     : LAB9 Observability window=30s category=web.CarController.getCars count=1389 sumNanos=212780380589 avgNanos=153189618
zil-app                 | 2026-05-04T14:43:44.378Z  INFO 1 --- [   scheduling-1] r.observability.ObservabilityService     : LAB9 Observability window=30s category=db.car.findAll count=1389 sumNanos=212774839686 avgNanos=153185629
zil-app                 | 2026-05-04T14:43:44.379Z  INFO 1 --- [   scheduling-1] r.observability.ObservabilityService     : LAB9 Observability window=1m category=web.ClientController.getClients count=150 sumNanos=26987533398 avgNanos=179916889
zil-app                 | 2026-05-04T14:43:44.379Z  INFO 1 --- [   scheduling-1] r.observability.ObservabilityService     : LAB9 Observability window=1m category=db.client.findAll count=150 sumNanos=26986895007 avgNanos=179912633
zil-app                 | 2026-05-04T14:43:44.379Z  INFO 1 --- [   scheduling-1] r.observability.ObservabilityService     : LAB9 Observability window=1m category=web.RentController.getRents count=2763 sumNanos=415739430231 avgNanos=150466677
zil-app                 | 2026-05-04T14:43:44.379Z  INFO 1 --- [   scheduling-1] r.observability.ObservabilityService     : LAB9 Observability window=1m category=db.rent.findAll count=2763 sumNanos=415723653797 avgNanos=150460967
zil-app                 | 2026-05-04T14:43:44.379Z  INFO 1 --- [   scheduling-1] r.observability.ObservabilityService     : LAB9 Observability window=1m category=web.CarController.getCars count=2762 sumNanos=418251565016 avgNanos=151430689
zil-app                 | 2026-05-04T14:43:44.379Z  INFO 1 --- [   scheduling-1] r.observability.ObservabilityService     : LAB9 Observability window=1m category=db.car.findAll count=2762 sumNanos=418237791921 avgNanos=151425703
zil-app                 | 2026-05-04T14:43:49.380Z  INFO 1 --- [   scheduling-1] r.observability.ObservabilityService     : LAB9 Observability window=10s category=web.ClientController.getClients count=19 sumNanos=3489722549 avgNanos=183669607
zil-app                 | 2026-05-04T14:43:49.380Z  INFO 1 --- [   scheduling-1] r.observability.ObservabilityService     : LAB9 Observability window=10s category=db.client.findAll count=19 sumNanos=3489647794 avgNanos=183665673
zil-app                 | 2026-05-04T14:43:49.380Z  INFO 1 --- [   scheduling-1] r.observability.ObservabilityService     : LAB9 Observability window=10s category=web.RentController.getRents count=457 sumNanos=70944409618 avgNanos=155239408
zil-app                 | 2026-05-04T14:43:49.380Z  INFO 1 --- [   scheduling-1] r.observability.ObservabilityService     : LAB9 Observability window=10s category=db.rent.findAll count=457 sumNanos=70942103088 avgNanos=155234361
zil-app                 | 2026-05-04T14:43:49.381Z  INFO 1 --- [   scheduling-1] r.observability.ObservabilityService     : LAB9 Observability window=10s category=web.CarController.getCars count=457 sumNanos=71862254890 avgNanos=157247822
zil-app                 | 2026-05-04T14:43:49.381Z  INFO 1 --- [   scheduling-1] r.observability.ObservabilityService     : LAB9 Observability window=10s category=db.car.findAll count=457 sumNanos=71860997435 avgNanos=157245070
zil-app                 | 2026-05-04T14:43:49.381Z  INFO 1 --- [   scheduling-1] r.observability.ObservabilityService     : LAB9 Observability window=30s category=web.ClientController.getClients count=68 sumNanos=12042151645 avgNanos=177090465
zil-app                 | 2026-05-04T14:43:49.381Z  INFO 1 --- [   scheduling-1] r.observability.ObservabilityService     : LAB9 Observability window=30s category=db.client.findAll count=68 sumNanos=12041851191 avgNanos=177086046
zil-app                 | 2026-05-04T14:43:49.381Z  INFO 1 --- [   scheduling-1] r.observability.ObservabilityService     : LAB9 Observability window=30s category=web.RentController.getRents count=1388 sumNanos=209994306525 avgNanos=151292728
zil-app                 | 2026-05-04T14:43:49.381Z  INFO 1 --- [   scheduling-1] r.observability.ObservabilityService     : LAB9 Observability window=30s category=db.rent.findAll count=1388 sumNanos=209988243748 avgNanos=151288360
zil-app                 | 2026-05-04T14:43:49.381Z  INFO 1 --- [   scheduling-1] r.observability.ObservabilityService     : LAB9 Observability window=30s category=web.CarController.getCars count=1388 sumNanos=214520577647 avgNanos=154553730
zil-app                 | 2026-05-04T14:43:49.381Z  INFO 1 --- [   scheduling-1] r.observability.ObservabilityService     : LAB9 Observability window=30s category=db.car.findAll count=1388 sumNanos=214517581231 avgNanos=154551571
zil-app                 | 2026-05-04T14:43:49.382Z  INFO 1 --- [   scheduling-1] r.observability.ObservabilityService     : LAB9 Observability window=1m category=web.ClientController.getClients count=145 sumNanos=25883053128 avgNanos=178503814
zil-app                 | 2026-05-04T14:43:49.382Z  INFO 1 --- [   scheduling-1] r.observability.ObservabilityService     : LAB9 Observability window=1m category=db.client.findAll count=145 sumNanos=25882445303 avgNanos=178499622
zil-app                 | 2026-05-04T14:43:49.382Z  INFO 1 --- [   scheduling-1] r.observability.ObservabilityService     : LAB9 Observability window=1m category=web.RentController.getRents count=2762 sumNanos=416777734920 avgNanos=150897079
zil-app                 | 2026-05-04T14:43:49.382Z  INFO 1 --- [   scheduling-1] r.observability.ObservabilityService     : LAB9 Observability window=1m category=db.rent.findAll count=2762 sumNanos=416762088117 avgNanos=150891414
zil-app                 | 2026-05-04T14:43:49.382Z  INFO 1 --- [   scheduling-1] r.observability.ObservabilityService     : LAB9 Observability window=1m category=web.CarController.getCars count=2766 sumNanos=421693548392 avgNanos=152456091
zil-app                 | 2026-05-04T14:43:49.382Z  INFO 1 --- [   scheduling-1] r.observability.ObservabilityService     : LAB9 Observability window=1m category=db.car.findAll count=2766 sumNanos=421680586085 avgNanos=152451404
zil-app                 | 2026-05-04T14:43:54.383Z  INFO 1 --- [   scheduling-1] r.observability.ObservabilityService     : LAB9 Observability window=10s category=web.ClientController.getClients count=18 sumNanos=3117934872 avgNanos=173218604
zil-app                 | 2026-05-04T14:43:54.384Z  INFO 1 --- [   scheduling-1] r.observability.ObservabilityService     : LAB9 Observability window=10s category=db.client.findAll count=18 sumNanos=3117877332 avgNanos=173215407
zil-app                 | 2026-05-04T14:43:54.384Z  INFO 1 --- [   scheduling-1] r.observability.ObservabilityService     : LAB9 Observability window=10s category=web.RentController.getRents count=465 sumNanos=71849022420 avgNanos=154514026
zil-app                 | 2026-05-04T14:43:54.384Z  INFO 1 --- [   scheduling-1] r.observability.ObservabilityService     : LAB9 Observability window=10s category=db.rent.findAll count=465 sumNanos=71848153654 avgNanos=154512158
zil-app                 | 2026-05-04T14:43:54.384Z  INFO 1 --- [   scheduling-1] r.observability.ObservabilityService     : LAB9 Observability window=10s category=web.CarController.getCars count=466 sumNanos=73523551613 avgNanos=157775861
zil-app                 | 2026-05-04T14:43:54.384Z  INFO 1 --- [   scheduling-1] r.observability.ObservabilityService     : LAB9 Observability window=10s category=db.car.findAll count=466 sumNanos=73522263100 avgNanos=157773096
zil-app                 | 2026-05-04T14:43:54.385Z  INFO 1 --- [   scheduling-1] r.observability.ObservabilityService     : LAB9 Observability window=30s category=web.ClientController.getClients count=73 sumNanos=12838308001 avgNanos=175867232
zil-app                 | 2026-05-04T14:43:54.385Z  INFO 1 --- [   scheduling-1] r.observability.ObservabilityService     : LAB9 Observability window=30s category=db.client.findAll count=73 sumNanos=12837994200 avgNanos=175862934
zil-app                 | 2026-05-04T14:43:54.385Z  INFO 1 --- [   scheduling-1] r.observability.ObservabilityService     : LAB9 Observability window=30s category=web.RentController.getRents count=1387 sumNanos=211056199806 avgNanos=152167411
zil-app                 | 2026-05-04T14:43:54.385Z  INFO 1 --- [   scheduling-1] r.observability.ObservabilityService     : LAB9 Observability window=30s category=db.rent.findAll count=1387 sumNanos=211050269527 avgNanos=152163135
zil-app                 | 2026-05-04T14:43:54.386Z  INFO 1 --- [   scheduling-1] r.observability.ObservabilityService     : LAB9 Observability window=30s category=web.CarController.getCars count=1383 sumNanos=214156990307 avgNanos=154849595
zil-app                 | 2026-05-04T14:43:54.386Z  INFO 1 --- [   scheduling-1] r.observability.ObservabilityService     : LAB9 Observability window=30s category=db.car.findAll count=1383 sumNanos=214154070322 avgNanos=154847483
zil-app                 | 2026-05-04T14:43:54.386Z  INFO 1 --- [   scheduling-1] r.observability.ObservabilityService     : LAB9 Observability window=1m category=web.ClientController.getClients count=140 sumNanos=24750126592 avgNanos=176786618
zil-additional-service  | 2026-05-04T14:47:53.030Z  INFO 1 --- [zil-additional-service] [   scheduling-1] r.a.observability.ObservabilityService   : LAB9 Observability window=1m category=additional.statsComputation.stats count=1073 sumNanos=1522221 avgNanos=1418
zil-additional-service  | 2026-05-04T14:47:53.030Z  INFO 1 --- [zil-additional-service] [   scheduling-1] r.a.observability.ObservabilityService   : LAB9 Observability window=1m category=http.main.clients count=1071 sumNanos=217696640116 avgNanos=203264836
zil-additional-service  | 2026-05-04T14:47:53.030Z  INFO 1 --- [zil-additional-service] [   scheduling-1] r.a.observability.ObservabilityService   : LAB9 Observability window=1m category=web.additional.stats count=1073 sumNanos=605958208610 avgNanos=564732720
zil-additional-service  | 2026-05-04T14:47:53.030Z  INFO 1 --- [zil-additional-service] [   scheduling-1] r.a.observability.ObservabilityService   : LAB9 Observability window=1m category=http.main.rents count=2174 sumNanos=398537923680 avgNanos=183320112
zil-additional-service  | 2026-05-04T14:47:53.030Z  INFO 1 --- [zil-additional-service] [   scheduling-1] r.a.observability.ObservabilityService   : LAB9 Observability window=1m category=http.main.cars count=2170 sumNanos=387521116926 avgNanos=178581159
zil-additional-service  | 2026-05-04T14:47:53.030Z  INFO 1 --- [zil-additional-service] [   scheduling-1] r.a.observability.ObservabilityService   : LAB9 Observability window=1m category=web.additional.availability_new count=1101 sumNanos=399767638989 avgNanos=363095039
zil-additional-service  | 2026-05-04T14:47:53.030Z  INFO 1 --- [zil-additional-service] [   scheduling-1] r.a.observability.ObservabilityService   : LAB9 Observability window=1m category=additional.statsComputation.availability.allCitiesAllDates count=1101 sumNanos=189602912 avgNanos=172209
zil-additional-service  | 2026-05-04T14:47:58.032Z  INFO 1 --- [zil-additional-service] [   scheduling-1] r.a.observability.ObservabilityService   : LAB9 Observability window=10s category=additional.statsComputation.stats count=170 sumNanos=217910 avgNanos=1281
zil-additional-service  | 2026-05-04T14:47:58.037Z  INFO 1 --- [zil-additional-service] [   scheduling-1] r.a.observability.ObservabilityService   : LAB9 Observability window=10s category=web.additional.stats count=170 sumNanos=94283745980 avgNanos=554610270
zil-additional-service  | 2026-05-04T14:47:58.037Z  INFO 1 --- [zil-additional-service] [   scheduling-1] r.a.observability.ObservabilityService   : LAB9 Observability window=10s category=http.main.clients count=173 sumNanos=34068392634 avgNanos=196927125
zil-additional-service  | 2026-05-04T14:47:58.038Z  INFO 1 --- [zil-additional-service] [   scheduling-1] r.a.observability.ObservabilityService   : LAB9 Observability window=10s category=http.main.rents count=371 sumNanos=67113772850 avgNanos=180899657
zil-additional-service  | 2026-05-04T14:47:58.038Z  INFO 1 --- [zil-additional-service] [   scheduling-1] r.a.observability.ObservabilityService   : LAB9 Observability window=10s category=http.main.cars count=371 sumNanos=65175527272 avgNanos=175675275
zil-additional-service  | 2026-05-04T14:47:58.038Z  INFO 1 --- [zil-additional-service] [   scheduling-1] r.a.observability.ObservabilityService   : LAB9 Observability window=10s category=web.additional.availability_new count=201 sumNanos=71663630595 avgNanos=356535475
zil-additional-service  | 2026-05-04T14:47:58.038Z  INFO 1 --- [zil-additional-service] [   scheduling-1] r.a.observability.ObservabilityService   : LAB9 Observability window=10s category=additional.statsComputation.availability.allCitiesAllDates count=201 sumNanos=36946792 avgNanos=183814
zil-additional-service  | 2026-05-04T14:47:58.038Z  INFO 1 --- [zil-additional-service] [   scheduling-1] r.a.observability.ObservabilityService   : LAB9 Observability window=30s category=additional.statsComputation.stats count=535 sumNanos=698975 avgNanos=1306
zil-additional-service  | 2026-05-04T14:47:58.039Z  INFO 1 --- [zil-additional-service] [   scheduling-1] r.a.observability.ObservabilityService   : LAB9 Observability window=30s category=http.main.clients count=532 sumNanos=107531306693 avgNanos=202126516
zil-additional-service  | 2026-05-04T14:47:58.039Z  INFO 1 --- [zil-additional-service] [   scheduling-1] r.a.observability.ObservabilityService   : LAB9 Observability window=30s category=web.additional.stats count=535 sumNanos=302395706732 avgNanos=565225620
zil-additional-service  | 2026-05-04T14:47:58.039Z  INFO 1 --- [zil-additional-service] [   scheduling-1] r.a.observability.ObservabilityService   : LAB9 Observability window=30s category=http.main.rents count=1089 sumNanos=199954474163 avgNanos=183612923
zil-additional-service  | 2026-05-04T14:47:58.039Z  INFO 1 --- [zil-additional-service] [   scheduling-1] r.a.observability.ObservabilityService   : LAB9 Observability window=30s category=http.main.cars count=1089 sumNanos=194885434919 avgNanos=178958158
zil-additional-service  | 2026-05-04T14:47:58.039Z  INFO 1 --- [zil-additional-service] [   scheduling-1] r.a.observability.ObservabilityService   : LAB9 Observability window=30s category=web.additional.availability_new count=554 sumNanos=201020742838 avgNanos=362853326
zil-additional-service  | 2026-05-04T14:47:58.039Z  INFO 1 --- [zil-additional-service] [   scheduling-1] r.a.observability.ObservabilityService   : LAB9 Observability window=30s category=additional.statsComputation.availability.allCitiesAllDates count=554 sumNanos=95513557 avgNanos=172407
zil-additional-service  | 2026-05-04T14:47:58.040Z  INFO 1 --- [zil-additional-service] [   scheduling-1] r.a.observability.ObservabilityService   : LAB9 Observability window=1m category=additional.statsComputation.stats count=1068 sumNanos=1513247 avgNanos=1416
zil-additional-service  | 2026-05-04T14:47:58.040Z  INFO 1 --- [zil-additional-service] [   scheduling-1] r.a.observability.ObservabilityService   : LAB9 Observability window=1m category=http.main.clients count=1068 sumNanos=216037429353 avgNanos=202282237
zil-additional-service  | 2026-05-04T14:47:58.040Z  INFO 1 --- [zil-additional-service] [   scheduling-1] r.a.observability.ObservabilityService   : LAB9 Observability window=1m category=web.additional.stats count=1068 sumNanos=602518234899 avgNanos=564155650
zil-additional-service  | 2026-05-04T14:47:58.040Z  INFO 1 --- [zil-additional-service] [   scheduling-1] r.a.observability.ObservabilityService   : LAB9 Observability window=1m category=http.main.rents count=2175 sumNanos=397610846926 avgNanos=182809584
zil-additional-service  | 2026-05-04T14:47:58.041Z  INFO 1 --- [zil-additional-service] [   scheduling-1] r.a.observability.ObservabilityService   : LAB9 Observability window=1m category=http.main.cars count=2177 sumNanos=389375804858 avgNanos=178858890
zil-additional-service  | 2026-05-04T14:47:58.041Z  INFO 1 --- [zil-additional-service] [   scheduling-1] r.a.observability.ObservabilityService   : LAB9 Observability window=1m category=web.additional.availability_new count=1107 sumNanos=401207404380 avgNanos=362427646
zil-additional-service  | 2026-05-04T14:47:58.041Z  INFO 1 --- [zil-additional-service] [   scheduling-1] r.a.observability.ObservabilityService   : LAB9 Observability window=1m category=additional.statsComputation.availability.allCitiesAllDates count=1107 sumNanos=193670872 avgNanos=174951
zil-additional-service  | 2026-05-04T14:48:03.042Z  INFO 1 --- [zil-additional-service] [   scheduling-1] r.a.observability.ObservabilityService   : LAB9 Observability window=10s category=additional.statsComputation.stats count=175 sumNanos=214311 avgNanos=1224
zil-additional-service  | 2026-05-04T14:48:03.043Z  INFO 1 --- [zil-additional-service] [   scheduling-1] r.a.observability.ObservabilityService   : LAB9 Observability window=10s category=http.main.clients count=173 sumNanos=34653417014 avgNanos=200308768
zil-additional-service  | 2026-05-04T14:48:03.044Z  INFO 1 --- [zil-additional-service] [   scheduling-1] r.a.observability.ObservabilityService   : LAB9 Observability window=10s category=web.additional.stats count=175 sumNanos=99304802429 avgNanos=567456013
zil-additional-service  | 2026-05-04T14:48:03.044Z  INFO 1 --- [zil-additional-service] [   scheduling-1] r.a.observability.ObservabilityService   : LAB9 Observability window=10s category=http.main.rents count=366 sumNanos=66698436902 avgNanos=182236166
zil-additional-service  | 2026-05-04T14:48:03.044Z  INFO 1 --- [zil-additional-service] [   scheduling-1] r.a.observability.ObservabilityService   : LAB9 Observability window=10s category=http.main.cars count=364 sumNanos=66411543256 avgNanos=182449294
zil-additional-service  | 2026-05-04T14:48:03.044Z  INFO 1 --- [zil-additional-service] [   scheduling-1] r.a.observability.ObservabilityService   : LAB9 Observability window=10s category=web.additional.availability_new count=191 sumNanos=69273214472 avgNanos=362686986
zil-additional-service  | 2026-05-04T14:48:03.044Z  INFO 1 --- [zil-additional-service] [   scheduling-1] r.a.observability.ObservabilityService   : LAB9 Observability window=10s category=additional.statsComputation.availability.allCitiesAllDates count=191 sumNanos=25863648 avgNanos=135411
zil-additional-service  | 2026-05-04T14:48:03.044Z  INFO 1 --- [zil-additional-service] [   scheduling-1] r.a.observability.ObservabilityService   : LAB9 Observability window=30s category=additional.statsComputation.stats count=523 sumNanos=686844 avgNanos=1313
zil-additional-service  | 2026-05-04T14:48:03.044Z  INFO 1 --- [zil-additional-service] [   scheduling-1] r.a.observability.ObservabilityService   : LAB9 Observability window=30s category=http.main.clients count=521 sumNanos=104686320988 avgNanos=200933437
zil-additional-service  | 2026-05-04T14:48:03.044Z  INFO 1 --- [zil-additional-service] [   scheduling-1] r.a.observability.ObservabilityService   : LAB9 Observability window=30s category=web.additional.stats count=523 sumNanos=294533700367 avgNanos=563161950
zil-additional-service  | 2026-05-04T14:48:03.044Z  INFO 1 --- [zil-additional-service] [   scheduling-1] r.a.observability.ObservabilityService   : LAB9 Observability window=30s category=http.main.rents count=1100 sumNanos=201562576785 avgNanos=183238706
zil-additional-service  | 2026-05-04T14:48:03.044Z  INFO 1 --- [zil-additional-service] [   scheduling-1] r.a.observability.ObservabilityService   : LAB9 Observability window=30s category=http.main.cars count=1098 sumNanos=196371286627 avgNanos=178844523
zil-additional-service  | 2026-05-04T14:48:03.044Z  INFO 1 --- [zil-additional-service] [   scheduling-1] r.a.observability.ObservabilityService   : LAB9 Observability window=30s category=web.additional.availability_new count=577 sumNanos=209176882927 avgNanos=362524927
zil-additional-service  | 2026-05-04T14:48:03.044Z  INFO 1 --- [zil-additional-service] [   scheduling-1] r.a.observability.ObservabilityService   : LAB9 Observability window=30s category=additional.statsComputation.availability.allCitiesAllDates count=577 sumNanos=95176146 avgNanos=164949
zil-additional-service  | 2026-05-04T14:48:03.045Z  INFO 1 --- [zil-additional-service] [   scheduling-1] r.a.observability.ObservabilityService   : LAB9 Observability window=1m category=additional.statsComputation.stats count=1070 sumNanos=1498535 avgNanos=1400
zil-additional-service  | 2026-05-04T14:48:03.045Z  INFO 1 --- [zil-additional-service] [   scheduling-1] r.a.observability.ObservabilityService   : LAB9 Observability window=1m category=http.main.clients count=1070 sumNanos=215817172373 avgNanos=201698291
zil-additional-service  | 2026-05-04T14:48:03.045Z  INFO 1 --- [zil-additional-service] [   scheduling-1] r.a.observability.ObservabilityService   : LAB9 Observability window=1m category=web.additional.stats count=1070 sumNanos=601738469935 avgNanos=562372401
zil-additional-service  | 2026-05-04T14:48:03.045Z  INFO 1 --- [zil-additional-service] [   scheduling-1] r.a.observability.ObservabilityService   : LAB9 Observability window=1m category=http.main.rents count=2179 sumNanos=397765940589 avgNanos=182545176
zil-additional-service  | 2026-05-04T14:48:03.045Z  INFO 1 --- [zil-additional-service] [   scheduling-1] r.a.observability.ObservabilityService   : LAB9 Observability window=1m category=http.main.cars count=2177 sumNanos=389947286263 avgNanos=179121399
zil-additional-service  | 2026-05-04T14:48:03.045Z  INFO 1 --- [zil-additional-service] [   scheduling-1] r.a.observability.ObservabilityService   : LAB9 Observability window=1m category=web.additional.availability_new count=1109 sumNanos=402563178555 avgNanos=362996554
zil-additional-service  | 2026-05-04T14:48:03.045Z  INFO 1 --- [zil-additional-service] [   scheduling-1] r.a.observability.ObservabilityService   : LAB9 Observability window=1m category=additional.statsComputation.availability.allCitiesAllDates count=1109 sumNanos=189725479 avgNanos=171077
zil-additional-service  | 2026-05-04T14:48:08.045Z  INFO 1 --- [zil-additional-service] [   scheduling-1] r.a.observability.ObservabilityService   : LAB9 Observability window=10s category=additional.statsComputation.stats count=183 sumNanos=230748 avgNanos=1260
zil-additional-service  | 2026-05-04T14:48:08.046Z  INFO 1 --- [zil-additional-service] [   scheduling-1] r.a.observability.ObservabilityService   : LAB9 Observability window=10s category=web.additional.stats count=183 sumNanos=104364574074 avgNanos=570298218
zil-additional-service  | 2026-05-04T14:48:08.046Z  INFO 1 --- [zil-additional-service] [   scheduling-1] r.a.observability.ObservabilityService   : LAB9 Observability window=10s category=http.main.clients count=187 sumNanos=38253290090 avgNanos=204563048
zil-additional-service  | 2026-05-04T14:48:08.046Z  INFO 1 --- [zil-additional-service] [   scheduling-1] r.a.observability.ObservabilityService   : LAB9 Observability window=10s category=http.main.rents count=355 sumNanos=66124297811 avgNanos=186265627
zil-additional-service  | 2026-05-04T14:48:08.046Z  INFO 1 --- [zil-additional-service] [   scheduling-1] r.a.observability.ObservabilityService   : LAB9 Observability window=10s category=http.main.cars count=354 sumNanos=64367327967 avgNanos=181828610
zil-additional-service  | 2026-05-04T14:48:08.047Z  INFO 1 --- [zil-additional-service] [   scheduling-1] r.a.observability.ObservabilityService   : LAB9 Observability window=10s category=web.additional.availability_new count=172 sumNanos=63464710516 avgNanos=368980875
zil-additional-service  | 2026-05-04T14:48:08.047Z  INFO 1 --- [zil-additional-service] [   scheduling-1] r.a.observability.ObservabilityService   : LAB9 Observability window=10s category=additional.statsComputation.availability.allCitiesAllDates count=172 sumNanos=25411535 avgNanos=147741
zil-additional-service  | 2026-05-04T14:48:08.047Z  INFO 1 --- [zil-additional-service] [   scheduling-1] r.a.observability.ObservabilityService   : LAB9 Observability window=30s category=additional.statsComputation.stats count=516 sumNanos=660365 avgNanos=1279
zil-additional-service  | 2026-05-04T14:48:08.047Z  INFO 1 --- [zil-additional-service] [   scheduling-1] r.a.observability.ObservabilityService   : LAB9 Observability window=30s category=http.main.clients count=518 sumNanos=104452965685 avgNanos=201646651
zil-additional-service  | 2026-05-04T14:48:08.047Z  INFO 1 --- [zil-additional-service] [   scheduling-1] r.a.observability.ObservabilityService   : LAB9 Observability window=30s category=web.additional.stats count=516 sumNanos=290403311604 avgNanos=562797115
zil-additional-service  | 2026-05-04T14:48:08.048Z  INFO 1 --- [zil-additional-service] [   scheduling-1] r.a.observability.ObservabilityService   : LAB9 Observability window=30s category=http.main.rents count=1100 sumNanos=201390402180 avgNanos=183082183
zil-additional-service  | 2026-05-04T14:48:08.050Z  INFO 1 --- [zil-additional-service] [   scheduling-1] r.a.observability.ObservabilityService   : LAB9 Observability window=30s category=http.main.cars count=1101 sumNanos=195455542956 avgNanos=177525470
zil-additional-service  | 2026-05-04T14:48:08.050Z  INFO 1 --- [zil-additional-service] [   scheduling-1] r.a.observability.ObservabilityService   : LAB9 Observability window=30s category=web.additional.availability_new count=584 sumNanos=210545472399 avgNanos=360523069
zil-additional-service  | 2026-05-04T14:48:08.050Z  INFO 1 --- [zil-additional-service] [   scheduling-1] r.a.observability.ObservabilityService   : LAB9 Observability window=30s category=additional.statsComputation.availability.allCitiesAllDates count=584 sumNanos=93653055 avgNanos=160364
zil-additional-service  | 2026-05-04T14:48:08.050Z  INFO 1 --- [zil-additional-service] [   scheduling-1] r.a.observability.ObservabilityService   : LAB9 Observability window=1m category=additional.statsComputation.stats count=1086 sumNanos=1466326 avgNanos=1350
zil-additional-service  | 2026-05-04T14:48:08.050Z  INFO 1 --- [zil-additional-service] [   scheduling-1] r.a.observability.ObservabilityService   : LAB9 Observability window=1m category=http.main.clients count=1090 sumNanos=220199747375 avgNanos=202018116
zil-additional-service  | 2026-05-04T14:48:08.050Z  INFO 1 --- [zil-additional-service] [   scheduling-1] r.a.observability.ObservabilityService   : LAB9 Observability window=1m category=web.additional.stats count=1086 sumNanos=611887177830 avgNanos=563432023
zil-additional-service  | 2026-05-04T14:48:08.050Z  INFO 1 --- [zil-additional-service] [   scheduling-1] r.a.observability.ObservabilityService   : LAB9 Observability window=1m category=http.main.rents count=2166 sumNanos=396855601731 avgNanos=183220499
zil-additional-service  | 2026-05-04T14:48:08.050Z  INFO 1 --- [zil-additional-service] [   scheduling-1] r.a.observability.ObservabilityService   : LAB9 Observability window=1m category=http.main.cars count=2165 sumNanos=387401848757 avgNanos=178938498
zil-additional-service  | 2026-05-04T14:48:08.050Z  INFO 1 --- [zil-additional-service] [   scheduling-1] r.a.observability.ObservabilityService   : LAB9 Observability window=1m category=web.additional.availability_new count=1080 sumNanos=392738066432 avgNanos=363646357
zil-additional-service  | 2026-05-04T14:48:08.050Z  INFO 1 --- [zil-additional-service] [   scheduling-1] r.a.observability.ObservabilityService   : LAB9 Observability window=1m category=additional.statsComputation.availability.allCitiesAllDates count=1080 sumNanos=178139023 avgNanos=164943
zil-additional-service  | 2026-05-04T14:48:13.055Z  INFO 1 --- [zil-additional-service] [   scheduling-1] r.a.observability.ObservabilityService   : LAB9 Observability window=10s category=additional.statsComputation.stats count=191 sumNanos=223977 avgNanos=1172
zil-app                 | 2026-05-04T14:43:54.386Z  INFO 1 --- [   scheduling-1] r.observability.ObservabilityService     : LAB9 Observability window=1m category=db.client.findAll count=140 sumNanos=24749548550 avgNanos=176782489
zil-app                 | 2026-05-04T14:43:54.386Z  INFO 1 --- [   scheduling-1] r.observability.ObservabilityService     : LAB9 Observability window=1m category=web.RentController.getRents count=2769 sumNanos=419586253281 avgNanos=151529885
zil-app                 | 2026-05-04T14:43:54.387Z  INFO 1 --- [   scheduling-1] r.observability.ObservabilityService     : LAB9 Observability window=1m category=db.rent.findAll count=2769 sumNanos=419571190592 avgNanos=151524445
zil-app                 | 2026-05-04T14:43:54.387Z  INFO 1 --- [   scheduling-1] r.observability.ObservabilityService     : LAB9 Observability window=1m category=web.CarController.getCars count=2770 sumNanos=424549930366 avgNanos=153267122
zil-app                 | 2026-05-04T14:43:54.387Z  INFO 1 --- [   scheduling-1] r.observability.ObservabilityService     : LAB9 Observability window=1m category=db.car.findAll count=2770 sumNanos=424537111475 avgNanos=153262495
zil-app                 | 2026-05-04T14:43:59.388Z  INFO 1 --- [   scheduling-1] r.observability.ObservabilityService     : LAB9 Observability window=10s category=web.ClientController.getClients count=19 sumNanos=3240945142 avgNanos=170576060
zil-app                 | 2026-05-04T14:43:59.389Z  INFO 1 --- [   scheduling-1] r.observability.ObservabilityService     : LAB9 Observability window=10s category=db.client.findAll count=19 sumNanos=3240883554 avgNanos=170572818
zil-app                 | 2026-05-04T14:43:59.389Z  INFO 1 --- [   scheduling-1] r.observability.ObservabilityService     : LAB9 Observability window=10s category=web.RentController.getRents count=463 sumNanos=71179397121 avgNanos=153735198
zil-app                 | 2026-05-04T14:43:59.389Z  INFO 1 --- [   scheduling-1] r.observability.ObservabilityService     : LAB9 Observability window=10s category=db.rent.findAll count=463 sumNanos=71178045424 avgNanos=153732279
zil-app                 | 2026-05-04T14:43:59.389Z  INFO 1 --- [   scheduling-1] r.observability.ObservabilityService     : LAB9 Observability window=10s category=web.CarController.getCars count=467 sumNanos=73307110122 avgNanos=156974539
zil-app                 | 2026-05-04T14:43:59.389Z  INFO 1 --- [   scheduling-1] r.observability.ObservabilityService     : LAB9 Observability window=10s category=db.car.findAll count=467 sumNanos=73306416036 avgNanos=156973053
zil-app                 | 2026-05-04T14:43:59.389Z  INFO 1 --- [   scheduling-1] r.observability.ObservabilityService     : LAB9 Observability window=30s category=web.ClientController.getClients count=67 sumNanos=11784338309 avgNanos=175885646
zil-app                 | 2026-05-04T14:43:59.389Z  INFO 1 --- [   scheduling-1] r.observability.ObservabilityService     : LAB9 Observability window=30s category=db.client.findAll count=67 sumNanos=11784068016 avgNanos=175881612
zil-app                 | 2026-05-04T14:43:59.389Z  INFO 1 --- [   scheduling-1] r.observability.ObservabilityService     : LAB9 Observability window=30s category=web.RentController.getRents count=1384 sumNanos=211341652574 avgNanos=152703506
zil-app                 | 2026-05-04T14:43:59.389Z  INFO 1 --- [   scheduling-1] r.observability.ObservabilityService     : LAB9 Observability window=30s category=db.rent.findAll count=1384 sumNanos=211336501020 avgNanos=152699783
zil-app                 | 2026-05-04T14:43:59.389Z  INFO 1 --- [   scheduling-1] r.observability.ObservabilityService     : LAB9 Observability window=30s category=web.CarController.getCars count=1389 sumNanos=215979603765 avgNanos=155492875
zil-app                 | 2026-05-04T14:43:59.389Z  INFO 1 --- [   scheduling-1] r.observability.ObservabilityService     : LAB9 Observability window=30s category=db.car.findAll count=1389 sumNanos=215976778892 avgNanos=155490841
zil-app                 | 2026-05-04T14:43:59.391Z  INFO 1 --- [   scheduling-1] r.observability.ObservabilityService     : LAB9 Observability window=1m category=web.ClientController.getClients count=134 sumNanos=23825666967 avgNanos=177803484
zil-additional-service  | 2026-05-04T14:48:13.055Z  INFO 1 --- [zil-additional-service] [   scheduling-1] r.a.observability.ObservabilityService   : LAB9 Observability window=10s category=web.additional.stats count=191 sumNanos=108600845386 avgNanos=568590813
zil-app                 | 2026-05-04T14:43:59.391Z  INFO 1 --- [   scheduling-1] r.observability.ObservabilityService     : LAB9 Observability window=1m category=db.client.findAll count=134 sumNanos=23825120037 avgNanos=177799403
zil-app                 | 2026-05-04T14:43:59.392Z  INFO 1 --- [   scheduling-1] r.observability.ObservabilityService     : LAB9 Observability window=1m category=web.RentController.getRents count=2772 sumNanos=421956050067 avgNanos=152220797
zil-app                 | 2026-05-04T14:43:59.392Z  INFO 1 --- [   scheduling-1] r.observability.ObservabilityService     : LAB9 Observability window=1m category=db.rent.findAll count=2772 sumNanos=421945534661 avgNanos=152217003
zil-app                 | 2026-05-04T14:43:59.392Z  INFO 1 --- [   scheduling-1] r.observability.ObservabilityService     : LAB9 Observability window=1m category=web.CarController.getCars count=2777 sumNanos=426471030650 avgNanos=153572571
zil-app                 | 2026-05-04T14:43:59.392Z  INFO 1 --- [   scheduling-1] r.observability.ObservabilityService     : LAB9 Observability window=1m category=db.car.findAll count=2777 sumNanos=426459605685 avgNanos=153568457
zil-app                 | 2026-05-04T14:44:04.396Z  INFO 1 --- [   scheduling-1] r.observability.ObservabilityService     : LAB9 Observability window=10s category=web.ClientController.getClients count=21 sumNanos=3748832811 avgNanos=178515848
zil-app                 | 2026-05-04T14:44:04.396Z  INFO 1 --- [   scheduling-1] r.observability.ObservabilityService     : LAB9 Observability window=10s category=db.client.findAll count=21 sumNanos=3748742932 avgNanos=178511568
zil-additional-service  | 2026-05-04T14:48:13.055Z  INFO 1 --- [zil-additional-service] [   scheduling-1] r.a.observability.ObservabilityService   : LAB9 Observability window=10s category=http.main.clients count=192 sumNanos=39342231929 avgNanos=204907457
zil-app                 | 2026-05-04T14:44:04.396Z  INFO 1 --- [   scheduling-1] r.observability.ObservabilityService     : LAB9 Observability window=10s category=web.RentController.getRents count=461 sumNanos=72416772138 avgNanos=157086273
zil-app                 | 2026-05-04T14:44:04.396Z  INFO 1 --- [   scheduling-1] r.observability.ObservabilityService     : LAB9 Observability window=10s category=db.rent.findAll count=461 sumNanos=72415351558 avgNanos=157083192
zil-app                 | 2026-05-04T14:44:04.396Z  INFO 1 --- [   scheduling-1] r.observability.ObservabilityService     : LAB9 Observability window=10s category=web.CarController.getCars count=462 sumNanos=71808072781 avgNanos=155428728
zil-app                 | 2026-05-04T14:44:04.396Z  INFO 1 --- [   scheduling-1] r.observability.ObservabilityService     : LAB9 Observability window=10s category=db.car.findAll count=462 sumNanos=71806678283 avgNanos=155425710
zil-app                 | 2026-05-04T14:44:04.397Z  INFO 1 --- [   scheduling-1] r.observability.ObservabilityService     : LAB9 Observability window=30s category=web.ClientController.getClients count=63 sumNanos=11106665253 avgNanos=176296273
zil-app                 | 2026-05-04T14:44:04.397Z  INFO 1 --- [   scheduling-1] r.observability.ObservabilityService     : LAB9 Observability window=30s category=web.RentController.getRents count=1388 sumNanos=214450532947 avgNanos=154503265
zil-app                 | 2026-05-04T14:44:04.397Z  INFO 1 --- [   scheduling-1] r.observability.ObservabilityService     : LAB9 Observability window=30s category=db.client.findAll count=63 sumNanos=11106427432 avgNanos=176292498
zil-app                 | 2026-05-04T14:44:04.397Z  INFO 1 --- [   scheduling-1] r.observability.ObservabilityService     : LAB9 Observability window=30s category=db.rent.findAll count=1388 sumNanos=214445927957 avgNanos=154499948
zil-app                 | 2026-05-04T14:44:04.397Z  INFO 1 --- [   scheduling-1] r.observability.ObservabilityService     : LAB9 Observability window=30s category=web.CarController.getCars count=1385 sumNanos=214749796054 avgNanos=155054004
zil-app                 | 2026-05-04T14:44:04.397Z  INFO 1 --- [   scheduling-1] r.observability.ObservabilityService     : LAB9 Observability window=30s category=db.car.findAll count=1385 sumNanos=214746400220 avgNanos=155051552
zil-app                 | 2026-05-04T14:44:04.397Z  INFO 1 --- [   scheduling-1] r.observability.ObservabilityService     : LAB9 Observability window=1m category=web.ClientController.getClients count=136 sumNanos=24477321277 avgNanos=179980303
zil-app                 | 2026-05-04T14:44:04.402Z  INFO 1 --- [   scheduling-1] r.observability.ObservabilityService     : LAB9 Observability window=1m category=db.client.findAll count=136 sumNanos=24476758404 avgNanos=179976164
zil-app                 | 2026-05-04T14:44:04.402Z  INFO 1 --- [   scheduling-1] r.observability.ObservabilityService     : LAB9 Observability window=1m category=web.RentController.getRents count=2775 sumNanos=423339224133 avgNanos=152554675
zil-app                 | 2026-05-04T14:44:04.402Z  INFO 1 --- [   scheduling-1] r.observability.ObservabilityService     : LAB9 Observability window=1m category=db.rent.findAll count=2775 sumNanos=423328855293 avgNanos=152550938
zil-app                 | 2026-05-04T14:44:04.402Z  INFO 1 --- [   scheduling-1] r.observability.ObservabilityService     : LAB9 Observability window=1m category=web.CarController.getCars count=2777 sumNanos=426268095256 avgNanos=153499494
zil-app                 | 2026-05-04T14:44:04.402Z  INFO 1 --- [   scheduling-1] r.observability.ObservabilityService     : LAB9 Observability window=1m category=db.car.findAll count=2777 sumNanos=426256108169 avgNanos=153495177
zil-app                 | 2026-05-04T14:44:09.403Z  INFO 1 --- [   scheduling-1] r.observability.ObservabilityService     : LAB9 Observability window=10s category=web.ClientController.getClients count=24 sumNanos=4415550075 avgNanos=183981253
zil-app                 | 2026-05-04T14:44:09.406Z  INFO 1 --- [   scheduling-1] r.observability.ObservabilityService     : LAB9 Observability window=10s category=db.client.findAll count=24 sumNanos=4415204887 avgNanos=183966870
zil-app                 | 2026-05-04T14:44:09.407Z  INFO 1 --- [   scheduling-1] r.observability.ObservabilityService     : LAB9 Observability window=10s category=web.RentController.getRents count=464 sumNanos=72022131031 avgNanos=155220109
zil-app                 | 2026-05-04T14:44:09.407Z  INFO 1 --- [   scheduling-1] r.observability.ObservabilityService     : LAB9 Observability window=10s category=db.rent.findAll count=464 sumNanos=72021024584 avgNanos=155217725
zil-app                 | 2026-05-04T14:44:09.408Z  INFO 1 --- [   scheduling-1] r.observability.ObservabilityService     : LAB9 Observability window=10s category=web.CarController.getCars count=465 sumNanos=72373458003 avgNanos=155641845
zil-app                 | 2026-05-04T14:44:09.409Z  INFO 1 --- [   scheduling-1] r.observability.ObservabilityService     : LAB9 Observability window=10s category=db.car.findAll count=465 sumNanos=72371293965 avgNanos=155637191
zil-app                 | 2026-05-04T14:44:09.411Z  INFO 1 --- [   scheduling-1] r.observability.ObservabilityService     : LAB9 Observability window=30s category=web.ClientController.getClients count=62 sumNanos=11146217766 avgNanos=179777705
zil-app                 | 2026-05-04T14:44:09.412Z  INFO 1 --- [   scheduling-1] r.observability.ObservabilityService     : LAB9 Observability window=30s category=db.client.findAll count=62 sumNanos=11145736235 avgNanos=179769939
zil-app                 | 2026-05-04T14:44:09.412Z  INFO 1 --- [   scheduling-1] r.observability.ObservabilityService     : LAB9 Observability window=30s category=web.RentController.getRents count=1385 sumNanos=214458127832 avgNanos=154843413
zil-app                 | 2026-05-04T14:44:09.412Z  INFO 1 --- [   scheduling-1] r.observability.ObservabilityService     : LAB9 Observability window=30s category=db.rent.findAll count=1385 sumNanos=214453362045 avgNanos=154839972
zil-app                 | 2026-05-04T14:44:09.412Z  INFO 1 --- [   scheduling-1] r.observability.ObservabilityService     : LAB9 Observability window=30s category=web.CarController.getCars count=1387 sumNanos=217189257711 avgNanos=156589226
zil-app                 | 2026-05-04T14:44:09.412Z  INFO 1 --- [   scheduling-1] r.observability.ObservabilityService     : LAB9 Observability window=30s category=db.car.findAll count=1387 sumNanos=217185144239 avgNanos=156586261
zil-app                 | 2026-05-04T14:44:09.412Z  INFO 1 --- [   scheduling-1] r.observability.ObservabilityService     : LAB9 Observability window=1m category=web.ClientController.getClients count=137 sumNanos=24719909928 avgNanos=180437298
zil-app                 | 2026-05-04T14:44:09.412Z  INFO 1 --- [   scheduling-1] r.observability.ObservabilityService     : LAB9 Observability window=1m category=db.client.findAll count=137 sumNanos=24719107133 avgNanos=180431438
zil-app                 | 2026-05-04T14:44:09.412Z  INFO 1 --- [   scheduling-1] r.observability.ObservabilityService     : LAB9 Observability window=1m category=web.RentController.getRents count=2773 sumNanos=425382583418 avgNanos=153401580
zil-app                 | 2026-05-04T14:44:09.412Z  INFO 1 --- [   scheduling-1] r.observability.ObservabilityService     : LAB9 Observability window=1m category=db.rent.findAll count=2773 sumNanos=425372727320 avgNanos=153398026
zil-app                 | 2026-05-04T14:44:09.412Z  INFO 1 --- [   scheduling-1] r.observability.ObservabilityService     : LAB9 Observability window=1m category=web.CarController.getCars count=2776 sumNanos=429001509842 avgNanos=154539448
zil-app                 | 2026-05-04T14:44:09.412Z  INFO 1 --- [   scheduling-1] r.observability.ObservabilityService     : LAB9 Observability window=1m category=db.car.findAll count=2776 sumNanos=428990359768 avgNanos=154535432
zil-app                 | 2026-05-04T14:44:14.418Z  INFO 1 --- [   scheduling-1] r.observability.ObservabilityService     : LAB9 Observability window=10s category=web.ClientController.getClients count=23 sumNanos=4464948127 avgNanos=194128179
zil-app                 | 2026-05-04T14:44:14.418Z  INFO 1 --- [   scheduling-1] r.observability.ObservabilityService     : LAB9 Observability window=10s category=db.client.findAll count=23 sumNanos=4464571979 avgNanos=194111825
zil-app                 | 2026-05-04T14:44:14.418Z  INFO 1 --- [   scheduling-1] r.observability.ObservabilityService     : LAB9 Observability window=10s category=web.RentController.getRents count=464 sumNanos=70461310698 avgNanos=151856273
zil-app                 | 2026-05-04T14:44:14.419Z  INFO 1 --- [   scheduling-1] r.observability.ObservabilityService     : LAB9 Observability window=10s category=db.rent.findAll count=464 sumNanos=70460126363 avgNanos=151853720
zil-app                 | 2026-05-04T14:44:14.419Z  INFO 1 --- [   scheduling-1] r.observability.ObservabilityService     : LAB9 Observability window=10s category=web.CarController.getCars count=464 sumNanos=71770205890 avgNanos=154677167
zil-app                 | 2026-05-04T14:44:14.419Z  INFO 1 --- [   scheduling-1] r.observability.ObservabilityService     : LAB9 Observability window=10s category=db.car.findAll count=464 sumNanos=71767312387 avgNanos=154670931
zil-app                 | 2026-05-04T14:44:14.420Z  INFO 1 --- [   scheduling-1] r.observability.ObservabilityService     : LAB9 Observability window=30s category=web.ClientController.getClients count=62 sumNanos=11331715810 avgNanos=182769609
zil-app                 | 2026-05-04T14:44:14.420Z  INFO 1 --- [   scheduling-1] r.observability.ObservabilityService     : LAB9 Observability window=30s category=db.client.findAll count=62 sumNanos=11331192243 avgNanos=182761165
zil-app                 | 2026-05-04T14:44:14.420Z  INFO 1 --- [   scheduling-1] r.observability.ObservabilityService     : LAB9 Observability window=30s category=web.RentController.getRents count=1393 sumNanos=215259546520 avgNanos=154529466
zil-app                 | 2026-05-04T14:44:14.420Z  INFO 1 --- [   scheduling-1] r.observability.ObservabilityService     : LAB9 Observability window=30s category=db.rent.findAll count=1393 sumNanos=215256068789 avgNanos=154526969
zil-app                 | 2026-05-04T14:44:14.420Z  INFO 1 --- [   scheduling-1] r.observability.ObservabilityService     : LAB9 Observability window=30s category=web.CarController.getCars count=1394 sumNanos=217646944532 avgNanos=156131237
zil-app                 | 2026-05-04T14:44:14.420Z  INFO 1 --- [   scheduling-1] r.observability.ObservabilityService     : LAB9 Observability window=30s category=db.car.findAll count=1394 sumNanos=217641365154 avgNanos=156127234
zil-app                 | 2026-05-04T14:44:14.420Z  INFO 1 --- [   scheduling-1] r.observability.ObservabilityService     : LAB9 Observability window=1m category=web.ClientController.getClients count=136 sumNanos=24584830733 avgNanos=180770814
zil-app                 | 2026-05-04T14:44:14.420Z  INFO 1 --- [   scheduling-1] r.observability.ObservabilityService     : LAB9 Observability window=1m category=web.RentController.getRents count=2780 sumNanos=426526241719 avgNanos=153426705
zil-app                 | 2026-05-04T14:44:14.420Z  INFO 1 --- [   scheduling-1] r.observability.ObservabilityService     : LAB9 Observability window=1m category=db.client.findAll count=136 sumNanos=24583981953 avgNanos=180764573
zil-app                 | 2026-05-04T14:44:14.420Z  INFO 1 --- [   scheduling-1] r.observability.ObservabilityService     : LAB9 Observability window=1m category=db.rent.findAll count=2780 sumNanos=426516342733 avgNanos=153423144
zil-app                 | 2026-05-04T14:44:14.420Z  INFO 1 --- [   scheduling-1] r.observability.ObservabilityService     : LAB9 Observability window=1m category=web.CarController.getCars count=2779 sumNanos=429777660258 avgNanos=154651910
zil-app                 | 2026-05-04T14:44:14.420Z  INFO 1 --- [   scheduling-1] r.observability.ObservabilityService     : LAB9 Observability window=1m category=db.car.findAll count=2779 sumNanos=429766548444 avgNanos=154647912
zil-app                 | 2026-05-04T14:44:19.422Z  INFO 1 --- [   scheduling-1] r.observability.ObservabilityService     : LAB9 Observability window=10s category=web.ClientController.getClients count=23 sumNanos=4518484308 avgNanos=196455839
zil-app                 | 2026-05-04T14:44:19.425Z  INFO 1 --- [   scheduling-1] r.observability.ObservabilityService     : LAB9 Observability window=10s category=db.client.findAll count=23 sumNanos=4517303787 avgNanos=196404512
zil-app                 | 2026-05-04T14:44:19.425Z  INFO 1 --- [   scheduling-1] r.observability.ObservabilityService     : LAB9 Observability window=10s category=web.RentController.getRents count=468 sumNanos=71839654785 avgNanos=153503535
zil-app                 | 2026-05-04T14:44:19.425Z  INFO 1 --- [   scheduling-1] r.observability.ObservabilityService     : LAB9 Observability window=10s category=db.rent.findAll count=468 sumNanos=71838336257 avgNanos=153500718
zil-app                 | 2026-05-04T14:44:19.425Z  INFO 1 --- [   scheduling-1] r.observability.ObservabilityService     : LAB9 Observability window=10s category=web.CarController.getCars count=468 sumNanos=72024064625 avgNanos=153897573
zil-app                 | 2026-05-04T14:44:19.427Z  INFO 1 --- [   scheduling-1] r.observability.ObservabilityService     : LAB9 Observability window=10s category=db.car.findAll count=468 sumNanos=72021265059 avgNanos=153891592
zil-app                 | 2026-05-04T14:44:19.429Z  INFO 1 --- [   scheduling-1] r.observability.ObservabilityService     : LAB9 Observability window=30s category=web.ClientController.getClients count=66 sumNanos=12174979525 avgNanos=184469386
zil-app                 | 2026-05-04T14:44:19.429Z  INFO 1 --- [   scheduling-1] r.observability.ObservabilityService     : LAB9 Observability window=30s category=db.client.findAll count=66 sumNanos=12173392228 avgNanos=184445336
zil-app                 | 2026-05-04T14:44:19.430Z  INFO 1 --- [   scheduling-1] r.observability.ObservabilityService     : LAB9 Observability window=30s category=web.RentController.getRents count=1394 sumNanos=215001233704 avgNanos=154233309
zil-app                 | 2026-05-04T14:44:19.430Z  INFO 1 --- [   scheduling-1] r.observability.ObservabilityService     : LAB9 Observability window=30s category=db.rent.findAll count=1394 sumNanos=214997458202 avgNanos=154230601
zil-app                 | 2026-05-04T14:44:19.430Z  INFO 1 --- [   scheduling-1] r.observability.ObservabilityService     : LAB9 Observability window=30s category=web.CarController.getCars count=1398 sumNanos=217403637946 avgNanos=155510470
zil-app                 | 2026-05-04T14:44:19.430Z  INFO 1 --- [   scheduling-1] r.observability.ObservabilityService     : LAB9 Observability window=30s category=db.car.findAll count=1398 sumNanos=217397984000 avgNanos=155506426
zil-app                 | 2026-05-04T14:44:19.431Z  INFO 1 --- [   scheduling-1] r.observability.ObservabilityService     : LAB9 Observability window=1m category=web.ClientController.getClients count=134 sumNanos=24217131170 avgNanos=180724859
zil-app                 | 2026-05-04T14:44:19.431Z  INFO 1 --- [   scheduling-1] r.observability.ObservabilityService     : LAB9 Observability window=1m category=db.client.findAll count=134 sumNanos=24215243419 avgNanos=180710771
zil-app                 | 2026-05-04T14:44:19.431Z  INFO 1 --- [   scheduling-1] r.observability.ObservabilityService     : LAB9 Observability window=1m category=web.RentController.getRents count=2783 sumNanos=425141067299 avgNanos=152763588
zil-app                 | 2026-05-04T14:44:19.431Z  INFO 1 --- [   scheduling-1] r.observability.ObservabilityService     : LAB9 Observability window=1m category=db.rent.findAll count=2783 sumNanos=425131227557 avgNanos=152760053
zil-app                 | 2026-05-04T14:44:19.431Z  INFO 1 --- [   scheduling-1] r.observability.ObservabilityService     : LAB9 Observability window=1m category=web.CarController.getCars count=2785 sumNanos=431835299415 avgNanos=155057558
zil-app                 | 2026-05-04T14:44:19.431Z  INFO 1 --- [   scheduling-1] r.observability.ObservabilityService     : LAB9 Observability window=1m category=db.car.findAll count=2785 sumNanos=431826649445 avgNanos=155054452
zil-app                 | 2026-05-04T14:44:24.432Z  INFO 1 --- [   scheduling-1] r.observability.ObservabilityService     : LAB9 Observability window=10s category=web.ClientController.getClients count=25 sumNanos=4464892840 avgNanos=178595713
zil-app                 | 2026-05-04T14:44:24.434Z  INFO 1 --- [   scheduling-1] r.observability.ObservabilityService     : LAB9 Observability window=10s category=db.client.findAll count=25 sumNanos=4463674992 avgNanos=178546999
zil-app                 | 2026-05-04T14:44:24.434Z  INFO 1 --- [   scheduling-1] r.observability.ObservabilityService     : LAB9 Observability window=10s category=web.RentController.getRents count=466 sumNanos=71280288442 avgNanos=152961992
zil-app                 | 2026-05-04T14:44:24.434Z  INFO 1 --- [   scheduling-1] r.observability.ObservabilityService     : LAB9 Observability window=10s category=db.rent.findAll count=466 sumNanos=71279182583 avgNanos=152959619
zil-app                 | 2026-05-04T14:44:24.435Z  INFO 1 --- [   scheduling-1] r.observability.ObservabilityService     : LAB9 Observability window=10s category=web.CarController.getCars count=469 sumNanos=73367130156 avgNanos=156433113
zil-app                 | 2026-05-04T14:44:24.435Z  INFO 1 --- [   scheduling-1] r.observability.ObservabilityService     : LAB9 Observability window=10s category=db.car.findAll count=469 sumNanos=73365750951 avgNanos=156430172
zil-app                 | 2026-05-04T14:44:24.436Z  INFO 1 --- [   scheduling-1] r.observability.ObservabilityService     : LAB9 Observability window=30s category=web.ClientController.getClients count=69 sumNanos=12678673778 avgNanos=183748895
zil-app                 | 2026-05-04T14:44:24.436Z  INFO 1 --- [   scheduling-1] r.observability.ObservabilityService     : LAB9 Observability window=30s category=db.client.findAll count=69 sumNanos=12676989903 avgNanos=183724491
zil-app                 | 2026-05-04T14:44:24.436Z  INFO 1 --- [   scheduling-1] r.observability.ObservabilityService     : LAB9 Observability window=30s category=web.RentController.getRents count=1392 sumNanos=214497294065 avgNanos=154092883
zil-app                 | 2026-05-04T14:44:24.436Z  INFO 1 --- [   scheduling-1] r.observability.ObservabilityService     : LAB9 Observability window=30s category=db.rent.findAll count=1392 sumNanos=214493582172 avgNanos=154090217
zil-app                 | 2026-05-04T14:44:24.436Z  INFO 1 --- [   scheduling-1] r.observability.ObservabilityService     : LAB9 Observability window=30s category=web.CarController.getCars count=1395 sumNanos=217233645736 avgNanos=155723043
zil-app                 | 2026-05-04T14:44:24.436Z  INFO 1 --- [   scheduling-1] r.observability.ObservabilityService     : LAB9 Observability window=30s category=db.car.findAll count=1395 sumNanos=217227978008 avgNanos=155718980
zil-app                 | 2026-05-04T14:44:24.436Z  INFO 1 --- [   scheduling-1] r.observability.ObservabilityService     : LAB9 Observability window=1m category=web.ClientController.getClients count=142 sumNanos=25516981779 avgNanos=179697054
zil-app                 | 2026-05-04T14:44:24.436Z  INFO 1 --- [   scheduling-1] r.observability.ObservabilityService     : LAB9 Observability window=1m category=db.client.findAll count=142 sumNanos=25514984103 avgNanos=179682986
zil-app                 | 2026-05-04T14:44:24.436Z  INFO 1 --- [   scheduling-1] r.observability.ObservabilityService     : LAB9 Observability window=1m category=web.RentController.getRents count=2777 sumNanos=425225766957 avgNanos=153124150
zil-app                 | 2026-05-04T14:44:24.436Z  INFO 1 --- [   scheduling-1] r.observability.ObservabilityService     : LAB9 Observability window=1m category=db.rent.findAll count=2777 sumNanos=425216128087 avgNanos=153120679
zil-app                 | 2026-05-04T14:44:24.436Z  INFO 1 --- [   scheduling-1] r.observability.ObservabilityService     : LAB9 Observability window=1m category=web.CarController.getCars count=2779 sumNanos=431601718646 avgNanos=155308283
zil-app                 | 2026-05-04T14:44:24.436Z  INFO 1 --- [   scheduling-1] r.observability.ObservabilityService     : LAB9 Observability window=1m category=db.car.findAll count=2779 sumNanos=431593130255 avgNanos=155305192
zil-app                 | 2026-05-04T14:44:29.442Z  INFO 1 --- [   scheduling-1] r.observability.ObservabilityService     : LAB9 Observability window=10s category=web.ClientController.getClients count=25 sumNanos=4455467801 avgNanos=178218712
zil-app                 | 2026-05-04T14:44:29.448Z  INFO 1 --- [   scheduling-1] r.observability.ObservabilityService     : LAB9 Observability window=10s category=db.client.findAll count=25 sumNanos=4455244810 avgNanos=178209792
zil-app                 | 2026-05-04T14:44:29.451Z  INFO 1 --- [   scheduling-1] r.observability.ObservabilityService     : LAB9 Observability window=10s category=web.RentController.getRents count=464 sumNanos=71142926653 avgNanos=153325272
zil-app                 | 2026-05-04T14:44:29.452Z  INFO 1 --- [   scheduling-1] r.observability.ObservabilityService     : LAB9 Observability window=10s category=db.rent.findAll count=464 sumNanos=71142173145 avgNanos=153323649
zil-app                 | 2026-05-04T14:44:29.452Z  INFO 1 --- [   scheduling-1] r.observability.ObservabilityService     : LAB9 Observability window=10s category=web.CarController.getCars count=465 sumNanos=72982657738 avgNanos=156951952
zil-app                 | 2026-05-04T14:44:29.452Z  INFO 1 --- [   scheduling-1] r.observability.ObservabilityService     : LAB9 Observability window=10s category=db.car.findAll count=465 sumNanos=72981887052 avgNanos=156950294
zil-app                 | 2026-05-04T14:44:29.452Z  INFO 1 --- [   scheduling-1] r.observability.ObservabilityService     : LAB9 Observability window=30s category=web.ClientController.getClients count=72 sumNanos=13389502184 avgNanos=185965308
zil-app                 | 2026-05-04T14:44:29.452Z  INFO 1 --- [   scheduling-1] r.observability.ObservabilityService     : LAB9 Observability window=30s category=db.client.findAll count=72 sumNanos=13387753484 avgNanos=185941020
zil-app                 | 2026-05-04T14:44:29.452Z  INFO 1 --- [   scheduling-1] r.observability.ObservabilityService     : LAB9 Observability window=30s category=web.RentController.getRents count=1394 sumNanos=214509787855 avgNanos=153880766
zil-app                 | 2026-05-04T14:44:29.453Z  INFO 1 --- [   scheduling-1] r.observability.ObservabilityService     : LAB9 Observability window=30s category=db.rent.findAll count=1394 sumNanos=214506611553 avgNanos=153878487
zil-additional-service  | 2026-05-04T14:48:13.055Z  INFO 1 --- [zil-additional-service] [   scheduling-1] r.a.observability.ObservabilityService   : LAB9 Observability window=10s category=http.main.rents count=357 sumNanos=65571813467 avgNanos=183674547
zil-additional-service  | 2026-05-04T14:48:13.055Z  INFO 1 --- [zil-additional-service] [   scheduling-1] r.a.observability.ObservabilityService   : LAB9 Observability window=10s category=http.main.cars count=359 sumNanos=63712111951 avgNanos=177471063
zil-additional-service  | 2026-05-04T14:48:13.055Z  INFO 1 --- [zil-additional-service] [   scheduling-1] r.a.observability.ObservabilityService   : LAB9 Observability window=10s category=web.additional.availability_new count=166 sumNanos=59278680102 avgNanos=357100482
zil-additional-service  | 2026-05-04T14:48:13.055Z  INFO 1 --- [zil-additional-service] [   scheduling-1] r.a.observability.ObservabilityService   : LAB9 Observability window=10s category=additional.statsComputation.availability.allCitiesAllDates count=166 sumNanos=25019066 avgNanos=150717
zil-additional-service  | 2026-05-04T14:48:13.055Z  INFO 1 --- [zil-additional-service] [   scheduling-1] r.a.observability.ObservabilityService   : LAB9 Observability window=30s category=additional.statsComputation.stats count=532 sumNanos=658020 avgNanos=1236
zil-additional-service  | 2026-05-04T14:48:13.055Z  INFO 1 --- [zil-additional-service] [   scheduling-1] r.a.observability.ObservabilityService   : LAB9 Observability window=30s category=web.additional.stats count=532 sumNanos=301950449483 avgNanos=567576032
zil-additional-service  | 2026-05-04T14:48:13.055Z  INFO 1 --- [zil-additional-service] [   scheduling-1] r.a.observability.ObservabilityService   : LAB9 Observability window=30s category=http.main.clients count=533 sumNanos=108547349764 avgNanos=203653564
zil-additional-service  | 2026-05-04T14:48:13.055Z  INFO 1 --- [zil-additional-service] [   scheduling-1] r.a.observability.ObservabilityService   : LAB9 Observability window=30s category=http.main.rents count=1089 sumNanos=199651031468 avgNanos=183334280
zil-additional-service  | 2026-05-04T14:48:13.055Z  INFO 1 --- [zil-additional-service] [   scheduling-1] r.a.observability.ObservabilityService   : LAB9 Observability window=30s category=http.main.cars count=1089 sumNanos=195281666061 avgNanos=179322007
zil-additional-service  | 2026-05-04T14:48:13.055Z  INFO 1 --- [zil-additional-service] [   scheduling-1] r.a.observability.ObservabilityService   : LAB9 Observability window=30s category=web.additional.availability_new count=557 sumNanos=200975820261 avgNanos=360818348
zil-additional-service  | 2026-05-04T14:48:13.055Z  INFO 1 --- [zil-additional-service] [   scheduling-1] r.a.observability.ObservabilityService   : LAB9 Observability window=30s category=additional.statsComputation.availability.allCitiesAllDates count=557 sumNanos=87829120 avgNanos=157682
zil-additional-service  | 2026-05-04T14:48:13.056Z  INFO 1 --- [zil-additional-service] [   scheduling-1] r.a.observability.ObservabilityService   : LAB9 Observability window=1m category=additional.statsComputation.stats count=1102 sumNanos=1473070 avgNanos=1336
zil-additional-service  | 2026-05-04T14:48:13.056Z  INFO 1 --- [zil-additional-service] [   scheduling-1] r.a.observability.ObservabilityService   : LAB9 Observability window=1m category=web.additional.stats count=1102 sumNanos=623218345854 avgNanos=565533889
zil-additional-service  | 2026-05-04T14:48:13.056Z  INFO 1 --- [zil-additional-service] [   scheduling-1] r.a.observability.ObservabilityService   : LAB9 Observability window=1m category=http.main.clients count=1101 sumNanos=223183445677 avgNanos=202709759
zil-additional-service  | 2026-05-04T14:48:13.056Z  INFO 1 --- [zil-additional-service] [   scheduling-1] r.a.observability.ObservabilityService   : LAB9 Observability window=1m category=http.main.rents count=2158 sumNanos=396174775742 avgNanos=183584233
zil-additional-service  | 2026-05-04T14:48:13.056Z  INFO 1 --- [zil-additional-service] [   scheduling-1] r.a.observability.ObservabilityService   : LAB9 Observability window=1m category=http.main.cars count=2156 sumNanos=387247530173 avgNanos=179613882
zil-additional-service  | 2026-05-04T14:48:13.058Z  INFO 1 --- [zil-additional-service] [   scheduling-1] r.a.observability.ObservabilityService   : LAB9 Observability window=1m category=web.additional.availability_new count=1056 sumNanos=384039502935 avgNanos=363673771
zil-additional-service  | 2026-05-04T14:48:13.058Z  INFO 1 --- [zil-additional-service] [   scheduling-1] r.a.observability.ObservabilityService   : LAB9 Observability window=1m category=additional.statsComputation.availability.allCitiesAllDates count=1056 sumNanos=168189976 avgNanos=159270
zil-additional-service  | 2026-05-04T14:48:18.059Z  INFO 1 --- [zil-additional-service] [   scheduling-1] r.a.observability.ObservabilityService   : LAB9 Observability window=10s category=additional.statsComputation.stats count=184 sumNanos=205565 avgNanos=1117
zil-additional-service  | 2026-05-04T14:48:18.059Z  INFO 1 --- [zil-additional-service] [   scheduling-1] r.a.observability.ObservabilityService   : LAB9 Observability window=10s category=http.main.clients count=182 sumNanos=38075632365 avgNanos=209206771
zil-additional-service  | 2026-05-04T14:48:18.059Z  INFO 1 --- [zil-additional-service] [   scheduling-1] r.a.observability.ObservabilityService   : LAB9 Observability window=10s category=web.additional.stats count=184 sumNanos=107135709194 avgNanos=582259289
zil-additional-service  | 2026-05-04T14:48:18.059Z  INFO 1 --- [zil-additional-service] [   scheduling-1] r.a.observability.ObservabilityService   : LAB9 Observability window=10s category=http.main.rents count=356 sumNanos=66078932327 avgNanos=185614978
zil-additional-service  | 2026-05-04T14:48:18.059Z  INFO 1 --- [zil-additional-service] [   scheduling-1] r.a.observability.ObservabilityService   : LAB9 Observability window=10s category=http.main.cars count=357 sumNanos=64490635281 avgNanos=180646037
zil-additional-service  | 2026-05-04T14:48:18.059Z  INFO 1 --- [zil-additional-service] [   scheduling-1] r.a.observability.ObservabilityService   : LAB9 Observability window=10s category=web.additional.availability_new count=172 sumNanos=61904705091 avgNanos=359911076
zil-additional-service  | 2026-05-04T14:48:18.059Z  INFO 1 --- [zil-additional-service] [   scheduling-1] r.a.observability.ObservabilityService   : LAB9 Observability window=10s category=additional.statsComputation.availability.allCitiesAllDates count=172 sumNanos=38542884 avgNanos=224086
zil-additional-service  | 2026-05-04T14:48:18.059Z  INFO 1 --- [zil-additional-service] [   scheduling-1] r.a.observability.ObservabilityService   : LAB9 Observability window=30s category=additional.statsComputation.stats count=537 sumNanos=654223 avgNanos=1218
zil-additional-service  | 2026-05-04T14:48:18.059Z  INFO 1 --- [zil-additional-service] [   scheduling-1] r.a.observability.ObservabilityService   : LAB9 Observability window=30s category=web.additional.stats count=537 sumNanos=305784029248 avgNanos=569430222
zil-additional-service  | 2026-05-04T14:48:18.059Z  INFO 1 --- [zil-additional-service] [   scheduling-1] r.a.observability.ObservabilityService   : LAB9 Observability window=30s category=http.main.clients count=542 sumNanos=110397315089 avgNanos=203685083
zil-additional-service  | 2026-05-04T14:48:18.059Z  INFO 1 --- [zil-additional-service] [   scheduling-1] r.a.observability.ObservabilityService   : LAB9 Observability window=30s category=http.main.rents count=1082 sumNanos=199317002988 avgNanos=184211647
zil-additional-service  | 2026-05-04T14:48:18.059Z  INFO 1 --- [zil-additional-service] [   scheduling-1] r.a.observability.ObservabilityService   : LAB9 Observability window=30s category=http.main.cars count=1083 sumNanos=194218980071 avgNanos=179334238
zil-additional-service  | 2026-05-04T14:48:18.059Z  INFO 1 --- [zil-additional-service] [   scheduling-1] r.a.observability.ObservabilityService   : LAB9 Observability window=30s category=web.additional.availability_new count=545 sumNanos=197033046202 avgNanos=361528525
zil-additional-service  | 2026-05-04T14:48:18.059Z  INFO 1 --- [zil-additional-service] [   scheduling-1] r.a.observability.ObservabilityService   : LAB9 Observability window=30s category=additional.statsComputation.availability.allCitiesAllDates count=545 sumNanos=100901211 avgNanos=185139
zil-additional-service  | 2026-05-04T14:48:18.060Z  INFO 1 --- [zil-additional-service] [   scheduling-1] r.a.observability.ObservabilityService   : LAB9 Observability window=1m category=additional.statsComputation.stats count=1095 sumNanos=1401719 avgNanos=1280
zil-additional-service  | 2026-05-04T14:48:18.060Z  INFO 1 --- [zil-additional-service] [   scheduling-1] r.a.observability.ObservabilityService   : LAB9 Observability window=1m category=web.additional.stats count=1095 sumNanos=620840371556 avgNanos=566977508
zil-additional-service  | 2026-05-04T14:48:18.060Z  INFO 1 --- [zil-additional-service] [   scheduling-1] r.a.observability.ObservabilityService   : LAB9 Observability window=1m category=http.main.clients count=1096 sumNanos=222651735494 avgNanos=203149393
zil-additional-service  | 2026-05-04T14:48:18.060Z  INFO 1 --- [zil-additional-service] [   scheduling-1] r.a.observability.ObservabilityService   : LAB9 Observability window=1m category=http.main.rents count=2159 sumNanos=396321153269 avgNanos=183567000
zil-additional-service  | 2026-05-04T14:48:18.060Z  INFO 1 --- [zil-additional-service] [   scheduling-1] r.a.observability.ObservabilityService   : LAB9 Observability window=1m category=http.main.cars count=2159 sumNanos=387642307445 avgNanos=179547154
zil-additional-service  | 2026-05-04T14:48:18.060Z  INFO 1 --- [zil-additional-service] [   scheduling-1] r.a.observability.ObservabilityService   : LAB9 Observability window=1m category=web.additional.availability_new count=1064 sumNanos=386646111656 avgNanos=363389202
zil-additional-service  | 2026-05-04T14:48:18.060Z  INFO 1 --- [zil-additional-service] [   scheduling-1] r.a.observability.ObservabilityService   : LAB9 Observability window=1m category=additional.statsComputation.availability.allCitiesAllDates count=1064 sumNanos=185785916 avgNanos=174610
zil-additional-service  | 2026-05-04T14:48:23.064Z  INFO 1 --- [zil-additional-service] [   scheduling-1] r.a.observability.ObservabilityService   : LAB9 Observability window=10s category=additional.statsComputation.stats count=186 sumNanos=227418 avgNanos=1222
zil-additional-service  | 2026-05-04T14:48:23.064Z  INFO 1 --- [zil-additional-service] [   scheduling-1] r.a.observability.ObservabilityService   : LAB9 Observability window=10s category=http.main.clients count=185 sumNanos=38137880925 avgNanos=206150707
zil-additional-service  | 2026-05-04T14:48:23.064Z  INFO 1 --- [zil-additional-service] [   scheduling-1] r.a.observability.ObservabilityService   : LAB9 Observability window=10s category=web.additional.stats count=186 sumNanos=106177134230 avgNanos=570844807
zil-additional-service  | 2026-05-04T14:48:23.064Z  INFO 1 --- [zil-additional-service] [   scheduling-1] r.a.observability.ObservabilityService   : LAB9 Observability window=10s category=http.main.rents count=355 sumNanos=65808965302 avgNanos=185377367
zil-additional-service  | 2026-05-04T14:48:23.064Z  INFO 1 --- [zil-additional-service] [   scheduling-1] r.a.observability.ObservabilityService   : LAB9 Observability window=10s category=http.main.cars count=353 sumNanos=63219618384 avgNanos=179092403
zil-additional-service  | 2026-05-04T14:48:23.064Z  INFO 1 --- [zil-additional-service] [   scheduling-1] r.a.observability.ObservabilityService   : LAB9 Observability window=10s category=web.additional.availability_new count=169 sumNanos=61848881352 avgNanos=365969712
zil-app                 | 2026-05-04T14:44:29.453Z  INFO 1 --- [   scheduling-1] r.observability.ObservabilityService     : LAB9 Observability window=30s category=web.CarController.getCars count=1397 sumNanos=217099048285 avgNanos=155403756
zil-app                 | 2026-05-04T14:44:29.453Z  INFO 1 --- [   scheduling-1] r.observability.ObservabilityService     : LAB9 Observability window=30s category=db.car.findAll count=1397 sumNanos=217093316791 avgNanos=155399654
zil-app                 | 2026-05-04T14:44:29.453Z  INFO 1 --- [   scheduling-1] r.observability.ObservabilityService     : LAB9 Observability window=1m category=web.ClientController.getClients count=139 sumNanos=25173840493 avgNanos=181106766
zil-app                 | 2026-05-04T14:44:29.453Z  INFO 1 --- [   scheduling-1] r.observability.ObservabilityService     : LAB9 Observability window=1m category=db.client.findAll count=139 sumNanos=25171821500 avgNanos=181092241
zil-app                 | 2026-05-04T14:44:29.453Z  INFO 1 --- [   scheduling-1] r.observability.ObservabilityService     : LAB9 Observability window=1m category=web.RentController.getRents count=2781 sumNanos=426568285881 avgNanos=153386654
zil-app                 | 2026-05-04T14:44:29.453Z  INFO 1 --- [   scheduling-1] r.observability.ObservabilityService     : LAB9 Observability window=1m category=db.rent.findAll count=2781 sumNanos=426559954199 avgNanos=153383658
zil-app                 | 2026-05-04T14:44:29.453Z  INFO 1 --- [   scheduling-1] r.observability.ObservabilityService     : LAB9 Observability window=1m category=web.CarController.getCars count=2786 sumNanos=433229458368 avgNanos=155502318
zil-app                 | 2026-05-04T14:44:29.453Z  INFO 1 --- [   scheduling-1] r.observability.ObservabilityService     : LAB9 Observability window=1m category=db.car.findAll count=2786 sumNanos=433220958106 avgNanos=155499267
zil-app                 | 2026-05-04T14:44:34.454Z  INFO 1 --- [   scheduling-1] r.observability.ObservabilityService     : LAB9 Observability window=10s category=web.ClientController.getClients count=23 sumNanos=4173711219 avgNanos=181465705
zil-app                 | 2026-05-04T14:44:34.454Z  INFO 1 --- [   scheduling-1] r.observability.ObservabilityService     : LAB9 Observability window=10s category=db.client.findAll count=23 sumNanos=4173516606 avgNanos=181457243
zil-app                 | 2026-05-04T14:44:34.454Z  INFO 1 --- [   scheduling-1] r.observability.ObservabilityService     : LAB9 Observability window=10s category=web.RentController.getRents count=460 sumNanos=72620856249 avgNanos=157871426
zil-app                 | 2026-05-04T14:44:34.454Z  INFO 1 --- [   scheduling-1] r.observability.ObservabilityService     : LAB9 Observability window=10s category=db.rent.findAll count=460 sumNanos=72620158636 avgNanos=157869910
zil-app                 | 2026-05-04T14:44:34.454Z  INFO 1 --- [   scheduling-1] r.observability.ObservabilityService     : LAB9 Observability window=10s category=web.CarController.getCars count=460 sumNanos=71868812193 avgNanos=156236548
zil-app                 | 2026-05-04T14:44:34.454Z  INFO 1 --- [   scheduling-1] r.observability.ObservabilityService     : LAB9 Observability window=10s category=db.car.findAll count=460 sumNanos=71867930820 avgNanos=156234632
zil-app                 | 2026-05-04T14:44:34.454Z  INFO 1 --- [   scheduling-1] r.observability.ObservabilityService     : LAB9 Observability window=30s category=web.ClientController.getClients count=71 sumNanos=13103552186 avgNanos=184557073
zil-app                 | 2026-05-04T14:44:34.454Z  INFO 1 --- [   scheduling-1] r.observability.ObservabilityService     : LAB9 Observability window=30s category=db.client.findAll count=71 sumNanos=13101763577 avgNanos=184531881
zil-app                 | 2026-05-04T14:44:34.454Z  INFO 1 --- [   scheduling-1] r.observability.ObservabilityService     : LAB9 Observability window=30s category=web.RentController.getRents count=1392 sumNanos=214784546384 avgNanos=154299243
zil-app                 | 2026-05-04T14:44:34.454Z  INFO 1 --- [   scheduling-1] r.observability.ObservabilityService     : LAB9 Observability window=30s category=db.rent.findAll count=1392 sumNanos=214781556137 avgNanos=154297094
zil-app                 | 2026-05-04T14:44:34.454Z  INFO 1 --- [   scheduling-1] r.observability.ObservabilityService     : LAB9 Observability window=30s category=web.CarController.getCars count=1395 sumNanos=217293593996 avgNanos=155766017
zil-app                 | 2026-05-04T14:44:34.454Z  INFO 1 --- [   scheduling-1] r.observability.ObservabilityService     : LAB9 Observability window=30s category=db.car.findAll count=1395 sumNanos=217288436978 avgNanos=155762320
zil-app                 | 2026-05-04T14:44:34.454Z  INFO 1 --- [   scheduling-1] r.observability.ObservabilityService     : LAB9 Observability window=1m category=web.ClientController.getClients count=133 sumNanos=24021948414 avgNanos=180616153
zil-app                 | 2026-05-04T14:44:34.454Z  INFO 1 --- [   scheduling-1] r.observability.ObservabilityService     : LAB9 Observability window=1m category=db.client.findAll count=133 sumNanos=24019925902 avgNanos=180600946
zil-app                 | 2026-05-04T14:44:34.454Z  INFO 1 --- [   scheduling-1] r.observability.ObservabilityService     : LAB9 Observability window=1m category=web.RentController.getRents count=2780 sumNanos=429216012679 avgNanos=154394249
zil-app                 | 2026-05-04T14:44:34.454Z  INFO 1 --- [   scheduling-1] r.observability.ObservabilityService     : LAB9 Observability window=1m category=db.rent.findAll count=2780 sumNanos=429208417226 avgNanos=154391516
zil-app                 | 2026-05-04T14:44:34.454Z  INFO 1 --- [   scheduling-1] r.observability.ObservabilityService     : LAB9 Observability window=1m category=web.CarController.getCars count=2781 sumNanos=432509327894 avgNanos=155522951
zil-app                 | 2026-05-04T14:44:34.454Z  INFO 1 --- [   scheduling-1] r.observability.ObservabilityService     : LAB9 Observability window=1m category=db.car.findAll count=2781 sumNanos=432500773650 avgNanos=155519875
zil-app                 | 2026-05-04T14:44:39.455Z  INFO 1 --- [   scheduling-1] r.observability.ObservabilityService     : LAB9 Observability window=10s category=web.ClientController.getClients count=24 sumNanos=4473151752 avgNanos=186381323
zil-additional-service  | 2026-05-04T14:48:23.064Z  INFO 1 --- [zil-additional-service] [   scheduling-1] r.a.observability.ObservabilityService   : LAB9 Observability window=10s category=additional.statsComputation.availability.allCitiesAllDates count=169 sumNanos=51495862 avgNanos=304709
zil-additional-service  | 2026-05-04T14:48:23.064Z  INFO 1 --- [zil-additional-service] [   scheduling-1] r.a.observability.ObservabilityService   : LAB9 Observability window=30s category=additional.statsComputation.stats count=551 sumNanos=665017 avgNanos=1206
zil-additional-service  | 2026-05-04T14:48:23.064Z  INFO 1 --- [zil-additional-service] [   scheduling-1] r.a.observability.ObservabilityService   : LAB9 Observability window=30s category=http.main.clients count=551 sumNanos=112329375619 avgNanos=203864565
zil-additional-service  | 2026-05-04T14:48:23.064Z  INFO 1 --- [zil-additional-service] [   scheduling-1] r.a.observability.ObservabilityService   : LAB9 Observability window=30s category=web.additional.stats count=551 sumNanos=313489117834 avgNanos=568945767
zil-additional-service  | 2026-05-04T14:48:23.064Z  INFO 1 --- [zil-additional-service] [   scheduling-1] r.a.observability.ObservabilityService   : LAB9 Observability window=30s category=http.main.rents count=1078 sumNanos=198035099981 avgNanos=183706029
zil-additional-service  | 2026-05-04T14:48:23.064Z  INFO 1 --- [zil-additional-service] [   scheduling-1] r.a.observability.ObservabilityService   : LAB9 Observability window=30s category=http.main.cars count=1075 sumNanos=193150406700 avgNanos=179674796
zil-additional-service  | 2026-05-04T14:48:23.064Z  INFO 1 --- [zil-additional-service] [   scheduling-1] r.a.observability.ObservabilityService   : LAB9 Observability window=30s category=web.additional.availability_new count=527 sumNanos=190738813524 avgNanos=361933232
zil-additional-service  | 2026-05-04T14:48:23.064Z  INFO 1 --- [zil-additional-service] [   scheduling-1] r.a.observability.ObservabilityService   : LAB9 Observability window=30s category=additional.statsComputation.availability.allCitiesAllDates count=527 sumNanos=102462328 avgNanos=194425
zil-additional-service  | 2026-05-04T14:48:23.065Z  INFO 1 --- [zil-additional-service] [   scheduling-1] r.a.observability.ObservabilityService   : LAB9 Observability window=1m category=additional.statsComputation.stats count=1096 sumNanos=1369532 avgNanos=1249
zil-additional-service  | 2026-05-04T14:48:23.065Z  INFO 1 --- [zil-additional-service] [   scheduling-1] r.a.observability.ObservabilityService   : LAB9 Observability window=1m category=web.additional.stats count=1096 sumNanos=620629387711 avgNanos=566267689
zil-additional-service  | 2026-05-04T14:48:23.065Z  INFO 1 --- [zil-additional-service] [   scheduling-1] r.a.observability.ObservabilityService   : LAB9 Observability window=1m category=http.main.clients count=1095 sumNanos=222475187984 avgNanos=203173687
zil-app                 | 2026-05-04T14:44:39.456Z  INFO 1 --- [   scheduling-1] r.observability.ObservabilityService     : LAB9 Observability window=10s category=db.client.findAll count=24 sumNanos=4472937330 avgNanos=186372388
zil-app                 | 2026-05-04T14:44:39.456Z  INFO 1 --- [   scheduling-1] r.observability.ObservabilityService     : LAB9 Observability window=10s category=web.RentController.getRents count=464 sumNanos=73881641709 avgNanos=159227676
zil-app                 | 2026-05-04T14:44:39.456Z  INFO 1 --- [   scheduling-1] r.observability.ObservabilityService     : LAB9 Observability window=10s category=db.rent.findAll count=464 sumNanos=73880956454 avgNanos=159226199
zil-app                 | 2026-05-04T14:44:39.456Z  INFO 1 --- [   scheduling-1] r.observability.ObservabilityService     : LAB9 Observability window=10s category=web.CarController.getCars count=459 sumNanos=70277814058 avgNanos=153110706
zil-app                 | 2026-05-04T14:44:39.456Z  INFO 1 --- [   scheduling-1] r.observability.ObservabilityService     : LAB9 Observability window=10s category=db.car.findAll count=459 sumNanos=70276961732 avgNanos=153108849
zil-app                 | 2026-05-04T14:44:39.456Z  INFO 1 --- [   scheduling-1] r.observability.ObservabilityService     : LAB9 Observability window=30s category=web.ClientController.getClients count=72 sumNanos=13447103861 avgNanos=186765331
zil-app                 | 2026-05-04T14:44:39.456Z  INFO 1 --- [   scheduling-1] r.observability.ObservabilityService     : LAB9 Observability window=30s category=db.client.findAll count=72 sumNanos=13445485927 avgNanos=186742860
zil-app                 | 2026-05-04T14:44:39.457Z  INFO 1 --- [   scheduling-1] r.observability.ObservabilityService     : LAB9 Observability window=30s category=web.RentController.getRents count=1392 sumNanos=216164005074 avgNanos=155290233
zil-app                 | 2026-05-04T14:44:39.457Z  INFO 1 --- [   scheduling-1] r.observability.ObservabilityService     : LAB9 Observability window=30s category=db.rent.findAll count=1392 sumNanos=216161266231 avgNanos=155288265
zil-app                 | 2026-05-04T14:44:39.457Z  INFO 1 --- [   scheduling-1] r.observability.ObservabilityService     : LAB9 Observability window=30s category=web.CarController.getCars count=1391 sumNanos=215006613884 avgNanos=154569815
zil-app                 | 2026-05-04T14:44:39.457Z  INFO 1 --- [   scheduling-1] r.observability.ObservabilityService     : LAB9 Observability window=30s category=db.car.findAll count=1391 sumNanos=215002192491 avgNanos=154566637
zil-app                 | 2026-05-04T14:44:39.458Z  INFO 1 --- [   scheduling-1] r.observability.ObservabilityService     : LAB9 Observability window=1m category=web.ClientController.getClients count=134 sumNanos=24593321627 avgNanos=183532250
zil-app                 | 2026-05-04T14:44:39.458Z  INFO 1 --- [   scheduling-1] r.observability.ObservabilityService     : LAB9 Observability window=1m category=db.client.findAll count=134 sumNanos=24591222162 avgNanos=183516583
zil-app                 | 2026-05-04T14:44:39.458Z  INFO 1 --- [   scheduling-1] r.observability.ObservabilityService     : LAB9 Observability window=1m category=web.RentController.getRents count=2782 sumNanos=431476415947 avgNanos=155095764
zil-app                 | 2026-05-04T14:44:39.459Z  INFO 1 --- [   scheduling-1] r.observability.ObservabilityService     : LAB9 Observability window=1m category=db.rent.findAll count=2782 sumNanos=431468891099 avgNanos=155093059
zil-app                 | 2026-05-04T14:44:39.459Z  INFO 1 --- [   scheduling-1] r.observability.ObservabilityService     : LAB9 Observability window=1m category=web.CarController.getCars count=2778 sumNanos=432297777159 avgNanos=155614750
zil-app                 | 2026-05-04T14:44:39.459Z  INFO 1 --- [   scheduling-1] r.observability.ObservabilityService     : LAB9 Observability window=1m category=db.car.findAll count=2778 sumNanos=432289241814 avgNanos=155611678
zil-app                 | 2026-05-04T14:44:44.467Z  INFO 1 --- [   scheduling-1] r.observability.ObservabilityService     : LAB9 Observability window=10s category=web.ClientController.getClients count=27 sumNanos=5044994924 avgNanos=186851663
zil-app                 | 2026-05-04T14:44:44.467Z  INFO 1 --- [   scheduling-1] r.observability.ObservabilityService     : LAB9 Observability window=10s category=db.client.findAll count=27 sumNanos=5043733222 avgNanos=186804934
zil-app                 | 2026-05-04T14:44:44.467Z  INFO 1 --- [   scheduling-1] r.observability.ObservabilityService     : LAB9 Observability window=10s category=web.RentController.getRents count=463 sumNanos=71839506883 avgNanos=155160921
zil-app                 | 2026-05-04T14:44:44.467Z  INFO 1 --- [   scheduling-1] r.observability.ObservabilityService     : LAB9 Observability window=10s category=db.rent.findAll count=463 sumNanos=71838236470 avgNanos=155158178
zil-app                 | 2026-05-04T14:44:44.467Z  INFO 1 --- [   scheduling-1] r.observability.ObservabilityService     : LAB9 Observability window=10s category=web.CarController.getCars count=465 sumNanos=70966893591 avgNanos=152616975
zil-app                 | 2026-05-04T14:44:44.467Z  INFO 1 --- [   scheduling-1] r.observability.ObservabilityService     : LAB9 Observability window=10s category=db.car.findAll count=465 sumNanos=70966201857 avgNanos=152615487
zil-app                 | 2026-05-04T14:44:44.467Z  INFO 1 --- [   scheduling-1] r.observability.ObservabilityService     : LAB9 Observability window=30s category=web.ClientController.getClients count=75 sumNanos=13683598983 avgNanos=182447986
zil-app                 | 2026-05-04T14:44:44.467Z  INFO 1 --- [   scheduling-1] r.observability.ObservabilityService     : LAB9 Observability window=30s category=db.client.findAll count=75 sumNanos=13680924820 avgNanos=182412330
zil-app                 | 2026-05-04T14:44:44.467Z  INFO 1 --- [   scheduling-1] r.observability.ObservabilityService     : LAB9 Observability window=30s category=web.RentController.getRents count=1390 sumNanos=215817764628 avgNanos=155264578
zil-app                 | 2026-05-04T14:44:44.467Z  INFO 1 --- [   scheduling-1] r.observability.ObservabilityService     : LAB9 Observability window=30s category=db.rent.findAll count=1390 sumNanos=215814689194 avgNanos=155262366
zil-app                 | 2026-05-04T14:44:44.467Z  INFO 1 --- [   scheduling-1] r.observability.ObservabilityService     : LAB9 Observability window=30s category=web.CarController.getCars count=1394 sumNanos=216101405276 avgNanos=155022528
zil-app                 | 2026-05-04T14:44:44.467Z  INFO 1 --- [   scheduling-1] r.observability.ObservabilityService     : LAB9 Observability window=30s category=db.car.findAll count=1394 sumNanos=216098452317 avgNanos=155020410
zil-app                 | 2026-05-04T14:44:44.468Z  INFO 1 --- [   scheduling-1] r.observability.ObservabilityService     : LAB9 Observability window=1m category=web.ClientController.getClients count=137 sumNanos=25015314793 avgNanos=182593538
zil-app                 | 2026-05-04T14:44:44.470Z  INFO 1 --- [   scheduling-1] r.observability.ObservabilityService     : LAB9 Observability window=1m category=db.client.findAll count=137 sumNanos=25012117063 avgNanos=182570197
zil-app                 | 2026-05-04T14:44:44.470Z  INFO 1 --- [   scheduling-1] r.observability.ObservabilityService     : LAB9 Observability window=1m category=web.RentController.getRents count=2785 sumNanos=431423561533 avgNanos=154909716
zil-app                 | 2026-05-04T14:44:44.470Z  INFO 1 --- [   scheduling-1] r.observability.ObservabilityService     : LAB9 Observability window=1m category=db.rent.findAll count=2785 sumNanos=431417006346 avgNanos=154907363
zil-app                 | 2026-05-04T14:44:44.470Z  INFO 1 --- [   scheduling-1] r.observability.ObservabilityService     : LAB9 Observability window=1m category=web.CarController.getCars count=2789 sumNanos=433966434512 avgNanos=155599295
zil-app                 | 2026-05-04T14:44:44.471Z  INFO 1 --- [   scheduling-1] r.observability.ObservabilityService     : LAB9 Observability window=1m category=db.car.findAll count=2789 sumNanos=433957901171 avgNanos=155596235
zil-app                 | 2026-05-04T14:44:49.474Z  INFO 1 --- [   scheduling-1] r.observability.ObservabilityService     : LAB9 Observability window=10s category=web.ClientController.getClients count=20 sumNanos=3611418447 avgNanos=180570922
zil-app                 | 2026-05-04T14:44:49.475Z  INFO 1 --- [   scheduling-1] r.observability.ObservabilityService     : LAB9 Observability window=10s category=db.client.findAll count=20 sumNanos=3610219959 avgNanos=180510997
zil-app                 | 2026-05-04T14:44:49.475Z  INFO 1 --- [   scheduling-1] r.observability.ObservabilityService     : LAB9 Observability window=10s category=web.RentController.getRents count=465 sumNanos=72004029016 avgNanos=154847374
zil-app                 | 2026-05-04T14:44:49.475Z  INFO 1 --- [   scheduling-1] r.observability.ObservabilityService     : LAB9 Observability window=10s category=db.rent.findAll count=465 sumNanos=72002953773 avgNanos=154845061
zil-app                 | 2026-05-04T14:44:49.475Z  INFO 1 --- [   scheduling-1] r.observability.ObservabilityService     : LAB9 Observability window=10s category=web.CarController.getCars count=469 sumNanos=73374520378 avgNanos=156448870
zil-app                 | 2026-05-04T14:44:49.475Z  INFO 1 --- [   scheduling-1] r.observability.ObservabilityService     : LAB9 Observability window=10s category=db.car.findAll count=469 sumNanos=73374034407 avgNanos=156447834
zil-app                 | 2026-05-04T14:44:49.475Z  INFO 1 --- [   scheduling-1] r.observability.ObservabilityService     : LAB9 Observability window=30s category=web.ClientController.getClients count=69 sumNanos=12540038000 avgNanos=181739681
zil-app                 | 2026-05-04T14:44:49.476Z  INFO 1 --- [   scheduling-1] r.observability.ObservabilityService     : LAB9 Observability window=30s category=db.client.findAll count=69 sumNanos=12538402099 avgNanos=181715972
zil-app                 | 2026-05-04T14:44:49.476Z  INFO 1 --- [   scheduling-1] r.observability.ObservabilityService     : LAB9 Observability window=30s category=web.RentController.getRents count=1392 sumNanos=216854854052 avgNanos=155786533
zil-app                 | 2026-05-04T14:44:49.476Z  INFO 1 --- [   scheduling-1] r.observability.ObservabilityService     : LAB9 Observability window=30s category=db.rent.findAll count=1392 sumNanos=216852340337 avgNanos=155784727
zil-app                 | 2026-05-04T14:44:49.476Z  INFO 1 --- [   scheduling-1] r.observability.ObservabilityService     : LAB9 Observability window=30s category=web.CarController.getCars count=1393 sumNanos=216664461525 avgNanos=155538019
zil-app                 | 2026-05-04T14:44:49.476Z  INFO 1 --- [   scheduling-1] r.observability.ObservabilityService     : LAB9 Observability window=30s category=db.car.findAll count=1393 sumNanos=216662352285 avgNanos=155536505
zil-app                 | 2026-05-04T14:44:49.476Z  INFO 1 --- [   scheduling-1] r.observability.ObservabilityService     : LAB9 Observability window=1m category=web.ClientController.getClients count=135 sumNanos=24715017525 avgNanos=183074203
zil-app                 | 2026-05-04T14:44:49.476Z  INFO 1 --- [   scheduling-1] r.observability.ObservabilityService     : LAB9 Observability window=1m category=db.client.findAll count=135 sumNanos=24711794327 avgNanos=183050328
zil-app                 | 2026-05-04T14:44:49.477Z  INFO 1 --- [   scheduling-1] r.observability.ObservabilityService     : LAB9 Observability window=1m category=web.RentController.getRents count=2785 sumNanos=431759287894 avgNanos=155030264
zil-app                 | 2026-05-04T14:44:49.477Z  INFO 1 --- [   scheduling-1] r.observability.ObservabilityService     : LAB9 Observability window=1m category=db.rent.findAll count=2785 sumNanos=431752999660 avgNanos=155028007
zil-app                 | 2026-05-04T14:44:49.477Z  INFO 1 --- [   scheduling-1] r.observability.ObservabilityService     : LAB9 Observability window=1m category=web.CarController.getCars count=2790 sumNanos=433795482598 avgNanos=155482251
zil-app                 | 2026-05-04T14:44:49.477Z  INFO 1 --- [   scheduling-1] r.observability.ObservabilityService     : LAB9 Observability window=1m category=db.car.findAll count=2790 sumNanos=433787720126 avgNanos=155479469
zil-app                 | 2026-05-04T14:44:54.477Z  INFO 1 --- [   scheduling-1] r.observability.ObservabilityService     : LAB9 Observability window=10s category=web.ClientController.getClients count=13 sumNanos=2229392720 avgNanos=171491747
zil-app                 | 2026-05-04T14:44:54.478Z  INFO 1 --- [   scheduling-1] r.observability.ObservabilityService     : LAB9 Observability window=10s category=db.client.findAll count=13 sumNanos=2229281227 avgNanos=171483171
zil-app                 | 2026-05-04T14:44:54.478Z  INFO 1 --- [   scheduling-1] r.observability.ObservabilityService     : LAB9 Observability window=10s category=web.RentController.getRents count=475 sumNanos=73385884828 avgNanos=154496599
zil-app                 | 2026-05-04T14:44:54.478Z  INFO 1 --- [   scheduling-1] r.observability.ObservabilityService     : LAB9 Observability window=10s category=db.rent.findAll count=475 sumNanos=73385583882 avgNanos=154495966
zil-app                 | 2026-05-04T14:44:54.478Z  INFO 1 --- [   scheduling-1] r.observability.ObservabilityService     : LAB9 Observability window=10s category=web.CarController.getCars count=474 sumNanos=72462515124 avgNanos=152874504
zil-app                 | 2026-05-04T14:44:54.478Z  INFO 1 --- [   scheduling-1] r.observability.ObservabilityService     : LAB9 Observability window=10s category=db.car.findAll count=474 sumNanos=72461964016 avgNanos=152873341
zil-app                 | 2026-05-04T14:44:54.479Z  INFO 1 --- [   scheduling-1] r.observability.ObservabilityService     : LAB9 Observability window=30s category=web.ClientController.getClients count=63 sumNanos=11448098863 avgNanos=181715854
zil-app                 | 2026-05-04T14:44:54.479Z  INFO 1 --- [   scheduling-1] r.observability.ObservabilityService     : LAB9 Observability window=30s category=db.client.findAll count=63 sumNanos=11446531055 avgNanos=181690969
zil-app                 | 2026-05-04T14:44:54.479Z  INFO 1 --- [   scheduling-1] r.observability.ObservabilityService     : LAB9 Observability window=30s category=web.RentController.getRents count=1398 sumNanos=217943235439 avgNanos=155896448
zil-app                 | 2026-05-04T14:44:54.479Z  INFO 1 --- [   scheduling-1] r.observability.ObservabilityService     : LAB9 Observability window=30s category=db.rent.findAll count=1398 sumNanos=217940967076 avgNanos=155894826
zil-app                 | 2026-05-04T14:44:54.479Z  INFO 1 --- [   scheduling-1] r.observability.ObservabilityService     : LAB9 Observability window=30s category=web.CarController.getCars count=1398 sumNanos=215102894855 avgNanos=153864731
zil-app                 | 2026-05-04T14:44:54.479Z  INFO 1 --- [   scheduling-1] r.observability.ObservabilityService     : LAB9 Observability window=30s category=db.car.findAll count=1398 sumNanos=215100771839 avgNanos=153863213
zil-app                 | 2026-05-04T14:44:54.479Z  INFO 1 --- [   scheduling-1] r.observability.ObservabilityService     : LAB9 Observability window=1m category=web.ClientController.getClients count=132 sumNanos=24126772641 avgNanos=182778580
zil-app                 | 2026-05-04T14:44:54.479Z  INFO 1 --- [   scheduling-1] r.observability.ObservabilityService     : LAB9 Observability window=1m category=db.client.findAll count=132 sumNanos=24123520958 avgNanos=182753946
zil-app                 | 2026-05-04T14:44:54.479Z  INFO 1 --- [   scheduling-1] r.observability.ObservabilityService     : LAB9 Observability window=1m category=web.RentController.getRents count=2793 sumNanos=432854800675 avgNanos=154978446
zil-app                 | 2026-05-04T14:44:54.479Z  INFO 1 --- [   scheduling-1] r.observability.ObservabilityService     : LAB9 Observability window=1m category=db.rent.findAll count=2793 sumNanos=432848816517 avgNanos=154976303
zil-app                 | 2026-05-04T14:44:54.479Z  INFO 1 --- [   scheduling-1] r.observability.ObservabilityService     : LAB9 Observability window=1m category=web.CarController.getCars count=2794 sumNanos=432522364387 avgNanos=154803995
zil-app                 | 2026-05-04T14:44:54.479Z  INFO 1 --- [   scheduling-1] r.observability.ObservabilityService     : LAB9 Observability window=1m category=db.car.findAll count=2794 sumNanos=432514572170 avgNanos=154801206
zil-app                 | 2026-05-04T14:44:59.480Z  INFO 1 --- [   scheduling-1] r.observability.ObservabilityService     : LAB9 Observability window=10s category=web.ClientController.getClients count=22 sumNanos=3836641114 avgNanos=174392777
zil-additional-service  | 2026-05-04T14:48:23.065Z  INFO 1 --- [zil-additional-service] [   scheduling-1] r.a.observability.ObservabilityService   : LAB9 Observability window=1m category=http.main.rents count=2161 sumNanos=397174753246 avgNanos=183792111
zil-additional-service  | 2026-05-04T14:48:23.065Z  INFO 1 --- [zil-additional-service] [   scheduling-1] r.a.observability.ObservabilityService   : LAB9 Observability window=1m category=http.main.cars count=2156 sumNanos=386443582159 avgNanos=179240993
zil-additional-service  | 2026-05-04T14:48:23.065Z  INFO 1 --- [zil-additional-service] [   scheduling-1] r.a.observability.ObservabilityService   : LAB9 Observability window=1m category=web.additional.availability_new count=1065 sumNanos=386911246015 avgNanos=363296944
zil-additional-service  | 2026-05-04T14:48:23.065Z  INFO 1 --- [zil-additional-service] [   scheduling-1] r.a.observability.ObservabilityService   : LAB9 Observability window=1m category=additional.statsComputation.availability.allCitiesAllDates count=1065 sumNanos=195867096 avgNanos=183912
zil-additional-service  | 2026-05-04T14:48:28.066Z  INFO 1 --- [zil-additional-service] [   scheduling-1] r.a.observability.ObservabilityService   : LAB9 Observability window=10s category=additional.statsComputation.stats count=188 sumNanos=234510 avgNanos=1247
zil-additional-service  | 2026-05-04T14:48:28.067Z  INFO 1 --- [zil-additional-service] [   scheduling-1] r.a.observability.ObservabilityService   : LAB9 Observability window=10s category=web.additional.stats count=188 sumNanos=104713540614 avgNanos=556986918
zil-additional-service  | 2026-05-04T14:48:28.067Z  INFO 1 --- [zil-additional-service] [   scheduling-1] r.a.observability.ObservabilityService   : LAB9 Observability window=10s category=http.main.clients count=185 sumNanos=37077412298 avgNanos=200418444
zil-additional-service  | 2026-05-04T14:48:28.067Z  INFO 1 --- [zil-additional-service] [   scheduling-1] r.a.observability.ObservabilityService   : LAB9 Observability window=10s category=http.main.rents count=364 sumNanos=66939279179 avgNanos=183899118
zil-additional-service  | 2026-05-04T14:48:28.067Z  INFO 1 --- [zil-additional-service] [   scheduling-1] r.a.observability.ObservabilityService   : LAB9 Observability window=10s category=http.main.cars count=361 sumNanos=61872751711 avgNanos=171392664
zil-additional-service  | 2026-05-04T14:48:28.067Z  INFO 1 --- [zil-additional-service] [   scheduling-1] r.a.observability.ObservabilityService   : LAB9 Observability window=10s category=web.additional.availability_new count=176 sumNanos=62327931853 avgNanos=354135976
zil-additional-service  | 2026-05-04T14:48:28.067Z  INFO 1 --- [zil-additional-service] [   scheduling-1] r.a.observability.ObservabilityService   : LAB9 Observability window=10s category=additional.statsComputation.availability.allCitiesAllDates count=176 sumNanos=46147204 avgNanos=262200
zil-additional-service  | 2026-05-04T14:48:28.067Z  INFO 1 --- [zil-additional-service] [   scheduling-1] r.a.observability.ObservabilityService   : LAB9 Observability window=30s category=additional.statsComputation.stats count=555 sumNanos=670823 avgNanos=1208
zil-additional-service  | 2026-05-04T14:48:28.067Z  INFO 1 --- [zil-additional-service] [   scheduling-1] r.a.observability.ObservabilityService   : LAB9 Observability window=30s category=web.additional.stats count=555 sumNanos=316213823882 avgNanos=569754637
zil-additional-service  | 2026-05-04T14:48:28.067Z  INFO 1 --- [zil-additional-service] [   scheduling-1] r.a.observability.ObservabilityService   : LAB9 Observability window=30s category=http.main.clients count=555 sumNanos=113569187913 avgNanos=204629167
zil-additional-service  | 2026-05-04T14:48:28.067Z  INFO 1 --- [zil-additional-service] [   scheduling-1] r.a.observability.ObservabilityService   : LAB9 Observability window=30s category=http.main.rents count=1075 sumNanos=199142509317 avgNanos=185248845
zil-additional-service  | 2026-05-04T14:48:28.067Z  INFO 1 --- [zil-additional-service] [   scheduling-1] r.a.observability.ObservabilityService   : LAB9 Observability window=30s category=http.main.cars count=1072 sumNanos=190730714959 avgNanos=177920443
zil-additional-service  | 2026-05-04T14:48:28.067Z  INFO 1 --- [zil-additional-service] [   scheduling-1] r.a.observability.ObservabilityService   : LAB9 Observability window=30s category=web.additional.availability_new count=520 sumNanos=187697347460 avgNanos=360956437
zil-additional-service  | 2026-05-04T14:48:28.067Z  INFO 1 --- [zil-additional-service] [   scheduling-1] r.a.observability.ObservabilityService   : LAB9 Observability window=30s category=additional.statsComputation.availability.allCitiesAllDates count=520 sumNanos=110101623 avgNanos=211733
zil-additional-service  | 2026-05-04T14:48:28.067Z  INFO 1 --- [zil-additional-service] [   scheduling-1] r.a.observability.ObservabilityService   : LAB9 Observability window=1m category=additional.statsComputation.stats count=1089 sumNanos=1369055 avgNanos=1257
zil-additional-service  | 2026-05-04T14:48:28.067Z  INFO 1 --- [zil-additional-service] [   scheduling-1] r.a.observability.ObservabilityService   : LAB9 Observability window=1m category=web.additional.stats count=1089 sumNanos=617977812850 avgNanos=567472739
zil-additional-service  | 2026-05-04T14:48:28.067Z  INFO 1 --- [zil-additional-service] [   scheduling-1] r.a.observability.ObservabilityService   : LAB9 Observability window=1m category=http.main.clients count=1087 sumNanos=221100494606 avgNanos=203404318
zil-additional-service  | 2026-05-04T14:48:28.067Z  INFO 1 --- [zil-additional-service] [   scheduling-1] r.a.observability.ObservabilityService   : LAB9 Observability window=1m category=http.main.rents count=2162 sumNanos=398523143988 avgNanos=184330778
zil-additional-service  | 2026-05-04T14:48:28.068Z  INFO 1 --- [zil-additional-service] [   scheduling-1] r.a.observability.ObservabilityService   : LAB9 Observability window=1m category=http.main.cars count=2161 sumNanos=385616149878 avgNanos=178443382
zil-additional-service  | 2026-05-04T14:48:28.068Z  INFO 1 --- [zil-additional-service] [   scheduling-1] r.a.observability.ObservabilityService   : LAB9 Observability window=1m category=web.additional.availability_new count=1073 sumNanos=388257626526 avgNanos=361843081
zil-additional-service  | 2026-05-04T14:48:28.068Z  INFO 1 --- [zil-additional-service] [   scheduling-1] r.a.observability.ObservabilityService   : LAB9 Observability window=1m category=additional.statsComputation.availability.allCitiesAllDates count=1073 sumNanos=205536078 avgNanos=191552
zil-additional-service  | 2026-05-04T14:48:33.069Z  INFO 1 --- [zil-additional-service] [   scheduling-1] r.a.observability.ObservabilityService   : LAB9 Observability window=10s category=additional.statsComputation.stats count=170 sumNanos=1857347 avgNanos=10925
zil-additional-service  | 2026-05-04T14:48:33.071Z  INFO 1 --- [zil-additional-service] [   scheduling-1] r.a.observability.ObservabilityService   : LAB9 Observability window=10s category=http.main.clients count=171 sumNanos=33757626746 avgNanos=197413021
zil-additional-service  | 2026-05-04T14:48:33.071Z  INFO 1 --- [zil-additional-service] [   scheduling-1] r.a.observability.ObservabilityService   : LAB9 Observability window=10s category=web.additional.stats count=170 sumNanos=96443785937 avgNanos=567316387
zil-additional-service  | 2026-05-04T14:48:33.071Z  INFO 1 --- [zil-additional-service] [   scheduling-1] r.a.observability.ObservabilityService   : LAB9 Observability window=10s category=http.main.rents count=361 sumNanos=68721566119 avgNanos=190364449
zil-additional-service  | 2026-05-04T14:48:33.071Z  INFO 1 --- [zil-additional-service] [   scheduling-1] r.a.observability.ObservabilityService   : LAB9 Observability window=10s category=http.main.cars count=365 sumNanos=63291900935 avgNanos=173402468
zil-additional-service  | 2026-05-04T14:48:33.071Z  INFO 1 --- [zil-additional-service] [   scheduling-1] r.a.observability.ObservabilityService   : LAB9 Observability window=10s category=web.additional.availability_new count=191 sumNanos=68505036828 avgNanos=358665114
zil-additional-service  | 2026-05-04T14:48:33.071Z  INFO 1 --- [zil-additional-service] [   scheduling-1] r.a.observability.ObservabilityService   : LAB9 Observability window=10s category=additional.statsComputation.availability.allCitiesAllDates count=191 sumNanos=35169993 avgNanos=184136
zil-additional-service  | 2026-05-04T14:48:33.071Z  INFO 1 --- [zil-additional-service] [   scheduling-1] r.a.observability.ObservabilityService   : LAB9 Observability window=30s category=additional.statsComputation.stats count=548 sumNanos=2310204 avgNanos=4215
zil-additional-service  | 2026-05-04T14:48:33.071Z  INFO 1 --- [zil-additional-service] [   scheduling-1] r.a.observability.ObservabilityService   : LAB9 Observability window=30s category=http.main.clients count=548 sumNanos=111252771696 avgNanos=203016006
zil-additional-service  | 2026-05-04T14:48:33.071Z  INFO 1 --- [zil-additional-service] [   scheduling-1] r.a.observability.ObservabilityService   : LAB9 Observability window=30s category=web.additional.stats count=548 sumNanos=311839550258 avgNanos=569050274
zil-additional-service  | 2026-05-04T14:48:33.071Z  INFO 1 --- [zil-additional-service] [   scheduling-1] r.a.observability.ObservabilityService   : LAB9 Observability window=30s category=http.main.rents count=1074 sumNanos=200341679341 avgNanos=186537876
zil-additional-service  | 2026-05-04T14:48:33.071Z  INFO 1 --- [zil-additional-service] [   scheduling-1] r.a.observability.ObservabilityService   : LAB9 Observability window=30s category=http.main.cars count=1076 sumNanos=190101075680 avgNanos=176673862
zil-additional-service  | 2026-05-04T14:48:33.071Z  INFO 1 --- [zil-additional-service] [   scheduling-1] r.a.observability.ObservabilityService   : LAB9 Observability window=30s category=web.additional.availability_new count=526 sumNanos=189620100998 avgNanos=360494488
zil-additional-service  | 2026-05-04T14:48:33.071Z  INFO 1 --- [zil-additional-service] [   scheduling-1] r.a.observability.ObservabilityService   : LAB9 Observability window=30s category=additional.statsComputation.availability.allCitiesAllDates count=526 sumNanos=111692842 avgNanos=212343
zil-additional-service  | 2026-05-04T14:48:33.071Z  INFO 1 --- [zil-additional-service] [   scheduling-1] r.a.observability.ObservabilityService   : LAB9 Observability window=1m category=additional.statsComputation.stats count=1069 sumNanos=2995824 avgNanos=2802
zil-additional-service  | 2026-05-04T14:48:33.071Z  INFO 1 --- [zil-additional-service] [   scheduling-1] r.a.observability.ObservabilityService   : LAB9 Observability window=1m category=http.main.clients count=1069 sumNanos=215936295894 avgNanos=201998405
zil-additional-service  | 2026-05-04T14:48:33.071Z  INFO 1 --- [zil-additional-service] [   scheduling-1] r.a.observability.ObservabilityService   : LAB9 Observability window=1m category=web.additional.stats count=1069 sumNanos=605376671140 avgNanos=566301843
zil-additional-service  | 2026-05-04T14:48:33.071Z  INFO 1 --- [zil-additional-service] [   scheduling-1] r.a.observability.ObservabilityService   : LAB9 Observability window=1m category=http.main.rents count=2173 sumNanos=401714520412 avgNanos=184866323
zil-additional-service  | 2026-05-04T14:48:33.071Z  INFO 1 --- [zil-additional-service] [   scheduling-1] r.a.observability.ObservabilityService   : LAB9 Observability window=1m category=http.main.cars count=2173 sumNanos=386264516070 avgNanos=177756335
zil-additional-service  | 2026-05-04T14:48:33.071Z  INFO 1 --- [zil-additional-service] [   scheduling-1] r.a.observability.ObservabilityService   : LAB9 Observability window=1m category=web.additional.availability_new count=1104 sumNanos=399147518807 avgNanos=361546665
zil-additional-service  | 2026-05-04T14:48:33.071Z  INFO 1 --- [zil-additional-service] [   scheduling-1] r.a.observability.ObservabilityService   : LAB9 Observability window=1m category=additional.statsComputation.availability.allCitiesAllDates count=1104 sumNanos=206944819 avgNanos=187450
zil-additional-service  | 2026-05-04T14:48:38.072Z  INFO 1 --- [zil-additional-service] [   scheduling-1] r.a.observability.ObservabilityService   : LAB9 Observability window=10s category=additional.statsComputation.stats count=169 sumNanos=1852027 avgNanos=10958
zil-additional-service  | 2026-05-04T14:48:38.072Z  INFO 1 --- [zil-additional-service] [   scheduling-1] r.a.observability.ObservabilityService   : LAB9 Observability window=10s category=http.main.clients count=172 sumNanos=35165953035 avgNanos=204453215
zil-additional-service  | 2026-05-04T14:48:38.072Z  INFO 1 --- [zil-additional-service] [   scheduling-1] r.a.observability.ObservabilityService   : LAB9 Observability window=10s category=web.additional.stats count=169 sumNanos=97159769015 avgNanos=574909875
zil-additional-service  | 2026-05-04T14:48:38.072Z  INFO 1 --- [zil-additional-service] [   scheduling-1] r.a.observability.ObservabilityService   : LAB9 Observability window=10s category=http.main.rents count=358 sumNanos=67960848529 avgNanos=189834772
zil-additional-service  | 2026-05-04T14:48:38.072Z  INFO 1 --- [zil-additional-service] [   scheduling-1] r.a.observability.ObservabilityService   : LAB9 Observability window=10s category=http.main.cars count=363 sumNanos=65059723286 avgNanos=179227887
zil-additional-service  | 2026-05-04T14:48:38.072Z  INFO 1 --- [zil-additional-service] [   scheduling-1] r.a.observability.ObservabilityService   : LAB9 Observability window=10s category=web.additional.availability_new count=189 sumNanos=69668346616 avgNanos=368615590
zil-additional-service  | 2026-05-04T14:48:38.072Z  INFO 1 --- [zil-additional-service] [   scheduling-1] r.a.observability.ObservabilityService   : LAB9 Observability window=10s category=additional.statsComputation.availability.allCitiesAllDates count=189 sumNanos=27021683 avgNanos=142971
zil-additional-service  | 2026-05-04T14:48:38.073Z  INFO 1 --- [zil-additional-service] [   scheduling-1] r.a.observability.ObservabilityService   : LAB9 Observability window=30s category=additional.statsComputation.stats count=540 sumNanos=2290868 avgNanos=4242
zil-additional-service  | 2026-05-04T14:48:38.073Z  INFO 1 --- [zil-additional-service] [   scheduling-1] r.a.observability.ObservabilityService   : LAB9 Observability window=30s category=http.main.clients count=540 sumNanos=110481850858 avgNanos=204596020
zil-additional-service  | 2026-05-04T14:48:38.073Z  INFO 1 --- [zil-additional-service] [   scheduling-1] r.a.observability.ObservabilityService   : LAB9 Observability window=30s category=web.additional.stats count=540 sumNanos=308509496597 avgNanos=571313882
zil-additional-service  | 2026-05-04T14:48:38.073Z  INFO 1 --- [zil-additional-service] [   scheduling-1] r.a.observability.ObservabilityService   : LAB9 Observability window=30s category=http.main.rents count=1077 sumNanos=200796082799 avgNanos=186440188
zil-additional-service  | 2026-05-04T14:48:38.073Z  INFO 1 --- [zil-additional-service] [   scheduling-1] r.a.observability.ObservabilityService   : LAB9 Observability window=30s category=http.main.cars count=1080 sumNanos=191238038418 avgNanos=177072257
zil-additional-service  | 2026-05-04T14:48:38.073Z  INFO 1 --- [zil-additional-service] [   scheduling-1] r.a.observability.ObservabilityService   : LAB9 Observability window=30s category=web.additional.availability_new count=537 sumNanos=193900983560 avgNanos=361081906
zil-additional-service  | 2026-05-04T14:48:38.073Z  INFO 1 --- [zil-additional-service] [   scheduling-1] r.a.observability.ObservabilityService   : LAB9 Observability window=30s category=additional.statsComputation.availability.allCitiesAllDates count=537 sumNanos=111711771 avgNanos=208029
zil-additional-service  | 2026-05-04T14:48:38.073Z  INFO 1 --- [zil-additional-service] [   scheduling-1] r.a.observability.ObservabilityService   : LAB9 Observability window=1m category=additional.statsComputation.stats count=1057 sumNanos=2952467 avgNanos=2793
zil-additional-service  | 2026-05-04T14:48:38.075Z  INFO 1 --- [zil-additional-service] [   scheduling-1] r.a.observability.ObservabilityService   : LAB9 Observability window=1m category=http.main.clients count=1058 sumNanos=214934816543 avgNanos=203152000
zil-additional-service  | 2026-05-04T14:48:38.075Z  INFO 1 --- [zil-additional-service] [   scheduling-1] r.a.observability.ObservabilityService   : LAB9 Observability window=1m category=web.additional.stats count=1057 sumNanos=599412330427 avgNanos=567088297
zil-additional-service  | 2026-05-04T14:48:38.075Z  INFO 1 --- [zil-additional-service] [   scheduling-1] r.a.observability.ObservabilityService   : LAB9 Observability window=1m category=http.main.rents count=2178 sumNanos=402369462215 avgNanos=184742636
zil-additional-service  | 2026-05-04T14:48:38.076Z  INFO 1 --- [zil-additional-service] [   scheduling-1] r.a.observability.ObservabilityService   : LAB9 Observability window=1m category=http.main.cars count=2182 sumNanos=386878653234 avgNanos=177304607
zil-additional-service  | 2026-05-04T14:48:38.076Z  INFO 1 --- [zil-additional-service] [   scheduling-1] r.a.observability.ObservabilityService   : LAB9 Observability window=1m category=web.additional.availability_new count=1121 sumNanos=404446455959 avgNanos=360790772
zil-additional-service  | 2026-05-04T14:48:38.076Z  INFO 1 --- [zil-additional-service] [   scheduling-1] r.a.observability.ObservabilityService   : LAB9 Observability window=1m category=additional.statsComputation.availability.allCitiesAllDates count=1121 sumNanos=205364826 avgNanos=183197
zil-additional-service  | 2026-05-04T14:48:43.077Z  INFO 1 --- [zil-additional-service] [   scheduling-1] r.a.observability.ObservabilityService   : LAB9 Observability window=10s category=additional.statsComputation.stats count=109 sumNanos=123849 avgNanos=1136
zil-additional-service  | 2026-05-04T14:48:43.077Z  INFO 1 --- [zil-additional-service] [   scheduling-1] r.a.observability.ObservabilityService   : LAB9 Observability window=10s category=http.main.clients count=107 sumNanos=22366071331 avgNanos=209028704
zil-additional-service  | 2026-05-04T14:48:43.077Z  INFO 1 --- [zil-additional-service] [   scheduling-1] r.a.observability.ObservabilityService   : LAB9 Observability window=10s category=web.additional.stats count=109 sumNanos=62010467593 avgNanos=568903372
zil-additional-service  | 2026-05-04T14:48:43.077Z  INFO 1 --- [zil-additional-service] [   scheduling-1] r.a.observability.ObservabilityService   : LAB9 Observability window=10s category=http.main.rents count=217 sumNanos=39728428766 avgNanos=183080316
zil-additional-service  | 2026-05-04T14:48:43.077Z  INFO 1 --- [zil-additional-service] [   scheduling-1] r.a.observability.ObservabilityService   : LAB9 Observability window=10s category=http.main.cars count=209 sumNanos=37564505032 avgNanos=179734473
zil-additional-service  | 2026-05-04T14:48:43.077Z  INFO 1 --- [zil-additional-service] [   scheduling-1] r.a.observability.ObservabilityService   : LAB9 Observability window=10s category=web.additional.availability_new count=108 sumNanos=39638816829 avgNanos=367026081
zil-additional-service  | 2026-05-04T14:48:43.077Z  INFO 1 --- [zil-additional-service] [   scheduling-1] r.a.observability.ObservabilityService   : LAB9 Observability window=10s category=additional.statsComputation.availability.allCitiesAllDates count=108 sumNanos=15741477 avgNanos=145754
zil-additional-service  | 2026-05-04T14:48:43.077Z  INFO 1 --- [zil-additional-service] [   scheduling-1] r.a.observability.ObservabilityService   : LAB9 Observability window=30s category=additional.statsComputation.stats count=467 sumNanos=2210840 avgNanos=4734
zil-additional-service  | 2026-05-04T14:48:43.077Z  INFO 1 --- [zil-additional-service] [   scheduling-1] r.a.observability.ObservabilityService   : LAB9 Observability window=30s category=http.main.clients count=463 sumNanos=94261579002 avgNanos=203588723
zil-app                 | 2026-05-04T14:44:59.480Z  INFO 1 --- [   scheduling-1] r.observability.ObservabilityService     : LAB9 Observability window=10s category=db.client.findAll count=22 sumNanos=3836392492 avgNanos=174381476
zil-app                 | 2026-05-04T14:44:59.480Z  INFO 1 --- [   scheduling-1] r.observability.ObservabilityService     : LAB9 Observability window=10s category=web.RentController.getRents count=467 sumNanos=71759068115 avgNanos=153659674
zil-app                 | 2026-05-04T14:44:59.480Z  INFO 1 --- [   scheduling-1] r.observability.ObservabilityService     : LAB9 Observability window=10s category=db.rent.findAll count=467 sumNanos=71758343313 avgNanos=153658122
zil-app                 | 2026-05-04T14:44:59.480Z  INFO 1 --- [   scheduling-1] r.observability.ObservabilityService     : LAB9 Observability window=10s category=web.CarController.getCars count=467 sumNanos=72974271630 avgNanos=156261823
zil-app                 | 2026-05-04T14:44:59.480Z  INFO 1 --- [   scheduling-1] r.observability.ObservabilityService     : LAB9 Observability window=10s category=db.car.findAll count=467 sumNanos=72973695993 avgNanos=156260590
zil-app                 | 2026-05-04T14:44:59.480Z  INFO 1 --- [   scheduling-1] r.observability.ObservabilityService     : LAB9 Observability window=30s category=web.ClientController.getClients count=66 sumNanos=11921211313 avgNanos=180624413
zil-app                 | 2026-05-04T14:44:59.480Z  INFO 1 --- [   scheduling-1] r.observability.ObservabilityService     : LAB9 Observability window=30s category=db.client.findAll count=66 sumNanos=11919549781 avgNanos=180599239
zil-app                 | 2026-05-04T14:44:59.480Z  INFO 1 --- [   scheduling-1] r.observability.ObservabilityService     : LAB9 Observability window=30s category=web.RentController.getRents count=1398 sumNanos=217892498438 avgNanos=155860156
zil-app                 | 2026-05-04T14:44:59.480Z  INFO 1 --- [   scheduling-1] r.observability.ObservabilityService     : LAB9 Observability window=30s category=db.rent.findAll count=1398 sumNanos=217890010927 avgNanos=155858376
zil-app                 | 2026-05-04T14:44:59.480Z  INFO 1 --- [   scheduling-1] r.observability.ObservabilityService     : LAB9 Observability window=30s category=web.CarController.getCars count=1395 sumNanos=216626606066 avgNanos=155287889
zil-app                 | 2026-05-04T14:44:59.481Z  INFO 1 --- [   scheduling-1] r.observability.ObservabilityService     : LAB9 Observability window=30s category=db.car.findAll count=1395 sumNanos=216624692132 avgNanos=155286517
zil-app                 | 2026-05-04T14:44:59.481Z  INFO 1 --- [   scheduling-1] r.observability.ObservabilityService     : LAB9 Observability window=1m category=web.ClientController.getClients count=137 sumNanos=25091012018 avgNanos=183146073
zil-app                 | 2026-05-04T14:44:59.481Z  INFO 1 --- [   scheduling-1] r.observability.ObservabilityService     : LAB9 Observability window=1m category=db.client.findAll count=137 sumNanos=25087605311 avgNanos=183121206
zil-app                 | 2026-05-04T14:44:59.481Z  INFO 1 --- [   scheduling-1] r.observability.ObservabilityService     : LAB9 Observability window=1m category=web.RentController.getRents count=2792 sumNanos=432330559117 avgNanos=154846188
zil-app                 | 2026-05-04T14:44:59.481Z  INFO 1 --- [   scheduling-1] r.observability.ObservabilityService     : LAB9 Observability window=1m category=db.rent.findAll count=2792 sumNanos=432324894861 avgNanos=154844160
zil-app                 | 2026-05-04T14:44:59.482Z  INFO 1 --- [   scheduling-1] r.observability.ObservabilityService     : LAB9 Observability window=1m category=web.CarController.getCars count=2792 sumNanos=433725654351 avgNanos=155345864
zil-app                 | 2026-05-04T14:44:59.482Z  INFO 1 --- [   scheduling-1] r.observability.ObservabilityService     : LAB9 Observability window=1m category=db.car.findAll count=2792 sumNanos=433718008923 avgNanos=155343126
zil-app                 | 2026-05-04T14:45:04.482Z  INFO 1 --- [   scheduling-1] r.observability.ObservabilityService     : LAB9 Observability window=10s category=web.ClientController.getClients count=16 sumNanos=2917675429 avgNanos=182354714
zil-app                 | 2026-05-04T14:45:04.482Z  INFO 1 --- [   scheduling-1] r.observability.ObservabilityService     : LAB9 Observability window=10s category=db.client.findAll count=16 sumNanos=2917482693 avgNanos=182342668
zil-app                 | 2026-05-04T14:45:04.482Z  INFO 1 --- [   scheduling-1] r.observability.ObservabilityService     : LAB9 Observability window=10s category=web.RentController.getRents count=275 sumNanos=42603090118 avgNanos=154920327
zil-app                 | 2026-05-04T14:45:04.482Z  INFO 1 --- [   scheduling-1] r.observability.ObservabilityService     : LAB9 Observability window=10s category=db.rent.findAll count=275 sumNanos=42602492406 avgNanos=154918154
zil-app                 | 2026-05-04T14:45:04.482Z  INFO 1 --- [   scheduling-1] r.observability.ObservabilityService     : LAB9 Observability window=10s category=web.CarController.getCars count=266 sumNanos=44111285459 avgNanos=165831900
zil-app                 | 2026-05-04T14:45:04.482Z  INFO 1 --- [   scheduling-1] r.observability.ObservabilityService     : LAB9 Observability window=10s category=db.car.findAll count=266 sumNanos=44111059037 avgNanos=165831049
zil-app                 | 2026-05-04T14:45:04.483Z  INFO 1 --- [   scheduling-1] r.observability.ObservabilityService     : LAB9 Observability window=30s category=web.ClientController.getClients count=56 sumNanos=10192063073 avgNanos=182001126
zil-app                 | 2026-05-04T14:45:04.483Z  INFO 1 --- [   scheduling-1] r.observability.ObservabilityService     : LAB9 Observability window=30s category=db.client.findAll count=56 sumNanos=10190497142 avgNanos=181973163
zil-app                 | 2026-05-04T14:45:04.483Z  INFO 1 --- [   scheduling-1] r.observability.ObservabilityService     : LAB9 Observability window=30s category=web.RentController.getRents count=1213 sumNanos=187874912264 avgNanos=154884511
zil-app                 | 2026-05-04T14:45:04.483Z  INFO 1 --- [   scheduling-1] r.observability.ObservabilityService     : LAB9 Observability window=30s category=db.rent.findAll count=1213 sumNanos=187872743730 avgNanos=154882723
zil-app                 | 2026-05-04T14:45:04.483Z  INFO 1 --- [   scheduling-1] r.observability.ObservabilityService     : LAB9 Observability window=30s category=web.CarController.getCars count=1205 sumNanos=187540694174 avgNanos=155635430
zil-app                 | 2026-05-04T14:45:04.483Z  INFO 1 --- [   scheduling-1] r.observability.ObservabilityService     : LAB9 Observability window=30s category=db.car.findAll count=1205 sumNanos=187539224910 avgNanos=155634211
zil-app                 | 2026-05-04T14:45:04.483Z  INFO 1 --- [   scheduling-1] r.observability.ObservabilityService     : LAB9 Observability window=1m category=web.ClientController.getClients count=127 sumNanos=23295615259 avgNanos=183430041
zil-app                 | 2026-05-04T14:45:04.483Z  INFO 1 --- [   scheduling-1] r.observability.ObservabilityService     : LAB9 Observability window=1m category=db.client.findAll count=127 sumNanos=23292260719 avgNanos=183403627
zil-app                 | 2026-05-04T14:45:04.483Z  INFO 1 --- [   scheduling-1] r.observability.ObservabilityService     : LAB9 Observability window=1m category=web.RentController.getRents count=2604 sumNanos=402528866694 avgNanos=154580977
zil-app                 | 2026-05-04T14:45:04.483Z  INFO 1 --- [   scheduling-1] r.observability.ObservabilityService     : LAB9 Observability window=1m category=db.rent.findAll count=2604 sumNanos=402523709308 avgNanos=154578997
zil-app                 | 2026-05-04T14:45:04.483Z  INFO 1 --- [   scheduling-1] r.observability.ObservabilityService     : LAB9 Observability window=1m category=web.CarController.getCars count=2599 sumNanos=404610854915 avgNanos=155679436
zil-app                 | 2026-05-04T14:45:04.483Z  INFO 1 --- [   scheduling-1] r.observability.ObservabilityService     : LAB9 Observability window=1m category=db.car.findAll count=2599 sumNanos=404604230112 avgNanos=155676887
zil-app                 | 2026-05-04T14:45:09.484Z  INFO 1 --- [   scheduling-1] r.observability.ObservabilityService     : LAB9 Observability window=10s category=web.ClientController.getClients count=1 sumNanos=200244968 avgNanos=200244968
zil-app                 | 2026-05-04T14:45:09.484Z  INFO 1 --- [   scheduling-1] r.observability.ObservabilityService     : LAB9 Observability window=10s category=db.client.findAll count=1 sumNanos=200242186 avgNanos=200242186
zil-app                 | 2026-05-04T14:45:09.484Z  INFO 1 --- [   scheduling-1] r.observability.ObservabilityService     : LAB9 Observability window=10s category=web.RentController.getRents count=46 sumNanos=7443948871 avgNanos=161824975
zil-app                 | 2026-05-04T14:45:09.484Z  INFO 1 --- [   scheduling-1] r.observability.ObservabilityService     : LAB9 Observability window=10s category=db.rent.findAll count=46 sumNanos=7443915837 avgNanos=161824257
zil-app                 | 2026-05-04T14:45:09.484Z  INFO 1 --- [   scheduling-1] r.observability.ObservabilityService     : LAB9 Observability window=10s category=web.CarController.getCars count=37 sumNanos=6538076064 avgNanos=176704758
zil-app                 | 2026-05-04T14:45:09.484Z  INFO 1 --- [   scheduling-1] r.observability.ObservabilityService     : LAB9 Observability window=10s category=db.car.findAll count=37 sumNanos=6538029885 avgNanos=176703510
zil-app                 | 2026-05-04T14:45:09.484Z  INFO 1 --- [   scheduling-1] r.observability.ObservabilityService     : LAB9 Observability window=30s category=web.ClientController.getClients count=43 sumNanos=7648304529 avgNanos=177867547
zil-app                 | 2026-05-04T14:45:09.484Z  INFO 1 --- [   scheduling-1] r.observability.ObservabilityService     : LAB9 Observability window=30s category=db.client.findAll count=43 sumNanos=7646854637 avgNanos=177833828
zil-app                 | 2026-05-04T14:45:09.484Z  INFO 1 --- [   scheduling-1] r.observability.ObservabilityService     : LAB9 Observability window=30s category=web.RentController.getRents count=979 sumNanos=151320540548 avgNanos=154566435
zil-app                 | 2026-05-04T14:45:09.484Z  INFO 1 --- [   scheduling-1] r.observability.ObservabilityService     : LAB9 Observability window=30s category=db.rent.findAll count=979 sumNanos=151318706876 avgNanos=154564562
zil-app                 | 2026-05-04T14:45:09.484Z  INFO 1 --- [   scheduling-1] r.observability.ObservabilityService     : LAB9 Observability window=30s category=web.CarController.getCars count=973 sumNanos=152931254511 avgNanos=157174978
zil-app                 | 2026-05-04T14:45:09.484Z  INFO 1 --- [   scheduling-1] r.observability.ObservabilityService     : LAB9 Observability window=30s category=db.car.findAll count=973 sumNanos=152930147582 avgNanos=157173841
zil-app                 | 2026-05-04T14:45:09.485Z  INFO 1 --- [   scheduling-1] r.observability.ObservabilityService     : LAB9 Observability window=1m category=web.ClientController.getClients count=115 sumNanos=21095408390 avgNanos=183438333
zil-app                 | 2026-05-04T14:45:09.485Z  INFO 1 --- [   scheduling-1] r.observability.ObservabilityService     : LAB9 Observability window=1m category=db.client.findAll count=115 sumNanos=21092340564 avgNanos=183411657
zil-app                 | 2026-05-04T14:45:09.485Z  INFO 1 --- [   scheduling-1] r.observability.ObservabilityService     : LAB9 Observability window=1m category=web.RentController.getRents count=2373 sumNanos=367766418254 avgNanos=154979527
zil-app                 | 2026-05-04T14:45:09.485Z  INFO 1 --- [   scheduling-1] r.observability.ObservabilityService     : LAB9 Observability window=1m category=db.rent.findAll count=2373 sumNanos=367761842388 avgNanos=154977598
zil-app                 | 2026-05-04T14:45:09.485Z  INFO 1 --- [   scheduling-1] r.observability.ObservabilityService     : LAB9 Observability window=1m category=web.CarController.getCars count=2363 sumNanos=367690349795 avgNanos=155603195
zil-app                 | 2026-05-04T14:45:09.485Z  INFO 1 --- [   scheduling-1] r.observability.ObservabilityService     : LAB9 Observability window=1m category=db.car.findAll count=2363 sumNanos=367684822459 avgNanos=155600855
zil-app                 | 2026-05-04T14:45:14.485Z  INFO 1 --- [   scheduling-1] r.observability.ObservabilityService     : LAB9 Observability window=30s category=web.ClientController.getClients count=29 sumNanos=5147068149 avgNanos=177485108
zil-app                 | 2026-05-04T14:45:14.486Z  INFO 1 --- [   scheduling-1] r.observability.ObservabilityService     : LAB9 Observability window=30s category=db.client.findAll count=29 sumNanos=5146763920 avgNanos=177474617
zil-app                 | 2026-05-04T14:45:14.486Z  INFO 1 --- [   scheduling-1] r.observability.ObservabilityService     : LAB9 Observability window=30s category=web.RentController.getRents count=750 sumNanos=115988974946 avgNanos=154651966
zil-app                 | 2026-05-04T14:45:14.486Z  INFO 1 --- [   scheduling-1] r.observability.ObservabilityService     : LAB9 Observability window=30s category=db.rent.findAll count=750 sumNanos=115988076288 avgNanos=154650768
zil-app                 | 2026-05-04T14:45:14.486Z  INFO 1 --- [   scheduling-1] r.observability.ObservabilityService     : LAB9 Observability window=30s category=web.CarController.getCars count=740 sumNanos=116573800583 avgNanos=157532162
zil-app                 | 2026-05-04T14:45:14.486Z  INFO 1 --- [   scheduling-1] r.observability.ObservabilityService     : LAB9 Observability window=30s category=db.car.findAll count=740 sumNanos=116573023053 avgNanos=157531112
zil-app                 | 2026-05-04T14:45:14.486Z  INFO 1 --- [   scheduling-1] r.observability.ObservabilityService     : LAB9 Observability window=1m category=web.ClientController.getClients count=104 sumNanos=18830667132 avgNanos=181064107
zil-app                 | 2026-05-04T14:45:14.486Z  INFO 1 --- [   scheduling-1] r.observability.ObservabilityService     : LAB9 Observability window=1m category=db.client.findAll count=104 sumNanos=18827688740 avgNanos=181035468
zil-app                 | 2026-05-04T14:45:14.486Z  INFO 1 --- [   scheduling-1] r.observability.ObservabilityService     : LAB9 Observability window=1m category=web.RentController.getRents count=2141 sumNanos=332017533830 avgNanos=155075914
zil-app                 | 2026-05-04T14:45:14.486Z  INFO 1 --- [   scheduling-1] r.observability.ObservabilityService     : LAB9 Observability window=1m category=db.rent.findAll count=2141 sumNanos=332013559085 avgNanos=155074058
zil-app                 | 2026-05-04T14:45:14.486Z  INFO 1 --- [   scheduling-1] r.observability.ObservabilityService     : LAB9 Observability window=1m category=web.CarController.getCars count=2133 sumNanos=332438256740 avgNanos=155854785
zil-app                 | 2026-05-04T14:45:14.486Z  INFO 1 --- [   scheduling-1] r.observability.ObservabilityService     : LAB9 Observability window=1m category=db.car.findAll count=2133 sumNanos=332434527240 avgNanos=155853036
zil-app                 | 2026-05-04T14:45:19.487Z  INFO 1 --- [   scheduling-1] r.observability.ObservabilityService     : LAB9 Observability window=30s category=web.ClientController.getClients count=23 sumNanos=4036886082 avgNanos=175516786
zil-app                 | 2026-05-04T14:45:19.487Z  INFO 1 --- [   scheduling-1] r.observability.ObservabilityService     : LAB9 Observability window=30s category=db.client.findAll count=23 sumNanos=4036634678 avgNanos=175505855
zil-app                 | 2026-05-04T14:45:19.487Z  INFO 1 --- [   scheduling-1] r.observability.ObservabilityService     : LAB9 Observability window=30s category=web.RentController.getRents count=513 sumNanos=79203016986 avgNanos=154391845
zil-app                 | 2026-05-04T14:45:19.487Z  INFO 1 --- [   scheduling-1] r.observability.ObservabilityService     : LAB9 Observability window=30s category=db.rent.findAll count=513 sumNanos=79202259150 avgNanos=154390368
zil-app                 | 2026-05-04T14:45:19.487Z  INFO 1 --- [   scheduling-1] r.observability.ObservabilityService     : LAB9 Observability window=30s category=web.CarController.getCars count=504 sumNanos=79547497117 avgNanos=157832335
zil-app                 | 2026-05-04T14:45:19.487Z  INFO 1 --- [   scheduling-1] r.observability.ObservabilityService     : LAB9 Observability window=30s category=db.car.findAll count=504 sumNanos=79546875219 avgNanos=157831101
zil-app                 | 2026-05-04T14:45:19.487Z  INFO 1 --- [   scheduling-1] r.observability.ObservabilityService     : LAB9 Observability window=1m category=web.ClientController.getClients count=92 sumNanos=16576924082 avgNanos=180183957
zil-app                 | 2026-05-04T14:45:19.487Z  INFO 1 --- [   scheduling-1] r.observability.ObservabilityService     : LAB9 Observability window=1m category=db.client.findAll count=92 sumNanos=16575036777 avgNanos=180163443
zil-app                 | 2026-05-04T14:45:19.487Z  INFO 1 --- [   scheduling-1] r.observability.ObservabilityService     : LAB9 Observability window=1m category=web.RentController.getRents count=1905 sumNanos=296026620165 avgNanos=155394551
zil-app                 | 2026-05-04T14:45:19.487Z  INFO 1 --- [   scheduling-1] r.observability.ObservabilityService     : LAB9 Observability window=1m category=db.rent.findAll count=1905 sumNanos=296023349386 avgNanos=155392834
zil-app                 | 2026-05-04T14:45:19.487Z  INFO 1 --- [   scheduling-1] r.observability.ObservabilityService     : LAB9 Observability window=1m category=web.CarController.getCars count=1896 sumNanos=296077162613 avgNanos=156158841
zil-app                 | 2026-05-04T14:45:19.487Z  INFO 1 --- [   scheduling-1] r.observability.ObservabilityService     : LAB9 Observability window=1m category=db.car.findAll count=1896 sumNanos=296074433600 avgNanos=156157401
zil-app                 | 2026-05-04T14:45:24.488Z  INFO 1 --- [   scheduling-1] r.observability.ObservabilityService     : LAB9 Observability window=30s category=web.ClientController.getClients count=16 sumNanos=2917675429 avgNanos=182354714
zil-app                 | 2026-05-04T14:45:24.488Z  INFO 1 --- [   scheduling-1] r.observability.ObservabilityService     : LAB9 Observability window=30s category=db.client.findAll count=16 sumNanos=2917482693 avgNanos=182342668
zil-app                 | 2026-05-04T14:45:24.488Z  INFO 1 --- [   scheduling-1] r.observability.ObservabilityService     : LAB9 Observability window=30s category=web.RentController.getRents count=272 sumNanos=42177244868 avgNanos=155063400
zil-app                 | 2026-05-04T14:45:24.488Z  INFO 1 --- [   scheduling-1] r.observability.ObservabilityService     : LAB9 Observability window=30s category=db.rent.findAll count=272 sumNanos=42176648870 avgNanos=155061209
zil-app                 | 2026-05-04T14:45:24.488Z  INFO 1 --- [   scheduling-1] r.observability.ObservabilityService     : LAB9 Observability window=30s category=web.CarController.getCars count=266 sumNanos=44111285459 avgNanos=165831900
zil-app                 | 2026-05-04T14:45:24.488Z  INFO 1 --- [   scheduling-1] r.observability.ObservabilityService     : LAB9 Observability window=30s category=db.car.findAll count=266 sumNanos=44111059037 avgNanos=165831049
zil-app                 | 2026-05-04T14:45:24.488Z  INFO 1 --- [   scheduling-1] r.observability.ObservabilityService     : LAB9 Observability window=1m category=web.ClientController.getClients count=79 sumNanos=14365774292 avgNanos=181845244
zil-app                 | 2026-05-04T14:45:24.489Z  INFO 1 --- [   scheduling-1] r.observability.ObservabilityService     : LAB9 Observability window=1m category=db.client.findAll count=79 sumNanos=14364013748 avgNanos=181822958
zil-app                 | 2026-05-04T14:45:24.489Z  INFO 1 --- [   scheduling-1] r.observability.ObservabilityService     : LAB9 Observability window=1m category=web.RentController.getRents count=1673 sumNanos=260546325557 avgNanos=155735998
zil-app                 | 2026-05-04T14:45:24.489Z  INFO 1 --- [   scheduling-1] r.observability.ObservabilityService     : LAB9 Observability window=1m category=db.rent.findAll count=1673 sumNanos=260543459482 avgNanos=155734285
zil-app                 | 2026-05-04T14:45:24.489Z  INFO 1 --- [   scheduling-1] r.observability.ObservabilityService     : LAB9 Observability window=1m category=web.CarController.getCars count=1664 sumNanos=259214180314 avgNanos=155777752
zil-app                 | 2026-05-04T14:45:24.489Z  INFO 1 --- [   scheduling-1] r.observability.ObservabilityService     : LAB9 Observability window=1m category=db.car.findAll count=1664 sumNanos=259211830876 avgNanos=155776340
zil-app                 | 2026-05-04T14:45:29.489Z  INFO 1 --- [   scheduling-1] r.observability.ObservabilityService     : LAB9 Observability window=30s category=web.ClientController.getClients count=1 sumNanos=200244968 avgNanos=200244968
zil-app                 | 2026-05-04T14:45:29.489Z  INFO 1 --- [   scheduling-1] r.observability.ObservabilityService     : LAB9 Observability window=30s category=db.client.findAll count=1 sumNanos=200242186 avgNanos=200242186
zil-app                 | 2026-05-04T14:45:29.489Z  INFO 1 --- [   scheduling-1] r.observability.ObservabilityService     : LAB9 Observability window=30s category=web.RentController.getRents count=45 sumNanos=7065898935 avgNanos=157019976
zil-app                 | 2026-05-04T14:45:29.489Z  INFO 1 --- [   scheduling-1] r.observability.ObservabilityService     : LAB9 Observability window=30s category=db.rent.findAll count=45 sumNanos=7065866384 avgNanos=157019252
zil-app                 | 2026-05-04T14:45:29.489Z  INFO 1 --- [   scheduling-1] r.observability.ObservabilityService     : LAB9 Observability window=30s category=web.CarController.getCars count=37 sumNanos=6538076064 avgNanos=176704758
zil-app                 | 2026-05-04T14:45:29.489Z  INFO 1 --- [   scheduling-1] r.observability.ObservabilityService     : LAB9 Observability window=30s category=db.car.findAll count=37 sumNanos=6538029885 avgNanos=176703510
zil-app                 | 2026-05-04T14:45:29.489Z  INFO 1 --- [   scheduling-1] r.observability.ObservabilityService     : LAB9 Observability window=1m category=web.ClientController.getClients count=67 sumNanos=12121456281 avgNanos=180917257
zil-app                 | 2026-05-04T14:45:29.489Z  INFO 1 --- [   scheduling-1] r.observability.ObservabilityService     : LAB9 Observability window=1m category=db.client.findAll count=67 sumNanos=12119791967 avgNanos=180892417
zil-app                 | 2026-05-04T14:45:29.490Z  INFO 1 --- [   scheduling-1] r.observability.ObservabilityService     : LAB9 Observability window=1m category=web.RentController.getRents count=1444 sumNanos=225336447309 avgNanos=156050171
zil-app                 | 2026-05-04T14:45:29.490Z  INFO 1 --- [   scheduling-1] r.observability.ObservabilityService     : LAB9 Observability window=1m category=db.rent.findAll count=1444 sumNanos=225333926764 avgNanos=156048425
zil-app                 | 2026-05-04T14:45:29.490Z  INFO 1 --- [   scheduling-1] r.observability.ObservabilityService     : LAB9 Observability window=1m category=web.CarController.getCars count=1433 sumNanos=223361551751 avgNanos=155869889
zil-app                 | 2026-05-04T14:45:29.490Z  INFO 1 --- [   scheduling-1] r.observability.ObservabilityService     : LAB9 Observability window=1m category=db.car.findAll count=1433 sumNanos=223359590997 avgNanos=155868521
zil-app                 | 2026-05-04T14:45:34.490Z  INFO 1 --- [   scheduling-1] r.observability.ObservabilityService     : LAB9 Observability window=1m category=web.ClientController.getClients count=56 sumNanos=10192063073 avgNanos=182001126
zil-app                 | 2026-05-04T14:45:34.490Z  INFO 1 --- [   scheduling-1] r.observability.ObservabilityService     : LAB9 Observability window=1m category=db.client.findAll count=56 sumNanos=10190497142 avgNanos=181973163
zil-app                 | 2026-05-04T14:45:34.490Z  INFO 1 --- [   scheduling-1] r.observability.ObservabilityService     : LAB9 Observability window=1m category=web.RentController.getRents count=1212 sumNanos=187723463872 avgNanos=154887346
zil-app                 | 2026-05-04T14:45:34.490Z  INFO 1 --- [   scheduling-1] r.observability.ObservabilityService     : LAB9 Observability window=1m category=db.rent.findAll count=1212 sumNanos=187721296436 avgNanos=154885558
zil-app                 | 2026-05-04T14:45:34.490Z  INFO 1 --- [   scheduling-1] r.observability.ObservabilityService     : LAB9 Observability window=1m category=web.CarController.getCars count=1205 sumNanos=187540694174 avgNanos=155635430
zil-app                 | 2026-05-04T14:45:34.491Z  INFO 1 --- [   scheduling-1] r.observability.ObservabilityService     : LAB9 Observability window=1m category=db.car.findAll count=1205 sumNanos=187539224910 avgNanos=155634211
zil-app                 | 2026-05-04T14:45:39.492Z  INFO 1 --- [   scheduling-1] r.observability.ObservabilityService     : LAB9 Observability window=10s category=web.ClientController.getClients count=11 sumNanos=2057787329 avgNanos=187071575
zil-app                 | 2026-05-04T14:45:39.492Z  INFO 1 --- [   scheduling-1] r.observability.ObservabilityService     : LAB9 Observability window=10s category=db.client.findAll count=11 sumNanos=2057771313 avgNanos=187070119
zil-app                 | 2026-05-04T14:45:39.492Z  INFO 1 --- [   scheduling-1] r.observability.ObservabilityService     : LAB9 Observability window=10s category=web.RentController.getRents count=21 sumNanos=3859073969 avgNanos=183765427
zil-app                 | 2026-05-04T14:45:39.492Z  INFO 1 --- [   scheduling-1] r.observability.ObservabilityService     : LAB9 Observability window=10s category=db.rent.findAll count=21 sumNanos=3859056459 avgNanos=183764593
zil-app                 | 2026-05-04T14:45:39.492Z  INFO 1 --- [   scheduling-1] r.observability.ObservabilityService     : LAB9 Observability window=10s category=web.CarController.getCars count=29 sumNanos=4796457427 avgNanos=165395083
zil-app                 | 2026-05-04T14:45:39.492Z  INFO 1 --- [   scheduling-1] r.observability.ObservabilityService     : LAB9 Observability window=10s category=db.car.findAll count=29 sumNanos=4796439127 avgNanos=165394452
zil-app                 | 2026-05-04T14:45:39.492Z  INFO 1 --- [   scheduling-1] r.observability.ObservabilityService     : LAB9 Observability window=30s category=web.ClientController.getClients count=11 sumNanos=2057787329 avgNanos=187071575
zil-app                 | 2026-05-04T14:45:39.492Z  INFO 1 --- [   scheduling-1] r.observability.ObservabilityService     : LAB9 Observability window=30s category=db.client.findAll count=11 sumNanos=2057771313 avgNanos=187070119
zil-app                 | 2026-05-04T14:45:39.492Z  INFO 1 --- [   scheduling-1] r.observability.ObservabilityService     : LAB9 Observability window=30s category=web.RentController.getRents count=21 sumNanos=3859073969 avgNanos=183765427
zil-app                 | 2026-05-04T14:45:39.492Z  INFO 1 --- [   scheduling-1] r.observability.ObservabilityService     : LAB9 Observability window=30s category=db.rent.findAll count=21 sumNanos=3859056459 avgNanos=183764593
zil-app                 | 2026-05-04T14:45:39.492Z  INFO 1 --- [   scheduling-1] r.observability.ObservabilityService     : LAB9 Observability window=30s category=web.CarController.getCars count=29 sumNanos=4796457427 avgNanos=165395083
zil-app                 | 2026-05-04T14:45:39.492Z  INFO 1 --- [   scheduling-1] r.observability.ObservabilityService     : LAB9 Observability window=30s category=db.car.findAll count=29 sumNanos=4796439127 avgNanos=165394452
zil-app                 | 2026-05-04T14:45:39.492Z  INFO 1 --- [   scheduling-1] r.observability.ObservabilityService     : LAB9 Observability window=1m category=web.ClientController.getClients count=54 sumNanos=9706091858 avgNanos=179742441
zil-app                 | 2026-05-04T14:45:39.492Z  INFO 1 --- [   scheduling-1] r.observability.ObservabilityService     : LAB9 Observability window=1m category=db.client.findAll count=54 sumNanos=9704625950 avgNanos=179715295
zil-app                 | 2026-05-04T14:45:39.492Z  INFO 1 --- [   scheduling-1] r.observability.ObservabilityService     : LAB9 Observability window=1m category=web.RentController.getRents count=999 sumNanos=155066624102 avgNanos=155221845
zil-app                 | 2026-05-04T14:45:39.492Z  INFO 1 --- [   scheduling-1] r.observability.ObservabilityService     : LAB9 Observability window=1m category=db.rent.findAll count=999 sumNanos=155064774010 avgNanos=155219994
zil-app                 | 2026-05-04T14:45:39.492Z  INFO 1 --- [   scheduling-1] r.observability.ObservabilityService     : LAB9 Observability window=1m category=web.CarController.getCars count=999 sumNanos=157364792549 avgNanos=157522314
zil-app                 | 2026-05-04T14:45:39.492Z  INFO 1 --- [   scheduling-1] r.observability.ObservabilityService     : LAB9 Observability window=1m category=db.car.findAll count=999 sumNanos=157363671502 avgNanos=157521192
zil-app                 | 2026-05-04T14:45:44.493Z  INFO 1 --- [   scheduling-1] r.observability.ObservabilityService     : LAB9 Observability window=10s category=web.ClientController.getClients count=103 sumNanos=20273573829 avgNanos=196830813
zil-app                 | 2026-05-04T14:45:44.493Z  INFO 1 --- [   scheduling-1] r.observability.ObservabilityService     : LAB9 Observability window=10s category=db.client.findAll count=103 sumNanos=20273382669 avgNanos=196828957
zil-app                 | 2026-05-04T14:45:44.493Z  INFO 1 --- [   scheduling-1] r.observability.ObservabilityService     : LAB9 Observability window=10s category=web.RentController.getRents count=196 sumNanos=35616194859 avgNanos=181715279
zil-app                 | 2026-05-04T14:45:44.493Z  INFO 1 --- [   scheduling-1] r.observability.ObservabilityService     : LAB9 Observability window=10s category=db.rent.findAll count=196 sumNanos=35616058406 avgNanos=181714583
zil-app                 | 2026-05-04T14:45:44.493Z  INFO 1 --- [   scheduling-1] r.observability.ObservabilityService     : LAB9 Observability window=10s category=web.CarController.getCars count=209 sumNanos=35180662582 avgNanos=168328529
zil-app                 | 2026-05-04T14:45:44.494Z  INFO 1 --- [   scheduling-1] r.observability.ObservabilityService     : LAB9 Observability window=10s category=db.car.findAll count=209 sumNanos=35180537290 avgNanos=168327929
zil-app                 | 2026-05-04T14:45:44.494Z  INFO 1 --- [   scheduling-1] r.observability.ObservabilityService     : LAB9 Observability window=30s category=web.ClientController.getClients count=103 sumNanos=20273573829 avgNanos=196830813
zil-app                 | 2026-05-04T14:45:44.494Z  INFO 1 --- [   scheduling-1] r.observability.ObservabilityService     : LAB9 Observability window=30s category=db.client.findAll count=103 sumNanos=20273382669 avgNanos=196828957
zil-app                 | 2026-05-04T14:45:44.494Z  INFO 1 --- [   scheduling-1] r.observability.ObservabilityService     : LAB9 Observability window=30s category=web.RentController.getRents count=196 sumNanos=35616194859 avgNanos=181715279
zil-app                 | 2026-05-04T14:45:44.494Z  INFO 1 --- [   scheduling-1] r.observability.ObservabilityService     : LAB9 Observability window=30s category=db.rent.findAll count=196 sumNanos=35616058406 avgNanos=181714583
zil-app                 | 2026-05-04T14:45:44.494Z  INFO 1 --- [   scheduling-1] r.observability.ObservabilityService     : LAB9 Observability window=30s category=web.CarController.getCars count=209 sumNanos=35180662582 avgNanos=168328529
zil-app                 | 2026-05-04T14:45:44.494Z  INFO 1 --- [   scheduling-1] r.observability.ObservabilityService     : LAB9 Observability window=30s category=db.car.findAll count=209 sumNanos=35180537290 avgNanos=168327929
zil-app                 | 2026-05-04T14:45:44.494Z  INFO 1 --- [   scheduling-1] r.observability.ObservabilityService     : LAB9 Observability window=1m category=web.ClientController.getClients count=132 sumNanos=25420641978 avgNanos=192580621
zil-app                 | 2026-05-04T14:45:44.494Z  INFO 1 --- [   scheduling-1] r.observability.ObservabilityService     : LAB9 Observability window=1m category=db.client.findAll count=132 sumNanos=25420146589 avgNanos=192576868
zil-app                 | 2026-05-04T14:45:44.494Z  INFO 1 --- [   scheduling-1] r.observability.ObservabilityService     : LAB9 Observability window=1m category=web.RentController.getRents count=946 sumNanos=151605169805 avgNanos=160259164
zil-app                 | 2026-05-04T14:45:44.494Z  INFO 1 --- [   scheduling-1] r.observability.ObservabilityService     : LAB9 Observability window=1m category=db.rent.findAll count=946 sumNanos=151604134694 avgNanos=160258070
zil-app                 | 2026-05-04T14:45:44.494Z  INFO 1 --- [   scheduling-1] r.observability.ObservabilityService     : LAB9 Observability window=1m category=web.CarController.getCars count=949 sumNanos=151754463165 avgNanos=159909866
zil-app                 | 2026-05-04T14:45:44.494Z  INFO 1 --- [   scheduling-1] r.observability.ObservabilityService     : LAB9 Observability window=1m category=db.car.findAll count=949 sumNanos=151753560343 avgNanos=159908915
zil-app                 | 2026-05-04T14:45:49.496Z  INFO 1 --- [   scheduling-1] r.observability.ObservabilityService     : LAB9 Observability window=10s category=web.ClientController.getClients count=184 sumNanos=36350696134 avgNanos=197558131
zil-app                 | 2026-05-04T14:45:49.497Z  INFO 1 --- [   scheduling-1] r.observability.ObservabilityService     : LAB9 Observability window=10s category=web.RentController.getRents count=356 sumNanos=63522659420 avgNanos=178434436
zil-app                 | 2026-05-04T14:45:49.497Z  INFO 1 --- [   scheduling-1] r.observability.ObservabilityService     : LAB9 Observability window=10s category=db.client.findAll count=184 sumNanos=36350314448 avgNanos=197556056
zil-app                 | 2026-05-04T14:45:49.497Z  INFO 1 --- [   scheduling-1] r.observability.ObservabilityService     : LAB9 Observability window=10s category=db.rent.findAll count=356 sumNanos=63522428843 avgNanos=178433788
zil-app                 | 2026-05-04T14:45:49.497Z  INFO 1 --- [   scheduling-1] r.observability.ObservabilityService     : LAB9 Observability window=10s category=web.CarController.getCars count=360 sumNanos=60975372422 avgNanos=169376034
zil-app                 | 2026-05-04T14:45:49.497Z  INFO 1 --- [   scheduling-1] r.observability.ObservabilityService     : LAB9 Observability window=10s category=db.car.findAll count=360 sumNanos=60975142409 avgNanos=169375395
zil-app                 | 2026-05-04T14:45:49.497Z  INFO 1 --- [   scheduling-1] r.observability.ObservabilityService     : LAB9 Observability window=30s category=web.ClientController.getClients count=195 sumNanos=38408483463 avgNanos=196966581
zil-app                 | 2026-05-04T14:45:49.497Z  INFO 1 --- [   scheduling-1] r.observability.ObservabilityService     : LAB9 Observability window=30s category=db.client.findAll count=195 sumNanos=38408085761 avgNanos=196964542
zil-app                 | 2026-05-04T14:45:49.497Z  INFO 1 --- [   scheduling-1] r.observability.ObservabilityService     : LAB9 Observability window=30s category=web.RentController.getRents count=377 sumNanos=67381733389 avgNanos=178731388
zil-app                 | 2026-05-04T14:45:49.497Z  INFO 1 --- [   scheduling-1] r.observability.ObservabilityService     : LAB9 Observability window=30s category=db.rent.findAll count=377 sumNanos=67381485302 avgNanos=178730730
zil-app                 | 2026-05-04T14:45:49.497Z  INFO 1 --- [   scheduling-1] r.observability.ObservabilityService     : LAB9 Observability window=30s category=web.CarController.getCars count=389 sumNanos=65771829849 avgNanos=169079254
zil-app                 | 2026-05-04T14:45:49.497Z  INFO 1 --- [   scheduling-1] r.observability.ObservabilityService     : LAB9 Observability window=30s category=db.car.findAll count=389 sumNanos=65771581536 avgNanos=169078615
zil-app                 | 2026-05-04T14:45:49.497Z  INFO 1 --- [   scheduling-1] r.observability.ObservabilityService     : LAB9 Observability window=1m category=web.ClientController.getClients count=218 sumNanos=42445369545 avgNanos=194703530
zil-app                 | 2026-05-04T14:45:49.497Z  INFO 1 --- [   scheduling-1] r.observability.ObservabilityService     : LAB9 Observability window=1m category=db.client.findAll count=218 sumNanos=42444720439 avgNanos=194700552
zil-app                 | 2026-05-04T14:45:49.497Z  INFO 1 --- [   scheduling-1] r.observability.ObservabilityService     : LAB9 Observability window=1m category=web.RentController.getRents count=888 sumNanos=146301098850 avgNanos=164753489
zil-app                 | 2026-05-04T14:45:49.497Z  INFO 1 --- [   scheduling-1] r.observability.ObservabilityService     : LAB9 Observability window=1m category=db.rent.findAll count=888 sumNanos=146300094198 avgNanos=164752358
zil-app                 | 2026-05-04T14:45:49.497Z  INFO 1 --- [   scheduling-1] r.observability.ObservabilityService     : LAB9 Observability window=1m category=web.CarController.getCars count=893 sumNanos=145319326966 avgNanos=162731609
zil-app                 | 2026-05-04T14:45:49.497Z  INFO 1 --- [   scheduling-1] r.observability.ObservabilityService     : LAB9 Observability window=1m category=db.car.findAll count=893 sumNanos=145318456755 avgNanos=162730634
zil-app                 | 2026-05-04T14:45:54.526Z  INFO 1 --- [   scheduling-1] r.observability.ObservabilityService     : LAB9 Observability window=10s category=web.ClientController.getClients count=186 sumNanos=36257121393 avgNanos=194930760
zil-app                 | 2026-05-04T14:45:54.526Z  INFO 1 --- [   scheduling-1] r.observability.ObservabilityService     : LAB9 Observability window=10s category=db.client.findAll count=186 sumNanos=36256225347 avgNanos=194925942
zil-app                 | 2026-05-04T14:45:54.533Z  INFO 1 --- [   scheduling-1] r.observability.ObservabilityService     : LAB9 Observability window=10s category=web.RentController.getRents count=362 sumNanos=63618111137 avgNanos=175740638
zil-app                 | 2026-05-04T14:45:54.534Z  INFO 1 --- [   scheduling-1] r.observability.ObservabilityService     : LAB9 Observability window=10s category=db.rent.findAll count=362 sumNanos=63617850004 avgNanos=175739917
zil-app                 | 2026-05-04T14:45:54.534Z  INFO 1 --- [   scheduling-1] r.observability.ObservabilityService     : LAB9 Observability window=10s category=web.CarController.getCars count=361 sumNanos=61439335588 avgNanos=170192065
zil-app                 | 2026-05-04T14:45:54.534Z  INFO 1 --- [   scheduling-1] r.observability.ObservabilityService     : LAB9 Observability window=10s category=db.car.findAll count=361 sumNanos=61439062540 avgNanos=170191308
zil-additional-service  | 2026-05-04T14:48:43.077Z  INFO 1 --- [zil-additional-service] [   scheduling-1] r.a.observability.ObservabilityService   : LAB9 Observability window=30s category=web.additional.stats count=467 sumNanos=265740307441 avgNanos=569037060
zil-additional-service  | 2026-05-04T14:48:43.077Z  INFO 1 --- [zil-additional-service] [   scheduling-1] r.a.observability.ObservabilityService   : LAB9 Observability window=30s category=http.main.rents count=936 sumNanos=174781569176 avgNanos=186732445
zil-additional-service  | 2026-05-04T14:48:43.077Z  INFO 1 --- [zil-additional-service] [   scheduling-1] r.a.observability.ObservabilityService   : LAB9 Observability window=30s category=http.main.cars count=927 sumNanos=164076024351 avgNanos=176996790
zil-additional-service  | 2026-05-04T14:48:43.077Z  INFO 1 --- [zil-additional-service] [   scheduling-1] r.a.observability.ObservabilityService   : LAB9 Observability window=30s category=web.additional.availability_new count=469 sumNanos=170330772607 avgNanos=363178619
zil-additional-service  | 2026-05-04T14:48:43.077Z  INFO 1 --- [zil-additional-service] [   scheduling-1] r.a.observability.ObservabilityService   : LAB9 Observability window=30s category=additional.statsComputation.availability.allCitiesAllDates count=469 sumNanos=102491084 avgNanos=218531
zil-additional-service  | 2026-05-04T14:48:43.078Z  INFO 1 --- [zil-additional-service] [   scheduling-1] r.a.observability.ObservabilityService   : LAB9 Observability window=1m category=additional.statsComputation.stats count=999 sumNanos=2868860 avgNanos=2871
zil-additional-service  | 2026-05-04T14:48:43.078Z  INFO 1 --- [zil-additional-service] [   scheduling-1] r.a.observability.ObservabilityService   : LAB9 Observability window=1m category=web.additional.stats count=999 sumNanos=567690756924 avgNanos=568259015
zil-additional-service  | 2026-05-04T14:48:43.078Z  INFO 1 --- [zil-additional-service] [   scheduling-1] r.a.observability.ObservabilityService   : LAB9 Observability window=1m category=http.main.clients count=997 sumNanos=203004774517 avgNanos=203615621
zil-additional-service  | 2026-05-04T14:48:43.078Z  INFO 1 --- [zil-additional-service] [   scheduling-1] r.a.observability.ObservabilityService   : LAB9 Observability window=1m category=http.main.rents count=2025 sumNanos=374432600644 avgNanos=184904987
zil-additional-service  | 2026-05-04T14:48:43.078Z  INFO 1 --- [zil-additional-service] [   scheduling-1] r.a.observability.ObservabilityService   : LAB9 Observability window=1m category=http.main.cars count=2015 sumNanos=359208934253 avgNanos=178267461
zil-additional-service  | 2026-05-04T14:48:43.078Z  INFO 1 --- [zil-additional-service] [   scheduling-1] r.a.observability.ObservabilityService   : LAB9 Observability window=1m category=web.additional.availability_new count=1026 sumNanos=371306592868 avgNanos=361897264
zil-additional-service  | 2026-05-04T14:48:43.078Z  INFO 1 --- [zil-additional-service] [   scheduling-1] r.a.observability.ObservabilityService   : LAB9 Observability window=1m category=additional.statsComputation.availability.allCitiesAllDates count=1026 sumNanos=190320204 avgNanos=185497
zil-additional-service  | 2026-05-04T14:48:48.078Z  INFO 1 --- [zil-additional-service] [   scheduling-1] r.a.observability.ObservabilityService   : LAB9 Observability window=10s category=additional.statsComputation.stats count=23 sumNanos=22155 avgNanos=963
zil-additional-service  | 2026-05-04T14:48:48.078Z  INFO 1 --- [zil-additional-service] [   scheduling-1] r.a.observability.ObservabilityService   : LAB9 Observability window=10s category=web.additional.stats count=23 sumNanos=12576779588 avgNanos=546816503
zil-additional-service  | 2026-05-04T14:48:48.078Z  INFO 1 --- [zil-additional-service] [   scheduling-1] r.a.observability.ObservabilityService   : LAB9 Observability window=10s category=http.main.clients count=17 sumNanos=3268683126 avgNanos=192275478
zil-additional-service  | 2026-05-04T14:48:48.079Z  INFO 1 --- [zil-additional-service] [   scheduling-1] r.a.observability.ObservabilityService   : LAB9 Observability window=10s category=http.main.rents count=40 sumNanos=7199667123 avgNanos=179991678
zil-additional-service  | 2026-05-04T14:48:48.079Z  INFO 1 --- [zil-additional-service] [   scheduling-1] r.a.observability.ObservabilityService   : LAB9 Observability window=10s category=http.main.cars count=26 sumNanos=4915103067 avgNanos=189042425
zil-additional-service  | 2026-05-04T14:48:48.079Z  INFO 1 --- [zil-additional-service] [   scheduling-1] r.a.observability.ObservabilityService   : LAB9 Observability window=10s category=web.additional.availability_new count=17 sumNanos=6495613142 avgNanos=382094890
zil-additional-service  | 2026-05-04T14:48:48.079Z  INFO 1 --- [zil-additional-service] [   scheduling-1] r.a.observability.ObservabilityService   : LAB9 Observability window=10s category=additional.statsComputation.availability.allCitiesAllDates count=17 sumNanos=1599868 avgNanos=94109
zil-additional-service  | 2026-05-04T14:48:48.079Z  INFO 1 --- [zil-additional-service] [   scheduling-1] r.a.observability.ObservabilityService   : LAB9 Observability window=30s category=additional.statsComputation.stats count=380 sumNanos=2108692 avgNanos=5549
zil-additional-service  | 2026-05-04T14:48:48.079Z  INFO 1 --- [zil-additional-service] [   scheduling-1] r.a.observability.ObservabilityService   : LAB9 Observability window=30s category=web.additional.stats count=380 sumNanos=214450089217 avgNanos=564342340
zil-additional-service  | 2026-05-04T14:48:48.079Z  INFO 1 --- [zil-additional-service] [   scheduling-1] r.a.observability.ObservabilityService   : LAB9 Observability window=30s category=http.main.clients count=373 sumNanos=75312124660 avgNanos=201909181
zil-additional-service  | 2026-05-04T14:48:48.079Z  INFO 1 --- [zil-additional-service] [   scheduling-1] r.a.observability.ObservabilityService   : LAB9 Observability window=30s category=http.main.rents count=762 sumNanos=142099794831 avgNanos=186482670
zil-additional-service  | 2026-05-04T14:48:48.079Z  INFO 1 --- [zil-additional-service] [   scheduling-1] r.a.observability.ObservabilityService   : LAB9 Observability window=30s category=http.main.cars count=748 sumNanos=131568820129 avgNanos=175894144
zil-additional-service  | 2026-05-04T14:48:48.079Z  INFO 1 --- [zil-additional-service] [   scheduling-1] r.a.observability.ObservabilityService   : LAB9 Observability window=30s category=web.additional.availability_new count=382 sumNanos=138491891611 avgNanos=362544218
zil-additional-service  | 2026-05-04T14:48:48.079Z  INFO 1 --- [zil-additional-service] [   scheduling-1] r.a.observability.ObservabilityService   : LAB9 Observability window=30s category=additional.statsComputation.availability.allCitiesAllDates count=382 sumNanos=74768755 avgNanos=195729
zil-additional-service  | 2026-05-04T14:48:48.079Z  INFO 1 --- [zil-additional-service] [   scheduling-1] r.a.observability.ObservabilityService   : LAB9 Observability window=1m category=additional.statsComputation.stats count=917 sumNanos=2762915 avgNanos=3012
zil-additional-service  | 2026-05-04T14:48:48.079Z  INFO 1 --- [zil-additional-service] [   scheduling-1] r.a.observability.ObservabilityService   : LAB9 Observability window=1m category=web.additional.stats count=917 sumNanos=520234118465 avgNanos=567321830
zil-additional-service  | 2026-05-04T14:48:48.079Z  INFO 1 --- [zil-additional-service] [   scheduling-1] r.a.observability.ObservabilityService   : LAB9 Observability window=1m category=http.main.clients count=916 sumNanos=185867322292 avgNanos=202911923
zil-additional-service  | 2026-05-04T14:48:48.080Z  INFO 1 --- [zil-additional-service] [   scheduling-1] r.a.observability.ObservabilityService   : LAB9 Observability window=1m category=http.main.rents count=1844 sumNanos=341416797819 avgNanos=185150107
zil-additional-service  | 2026-05-04T14:48:48.080Z  INFO 1 --- [zil-additional-service] [   scheduling-1] r.a.observability.ObservabilityService   : LAB9 Observability window=1m category=http.main.cars count=1831 sumNanos=325705574142 avgNanos=177883983
zil-additional-service  | 2026-05-04T14:48:48.080Z  INFO 1 --- [zil-additional-service] [   scheduling-1] r.a.observability.ObservabilityService   : LAB9 Observability window=1m category=web.additional.availability_new count=927 sumNanos=335524937813 avgNanos=361947074
zil-additional-service  | 2026-05-04T14:48:48.080Z  INFO 1 --- [zil-additional-service] [   scheduling-1] r.a.observability.ObservabilityService   : LAB9 Observability window=1m category=additional.statsComputation.availability.allCitiesAllDates count=927 sumNanos=175669966 avgNanos=189503
zil-additional-service  | 2026-05-04T14:48:53.080Z  INFO 1 --- [zil-additional-service] [   scheduling-1] r.a.observability.ObservabilityService   : LAB9 Observability window=30s category=additional.statsComputation.stats count=281 sumNanos=1983422 avgNanos=7058
zil-additional-service  | 2026-05-04T14:48:53.081Z  INFO 1 --- [zil-additional-service] [   scheduling-1] r.a.observability.ObservabilityService   : LAB9 Observability window=30s category=http.main.clients count=278 sumNanos=56123698077 avgNanos=201883806
zil-additional-service  | 2026-05-04T14:48:53.081Z  INFO 1 --- [zil-additional-service] [   scheduling-1] r.a.observability.ObservabilityService   : LAB9 Observability window=30s category=web.additional.stats count=281 sumNanos=159563173211 avgNanos=567840474
zil-additional-service  | 2026-05-04T14:48:53.081Z  INFO 1 --- [zil-additional-service] [   scheduling-1] r.a.observability.ObservabilityService   : LAB9 Observability window=30s category=http.main.rents count=580 sumNanos=108788505820 avgNanos=187566389
zil-additional-service  | 2026-05-04T14:48:53.081Z  INFO 1 --- [zil-additional-service] [   scheduling-1] r.a.observability.ObservabilityService   : LAB9 Observability window=30s category=http.main.cars count=574 sumNanos=100856405967 avgNanos=175708024
zil-additional-service  | 2026-05-04T14:48:53.081Z  INFO 1 --- [zil-additional-service] [   scheduling-1] r.a.observability.ObservabilityService   : LAB9 Observability window=30s category=web.additional.availability_new count=299 sumNanos=108143853657 avgNanos=361685129
zil-additional-service  | 2026-05-04T14:48:53.081Z  INFO 1 --- [zil-additional-service] [   scheduling-1] r.a.observability.ObservabilityService   : LAB9 Observability window=30s category=additional.statsComputation.availability.allCitiesAllDates count=299 sumNanos=50911470 avgNanos=170272
zil-additional-service  | 2026-05-04T14:48:53.081Z  INFO 1 --- [zil-additional-service] [   scheduling-1] r.a.observability.ObservabilityService   : LAB9 Observability window=1m category=additional.statsComputation.stats count=831 sumNanos=2647794 avgNanos=3186
zil-additional-service  | 2026-05-04T14:48:53.081Z  INFO 1 --- [zil-additional-service] [   scheduling-1] r.a.observability.ObservabilityService   : LAB9 Observability window=1m category=http.main.clients count=829 sumNanos=168453073696 avgNanos=203200330
zil-additional-service  | 2026-05-04T14:48:53.081Z  INFO 1 --- [zil-additional-service] [   scheduling-1] r.a.observability.ObservabilityService   : LAB9 Observability window=1m category=web.additional.stats count=831 sumNanos=472438905222 avgNanos=568518538
zil-additional-service  | 2026-05-04T14:48:53.081Z  INFO 1 --- [zil-additional-service] [   scheduling-1] r.a.observability.ObservabilityService   : LAB9 Observability window=1m category=http.main.rents count=1656 sumNanos=306453720677 avgNanos=185056594
zil-additional-service  | 2026-05-04T14:48:53.081Z  INFO 1 --- [zil-additional-service] [   scheduling-1] r.a.observability.ObservabilityService   : LAB9 Observability window=1m category=http.main.cars count=1649 sumNanos=294006812667 avgNanos=178294004
zil-additional-service  | 2026-05-04T14:48:53.081Z  INFO 1 --- [zil-additional-service] [   scheduling-1] r.a.observability.ObservabilityService   : LAB9 Observability window=1m category=web.additional.availability_new count=825 sumNanos=298499025104 avgNanos=361817000
zil-additional-service  | 2026-05-04T14:48:53.081Z  INFO 1 --- [zil-additional-service] [   scheduling-1] r.a.observability.ObservabilityService   : LAB9 Observability window=1m category=additional.statsComputation.availability.allCitiesAllDates count=825 sumNanos=153225949 avgNanos=185728
zil-app                 | 2026-05-04T14:45:54.534Z  INFO 1 --- [   scheduling-1] r.observability.ObservabilityService     : LAB9 Observability window=30s category=web.ClientController.getClients count=290 sumNanos=56799717895 avgNanos=195861096
zil-app                 | 2026-05-04T14:45:54.534Z  INFO 1 --- [   scheduling-1] r.observability.ObservabilityService     : LAB9 Observability window=30s category=db.client.findAll count=290 sumNanos=56798629183 avgNanos=195857342
zil-app                 | 2026-05-04T14:45:54.534Z  INFO 1 --- [   scheduling-1] r.observability.ObservabilityService     : LAB9 Observability window=30s category=web.RentController.getRents count=560 sumNanos=99649595028 avgNanos=177945705
zil-app                 | 2026-05-04T14:45:54.534Z  INFO 1 --- [   scheduling-1] r.observability.ObservabilityService     : LAB9 Observability window=30s category=db.rent.findAll count=560 sumNanos=99649196280 avgNanos=177944993
zil-app                 | 2026-05-04T14:45:54.534Z  INFO 1 --- [   scheduling-1] r.observability.ObservabilityService     : LAB9 Observability window=30s category=web.CarController.getCars count=570 sumNanos=96619998170 avgNanos=169508768
zil-app                 | 2026-05-04T14:45:54.534Z  INFO 1 --- [   scheduling-1] r.observability.ObservabilityService     : LAB9 Observability window=30s category=db.car.findAll count=570 sumNanos=96619599830 avgNanos=169508069
zil-app                 | 2026-05-04T14:45:54.564Z  INFO 1 --- [   scheduling-1] r.observability.ObservabilityService     : LAB9 Observability window=1m category=web.ClientController.getClients count=306 sumNanos=59717393324 avgNanos=195154880
zil-app                 | 2026-05-04T14:45:54.564Z  INFO 1 --- [   scheduling-1] r.observability.ObservabilityService     : LAB9 Observability window=1m category=db.client.findAll count=306 sumNanos=59716111876 avgNanos=195150692
zil-app                 | 2026-05-04T14:45:54.564Z  INFO 1 --- [   scheduling-1] r.observability.ObservabilityService     : LAB9 Observability window=1m category=web.RentController.getRents count=832 sumNanos=141855083958 avgNanos=170498898
zil-app                 | 2026-05-04T14:45:54.564Z  INFO 1 --- [   scheduling-1] r.observability.ObservabilityService     : LAB9 Observability window=1m category=db.rent.findAll count=832 sumNanos=141854088192 avgNanos=170497702
zil-app                 | 2026-05-04T14:45:54.564Z  INFO 1 --- [   scheduling-1] r.observability.ObservabilityService     : LAB9 Observability window=1m category=web.CarController.getCars count=833 sumNanos=140238766210 avgNanos=168353860
zil-app                 | 2026-05-04T14:45:54.564Z  INFO 1 --- [   scheduling-1] r.observability.ObservabilityService     : LAB9 Observability window=1m category=db.car.findAll count=833 sumNanos=140238143161 avgNanos=168353113
zil-app                 | 2026-05-04T14:45:59.565Z  INFO 1 --- [   scheduling-1] r.observability.ObservabilityService     : LAB9 Observability window=10s category=web.ClientController.getClients count=179 sumNanos=35283243943 avgNanos=197113094
zil-app                 | 2026-05-04T14:45:59.566Z  INFO 1 --- [   scheduling-1] r.observability.ObservabilityService     : LAB9 Observability window=10s category=web.RentController.getRents count=361 sumNanos=64186594863 avgNanos=177802201
zil-app                 | 2026-05-04T14:45:59.566Z  INFO 1 --- [   scheduling-1] r.observability.ObservabilityService     : LAB9 Observability window=10s category=db.client.findAll count=179 sumNanos=35282378142 avgNanos=197108257
zil-app                 | 2026-05-04T14:45:59.566Z  INFO 1 --- [   scheduling-1] r.observability.ObservabilityService     : LAB9 Observability window=10s category=db.rent.findAll count=361 sumNanos=64186278290 avgNanos=177801324
zil-app                 | 2026-05-04T14:45:59.566Z  INFO 1 --- [   scheduling-1] r.observability.ObservabilityService     : LAB9 Observability window=10s category=web.CarController.getCars count=357 sumNanos=61299269042 avgNanos=171706635
zil-app                 | 2026-05-04T14:45:59.566Z  INFO 1 --- [   scheduling-1] r.observability.ObservabilityService     : LAB9 Observability window=10s category=db.car.findAll count=357 sumNanos=61299012007 avgNanos=171705915
zil-app                 | 2026-05-04T14:45:59.566Z  INFO 1 --- [   scheduling-1] r.observability.ObservabilityService     : LAB9 Observability window=30s category=web.ClientController.getClients count=376 sumNanos=74130431746 avgNanos=197155403
zil-app                 | 2026-05-04T14:45:59.566Z  INFO 1 --- [   scheduling-1] r.observability.ObservabilityService     : LAB9 Observability window=30s category=db.client.findAll count=376 sumNanos=74129164277 avgNanos=197152032
zil-app                 | 2026-05-04T14:45:59.567Z  INFO 1 --- [   scheduling-1] r.observability.ObservabilityService     : LAB9 Observability window=30s category=web.RentController.getRents count=739 sumNanos=131737216226 avgNanos=178264162
zil-app                 | 2026-05-04T14:45:59.567Z  INFO 1 --- [   scheduling-1] r.observability.ObservabilityService     : LAB9 Observability window=30s category=db.rent.findAll count=739 sumNanos=131736650969 avgNanos=178263397
zil-app                 | 2026-05-04T14:45:59.567Z  INFO 1 --- [   scheduling-1] r.observability.ObservabilityService     : LAB9 Observability window=30s category=web.CarController.getCars count=749 sumNanos=127617775253 avgNanos=170384212
zil-app                 | 2026-05-04T14:45:59.567Z  INFO 1 --- [   scheduling-1] r.observability.ObservabilityService     : LAB9 Observability window=30s category=db.car.findAll count=749 sumNanos=127617267548 avgNanos=170383534
zil-app                 | 2026-05-04T14:45:59.567Z  INFO 1 --- [   scheduling-1] r.observability.ObservabilityService     : LAB9 Observability window=1m category=web.ClientController.getClients count=377 sumNanos=74330676714 avgNanos=197163598
zil-app                 | 2026-05-04T14:45:59.567Z  INFO 1 --- [   scheduling-1] r.observability.ObservabilityService     : LAB9 Observability window=1m category=db.client.findAll count=377 sumNanos=74329406463 avgNanos=197160229
zil-app                 | 2026-05-04T14:45:59.567Z  INFO 1 --- [   scheduling-1] r.observability.ObservabilityService     : LAB9 Observability window=1m category=web.RentController.getRents count=783 sumNanos=138739739436 avgNanos=177189960
zil-app                 | 2026-05-04T14:45:59.568Z  INFO 1 --- [   scheduling-1] r.observability.ObservabilityService     : LAB9 Observability window=1m category=db.rent.findAll count=783 sumNanos=138739142334 avgNanos=177189198
zil-app                 | 2026-05-04T14:45:59.568Z  INFO 1 --- [   scheduling-1] r.observability.ObservabilityService     : LAB9 Observability window=1m category=web.CarController.getCars count=781 sumNanos=133167591134 avgNanos=170509079
zil-app                 | 2026-05-04T14:45:59.568Z  INFO 1 --- [   scheduling-1] r.observability.ObservabilityService     : LAB9 Observability window=1m category=db.car.findAll count=781 sumNanos=133167060623 avgNanos=170508400
zil-app                 | 2026-05-04T14:46:04.573Z  INFO 1 --- [   scheduling-1] r.observability.ObservabilityService     : LAB9 Observability window=10s category=web.ClientController.getClients count=177 sumNanos=35487590398 avgNanos=200494861
zil-app                 | 2026-05-04T14:46:04.575Z  INFO 1 --- [   scheduling-1] r.observability.ObservabilityService     : LAB9 Observability window=10s category=db.client.findAll count=177 sumNanos=35487235601 avgNanos=200492856
zil-app                 | 2026-05-04T14:46:04.577Z  INFO 1 --- [   scheduling-1] r.observability.ObservabilityService     : LAB9 Observability window=10s category=web.RentController.getRents count=358 sumNanos=63374792959 avgNanos=177024561
zil-app                 | 2026-05-04T14:46:04.577Z  INFO 1 --- [   scheduling-1] r.observability.ObservabilityService     : LAB9 Observability window=10s category=db.rent.findAll count=358 sumNanos=63374487342 avgNanos=177023707
zil-app                 | 2026-05-04T14:46:04.577Z  INFO 1 --- [   scheduling-1] r.observability.ObservabilityService     : LAB9 Observability window=10s category=web.CarController.getCars count=364 sumNanos=62274635204 avgNanos=171084162
zil-app                 | 2026-05-04T14:46:04.577Z  INFO 1 --- [   scheduling-1] r.observability.ObservabilityService     : LAB9 Observability window=10s category=db.car.findAll count=364 sumNanos=62274409000 avgNanos=171083541
zil-app                 | 2026-05-04T14:46:04.578Z  INFO 1 --- [   scheduling-1] r.observability.ObservabilityService     : LAB9 Observability window=30s category=web.ClientController.getClients count=467 sumNanos=92287308293 avgNanos=197617362
zil-app                 | 2026-05-04T14:46:04.579Z  INFO 1 --- [   scheduling-1] r.observability.ObservabilityService     : LAB9 Observability window=30s category=db.client.findAll count=467 sumNanos=92285864784 avgNanos=197614271
zil-app                 | 2026-05-04T14:46:04.579Z  INFO 1 --- [   scheduling-1] r.observability.ObservabilityService     : LAB9 Observability window=30s category=web.RentController.getRents count=922 sumNanos=163701174766 avgNanos=177550081
zil-app                 | 2026-05-04T14:46:04.580Z  INFO 1 --- [   scheduling-1] r.observability.ObservabilityService     : LAB9 Observability window=30s category=db.rent.findAll count=922 sumNanos=163700466843 avgNanos=177549313
zil-app                 | 2026-05-04T14:46:04.580Z  INFO 1 --- [   scheduling-1] r.observability.ObservabilityService     : LAB9 Observability window=30s category=web.CarController.getCars count=934 sumNanos=158894633374 avgNanos=170122733
zil-app                 | 2026-05-04T14:46:04.581Z  INFO 1 --- [   scheduling-1] r.observability.ObservabilityService     : LAB9 Observability window=30s category=db.car.findAll count=934 sumNanos=158894008830 avgNanos=170122065
zil-app                 | 2026-05-04T14:46:04.581Z  INFO 1 --- [   scheduling-1] r.observability.ObservabilityService     : LAB9 Observability window=1m category=web.ClientController.getClients count=467 sumNanos=92287308293 avgNanos=197617362
zil-app                 | 2026-05-04T14:46:04.581Z  INFO 1 --- [   scheduling-1] r.observability.ObservabilityService     : LAB9 Observability window=1m category=db.client.findAll count=467 sumNanos=92285864784 avgNanos=197614271
zil-app                 | 2026-05-04T14:46:04.581Z  INFO 1 --- [   scheduling-1] r.observability.ObservabilityService     : LAB9 Observability window=1m category=web.RentController.getRents count=923 sumNanos=163866815867 avgNanos=177537178
zil-app                 | 2026-05-04T14:46:04.581Z  INFO 1 --- [   scheduling-1] r.observability.ObservabilityService     : LAB9 Observability window=1m category=db.rent.findAll count=923 sumNanos=163866107216 avgNanos=177536410
zil-app                 | 2026-05-04T14:46:04.581Z  INFO 1 --- [   scheduling-1] r.observability.ObservabilityService     : LAB9 Observability window=1m category=web.CarController.getCars count=934 sumNanos=158894633374 avgNanos=170122733
zil-app                 | 2026-05-04T14:46:04.581Z  INFO 1 --- [   scheduling-1] r.observability.ObservabilityService     : LAB9 Observability window=1m category=db.car.findAll count=934 sumNanos=158894008830 avgNanos=170122065
zil-app                 | 2026-05-04T14:46:09.583Z  INFO 1 --- [   scheduling-1] r.observability.ObservabilityService     : LAB9 Observability window=10s category=web.ClientController.getClients count=179 sumNanos=35659505663 avgNanos=199215115
zil-app                 | 2026-05-04T14:46:09.585Z  INFO 1 --- [   scheduling-1] r.observability.ObservabilityService     : LAB9 Observability window=10s category=web.RentController.getRents count=365 sumNanos=62706815303 avgNanos=171799493
zil-app                 | 2026-05-04T14:46:09.585Z  INFO 1 --- [   scheduling-1] r.observability.ObservabilityService     : LAB9 Observability window=10s category=db.client.findAll count=179 sumNanos=35659163393 avgNanos=199213203
zil-app                 | 2026-05-04T14:46:09.585Z  INFO 1 --- [   scheduling-1] r.observability.ObservabilityService     : LAB9 Observability window=10s category=db.rent.findAll count=365 sumNanos=62706184417 avgNanos=171797765
zil-app                 | 2026-05-04T14:46:09.586Z  INFO 1 --- [   scheduling-1] r.observability.ObservabilityService     : LAB9 Observability window=10s category=web.CarController.getCars count=366 sumNanos=62864334847 avgNanos=171760477
zil-app                 | 2026-05-04T14:46:09.586Z  INFO 1 --- [   scheduling-1] r.observability.ObservabilityService     : LAB9 Observability window=10s category=db.car.findAll count=366 sumNanos=62864051792 avgNanos=171759704
zil-app                 | 2026-05-04T14:46:09.586Z  INFO 1 --- [   scheduling-1] r.observability.ObservabilityService     : LAB9 Observability window=30s category=web.ClientController.getClients count=541 sumNanos=107215040366 avgNanos=198179372
zil-app                 | 2026-05-04T14:46:09.587Z  INFO 1 --- [   scheduling-1] r.observability.ObservabilityService     : LAB9 Observability window=30s category=web.RentController.getRents count=1083 sumNanos=190714276942 avgNanos=176098131
zil-app                 | 2026-05-04T14:46:09.588Z  INFO 1 --- [   scheduling-1] r.observability.ObservabilityService     : LAB9 Observability window=30s category=db.client.findAll count=541 sumNanos=107213452406 avgNanos=198176436
zil-app                 | 2026-05-04T14:46:09.589Z  INFO 1 --- [   scheduling-1] r.observability.ObservabilityService     : LAB9 Observability window=30s category=db.rent.findAll count=1083 sumNanos=190713098360 avgNanos=176097043
zil-app                 | 2026-05-04T14:46:09.589Z  INFO 1 --- [   scheduling-1] r.observability.ObservabilityService     : LAB9 Observability window=30s category=web.CarController.getCars count=1082 sumNanos=185197182697 avgNanos=171161906
zil-app                 | 2026-05-04T14:46:09.589Z  INFO 1 --- [   scheduling-1] r.observability.ObservabilityService     : LAB9 Observability window=30s category=db.car.findAll count=1082 sumNanos=185196412534 avgNanos=171161194
zil-app                 | 2026-05-04T14:46:09.590Z  INFO 1 --- [   scheduling-1] r.observability.ObservabilityService     : LAB9 Observability window=1m category=web.ClientController.getClients count=555 sumNanos=109789937409 avgNanos=197819707
zil-app                 | 2026-05-04T14:46:09.590Z  INFO 1 --- [   scheduling-1] r.observability.ObservabilityService     : LAB9 Observability window=1m category=db.client.findAll count=555 sumNanos=109788327670 avgNanos=197816806
zil-app                 | 2026-05-04T14:46:09.590Z  INFO 1 --- [   scheduling-1] r.observability.ObservabilityService     : LAB9 Observability window=1m category=web.RentController.getRents count=1106 sumNanos=194880645373 avgNanos=176203115
zil-app                 | 2026-05-04T14:46:09.590Z  INFO 1 --- [   scheduling-1] r.observability.ObservabilityService     : LAB9 Observability window=1m category=db.rent.findAll count=1106 sumNanos=194879447914 avgNanos=176202032
zil-app                 | 2026-05-04T14:46:09.590Z  INFO 1 --- [   scheduling-1] r.observability.ObservabilityService     : LAB9 Observability window=1m category=web.CarController.getCars count=1116 sumNanos=190661493315 avgNanos=170843632
zil-app                 | 2026-05-04T14:46:09.590Z  INFO 1 --- [   scheduling-1] r.observability.ObservabilityService     : LAB9 Observability window=1m category=db.car.findAll count=1116 sumNanos=190660701745 avgNanos=170842922
zil-app                 | 2026-05-04T14:46:14.591Z  INFO 1 --- [   scheduling-1] r.observability.ObservabilityService     : LAB9 Observability window=10s category=web.ClientController.getClients count=172 sumNanos=33798636917 avgNanos=196503703
zil-app                 | 2026-05-04T14:46:14.592Z  INFO 1 --- [   scheduling-1] r.observability.ObservabilityService     : LAB9 Observability window=10s category=web.RentController.getRents count=367 sumNanos=63425036625 avgNanos=172820263
zil-app                 | 2026-05-04T14:46:14.592Z  INFO 1 --- [   scheduling-1] r.observability.ObservabilityService     : LAB9 Observability window=10s category=db.client.findAll count=172 sumNanos=33798278928 avgNanos=196501621
zil-app                 | 2026-05-04T14:46:14.592Z  INFO 1 --- [   scheduling-1] r.observability.ObservabilityService     : LAB9 Observability window=10s category=db.rent.findAll count=367 sumNanos=63424354052 avgNanos=172818403
zil-app                 | 2026-05-04T14:46:14.592Z  INFO 1 --- [   scheduling-1] r.observability.ObservabilityService     : LAB9 Observability window=10s category=web.CarController.getCars count=365 sumNanos=62789735727 avgNanos=172026673
zil-app                 | 2026-05-04T14:46:14.592Z  INFO 1 --- [   scheduling-1] r.observability.ObservabilityService     : LAB9 Observability window=10s category=db.car.findAll count=365 sumNanos=62789447395 avgNanos=172025883
zil-app                 | 2026-05-04T14:46:14.592Z  INFO 1 --- [   scheduling-1] r.observability.ObservabilityService     : LAB9 Observability window=30s category=web.ClientController.getClients count=535 sumNanos=105543348708 avgNanos=197277287
zil-app                 | 2026-05-04T14:46:14.592Z  INFO 1 --- [   scheduling-1] r.observability.ObservabilityService     : LAB9 Observability window=30s category=web.RentController.getRents count=1090 sumNanos=190808624131 avgNanos=175053783
zil-app                 | 2026-05-04T14:46:14.592Z  INFO 1 --- [   scheduling-1] r.observability.ObservabilityService     : LAB9 Observability window=30s category=db.client.findAll count=535 sumNanos=105541739876 avgNanos=197274280
zil-app                 | 2026-05-04T14:46:14.592Z  INFO 1 --- [   scheduling-1] r.observability.ObservabilityService     : LAB9 Observability window=30s category=db.rent.findAll count=1090 sumNanos=190807371609 avgNanos=175052634
zil-app                 | 2026-05-04T14:46:14.592Z  INFO 1 --- [   scheduling-1] r.observability.ObservabilityService     : LAB9 Observability window=30s category=web.CarController.getCars count=1089 sumNanos=186259258783 avgNanos=171036968
zil-app                 | 2026-05-04T14:46:14.592Z  INFO 1 --- [   scheduling-1] r.observability.ObservabilityService     : LAB9 Observability window=30s category=db.car.findAll count=1089 sumNanos=186258471773 avgNanos=171036245
zil-app                 | 2026-05-04T14:46:14.592Z  INFO 1 --- [   scheduling-1] r.observability.ObservabilityService     : LAB9 Observability window=1m category=web.ClientController.getClients count=639 sumNanos=126085945210 avgNanos=197317598
zil-app                 | 2026-05-04T14:46:14.592Z  INFO 1 --- [   scheduling-1] r.observability.ObservabilityService     : LAB9 Observability window=1m category=db.client.findAll count=639 sumNanos=126084143712 avgNanos=197314778
zil-app                 | 2026-05-04T14:46:14.592Z  INFO 1 --- [   scheduling-1] r.observability.ObservabilityService     : LAB9 Observability window=1m category=web.RentController.getRents count=1290 sumNanos=227291852492 avgNanos=176195234
zil-app                 | 2026-05-04T14:46:14.592Z  INFO 1 --- [   scheduling-1] r.observability.ObservabilityService     : LAB9 Observability window=1m category=db.rent.findAll count=1290 sumNanos=227290461268 avgNanos=176194156
zil-app                 | 2026-05-04T14:46:14.592Z  INFO 1 --- [   scheduling-1] r.observability.ObservabilityService     : LAB9 Observability window=1m category=web.CarController.getCars count=1299 sumNanos=221684369101 avgNanos=170657712
zil-app                 | 2026-05-04T14:46:14.592Z  INFO 1 --- [   scheduling-1] r.observability.ObservabilityService     : LAB9 Observability window=1m category=db.car.findAll count=1299 sumNanos=221683456225 avgNanos=170657010
zil-app                 | 2026-05-04T14:46:19.593Z  INFO 1 --- [   scheduling-1] r.observability.ObservabilityService     : LAB9 Observability window=10s category=web.ClientController.getClients count=172 sumNanos=33820753846 avgNanos=196632289
zil-app                 | 2026-05-04T14:46:19.594Z  INFO 1 --- [   scheduling-1] r.observability.ObservabilityService     : LAB9 Observability window=10s category=db.client.findAll count=172 sumNanos=33820411394 avgNanos=196630298
zil-app                 | 2026-05-04T14:46:19.594Z  INFO 1 --- [   scheduling-1] r.observability.ObservabilityService     : LAB9 Observability window=10s category=web.RentController.getRents count=363 sumNanos=64434093327 avgNanos=177504389
zil-app                 | 2026-05-04T14:46:19.594Z  INFO 1 --- [   scheduling-1] r.observability.ObservabilityService     : LAB9 Observability window=10s category=db.rent.findAll count=363 sumNanos=64433789173 avgNanos=177503551
zil-app                 | 2026-05-04T14:46:19.594Z  INFO 1 --- [   scheduling-1] r.observability.ObservabilityService     : LAB9 Observability window=10s category=web.CarController.getCars count=365 sumNanos=61836868683 avgNanos=169416078
zil-app                 | 2026-05-04T14:46:19.594Z  INFO 1 --- [   scheduling-1] r.observability.ObservabilityService     : LAB9 Observability window=10s category=db.car.findAll count=365 sumNanos=61836614875 avgNanos=169415383
zil-app                 | 2026-05-04T14:46:19.594Z  INFO 1 --- [   scheduling-1] r.observability.ObservabilityService     : LAB9 Observability window=30s category=web.ClientController.getClients count=530 sumNanos=104779254286 avgNanos=197696706
zil-app                 | 2026-05-04T14:46:19.594Z  INFO 1 --- [   scheduling-1] r.observability.ObservabilityService     : LAB9 Observability window=30s category=db.client.findAll count=530 sumNanos=104777703529 avgNanos=197693780
zil-app                 | 2026-05-04T14:46:19.594Z  INFO 1 --- [   scheduling-1] r.observability.ObservabilityService     : LAB9 Observability window=30s category=web.RentController.getRents count=1091 sumNanos=191764117337 avgNanos=175769126
zil-app                 | 2026-05-04T14:46:19.594Z  INFO 1 --- [   scheduling-1] r.observability.ObservabilityService     : LAB9 Observability window=30s category=db.rent.findAll count=1091 sumNanos=191762864408 avgNanos=175767978
zil-app                 | 2026-05-04T14:46:19.594Z  INFO 1 --- [   scheduling-1] r.observability.ObservabilityService     : LAB9 Observability window=30s category=web.CarController.getCars count=1087 sumNanos=185744641227 avgNanos=170878234
zil-app                 | 2026-05-04T14:46:19.594Z  INFO 1 --- [   scheduling-1] r.observability.ObservabilityService     : LAB9 Observability window=30s category=db.car.findAll count=1087 sumNanos=185743847724 avgNanos=170877504
zil-app                 | 2026-05-04T14:46:19.594Z  INFO 1 --- [   scheduling-1] r.observability.ObservabilityService     : LAB9 Observability window=1m category=web.ClientController.getClients count=728 sumNanos=143836664045 avgNanos=197577835
zil-app                 | 2026-05-04T14:46:19.594Z  INFO 1 --- [   scheduling-1] r.observability.ObservabilityService     : LAB9 Observability window=1m category=db.client.findAll count=728 sumNanos=143834710154 avgNanos=197575151
zil-app                 | 2026-05-04T14:46:19.594Z  INFO 1 --- [   scheduling-1] r.observability.ObservabilityService     : LAB9 Observability window=1m category=web.RentController.getRents count=1469 sumNanos=259314738700 avgNanos=176524668
zil-app                 | 2026-05-04T14:46:19.594Z  INFO 1 --- [   scheduling-1] r.observability.ObservabilityService     : LAB9 Observability window=1m category=db.rent.findAll count=1469 sumNanos=259313237087 avgNanos=176523646
zil-app                 | 2026-05-04T14:46:19.594Z  INFO 1 --- [   scheduling-1] r.observability.ObservabilityService     : LAB9 Observability window=1m category=web.CarController.getCars count=1481 sumNanos=252498361998 avgNanos=170491804
zil-app                 | 2026-05-04T14:46:19.594Z  INFO 1 --- [   scheduling-1] r.observability.ObservabilityService     : LAB9 Observability window=1m category=db.car.findAll count=1481 sumNanos=252497316620 avgNanos=170491098
zil-app                 | 2026-05-04T14:46:24.595Z  INFO 1 --- [   scheduling-1] r.observability.ObservabilityService     : LAB9 Observability window=10s category=web.ClientController.getClients count=182 sumNanos=36051845063 avgNanos=198087060
zil-app                 | 2026-05-04T14:46:24.595Z  INFO 1 --- [   scheduling-1] r.observability.ObservabilityService     : LAB9 Observability window=10s category=db.client.findAll count=182 sumNanos=36051533188 avgNanos=198085347
zil-app                 | 2026-05-04T14:46:24.595Z  INFO 1 --- [   scheduling-1] r.observability.ObservabilityService     : LAB9 Observability window=10s category=web.RentController.getRents count=364 sumNanos=64072063938 avgNanos=176022153
zil-app                 | 2026-05-04T14:46:24.596Z  INFO 1 --- [   scheduling-1] r.observability.ObservabilityService     : LAB9 Observability window=10s category=db.rent.findAll count=364 sumNanos=64071840015 avgNanos=176021538
zil-app                 | 2026-05-04T14:46:24.596Z  INFO 1 --- [   scheduling-1] r.observability.ObservabilityService     : LAB9 Observability window=10s category=web.CarController.getCars count=363 sumNanos=62346816575 avgNanos=171754315
zil-app                 | 2026-05-04T14:46:24.596Z  INFO 1 --- [   scheduling-1] r.observability.ObservabilityService     : LAB9 Observability window=10s category=db.car.findAll count=363 sumNanos=62346576040 avgNanos=171753653
zil-app                 | 2026-05-04T14:46:24.596Z  INFO 1 --- [   scheduling-1] r.observability.ObservabilityService     : LAB9 Observability window=30s category=web.ClientController.getClients count=530 sumNanos=105120996871 avgNanos=198341503
zil-app                 | 2026-05-04T14:46:24.596Z  INFO 1 --- [   scheduling-1] r.observability.ObservabilityService     : LAB9 Observability window=30s category=db.client.findAll count=530 sumNanos=105119974854 avgNanos=198339575
zil-app                 | 2026-05-04T14:46:24.596Z  INFO 1 --- [   scheduling-1] r.observability.ObservabilityService     : LAB9 Observability window=30s category=web.RentController.getRents count=1090 sumNanos=191035999994 avgNanos=175262385
zil-app                 | 2026-05-04T14:46:24.596Z  INFO 1 --- [   scheduling-1] r.observability.ObservabilityService     : LAB9 Observability window=30s category=db.rent.findAll count=1090 sumNanos=191034787473 avgNanos=175261272
zil-app                 | 2026-05-04T14:46:24.596Z  INFO 1 --- [   scheduling-1] r.observability.ObservabilityService     : LAB9 Observability window=30s category=web.CarController.getCars count=1091 sumNanos=187254961571 avgNanos=171636078
zil-app                 | 2026-05-04T14:46:24.596Z  INFO 1 --- [   scheduling-1] r.observability.ObservabilityService     : LAB9 Observability window=30s category=db.car.findAll count=1091 sumNanos=187254207432 avgNanos=171635387
zil-app                 | 2026-05-04T14:46:24.596Z  INFO 1 --- [   scheduling-1] r.observability.ObservabilityService     : LAB9 Observability window=1m category=web.ClientController.getClients count=821 sumNanos=162137790273 avgNanos=197488173
zil-app                 | 2026-05-04T14:46:24.596Z  INFO 1 --- [   scheduling-1] r.observability.ObservabilityService     : LAB9 Observability window=1m category=db.client.findAll count=821 sumNanos=162135676900 avgNanos=197485599
zil-app                 | 2026-05-04T14:46:24.596Z  INFO 1 --- [   scheduling-1] r.observability.ObservabilityService     : LAB9 Observability window=1m category=web.RentController.getRents count=1654 sumNanos=291363916430 avgNanos=176157144
zil-app                 | 2026-05-04T14:46:24.596Z  INFO 1 --- [   scheduling-1] r.observability.ObservabilityService     : LAB9 Observability window=1m category=db.rent.findAll count=1654 sumNanos=291362301283 avgNanos=176156167
zil-app                 | 2026-05-04T14:46:24.597Z  INFO 1 --- [   scheduling-1] r.observability.ObservabilityService     : LAB9 Observability window=1m category=web.CarController.getCars count=1662 sumNanos=284031185676 avgNanos=170897223
zil-app                 | 2026-05-04T14:46:24.597Z  INFO 1 --- [   scheduling-1] r.observability.ObservabilityService     : LAB9 Observability window=1m category=db.car.findAll count=1662 sumNanos=284030032265 avgNanos=170896529
zil-app                 | 2026-05-04T14:46:29.600Z  INFO 1 --- [   scheduling-1] r.observability.ObservabilityService     : LAB9 Observability window=10s category=web.ClientController.getClients count=180 sumNanos=35412674606 avgNanos=196737081
zil-app                 | 2026-05-04T14:46:29.600Z  INFO 1 --- [   scheduling-1] r.observability.ObservabilityService     : LAB9 Observability window=10s category=web.RentController.getRents count=357 sumNanos=63422056199 avgNanos=177652818
zil-app                 | 2026-05-04T14:46:29.600Z  INFO 1 --- [   scheduling-1] r.observability.ObservabilityService     : LAB9 Observability window=10s category=db.client.findAll count=180 sumNanos=35412310423 avgNanos=196735057
zil-app                 | 2026-05-04T14:46:29.600Z  INFO 1 --- [   scheduling-1] r.observability.ObservabilityService     : LAB9 Observability window=10s category=db.rent.findAll count=357 sumNanos=63421831950 avgNanos=177652190
zil-app                 | 2026-05-04T14:46:29.600Z  INFO 1 --- [   scheduling-1] r.observability.ObservabilityService     : LAB9 Observability window=10s category=web.CarController.getCars count=358 sumNanos=62285052398 avgNanos=173980593
zil-app                 | 2026-05-04T14:46:29.600Z  INFO 1 --- [   scheduling-1] r.observability.ObservabilityService     : LAB9 Observability window=10s category=db.car.findAll count=358 sumNanos=62284837639 avgNanos=173979993
zil-app                 | 2026-05-04T14:46:29.600Z  INFO 1 --- [   scheduling-1] r.observability.ObservabilityService     : LAB9 Observability window=30s category=web.ClientController.getClients count=531 sumNanos=104935328924 avgNanos=197618321
zil-app                 | 2026-05-04T14:46:29.600Z  INFO 1 --- [   scheduling-1] r.observability.ObservabilityService     : LAB9 Observability window=30s category=web.RentController.getRents count=1086 sumNanos=190779650558 avgNanos=175671869
zil-app                 | 2026-05-04T14:46:29.600Z  INFO 1 --- [   scheduling-1] r.observability.ObservabilityService     : LAB9 Observability window=30s category=db.client.findAll count=531 sumNanos=104934279797 avgNanos=197616346
zil-app                 | 2026-05-04T14:46:29.600Z  INFO 1 --- [   scheduling-1] r.observability.ObservabilityService     : LAB9 Observability window=30s category=db.rent.findAll count=1086 sumNanos=190778490618 avgNanos=175670801
zil-app                 | 2026-05-04T14:46:29.600Z  INFO 1 --- [   scheduling-1] r.observability.ObservabilityService     : LAB9 Observability window=30s category=web.CarController.getCars count=1089 sumNanos=186986255928 avgNanos=171704550
zil-app                 | 2026-05-04T14:46:29.600Z  INFO 1 --- [   scheduling-1] r.observability.ObservabilityService     : LAB9 Observability window=30s category=db.car.findAll count=1089 sumNanos=186985504306 avgNanos=171703860
zil-app                 | 2026-05-04T14:46:29.600Z  INFO 1 --- [   scheduling-1] r.observability.ObservabilityService     : LAB9 Observability window=1m category=web.ClientController.getClients count=908 sumNanos=179249338651 avgNanos=197411165
zil-app                 | 2026-05-04T14:46:29.600Z  INFO 1 --- [   scheduling-1] r.observability.ObservabilityService     : LAB9 Observability window=1m category=db.client.findAll count=908 sumNanos=179247020577 avgNanos=197408612
zil-app                 | 2026-05-04T14:46:29.600Z  INFO 1 --- [   scheduling-1] r.observability.ObservabilityService     : LAB9 Observability window=1m category=web.RentController.getRents count=1826 sumNanos=322736794899 avgNanos=176745232
zil-app                 | 2026-05-04T14:46:29.600Z  INFO 1 --- [   scheduling-1] r.observability.ObservabilityService     : LAB9 Observability window=1m category=db.rent.findAll count=1826 sumNanos=322735069037 avgNanos=176744287
zil-app                 | 2026-05-04T14:46:29.600Z  INFO 1 --- [   scheduling-1] r.observability.ObservabilityService     : LAB9 Observability window=1m category=web.CarController.getCars count=1839 sumNanos=314783414396 avgNanos=171170970
zil-app                 | 2026-05-04T14:46:29.600Z  INFO 1 --- [   scheduling-1] r.observability.ObservabilityService     : LAB9 Observability window=1m category=db.car.findAll count=1839 sumNanos=314782154259 avgNanos=171170285
zil-app                 | 2026-05-04T14:46:34.601Z  INFO 1 --- [   scheduling-1] r.observability.ObservabilityService     : LAB9 Observability window=10s category=web.ClientController.getClients count=180 sumNanos=35651383666 avgNanos=198063242
zil-app                 | 2026-05-04T14:46:34.601Z  INFO 1 --- [   scheduling-1] r.observability.ObservabilityService     : LAB9 Observability window=10s category=db.client.findAll count=180 sumNanos=35650980487 avgNanos=198061002
zil-app                 | 2026-05-04T14:46:34.601Z  INFO 1 --- [   scheduling-1] r.observability.ObservabilityService     : LAB9 Observability window=10s category=web.RentController.getRents count=352 sumNanos=62674443175 avgNanos=178052395
zil-app                 | 2026-05-04T14:46:34.601Z  INFO 1 --- [   scheduling-1] r.observability.ObservabilityService     : LAB9 Observability window=10s category=db.rent.findAll count=352 sumNanos=62674212931 avgNanos=178051741
zil-app                 | 2026-05-04T14:46:34.601Z  INFO 1 --- [   scheduling-1] r.observability.ObservabilityService     : LAB9 Observability window=10s category=web.CarController.getCars count=356 sumNanos=62010553504 avgNanos=174186948
zil-app                 | 2026-05-04T14:46:34.601Z  INFO 1 --- [   scheduling-1] r.observability.ObservabilityService     : LAB9 Observability window=10s category=db.car.findAll count=356 sumNanos=62010315721 avgNanos=174186280
zil-app                 | 2026-05-04T14:46:34.602Z  INFO 1 --- [   scheduling-1] r.observability.ObservabilityService     : LAB9 Observability window=30s category=web.ClientController.getClients count=534 sumNanos=105501865646 avgNanos=197569036
zil-app                 | 2026-05-04T14:46:34.602Z  INFO 1 --- [   scheduling-1] r.observability.ObservabilityService     : LAB9 Observability window=30s category=web.RentController.getRents count=1083 sumNanos=190171543738 avgNanos=175596993
zil-app                 | 2026-05-04T14:46:34.602Z  INFO 1 --- [   scheduling-1] r.observability.ObservabilityService     : LAB9 Observability window=30s category=db.client.findAll count=534 sumNanos=105500792603 avgNanos=197567027
zil-app                 | 2026-05-04T14:46:34.602Z  INFO 1 --- [   scheduling-1] r.observability.ObservabilityService     : LAB9 Observability window=30s category=db.rent.findAll count=1083 sumNanos=190170406998 avgNanos=175595943
zil-app                 | 2026-05-04T14:46:34.602Z  INFO 1 --- [   scheduling-1] r.observability.ObservabilityService     : LAB9 Observability window=30s category=web.CarController.getCars count=1084 sumNanos=187147105806 avgNanos=172644931
zil-app                 | 2026-05-04T14:46:34.602Z  INFO 1 --- [   scheduling-1] r.observability.ObservabilityService     : LAB9 Observability window=30s category=db.car.findAll count=1084 sumNanos=187146339156 avgNanos=172644224
zil-app                 | 2026-05-04T14:46:34.602Z  INFO 1 --- [   scheduling-1] r.observability.ObservabilityService     : LAB9 Observability window=1m category=web.ClientController.getClients count=1001 sumNanos=197789173939 avgNanos=197591582
zil-app                 | 2026-05-04T14:46:34.602Z  INFO 1 --- [   scheduling-1] r.observability.ObservabilityService     : LAB9 Observability window=1m category=db.client.findAll count=1001 sumNanos=197786657387 avgNanos=197589068
zil-app                 | 2026-05-04T14:46:34.602Z  INFO 1 --- [   scheduling-1] r.observability.ObservabilityService     : LAB9 Observability window=1m category=web.RentController.getRents count=2006 sumNanos=354038359605 avgNanos=176489710
zil-app                 | 2026-05-04T14:46:34.602Z  INFO 1 --- [   scheduling-1] r.observability.ObservabilityService     : LAB9 Observability window=1m category=db.rent.findAll count=2006 sumNanos=354036514214 avgNanos=176488790
zil-app                 | 2026-05-04T14:46:34.602Z  INFO 1 --- [   scheduling-1] r.observability.ObservabilityService     : LAB9 Observability window=1m category=web.CarController.getCars count=2018 sumNanos=346041739180 avgNanos=171477571
zil-app                 | 2026-05-04T14:46:34.602Z  INFO 1 --- [   scheduling-1] r.observability.ObservabilityService     : LAB9 Observability window=1m category=db.car.findAll count=2018 sumNanos=346040347986 avgNanos=171476882
zil-app                 | 2026-05-04T14:46:39.603Z  INFO 1 --- [   scheduling-1] r.observability.ObservabilityService     : LAB9 Observability window=10s category=web.ClientController.getClients count=184 sumNanos=36264593740 avgNanos=197090183
zil-app                 | 2026-05-04T14:46:39.603Z  INFO 1 --- [   scheduling-1] r.observability.ObservabilityService     : LAB9 Observability window=10s category=web.RentController.getRents count=366 sumNanos=63674016559 avgNanos=173972722
zil-app                 | 2026-05-04T14:46:39.604Z  INFO 1 --- [   scheduling-1] r.observability.ObservabilityService     : LAB9 Observability window=10s category=db.client.findAll count=184 sumNanos=36264232126 avgNanos=197088218
zil-app                 | 2026-05-04T14:46:39.604Z  INFO 1 --- [   scheduling-1] r.observability.ObservabilityService     : LAB9 Observability window=10s category=db.rent.findAll count=366 sumNanos=63673762951 avgNanos=173972029
zil-app                 | 2026-05-04T14:46:39.604Z  INFO 1 --- [   scheduling-1] r.observability.ObservabilityService     : LAB9 Observability window=10s category=web.CarController.getCars count=362 sumNanos=62083695866 avgNanos=171501922
zil-app                 | 2026-05-04T14:46:39.604Z  INFO 1 --- [   scheduling-1] r.observability.ObservabilityService     : LAB9 Observability window=10s category=db.car.findAll count=362 sumNanos=62083085097 avgNanos=171500235
zil-app                 | 2026-05-04T14:46:39.604Z  INFO 1 --- [   scheduling-1] r.observability.ObservabilityService     : LAB9 Observability window=30s category=web.ClientController.getClients count=536 sumNanos=105498022192 avgNanos=196824668
zil-app                 | 2026-05-04T14:46:39.604Z  INFO 1 --- [   scheduling-1] r.observability.ObservabilityService     : LAB9 Observability window=30s category=db.client.findAll count=536 sumNanos=105496953943 avgNanos=196822675
zil-app                 | 2026-05-04T14:46:39.604Z  INFO 1 --- [   scheduling-1] r.observability.ObservabilityService     : LAB9 Observability window=30s category=web.RentController.getRents count=1084 sumNanos=191199602649 avgNanos=176383397
zil-app                 | 2026-05-04T14:46:39.604Z  INFO 1 --- [   scheduling-1] r.observability.ObservabilityService     : LAB9 Observability window=30s category=db.rent.findAll count=1084 sumNanos=191198821829 avgNanos=176382676
zil-app                 | 2026-05-04T14:46:39.604Z  INFO 1 --- [   scheduling-1] r.observability.ObservabilityService     : LAB9 Observability window=30s category=web.CarController.getCars count=1085 sumNanos=186205616947 avgNanos=171618080
zil-app                 | 2026-05-04T14:46:39.604Z  INFO 1 --- [   scheduling-1] r.observability.ObservabilityService     : LAB9 Observability window=30s category=db.car.findAll count=1085 sumNanos=186204537611 avgNanos=171617085
zil-app                 | 2026-05-04T14:46:39.604Z  INFO 1 --- [   scheduling-1] r.observability.ObservabilityService     : LAB9 Observability window=1m category=web.ClientController.getClients count=1078 sumNanos=212939035348 avgNanos=197531572
zil-app                 | 2026-05-04T14:46:39.604Z  INFO 1 --- [   scheduling-1] r.observability.ObservabilityService     : LAB9 Observability window=1m category=web.RentController.getRents count=2170 sumNanos=382461128756 avgNanos=176249368
zil-app                 | 2026-05-04T14:46:39.604Z  INFO 1 --- [   scheduling-1] r.observability.ObservabilityService     : LAB9 Observability window=1m category=db.client.findAll count=1078 sumNanos=212936377439 avgNanos=197529107
zil-app                 | 2026-05-04T14:46:39.604Z  INFO 1 --- [   scheduling-1] r.observability.ObservabilityService     : LAB9 Observability window=1m category=db.rent.findAll count=2170 sumNanos=382459167512 avgNanos=176248464
zil-app                 | 2026-05-04T14:46:39.604Z  INFO 1 --- [   scheduling-1] r.observability.ObservabilityService     : LAB9 Observability window=1m category=web.CarController.getCars count=2167 sumNanos=371402799644 avgNanos=171390309
zil-app                 | 2026-05-04T14:46:39.604Z  INFO 1 --- [   scheduling-1] r.observability.ObservabilityService     : LAB9 Observability window=1m category=db.car.findAll count=2167 sumNanos=371400950145 avgNanos=171389455
zil-app                 | 2026-05-04T14:46:44.605Z  INFO 1 --- [   scheduling-1] r.observability.ObservabilityService     : LAB9 Observability window=10s category=web.ClientController.getClients count=176 sumNanos=34551659878 avgNanos=196316249
zil-app                 | 2026-05-04T14:46:44.605Z  INFO 1 --- [   scheduling-1] r.observability.ObservabilityService     : LAB9 Observability window=10s category=db.client.findAll count=176 sumNanos=34551340795 avgNanos=196314436
zil-app                 | 2026-05-04T14:46:44.605Z  INFO 1 --- [   scheduling-1] r.observability.ObservabilityService     : LAB9 Observability window=10s category=web.RentController.getRents count=364 sumNanos=63768241292 avgNanos=175187476
zil-app                 | 2026-05-04T14:46:44.605Z  INFO 1 --- [   scheduling-1] r.observability.ObservabilityService     : LAB9 Observability window=10s category=db.rent.findAll count=364 sumNanos=63767971568 avgNanos=175186735
zil-app                 | 2026-05-04T14:46:44.605Z  INFO 1 --- [   scheduling-1] r.observability.ObservabilityService     : LAB9 Observability window=10s category=web.CarController.getCars count=363 sumNanos=62243352470 avgNanos=171469290
zil-app                 | 2026-05-04T14:46:44.605Z  INFO 1 --- [   scheduling-1] r.observability.ObservabilityService     : LAB9 Observability window=10s category=db.car.findAll count=363 sumNanos=62242756638 avgNanos=171467649
zil-app                 | 2026-05-04T14:46:44.605Z  INFO 1 --- [   scheduling-1] r.observability.ObservabilityService     : LAB9 Observability window=30s category=web.ClientController.getClients count=538 sumNanos=106254888607 avgNanos=197499792
zil-app                 | 2026-05-04T14:46:44.605Z  INFO 1 --- [   scheduling-1] r.observability.ObservabilityService     : LAB9 Observability window=30s category=db.client.findAll count=538 sumNanos=106253854470 avgNanos=197497870
zil-app                 | 2026-05-04T14:46:44.605Z  INFO 1 --- [   scheduling-1] r.observability.ObservabilityService     : LAB9 Observability window=30s category=web.RentController.getRents count=1080 sumNanos=190514748405 avgNanos=176402544
zil-app                 | 2026-05-04T14:46:44.605Z  INFO 1 --- [   scheduling-1] r.observability.ObservabilityService     : LAB9 Observability window=30s category=db.rent.findAll count=1080 sumNanos=190514024514 avgNanos=176401874
zil-app                 | 2026-05-04T14:46:44.605Z  INFO 1 --- [   scheduling-1] r.observability.ObservabilityService     : LAB9 Observability window=30s category=web.CarController.getCars count=1082 sumNanos=186600722549 avgNanos=172459078
zil-app                 | 2026-05-04T14:46:44.605Z  INFO 1 --- [   scheduling-1] r.observability.ObservabilityService     : LAB9 Observability window=30s category=db.car.findAll count=1082 sumNanos=186599648399 avgNanos=172458085
zil-app                 | 2026-05-04T14:46:44.606Z  INFO 1 --- [   scheduling-1] r.observability.ObservabilityService     : LAB9 Observability window=1m category=web.ClientController.getClients count=1072 sumNanos=211632211544 avgNanos=197418107
zil-app                 | 2026-05-04T14:46:44.606Z  INFO 1 --- [   scheduling-1] r.observability.ObservabilityService     : LAB9 Observability window=1m category=web.RentController.getRents count=2170 sumNanos=381323372536 avgNanos=175725056
zil-app                 | 2026-05-04T14:46:44.606Z  INFO 1 --- [   scheduling-1] r.observability.ObservabilityService     : LAB9 Observability window=1m category=db.client.findAll count=1072 sumNanos=211629569900 avgNanos=197415643
zil-app                 | 2026-05-04T14:46:44.606Z  INFO 1 --- [   scheduling-1] r.observability.ObservabilityService     : LAB9 Observability window=1m category=db.rent.findAll count=2170 sumNanos=381321396123 avgNanos=175724145
zil-app                 | 2026-05-04T14:46:44.606Z  INFO 1 --- [   scheduling-1] r.observability.ObservabilityService     : LAB9 Observability window=1m category=web.CarController.getCars count=2170 sumNanos=372613436153 avgNanos=171711260
zil-app                 | 2026-05-04T14:46:44.606Z  INFO 1 --- [   scheduling-1] r.observability.ObservabilityService     : LAB9 Observability window=1m category=db.car.findAll count=2170 sumNanos=372611575681 avgNanos=171710403
zil-app                 | 2026-05-04T14:46:49.610Z  INFO 1 --- [   scheduling-1] r.observability.ObservabilityService     : LAB9 Observability window=10s category=web.ClientController.getClients count=175 sumNanos=35184227114 avgNanos=201052726
zil-app                 | 2026-05-04T14:46:49.610Z  INFO 1 --- [   scheduling-1] r.observability.ObservabilityService     : LAB9 Observability window=10s category=db.client.findAll count=175 sumNanos=35183867120 avgNanos=201050669
zil-app                 | 2026-05-04T14:46:49.610Z  INFO 1 --- [   scheduling-1] r.observability.ObservabilityService     : LAB9 Observability window=10s category=web.RentController.getRents count=360 sumNanos=63885926300 avgNanos=177460906
zil-app                 | 2026-05-04T14:46:49.611Z  INFO 1 --- [   scheduling-1] r.observability.ObservabilityService     : LAB9 Observability window=10s category=db.rent.findAll count=360 sumNanos=63885675757 avgNanos=177460210
zil-app                 | 2026-05-04T14:46:49.611Z  INFO 1 --- [   scheduling-1] r.observability.ObservabilityService     : LAB9 Observability window=10s category=web.CarController.getCars count=359 sumNanos=62014897013 avgNanos=172743445
zil-app                 | 2026-05-04T14:46:49.611Z  INFO 1 --- [   scheduling-1] r.observability.ObservabilityService     : LAB9 Observability window=10s category=db.car.findAll count=359 sumNanos=62014666481 avgNanos=172742803
zil-app                 | 2026-05-04T14:46:49.612Z  INFO 1 --- [   scheduling-1] r.observability.ObservabilityService     : LAB9 Observability window=30s category=web.ClientController.getClients count=538 sumNanos=106648996437 avgNanos=198232335
zil-app                 | 2026-05-04T14:46:49.612Z  INFO 1 --- [   scheduling-1] r.observability.ObservabilityService     : LAB9 Observability window=30s category=db.client.findAll count=538 sumNanos=106647912098 avgNanos=198230319
zil-app                 | 2026-05-04T14:46:49.612Z  INFO 1 --- [   scheduling-1] r.observability.ObservabilityService     : LAB9 Observability window=30s category=web.RentController.getRents count=1083 sumNanos=190981999058 avgNanos=176345336
zil-app                 | 2026-05-04T14:46:49.612Z  INFO 1 --- [   scheduling-1] r.observability.ObservabilityService     : LAB9 Observability window=30s category=db.rent.findAll count=1083 sumNanos=190981270658 avgNanos=176344663
zil-app                 | 2026-05-04T14:46:49.612Z  INFO 1 --- [   scheduling-1] r.observability.ObservabilityService     : LAB9 Observability window=30s category=web.CarController.getCars count=1077 sumNanos=186039778722 avgNanos=172738884
zil-app                 | 2026-05-04T14:46:49.612Z  INFO 1 --- [   scheduling-1] r.observability.ObservabilityService     : LAB9 Observability window=30s category=db.car.findAll count=1077 sumNanos=186038723736 avgNanos=172737905
zil-app                 | 2026-05-04T14:46:49.612Z  INFO 1 --- [   scheduling-1] r.observability.ObservabilityService     : LAB9 Observability window=1m category=web.ClientController.getClients count=1069 sumNanos=211640749746 avgNanos=197980121
zil-app                 | 2026-05-04T14:46:49.612Z  INFO 1 --- [   scheduling-1] r.observability.ObservabilityService     : LAB9 Observability window=1m category=db.client.findAll count=1069 sumNanos=211638113198 avgNanos=197977655
zil-app                 | 2026-05-04T14:46:49.615Z  INFO 1 --- [   scheduling-1] r.observability.ObservabilityService     : LAB9 Observability window=1m category=web.RentController.getRents count=2174 sumNanos=382746116395 avgNanos=176056171
zil-app                 | 2026-05-04T14:46:49.616Z  INFO 1 --- [   scheduling-1] r.observability.ObservabilityService     : LAB9 Observability window=1m category=db.rent.findAll count=2174 sumNanos=382744135066 avgNanos=176055259
zil-app                 | 2026-05-04T14:46:49.628Z  INFO 1 --- [   scheduling-1] r.observability.ObservabilityService     : LAB9 Observability window=1m category=web.CarController.getCars count=2166 sumNanos=372128286504 avgNanos=171804379
zil-app                 | 2026-05-04T14:46:49.629Z  INFO 1 --- [   scheduling-1] r.observability.ObservabilityService     : LAB9 Observability window=1m category=db.car.findAll count=2166 sumNanos=372126436941 avgNanos=171803525
zil-app                 | 2026-05-04T14:46:54.630Z  INFO 1 --- [   scheduling-1] r.observability.ObservabilityService     : LAB9 Observability window=10s category=web.ClientController.getClients count=183 sumNanos=37151957768 avgNanos=203016162
zil-app                 | 2026-05-04T14:46:54.632Z  INFO 1 --- [   scheduling-1] r.observability.ObservabilityService     : LAB9 Observability window=10s category=web.RentController.getRents count=359 sumNanos=63426232197 avgNanos=176674741
zil-app                 | 2026-05-04T14:46:54.632Z  INFO 1 --- [   scheduling-1] r.observability.ObservabilityService     : LAB9 Observability window=10s category=db.client.findAll count=183 sumNanos=37151608674 avgNanos=203014255
zil-app                 | 2026-05-04T14:46:54.633Z  INFO 1 --- [   scheduling-1] r.observability.ObservabilityService     : LAB9 Observability window=10s category=db.rent.findAll count=359 sumNanos=63425649221 avgNanos=176673117
zil-app                 | 2026-05-04T14:46:54.633Z  INFO 1 --- [   scheduling-1] r.observability.ObservabilityService     : LAB9 Observability window=10s category=web.CarController.getCars count=360 sumNanos=61115028252 avgNanos=169763967
zil-app                 | 2026-05-04T14:46:54.634Z  INFO 1 --- [   scheduling-1] r.observability.ObservabilityService     : LAB9 Observability window=10s category=db.car.findAll count=360 sumNanos=61114784134 avgNanos=169763289
zil-app                 | 2026-05-04T14:46:54.634Z  INFO 1 --- [   scheduling-1] r.observability.ObservabilityService     : LAB9 Observability window=30s category=web.ClientController.getClients count=539 sumNanos=107355001312 avgNanos=199174399
zil-app                 | 2026-05-04T14:46:54.634Z  INFO 1 --- [   scheduling-1] r.observability.ObservabilityService     : LAB9 Observability window=30s category=db.client.findAll count=539 sumNanos=107353929956 avgNanos=199172411
zil-app                 | 2026-05-04T14:46:54.634Z  INFO 1 --- [   scheduling-1] r.observability.ObservabilityService     : LAB9 Observability window=30s category=web.RentController.getRents count=1078 sumNanos=190501176930 avgNanos=176717232
zil-app                 | 2026-05-04T14:46:54.634Z  INFO 1 --- [   scheduling-1] r.observability.ObservabilityService     : LAB9 Observability window=30s category=db.rent.findAll count=1078 sumNanos=190500091990 avgNanos=176716226
zil-app                 | 2026-05-04T14:46:54.634Z  INFO 1 --- [   scheduling-1] r.observability.ObservabilityService     : LAB9 Observability window=30s category=web.CarController.getCars count=1080 sumNanos=185551513189 avgNanos=171806956
zil-app                 | 2026-05-04T14:46:54.634Z  INFO 1 --- [   scheduling-1] r.observability.ObservabilityService     : LAB9 Observability window=30s category=db.car.findAll count=1080 sumNanos=185550434575 avgNanos=171805957
zil-app                 | 2026-05-04T14:46:54.635Z  INFO 1 --- [   scheduling-1] r.observability.ObservabilityService     : LAB9 Observability window=1m category=web.ClientController.getClients count=1069 sumNanos=212475998183 avgNanos=198761457
zil-app                 | 2026-05-04T14:46:54.635Z  INFO 1 --- [   scheduling-1] r.observability.ObservabilityService     : LAB9 Observability window=1m category=db.client.findAll count=1069 sumNanos=212473904810 avgNanos=198759499
zil-app                 | 2026-05-04T14:46:54.638Z  INFO 1 --- [   scheduling-1] r.observability.ObservabilityService     : LAB9 Observability window=1m category=web.RentController.getRents count=2168 sumNanos=381537176924 avgNanos=175985782
zil-app                 | 2026-05-04T14:46:54.638Z  INFO 1 --- [   scheduling-1] r.observability.ObservabilityService     : LAB9 Observability window=1m category=db.rent.findAll count=2168 sumNanos=381534879463 avgNanos=175984722
zil-app                 | 2026-05-04T14:46:54.638Z  INFO 1 --- [   scheduling-1] r.observability.ObservabilityService     : LAB9 Observability window=1m category=web.CarController.getCars count=2171 sumNanos=372806474760 avgNanos=171721084
zil-app                 | 2026-05-04T14:46:54.638Z  INFO 1 --- [   scheduling-1] r.observability.ObservabilityService     : LAB9 Observability window=1m category=db.car.findAll count=2171 sumNanos=372804642007 avgNanos=171720240
zil-app                 | 2026-05-04T14:46:59.638Z  INFO 1 --- [   scheduling-1] r.observability.ObservabilityService     : LAB9 Observability window=10s category=web.ClientController.getClients count=180 sumNanos=35929705831 avgNanos=199609476
zil-app                 | 2026-05-04T14:46:59.638Z  INFO 1 --- [   scheduling-1] r.observability.ObservabilityService     : LAB9 Observability window=10s category=web.RentController.getRents count=359 sumNanos=62658889389 avgNanos=174537296
zil-app                 | 2026-05-04T14:46:59.638Z  INFO 1 --- [   scheduling-1] r.observability.ObservabilityService     : LAB9 Observability window=10s category=db.client.findAll count=180 sumNanos=35929407880 avgNanos=199607821
zil-app                 | 2026-05-04T14:46:59.641Z  INFO 1 --- [   scheduling-1] r.observability.ObservabilityService     : LAB9 Observability window=10s category=db.rent.findAll count=359 sumNanos=62658295833 avgNanos=174535642
zil-app                 | 2026-05-04T14:46:59.641Z  INFO 1 --- [   scheduling-1] r.observability.ObservabilityService     : LAB9 Observability window=10s category=web.CarController.getCars count=362 sumNanos=61692629951 avgNanos=170421629
zil-app                 | 2026-05-04T14:46:59.641Z  INFO 1 --- [   scheduling-1] r.observability.ObservabilityService     : LAB9 Observability window=10s category=db.car.findAll count=362 sumNanos=61689136058 avgNanos=170411978
zil-app                 | 2026-05-04T14:46:59.641Z  INFO 1 --- [   scheduling-1] r.observability.ObservabilityService     : LAB9 Observability window=30s category=web.ClientController.getClients count=537 sumNanos=106888396092 avgNanos=199047292
zil-app                 | 2026-05-04T14:46:59.641Z  INFO 1 --- [   scheduling-1] r.observability.ObservabilityService     : LAB9 Observability window=30s category=web.RentController.getRents count=1086 sumNanos=190389886207 avgNanos=175312970
zil-app                 | 2026-05-04T14:46:59.641Z  INFO 1 --- [   scheduling-1] r.observability.ObservabilityService     : LAB9 Observability window=30s category=db.client.findAll count=537 sumNanos=106887379948 avgNanos=199045400
zil-app                 | 2026-05-04T14:46:59.641Z  INFO 1 --- [   scheduling-1] r.observability.ObservabilityService     : LAB9 Observability window=30s category=db.rent.findAll count=1086 sumNanos=190388787984 avgNanos=175311959
zil-app                 | 2026-05-04T14:46:59.641Z  INFO 1 --- [   scheduling-1] r.observability.ObservabilityService     : LAB9 Observability window=30s category=web.CarController.getCars count=1086 sumNanos=186254914391 avgNanos=171505446
zil-app                 | 2026-05-04T14:46:59.641Z  INFO 1 --- [   scheduling-1] r.observability.ObservabilityService     : LAB9 Observability window=30s category=db.car.findAll count=1086 sumNanos=186250577402 avgNanos=171501452
zil-app                 | 2026-05-04T14:46:59.641Z  INFO 1 --- [   scheduling-1] r.observability.ObservabilityService     : LAB9 Observability window=1m category=web.ClientController.getClients count=1069 sumNanos=212050523122 avgNanos=198363445
zil-app                 | 2026-05-04T14:46:59.641Z  INFO 1 --- [   scheduling-1] r.observability.ObservabilityService     : LAB9 Observability window=1m category=db.client.findAll count=1069 sumNanos=212048456463 avgNanos=198361512
zil-app                 | 2026-05-04T14:46:59.641Z  INFO 1 --- [   scheduling-1] r.observability.ObservabilityService     : LAB9 Observability window=1m category=web.RentController.getRents count=2172 sumNanos=381169536765 avgNanos=175492420
zil-app                 | 2026-05-04T14:46:59.641Z  INFO 1 --- [   scheduling-1] r.observability.ObservabilityService     : LAB9 Observability window=1m category=db.rent.findAll count=2172 sumNanos=381167278602 avgNanos=175491380
zil-app                 | 2026-05-04T14:46:59.642Z  INFO 1 --- [   scheduling-1] r.observability.ObservabilityService     : LAB9 Observability window=1m category=web.CarController.getCars count=2174 sumNanos=373043885624 avgNanos=171593323
zil-app                 | 2026-05-04T14:46:59.642Z  INFO 1 --- [   scheduling-1] r.observability.ObservabilityService     : LAB9 Observability window=1m category=db.car.findAll count=2174 sumNanos=373038797542 avgNanos=171590983
zil-app                 | 2026-05-04T14:47:04.653Z  INFO 1 --- [   scheduling-1] r.observability.ObservabilityService     : LAB9 Observability window=10s category=web.ClientController.getClients count=170 sumNanos=33978650960 avgNanos=199874417
zil-app                 | 2026-05-04T14:47:04.653Z  INFO 1 --- [   scheduling-1] r.observability.ObservabilityService     : LAB9 Observability window=10s category=db.client.findAll count=170 sumNanos=33978326045 avgNanos=199872506
zil-app                 | 2026-05-04T14:47:04.653Z  INFO 1 --- [   scheduling-1] r.observability.ObservabilityService     : LAB9 Observability window=10s category=web.RentController.getRents count=365 sumNanos=64185372325 avgNanos=175850335
zil-app                 | 2026-05-04T14:47:04.653Z  INFO 1 --- [   scheduling-1] r.observability.ObservabilityService     : LAB9 Observability window=10s category=db.rent.findAll count=365 sumNanos=64185047102 avgNanos=175849444
zil-app                 | 2026-05-04T14:47:04.653Z  INFO 1 --- [   scheduling-1] r.observability.ObservabilityService     : LAB9 Observability window=10s category=web.CarController.getCars count=364 sumNanos=63239512905 avgNanos=173734925
zil-app                 | 2026-05-04T14:47:04.653Z  INFO 1 --- [   scheduling-1] r.observability.ObservabilityService     : LAB9 Observability window=10s category=db.car.findAll count=364 sumNanos=63235969025 avgNanos=173725189
zil-app                 | 2026-05-04T14:47:04.653Z  INFO 1 --- [   scheduling-1] r.observability.ObservabilityService     : LAB9 Observability window=30s category=web.ClientController.getClients count=527 sumNanos=105308197075 avgNanos=199825800
zil-app                 | 2026-05-04T14:47:04.653Z  INFO 1 --- [   scheduling-1] r.observability.ObservabilityService     : LAB9 Observability window=30s category=web.RentController.getRents count=1088 sumNanos=191425424586 avgNanos=175942485
zil-app                 | 2026-05-04T14:47:04.653Z  INFO 1 --- [   scheduling-1] r.observability.ObservabilityService     : LAB9 Observability window=30s category=db.client.findAll count=527 sumNanos=105307206582 avgNanos=199823921
zil-app                 | 2026-05-04T14:47:04.653Z  INFO 1 --- [   scheduling-1] r.observability.ObservabilityService     : LAB9 Observability window=30s category=db.rent.findAll count=1088 sumNanos=191424246529 avgNanos=175941403
zil-app                 | 2026-05-04T14:47:04.653Z  INFO 1 --- [   scheduling-1] r.observability.ObservabilityService     : LAB9 Observability window=30s category=web.CarController.getCars count=1085 sumNanos=186226459355 avgNanos=171637289
zil-app                 | 2026-05-04T14:47:04.653Z  INFO 1 --- [   scheduling-1] r.observability.ObservabilityService     : LAB9 Observability window=30s category=db.car.findAll count=1085 sumNanos=186222076400 avgNanos=171633250
zil-app                 | 2026-05-04T14:47:04.654Z  INFO 1 --- [   scheduling-1] r.observability.ObservabilityService     : LAB9 Observability window=1m category=web.ClientController.getClients count=1062 sumNanos=211023793250 avgNanos=198704136
zil-app                 | 2026-05-04T14:47:04.654Z  INFO 1 --- [   scheduling-1] r.observability.ObservabilityService     : LAB9 Observability window=1m category=web.RentController.getRents count=2174 sumNanos=382183649818 avgNanos=175797447
zil-app                 | 2026-05-04T14:47:04.654Z  INFO 1 --- [   scheduling-1] r.observability.ObservabilityService     : LAB9 Observability window=1m category=db.client.findAll count=1062 sumNanos=211021728901 avgNanos=198702192
zil-app                 | 2026-05-04T14:47:04.654Z  INFO 1 --- [   scheduling-1] r.observability.ObservabilityService     : LAB9 Observability window=1m category=db.rent.findAll count=2174 sumNanos=382181333159 avgNanos=175796381
zil-app                 | 2026-05-04T14:47:04.654Z  INFO 1 --- [   scheduling-1] r.observability.ObservabilityService     : LAB9 Observability window=1m category=web.CarController.getCars count=2171 sumNanos=373678449406 avgNanos=172122731
zil-app                 | 2026-05-04T14:47:04.654Z  INFO 1 --- [   scheduling-1] r.observability.ObservabilityService     : LAB9 Observability window=1m category=db.car.findAll count=2171 sumNanos=373673298600 avgNanos=172120358
zil-app                 | 2026-05-04T14:47:09.654Z  INFO 1 --- [   scheduling-1] r.observability.ObservabilityService     : LAB9 Observability window=10s category=web.ClientController.getClients count=167 sumNanos=33316419279 avgNanos=199499516
zil-app                 | 2026-05-04T14:47:09.654Z  INFO 1 --- [   scheduling-1] r.observability.ObservabilityService     : LAB9 Observability window=10s category=db.client.findAll count=167 sumNanos=33316009953 avgNanos=199497065
zil-app                 | 2026-05-04T14:47:09.654Z  INFO 1 --- [   scheduling-1] r.observability.ObservabilityService     : LAB9 Observability window=10s category=web.RentController.getRents count=372 sumNanos=64222932211 avgNanos=172642290
zil-app                 | 2026-05-04T14:47:09.654Z  INFO 1 --- [   scheduling-1] r.observability.ObservabilityService     : LAB9 Observability window=10s category=db.rent.findAll count=372 sumNanos=64221535232 avgNanos=172638535
zil-app                 | 2026-05-04T14:47:09.655Z  INFO 1 --- [   scheduling-1] r.observability.ObservabilityService     : LAB9 Observability window=10s category=web.CarController.getCars count=366 sumNanos=63376573123 avgNanos=173160035
zil-app                 | 2026-05-04T14:47:09.655Z  INFO 1 --- [   scheduling-1] r.observability.ObservabilityService     : LAB9 Observability window=10s category=db.car.findAll count=366 sumNanos=63376271739 avgNanos=173159212
zil-app                 | 2026-05-04T14:47:09.655Z  INFO 1 --- [   scheduling-1] r.observability.ObservabilityService     : LAB9 Observability window=30s category=web.ClientController.getClients count=522 sumNanos=104430352224 avgNanos=200058146
zil-app                 | 2026-05-04T14:47:09.655Z  INFO 1 --- [   scheduling-1] r.observability.ObservabilityService     : LAB9 Observability window=30s category=db.client.findAll count=522 sumNanos=104429284953 avgNanos=200056101
zil-app                 | 2026-05-04T14:47:09.655Z  INFO 1 --- [   scheduling-1] r.observability.ObservabilityService     : LAB9 Observability window=30s category=web.RentController.getRents count=1092 sumNanos=190938801859 avgNanos=174852382
zil-app                 | 2026-05-04T14:47:09.655Z  INFO 1 --- [   scheduling-1] r.observability.ObservabilityService     : LAB9 Observability window=30s category=db.rent.findAll count=1092 sumNanos=190936560265 avgNanos=174850329
zil-app                 | 2026-05-04T14:47:09.655Z  INFO 1 --- [   scheduling-1] r.observability.ObservabilityService     : LAB9 Observability window=30s category=web.CarController.getCars count=1088 sumNanos=187210078614 avgNanos=172068086
zil-app                 | 2026-05-04T14:47:09.655Z  INFO 1 --- [   scheduling-1] r.observability.ObservabilityService     : LAB9 Observability window=30s category=db.car.findAll count=1088 sumNanos=187206052315 avgNanos=172064386
zil-app                 | 2026-05-04T14:47:09.655Z  INFO 1 --- [   scheduling-1] r.observability.ObservabilityService     : LAB9 Observability window=1m category=web.ClientController.getClients count=1058 sumNanos=209928374416 avgNanos=198420013
zil-app                 | 2026-05-04T14:47:09.655Z  INFO 1 --- [   scheduling-1] r.observability.ObservabilityService     : LAB9 Observability window=1m category=web.RentController.getRents count=2173 sumNanos=381600930671 avgNanos=175610184
zil-app                 | 2026-05-04T14:47:09.655Z  INFO 1 --- [   scheduling-1] r.observability.ObservabilityService     : LAB9 Observability window=1m category=db.client.findAll count=1058 sumNanos=209926238896 avgNanos=198417995
zil-app                 | 2026-05-04T14:47:09.655Z  INFO 1 --- [   scheduling-1] r.observability.ObservabilityService     : LAB9 Observability window=1m category=db.rent.findAll count=2173 sumNanos=381597910032 avgNanos=175608794
zil-app                 | 2026-05-04T14:47:09.655Z  INFO 1 --- [   scheduling-1] r.observability.ObservabilityService     : LAB9 Observability window=1m category=web.CarController.getCars count=2174 sumNanos=373477161041 avgNanos=171792622
zil-app                 | 2026-05-04T14:47:09.655Z  INFO 1 --- [   scheduling-1] r.observability.ObservabilityService     : LAB9 Observability window=1m category=db.car.findAll count=2174 sumNanos=373472054676 avgNanos=171790273
zil-app                 | 2026-05-04T14:47:14.656Z  INFO 1 --- [   scheduling-1] r.observability.ObservabilityService     : LAB9 Observability window=10s category=web.ClientController.getClients count=165 sumNanos=32737374607 avgNanos=198408330
zil-app                 | 2026-05-04T14:47:14.656Z  INFO 1 --- [   scheduling-1] r.observability.ObservabilityService     : LAB9 Observability window=10s category=db.client.findAll count=165 sumNanos=32733092178 avgNanos=198382376
zil-app                 | 2026-05-04T14:47:14.656Z  INFO 1 --- [   scheduling-1] r.observability.ObservabilityService     : LAB9 Observability window=10s category=web.RentController.getRents count=370 sumNanos=63736054644 avgNanos=172259607
zil-app                 | 2026-05-04T14:47:14.656Z  INFO 1 --- [   scheduling-1] r.observability.ObservabilityService     : LAB9 Observability window=10s category=db.rent.findAll count=370 sumNanos=63734548907 avgNanos=172255537
zil-app                 | 2026-05-04T14:47:14.656Z  INFO 1 --- [   scheduling-1] r.observability.ObservabilityService     : LAB9 Observability window=10s category=web.CarController.getCars count=371 sumNanos=63131569978 avgNanos=170165956
zil-app                 | 2026-05-04T14:47:14.656Z  INFO 1 --- [   scheduling-1] r.observability.ObservabilityService     : LAB9 Observability window=10s category=db.car.findAll count=371 sumNanos=63131319934 avgNanos=170165282
zil-app                 | 2026-05-04T14:47:14.656Z  INFO 1 --- [   scheduling-1] r.observability.ObservabilityService     : LAB9 Observability window=30s category=web.ClientController.getClients count=518 sumNanos=103867983335 avgNanos=200517342
zil-app                 | 2026-05-04T14:47:14.657Z  INFO 1 --- [   scheduling-1] r.observability.ObservabilityService     : LAB9 Observability window=30s category=web.RentController.getRents count=1094 sumNanos=191347659166 avgNanos=174906452
zil-app                 | 2026-05-04T14:47:14.657Z  INFO 1 --- [   scheduling-1] r.observability.ObservabilityService     : LAB9 Observability window=30s category=db.client.findAll count=518 sumNanos=103863026897 avgNanos=200507773
zil-app                 | 2026-05-04T14:47:14.657Z  INFO 1 --- [   scheduling-1] r.observability.ObservabilityService     : LAB9 Observability window=30s category=db.rent.findAll count=1094 sumNanos=191345245230 avgNanos=174904246
zil-app                 | 2026-05-04T14:47:14.657Z  INFO 1 --- [   scheduling-1] r.observability.ObservabilityService     : LAB9 Observability window=30s category=web.CarController.getCars count=1095 sumNanos=187486111135 avgNanos=171220192
zil-app                 | 2026-05-04T14:47:14.658Z  INFO 1 --- [   scheduling-1] r.observability.ObservabilityService     : LAB9 Observability window=30s category=db.car.findAll count=1095 sumNanos=187482073093 avgNanos=171216505
zil-app                 | 2026-05-04T14:47:14.659Z  INFO 1 --- [   scheduling-1] r.observability.ObservabilityService     : LAB9 Observability window=1m category=web.ClientController.getClients count=1056 sumNanos=210122871942 avgNanos=198979992
zil-app                 | 2026-05-04T14:47:14.659Z  INFO 1 --- [   scheduling-1] r.observability.ObservabilityService     : LAB9 Observability window=1m category=db.client.findAll count=1056 sumNanos=210116881367 avgNanos=198974319
zil-app                 | 2026-05-04T14:47:14.659Z  INFO 1 --- [   scheduling-1] r.observability.ObservabilityService     : LAB9 Observability window=1m category=web.RentController.getRents count=2175 sumNanos=382095306184 avgNanos=175676002
zil-app                 | 2026-05-04T14:47:14.659Z  INFO 1 --- [   scheduling-1] r.observability.ObservabilityService     : LAB9 Observability window=1m category=db.rent.findAll count=2175 sumNanos=382092167921 avgNanos=175674559
zil-app                 | 2026-05-04T14:47:14.659Z  INFO 1 --- [   scheduling-1] r.observability.ObservabilityService     : LAB9 Observability window=1m category=web.CarController.getCars count=2176 sumNanos=373803550266 avgNanos=171784719
zil-app                 | 2026-05-04T14:47:14.659Z  INFO 1 --- [   scheduling-1] r.observability.ObservabilityService     : LAB9 Observability window=1m category=db.car.findAll count=2176 sumNanos=373798438523 avgNanos=171782370
zil-app                 | 2026-05-04T14:47:19.660Z  INFO 1 --- [   scheduling-1] r.observability.ObservabilityService     : LAB9 Observability window=10s category=web.ClientController.getClients count=175 sumNanos=34303471121 avgNanos=196019834
zil-app                 | 2026-05-04T14:47:19.660Z  INFO 1 --- [   scheduling-1] r.observability.ObservabilityService     : LAB9 Observability window=10s category=db.client.findAll count=175 sumNanos=34299124358 avgNanos=195994996
zil-app                 | 2026-05-04T14:47:19.660Z  INFO 1 --- [   scheduling-1] r.observability.ObservabilityService     : LAB9 Observability window=10s category=web.RentController.getRents count=364 sumNanos=64008464193 avgNanos=175847429
zil-app                 | 2026-05-04T14:47:19.660Z  INFO 1 --- [   scheduling-1] r.observability.ObservabilityService     : LAB9 Observability window=10s category=db.rent.findAll count=364 sumNanos=64008039944 avgNanos=175846263
zil-app                 | 2026-05-04T14:47:19.660Z  INFO 1 --- [   scheduling-1] r.observability.ObservabilityService     : LAB9 Observability window=10s category=web.CarController.getCars count=366 sumNanos=62848295074 avgNanos=171716653
zil-app                 | 2026-05-04T14:47:19.660Z  INFO 1 --- [   scheduling-1] r.observability.ObservabilityService     : LAB9 Observability window=10s category=db.car.findAll count=366 sumNanos=62848029914 avgNanos=171715928
zil-app                 | 2026-05-04T14:47:19.660Z  INFO 1 --- [   scheduling-1] r.observability.ObservabilityService     : LAB9 Observability window=30s category=web.ClientController.getClients count=521 sumNanos=103354935929 avgNanos=198377996
zil-app                 | 2026-05-04T14:47:19.660Z  INFO 1 --- [   scheduling-1] r.observability.ObservabilityService     : LAB9 Observability window=30s category=db.client.findAll count=521 sumNanos=103349883775 avgNanos=198368298
zil-app                 | 2026-05-04T14:47:19.660Z  INFO 1 --- [   scheduling-1] r.observability.ObservabilityService     : LAB9 Observability window=30s category=web.RentController.getRents count=1095 sumNanos=190890285793 avgNanos=174329028
zil-app                 | 2026-05-04T14:47:19.660Z  INFO 1 --- [   scheduling-1] r.observability.ObservabilityService     : LAB9 Observability window=30s category=db.rent.findAll count=1095 sumNanos=190887871009 avgNanos=174326822
zil-app                 | 2026-05-04T14:47:19.660Z  INFO 1 --- [   scheduling-1] r.observability.ObservabilityService     : LAB9 Observability window=30s category=web.CarController.getCars count=1093 sumNanos=187740104191 avgNanos=171765877
zil-app                 | 2026-05-04T14:47:19.660Z  INFO 1 --- [   scheduling-1] r.observability.ObservabilityService     : LAB9 Observability window=30s category=db.car.findAll count=1093 sumNanos=187736044406 avgNanos=171762163
zil-app                 | 2026-05-04T14:47:19.661Z  INFO 1 --- [   scheduling-1] r.observability.ObservabilityService     : LAB9 Observability window=1m category=web.ClientController.getClients count=1060 sumNanos=210198592668 avgNanos=198300559
zil-app                 | 2026-05-04T14:47:19.661Z  INFO 1 --- [   scheduling-1] r.observability.ObservabilityService     : LAB9 Observability window=1m category=db.client.findAll count=1060 sumNanos=210192454289 avgNanos=198294768
zil-app                 | 2026-05-04T14:47:19.661Z  INFO 1 --- [   scheduling-1] r.observability.ObservabilityService     : LAB9 Observability window=1m category=web.RentController.getRents count=2178 sumNanos=381841078168 avgNanos=175317299
zil-app                 | 2026-05-04T14:47:19.661Z  INFO 1 --- [   scheduling-1] r.observability.ObservabilityService     : LAB9 Observability window=1m category=db.rent.findAll count=2178 sumNanos=381837935053 avgNanos=175315856
zil-app                 | 2026-05-04T14:47:19.661Z  INFO 1 --- [   scheduling-1] r.observability.ObservabilityService     : LAB9 Observability window=1m category=web.CarController.getCars count=2173 sumNanos=374225949514 avgNanos=172216267
zil-app                 | 2026-05-04T14:47:19.661Z  INFO 1 --- [   scheduling-1] r.observability.ObservabilityService     : LAB9 Observability window=1m category=db.car.findAll count=2173 sumNanos=374220832850 avgNanos=172213912
zil-app                 | 2026-05-04T14:47:24.662Z  INFO 1 --- [   scheduling-1] r.observability.ObservabilityService     : LAB9 Observability window=10s category=web.ClientController.getClients count=198 sumNanos=38772604545 avgNanos=195821235
zil-app                 | 2026-05-04T14:47:24.662Z  INFO 1 --- [   scheduling-1] r.observability.ObservabilityService     : LAB9 Observability window=10s category=db.client.findAll count=198 sumNanos=38772084545 avgNanos=195818608
zil-app                 | 2026-05-04T14:47:24.663Z  INFO 1 --- [   scheduling-1] r.observability.ObservabilityService     : LAB9 Observability window=10s category=web.RentController.getRents count=355 sumNanos=61532331317 avgNanos=173330510
zil-app                 | 2026-05-04T14:47:24.663Z  INFO 1 --- [   scheduling-1] r.observability.ObservabilityService     : LAB9 Observability window=10s category=db.rent.findAll count=355 sumNanos=61532092787 avgNanos=173329838
zil-app                 | 2026-05-04T14:47:24.663Z  INFO 1 --- [   scheduling-1] r.observability.ObservabilityService     : LAB9 Observability window=10s category=web.CarController.getCars count=355 sumNanos=62196733522 avgNanos=175202066
zil-app                 | 2026-05-04T14:47:24.663Z  INFO 1 --- [   scheduling-1] r.observability.ObservabilityService     : LAB9 Observability window=10s category=db.car.findAll count=355 sumNanos=62195905115 avgNanos=175199732
zil-app                 | 2026-05-04T14:47:24.664Z  INFO 1 --- [   scheduling-1] r.observability.ObservabilityService     : LAB9 Observability window=30s category=web.ClientController.getClients count=533 sumNanos=105488630112 avgNanos=197914878
zil-app                 | 2026-05-04T14:47:24.664Z  INFO 1 --- [   scheduling-1] r.observability.ObservabilityService     : LAB9 Observability window=30s category=db.client.findAll count=533 sumNanos=105483502768 avgNanos=197905258
zil-app                 | 2026-05-04T14:47:24.664Z  INFO 1 --- [   scheduling-1] r.observability.ObservabilityService     : LAB9 Observability window=30s category=web.RentController.getRents count=1089 sumNanos=189241351524 avgNanos=173775345
zil-app                 | 2026-05-04T14:47:24.665Z  INFO 1 --- [   scheduling-1] r.observability.ObservabilityService     : LAB9 Observability window=30s category=db.rent.findAll count=1089 sumNanos=189239282584 avgNanos=173773445
zil-app                 | 2026-05-04T14:47:24.665Z  INFO 1 --- [   scheduling-1] r.observability.ObservabilityService     : LAB9 Observability window=30s category=web.CarController.getCars count=1090 sumNanos=188567816405 avgNanos=172997996
zil-app                 | 2026-05-04T14:47:24.666Z  INFO 1 --- [   scheduling-1] r.observability.ObservabilityService     : LAB9 Observability window=30s category=db.car.findAll count=1090 sumNanos=188563194074 avgNanos=172993756
zil-app                 | 2026-05-04T14:47:24.666Z  INFO 1 --- [   scheduling-1] r.observability.ObservabilityService     : LAB9 Observability window=1m category=web.ClientController.getClients count=1071 sumNanos=212729537089 avgNanos=198627018
zil-app                 | 2026-05-04T14:47:24.666Z  INFO 1 --- [   scheduling-1] r.observability.ObservabilityService     : LAB9 Observability window=1m category=web.RentController.getRents count=2167 sumNanos=379791455902 avgNanos=175261400
zil-app                 | 2026-05-04T14:47:24.667Z  INFO 1 --- [   scheduling-1] r.observability.ObservabilityService     : LAB9 Observability window=1m category=db.client.findAll count=1071 sumNanos=212723340326 avgNanos=198621232
zil-app                 | 2026-05-04T14:47:24.667Z  INFO 1 --- [   scheduling-1] r.observability.ObservabilityService     : LAB9 Observability window=1m category=db.rent.findAll count=2167 sumNanos=379788302088 avgNanos=175259945
zil-app                 | 2026-05-04T14:47:24.667Z  INFO 1 --- [   scheduling-1] r.observability.ObservabilityService     : LAB9 Observability window=1m category=web.CarController.getCars count=2169 sumNanos=373952369323 avgNanos=172407731
zil-app                 | 2026-05-04T14:47:24.667Z  INFO 1 --- [   scheduling-1] r.observability.ObservabilityService     : LAB9 Observability window=1m category=db.car.findAll count=2169 sumNanos=373946668989 avgNanos=172405103
zil-app                 | 2026-05-04T14:47:29.669Z  INFO 1 --- [   scheduling-1] r.observability.ObservabilityService     : LAB9 Observability window=10s category=web.ClientController.getClients count=193 sumNanos=37685996478 avgNanos=195264230
zil-app                 | 2026-05-04T14:47:29.669Z  INFO 1 --- [   scheduling-1] r.observability.ObservabilityService     : LAB9 Observability window=10s category=db.client.findAll count=193 sumNanos=37685631578 avgNanos=195262339
zil-app                 | 2026-05-04T14:47:29.669Z  INFO 1 --- [   scheduling-1] r.observability.ObservabilityService     : LAB9 Observability window=10s category=web.RentController.getRents count=354 sumNanos=61368441694 avgNanos=173357179
zil-app                 | 2026-05-04T14:47:29.670Z  INFO 1 --- [   scheduling-1] r.observability.ObservabilityService     : LAB9 Observability window=10s category=db.rent.findAll count=354 sumNanos=61368205691 avgNanos=173356513
zil-app                 | 2026-05-04T14:47:29.671Z  INFO 1 --- [   scheduling-1] r.observability.ObservabilityService     : LAB9 Observability window=10s category=web.CarController.getCars count=355 sumNanos=62375263956 avgNanos=175704968
zil-app                 | 2026-05-04T14:47:29.671Z  INFO 1 --- [   scheduling-1] r.observability.ObservabilityService     : LAB9 Observability window=10s category=db.car.findAll count=355 sumNanos=62374449276 avgNanos=175702674
zil-app                 | 2026-05-04T14:47:29.671Z  INFO 1 --- [   scheduling-1] r.observability.ObservabilityService     : LAB9 Observability window=30s category=web.ClientController.getClients count=535 sumNanos=105305886878 avgNanos=196833433
zil-app                 | 2026-05-04T14:47:29.671Z  INFO 1 --- [   scheduling-1] r.observability.ObservabilityService     : LAB9 Observability window=30s category=db.client.findAll count=535 sumNanos=105300765889 avgNanos=196823861
zil-app                 | 2026-05-04T14:47:29.671Z  INFO 1 --- [   scheduling-1] r.observability.ObservabilityService     : LAB9 Observability window=30s category=web.RentController.getRents count=1090 sumNanos=189599838098 avgNanos=173944805
zil-app                 | 2026-05-04T14:47:29.671Z  INFO 1 --- [   scheduling-1] r.observability.ObservabilityService     : LAB9 Observability window=30s category=db.rent.findAll count=1090 sumNanos=189597780867 avgNanos=173942918
zil-app                 | 2026-05-04T14:47:29.671Z  INFO 1 --- [   scheduling-1] r.observability.ObservabilityService     : LAB9 Observability window=30s category=web.CarController.getCars count=1087 sumNanos=188600132153 avgNanos=173505181
zil-app                 | 2026-05-04T14:47:29.671Z  INFO 1 --- [   scheduling-1] r.observability.ObservabilityService     : LAB9 Observability window=30s category=db.car.findAll count=1087 sumNanos=188598750929 avgNanos=173503910
zil-app                 | 2026-05-04T14:47:29.671Z  INFO 1 --- [   scheduling-1] r.observability.ObservabilityService     : LAB9 Observability window=1m category=web.ClientController.getClients count=1070 sumNanos=211621085183 avgNanos=197776715
zil-app                 | 2026-05-04T14:47:29.671Z  INFO 1 --- [   scheduling-1] r.observability.ObservabilityService     : LAB9 Observability window=1m category=web.RentController.getRents count=2176 sumNanos=379989724305 avgNanos=174627630
zil-app                 | 2026-05-04T14:47:29.671Z  INFO 1 --- [   scheduling-1] r.observability.ObservabilityService     : LAB9 Observability window=1m category=db.client.findAll count=1070 sumNanos=211614952310 avgNanos=197770983
zil-app                 | 2026-05-04T14:47:29.671Z  INFO 1 --- [   scheduling-1] r.observability.ObservabilityService     : LAB9 Observability window=1m category=db.rent.findAll count=2176 sumNanos=379986568851 avgNanos=174626180
zil-app                 | 2026-05-04T14:47:29.671Z  INFO 1 --- [   scheduling-1] r.observability.ObservabilityService     : LAB9 Observability window=1m category=web.CarController.getCars count=2172 sumNanos=374592577500 avgNanos=172464354
zil-app                 | 2026-05-04T14:47:29.671Z  INFO 1 --- [   scheduling-1] r.observability.ObservabilityService     : LAB9 Observability window=1m category=db.car.findAll count=2172 sumNanos=374586859857 avgNanos=172461721
zil-app                 | 2026-05-04T14:47:34.672Z  INFO 1 --- [   scheduling-1] r.observability.ObservabilityService     : LAB9 Observability window=10s category=web.ClientController.getClients count=193 sumNanos=38065387862 avgNanos=197229988
zil-app                 | 2026-05-04T14:47:34.672Z  INFO 1 --- [   scheduling-1] r.observability.ObservabilityService     : LAB9 Observability window=10s category=db.client.findAll count=193 sumNanos=38065023376 avgNanos=197228100
zil-app                 | 2026-05-04T14:47:34.672Z  INFO 1 --- [   scheduling-1] r.observability.ObservabilityService     : LAB9 Observability window=10s category=web.RentController.getRents count=351 sumNanos=62355826122 avgNanos=177651926
zil-app                 | 2026-05-04T14:47:34.672Z  INFO 1 --- [   scheduling-1] r.observability.ObservabilityService     : LAB9 Observability window=10s category=db.rent.findAll count=351 sumNanos=62355588700 avgNanos=177651249
zil-app                 | 2026-05-04T14:47:34.672Z  INFO 1 --- [   scheduling-1] r.observability.ObservabilityService     : LAB9 Observability window=10s category=web.CarController.getCars count=348 sumNanos=61738688971 avgNanos=177410025
zil-app                 | 2026-05-04T14:47:34.672Z  INFO 1 --- [   scheduling-1] r.observability.ObservabilityService     : LAB9 Observability window=10s category=db.car.findAll count=348 sumNanos=61738432073 avgNanos=177409287
zil-app                 | 2026-05-04T14:47:34.673Z  INFO 1 --- [   scheduling-1] r.observability.ObservabilityService     : LAB9 Observability window=30s category=web.ClientController.getClients count=556 sumNanos=109575367014 avgNanos=197077998
zil-app                 | 2026-05-04T14:47:34.673Z  INFO 1 --- [   scheduling-1] r.observability.ObservabilityService     : LAB9 Observability window=30s category=db.client.findAll count=556 sumNanos=109570200099 avgNanos=197068705
zil-app                 | 2026-05-04T14:47:34.673Z  INFO 1 --- [   scheduling-1] r.observability.ObservabilityService     : LAB9 Observability window=30s category=web.RentController.getRents count=1075 sumNanos=187471333076 avgNanos=174391937
zil-app                 | 2026-05-04T14:47:34.673Z  INFO 1 --- [   scheduling-1] r.observability.ObservabilityService     : LAB9 Observability window=30s category=db.rent.findAll count=1075 sumNanos=187469352267 avgNanos=174390095
zil-app                 | 2026-05-04T14:47:34.673Z  INFO 1 --- [   scheduling-1] r.observability.ObservabilityService     : LAB9 Observability window=30s category=web.CarController.getCars count=1074 sumNanos=187066992471 avgNanos=174177832
zil-app                 | 2026-05-04T14:47:34.673Z  INFO 1 --- [   scheduling-1] r.observability.ObservabilityService     : LAB9 Observability window=30s category=db.car.findAll count=1074 sumNanos=187065657122 avgNanos=174176589
zil-app                 | 2026-05-04T14:47:34.673Z  INFO 1 --- [   scheduling-1] r.observability.ObservabilityService     : LAB9 Observability window=1m category=web.ClientController.getClients count=1082 sumNanos=214685530445 avgNanos=198415462
zil-app                 | 2026-05-04T14:47:34.673Z  INFO 1 --- [   scheduling-1] r.observability.ObservabilityService     : LAB9 Observability window=1m category=db.client.findAll count=1082 sumNanos=214679374429 avgNanos=198409773
zil-app                 | 2026-05-04T14:47:34.673Z  INFO 1 --- [   scheduling-1] r.observability.ObservabilityService     : LAB9 Observability window=1m category=web.RentController.getRents count=2164 sumNanos=379049636669 avgNanos=175161569
zil-app                 | 2026-05-04T14:47:34.673Z  INFO 1 --- [   scheduling-1] r.observability.ObservabilityService     : LAB9 Observability window=1m category=db.rent.findAll count=2164 sumNanos=379046476923 avgNanos=175160109
zil-app                 | 2026-05-04T14:47:34.673Z  INFO 1 --- [   scheduling-1] r.observability.ObservabilityService     : LAB9 Observability window=1m category=web.CarController.getCars count=2159 sumNanos=373293451826 avgNanos=172901089
zil-app                 | 2026-05-04T14:47:34.673Z  INFO 1 --- [   scheduling-1] r.observability.ObservabilityService     : LAB9 Observability window=1m category=db.car.findAll count=2159 sumNanos=373287733522 avgNanos=172898440
zil-app                 | 2026-05-04T14:47:39.674Z  INFO 1 --- [   scheduling-1] r.observability.ObservabilityService     : LAB9 Observability window=10s category=web.ClientController.getClients count=199 sumNanos=39543976171 avgNanos=198713448
zil-app                 | 2026-05-04T14:47:39.679Z  INFO 1 --- [   scheduling-1] r.observability.ObservabilityService     : LAB9 Observability window=10s category=db.client.findAll count=199 sumNanos=39543541597 avgNanos=198711264
zil-app                 | 2026-05-04T14:47:39.679Z  INFO 1 --- [   scheduling-1] r.observability.ObservabilityService     : LAB9 Observability window=10s category=web.RentController.getRents count=350 sumNanos=62285513283 avgNanos=177958609
zil-app                 | 2026-05-04T14:47:39.679Z  INFO 1 --- [   scheduling-1] r.observability.ObservabilityService     : LAB9 Observability window=10s category=db.rent.findAll count=350 sumNanos=62285240607 avgNanos=177957830
zil-app                 | 2026-05-04T14:47:39.679Z  INFO 1 --- [   scheduling-1] r.observability.ObservabilityService     : LAB9 Observability window=10s category=web.CarController.getCars count=349 sumNanos=61339814181 avgNanos=175758779
zil-app                 | 2026-05-04T14:47:39.679Z  INFO 1 --- [   scheduling-1] r.observability.ObservabilityService     : LAB9 Observability window=10s category=db.car.findAll count=349 sumNanos=61339563951 avgNanos=175758062
zil-app                 | 2026-05-04T14:47:39.679Z  INFO 1 --- [   scheduling-1] r.observability.ObservabilityService     : LAB9 Observability window=30s category=web.ClientController.getClients count=567 sumNanos=111533443770 avgNanos=196708013
zil-app                 | 2026-05-04T14:47:39.679Z  INFO 1 --- [   scheduling-1] r.observability.ObservabilityService     : LAB9 Observability window=30s category=db.client.findAll count=567 sumNanos=111528297533 avgNanos=196698937
zil-app                 | 2026-05-04T14:47:39.679Z  INFO 1 --- [   scheduling-1] r.observability.ObservabilityService     : LAB9 Observability window=30s category=web.RentController.getRents count=1068 sumNanos=187662419170 avgNanos=175713875
zil-app                 | 2026-05-04T14:47:39.679Z  INFO 1 --- [   scheduling-1] r.observability.ObservabilityService     : LAB9 Observability window=30s category=db.rent.findAll count=1068 sumNanos=187661486242 avgNanos=175713002
zil-app                 | 2026-05-04T14:47:39.679Z  INFO 1 --- [   scheduling-1] r.observability.ObservabilityService     : LAB9 Observability window=30s category=web.CarController.getCars count=1073 sumNanos=187079420884 avgNanos=174351743
zil-app                 | 2026-05-04T14:47:39.679Z  INFO 1 --- [   scheduling-1] r.observability.ObservabilityService     : LAB9 Observability window=30s category=db.car.findAll count=1073 sumNanos=187078089041 avgNanos=174350502
zil-app                 | 2026-05-04T14:47:39.680Z  INFO 1 --- [   scheduling-1] r.observability.ObservabilityService     : LAB9 Observability window=1m category=web.ClientController.getClients count=1089 sumNanos=215963795994 avgNanos=198313862
zil-app                 | 2026-05-04T14:47:39.680Z  INFO 1 --- [   scheduling-1] r.observability.ObservabilityService     : LAB9 Observability window=1m category=db.client.findAll count=1089 sumNanos=215957582486 avgNanos=198308156
zil-app                 | 2026-05-04T14:47:39.680Z  INFO 1 --- [   scheduling-1] r.observability.ObservabilityService     : LAB9 Observability window=1m category=web.RentController.getRents count=2159 sumNanos=378460794985 avgNanos=175294485
zil-app                 | 2026-05-04T14:47:39.680Z  INFO 1 --- [   scheduling-1] r.observability.ObservabilityService     : LAB9 Observability window=1m category=db.rent.findAll count=2159 sumNanos=378457621053 avgNanos=175293015
zil-app                 | 2026-05-04T14:47:39.680Z  INFO 1 --- [   scheduling-1] r.observability.ObservabilityService     : LAB9 Observability window=1m category=web.CarController.getCars count=2159 sumNanos=374005907253 avgNanos=173231082
zil-app                 | 2026-05-04T14:47:39.680Z  INFO 1 --- [   scheduling-1] r.observability.ObservabilityService     : LAB9 Observability window=1m category=db.car.findAll count=2159 sumNanos=374000550283 avgNanos=173228601
zil-app                 | 2026-05-04T14:47:44.680Z  INFO 1 --- [   scheduling-1] r.observability.ObservabilityService     : LAB9 Observability window=10s category=web.ClientController.getClients count=173 sumNanos=33828883186 avgNanos=195542677
zil-app                 | 2026-05-04T14:47:44.680Z  INFO 1 --- [   scheduling-1] r.observability.ObservabilityService     : LAB9 Observability window=10s category=db.client.findAll count=173 sumNanos=33828497498 avgNanos=195540447
zil-app                 | 2026-05-04T14:47:44.680Z  INFO 1 --- [   scheduling-1] r.observability.ObservabilityService     : LAB9 Observability window=10s category=web.RentController.getRents count=364 sumNanos=63582111409 avgNanos=174676130
zil-app                 | 2026-05-04T14:47:44.680Z  INFO 1 --- [   scheduling-1] r.observability.ObservabilityService     : LAB9 Observability window=10s category=db.rent.findAll count=364 sumNanos=63581838788 avgNanos=174675381
zil-app                 | 2026-05-04T14:47:44.681Z  INFO 1 --- [   scheduling-1] r.observability.ObservabilityService     : LAB9 Observability window=10s category=web.CarController.getCars count=369 sumNanos=63219032544 avgNanos=171325291
zil-app                 | 2026-05-04T14:47:44.681Z  INFO 1 --- [   scheduling-1] r.observability.ObservabilityService     : LAB9 Observability window=10s category=db.car.findAll count=369 sumNanos=63218804902 avgNanos=171324674
zil-app                 | 2026-05-04T14:47:44.681Z  INFO 1 --- [   scheduling-1] r.observability.ObservabilityService     : LAB9 Observability window=30s category=web.ClientController.getClients count=564 sumNanos=110666875593 avgNanos=196217864
zil-app                 | 2026-05-04T14:47:44.681Z  INFO 1 --- [   scheduling-1] r.observability.ObservabilityService     : LAB9 Observability window=30s category=db.client.findAll count=564 sumNanos=110665605419 avgNanos=196215612
zil-app                 | 2026-05-04T14:47:44.681Z  INFO 1 --- [   scheduling-1] r.observability.ObservabilityService     : LAB9 Observability window=30s category=web.RentController.getRents count=1070 sumNanos=187470268848 avgNanos=175205858
zil-app                 | 2026-05-04T14:47:44.681Z  INFO 1 --- [   scheduling-1] r.observability.ObservabilityService     : LAB9 Observability window=30s category=db.rent.findAll count=1070 sumNanos=187469520275 avgNanos=175205159
zil-app                 | 2026-05-04T14:47:44.681Z  INFO 1 --- [   scheduling-1] r.observability.ObservabilityService     : LAB9 Observability window=30s category=web.CarController.getCars count=1072 sumNanos=187154455037 avgNanos=174584379
zil-app                 | 2026-05-04T14:47:44.681Z  INFO 1 --- [   scheduling-1] r.observability.ObservabilityService     : LAB9 Observability window=30s category=db.car.findAll count=1072 sumNanos=187153142090 avgNanos=174583154
zil-app                 | 2026-05-04T14:47:44.682Z  INFO 1 --- [   scheduling-1] r.observability.ObservabilityService     : LAB9 Observability window=1m category=web.ClientController.getClients count=1082 sumNanos=214534858928 avgNanos=198276209
zil-app                 | 2026-05-04T14:47:44.682Z  INFO 1 --- [   scheduling-1] r.observability.ObservabilityService     : LAB9 Observability window=1m category=web.RentController.getRents count=2164 sumNanos=378817928014 avgNanos=175054495
zil-app                 | 2026-05-04T14:47:44.682Z  INFO 1 --- [   scheduling-1] r.observability.ObservabilityService     : LAB9 Observability window=1m category=db.client.findAll count=1082 sumNanos=214528632316 avgNanos=198270455
zil-app                 | 2026-05-04T14:47:44.682Z  INFO 1 --- [   scheduling-1] r.observability.ObservabilityService     : LAB9 Observability window=1m category=db.rent.findAll count=2164 sumNanos=378814765505 avgNanos=175053033
zil-app                 | 2026-05-04T14:47:44.682Z  INFO 1 --- [   scheduling-1] r.observability.ObservabilityService     : LAB9 Observability window=1m category=web.CarController.getCars count=2167 sumNanos=374640566172 avgNanos=172884432
zil-app                 | 2026-05-04T14:47:44.682Z  INFO 1 --- [   scheduling-1] r.observability.ObservabilityService     : LAB9 Observability window=1m category=db.car.findAll count=2167 sumNanos=374635215183 avgNanos=172881963
zil-app                 | 2026-05-04T14:47:49.685Z  INFO 1 --- [   scheduling-1] r.observability.ObservabilityService     : LAB9 Observability window=10s category=web.ClientController.getClients count=165 sumNanos=32692231344 avgNanos=198134735
zil-app                 | 2026-05-04T14:47:49.686Z  INFO 1 --- [   scheduling-1] r.observability.ObservabilityService     : LAB9 Observability window=10s category=db.client.findAll count=165 sumNanos=32691919800 avgNanos=198132847
zil-app                 | 2026-05-04T14:47:49.691Z  INFO 1 --- [   scheduling-1] r.observability.ObservabilityService     : LAB9 Observability window=10s category=web.RentController.getRents count=373 sumNanos=64556980595 avgNanos=173075015
zil-app                 | 2026-05-04T14:47:49.691Z  INFO 1 --- [   scheduling-1] r.observability.ObservabilityService     : LAB9 Observability window=10s category=db.rent.findAll count=373 sumNanos=64556742313 avgNanos=173074376
zil-app                 | 2026-05-04T14:47:49.691Z  INFO 1 --- [   scheduling-1] r.observability.ObservabilityService     : LAB9 Observability window=10s category=web.CarController.getCars count=369 sumNanos=62632131293 avgNanos=169734773
zil-app                 | 2026-05-04T14:47:49.691Z  INFO 1 --- [   scheduling-1] r.observability.ObservabilityService     : LAB9 Observability window=10s category=db.car.findAll count=369 sumNanos=62631883162 avgNanos=169734100
zil-app                 | 2026-05-04T14:47:49.691Z  INFO 1 --- [   scheduling-1] r.observability.ObservabilityService     : LAB9 Observability window=30s category=web.ClientController.getClients count=557 sumNanos=109922203993 avgNanos=197346865
zil-app                 | 2026-05-04T14:47:49.691Z  INFO 1 --- [   scheduling-1] r.observability.ObservabilityService     : LAB9 Observability window=30s category=db.client.findAll count=557 sumNanos=109921092975 avgNanos=197344870
zil-app                 | 2026-05-04T14:47:49.691Z  INFO 1 --- [   scheduling-1] r.observability.ObservabilityService     : LAB9 Observability window=30s category=web.RentController.getRents count=1077 sumNanos=188210935572 avgNanos=174754814
zil-app                 | 2026-05-04T14:47:49.691Z  INFO 1 --- [   scheduling-1] r.observability.ObservabilityService     : LAB9 Observability window=30s category=db.rent.findAll count=1077 sumNanos=188210188611 avgNanos=174754121
zil-app                 | 2026-05-04T14:47:49.691Z  INFO 1 --- [   scheduling-1] r.observability.ObservabilityService     : LAB9 Observability window=30s category=web.CarController.getCars count=1076 sumNanos=186863257103 avgNanos=173664737
zil-app                 | 2026-05-04T14:47:49.691Z  INFO 1 --- [   scheduling-1] r.observability.ObservabilityService     : LAB9 Observability window=30s category=db.car.findAll count=1076 sumNanos=186861942289 avgNanos=173663515
zil-app                 | 2026-05-04T14:47:49.692Z  INFO 1 --- [   scheduling-1] r.observability.ObservabilityService     : LAB9 Observability window=1m category=web.ClientController.getClients count=1078 sumNanos=213277139922 avgNanos=197845213
zil-app                 | 2026-05-04T14:47:49.692Z  INFO 1 --- [   scheduling-1] r.observability.ObservabilityService     : LAB9 Observability window=1m category=web.RentController.getRents count=2169 sumNanos=378636502388 avgNanos=174567313
zil-app                 | 2026-05-04T14:47:49.692Z  INFO 1 --- [   scheduling-1] r.observability.ObservabilityService     : LAB9 Observability window=1m category=db.client.findAll count=1078 sumNanos=213270976750 avgNanos=197839496
zil-app                 | 2026-05-04T14:47:49.692Z  INFO 1 --- [   scheduling-1] r.observability.ObservabilityService     : LAB9 Observability window=1m category=db.rent.findAll count=2169 sumNanos=378633342389 avgNanos=174565856
zil-app                 | 2026-05-04T14:47:49.692Z  INFO 1 --- [   scheduling-1] r.observability.ObservabilityService     : LAB9 Observability window=1m category=web.CarController.getCars count=2168 sumNanos=374435596021 avgNanos=172710145
zil-app                 | 2026-05-04T14:47:49.692Z  INFO 1 --- [   scheduling-1] r.observability.ObservabilityService     : LAB9 Observability window=1m category=db.car.findAll count=2168 sumNanos=374430221957 avgNanos=172707666
zil-app                 | 2026-05-04T14:47:54.693Z  INFO 1 --- [   scheduling-1] r.observability.ObservabilityService     : LAB9 Observability window=10s category=web.ClientController.getClients count=166 sumNanos=32392906602 avgNanos=195137991
zil-app                 | 2026-05-04T14:47:54.693Z  INFO 1 --- [   scheduling-1] r.observability.ObservabilityService     : LAB9 Observability window=10s category=db.client.findAll count=166 sumNanos=32392635064 avgNanos=195136355
zil-app                 | 2026-05-04T14:47:54.693Z  INFO 1 --- [   scheduling-1] r.observability.ObservabilityService     : LAB9 Observability window=10s category=web.RentController.getRents count=375 sumNanos=64977888963 avgNanos=173274370
zil-app                 | 2026-05-04T14:47:54.693Z  INFO 1 --- [   scheduling-1] r.observability.ObservabilityService     : LAB9 Observability window=10s category=db.rent.findAll count=375 sumNanos=64977648963 avgNanos=173273730
zil-app                 | 2026-05-04T14:47:54.693Z  INFO 1 --- [   scheduling-1] r.observability.ObservabilityService     : LAB9 Observability window=10s category=web.CarController.getCars count=374 sumNanos=63106887741 avgNanos=168734993
zil-app                 | 2026-05-04T14:47:54.693Z  INFO 1 --- [   scheduling-1] r.observability.ObservabilityService     : LAB9 Observability window=10s category=db.car.findAll count=374 sumNanos=63106381647 avgNanos=168733640
zil-app                 | 2026-05-04T14:47:54.693Z  INFO 1 --- [   scheduling-1] r.observability.ObservabilityService     : LAB9 Observability window=30s category=web.ClientController.getClients count=532 sumNanos=104287177650 avgNanos=196028529
zil-app                 | 2026-05-04T14:47:54.693Z  INFO 1 --- [   scheduling-1] r.observability.ObservabilityService     : LAB9 Observability window=30s category=db.client.findAll count=532 sumNanos=104286155938 avgNanos=196026608
zil-app                 | 2026-05-04T14:47:54.693Z  INFO 1 --- [   scheduling-1] r.observability.ObservabilityService     : LAB9 Observability window=30s category=web.RentController.getRents count=1090 sumNanos=190915826494 avgNanos=175152134
zil-app                 | 2026-05-04T14:47:54.693Z  INFO 1 --- [   scheduling-1] r.observability.ObservabilityService     : LAB9 Observability window=30s category=db.rent.findAll count=1090 sumNanos=190915076451 avgNanos=175151446
zil-app                 | 2026-05-04T14:47:54.693Z  INFO 1 --- [   scheduling-1] r.observability.ObservabilityService     : LAB9 Observability window=30s category=web.CarController.getCars count=1090 sumNanos=187880624122 avgNanos=172367545
zil-app                 | 2026-05-04T14:47:54.693Z  INFO 1 --- [   scheduling-1] r.observability.ObservabilityService     : LAB9 Observability window=30s category=db.car.findAll count=1090 sumNanos=187879634183 avgNanos=172366636
zil-app                 | 2026-05-04T14:47:54.694Z  INFO 1 --- [   scheduling-1] r.observability.ObservabilityService     : LAB9 Observability window=1m category=web.ClientController.getClients count=1062 sumNanos=209212154824 avgNanos=196998262
zil-app                 | 2026-05-04T14:47:54.694Z  INFO 1 --- [   scheduling-1] r.observability.ObservabilityService     : LAB9 Observability window=1m category=db.client.findAll count=1062 sumNanos=209206010769 avgNanos=196992477
zil-app                 | 2026-05-04T14:47:54.694Z  INFO 1 --- [   scheduling-1] r.observability.ObservabilityService     : LAB9 Observability window=1m category=web.RentController.getRents count=2177 sumNanos=379822208644 avgNanos=174470467
zil-app                 | 2026-05-04T14:47:54.694Z  INFO 1 --- [   scheduling-1] r.observability.ObservabilityService     : LAB9 Observability window=1m category=db.rent.findAll count=2177 sumNanos=379819390705 avgNanos=174469173
zil-app                 | 2026-05-04T14:47:54.694Z  INFO 1 --- [   scheduling-1] r.observability.ObservabilityService     : LAB9 Observability window=1m category=web.CarController.getCars count=2179 sumNanos=376394907921 avgNanos=172737452
zil-app                 | 2026-05-04T14:47:54.694Z  INFO 1 --- [   scheduling-1] r.observability.ObservabilityService     : LAB9 Observability window=1m category=db.car.findAll count=2179 sumNanos=376389296077 avgNanos=172734876
zil-app                 | 2026-05-04T14:47:59.695Z  INFO 1 --- [   scheduling-1] r.observability.ObservabilityService     : LAB9 Observability window=10s category=web.ClientController.getClients count=173 sumNanos=33589394248 avgNanos=194158348
zil-app                 | 2026-05-04T14:47:59.695Z  INFO 1 --- [   scheduling-1] r.observability.ObservabilityService     : LAB9 Observability window=10s category=db.client.findAll count=173 sumNanos=33589058109 avgNanos=194156405
zil-app                 | 2026-05-04T14:47:59.695Z  INFO 1 --- [   scheduling-1] r.observability.ObservabilityService     : LAB9 Observability window=10s category=web.RentController.getRents count=364 sumNanos=64092134202 avgNanos=176077291
zil-app                 | 2026-05-04T14:47:59.695Z  INFO 1 --- [   scheduling-1] r.observability.ObservabilityService     : LAB9 Observability window=10s category=db.rent.findAll count=364 sumNanos=64091896088 avgNanos=176076637
zil-app                 | 2026-05-04T14:47:59.695Z  INFO 1 --- [   scheduling-1] r.observability.ObservabilityService     : LAB9 Observability window=10s category=web.CarController.getCars count=362 sumNanos=62730839751 avgNanos=173289612
zil-app                 | 2026-05-04T14:47:59.695Z  INFO 1 --- [   scheduling-1] r.observability.ObservabilityService     : LAB9 Observability window=10s category=db.car.findAll count=362 sumNanos=62730366242 avgNanos=173288304
zil-app                 | 2026-05-04T14:47:59.696Z  INFO 1 --- [   scheduling-1] r.observability.ObservabilityService     : LAB9 Observability window=30s category=web.ClientController.getClients count=537 sumNanos=105825601763 avgNanos=197068159
zil-app                 | 2026-05-04T14:47:59.696Z  INFO 1 --- [   scheduling-1] r.observability.ObservabilityService     : LAB9 Observability window=30s category=web.RentController.getRents count=1085 sumNanos=190496043498 avgNanos=175572390
zil-app                 | 2026-05-04T14:47:59.696Z  INFO 1 --- [   scheduling-1] r.observability.ObservabilityService     : LAB9 Observability window=30s category=db.client.findAll count=537 sumNanos=105824519506 avgNanos=197066144
zil-app                 | 2026-05-04T14:47:59.696Z  INFO 1 --- [   scheduling-1] r.observability.ObservabilityService     : LAB9 Observability window=30s category=db.rent.findAll count=1085 sumNanos=190495295679 avgNanos=175571701
zil-app                 | 2026-05-04T14:47:59.696Z  INFO 1 --- [   scheduling-1] r.observability.ObservabilityService     : LAB9 Observability window=30s category=web.CarController.getCars count=1084 sumNanos=187465805778 avgNanos=172938935
zil-app                 | 2026-05-04T14:47:59.696Z  INFO 1 --- [   scheduling-1] r.observability.ObservabilityService     : LAB9 Observability window=30s category=db.car.findAll count=1084 sumNanos=187464831514 avgNanos=172938036
zil-app                 | 2026-05-04T14:47:59.696Z  INFO 1 --- [   scheduling-1] r.observability.ObservabilityService     : LAB9 Observability window=1m category=web.ClientController.getClients count=1072 sumNanos=211131488641 avgNanos=196951015
zil-app                 | 2026-05-04T14:47:59.696Z  INFO 1 --- [   scheduling-1] r.observability.ObservabilityService     : LAB9 Observability window=1m category=db.client.findAll count=1072 sumNanos=211125285395 avgNanos=196945228
zil-app                 | 2026-05-04T14:47:59.696Z  INFO 1 --- [   scheduling-1] r.observability.ObservabilityService     : LAB9 Observability window=1m category=web.RentController.getRents count=2176 sumNanos=380322020123 avgNanos=174780340
zil-app                 | 2026-05-04T14:47:59.696Z  INFO 1 --- [   scheduling-1] r.observability.ObservabilityService     : LAB9 Observability window=1m category=db.rent.findAll count=2176 sumNanos=380319214550 avgNanos=174779050
zil-app                 | 2026-05-04T14:47:59.696Z  INFO 1 --- [   scheduling-1] r.observability.ObservabilityService     : LAB9 Observability window=1m category=web.CarController.getCars count=2170 sumNanos=375452913578 avgNanos=173019775
zil-app                 | 2026-05-04T14:47:59.696Z  INFO 1 --- [   scheduling-1] r.observability.ObservabilityService     : LAB9 Observability window=1m category=db.car.findAll count=2170 sumNanos=375450558667 avgNanos=173018690
zil-app                 | 2026-05-04T14:48:04.696Z  INFO 1 --- [   scheduling-1] r.observability.ObservabilityService     : LAB9 Observability window=10s category=web.ClientController.getClients count=188 sumNanos=36940526693 avgNanos=196492163
zil-app                 | 2026-05-04T14:48:04.697Z  INFO 1 --- [   scheduling-1] r.observability.ObservabilityService     : LAB9 Observability window=10s category=web.RentController.getRents count=353 sumNanos=61796341039 avgNanos=175060456
zil-app                 | 2026-05-04T14:48:04.697Z  INFO 1 --- [   scheduling-1] r.observability.ObservabilityService     : LAB9 Observability window=10s category=db.client.findAll count=188 sumNanos=36939866614 avgNanos=196488652
zil-app                 | 2026-05-04T14:48:04.697Z  INFO 1 --- [   scheduling-1] r.observability.ObservabilityService     : LAB9 Observability window=10s category=db.rent.findAll count=353 sumNanos=61796120890 avgNanos=175059832
zil-app                 | 2026-05-04T14:48:04.697Z  INFO 1 --- [   scheduling-1] r.observability.ObservabilityService     : LAB9 Observability window=10s category=web.CarController.getCars count=356 sumNanos=63268305712 avgNanos=177719959
zil-app                 | 2026-05-04T14:48:04.697Z  INFO 1 --- [   scheduling-1] r.observability.ObservabilityService     : LAB9 Observability window=10s category=db.car.findAll count=356 sumNanos=63268074586 avgNanos=177719310
zil-app                 | 2026-05-04T14:48:04.697Z  INFO 1 --- [   scheduling-1] r.observability.ObservabilityService     : LAB9 Observability window=30s category=web.ClientController.getClients count=527 sumNanos=103162316481 avgNanos=195753921
zil-app                 | 2026-05-04T14:48:04.697Z  INFO 1 --- [   scheduling-1] r.observability.ObservabilityService     : LAB9 Observability window=30s category=db.client.findAll count=527 sumNanos=103160999176 avgNanos=195751421
zil-app                 | 2026-05-04T14:48:04.697Z  INFO 1 --- [   scheduling-1] r.observability.ObservabilityService     : LAB9 Observability window=30s category=web.RentController.getRents count=1093 sumNanos=190513439851 avgNanos=174303238
zil-app                 | 2026-05-04T14:48:04.697Z  INFO 1 --- [   scheduling-1] r.observability.ObservabilityService     : LAB9 Observability window=30s category=db.rent.findAll count=1093 sumNanos=190512706542 avgNanos=174302567
zil-app                 | 2026-05-04T14:48:04.697Z  INFO 1 --- [   scheduling-1] r.observability.ObservabilityService     : LAB9 Observability window=30s category=web.CarController.getCars count=1099 sumNanos=189594225997 avgNanos=172515219
zil-app                 | 2026-05-04T14:48:04.697Z  INFO 1 --- [   scheduling-1] r.observability.ObservabilityService     : LAB9 Observability window=30s category=db.car.findAll count=1099 sumNanos=189593261135 avgNanos=172514341
zil-app                 | 2026-05-04T14:48:04.697Z  INFO 1 --- [   scheduling-1] r.observability.ObservabilityService     : LAB9 Observability window=1m category=web.ClientController.getClients count=1083 sumNanos=212737683495 avgNanos=196433687
zil-app                 | 2026-05-04T14:48:04.697Z  INFO 1 --- [   scheduling-1] r.observability.ObservabilityService     : LAB9 Observability window=1m category=db.client.findAll count=1083 sumNanos=212731199275 avgNanos=196427700
zil-app                 | 2026-05-04T14:48:04.697Z  INFO 1 --- [   scheduling-1] r.observability.ObservabilityService     : LAB9 Observability window=1m category=web.RentController.getRents count=2167 sumNanos=377795396798 avgNanos=174340284
zil-app                 | 2026-05-04T14:48:04.697Z  INFO 1 --- [   scheduling-1] r.observability.ObservabilityService     : LAB9 Observability window=1m category=db.rent.findAll count=2167 sumNanos=377792683364 avgNanos=174339032
zil-app                 | 2026-05-04T14:48:04.697Z  INFO 1 --- [   scheduling-1] r.observability.ObservabilityService     : LAB9 Observability window=1m category=web.CarController.getCars count=2170 sumNanos=376141294842 avgNanos=173337002
zil-app                 | 2026-05-04T14:48:04.697Z  INFO 1 --- [   scheduling-1] r.observability.ObservabilityService     : LAB9 Observability window=1m category=db.car.findAll count=2170 sumNanos=376138996831 avgNanos=173335943
zil-app                 | 2026-05-04T14:48:09.698Z  INFO 1 --- [   scheduling-1] r.observability.ObservabilityService     : LAB9 Observability window=10s category=web.ClientController.getClients count=180 sumNanos=35140514118 avgNanos=195225078
zil-app                 | 2026-05-04T14:48:09.698Z  INFO 1 --- [   scheduling-1] r.observability.ObservabilityService     : LAB9 Observability window=10s category=web.RentController.getRents count=363 sumNanos=63237443116 avgNanos=174207832
zil-app                 | 2026-05-04T14:48:09.698Z  INFO 1 --- [   scheduling-1] r.observability.ObservabilityService     : LAB9 Observability window=10s category=db.client.findAll count=180 sumNanos=35139884720 avgNanos=195221581
zil-app                 | 2026-05-04T14:48:09.698Z  INFO 1 --- [   scheduling-1] r.observability.ObservabilityService     : LAB9 Observability window=10s category=db.rent.findAll count=363 sumNanos=63237222088 avgNanos=174207223
zil-app                 | 2026-05-04T14:48:09.698Z  INFO 1 --- [   scheduling-1] r.observability.ObservabilityService     : LAB9 Observability window=10s category=web.CarController.getCars count=368 sumNanos=63626750511 avgNanos=172898778
zil-app                 | 2026-05-04T14:48:09.698Z  INFO 1 --- [   scheduling-1] r.observability.ObservabilityService     : LAB9 Observability window=10s category=db.car.findAll count=368 sumNanos=63626517009 avgNanos=172898144
zil-app                 | 2026-05-04T14:48:09.698Z  INFO 1 --- [   scheduling-1] r.observability.ObservabilityService     : LAB9 Observability window=30s category=web.ClientController.getClients count=518 sumNanos=101422139710 avgNanos=195795636
zil-app                 | 2026-05-04T14:48:09.698Z  INFO 1 --- [   scheduling-1] r.observability.ObservabilityService     : LAB9 Observability window=30s category=web.RentController.getRents count=1099 sumNanos=191737241188 avgNanos=174465187
zil-app                 | 2026-05-04T14:48:09.698Z  INFO 1 --- [   scheduling-1] r.observability.ObservabilityService     : LAB9 Observability window=30s category=db.client.findAll count=518 sumNanos=101420862629 avgNanos=195793171
zil-app                 | 2026-05-04T14:48:09.698Z  INFO 1 --- [   scheduling-1] r.observability.ObservabilityService     : LAB9 Observability window=30s category=db.rent.findAll count=1099 sumNanos=191736544382 avgNanos=174464553
zil-app                 | 2026-05-04T14:48:09.698Z  INFO 1 --- [   scheduling-1] r.observability.ObservabilityService     : LAB9 Observability window=30s category=web.CarController.getCars count=1101 sumNanos=189471235114 avgNanos=172090131
zil-app                 | 2026-05-04T14:48:09.699Z  INFO 1 --- [   scheduling-1] r.observability.ObservabilityService     : LAB9 Observability window=30s category=db.car.findAll count=1101 sumNanos=189470278764 avgNanos=172089263
zil-app                 | 2026-05-04T14:48:09.699Z  INFO 1 --- [   scheduling-1] r.observability.ObservabilityService     : LAB9 Observability window=1m category=web.ClientController.getClients count=1085 sumNanos=212955583480 avgNanos=196272427
zil-app                 | 2026-05-04T14:48:09.699Z  INFO 1 --- [   scheduling-1] r.observability.ObservabilityService     : LAB9 Observability window=1m category=db.client.findAll count=1085 sumNanos=212949160162 avgNanos=196266507
zil-app                 | 2026-05-04T14:48:09.699Z  INFO 1 --- [   scheduling-1] r.observability.ObservabilityService     : LAB9 Observability window=1m category=web.RentController.getRents count=2165 sumNanos=379089605786 avgNanos=175099125
zil-app                 | 2026-05-04T14:48:09.699Z  INFO 1 --- [   scheduling-1] r.observability.ObservabilityService     : LAB9 Observability window=1m category=db.rent.findAll count=2165 sumNanos=379087977325 avgNanos=175098372
zil-app                 | 2026-05-04T14:48:09.699Z  INFO 1 --- [   scheduling-1] r.observability.ObservabilityService     : LAB9 Observability window=1m category=web.CarController.getCars count=2169 sumNanos=375749414224 avgNanos=173236244
zil-app                 | 2026-05-04T14:48:09.699Z  INFO 1 --- [   scheduling-1] r.observability.ObservabilityService     : LAB9 Observability window=1m category=db.car.findAll count=2169 sumNanos=375747129042 avgNanos=173235190
zil-app                 | 2026-05-04T14:48:14.700Z  INFO 1 --- [   scheduling-1] r.observability.ObservabilityService     : LAB9 Observability window=10s category=web.ClientController.getClients count=185 sumNanos=37462612889 avgNanos=202500610
zil-app                 | 2026-05-04T14:48:14.700Z  INFO 1 --- [   scheduling-1] r.observability.ObservabilityService     : LAB9 Observability window=10s category=db.client.findAll count=185 sumNanos=37462219689 avgNanos=202498484
zil-app                 | 2026-05-04T14:48:14.700Z  INFO 1 --- [   scheduling-1] r.observability.ObservabilityService     : LAB9 Observability window=10s category=web.RentController.getRents count=356 sumNanos=63787770028 avgNanos=179179129
zil-app                 | 2026-05-04T14:48:14.700Z  INFO 1 --- [   scheduling-1] r.observability.ObservabilityService     : LAB9 Observability window=10s category=db.rent.findAll count=356 sumNanos=63787540401 avgNanos=179178484
zil-app                 | 2026-05-04T14:48:14.700Z  INFO 1 --- [   scheduling-1] r.observability.ObservabilityService     : LAB9 Observability window=10s category=web.CarController.getCars count=354 sumNanos=61136945931 avgNanos=172703237
zil-app                 | 2026-05-04T14:48:14.700Z  INFO 1 --- [   scheduling-1] r.observability.ObservabilityService     : LAB9 Observability window=10s category=db.car.findAll count=354 sumNanos=61136719824 avgNanos=172702598
zil-app                 | 2026-05-04T14:48:14.700Z  INFO 1 --- [   scheduling-1] r.observability.ObservabilityService     : LAB9 Observability window=30s category=web.ClientController.getClients count=539 sumNanos=106796046184 avgNanos=198137376
zil-app                 | 2026-05-04T14:48:14.700Z  INFO 1 --- [   scheduling-1] r.observability.ObservabilityService     : LAB9 Observability window=30s category=db.client.findAll count=539 sumNanos=106794721367 avgNanos=198134919
zil-app                 | 2026-05-04T14:48:14.700Z  INFO 1 --- [   scheduling-1] r.observability.ObservabilityService     : LAB9 Observability window=30s category=web.RentController.getRents count=1087 sumNanos=191040377529 avgNanos=175750117
zil-app                 | 2026-05-04T14:48:14.700Z  INFO 1 --- [   scheduling-1] r.observability.ObservabilityService     : LAB9 Observability window=30s category=db.rent.findAll count=1087 sumNanos=191039686060 avgNanos=175749481
zil-app                 | 2026-05-04T14:48:14.700Z  INFO 1 --- [   scheduling-1] r.observability.ObservabilityService     : LAB9 Observability window=30s category=web.CarController.getCars count=1084 sumNanos=187512139384 avgNanos=172981678
zil-app                 | 2026-05-04T14:48:14.700Z  INFO 1 --- [   scheduling-1] r.observability.ObservabilityService     : LAB9 Observability window=30s category=db.car.findAll count=1084 sumNanos=187511176057 avgNanos=172980789
zil-app                 | 2026-05-04T14:48:14.701Z  INFO 1 --- [   scheduling-1] r.observability.ObservabilityService     : LAB9 Observability window=1m category=web.ClientController.getClients count=1103 sumNanos=217462921777 avgNanos=197155867
zil-app                 | 2026-05-04T14:48:14.701Z  INFO 1 --- [   scheduling-1] r.observability.ObservabilityService     : LAB9 Observability window=1m category=db.client.findAll count=1103 sumNanos=217460326786 avgNanos=197153514
zil-app                 | 2026-05-04T14:48:14.701Z  INFO 1 --- [   scheduling-1] r.observability.ObservabilityService     : LAB9 Observability window=1m category=web.RentController.getRents count=2157 sumNanos=378510646377 avgNanos=175480132
zil-app                 | 2026-05-04T14:48:14.701Z  INFO 1 --- [   scheduling-1] r.observability.ObservabilityService     : LAB9 Observability window=1m category=db.rent.findAll count=2157 sumNanos=378509206335 avgNanos=175479465
zil-app                 | 2026-05-04T14:48:14.701Z  INFO 1 --- [   scheduling-1] r.observability.ObservabilityService     : LAB9 Observability window=1m category=web.CarController.getCars count=2156 sumNanos=374666594421 avgNanos=173778568
zil-app                 | 2026-05-04T14:48:14.701Z  INFO 1 --- [   scheduling-1] r.observability.ObservabilityService     : LAB9 Observability window=1m category=db.car.findAll count=2156 sumNanos=374664318147 avgNanos=173777513
zil-app                 | 2026-05-04T14:48:19.702Z  INFO 1 --- [   scheduling-1] r.observability.ObservabilityService     : LAB9 Observability window=10s category=web.ClientController.getClients count=188 sumNanos=38806280739 avgNanos=206416386
zil-app                 | 2026-05-04T14:48:19.702Z  INFO 1 --- [   scheduling-1] r.observability.ObservabilityService     : LAB9 Observability window=10s category=db.client.findAll count=188 sumNanos=38805899698 avgNanos=206414360
zil-app                 | 2026-05-04T14:48:19.702Z  INFO 1 --- [   scheduling-1] r.observability.ObservabilityService     : LAB9 Observability window=10s category=web.RentController.getRents count=352 sumNanos=63091463792 avgNanos=179237113
zil-app                 | 2026-05-04T14:48:19.702Z  INFO 1 --- [   scheduling-1] r.observability.ObservabilityService     : LAB9 Observability window=10s category=db.rent.findAll count=352 sumNanos=63091209130 avgNanos=179236389
zil-app                 | 2026-05-04T14:48:19.702Z  INFO 1 --- [   scheduling-1] r.observability.ObservabilityService     : LAB9 Observability window=10s category=web.CarController.getCars count=348 sumNanos=61023059835 avgNanos=175353620
zil-app                 | 2026-05-04T14:48:19.702Z  INFO 1 --- [   scheduling-1] r.observability.ObservabilityService     : LAB9 Observability window=10s category=db.car.findAll count=348 sumNanos=61022838480 avgNanos=175352984
zil-app                 | 2026-05-04T14:48:19.702Z  INFO 1 --- [   scheduling-1] r.observability.ObservabilityService     : LAB9 Observability window=30s category=web.ClientController.getClients count=542 sumNanos=107765096678 avgNanos=198828591
zil-app                 | 2026-05-04T14:48:19.702Z  INFO 1 --- [   scheduling-1] r.observability.ObservabilityService     : LAB9 Observability window=30s category=db.client.findAll count=542 sumNanos=107763748323 avgNanos=198826103
zil-app                 | 2026-05-04T14:48:19.702Z  INFO 1 --- [   scheduling-1] r.observability.ObservabilityService     : LAB9 Observability window=30s category=web.RentController.getRents count=1080 sumNanos=190594365581 avgNanos=176476264
zil-app                 | 2026-05-04T14:48:19.702Z  INFO 1 --- [   scheduling-1] r.observability.ObservabilityService     : LAB9 Observability window=30s category=db.rent.findAll count=1080 sumNanos=190593651147 avgNanos=176475602
zil-app                 | 2026-05-04T14:48:19.702Z  INFO 1 --- [   scheduling-1] r.observability.ObservabilityService     : LAB9 Observability window=30s category=web.CarController.getCars count=1079 sumNanos=187615190776 avgNanos=173878768
zil-app                 | 2026-05-04T14:48:19.702Z  INFO 1 --- [   scheduling-1] r.observability.ObservabilityService     : LAB9 Observability window=30s category=db.car.findAll count=1079 sumNanos=187614261823 avgNanos=173877907
zil-app                 | 2026-05-04T14:48:19.703Z  INFO 1 --- [   scheduling-1] r.observability.ObservabilityService     : LAB9 Observability window=1m category=web.ClientController.getClients count=1099 sumNanos=217687300671 avgNanos=198077616
zil-app                 | 2026-05-04T14:48:19.703Z  INFO 1 --- [   scheduling-1] r.observability.ObservabilityService     : LAB9 Observability window=1m category=db.client.findAll count=1099 sumNanos=217684841298 avgNanos=198075378
zil-app                 | 2026-05-04T14:48:19.703Z  INFO 1 --- [   scheduling-1] r.observability.ObservabilityService     : LAB9 Observability window=1m category=web.RentController.getRents count=2157 sumNanos=378805301153 avgNanos=175616736
zil-app                 | 2026-05-04T14:48:19.703Z  INFO 1 --- [   scheduling-1] r.observability.ObservabilityService     : LAB9 Observability window=1m category=db.rent.findAll count=2157 sumNanos=378803839758 avgNanos=175616059
zil-app                 | 2026-05-04T14:48:19.703Z  INFO 1 --- [   scheduling-1] r.observability.ObservabilityService     : LAB9 Observability window=1m category=web.CarController.getCars count=2155 sumNanos=374546518023 avgNanos=173803488
zil-app                 | 2026-05-04T14:48:19.703Z  INFO 1 --- [   scheduling-1] r.observability.ObservabilityService     : LAB9 Observability window=1m category=db.car.findAll count=2155 sumNanos=374544274261 avgNanos=173802447
zil-app                 | 2026-05-04T14:48:24.703Z  INFO 1 --- [   scheduling-1] r.observability.ObservabilityService     : LAB9 Observability window=10s category=web.ClientController.getClients count=186 sumNanos=37215502100 avgNanos=200083344
zil-app                 | 2026-05-04T14:48:24.704Z  INFO 1 --- [   scheduling-1] r.observability.ObservabilityService     : LAB9 Observability window=10s category=db.client.findAll count=186 sumNanos=37205289861 avgNanos=200028440
zil-app                 | 2026-05-04T14:48:24.704Z  INFO 1 --- [   scheduling-1] r.observability.ObservabilityService     : LAB9 Observability window=10s category=web.RentController.getRents count=357 sumNanos=62541642618 avgNanos=175186674
zil-app                 | 2026-05-04T14:48:24.704Z  INFO 1 --- [   scheduling-1] r.observability.ObservabilityService     : LAB9 Observability window=10s category=db.rent.findAll count=357 sumNanos=62541392893 avgNanos=175185974
zil-app                 | 2026-05-04T14:48:24.704Z  INFO 1 --- [   scheduling-1] r.observability.ObservabilityService     : LAB9 Observability window=10s category=web.CarController.getCars count=361 sumNanos=61794797177 avgNanos=171176723
zil-app                 | 2026-05-04T14:48:24.704Z  INFO 1 --- [   scheduling-1] r.observability.ObservabilityService     : LAB9 Observability window=10s category=db.car.findAll count=361 sumNanos=61794551155 avgNanos=171176041
zil-app                 | 2026-05-04T14:48:24.704Z  INFO 1 --- [   scheduling-1] r.observability.ObservabilityService     : LAB9 Observability window=30s category=web.ClientController.getClients count=558 sumNanos=111445471520 avgNanos=199723067
zil-app                 | 2026-05-04T14:48:24.704Z  INFO 1 --- [   scheduling-1] r.observability.ObservabilityService     : LAB9 Observability window=30s category=db.client.findAll count=558 sumNanos=111434207742 avgNanos=199702881
zil-app                 | 2026-05-04T14:48:24.704Z  INFO 1 --- [   scheduling-1] r.observability.ObservabilityService     : LAB9 Observability window=30s category=web.RentController.getRents count=1068 sumNanos=188447032744 avgNanos=176448532
zil-app                 | 2026-05-04T14:48:24.704Z  INFO 1 --- [   scheduling-1] r.observability.ObservabilityService     : LAB9 Observability window=30s category=db.rent.findAll count=1068 sumNanos=188446332089 avgNanos=176447876
zil-app                 | 2026-05-04T14:48:24.704Z  INFO 1 --- [   scheduling-1] r.observability.ObservabilityService     : LAB9 Observability window=30s category=web.CarController.getCars count=1071 sumNanos=186200048820 avgNanos=173856254
zil-app                 | 2026-05-04T14:48:24.704Z  INFO 1 --- [   scheduling-1] r.observability.ObservabilityService     : LAB9 Observability window=30s category=db.car.findAll count=1071 sumNanos=186199345565 avgNanos=173855598
zil-app                 | 2026-05-04T14:48:24.705Z  INFO 1 --- [   scheduling-1] r.observability.ObservabilityService     : LAB9 Observability window=1m category=web.ClientController.getClients count=1091 sumNanos=215905819332 avgNanos=197897176
zil-app                 | 2026-05-04T14:48:24.705Z  INFO 1 --- [   scheduling-1] r.observability.ObservabilityService     : LAB9 Observability window=1m category=db.client.findAll count=1091 sumNanos=215893532102 avgNanos=197885913
zil-app                 | 2026-05-04T14:48:24.705Z  INFO 1 --- [   scheduling-1] r.observability.ObservabilityService     : LAB9 Observability window=1m category=web.RentController.getRents count=2158 sumNanos=379345520566 avgNanos=175785690
zil-app                 | 2026-05-04T14:48:24.705Z  INFO 1 --- [   scheduling-1] r.observability.ObservabilityService     : LAB9 Observability window=1m category=db.rent.findAll count=2158 sumNanos=379344069899 avgNanos=175785018
zil-app                 | 2026-05-04T14:48:24.705Z  INFO 1 --- [   scheduling-1] r.observability.ObservabilityService     : LAB9 Observability window=1m category=web.CarController.getCars count=2160 sumNanos=373922874785 avgNanos=173112442
zil-app                 | 2026-05-04T14:48:24.706Z  INFO 1 --- [   scheduling-1] r.observability.ObservabilityService     : LAB9 Observability window=1m category=db.car.findAll count=2160 sumNanos=373921182258 avgNanos=173111658
zil-app                 | 2026-05-04T14:48:29.707Z  INFO 1 --- [   scheduling-1] r.observability.ObservabilityService     : LAB9 Observability window=10s category=web.ClientController.getClients count=182 sumNanos=35586678096 avgNanos=195531198
zil-app                 | 2026-05-04T14:48:29.707Z  INFO 1 --- [   scheduling-1] r.observability.ObservabilityService     : LAB9 Observability window=10s category=web.RentController.getRents count=354 sumNanos=64130704805 avgNanos=181160183
zil-app                 | 2026-05-04T14:48:29.707Z  INFO 1 --- [   scheduling-1] r.observability.ObservabilityService     : LAB9 Observability window=10s category=db.client.findAll count=182 sumNanos=35576477314 avgNanos=195475150
zil-app                 | 2026-05-04T14:48:29.708Z  INFO 1 --- [   scheduling-1] r.observability.ObservabilityService     : LAB9 Observability window=10s category=db.rent.findAll count=354 sumNanos=64130478358 avgNanos=181159543
zil-app                 | 2026-05-04T14:48:29.708Z  INFO 1 --- [   scheduling-1] r.observability.ObservabilityService     : LAB9 Observability window=10s category=web.CarController.getCars count=359 sumNanos=60507548695 avgNanos=168544703
zil-app                 | 2026-05-04T14:48:29.708Z  INFO 1 --- [   scheduling-1] r.observability.ObservabilityService     : LAB9 Observability window=10s category=db.car.findAll count=359 sumNanos=60507240101 avgNanos=168543844
zil-app                 | 2026-05-04T14:48:29.709Z  INFO 1 --- [   scheduling-1] r.observability.ObservabilityService     : LAB9 Observability window=30s category=web.ClientController.getClients count=551 sumNanos=109762380526 avgNanos=199205772
zil-app                 | 2026-05-04T14:48:29.709Z  INFO 1 --- [   scheduling-1] r.observability.ObservabilityService     : LAB9 Observability window=30s category=web.RentController.getRents count=1071 sumNanos=190806318571 avgNanos=178157160
zil-app                 | 2026-05-04T14:48:29.709Z  INFO 1 --- [   scheduling-1] r.observability.ObservabilityService     : LAB9 Observability window=30s category=db.client.findAll count=551 sumNanos=109751167528 avgNanos=199185422
zil-app                 | 2026-05-04T14:48:29.709Z  INFO 1 --- [   scheduling-1] r.observability.ObservabilityService     : LAB9 Observability window=30s category=db.rent.findAll count=1071 sumNanos=190805615266 avgNanos=178156503
zil-app                 | 2026-05-04T14:48:29.709Z  INFO 1 --- [   scheduling-1] r.observability.ObservabilityService     : LAB9 Observability window=30s category=web.CarController.getCars count=1074 sumNanos=184954187279 avgNanos=172210602
zil-app                 | 2026-05-04T14:48:29.709Z  INFO 1 --- [   scheduling-1] r.observability.ObservabilityService     : LAB9 Observability window=30s category=db.car.findAll count=1074 sumNanos=184953424414 avgNanos=172209892
zil-app                 | 2026-05-04T14:48:29.710Z  INFO 1 --- [   scheduling-1] r.observability.ObservabilityService     : LAB9 Observability window=1m category=web.ClientController.getClients count=1088 sumNanos=215587982289 avgNanos=198150719
zil-app                 | 2026-05-04T14:48:29.710Z  INFO 1 --- [   scheduling-1] r.observability.ObservabilityService     : LAB9 Observability window=1m category=web.RentController.getRents count=2156 sumNanos=381302362069 avgNanos=176856383
zil-app                 | 2026-05-04T14:48:29.710Z  INFO 1 --- [   scheduling-1] r.observability.ObservabilityService     : LAB9 Observability window=1m category=db.client.findAll count=1088 sumNanos=215575687034 avgNanos=198139418
zil-app                 | 2026-05-04T14:48:29.710Z  INFO 1 --- [   scheduling-1] r.observability.ObservabilityService     : LAB9 Observability window=1m category=db.rent.findAll count=2156 sumNanos=381300910945 avgNanos=176855710
zil-app                 | 2026-05-04T14:48:29.710Z  INFO 1 --- [   scheduling-1] r.observability.ObservabilityService     : LAB9 Observability window=1m category=web.CarController.getCars count=2160 sumNanos=372857705498 avgNanos=172619308
zil-app                 | 2026-05-04T14:48:29.710Z  INFO 1 --- [   scheduling-1] r.observability.ObservabilityService     : LAB9 Observability window=1m category=db.car.findAll count=2160 sumNanos=372855967196 avgNanos=172618503
zil-app                 | 2026-05-04T14:48:34.710Z  INFO 1 --- [   scheduling-1] r.observability.ObservabilityService     : LAB9 Observability window=10s category=web.ClientController.getClients count=172 sumNanos=33644647141 avgNanos=195608413
zil-app                 | 2026-05-04T14:48:34.710Z  INFO 1 --- [   scheduling-1] r.observability.ObservabilityService     : LAB9 Observability window=10s category=db.client.findAll count=172 sumNanos=33644318831 avgNanos=195606504
zil-app                 | 2026-05-04T14:48:34.711Z  INFO 1 --- [   scheduling-1] r.observability.ObservabilityService     : LAB9 Observability window=10s category=web.RentController.getRents count=364 sumNanos=66406609322 avgNanos=182435739
zil-app                 | 2026-05-04T14:48:34.711Z  INFO 1 --- [   scheduling-1] r.observability.ObservabilityService     : LAB9 Observability window=10s category=db.rent.findAll count=364 sumNanos=66406340135 avgNanos=182435000
zil-app                 | 2026-05-04T14:48:34.711Z  INFO 1 --- [   scheduling-1] r.observability.ObservabilityService     : LAB9 Observability window=10s category=web.CarController.getCars count=364 sumNanos=61663553670 avgNanos=169405367
zil-app                 | 2026-05-04T14:48:34.711Z  INFO 1 --- [   scheduling-1] r.observability.ObservabilityService     : LAB9 Observability window=10s category=db.car.findAll count=364 sumNanos=61663276407 avgNanos=169404605
zil-app                 | 2026-05-04T14:48:34.711Z  INFO 1 --- [   scheduling-1] r.observability.ObservabilityService     : LAB9 Observability window=30s category=web.ClientController.getClients count=543 sumNanos=108322762130 avgNanos=199489433
zil-app                 | 2026-05-04T14:48:34.711Z  INFO 1 --- [   scheduling-1] r.observability.ObservabilityService     : LAB9 Observability window=30s category=db.client.findAll count=543 sumNanos=108311828381 avgNanos=199469297
zil-app                 | 2026-05-04T14:48:34.711Z  INFO 1 --- [   scheduling-1] r.observability.ObservabilityService     : LAB9 Observability window=30s category=web.RentController.getRents count=1077 sumNanos=192736021968 avgNanos=178956380
zil-app                 | 2026-05-04T14:48:34.711Z  INFO 1 --- [   scheduling-1] r.observability.ObservabilityService     : LAB9 Observability window=30s category=db.rent.findAll count=1077 sumNanos=192735273429 avgNanos=178955685
zil-app                 | 2026-05-04T14:48:34.711Z  INFO 1 --- [   scheduling-1] r.observability.ObservabilityService     : LAB9 Observability window=30s category=web.CarController.getCars count=1077 sumNanos=184256847596 avgNanos=171083423
zil-app                 | 2026-05-04T14:48:34.711Z  INFO 1 --- [   scheduling-1] r.observability.ObservabilityService     : LAB9 Observability window=30s category=db.car.findAll count=1077 sumNanos=184256099300 avgNanos=171082729
zil-app                 | 2026-05-04T14:48:34.711Z  INFO 1 --- [   scheduling-1] r.observability.ObservabilityService     : LAB9 Observability window=1m category=web.ClientController.getClients count=1070 sumNanos=211485078611 avgNanos=197649606
zil-app                 | 2026-05-04T14:48:34.711Z  INFO 1 --- [   scheduling-1] r.observability.ObservabilityService     : LAB9 Observability window=1m category=db.client.findAll count=1070 sumNanos=211472827557 avgNanos=197638156
zil-app                 | 2026-05-04T14:48:34.711Z  INFO 1 --- [   scheduling-1] r.observability.ObservabilityService     : LAB9 Observability window=1m category=web.RentController.getRents count=2172 sumNanos=383570740878 avgNanos=176597946
zil-app                 | 2026-05-04T14:48:34.711Z  INFO 1 --- [   scheduling-1] r.observability.ObservabilityService     : LAB9 Observability window=1m category=db.rent.findAll count=2172 sumNanos=383569257876 avgNanos=176597264
zil-app                 | 2026-05-04T14:48:34.711Z  INFO 1 --- [   scheduling-1] r.observability.ObservabilityService     : LAB9 Observability window=1m category=web.CarController.getCars count=2178 sumNanos=374189522775 avgNanos=171804188
zil-app                 | 2026-05-04T14:48:34.711Z  INFO 1 --- [   scheduling-1] r.observability.ObservabilityService     : LAB9 Observability window=1m category=db.car.findAll count=2178 sumNanos=374187808521 avgNanos=171803401
zil-app                 | 2026-05-04T14:48:39.712Z  INFO 1 --- [   scheduling-1] r.observability.ObservabilityService     : LAB9 Observability window=10s category=web.ClientController.getClients count=162 sumNanos=32167319540 avgNanos=198563700
zil-app                 | 2026-05-04T14:48:39.712Z  INFO 1 --- [   scheduling-1] r.observability.ObservabilityService     : LAB9 Observability window=10s category=db.client.findAll count=162 sumNanos=32167010284 avgNanos=198561791
zil-app                 | 2026-05-04T14:48:39.712Z  INFO 1 --- [   scheduling-1] r.observability.ObservabilityService     : LAB9 Observability window=10s category=web.RentController.getRents count=346 sumNanos=61104175759 avgNanos=176601664
zil-app                 | 2026-05-04T14:48:39.712Z  INFO 1 --- [   scheduling-1] r.observability.ObservabilityService     : LAB9 Observability window=10s category=db.rent.findAll count=346 sumNanos=61103916782 avgNanos=176600915
zil-app                 | 2026-05-04T14:48:39.712Z  INFO 1 --- [   scheduling-1] r.observability.ObservabilityService     : LAB9 Observability window=10s category=web.CarController.getCars count=334 sumNanos=57446186772 avgNanos=171994571
zil-app                 | 2026-05-04T14:48:39.712Z  INFO 1 --- [   scheduling-1] r.observability.ObservabilityService     : LAB9 Observability window=10s category=db.car.findAll count=334 sumNanos=57445976908 avgNanos=171993942
zil-app                 | 2026-05-04T14:48:39.712Z  INFO 1 --- [   scheduling-1] r.observability.ObservabilityService     : LAB9 Observability window=30s category=web.ClientController.getClients count=532 sumNanos=106560278375 avgNanos=200301275
zil-app                 | 2026-05-04T14:48:39.712Z  INFO 1 --- [   scheduling-1] r.observability.ObservabilityService     : LAB9 Observability window=30s category=db.client.findAll count=532 sumNanos=106549387296 avgNanos=200280803
zil-app                 | 2026-05-04T14:48:39.712Z  INFO 1 --- [   scheduling-1] r.observability.ObservabilityService     : LAB9 Observability window=30s category=web.RentController.getRents count=1053 sumNanos=188499726743 avgNanos=179012086
zil-app                 | 2026-05-04T14:48:39.712Z  INFO 1 --- [   scheduling-1] r.observability.ObservabilityService     : LAB9 Observability window=30s category=db.rent.findAll count=1053 sumNanos=188498986119 avgNanos=179011382
zil-app                 | 2026-05-04T14:48:39.712Z  INFO 1 --- [   scheduling-1] r.observability.ObservabilityService     : LAB9 Observability window=30s category=web.CarController.getCars count=1041 sumNanos=178976795302 avgNanos=171927757
zil-app                 | 2026-05-04T14:48:39.712Z  INFO 1 --- [   scheduling-1] r.observability.ObservabilityService     : LAB9 Observability window=30s category=db.car.findAll count=1041 sumNanos=178976055489 avgNanos=171927046
zil-app                 | 2026-05-04T14:48:39.713Z  INFO 1 --- [   scheduling-1] r.observability.ObservabilityService     : LAB9 Observability window=1m category=web.ClientController.getClients count=1051 sumNanos=208211325658 avgNanos=198107826
zil-app                 | 2026-05-04T14:48:39.713Z  INFO 1 --- [   scheduling-1] r.observability.ObservabilityService     : LAB9 Observability window=1m category=web.RentController.getRents count=2153 sumNanos=380410292402 avgNanos=176688477
zil-app                 | 2026-05-04T14:48:39.713Z  INFO 1 --- [   scheduling-1] r.observability.ObservabilityService     : LAB9 Observability window=1m category=db.client.findAll count=1051 sumNanos=208199155721 avgNanos=198096247
zil-app                 | 2026-05-04T14:48:39.713Z  INFO 1 --- [   scheduling-1] r.observability.ObservabilityService     : LAB9 Observability window=1m category=db.rent.findAll count=2153 sumNanos=380408854342 avgNanos=176687809
zil-app                 | 2026-05-04T14:48:39.713Z  INFO 1 --- [   scheduling-1] r.observability.ObservabilityService     : LAB9 Observability window=1m category=web.CarController.getCars count=2142 sumNanos=368448030416 avgNanos=172011218
zil-app                 | 2026-05-04T14:48:39.713Z  INFO 1 --- [   scheduling-1] r.observability.ObservabilityService     : LAB9 Observability window=1m category=db.car.findAll count=2142 sumNanos=368446334253 avgNanos=172010426
zil-app                 | 2026-05-04T14:48:44.713Z  INFO 1 --- [   scheduling-1] r.observability.ObservabilityService     : LAB9 Observability window=10s category=web.ClientController.getClients count=76 sumNanos=15157165873 avgNanos=199436393
zil-app                 | 2026-05-04T14:48:44.713Z  INFO 1 --- [   scheduling-1] r.observability.ObservabilityService     : LAB9 Observability window=10s category=db.client.findAll count=76 sumNanos=15157030353 avgNanos=199434609
zil-app                 | 2026-05-04T14:48:44.713Z  INFO 1 --- [   scheduling-1] r.observability.ObservabilityService     : LAB9 Observability window=10s category=web.RentController.getRents count=161 sumNanos=28326222968 avgNanos=175939273
zil-app                 | 2026-05-04T14:48:44.713Z  INFO 1 --- [   scheduling-1] r.observability.ObservabilityService     : LAB9 Observability window=10s category=db.rent.findAll count=161 sumNanos=28326120299 avgNanos=175938635
zil-app                 | 2026-05-04T14:48:44.713Z  INFO 1 --- [   scheduling-1] r.observability.ObservabilityService     : LAB9 Observability window=10s category=web.CarController.getCars count=148 sumNanos=25863626194 avgNanos=174754231
zil-app                 | 2026-05-04T14:48:44.713Z  INFO 1 --- [   scheduling-1] r.observability.ObservabilityService     : LAB9 Observability window=10s category=db.car.findAll count=148 sumNanos=25863525186 avgNanos=174753548
zil-app                 | 2026-05-04T14:48:44.713Z  INFO 1 --- [   scheduling-1] r.observability.ObservabilityService     : LAB9 Observability window=30s category=web.ClientController.getClients count=434 sumNanos=86017315114 avgNanos=198196578
zil-app                 | 2026-05-04T14:48:44.714Z  INFO 1 --- [   scheduling-1] r.observability.ObservabilityService     : LAB9 Observability window=30s category=db.client.findAll count=434 sumNanos=86006639045 avgNanos=198171979
zil-app                 | 2026-05-04T14:48:44.714Z  INFO 1 --- [   scheduling-1] r.observability.ObservabilityService     : LAB9 Observability window=30s category=web.RentController.getRents count=880 sumNanos=156832526419 avgNanos=178218780
zil-app                 | 2026-05-04T14:48:44.714Z  INFO 1 --- [   scheduling-1] r.observability.ObservabilityService     : LAB9 Observability window=30s category=db.rent.findAll count=880 sumNanos=156831906319 avgNanos=178218075
zil-app                 | 2026-05-04T14:48:44.714Z  INFO 1 --- [   scheduling-1] r.observability.ObservabilityService     : LAB9 Observability window=30s category=web.CarController.getCars count=873 sumNanos=149321977041 avgNanos=171044647
zil-app                 | 2026-05-04T14:48:44.714Z  INFO 1 --- [   scheduling-1] r.observability.ObservabilityService     : LAB9 Observability window=30s category=db.car.findAll count=873 sumNanos=149321352748 avgNanos=171043932
zil-app                 | 2026-05-04T14:48:44.714Z  INFO 1 --- [   scheduling-1] r.observability.ObservabilityService     : LAB9 Observability window=1m category=web.ClientController.getClients count=973 sumNanos=192813361298 avgNanos=198163783
zil-app                 | 2026-05-04T14:48:44.714Z  INFO 1 --- [   scheduling-1] r.observability.ObservabilityService     : LAB9 Observability window=1m category=db.client.findAll count=973 sumNanos=192801360412 avgNanos=198151449
zil-app                 | 2026-05-04T14:48:44.714Z  INFO 1 --- [   scheduling-1] r.observability.ObservabilityService     : LAB9 Observability window=1m category=web.RentController.getRents count=1969 sumNanos=348314852437 avgNanos=176899366
zil-app                 | 2026-05-04T14:48:44.714Z  INFO 1 --- [   scheduling-1] r.observability.ObservabilityService     : LAB9 Observability window=1m category=db.rent.findAll count=1969 sumNanos=348313539387 avgNanos=176898699
zil-app                 | 2026-05-04T14:48:44.714Z  INFO 1 --- [   scheduling-1] r.observability.ObservabilityService     : LAB9 Observability window=1m category=web.CarController.getCars count=1957 sumNanos=336834116425 avgNanos=172117586
zil-app                 | 2026-05-04T14:48:44.714Z  INFO 1 --- [   scheduling-1] r.observability.ObservabilityService     : LAB9 Observability window=1m category=db.car.findAll count=1957 sumNanos=336832528805 avgNanos=172116775
zil-app                 | 2026-05-04T14:48:49.714Z  INFO 1 --- [   scheduling-1] r.observability.ObservabilityService     : LAB9 Observability window=30s category=web.ClientController.getClients count=344 sumNanos=67753997636 avgNanos=196959295
zil-app                 | 2026-05-04T14:48:49.715Z  INFO 1 --- [   scheduling-1] r.observability.ObservabilityService     : LAB9 Observability window=30s category=web.RentController.getRents count=700 sumNanos=125234880564 avgNanos=178906972
zil-app                 | 2026-05-04T14:48:49.715Z  INFO 1 --- [   scheduling-1] r.observability.ObservabilityService     : LAB9 Observability window=30s category=db.client.findAll count=344 sumNanos=67743487598 avgNanos=196928743
zil-app                 | 2026-05-04T14:48:49.715Z  INFO 1 --- [   scheduling-1] r.observability.ObservabilityService     : LAB9 Observability window=30s category=db.rent.findAll count=700 sumNanos=125234395140 avgNanos=178906278
zil-app                 | 2026-05-04T14:48:49.715Z  INFO 1 --- [   scheduling-1] r.observability.ObservabilityService     : LAB9 Observability window=30s category=web.CarController.getCars count=692 sumNanos=117731052789 avgNanos=170131579
zil-app                 | 2026-05-04T14:48:49.715Z  INFO 1 --- [   scheduling-1] r.observability.ObservabilityService     : LAB9 Observability window=30s category=db.car.findAll count=692 sumNanos=117730534830 avgNanos=170130830
zil-app                 | 2026-05-04T14:48:49.715Z  INFO 1 --- [   scheduling-1] r.observability.ObservabilityService     : LAB9 Observability window=1m category=web.ClientController.getClients count=886 sumNanos=175519094314 avgNanos=198102815
zil-app                 | 2026-05-04T14:48:49.715Z  INFO 1 --- [   scheduling-1] r.observability.ObservabilityService     : LAB9 Observability window=1m category=db.client.findAll count=886 sumNanos=175507235921 avgNanos=198089431
zil-app                 | 2026-05-04T14:48:49.715Z  INFO 1 --- [   scheduling-1] r.observability.ObservabilityService     : LAB9 Observability window=1m category=web.RentController.getRents count=1781 sumNanos=316002628532 avgNanos=177429886
zil-app                 | 2026-05-04T14:48:49.715Z  INFO 1 --- [   scheduling-1] r.observability.ObservabilityService     : LAB9 Observability window=1m category=db.rent.findAll count=1781 sumNanos=316001428136 avgNanos=177429212
zil-app                 | 2026-05-04T14:48:49.715Z  INFO 1 --- [   scheduling-1] r.observability.ObservabilityService     : LAB9 Observability window=1m category=web.CarController.getCars count=1772 sumNanos=305568926243 avgNanos=172442960
zil-app                 | 2026-05-04T14:48:49.715Z  INFO 1 --- [   scheduling-1] r.observability.ObservabilityService     : LAB9 Observability window=1m category=db.car.findAll count=1772 sumNanos=305567478832 avgNanos=172442143
