zil-additional-service  | 
zil-additional-service  |   .   ____          _            __ _ _
zil-additional-service  |  /\\ / ___'_ __ _ _(_)_ __  __ _ \ \ \ \
zil-additional-service  | ( ( )\___ | '_ | '_| | '_ \/ _` | \ \ \ \
zil-additional-service  |  \\/  ___)| |_)| | | | | || (_| |  ) ) ) )
zil-additional-service  |   '  |____| .__|_| |_|_| |_\__, | / / / /
zil-additional-service  |  =========|_|==============|___/=/_/_/_/
zil-additional-service  | 
zil-additional-service  |  :: Spring Boot ::                (v4.0.6)
zil-additional-service  | 
zil-additional-service  | 2026-05-04T11:51:05.973Z  INFO 1 --- [zil-additional-service] [           main] r.a.ZilAdditionalServiceApplication      : Starting ZilAdditionalServiceApplication v0.0.1-SNAPSHOT using Java 25.0.3 with PID 1 (/app/app.jar started by root in /app)
zil-additional-service  | 2026-05-04T11:51:05.992Z  INFO 1 --- [zil-additional-service] [           main] r.a.ZilAdditionalServiceApplication      : No active profile set, falling back to 1 default profile: "default"
zil-additional-service  | 2026-05-04T11:51:09.954Z  INFO 1 --- [zil-additional-service] [           main] o.s.boot.tomcat.TomcatWebServer          : Tomcat initialized with port 8084 (http)
zil-additional-service  | 2026-05-04T11:51:09.993Z  INFO 1 --- [zil-additional-service] [           main] o.apache.catalina.core.StandardService   : Starting service [Tomcat]
zil-additional-service  | 2026-05-04T11:51:09.997Z  INFO 1 --- [zil-additional-service] [           main] o.apache.catalina.core.StandardEngine    : Starting Servlet engine: [Apache Tomcat/11.0.21]
zil-additional-service  | 2026-05-04T11:51:10.228Z  INFO 1 --- [zil-additional-service] [           main] b.w.c.s.WebApplicationContextInitializer : Root WebApplicationContext: initialization completed in 4036 ms
zil-additional-service  | 2026-05-04T11:51:13.217Z  INFO 1 --- [zil-additional-service] [           main] o.s.b.a.e.web.EndpointLinksResolver      : Exposing 1 endpoint beneath base path '/actuator'
zil-additional-service  | 2026-05-04T11:51:13.517Z  INFO 1 --- [zil-additional-service] [           main] o.s.boot.tomcat.TomcatWebServer          : Tomcat started on port 8084 (http) with context path '/'
zil-additional-service  | 2026-05-04T11:51:13.553Z  INFO 1 --- [zil-additional-service] [           main] r.a.ZilAdditionalServiceApplication      : Started ZilAdditionalServiceApplication in 8.938 seconds (process running for 10.445)
zil-additional-service  | 2026-05-04T12:18:08.841Z  INFO 1 --- [zil-additional-service] [io-8084-exec-17] o.a.c.c.C.[Tomcat].[localhost].[/]       : Initializing Spring DispatcherServlet 'dispatcherServlet'
zil-additional-service  | 2026-05-04T12:18:08.842Z  INFO 1 --- [zil-additional-service] [io-8084-exec-17] o.s.web.servlet.DispatcherServlet        : Initializing Servlet 'dispatcherServlet'
zil-additional-service  | 2026-05-04T12:18:08.844Z  INFO 1 --- [zil-additional-service] [io-8084-exec-17] o.s.web.servlet.DispatcherServlet        : Completed initialization in 2 ms
zil-additional-service  | 2026-05-04T12:18:13.798Z  INFO 1 --- [zil-additional-service] [   scheduling-1] r.a.observability.ObservabilityService   : LAB9 Observability window=10s category=http.main.cars count=11 sumNanos=50457262350 avgNanos=4587023850
zil-additional-service  | 2026-05-04T12:18:13.799Z  INFO 1 --- [zil-additional-service] [   scheduling-1] r.a.observability.ObservabilityService   : LAB9 Observability window=30s category=http.main.cars count=11 sumNanos=50457262350 avgNanos=4587023850
zil-additional-service  | 2026-05-04T12:18:13.799Z  INFO 1 --- [zil-additional-service] [   scheduling-1] r.a.observability.ObservabilityService   : LAB9 Observability window=1m category=http.main.cars count=11 sumNanos=50457262350 avgNanos=4587023850
zil-app                 | 
zil-app                 |   .   ____          _            __ _ _
zil-app                 |  /\\ / ___'_ __ _ _(_)_ __  __ _ \ \ \ \
zil-app                 | ( ( )\___ | '_ | '_| | '_ \/ _` | \ \ \ \
zil-app                 |  \\/  ___)| |_)| | | | | || (_| |  ) ) ) )
zil-app                 |   '  |____| .__|_| |_|_| |_\__, | / / / /
zil-app                 |  =========|_|==============|___/=/_/_/_/
zil-app                 | 
zil-app                 |  :: Spring Boot ::                (v4.0.3)
zil-app                 | 
zil-app                 | 2026-05-04T14:05:12.134Z  INFO 1 --- [           main] rental.Application                       : Starting Application v1.0-SNAPSHOT using Java 25.0.3 with PID 1 (/app/app.jar started by root in /app)
zil-app                 | 2026-05-04T14:05:12.218Z  INFO 1 --- [           main] rental.Application                       : No active profile set, falling back to 1 default profile: "default"
zil-app                 | 2026-05-04T14:05:18.033Z  INFO 1 --- [           main] .s.d.r.c.RepositoryConfigurationDelegate : Bootstrapping Spring Data JPA repositories in DEFAULT mode.
zil-app                 | 2026-05-04T14:05:18.421Z  INFO 1 --- [           main] .s.d.r.c.RepositoryConfigurationDelegate : Finished Spring Data repository scanning in 287 ms. Found 3 JPA repository interfaces.
zil-app                 | 2026-05-04T14:05:22.523Z  INFO 1 --- [           main] o.s.boot.tomcat.TomcatWebServer          : Tomcat initialized with port 8083 (http)
zil-app                 | 2026-05-04T14:05:22.619Z  INFO 1 --- [           main] o.apache.catalina.core.StandardService   : Starting service [Tomcat]
zil-app                 | 2026-05-04T14:05:22.620Z  INFO 1 --- [           main] o.apache.catalina.core.StandardEngine    : Starting Servlet engine: [Apache Tomcat/11.0.18]
zil-app                 | 2026-05-04T14:05:23.125Z  INFO 1 --- [           main] b.w.c.s.WebApplicationContextInitializer : Root WebApplicationContext: initialization completed in 10500 ms
zil-app                 | 2026-05-04T14:05:26.921Z  INFO 1 --- [           main] com.zaxxer.hikari.HikariDataSource       : HikariPool-1 - Starting...
zil-app                 | 2026-05-04T14:05:27.943Z  INFO 1 --- [           main] com.zaxxer.hikari.pool.HikariPool        : HikariPool-1 - Added connection org.postgresql.jdbc.PgConnection@45f1413c
zil-app                 | 2026-05-04T14:05:27.946Z  INFO 1 --- [           main] com.zaxxer.hikari.HikariDataSource       : HikariPool-1 - Start completed.
zil-app                 | 2026-05-04T14:05:28.119Z  INFO 1 --- [           main] org.flywaydb.core.FlywayExecutor         : Database: jdbc:postgresql://hl12.zil:5433/hl7?currentSchema=hl7 (PostgreSQL 16.13)
zil-app                 | 2026-05-04T14:05:28.531Z  INFO 1 --- [           main] o.f.core.internal.command.DbValidate     : Successfully validated 3 migrations (execution time 00:00.286s)
zil-app                 | 2026-05-04T14:05:28.735Z  INFO 1 --- [           main] o.f.core.internal.command.DbMigrate      : Current version of schema "hl7": 2
zil-app                 | 2026-05-04T14:05:28.822Z  INFO 1 --- [           main] o.f.core.internal.command.DbMigrate      : Schema "hl7" is up to date. No migration necessary.
zil-app                 | 2026-05-04T14:05:29.624Z  INFO 1 --- [           main] org.hibernate.orm.jpa                    : HHH008540: Processing PersistenceUnitInfo [name: default]
zil-app                 | 2026-05-04T14:05:30.035Z  INFO 1 --- [           main] org.hibernate.orm.core                   : HHH000001: Hibernate ORM core version 7.2.4.Final
zil-app                 | 2026-05-04T14:05:33.527Z  INFO 1 --- [           main] o.s.o.j.p.SpringPersistenceUnitInfo      : No LoadTimeWeaver setup: ignoring JPA class transformer
zil-app                 | 2026-05-04T14:05:34.118Z  INFO 1 --- [           main] org.hibernate.orm.connections.pooling    : HHH10001005: Database info:
zil-app                 | 	Database JDBC URL [jdbc:postgresql://hl12.zil:5433/hl7?currentSchema=hl7]
zil-app                 | 	Database driver: PostgreSQL JDBC Driver
zil-app                 | 	Database dialect: PostgreSQLDialect
zil-app                 | 	Database version: 16.13
zil-app                 | 	Default catalog/schema: hl7/hl7
zil-app                 | 	Autocommit mode: undefined/unknown
zil-app                 | 	Isolation level: READ_COMMITTED [default READ_COMMITTED]
zil-app                 | 	JDBC fetch size: none
zil-app                 | 	Pool: DataSourceConnectionProvider
zil-app                 | 	Minimum pool size: undefined/unknown
zil-app                 | 	Maximum pool size: undefined/unknown
zil-app                 | 2026-05-04T14:05:39.521Z  INFO 1 --- [           main] org.hibernate.orm.core                   : HHH000489: No JTA platform available (set 'hibernate.transaction.jta.platform' to enable JTA platform integration)
zil-app                 | 2026-05-04T14:05:39.734Z  INFO 1 --- [           main] j.LocalContainerEntityManagerFactoryBean : Initialized JPA EntityManagerFactory for persistence unit 'default'
zil-app                 | 2026-05-04T14:05:40.223Z  INFO 1 --- [           main] o.s.d.j.r.query.QueryEnhancerFactories   : Hibernate is in classpath; If applicable, HQL parser will be used.
zil-app                 | 2026-05-04T14:05:48.036Z  INFO 1 --- [           main] o.s.boot.tomcat.TomcatWebServer          : Tomcat started on port 8083 (http) with context path '/'
zil-app                 | 2026-05-04T14:05:48.117Z  INFO 1 --- [           main] rental.Application                       : Started Application in 38.979 seconds (process running for 42.337)
zil-app                 | 2026-05-04T14:07:00.539Z  INFO 1 --- [nio-8083-exec-8] o.a.c.c.C.[Tomcat].[localhost].[/]       : Initializing Spring DispatcherServlet 'dispatcherServlet'
zil-app                 | 2026-05-04T14:07:00.615Z  INFO 1 --- [nio-8083-exec-8] o.s.web.servlet.DispatcherServlet        : Initializing Servlet 'dispatcherServlet'
zil-app                 | 2026-05-04T14:07:00.617Z  INFO 1 --- [nio-8083-exec-8] o.s.web.servlet.DispatcherServlet        : Completed initialization in 2 ms
zil-app                 | 2026-05-04T14:07:08.140Z  INFO 1 --- [   scheduling-1] r.observability.ObservabilityService     : LAB9 Observability window=10s category=web.RentController.getRents count=20 sumNanos=34471775775 avgNanos=1723588788
zil-app                 | 2026-05-04T14:07:08.140Z  INFO 1 --- [   scheduling-1] r.observability.ObservabilityService     : LAB9 Observability window=10s category=db.rent.findAll count=20 sumNanos=34471242195 avgNanos=1723562109
zil-app                 | 2026-05-04T14:07:08.140Z  INFO 1 --- [   scheduling-1] r.observability.ObservabilityService     : LAB9 Observability window=10s category=web.CarController.getCars count=30 sumNanos=67023412401 avgNanos=2234113746
zil-app                 | 2026-05-04T14:07:08.146Z  INFO 1 --- [   scheduling-1] r.observability.ObservabilityService     : LAB9 Observability window=10s category=db.car.findAll count=30 sumNanos=67022661705 avgNanos=2234088723
zil-app                 | 2026-05-04T14:07:08.146Z  INFO 1 --- [   scheduling-1] r.observability.ObservabilityService     : LAB9 Observability window=30s category=web.RentController.getRents count=20 sumNanos=34471775775 avgNanos=1723588788
zil-app                 | 2026-05-04T14:07:08.150Z  INFO 1 --- [   scheduling-1] r.observability.ObservabilityService     : LAB9 Observability window=30s category=db.rent.findAll count=20 sumNanos=34471242195 avgNanos=1723562109
zil-app                 | 2026-05-04T14:07:08.150Z  INFO 1 --- [   scheduling-1] r.observability.ObservabilityService     : LAB9 Observability window=30s category=web.CarController.getCars count=30 sumNanos=67023412401 avgNanos=2234113746
zil-app                 | 2026-05-04T14:07:08.214Z  INFO 1 --- [   scheduling-1] r.observability.ObservabilityService     : LAB9 Observability window=30s category=db.car.findAll count=30 sumNanos=67022661705 avgNanos=2234088723
zil-app                 | 2026-05-04T14:07:08.215Z  INFO 1 --- [   scheduling-1] r.observability.ObservabilityService     : LAB9 Observability window=1m category=web.RentController.getRents count=20 sumNanos=34471775775 avgNanos=1723588788
zil-app                 | 2026-05-04T14:07:08.215Z  INFO 1 --- [   scheduling-1] r.observability.ObservabilityService     : LAB9 Observability window=1m category=db.rent.findAll count=20 sumNanos=34471242195 avgNanos=1723562109
zil-app                 | 2026-05-04T14:07:08.218Z  INFO 1 --- [   scheduling-1] r.observability.ObservabilityService     : LAB9 Observability window=1m category=web.CarController.getCars count=30 sumNanos=67023412401 avgNanos=2234113746
zil-app                 | 2026-05-04T14:07:08.218Z  INFO 1 --- [   scheduling-1] r.observability.ObservabilityService     : LAB9 Observability window=1m category=db.car.findAll count=30 sumNanos=67022661705 avgNanos=2234088723
zil-app                 | 2026-05-04T14:07:13.221Z  INFO 1 --- [   scheduling-1] r.observability.ObservabilityService     : LAB9 Observability window=10s category=web.RentController.getRents count=61 sumNanos=81032013216 avgNanos=1328393659
zil-app                 | 2026-05-04T14:07:13.221Z  INFO 1 --- [   scheduling-1] r.observability.ObservabilityService     : LAB9 Observability window=10s category=db.rent.findAll count=61 sumNanos=81030905004 avgNanos=1328375491
zil-app                 | 2026-05-04T14:07:13.222Z  INFO 1 --- [   scheduling-1] r.observability.ObservabilityService     : LAB9 Observability window=10s category=web.CarController.getCars count=69 sumNanos=104091593318 avgNanos=1508573816
zil-app                 | 2026-05-04T14:07:13.231Z  INFO 1 --- [   scheduling-1] r.observability.ObservabilityService     : LAB9 Observability window=10s category=db.car.findAll count=69 sumNanos=104090512408 avgNanos=1508558150
zil-app                 | 2026-05-04T14:07:13.231Z  INFO 1 --- [   scheduling-1] r.observability.ObservabilityService     : LAB9 Observability window=30s category=web.RentController.getRents count=62 sumNanos=82127927241 avgNanos=1324643987
zil-app                 | 2026-05-04T14:07:13.231Z  INFO 1 --- [   scheduling-1] r.observability.ObservabilityService     : LAB9 Observability window=30s category=db.rent.findAll count=62 sumNanos=82126810891 avgNanos=1324625982
zil-app                 | 2026-05-04T14:07:13.231Z  INFO 1 --- [   scheduling-1] r.observability.ObservabilityService     : LAB9 Observability window=30s category=web.CarController.getCars count=70 sumNanos=106571111504 avgNanos=1522444450
zil-app                 | 2026-05-04T14:07:13.231Z  INFO 1 --- [   scheduling-1] r.observability.ObservabilityService     : LAB9 Observability window=30s category=db.car.findAll count=70 sumNanos=106569922967 avgNanos=1522427470
zil-app                 | 2026-05-04T14:07:13.232Z  INFO 1 --- [   scheduling-1] r.observability.ObservabilityService     : LAB9 Observability window=1m category=web.RentController.getRents count=62 sumNanos=82127927241 avgNanos=1324643987
zil-app                 | 2026-05-04T14:07:13.232Z  INFO 1 --- [   scheduling-1] r.observability.ObservabilityService     : LAB9 Observability window=1m category=db.rent.findAll count=62 sumNanos=82126810891 avgNanos=1324625982
zil-app                 | 2026-05-04T14:07:13.232Z  INFO 1 --- [   scheduling-1] r.observability.ObservabilityService     : LAB9 Observability window=1m category=web.CarController.getCars count=70 sumNanos=106571111504 avgNanos=1522444450
zil-app                 | 2026-05-04T14:07:13.232Z  INFO 1 --- [   scheduling-1] r.observability.ObservabilityService     : LAB9 Observability window=1m category=db.car.findAll count=70 sumNanos=106569922967 avgNanos=1522427470
zil-app                 | 2026-05-04T14:07:18.238Z  INFO 1 --- [   scheduling-1] r.observability.ObservabilityService     : LAB9 Observability window=10s category=web.RentController.getRents count=103 sumNanos=92032954113 avgNanos=893523826
zil-app                 | 2026-05-04T14:07:18.245Z  INFO 1 --- [   scheduling-1] r.observability.ObservabilityService     : LAB9 Observability window=10s category=db.rent.findAll count=103 sumNanos=92031670379 avgNanos=893511362
zil-app                 | 2026-05-04T14:07:18.245Z  INFO 1 --- [   scheduling-1] r.observability.ObservabilityService     : LAB9 Observability window=10s category=web.CarController.getCars count=97 sumNanos=74267258521 avgNanos=765641840
zil-app                 | 2026-05-04T14:07:18.245Z  INFO 1 --- [   scheduling-1] r.observability.ObservabilityService     : LAB9 Observability window=10s category=db.car.findAll count=97 sumNanos=74266254417 avgNanos=765631488
zil-app                 | 2026-05-04T14:07:18.249Z  INFO 1 --- [   scheduling-1] r.observability.ObservabilityService     : LAB9 Observability window=30s category=web.RentController.getRents count=123 sumNanos=126504729888 avgNanos=1028493738
zil-app                 | 2026-05-04T14:07:18.333Z  INFO 1 --- [   scheduling-1] r.observability.ObservabilityService     : LAB9 Observability window=30s category=db.rent.findAll count=123 sumNanos=126502912574 avgNanos=1028478964
zil-app                 | 2026-05-04T14:07:18.333Z  INFO 1 --- [   scheduling-1] r.observability.ObservabilityService     : LAB9 Observability window=30s category=web.CarController.getCars count=128 sumNanos=142397668985 avgNanos=1112481788
zil-app                 | 2026-05-04T14:07:18.334Z  INFO 1 --- [   scheduling-1] r.observability.ObservabilityService     : LAB9 Observability window=30s category=db.car.findAll count=128 sumNanos=142395903975 avgNanos=1112467999
zil-app                 | 2026-05-04T14:07:18.336Z  INFO 1 --- [   scheduling-1] r.observability.ObservabilityService     : LAB9 Observability window=1m category=web.RentController.getRents count=124 sumNanos=127296541955 avgNanos=1026585015
zil-app                 | 2026-05-04T14:07:18.336Z  INFO 1 --- [   scheduling-1] r.observability.ObservabilityService     : LAB9 Observability window=1m category=db.rent.findAll count=124 sumNanos=127294717100 avgNanos=1026570299
zil-app                 | 2026-05-04T14:07:18.336Z  INFO 1 --- [   scheduling-1] r.observability.ObservabilityService     : LAB9 Observability window=1m category=web.CarController.getCars count=128 sumNanos=142397668985 avgNanos=1112481788
zil-app                 | 2026-05-04T14:07:18.336Z  INFO 1 --- [   scheduling-1] r.observability.ObservabilityService     : LAB9 Observability window=1m category=db.car.findAll count=128 sumNanos=142395903975 avgNanos=1112467999
zil-app                 | 2026-05-04T14:07:23.418Z  INFO 1 --- [   scheduling-1] r.observability.ObservabilityService     : LAB9 Observability window=10s category=web.RentController.getRents count=143 sumNanos=82608125738 avgNanos=577679200
zil-app                 | 2026-05-04T14:07:23.418Z  INFO 1 --- [   scheduling-1] r.observability.ObservabilityService     : LAB9 Observability window=10s category=db.rent.findAll count=143 sumNanos=82606619315 avgNanos=577668666
zil-app                 | 2026-05-04T14:07:23.418Z  INFO 1 --- [   scheduling-1] r.observability.ObservabilityService     : LAB9 Observability window=10s category=web.CarController.getCars count=144 sumNanos=69746730768 avgNanos=484352297
zil-app                 | 2026-05-04T14:07:23.419Z  INFO 1 --- [   scheduling-1] r.observability.ObservabilityService     : LAB9 Observability window=10s category=db.car.findAll count=144 sumNanos=69745150690 avgNanos=484341324
zil-app                 | 2026-05-04T14:07:23.419Z  INFO 1 --- [   scheduling-1] r.observability.ObservabilityService     : LAB9 Observability window=30s category=web.RentController.getRents count=205 sumNanos=164736052979 avgNanos=803590502
zil-app                 | 2026-05-04T14:07:23.419Z  INFO 1 --- [   scheduling-1] r.observability.ObservabilityService     : LAB9 Observability window=30s category=db.rent.findAll count=205 sumNanos=164733430206 avgNanos=803577708
zil-app                 | 2026-05-04T14:07:23.419Z  INFO 1 --- [   scheduling-1] r.observability.ObservabilityService     : LAB9 Observability window=30s category=web.CarController.getCars count=216 sumNanos=178123431884 avgNanos=824645517
zil-app                 | 2026-05-04T14:07:23.419Z  INFO 1 --- [   scheduling-1] r.observability.ObservabilityService     : LAB9 Observability window=30s category=db.car.findAll count=216 sumNanos=178120639596 avgNanos=824632590
zil-app                 | 2026-05-04T14:07:23.442Z  INFO 1 --- [   scheduling-1] r.observability.ObservabilityService     : LAB9 Observability window=1m category=web.RentController.getRents count=205 sumNanos=164736052979 avgNanos=803590502
zil-app                 | 2026-05-04T14:07:23.442Z  INFO 1 --- [   scheduling-1] r.observability.ObservabilityService     : LAB9 Observability window=1m category=db.rent.findAll count=205 sumNanos=164733430206 avgNanos=803577708
zil-app                 | 2026-05-04T14:07:23.444Z  INFO 1 --- [   scheduling-1] r.observability.ObservabilityService     : LAB9 Observability window=1m category=web.CarController.getCars count=216 sumNanos=178123431884 avgNanos=824645517
zil-app                 | 2026-05-04T14:07:23.444Z  INFO 1 --- [   scheduling-1] r.observability.ObservabilityService     : LAB9 Observability window=1m category=db.car.findAll count=216 sumNanos=178120639596 avgNanos=824632590
zil-app                 | 2026-05-04T14:07:28.448Z  INFO 1 --- [   scheduling-1] r.observability.ObservabilityService     : LAB9 Observability window=10s category=web.RentController.getRents count=184 sumNanos=73873157469 avgNanos=401484551
zil-app                 | 2026-05-04T14:07:28.448Z  INFO 1 --- [   scheduling-1] r.observability.ObservabilityService     : LAB9 Observability window=10s category=db.rent.findAll count=184 sumNanos=73871878579 avgNanos=401477600
zil-app                 | 2026-05-04T14:07:28.448Z  INFO 1 --- [   scheduling-1] r.observability.ObservabilityService     : LAB9 Observability window=10s category=web.CarController.getCars count=185 sumNanos=63479849762 avgNanos=343134323
zil-app                 | 2026-05-04T14:07:28.449Z  INFO 1 --- [   scheduling-1] r.observability.ObservabilityService     : LAB9 Observability window=10s category=db.car.findAll count=185 sumNanos=63478366212 avgNanos=343126303
zil-app                 | 2026-05-04T14:07:28.450Z  INFO 1 --- [   scheduling-1] r.observability.ObservabilityService     : LAB9 Observability window=30s category=web.RentController.getRents count=308 sumNanos=201169699424 avgNanos=653148374
zil-app                 | 2026-05-04T14:07:28.450Z  INFO 1 --- [   scheduling-1] r.observability.ObservabilityService     : LAB9 Observability window=30s category=db.rent.findAll count=308 sumNanos=201166595679 avgNanos=653138297
zil-app                 | 2026-05-04T14:07:28.515Z  INFO 1 --- [   scheduling-1] r.observability.ObservabilityService     : LAB9 Observability window=30s category=web.CarController.getCars count=318 sumNanos=208251047084 avgNanos=654877506
zil-app                 | 2026-05-04T14:07:28.515Z  INFO 1 --- [   scheduling-1] r.observability.ObservabilityService     : LAB9 Observability window=30s category=db.car.findAll count=318 sumNanos=208247766595 avgNanos=654867190
zil-app                 | 2026-05-04T14:07:28.515Z  INFO 1 --- [   scheduling-1] r.observability.ObservabilityService     : LAB9 Observability window=1m category=web.RentController.getRents count=308 sumNanos=201169699424 avgNanos=653148374
zil-app                 | 2026-05-04T14:07:28.515Z  INFO 1 --- [   scheduling-1] r.observability.ObservabilityService     : LAB9 Observability window=1m category=db.rent.findAll count=308 sumNanos=201166595679 avgNanos=653138297
zil-app                 | 2026-05-04T14:07:28.515Z  INFO 1 --- [   scheduling-1] r.observability.ObservabilityService     : LAB9 Observability window=1m category=web.CarController.getCars count=318 sumNanos=208251047084 avgNanos=654877506
zil-app                 | 2026-05-04T14:07:28.515Z  INFO 1 --- [   scheduling-1] r.observability.ObservabilityService     : LAB9 Observability window=1m category=db.car.findAll count=318 sumNanos=208247766595 avgNanos=654867190
zil-app                 | 2026-05-04T14:07:33.516Z  INFO 1 --- [   scheduling-1] r.observability.ObservabilityService     : LAB9 Observability window=10s category=web.RentController.getRents count=215 sumNanos=71115969116 avgNanos=330771949
zil-app                 | 2026-05-04T14:07:33.516Z  INFO 1 --- [   scheduling-1] r.observability.ObservabilityService     : LAB9 Observability window=10s category=db.rent.findAll count=215 sumNanos=71114889163 avgNanos=330766926
zil-app                 | 2026-05-04T14:07:33.516Z  INFO 1 --- [   scheduling-1] r.observability.ObservabilityService     : LAB9 Observability window=10s category=web.CarController.getCars count=214 sumNanos=61657218624 avgNanos=288117844
zil-app                 | 2026-05-04T14:07:33.517Z  INFO 1 --- [   scheduling-1] r.observability.ObservabilityService     : LAB9 Observability window=10s category=db.car.findAll count=214 sumNanos=61656290613 avgNanos=288113507
zil-app                 | 2026-05-04T14:07:33.517Z  INFO 1 --- [   scheduling-1] r.observability.ObservabilityService     : LAB9 Observability window=30s category=web.RentController.getRents count=420 sumNanos=235852022095 avgNanos=561552433
zil-app                 | 2026-05-04T14:07:33.522Z  INFO 1 --- [   scheduling-1] r.observability.ObservabilityService     : LAB9 Observability window=30s category=db.rent.findAll count=420 sumNanos=235848319369 avgNanos=561543617
zil-app                 | 2026-05-04T14:07:33.522Z  INFO 1 --- [   scheduling-1] r.observability.ObservabilityService     : LAB9 Observability window=30s category=web.CarController.getCars count=421 sumNanos=214676956397 avgNanos=509921511
zil-app                 | 2026-05-04T14:07:33.523Z  INFO 1 --- [   scheduling-1] r.observability.ObservabilityService     : LAB9 Observability window=30s category=db.car.findAll count=421 sumNanos=214673756262 avgNanos=509913910
zil-app                 | 2026-05-04T14:07:33.523Z  INFO 1 --- [   scheduling-1] r.observability.ObservabilityService     : LAB9 Observability window=1m category=web.RentController.getRents count=421 sumNanos=236131510477 avgNanos=560882447
zil-app                 | 2026-05-04T14:07:33.524Z  INFO 1 --- [   scheduling-1] r.observability.ObservabilityService     : LAB9 Observability window=1m category=db.rent.findAll count=421 sumNanos=236127802759 avgNanos=560873640
zil-app                 | 2026-05-04T14:07:33.524Z  INFO 1 --- [   scheduling-1] r.observability.ObservabilityService     : LAB9 Observability window=1m category=web.CarController.getCars count=431 sumNanos=240053010295 avgNanos=556967541
zil-app                 | 2026-05-04T14:07:33.524Z  INFO 1 --- [   scheduling-1] r.observability.ObservabilityService     : LAB9 Observability window=1m category=db.car.findAll count=431 sumNanos=240049282331 avgNanos=556958891
zil-app                 | 2026-05-04T14:07:38.538Z  INFO 1 --- [   scheduling-1] r.observability.ObservabilityService     : LAB9 Observability window=10s category=web.RentController.getRents count=247 sumNanos=71758457684 avgNanos=290520071
zil-app                 | 2026-05-04T14:07:38.544Z  INFO 1 --- [   scheduling-1] r.observability.ObservabilityService     : LAB9 Observability window=10s category=db.rent.findAll count=247 sumNanos=71756836952 avgNanos=290513509
zil-app                 | 2026-05-04T14:07:38.547Z  INFO 1 --- [   scheduling-1] r.observability.ObservabilityService     : LAB9 Observability window=10s category=web.CarController.getCars count=248 sumNanos=63762773525 avgNanos=257107957
zil-app                 | 2026-05-04T14:07:38.552Z  INFO 1 --- [   scheduling-1] r.observability.ObservabilityService     : LAB9 Observability window=10s category=db.car.findAll count=248 sumNanos=63761689311 avgNanos=257103585
zil-app                 | 2026-05-04T14:07:38.561Z  INFO 1 --- [   scheduling-1] r.observability.ObservabilityService     : LAB9 Observability window=30s category=web.RentController.getRents count=535 sumNanos=237606689340 avgNanos=444124652
zil-app                 | 2026-05-04T14:07:38.561Z  INFO 1 --- [   scheduling-1] r.observability.ObservabilityService     : LAB9 Observability window=30s category=db.rent.findAll count=535 sumNanos=237602504618 avgNanos=444116831
zil-app                 | 2026-05-04T14:07:38.561Z  INFO 1 --- [   scheduling-1] r.observability.ObservabilityService     : LAB9 Observability window=30s category=web.CarController.getCars count=533 sumNanos=199601962161 avgNanos=374487733
zil-app                 | 2026-05-04T14:07:38.561Z  INFO 1 --- [   scheduling-1] r.observability.ObservabilityService     : LAB9 Observability window=30s category=db.car.findAll count=533 sumNanos=199598403727 avgNanos=374481057
zil-app                 | 2026-05-04T14:07:38.565Z  INFO 1 --- [   scheduling-1] r.observability.ObservabilityService     : LAB9 Observability window=1m category=web.RentController.getRents count=556 sumNanos=273197254048 avgNanos=491361967
zil-app                 | 2026-05-04T14:07:38.566Z  INFO 1 --- [   scheduling-1] r.observability.ObservabilityService     : LAB9 Observability window=1m category=db.rent.findAll count=556 sumNanos=273192526467 avgNanos=491353464
zil-app                 | 2026-05-04T14:07:38.569Z  INFO 1 --- [   scheduling-1] r.observability.ObservabilityService     : LAB9 Observability window=1m category=web.CarController.getCars count=569 sumNanos=272841752232 avgNanos=479510988
zil-app                 | 2026-05-04T14:07:38.570Z  INFO 1 --- [   scheduling-1] r.observability.ObservabilityService     : LAB9 Observability window=1m category=db.car.findAll count=569 sumNanos=272837376437 avgNanos=479503297
zil-app                 | 2026-05-04T14:07:43.615Z  INFO 1 --- [   scheduling-1] r.observability.ObservabilityService     : LAB9 Observability window=10s category=web.RentController.getRents count=291 sumNanos=71911566376 avgNanos=247118784
zil-app                 | 2026-05-04T14:07:43.630Z  INFO 1 --- [   scheduling-1] r.observability.ObservabilityService     : LAB9 Observability window=10s category=db.rent.findAll count=291 sumNanos=71853395715 avgNanos=246918885
zil-app                 | 2026-05-04T14:07:43.744Z  INFO 1 --- [   scheduling-1] r.observability.ObservabilityService     : LAB9 Observability window=10s category=web.CarController.getCars count=292 sumNanos=64591075618 avgNanos=221202313
zil-app                 | 2026-05-04T14:07:43.748Z  INFO 1 --- [   scheduling-1] r.observability.ObservabilityService     : LAB9 Observability window=10s category=db.car.findAll count=292 sumNanos=64589366041 avgNanos=221196459
zil-app                 | 2026-05-04T14:07:43.820Z  INFO 1 --- [   scheduling-1] r.observability.ObservabilityService     : LAB9 Observability window=30s category=web.RentController.getRents count=658 sumNanos=227447762555 avgNanos=345665292
zil-app                 | 2026-05-04T14:07:43.820Z  INFO 1 --- [   scheduling-1] r.observability.ObservabilityService     : LAB9 Observability window=30s category=db.rent.findAll count=658 sumNanos=227386966518 avgNanos=345572897
zil-app                 | 2026-05-04T14:07:43.820Z  INFO 1 --- [   scheduling-1] r.observability.ObservabilityService     : LAB9 Observability window=30s category=web.CarController.getCars count=660 sumNanos=198163521650 avgNanos=300247760
zil-app                 | 2026-05-04T14:07:43.820Z  INFO 1 --- [   scheduling-1] r.observability.ObservabilityService     : LAB9 Observability window=30s category=db.car.findAll count=660 sumNanos=198159266871 avgNanos=300241313
zil-app                 | 2026-05-04T14:07:43.821Z  INFO 1 --- [   scheduling-1] r.observability.ObservabilityService     : LAB9 Observability window=1m category=web.RentController.getRents count=720 sumNanos=309575689796 avgNanos=429966235
zil-app                 | 2026-05-04T14:07:43.829Z  INFO 1 --- [   scheduling-1] r.observability.ObservabilityService     : LAB9 Observability window=1m category=db.rent.findAll count=720 sumNanos=309513777409 avgNanos=429880246
zil-app                 | 2026-05-04T14:07:43.829Z  INFO 1 --- [   scheduling-1] r.observability.ObservabilityService     : LAB9 Observability window=1m category=web.CarController.getCars count=732 sumNanos=306540222766 avgNanos=418770796
zil-app                 | 2026-05-04T14:07:43.829Z  INFO 1 --- [   scheduling-1] r.observability.ObservabilityService     : LAB9 Observability window=1m category=db.car.findAll count=732 sumNanos=306534755777 avgNanos=418763327
zil-app                 | 2026-05-04T14:07:48.835Z  INFO 1 --- [   scheduling-1] r.observability.ObservabilityService     : LAB9 Observability window=10s category=web.RentController.getRents count=324 sumNanos=67980148586 avgNanos=209815273
zil-app                 | 2026-05-04T14:07:48.919Z  INFO 1 --- [   scheduling-1] r.observability.ObservabilityService     : LAB9 Observability window=10s category=db.rent.findAll count=324 sumNanos=67921006364 avgNanos=209632735
zil-app                 | 2026-05-04T14:07:48.920Z  INFO 1 --- [   scheduling-1] r.observability.ObservabilityService     : LAB9 Observability window=10s category=web.CarController.getCars count=325 sumNanos=63842197566 avgNanos=196437530
zil-app                 | 2026-05-04T14:07:48.920Z  INFO 1 --- [   scheduling-1] r.observability.ObservabilityService     : LAB9 Observability window=10s category=db.car.findAll count=325 sumNanos=63840543722 avgNanos=196432442
zil-app                 | 2026-05-04T14:07:48.921Z  INFO 1 --- [   scheduling-1] r.observability.ObservabilityService     : LAB9 Observability window=30s category=web.RentController.getRents count=764 sumNanos=214545063197 avgNanos=280818145
zil-app                 | 2026-05-04T14:07:48.930Z  INFO 1 --- [   scheduling-1] r.observability.ObservabilityService     : LAB9 Observability window=30s category=db.rent.findAll count=764 sumNanos=214482976356 avgNanos=280736880
zil-app                 | 2026-05-04T14:07:48.931Z  INFO 1 --- [   scheduling-1] r.observability.ObservabilityService     : LAB9 Observability window=30s category=web.CarController.getCars count=759 sumNanos=189446604612 avgNanos=249600269
zil-app                 | 2026-05-04T14:07:48.938Z  INFO 1 --- [   scheduling-1] r.observability.ObservabilityService     : LAB9 Observability window=30s category=db.car.findAll count=759 sumNanos=189442377910 avgNanos=249594700
zil-app                 | 2026-05-04T14:07:48.939Z  INFO 1 --- [   scheduling-1] r.observability.ObservabilityService     : LAB9 Observability window=1m category=web.RentController.getRents count=892 sumNanos=343838208218 avgNanos=385468843
zil-app                 | 2026-05-04T14:07:48.953Z  INFO 1 --- [   scheduling-1] r.observability.ObservabilityService     : LAB9 Observability window=1m category=db.rent.findAll count=892 sumNanos=343774273642 avgNanos=385397167
zil-app                 | 2026-05-04T14:07:48.953Z  INFO 1 --- [   scheduling-1] r.observability.ObservabilityService     : LAB9 Observability window=1m category=web.CarController.getCars count=905 sumNanos=338926512920 avgNanos=374504434
zil-app                 | 2026-05-04T14:07:48.953Z  INFO 1 --- [   scheduling-1] r.observability.ObservabilityService     : LAB9 Observability window=1m category=db.car.findAll count=905 sumNanos=338920420098 avgNanos=374497701
zil-app                 | 2026-05-04T14:07:54.017Z  INFO 1 --- [   scheduling-1] r.observability.ObservabilityService     : LAB9 Observability window=10s category=web.RentController.getRents count=328 sumNanos=67103091730 avgNanos=204582596
zil-app                 | 2026-05-04T14:07:54.017Z  INFO 1 --- [   scheduling-1] r.observability.ObservabilityService     : LAB9 Observability window=10s category=db.rent.findAll count=328 sumNanos=67047284231 avgNanos=204412451
zil-app                 | 2026-05-04T14:07:54.017Z  INFO 1 --- [   scheduling-1] r.observability.ObservabilityService     : LAB9 Observability window=10s category=web.CarController.getCars count=327 sumNanos=61189996796 avgNanos=187125372
zil-app                 | 2026-05-04T14:07:54.017Z  INFO 1 --- [   scheduling-1] r.observability.ObservabilityService     : LAB9 Observability window=10s category=db.car.findAll count=327 sumNanos=61187971600 avgNanos=187119179
zil-app                 | 2026-05-04T14:07:54.038Z  INFO 1 --- [   scheduling-1] r.observability.ObservabilityService     : LAB9 Observability window=30s category=web.RentController.getRents count=841 sumNanos=210476850361 avgNanos=250269738
zil-app                 | 2026-05-04T14:07:54.039Z  INFO 1 --- [   scheduling-1] r.observability.ObservabilityService     : LAB9 Observability window=30s category=db.rent.findAll count=841 sumNanos=210361776580 avgNanos=250132909
zil-app                 | 2026-05-04T14:07:54.039Z  INFO 1 --- [   scheduling-1] r.observability.ObservabilityService     : LAB9 Observability window=30s category=web.CarController.getCars count=841 sumNanos=188592288387 avgNanos=224247667
zil-app                 | 2026-05-04T14:07:54.040Z  INFO 1 --- [   scheduling-1] r.observability.ObservabilityService     : LAB9 Observability window=30s category=db.car.findAll count=841 sumNanos=188587617488 avgNanos=224242113
zil-app                 | 2026-05-04T14:07:54.117Z  INFO 1 --- [   scheduling-1] r.observability.ObservabilityService     : LAB9 Observability window=1m category=web.RentController.getRents count=1059 sumNanos=379540153582 avgNanos=358394857
zil-app                 | 2026-05-04T14:07:54.117Z  INFO 1 --- [   scheduling-1] r.observability.ObservabilityService     : LAB9 Observability window=1m category=db.rent.findAll count=1059 sumNanos=379422388122 avgNanos=358283652
zil-app                 | 2026-05-04T14:07:54.118Z  INFO 1 --- [   scheduling-1] r.observability.ObservabilityService     : LAB9 Observability window=1m category=web.CarController.getCars count=1067 sumNanos=369723685178 avgNanos=346507671
zil-app                 | 2026-05-04T14:07:54.118Z  INFO 1 --- [   scheduling-1] r.observability.ObservabilityService     : LAB9 Observability window=1m category=db.car.findAll count=1067 sumNanos=369716163403 avgNanos=346500621
zil-app                 | 2026-05-04T14:07:59.138Z  INFO 1 --- [   scheduling-1] r.observability.ObservabilityService     : LAB9 Observability window=10s category=web.RentController.getRents count=325 sumNanos=66354436057 avgNanos=204167495
zil-app                 | 2026-05-04T14:07:59.149Z  INFO 1 --- [   scheduling-1] r.observability.ObservabilityService     : LAB9 Observability window=10s category=db.rent.findAll count=325 sumNanos=66300244563 avgNanos=204000752
zil-app                 | 2026-05-04T14:07:59.149Z  INFO 1 --- [   scheduling-1] r.observability.ObservabilityService     : LAB9 Observability window=10s category=web.CarController.getCars count=321 sumNanos=60610140825 avgNanos=188816638
zil-app                 | 2026-05-04T14:07:59.149Z  INFO 1 --- [   scheduling-1] r.observability.ObservabilityService     : LAB9 Observability window=10s category=db.car.findAll count=321 sumNanos=60607966187 avgNanos=188809863
zil-app                 | 2026-05-04T14:07:59.221Z  INFO 1 --- [   scheduling-1] r.observability.ObservabilityService     : LAB9 Observability window=30s category=web.RentController.getRents count=902 sumNanos=205963232983 avgNanos=228340613
zil-app                 | 2026-05-04T14:07:59.223Z  INFO 1 --- [   scheduling-1] r.observability.ObservabilityService     : LAB9 Observability window=30s category=db.rent.findAll count=902 sumNanos=205847785116 avgNanos=228212622
zil-app                 | 2026-05-04T14:07:59.225Z  INFO 1 --- [   scheduling-1] r.observability.ObservabilityService     : LAB9 Observability window=30s category=web.CarController.getCars count=904 sumNanos=188852096080 avgNanos=208907185
zil-app                 | 2026-05-04T14:07:59.225Z  INFO 1 --- [   scheduling-1] r.observability.ObservabilityService     : LAB9 Observability window=30s category=db.car.findAll count=904 sumNanos=188847128786 avgNanos=208901691
zil-app                 | 2026-05-04T14:07:59.226Z  INFO 1 --- [   scheduling-1] r.observability.ObservabilityService     : LAB9 Observability window=1m category=web.RentController.getRents count=1225 sumNanos=412078107373 avgNanos=336390291
zil-app                 | 2026-05-04T14:07:59.226Z  INFO 1 --- [   scheduling-1] r.observability.ObservabilityService     : LAB9 Observability window=1m category=db.rent.findAll count=1225 sumNanos=411959498833 avgNanos=336293468
zil-app                 | 2026-05-04T14:07:59.226Z  INFO 1 --- [   scheduling-1] r.observability.ObservabilityService     : LAB9 Observability window=1m category=web.CarController.getCars count=1235 sumNanos=401295936208 avgNanos=324935980
zil-app                 | 2026-05-04T14:07:59.226Z  INFO 1 --- [   scheduling-1] r.observability.ObservabilityService     : LAB9 Observability window=1m category=db.car.findAll count=1235 sumNanos=401287637432 avgNanos=324929261
zil-app                 | 2026-05-04T14:08:04.231Z  INFO 1 --- [   scheduling-1] r.observability.ObservabilityService     : LAB9 Observability window=10s category=web.RentController.getRents count=331 sumNanos=63168845196 avgNanos=190842432
zil-app                 | 2026-05-04T14:08:04.254Z  INFO 1 --- [   scheduling-1] r.observability.ObservabilityService     : LAB9 Observability window=10s category=db.rent.findAll count=331 sumNanos=63151780855 avgNanos=190790878
zil-app                 | 2026-05-04T14:08:04.254Z  INFO 1 --- [   scheduling-1] r.observability.ObservabilityService     : LAB9 Observability window=10s category=web.CarController.getCars count=332 sumNanos=61317171862 avgNanos=184690276
zil-app                 | 2026-05-04T14:08:04.254Z  INFO 1 --- [   scheduling-1] r.observability.ObservabilityService     : LAB9 Observability window=10s category=db.car.findAll count=332 sumNanos=61315294037 avgNanos=184684620
zil-app                 | 2026-05-04T14:08:04.255Z  INFO 1 --- [   scheduling-1] r.observability.ObservabilityService     : LAB9 Observability window=30s category=web.RentController.getRents count=958 sumNanos=203614953723 avgNanos=212541705
zil-app                 | 2026-05-04T14:08:04.322Z  INFO 1 --- [   scheduling-1] r.observability.ObservabilityService     : LAB9 Observability window=30s category=db.rent.findAll count=958 sumNanos=203484042117 avgNanos=212405054
zil-app                 | 2026-05-04T14:08:04.322Z  INFO 1 --- [   scheduling-1] r.observability.ObservabilityService     : LAB9 Observability window=30s category=web.CarController.getCars count=955 sumNanos=187820444788 avgNanos=196670622
zil-additional-service  | 2026-05-04T12:18:18.802Z  INFO 1 --- [zil-additional-service] [   scheduling-1] r.a.observability.ObservabilityService   : LAB9 Observability window=10s category=web.additional.availability count=38 sumNanos=172776634999 avgNanos=4546753552
zil-additional-service  | 2026-05-04T12:18:18.808Z  INFO 1 --- [zil-additional-service] [   scheduling-1] r.a.observability.ObservabilityService   : LAB9 Observability window=10s category=http.main.rents count=38 sumNanos=62333151648 avgNanos=1640346096
zil-additional-service  | 2026-05-04T12:18:18.809Z  INFO 1 --- [zil-additional-service] [   scheduling-1] r.a.observability.ObservabilityService   : LAB9 Observability window=10s category=http.main.cars count=46 sumNanos=115599913975 avgNanos=2513041608
zil-additional-service  | 2026-05-04T12:18:18.809Z  INFO 1 --- [zil-additional-service] [   scheduling-1] r.a.observability.ObservabilityService   : LAB9 Observability window=10s category=additional.statsComputation.availability.cityDate count=38 sumNanos=91991532 avgNanos=2420829
zil-additional-service  | 2026-05-04T12:18:18.810Z  INFO 1 --- [zil-additional-service] [   scheduling-1] r.a.observability.ObservabilityService   : LAB9 Observability window=30s category=web.additional.availability count=38 sumNanos=172776634999 avgNanos=4546753552
zil-additional-service  | 2026-05-04T12:18:18.810Z  INFO 1 --- [zil-additional-service] [   scheduling-1] r.a.observability.ObservabilityService   : LAB9 Observability window=30s category=http.main.rents count=38 sumNanos=62333151648 avgNanos=1640346096
zil-additional-service  | 2026-05-04T12:18:18.810Z  INFO 1 --- [zil-additional-service] [   scheduling-1] r.a.observability.ObservabilityService   : LAB9 Observability window=30s category=http.main.cars count=46 sumNanos=115599913975 avgNanos=2513041608
zil-additional-service  | 2026-05-04T12:18:18.810Z  INFO 1 --- [zil-additional-service] [   scheduling-1] r.a.observability.ObservabilityService   : LAB9 Observability window=30s category=additional.statsComputation.availability.cityDate count=38 sumNanos=91991532 avgNanos=2420829
zil-additional-service  | 2026-05-04T12:18:18.810Z  INFO 1 --- [zil-additional-service] [   scheduling-1] r.a.observability.ObservabilityService   : LAB9 Observability window=1m category=web.additional.availability count=38 sumNanos=172776634999 avgNanos=4546753552
zil-additional-service  | 2026-05-04T12:18:18.810Z  INFO 1 --- [zil-additional-service] [   scheduling-1] r.a.observability.ObservabilityService   : LAB9 Observability window=1m category=http.main.rents count=38 sumNanos=62333151648 avgNanos=1640346096
zil-additional-service  | 2026-05-04T12:18:18.810Z  INFO 1 --- [zil-additional-service] [   scheduling-1] r.a.observability.ObservabilityService   : LAB9 Observability window=1m category=http.main.cars count=46 sumNanos=115599913975 avgNanos=2513041608
zil-additional-service  | 2026-05-04T12:18:18.811Z  INFO 1 --- [zil-additional-service] [   scheduling-1] r.a.observability.ObservabilityService   : LAB9 Observability window=1m category=additional.statsComputation.availability.cityDate count=38 sumNanos=91991532 avgNanos=2420829
zil-additional-service  | 2026-05-04T12:18:23.814Z  INFO 1 --- [zil-additional-service] [   scheduling-1] r.a.observability.ObservabilityService   : LAB9 Observability window=10s category=web.additional.availability count=102 sumNanos=259201739965 avgNanos=2541193529
zil-additional-service  | 2026-05-04T12:18:23.815Z  INFO 1 --- [zil-additional-service] [   scheduling-1] r.a.observability.ObservabilityService   : LAB9 Observability window=10s category=http.main.rents count=102 sumNanos=107540924682 avgNanos=1054322791
zil-additional-service  | 2026-05-04T12:18:23.815Z  INFO 1 --- [zil-additional-service] [   scheduling-1] r.a.observability.ObservabilityService   : LAB9 Observability window=10s category=http.main.cars count=101 sumNanos=105427684666 avgNanos=1043838462
zil-additional-service  | 2026-05-04T12:18:23.815Z  INFO 1 --- [zil-additional-service] [   scheduling-1] r.a.observability.ObservabilityService   : LAB9 Observability window=10s category=additional.statsComputation.availability.cityDate count=102 sumNanos=161507457 avgNanos=1583406
zil-additional-service  | 2026-05-04T12:18:23.815Z  INFO 1 --- [zil-additional-service] [   scheduling-1] r.a.observability.ObservabilityService   : LAB9 Observability window=30s category=web.additional.availability count=102 sumNanos=259201739965 avgNanos=2541193529
zil-additional-service  | 2026-05-04T12:18:23.815Z  INFO 1 --- [zil-additional-service] [   scheduling-1] r.a.observability.ObservabilityService   : LAB9 Observability window=30s category=http.main.rents count=102 sumNanos=107540924682 avgNanos=1054322791
zil-additional-service  | 2026-05-04T12:18:23.816Z  INFO 1 --- [zil-additional-service] [   scheduling-1] r.a.observability.ObservabilityService   : LAB9 Observability window=30s category=http.main.cars count=112 sumNanos=155884947016 avgNanos=1391829884
zil-additional-service  | 2026-05-04T12:18:23.816Z  INFO 1 --- [zil-additional-service] [   scheduling-1] r.a.observability.ObservabilityService   : LAB9 Observability window=30s category=additional.statsComputation.availability.cityDate count=102 sumNanos=161507457 avgNanos=1583406
zil-additional-service  | 2026-05-04T12:18:23.816Z  INFO 1 --- [zil-additional-service] [   scheduling-1] r.a.observability.ObservabilityService   : LAB9 Observability window=1m category=web.additional.availability count=102 sumNanos=259201739965 avgNanos=2541193529
zil-additional-service  | 2026-05-04T12:18:23.816Z  INFO 1 --- [zil-additional-service] [   scheduling-1] r.a.observability.ObservabilityService   : LAB9 Observability window=1m category=http.main.rents count=102 sumNanos=107540924682 avgNanos=1054322791
zil-additional-service  | 2026-05-04T12:18:23.816Z  INFO 1 --- [zil-additional-service] [   scheduling-1] r.a.observability.ObservabilityService   : LAB9 Observability window=1m category=http.main.cars count=112 sumNanos=155884947016 avgNanos=1391829884
zil-additional-service  | 2026-05-04T12:18:23.816Z  INFO 1 --- [zil-additional-service] [   scheduling-1] r.a.observability.ObservabilityService   : LAB9 Observability window=1m category=additional.statsComputation.availability.cityDate count=102 sumNanos=161507457 avgNanos=1583406
zil-additional-service  | 2026-05-04T12:18:28.819Z  INFO 1 --- [zil-additional-service] [   scheduling-1] r.a.observability.ObservabilityService   : LAB9 Observability window=10s category=web.additional.availability count=150 sumNanos=175212368936 avgNanos=1168082459
zil-additional-service  | 2026-05-04T12:18:28.820Z  INFO 1 --- [zil-additional-service] [   scheduling-1] r.a.observability.ObservabilityService   : LAB9 Observability window=10s category=http.main.rents count=150 sumNanos=91791283517 avgNanos=611941890
zil-additional-service  | 2026-05-04T12:18:28.821Z  INFO 1 --- [zil-additional-service] [   scheduling-1] r.a.observability.ObservabilityService   : LAB9 Observability window=10s category=http.main.cars count=150 sumNanos=80551675948 avgNanos=537011172
zil-additional-service  | 2026-05-04T12:18:28.822Z  INFO 1 --- [zil-additional-service] [   scheduling-1] r.a.observability.ObservabilityService   : LAB9 Observability window=10s category=additional.statsComputation.availability.cityDate count=150 sumNanos=98779242 avgNanos=658528
zil-additional-service  | 2026-05-04T12:18:28.824Z  INFO 1 --- [zil-additional-service] [   scheduling-1] r.a.observability.ObservabilityService   : LAB9 Observability window=30s category=web.additional.availability count=188 sumNanos=347989003935 avgNanos=1851005340
zil-additional-service  | 2026-05-04T12:18:28.827Z  INFO 1 --- [zil-additional-service] [   scheduling-1] r.a.observability.ObservabilityService   : LAB9 Observability window=30s category=http.main.rents count=189 sumNanos=154526425414 avgNanos=817600134
zil-additional-service  | 2026-05-04T12:18:28.827Z  INFO 1 --- [zil-additional-service] [   scheduling-1] r.a.observability.ObservabilityService   : LAB9 Observability window=30s category=http.main.cars count=198 sumNanos=196958675525 avgNanos=994740785
zil-additional-service  | 2026-05-04T12:18:28.827Z  INFO 1 --- [zil-additional-service] [   scheduling-1] r.a.observability.ObservabilityService   : LAB9 Observability window=30s category=additional.statsComputation.availability.cityDate count=188 sumNanos=190770774 avgNanos=1014738
zil-additional-service  | 2026-05-04T12:18:28.828Z  INFO 1 --- [zil-additional-service] [   scheduling-1] r.a.observability.ObservabilityService   : LAB9 Observability window=1m category=web.additional.availability count=189 sumNanos=348718362731 avgNanos=1845070702
zil-additional-service  | 2026-05-04T12:18:28.828Z  INFO 1 --- [zil-additional-service] [   scheduling-1] r.a.observability.ObservabilityService   : LAB9 Observability window=1m category=http.main.rents count=189 sumNanos=154526425414 avgNanos=817600134
zil-additional-service  | 2026-05-04T12:18:28.828Z  INFO 1 --- [zil-additional-service] [   scheduling-1] r.a.observability.ObservabilityService   : LAB9 Observability window=1m category=http.main.cars count=198 sumNanos=196958675525 avgNanos=994740785
zil-additional-service  | 2026-05-04T12:18:28.828Z  INFO 1 --- [zil-additional-service] [   scheduling-1] r.a.observability.ObservabilityService   : LAB9 Observability window=1m category=additional.statsComputation.availability.cityDate count=189 sumNanos=195042814 avgNanos=1031972
zil-additional-service  | 2026-05-04T12:18:33.830Z  INFO 1 --- [zil-additional-service] [   scheduling-1] r.a.observability.ObservabilityService   : LAB9 Observability window=10s category=web.additional.availability count=197 sumNanos=163968452104 avgNanos=832327168
zil-additional-service  | 2026-05-04T12:18:33.832Z  INFO 1 --- [zil-additional-service] [   scheduling-1] r.a.observability.ObservabilityService   : LAB9 Observability window=10s category=http.main.rents count=197 sumNanos=84794347544 avgNanos=430428160
zil-additional-service  | 2026-05-04T12:18:33.834Z  INFO 1 --- [zil-additional-service] [   scheduling-1] r.a.observability.ObservabilityService   : LAB9 Observability window=10s category=http.main.cars count=195 sumNanos=77452260308 avgNanos=397191078
zil-additional-service  | 2026-05-04T12:18:33.838Z  INFO 1 --- [zil-additional-service] [   scheduling-1] r.a.observability.ObservabilityService   : LAB9 Observability window=10s category=additional.statsComputation.availability.cityDate count=197 sumNanos=127359538 avgNanos=646495
zil-additional-service  | 2026-05-04T12:18:33.838Z  INFO 1 --- [zil-additional-service] [   scheduling-1] r.a.observability.ObservabilityService   : LAB9 Observability window=30s category=web.additional.availability count=299 sumNanos=423170192069 avgNanos=1415284923
zil-additional-service  | 2026-05-04T12:18:33.838Z  INFO 1 --- [zil-additional-service] [   scheduling-1] r.a.observability.ObservabilityService   : LAB9 Observability window=30s category=http.main.rents count=299 sumNanos=192335272226 avgNanos=643261780
zil-additional-service  | 2026-05-04T12:18:33.838Z  INFO 1 --- [zil-additional-service] [   scheduling-1] r.a.observability.ObservabilityService   : LAB9 Observability window=30s category=http.main.cars count=308 sumNanos=233717913471 avgNanos=758824394
zil-additional-service  | 2026-05-04T12:18:33.838Z  INFO 1 --- [zil-additional-service] [   scheduling-1] r.a.observability.ObservabilityService   : LAB9 Observability window=30s category=additional.statsComputation.availability.cityDate count=299 sumNanos=288866995 avgNanos=966110
zil-additional-service  | 2026-05-04T12:18:33.839Z  INFO 1 --- [zil-additional-service] [   scheduling-1] r.a.observability.ObservabilityService   : LAB9 Observability window=1m category=web.additional.availability count=299 sumNanos=423170192069 avgNanos=1415284923
zil-additional-service  | 2026-05-04T12:18:33.839Z  INFO 1 --- [zil-additional-service] [   scheduling-1] r.a.observability.ObservabilityService   : LAB9 Observability window=1m category=http.main.rents count=299 sumNanos=192335272226 avgNanos=643261780
zil-additional-service  | 2026-05-04T12:18:33.839Z  INFO 1 --- [zil-additional-service] [   scheduling-1] r.a.observability.ObservabilityService   : LAB9 Observability window=1m category=http.main.cars count=308 sumNanos=233717913471 avgNanos=758824394
zil-additional-service  | 2026-05-04T12:18:33.839Z  INFO 1 --- [zil-additional-service] [   scheduling-1] r.a.observability.ObservabilityService   : LAB9 Observability window=1m category=additional.statsComputation.availability.cityDate count=299 sumNanos=288866995 avgNanos=966110
zil-additional-service  | 2026-05-04T12:18:38.840Z  INFO 1 --- [zil-additional-service] [   scheduling-1] r.a.observability.ObservabilityService   : LAB9 Observability window=10s category=web.additional.availability count=234 sumNanos=148735699217 avgNanos=635622646
zil-additional-service  | 2026-05-04T12:18:38.844Z  INFO 1 --- [zil-additional-service] [   scheduling-1] r.a.observability.ObservabilityService   : LAB9 Observability window=10s category=http.main.rents count=234 sumNanos=74285712403 avgNanos=317460309
zil-additional-service  | 2026-05-04T12:18:38.844Z  INFO 1 --- [zil-additional-service] [   scheduling-1] r.a.observability.ObservabilityService   : LAB9 Observability window=10s category=http.main.cars count=232 sumNanos=72860097019 avgNanos=314052142
zil-additional-service  | 2026-05-04T12:18:38.845Z  INFO 1 --- [zil-additional-service] [   scheduling-1] r.a.observability.ObservabilityService   : LAB9 Observability window=10s category=additional.statsComputation.availability.cityDate count=234 sumNanos=209330525 avgNanos=894574
zil-additional-service  | 2026-05-04T12:18:38.846Z  INFO 1 --- [zil-additional-service] [   scheduling-1] r.a.observability.ObservabilityService   : LAB9 Observability window=30s category=web.additional.availability count=425 sumNanos=498600800175 avgNanos=1173178353
zil-additional-service  | 2026-05-04T12:18:38.847Z  INFO 1 --- [zil-additional-service] [   scheduling-1] r.a.observability.ObservabilityService   : LAB9 Observability window=30s category=http.main.rents count=425 sumNanos=229422468023 avgNanos=539817571
zil-additional-service  | 2026-05-04T12:18:38.848Z  INFO 1 --- [zil-additional-service] [   scheduling-1] r.a.observability.ObservabilityService   : LAB9 Observability window=30s category=http.main.cars count=430 sumNanos=269818772544 avgNanos=627485517
zil-additional-service  | 2026-05-04T12:18:38.849Z  INFO 1 --- [zil-additional-service] [   scheduling-1] r.a.observability.ObservabilityService   : LAB9 Observability window=30s category=additional.statsComputation.availability.cityDate count=425 sumNanos=404855359 avgNanos=952600
zil-additional-service  | 2026-05-04T12:18:38.851Z  INFO 1 --- [zil-additional-service] [   scheduling-1] r.a.observability.ObservabilityService   : LAB9 Observability window=1m category=web.additional.availability count=425 sumNanos=498600800175 avgNanos=1173178353
zil-additional-service  | 2026-05-04T12:18:38.851Z  INFO 1 --- [zil-additional-service] [   scheduling-1] r.a.observability.ObservabilityService   : LAB9 Observability window=1m category=http.main.rents count=425 sumNanos=229422468023 avgNanos=539817571
zil-additional-service  | 2026-05-04T12:18:38.852Z  INFO 1 --- [zil-additional-service] [   scheduling-1] r.a.observability.ObservabilityService   : LAB9 Observability window=1m category=http.main.cars count=430 sumNanos=269818772544 avgNanos=627485517
zil-additional-service  | 2026-05-04T12:18:38.852Z  INFO 1 --- [zil-additional-service] [   scheduling-1] r.a.observability.ObservabilityService   : LAB9 Observability window=1m category=additional.statsComputation.availability.cityDate count=425 sumNanos=404855359 avgNanos=952600
zil-additional-service  | 2026-05-04T12:18:43.853Z  INFO 1 --- [zil-additional-service] [   scheduling-1] r.a.observability.ObservabilityService   : LAB9 Observability window=10s category=web.additional.availability count=248 sumNanos=145462110783 avgNanos=586540769
zil-additional-service  | 2026-05-04T12:18:43.853Z  INFO 1 --- [zil-additional-service] [   scheduling-1] r.a.observability.ObservabilityService   : LAB9 Observability window=10s category=http.main.rents count=248 sumNanos=72144033535 avgNanos=290903361
zil-additional-service  | 2026-05-04T12:18:43.853Z  INFO 1 --- [zil-additional-service] [   scheduling-1] r.a.observability.ObservabilityService   : LAB9 Observability window=10s category=http.main.cars count=247 sumNanos=72046329729 avgNanos=291685545
zil-additional-service  | 2026-05-04T12:18:43.853Z  INFO 1 --- [zil-additional-service] [   scheduling-1] r.a.observability.ObservabilityService   : LAB9 Observability window=10s category=additional.statsComputation.availability.cityDate count=248 sumNanos=198669157 avgNanos=801085
zil-additional-service  | 2026-05-04T12:18:43.854Z  INFO 1 --- [zil-additional-service] [   scheduling-1] r.a.observability.ObservabilityService   : LAB9 Observability window=30s category=web.additional.availability count=549 sumNanos=570101680881 avgNanos=1038436577
zil-additional-service  | 2026-05-04T12:18:43.854Z  INFO 1 --- [zil-additional-service] [   scheduling-1] r.a.observability.ObservabilityService   : LAB9 Observability window=30s category=http.main.rents count=549 sumNanos=265100513927 avgNanos=482878896
zil-additional-service  | 2026-05-04T12:18:43.855Z  INFO 1 --- [zil-additional-service] [   scheduling-1] r.a.observability.ObservabilityService   : LAB9 Observability window=30s category=http.main.cars count=544 sumNanos=255306980850 avgNanos=469314303
zil-additional-service  | 2026-05-04T12:18:43.858Z  INFO 1 --- [zil-additional-service] [   scheduling-1] r.a.observability.ObservabilityService   : LAB9 Observability window=30s category=additional.statsComputation.availability.cityDate count=549 sumNanos=488693001 avgNanos=890151
zil-additional-service  | 2026-05-04T12:18:43.858Z  INFO 1 --- [zil-additional-service] [   scheduling-1] r.a.observability.ObservabilityService   : LAB9 Observability window=1m category=web.additional.availability count=549 sumNanos=570101680881 avgNanos=1038436577
zil-additional-service  | 2026-05-04T12:18:43.858Z  INFO 1 --- [zil-additional-service] [   scheduling-1] r.a.observability.ObservabilityService   : LAB9 Observability window=1m category=http.main.rents count=549 sumNanos=265100513927 avgNanos=482878896
zil-additional-service  | 2026-05-04T12:18:43.858Z  INFO 1 --- [zil-additional-service] [   scheduling-1] r.a.observability.ObservabilityService   : LAB9 Observability window=1m category=http.main.cars count=555 sumNanos=305764243200 avgNanos=550926564
zil-additional-service  | 2026-05-04T12:18:43.858Z  INFO 1 --- [zil-additional-service] [   scheduling-1] r.a.observability.ObservabilityService   : LAB9 Observability window=1m category=additional.statsComputation.availability.cityDate count=549 sumNanos=488693001 avgNanos=890151
zil-additional-service  | 2026-05-04T12:18:48.867Z  INFO 1 --- [zil-additional-service] [   scheduling-1] r.a.observability.ObservabilityService   : LAB9 Observability window=10s category=web.additional.availability count=246 sumNanos=137020155642 avgNanos=556992502
zil-additional-service  | 2026-05-04T12:18:48.868Z  INFO 1 --- [zil-additional-service] [   scheduling-1] r.a.observability.ObservabilityService   : LAB9 Observability window=10s category=http.main.rents count=246 sumNanos=69438804551 avgNanos=282271563
zil-additional-service  | 2026-05-04T12:18:48.868Z  INFO 1 --- [zil-additional-service] [   scheduling-1] r.a.observability.ObservabilityService   : LAB9 Observability window=10s category=http.main.cars count=247 sumNanos=68009189206 avgNanos=275340846
zil-additional-service  | 2026-05-04T12:18:48.869Z  INFO 1 --- [zil-additional-service] [   scheduling-1] r.a.observability.ObservabilityService   : LAB9 Observability window=10s category=additional.statsComputation.availability.cityDate count=246 sumNanos=175982054 avgNanos=715374
zil-additional-service  | 2026-05-04T12:18:48.871Z  INFO 1 --- [zil-additional-service] [   scheduling-1] r.a.observability.ObservabilityService   : LAB9 Observability window=30s category=web.additional.availability count=634 sumNanos=463311403064 avgNanos=730775083
zil-additional-service  | 2026-05-04T12:18:48.871Z  INFO 1 --- [zil-additional-service] [   scheduling-1] r.a.observability.ObservabilityService   : LAB9 Observability window=30s category=http.main.rents count=634 sumNanos=236687479556 avgNanos=373324100
zil-additional-service  | 2026-05-04T12:18:48.872Z  INFO 1 --- [zil-additional-service] [   scheduling-1] r.a.observability.ObservabilityService   : LAB9 Observability window=30s category=http.main.cars count=628 sumNanos=220715907660 avgNanos=351458451
zil-additional-service  | 2026-05-04T12:18:48.872Z  INFO 1 --- [zil-additional-service] [   scheduling-1] r.a.observability.ObservabilityService   : LAB9 Observability window=30s category=additional.statsComputation.availability.cityDate count=634 sumNanos=488955523 avgNanos=771223
zil-additional-service  | 2026-05-04T12:18:48.873Z  INFO 1 --- [zil-additional-service] [   scheduling-1] r.a.observability.ObservabilityService   : LAB9 Observability window=1m category=web.additional.availability count=672 sumNanos=636088038063 avgNanos=946559580
zil-additional-service  | 2026-05-04T12:18:48.873Z  INFO 1 --- [zil-additional-service] [   scheduling-1] r.a.observability.ObservabilityService   : LAB9 Observability window=1m category=http.main.rents count=672 sumNanos=299020631204 avgNanos=444971177
zil-additional-service  | 2026-05-04T12:18:48.873Z  INFO 1 --- [zil-additional-service] [   scheduling-1] r.a.observability.ObservabilityService   : LAB9 Observability window=1m category=http.main.cars count=677 sumNanos=337827961750 avgNanos=499007329
zil-additional-service  | 2026-05-04T12:18:48.873Z  INFO 1 --- [zil-additional-service] [   scheduling-1] r.a.observability.ObservabilityService   : LAB9 Observability window=1m category=additional.statsComputation.availability.cityDate count=672 sumNanos=580947055 avgNanos=864504
zil-additional-service  | 2026-05-04T12:18:53.874Z  INFO 1 --- [zil-additional-service] [   scheduling-1] r.a.observability.ObservabilityService   : LAB9 Observability window=10s category=web.additional.availability count=244 sumNanos=130670129944 avgNanos=535533319
zil-additional-service  | 2026-05-04T12:18:53.875Z  INFO 1 --- [zil-additional-service] [   scheduling-1] r.a.observability.ObservabilityService   : LAB9 Observability window=10s category=http.main.rents count=244 sumNanos=64694508759 avgNanos=265141429
zil-additional-service  | 2026-05-04T12:18:53.875Z  INFO 1 --- [zil-additional-service] [   scheduling-1] r.a.observability.ObservabilityService   : LAB9 Observability window=10s category=http.main.cars count=248 sumNanos=67190594238 avgNanos=270929815
zil-additional-service  | 2026-05-04T12:18:53.875Z  INFO 1 --- [zil-additional-service] [   scheduling-1] r.a.observability.ObservabilityService   : LAB9 Observability window=10s category=additional.statsComputation.availability.cityDate count=244 sumNanos=151444142 avgNanos=620672
zil-additional-service  | 2026-05-04T12:18:53.875Z  INFO 1 --- [zil-additional-service] [   scheduling-1] r.a.observability.ObservabilityService   : LAB9 Observability window=30s category=web.additional.availability count=691 sumNanos=441570070860 avgNanos=639030493
zil-additional-service  | 2026-05-04T12:18:53.876Z  INFO 1 --- [zil-additional-service] [   scheduling-1] r.a.observability.ObservabilityService   : LAB9 Observability window=30s category=http.main.rents count=691 sumNanos=222254098004 avgNanos=321641241
zil-additional-service  | 2026-05-04T12:18:53.876Z  INFO 1 --- [zil-additional-service] [   scheduling-1] r.a.observability.ObservabilityService   : LAB9 Observability window=30s category=http.main.cars count=690 sumNanos=216435257220 avgNanos=313674285
zil-additional-service  | 2026-05-04T12:18:53.876Z  INFO 1 --- [zil-additional-service] [   scheduling-1] r.a.observability.ObservabilityService   : LAB9 Observability window=30s category=additional.statsComputation.availability.cityDate count=691 sumNanos=478629686 avgNanos=692662
zil-additional-service  | 2026-05-04T12:18:53.876Z  INFO 1 --- [zil-additional-service] [   scheduling-1] r.a.observability.ObservabilityService   : LAB9 Observability window=1m category=web.additional.availability count=793 sumNanos=700771810825 avgNanos=883697113
zil-additional-service  | 2026-05-04T12:18:53.876Z  INFO 1 --- [zil-additional-service] [   scheduling-1] r.a.observability.ObservabilityService   : LAB9 Observability window=1m category=http.main.rents count=793 sumNanos=329795022686 avgNanos=415882752
zil-additional-service  | 2026-05-04T12:18:53.877Z  INFO 1 --- [zil-additional-service] [   scheduling-1] r.a.observability.ObservabilityService   : LAB9 Observability window=1m category=http.main.cars count=803 sumNanos=372954837438 avgNanos=464451852
zil-additional-service  | 2026-05-04T12:18:53.877Z  INFO 1 --- [zil-additional-service] [   scheduling-1] r.a.observability.ObservabilityService   : LAB9 Observability window=1m category=additional.statsComputation.availability.cityDate count=793 sumNanos=640137143 avgNanos=807234
zil-additional-service  | 2026-05-04T12:18:58.878Z  INFO 1 --- [zil-additional-service] [   scheduling-1] r.a.observability.ObservabilityService   : LAB9 Observability window=10s category=web.additional.availability count=241 sumNanos=130335331912 avgNanos=540810505
zil-additional-service  | 2026-05-04T12:18:58.878Z  INFO 1 --- [zil-additional-service] [   scheduling-1] r.a.observability.ObservabilityService   : LAB9 Observability window=10s category=http.main.rents count=241 sumNanos=63658347507 avgNanos=264142520
zil-additional-service  | 2026-05-04T12:18:58.878Z  INFO 1 --- [zil-additional-service] [   scheduling-1] r.a.observability.ObservabilityService   : LAB9 Observability window=10s category=http.main.cars count=239 sumNanos=65751877854 avgNanos=275112459
zil-additional-service  | 2026-05-04T12:18:58.878Z  INFO 1 --- [zil-additional-service] [   scheduling-1] r.a.observability.ObservabilityService   : LAB9 Observability window=10s category=additional.statsComputation.availability.cityDate count=241 sumNanos=88371062 avgNanos=366684
zil-additional-service  | 2026-05-04T12:18:58.878Z  INFO 1 --- [zil-additional-service] [   scheduling-1] r.a.observability.ObservabilityService   : LAB9 Observability window=30s category=web.additional.availability count=721 sumNanos=415870671639 avgNanos=576797048
zil-additional-service  | 2026-05-04T12:18:58.878Z  INFO 1 --- [zil-additional-service] [   scheduling-1] r.a.observability.ObservabilityService   : LAB9 Observability window=30s category=http.main.rents count=721 sumNanos=207210083319 avgNanos=287392625
zil-additional-service  | 2026-05-04T12:18:58.878Z  INFO 1 --- [zil-additional-service] [   scheduling-1] r.a.observability.ObservabilityService   : LAB9 Observability window=30s category=http.main.cars count=718 sumNanos=206621164079 avgNanos=287773209
zil-additional-service  | 2026-05-04T12:18:58.878Z  INFO 1 --- [zil-additional-service] [   scheduling-1] r.a.observability.ObservabilityService   : LAB9 Observability window=30s category=additional.statsComputation.availability.cityDate count=721 sumNanos=473663685 avgNanos=656953
zil-additional-service  | 2026-05-04T12:18:58.878Z  INFO 1 --- [zil-additional-service] [   scheduling-1] r.a.observability.ObservabilityService   : LAB9 Observability window=1m category=web.additional.availability count=913 sumNanos=766423369975 avgNanos=839456045
zil-additional-service  | 2026-05-04T12:18:58.878Z  INFO 1 --- [zil-additional-service] [   scheduling-1] r.a.observability.ObservabilityService   : LAB9 Observability window=1m category=http.main.rents count=913 sumNanos=362678978711 avgNanos=397238749
zil-additional-service  | 2026-05-04T12:18:58.879Z  INFO 1 --- [zil-additional-service] [   scheduling-1] r.a.observability.ObservabilityService   : LAB9 Observability window=1m category=http.main.cars count=916 sumNanos=403579839604 avgNanos=440589344
zil-additional-service  | 2026-05-04T12:18:58.879Z  INFO 1 --- [zil-additional-service] [   scheduling-1] r.a.observability.ObservabilityService   : LAB9 Observability window=1m category=additional.statsComputation.availability.cityDate count=913 sumNanos=669318117 avgNanos=733097
zil-additional-service  | 2026-05-04T12:19:03.880Z  INFO 1 --- [zil-additional-service] [   scheduling-1] r.a.observability.ObservabilityService   : LAB9 Observability window=10s category=web.additional.availability count=221 sumNanos=124939370170 avgNanos=565336516
zil-additional-service  | 2026-05-04T12:19:03.880Z  INFO 1 --- [zil-additional-service] [   scheduling-1] r.a.observability.ObservabilityService   : LAB9 Observability window=10s category=http.main.rents count=221 sumNanos=61713918884 avgNanos=279248501
zil-additional-service  | 2026-05-04T12:19:03.880Z  INFO 1 --- [zil-additional-service] [   scheduling-1] r.a.observability.ObservabilityService   : LAB9 Observability window=10s category=http.main.cars count=220 sumNanos=63052946382 avgNanos=286604301
zil-additional-service  | 2026-05-04T12:19:03.880Z  INFO 1 --- [zil-additional-service] [   scheduling-1] r.a.observability.ObservabilityService   : LAB9 Observability window=10s category=additional.statsComputation.availability.cityDate count=221 sumNanos=62651435 avgNanos=283490
zil-additional-service  | 2026-05-04T12:19:03.881Z  INFO 1 --- [zil-additional-service] [   scheduling-1] r.a.observability.ObservabilityService   : LAB9 Observability window=30s category=web.additional.availability count=713 sumNanos=401071610897 avgNanos=562512778
zil-additional-service  | 2026-05-04T12:19:03.881Z  INFO 1 --- [zil-additional-service] [   scheduling-1] r.a.observability.ObservabilityService   : LAB9 Observability window=30s category=http.main.rents count=713 sumNanos=198552461178 avgNanos=278474700
zil-additional-service  | 2026-05-04T12:19:03.881Z  INFO 1 --- [zil-additional-service] [   scheduling-1] r.a.observability.ObservabilityService   : LAB9 Observability window=30s category=http.main.cars count=715 sumNanos=202289870349 avgNanos=282922895
zil-additional-service  | 2026-05-04T12:19:03.881Z  INFO 1 --- [zil-additional-service] [   scheduling-1] r.a.observability.ObservabilityService   : LAB9 Observability window=30s category=additional.statsComputation.availability.cityDate count=713 sumNanos=412764734 avgNanos=578912
zil-additional-service  | 2026-05-04T12:19:03.881Z  INFO 1 --- [zil-additional-service] [   scheduling-1] r.a.observability.ObservabilityService   : LAB9 Observability window=1m category=web.additional.availability count=1014 sumNanos=825711180995 avgNanos=814310829
zil-additional-service  | 2026-05-04T12:19:03.881Z  INFO 1 --- [zil-additional-service] [   scheduling-1] r.a.observability.ObservabilityService   : LAB9 Observability window=1m category=http.main.rents count=1014 sumNanos=391508941570 avgNanos=386103492
zil-additional-service  | 2026-05-04T12:19:03.881Z  INFO 1 --- [zil-additional-service] [   scheduling-1] r.a.observability.ObservabilityService   : LAB9 Observability window=1m category=http.main.cars count=1023 sumNanos=436007783820 avgNanos=426205067
zil-additional-service  | 2026-05-04T12:19:03.881Z  INFO 1 --- [zil-additional-service] [   scheduling-1] r.a.observability.ObservabilityService   : LAB9 Observability window=1m category=additional.statsComputation.availability.cityDate count=1014 sumNanos=702788578 avgNanos=693085
zil-additional-service  | 2026-05-04T12:19:08.882Z  INFO 1 --- [zil-additional-service] [   scheduling-1] r.a.observability.ObservabilityService   : LAB9 Observability window=10s category=web.additional.availability count=205 sumNanos=122176687110 avgNanos=595983839
zil-additional-service  | 2026-05-04T12:19:08.882Z  INFO 1 --- [zil-additional-service] [   scheduling-1] r.a.observability.ObservabilityService   : LAB9 Observability window=10s category=http.main.rents count=205 sumNanos=59066856589 avgNanos=288131007
zil-additional-service  | 2026-05-04T12:19:08.883Z  INFO 1 --- [zil-additional-service] [   scheduling-1] r.a.observability.ObservabilityService   : LAB9 Observability window=10s category=http.main.cars count=205 sumNanos=62982076521 avgNanos=307229641
zil-additional-service  | 2026-05-04T12:19:08.883Z  INFO 1 --- [zil-additional-service] [   scheduling-1] r.a.observability.ObservabilityService   : LAB9 Observability window=10s category=additional.statsComputation.availability.cityDate count=205 sumNanos=68277992 avgNanos=333063
zil-additional-service  | 2026-05-04T12:19:08.883Z  INFO 1 --- [zil-additional-service] [   scheduling-1] r.a.observability.ObservabilityService   : LAB9 Observability window=30s category=web.additional.availability count=693 sumNanos=389999256910 avgNanos=562769490
zil-additional-service  | 2026-05-04T12:19:08.883Z  INFO 1 --- [zil-additional-service] [   scheduling-1] r.a.observability.ObservabilityService   : LAB9 Observability window=30s category=http.main.rents count=693 sumNanos=192323367277 avgNanos=277522896
zil-additional-service  | 2026-05-04T12:19:08.884Z  INFO 1 --- [zil-additional-service] [   scheduling-1] r.a.observability.ObservabilityService   : LAB9 Observability window=30s category=http.main.cars count=691 sumNanos=196743143581 avgNanos=284722349
zil-additional-service  | 2026-05-04T12:19:08.886Z  INFO 1 --- [zil-additional-service] [   scheduling-1] r.a.observability.ObservabilityService   : LAB9 Observability window=30s category=additional.statsComputation.availability.cityDate count=693 sumNanos=332740750 avgNanos=480145
zil-additional-service  | 2026-05-04T12:19:08.887Z  INFO 1 --- [zil-additional-service] [   scheduling-1] r.a.observability.ObservabilityService   : LAB9 Observability window=1m category=web.additional.availability count=1118 sumNanos=888600057085 avgNanos=794812215
zil-additional-service  | 2026-05-04T12:19:08.887Z  INFO 1 --- [zil-additional-service] [   scheduling-1] r.a.observability.ObservabilityService   : LAB9 Observability window=1m category=http.main.rents count=1118 sumNanos=421745835300 avgNanos=377232410
zil-additional-service  | 2026-05-04T12:19:08.888Z  INFO 1 --- [zil-additional-service] [   scheduling-1] r.a.observability.ObservabilityService   : LAB9 Observability window=1m category=http.main.cars count=1121 sumNanos=466561916125 avgNanos=416201530
zil-additional-service  | 2026-05-04T12:19:08.888Z  INFO 1 --- [zil-additional-service] [   scheduling-1] r.a.observability.ObservabilityService   : LAB9 Observability window=1m category=additional.statsComputation.availability.cityDate count=1118 sumNanos=737596109 avgNanos=659746
zil-additional-service  | 2026-05-04T12:19:13.889Z  INFO 1 --- [zil-additional-service] [   scheduling-1] r.a.observability.ObservabilityService   : LAB9 Observability window=10s category=web.additional.availability count=217 sumNanos=118427194514 avgNanos=545747440
zil-additional-service  | 2026-05-04T12:19:13.889Z  INFO 1 --- [zil-additional-service] [   scheduling-1] r.a.observability.ObservabilityService   : LAB9 Observability window=10s category=http.main.rents count=217 sumNanos=56937886418 avgNanos=262386573
zil-additional-service  | 2026-05-04T12:19:13.889Z  INFO 1 --- [zil-additional-service] [   scheduling-1] r.a.observability.ObservabilityService   : LAB9 Observability window=10s category=http.main.cars count=213 sumNanos=60111967928 avgNanos=282215811
zil-additional-service  | 2026-05-04T12:19:13.889Z  INFO 1 --- [zil-additional-service] [   scheduling-1] r.a.observability.ObservabilityService   : LAB9 Observability window=10s category=additional.statsComputation.availability.cityDate count=217 sumNanos=78998860 avgNanos=364050
zil-additional-service  | 2026-05-04T12:19:13.890Z  INFO 1 --- [zil-additional-service] [   scheduling-1] r.a.observability.ObservabilityService   : LAB9 Observability window=30s category=web.additional.availability count=682 sumNanos=374036694628 avgNanos=548440901
zil-additional-service  | 2026-05-04T12:19:13.890Z  INFO 1 --- [zil-additional-service] [   scheduling-1] r.a.observability.ObservabilityService   : LAB9 Observability window=30s category=http.main.rents count=682 sumNanos=183346314061 avgNanos=268836237
zil-additional-service  | 2026-05-04T12:19:13.890Z  INFO 1 --- [zil-additional-service] [   scheduling-1] r.a.observability.ObservabilityService   : LAB9 Observability window=30s category=http.main.cars count=681 sumNanos=190355508548 avgNanos=279523507
zil-additional-service  | 2026-05-04T12:19:13.890Z  INFO 1 --- [zil-additional-service] [   scheduling-1] r.a.observability.ObservabilityService   : LAB9 Observability window=30s category=additional.statsComputation.availability.cityDate count=682 sumNanos=293094437 avgNanos=429757
zil-additional-service  | 2026-05-04T12:19:13.890Z  INFO 1 --- [zil-additional-service] [   scheduling-1] r.a.observability.ObservabilityService   : LAB9 Observability window=1m category=web.additional.availability count=1231 sumNanos=944138375509 avgNanos=766968623
zil-additional-service  | 2026-05-04T12:19:13.890Z  INFO 1 --- [zil-additional-service] [   scheduling-1] r.a.observability.ObservabilityService   : LAB9 Observability window=1m category=http.main.rents count=1231 sumNanos=448446827988 avgNanos=364294742
zil-additional-service  | 2026-05-04T12:19:13.890Z  INFO 1 --- [zil-additional-service] [   scheduling-1] r.a.observability.ObservabilityService   : LAB9 Observability window=1m category=http.main.cars count=1225 sumNanos=445662489398 avgNanos=363806113
zil-additional-service  | 2026-05-04T12:19:13.890Z  INFO 1 --- [zil-additional-service] [   scheduling-1] r.a.observability.ObservabilityService   : LAB9 Observability window=1m category=additional.statsComputation.availability.cityDate count=1231 sumNanos=781787438 avgNanos=635083
zil-additional-service  | 2026-05-04T12:19:18.891Z  INFO 1 --- [zil-additional-service] [   scheduling-1] r.a.observability.ObservabilityService   : LAB9 Observability window=10s category=web.additional.availability count=230 sumNanos=111054063051 avgNanos=482843752
zil-additional-service  | 2026-05-04T12:19:18.891Z  INFO 1 --- [zil-additional-service] [   scheduling-1] r.a.observability.ObservabilityService   : LAB9 Observability window=10s category=http.main.rents count=230 sumNanos=53307269860 avgNanos=231770738
zil-additional-service  | 2026-05-04T12:19:18.892Z  INFO 1 --- [zil-additional-service] [   scheduling-1] r.a.observability.ObservabilityService   : LAB9 Observability window=10s category=http.main.cars count=231 sumNanos=57706844559 avgNanos=249813179
zil-additional-service  | 2026-05-04T12:19:18.892Z  INFO 1 --- [zil-additional-service] [   scheduling-1] r.a.observability.ObservabilityService   : LAB9 Observability window=10s category=additional.statsComputation.availability.cityDate count=230 sumNanos=80195893 avgNanos=348677
zil-additional-service  | 2026-05-04T12:19:18.892Z  INFO 1 --- [zil-additional-service] [   scheduling-1] r.a.observability.ObservabilityService   : LAB9 Observability window=30s category=web.additional.availability count=676 sumNanos=363566082073 avgNanos=537819648
zil-additional-service  | 2026-05-04T12:19:18.892Z  INFO 1 --- [zil-additional-service] [   scheduling-1] r.a.observability.ObservabilityService   : LAB9 Observability window=30s category=http.main.rents count=676 sumNanos=176032473956 avgNanos=260403067
zil-additional-service  | 2026-05-04T12:19:18.892Z  INFO 1 --- [zil-additional-service] [   scheduling-1] r.a.observability.ObservabilityService   : LAB9 Observability window=30s category=http.main.cars count=675 sumNanos=186440798934 avgNanos=276208591
zil-additional-service  | 2026-05-04T12:19:18.893Z  INFO 1 --- [zil-additional-service] [   scheduling-1] r.a.observability.ObservabilityService   : LAB9 Observability window=30s category=additional.statsComputation.availability.cityDate count=676 sumNanos=236844947 avgNanos=350362
zil-additional-service  | 2026-05-04T12:19:18.893Z  INFO 1 --- [zil-additional-service] [   scheduling-1] r.a.observability.ObservabilityService   : LAB9 Observability window=1m category=web.additional.availability count=1310 sumNanos=826877485137 avgNanos=631204187
zil-additional-service  | 2026-05-04T12:19:18.893Z  INFO 1 --- [zil-additional-service] [   scheduling-1] r.a.observability.ObservabilityService   : LAB9 Observability window=1m category=http.main.rents count=1310 sumNanos=412719953512 avgNanos=315053399
zil-additional-service  | 2026-05-04T12:19:18.893Z  INFO 1 --- [zil-additional-service] [   scheduling-1] r.a.observability.ObservabilityService   : LAB9 Observability window=1m category=http.main.cars count=1303 sumNanos=407156706594 avgNanos=312476367
zil-additional-service  | 2026-05-04T12:19:18.893Z  INFO 1 --- [zil-additional-service] [   scheduling-1] r.a.observability.ObservabilityService   : LAB9 Observability window=1m category=additional.statsComputation.availability.cityDate count=1310 sumNanos=725800470 avgNanos=554046
zil-additional-service  | 2026-05-04T12:19:23.896Z  INFO 1 --- [zil-additional-service] [   scheduling-1] r.a.observability.ObservabilityService   : LAB9 Observability window=10s category=web.additional.availability count=231 sumNanos=110815262269 avgNanos=479719750
zil-additional-service  | 2026-05-04T12:19:23.898Z  INFO 1 --- [zil-additional-service] [   scheduling-1] r.a.observability.ObservabilityService   : LAB9 Observability window=10s category=http.main.rents count=231 sumNanos=53708435691 avgNanos=232504050
zil-additional-service  | 2026-05-04T12:19:23.898Z  INFO 1 --- [zil-additional-service] [   scheduling-1] r.a.observability.ObservabilityService   : LAB9 Observability window=10s category=http.main.cars count=234 sumNanos=57415709931 avgNanos=245366281
zil-additional-service  | 2026-05-04T12:19:23.898Z  INFO 1 --- [zil-additional-service] [   scheduling-1] r.a.observability.ObservabilityService   : LAB9 Observability window=10s category=additional.statsComputation.availability.cityDate count=231 sumNanos=74208038 avgNanos=321246
zil-additional-service  | 2026-05-04T12:19:23.898Z  INFO 1 --- [zil-additional-service] [   scheduling-1] r.a.observability.ObservabilityService   : LAB9 Observability window=30s category=web.additional.availability count=669 sumNanos=354181826953 avgNanos=529419771
zil-additional-service  | 2026-05-04T12:19:23.899Z  INFO 1 --- [zil-additional-service] [   scheduling-1] r.a.observability.ObservabilityService   : LAB9 Observability window=30s category=http.main.rents count=669 sumNanos=172360240993 avgNanos=257638626
zil-additional-service  | 2026-05-04T12:19:23.899Z  INFO 1 --- [zil-additional-service] [   scheduling-1] r.a.observability.ObservabilityService   : LAB9 Observability window=30s category=http.main.cars count=667 sumNanos=180580624241 avgNanos=270735568
zil-additional-service  | 2026-05-04T12:19:23.899Z  INFO 1 --- [zil-additional-service] [   scheduling-1] r.a.observability.ObservabilityService   : LAB9 Observability window=30s category=additional.statsComputation.availability.cityDate count=669 sumNanos=215858333 avgNanos=322658
zil-additional-service  | 2026-05-04T12:19:23.902Z  INFO 1 --- [zil-additional-service] [   scheduling-1] r.a.observability.ObservabilityService   : LAB9 Observability window=1m category=web.additional.availability count=1360 sumNanos=795751897813 avgNanos=585111689
zil-additional-service  | 2026-05-04T12:19:23.902Z  INFO 1 --- [zil-additional-service] [   scheduling-1] r.a.observability.ObservabilityService   : LAB9 Observability window=1m category=http.main.rents count=1361 sumNanos=394777459461 avgNanos=290064261
zil-additional-service  | 2026-05-04T12:19:23.902Z  INFO 1 --- [zil-additional-service] [   scheduling-1] r.a.observability.ObservabilityService   : LAB9 Observability window=1m category=http.main.cars count=1357 sumNanos=397015881461 avgNanos=292568814
zil-additional-service  | 2026-05-04T12:19:23.902Z  INFO 1 --- [zil-additional-service] [   scheduling-1] r.a.observability.ObservabilityService   : LAB9 Observability window=1m category=additional.statsComputation.availability.cityDate count=1360 sumNanos=694488019 avgNanos=510652
zil-additional-service  | 2026-05-04T12:19:28.903Z  INFO 1 --- [zil-additional-service] [   scheduling-1] r.a.observability.ObservabilityService   : LAB9 Observability window=10s category=web.additional.availability count=234 sumNanos=111186573026 avgNanos=475156294
zil-additional-service  | 2026-05-04T12:19:28.903Z  INFO 1 --- [zil-additional-service] [   scheduling-1] r.a.observability.ObservabilityService   : LAB9 Observability window=10s category=http.main.rents count=234 sumNanos=54518315071 avgNanos=232984252
zil-additional-service  | 2026-05-04T12:19:28.903Z  INFO 1 --- [zil-additional-service] [   scheduling-1] r.a.observability.ObservabilityService   : LAB9 Observability window=10s category=http.main.cars count=237 sumNanos=57258659013 avgNanos=241597717
zil-additional-service  | 2026-05-04T12:19:28.903Z  INFO 1 --- [zil-additional-service] [   scheduling-1] r.a.observability.ObservabilityService   : LAB9 Observability window=10s category=additional.statsComputation.availability.cityDate count=234 sumNanos=83205857 avgNanos=355580
zil-additional-service  | 2026-05-04T12:19:28.904Z  INFO 1 --- [zil-additional-service] [   scheduling-1] r.a.observability.ObservabilityService   : LAB9 Observability window=30s category=web.additional.availability count=669 sumNanos=344417323187 avgNanos=514824100
zil-additional-service  | 2026-05-04T12:19:28.904Z  INFO 1 --- [zil-additional-service] [   scheduling-1] r.a.observability.ObservabilityService   : LAB9 Observability window=30s category=http.main.rents count=669 sumNanos=166892441520 avgNanos=249465532
zil-additional-service  | 2026-05-04T12:19:28.904Z  INFO 1 --- [zil-additional-service] [   scheduling-1] r.a.observability.ObservabilityService   : LAB9 Observability window=30s category=http.main.cars count=673 sumNanos=177947580093 avgNanos=264409480
zil-additional-service  | 2026-05-04T12:19:28.904Z  INFO 1 --- [zil-additional-service] [   scheduling-1] r.a.observability.ObservabilityService   : LAB9 Observability window=30s category=additional.statsComputation.availability.cityDate count=669 sumNanos=231679742 avgNanos=346307
zil-additional-service  | 2026-05-04T12:19:28.904Z  INFO 1 --- [zil-additional-service] [   scheduling-1] r.a.observability.ObservabilityService   : LAB9 Observability window=1m category=web.additional.availability count=1390 sumNanos=760287994826 avgNanos=546969780
zil-additional-service  | 2026-05-04T12:19:28.904Z  INFO 1 --- [zil-additional-service] [   scheduling-1] r.a.observability.ObservabilityService   : LAB9 Observability window=1m category=http.main.rents count=1390 sumNanos=374102524839 avgNanos=269138507
zil-additional-service  | 2026-05-04T12:19:28.904Z  INFO 1 --- [zil-additional-service] [   scheduling-1] r.a.observability.ObservabilityService   : LAB9 Observability window=1m category=http.main.cars count=1391 sumNanos=384568744172 avgNanos=276469262
zil-additional-service  | 2026-05-04T12:19:28.904Z  INFO 1 --- [zil-additional-service] [   scheduling-1] r.a.observability.ObservabilityService   : LAB9 Observability window=1m category=additional.statsComputation.availability.cityDate count=1390 sumNanos=705343427 avgNanos=507441
zil-additional-service  | 2026-05-04T12:19:33.905Z  INFO 1 --- [zil-additional-service] [   scheduling-1] r.a.observability.ObservabilityService   : LAB9 Observability window=10s category=web.additional.availability count=238 sumNanos=111166462619 avgNanos=467085977
zil-additional-service  | 2026-05-04T12:19:33.906Z  INFO 1 --- [zil-additional-service] [   scheduling-1] r.a.observability.ObservabilityService   : LAB9 Observability window=10s category=http.main.rents count=237 sumNanos=54681979211 avgNanos=230725650
zil-additional-service  | 2026-05-04T12:19:33.907Z  INFO 1 --- [zil-additional-service] [   scheduling-1] r.a.observability.ObservabilityService   : LAB9 Observability window=10s category=http.main.cars count=234 sumNanos=54899313021 avgNanos=234612448
zil-additional-service  | 2026-05-04T12:19:33.908Z  INFO 1 --- [zil-additional-service] [   scheduling-1] r.a.observability.ObservabilityService   : LAB9 Observability window=10s category=additional.statsComputation.availability.cityDate count=238 sumNanos=91760733 avgNanos=385549
zil-additional-service  | 2026-05-04T12:19:33.908Z  INFO 1 --- [zil-additional-service] [   scheduling-1] r.a.observability.ObservabilityService   : LAB9 Observability window=30s category=web.additional.availability count=687 sumNanos=340763289941 avgNanos=496016433
zil-additional-service  | 2026-05-04T12:19:33.908Z  INFO 1 --- [zil-additional-service] [   scheduling-1] r.a.observability.ObservabilityService   : LAB9 Observability window=30s category=http.main.rents count=687 sumNanos=165952261034 avgNanos=241560787
zil-additional-service  | 2026-05-04T12:19:33.909Z  INFO 1 --- [zil-additional-service] [   scheduling-1] r.a.observability.ObservabilityService   : LAB9 Observability window=30s category=http.main.cars count=681 sumNanos=172426990880 avgNanos=253196756
zil-additional-service  | 2026-05-04T12:19:33.909Z  INFO 1 --- [zil-additional-service] [   scheduling-1] r.a.observability.ObservabilityService   : LAB9 Observability window=30s category=additional.statsComputation.availability.cityDate count=687 sumNanos=245774729 avgNanos=357750
zil-additional-service  | 2026-05-04T12:19:33.910Z  INFO 1 --- [zil-additional-service] [   scheduling-1] r.a.observability.ObservabilityService   : LAB9 Observability window=1m category=web.additional.availability count=1400 sumNanos=741834900838 avgNanos=529882072
zil-additional-service  | 2026-05-04T12:19:33.910Z  INFO 1 --- [zil-additional-service] [   scheduling-1] r.a.observability.ObservabilityService   : LAB9 Observability window=1m category=http.main.rents count=1400 sumNanos=364504722212 avgNanos=260360515
zil-additional-service  | 2026-05-04T12:19:33.911Z  INFO 1 --- [zil-additional-service] [   scheduling-1] r.a.observability.ObservabilityService   : LAB9 Observability window=1m category=http.main.cars count=1396 sumNanos=374716861229 avgNanos=268421820
zil-additional-service  | 2026-05-04T12:19:33.911Z  INFO 1 --- [zil-additional-service] [   scheduling-1] r.a.observability.ObservabilityService   : LAB9 Observability window=1m category=additional.statsComputation.availability.cityDate count=1400 sumNanos=658539463 avgNanos=470385
zil-additional-service  | 2026-05-04T12:19:38.924Z  INFO 1 --- [zil-additional-service] [   scheduling-1] r.a.observability.ObservabilityService   : LAB9 Observability window=10s category=web.additional.availability count=234 sumNanos=110164439132 avgNanos=470788201
zil-additional-service  | 2026-05-04T12:19:38.925Z  INFO 1 --- [zil-additional-service] [   scheduling-1] r.a.observability.ObservabilityService   : LAB9 Observability window=10s category=http.main.rents count=234 sumNanos=54642547783 avgNanos=233515161
zil-additional-service  | 2026-05-04T12:19:38.925Z  INFO 1 --- [zil-additional-service] [   scheduling-1] r.a.observability.ObservabilityService   : LAB9 Observability window=10s category=http.main.cars count=232 sumNanos=55316897150 avgNanos=238434901
zil-additional-service  | 2026-05-04T12:19:38.925Z  INFO 1 --- [zil-additional-service] [   scheduling-1] r.a.observability.ObservabilityService   : LAB9 Observability window=10s category=additional.statsComputation.availability.cityDate count=234 sumNanos=108699594 avgNanos=464528
zil-additional-service  | 2026-05-04T12:19:38.925Z  INFO 1 --- [zil-additional-service] [   scheduling-1] r.a.observability.ObservabilityService   : LAB9 Observability window=30s category=web.additional.availability count=698 sumNanos=332405075209 avgNanos=476225036
zil-additional-service  | 2026-05-04T12:19:38.925Z  INFO 1 --- [zil-additional-service] [   scheduling-1] r.a.observability.ObservabilityService   : LAB9 Observability window=30s category=http.main.rents count=698 sumNanos=162468132714 avgNanos=232762367
zil-additional-service  | 2026-05-04T12:19:38.925Z  INFO 1 --- [zil-additional-service] [   scheduling-1] r.a.observability.ObservabilityService   : LAB9 Observability window=30s category=http.main.cars count=700 sumNanos=170139568445 avgNanos=243056526
zil-additional-service  | 2026-05-04T12:19:38.925Z  INFO 1 --- [zil-additional-service] [   scheduling-1] r.a.observability.ObservabilityService   : LAB9 Observability window=30s category=additional.statsComputation.availability.cityDate count=698 sumNanos=272101344 avgNanos=389830
zil-additional-service  | 2026-05-04T12:19:38.925Z  INFO 1 --- [zil-additional-service] [   scheduling-1] r.a.observability.ObservabilityService   : LAB9 Observability window=1m category=web.additional.availability count=1391 sumNanos=722404332119 avgNanos=519341719
zil-additional-service  | 2026-05-04T12:19:38.926Z  INFO 1 --- [zil-additional-service] [   scheduling-1] r.a.observability.ObservabilityService   : LAB9 Observability window=1m category=http.main.rents count=1391 sumNanos=354791499991 avgNanos=255062185
zil-additional-service  | 2026-05-04T12:19:38.928Z  INFO 1 --- [zil-additional-service] [   scheduling-1] r.a.observability.ObservabilityService   : LAB9 Observability window=1m category=http.main.cars count=1392 sumNanos=367185988921 avgNanos=263783038
zil-additional-service  | 2026-05-04T12:19:38.928Z  INFO 1 --- [zil-additional-service] [   scheduling-1] r.a.observability.ObservabilityService   : LAB9 Observability window=1m category=additional.statsComputation.availability.cityDate count=1391 sumNanos=604842094 avgNanos=434825
zil-additional-service  | 2026-05-04T12:19:43.929Z  INFO 1 --- [zil-additional-service] [   scheduling-1] r.a.observability.ObservabilityService   : LAB9 Observability window=10s category=web.additional.availability count=227 sumNanos=110970417260 avgNanos=488856463
zil-additional-service  | 2026-05-04T12:19:43.929Z  INFO 1 --- [zil-additional-service] [   scheduling-1] r.a.observability.ObservabilityService   : LAB9 Observability window=10s category=http.main.rents count=227 sumNanos=54081160223 avgNanos=238242996
zil-additional-service  | 2026-05-04T12:19:43.929Z  INFO 1 --- [zil-additional-service] [   scheduling-1] r.a.observability.ObservabilityService   : LAB9 Observability window=10s category=http.main.cars count=230 sumNanos=57392139765 avgNanos=249531042
zil-additional-service  | 2026-05-04T12:19:43.929Z  INFO 1 --- [zil-additional-service] [   scheduling-1] r.a.observability.ObservabilityService   : LAB9 Observability window=10s category=additional.statsComputation.availability.cityDate count=227 sumNanos=107640327 avgNanos=474186
zil-additional-service  | 2026-05-04T12:19:43.929Z  INFO 1 --- [zil-additional-service] [   scheduling-1] r.a.observability.ObservabilityService   : LAB9 Observability window=30s category=web.additional.availability count=697 sumNanos=333291452769 avgNanos=478179989
zil-additional-service  | 2026-05-04T12:19:43.929Z  INFO 1 --- [zil-additional-service] [   scheduling-1] r.a.observability.ObservabilityService   : LAB9 Observability window=30s category=http.main.rents count=697 sumNanos=163046828320 avgNanos=233926582
zil-additional-service  | 2026-05-04T12:19:43.929Z  INFO 1 --- [zil-additional-service] [   scheduling-1] r.a.observability.ObservabilityService   : LAB9 Observability window=30s category=http.main.cars count=698 sumNanos=169707162717 avgNanos=243133470
zil-additional-service  | 2026-05-04T12:19:43.930Z  INFO 1 --- [zil-additional-service] [   scheduling-1] r.a.observability.ObservabilityService   : LAB9 Observability window=30s category=additional.statsComputation.availability.cityDate count=697 sumNanos=274294667 avgNanos=393536
zil-additional-service  | 2026-05-04T12:19:43.931Z  INFO 1 --- [zil-additional-service] [   scheduling-1] r.a.observability.ObservabilityService   : LAB9 Observability window=1m category=web.additional.availability count=1379 sumNanos=707306060949 avgNanos=512912299
zil-additional-service  | 2026-05-04T12:19:43.931Z  INFO 1 --- [zil-additional-service] [   scheduling-1] r.a.observability.ObservabilityService   : LAB9 Observability window=1m category=http.main.rents count=1379 sumNanos=346341600722 avgNanos=251154170
zil-additional-service  | 2026-05-04T12:19:43.932Z  INFO 1 --- [zil-additional-service] [   scheduling-1] r.a.observability.ObservabilityService   : LAB9 Observability window=1m category=http.main.cars count=1377 sumNanos=359556737588 avgNanos=261116004
zil-additional-service  | 2026-05-04T12:19:43.932Z  INFO 1 --- [zil-additional-service] [   scheduling-1] r.a.observability.ObservabilityService   : LAB9 Observability window=1m category=additional.statsComputation.availability.cityDate count=1379 sumNanos=567342075 avgNanos=411415
zil-additional-service  | 2026-05-04T12:19:48.933Z  INFO 1 --- [zil-additional-service] [   scheduling-1] r.a.observability.ObservabilityService   : LAB9 Observability window=10s category=web.additional.availability count=227 sumNanos=111270761232 avgNanos=490179564
zil-additional-service  | 2026-05-04T12:19:48.933Z  INFO 1 --- [zil-additional-service] [   scheduling-1] r.a.observability.ObservabilityService   : LAB9 Observability window=10s category=http.main.rents count=227 sumNanos=54108189841 avgNanos=238362069
zil-additional-service  | 2026-05-04T12:19:48.933Z  INFO 1 --- [zil-additional-service] [   scheduling-1] r.a.observability.ObservabilityService   : LAB9 Observability window=10s category=http.main.cars count=230 sumNanos=58510794455 avgNanos=254394758
zil-additional-service  | 2026-05-04T12:19:48.933Z  INFO 1 --- [zil-additional-service] [   scheduling-1] r.a.observability.ObservabilityService   : LAB9 Observability window=10s category=additional.statsComputation.availability.cityDate count=227 sumNanos=94776081 avgNanos=417515
zil-additional-service  | 2026-05-04T12:19:48.934Z  INFO 1 --- [zil-additional-service] [   scheduling-1] r.a.observability.ObservabilityService   : LAB9 Observability window=30s category=web.additional.availability count=695 sumNanos=332621773390 avgNanos=478592479
zil-additional-service  | 2026-05-04T12:19:48.934Z  INFO 1 --- [zil-additional-service] [   scheduling-1] r.a.observability.ObservabilityService   : LAB9 Observability window=30s category=http.main.rents count=695 sumNanos=163269052695 avgNanos=234919500
zil-additional-service  | 2026-05-04T12:19:48.934Z  INFO 1 --- [zil-additional-service] [   scheduling-1] r.a.observability.ObservabilityService   : LAB9 Observability window=30s category=http.main.cars count=699 sumNanos=171056495968 avgNanos=244716017
zil-additional-service  | 2026-05-04T12:19:48.934Z  INFO 1 --- [zil-additional-service] [   scheduling-1] r.a.observability.ObservabilityService   : LAB9 Observability window=30s category=additional.statsComputation.availability.cityDate count=695 sumNanos=286681532 avgNanos=412491
zil-additional-service  | 2026-05-04T12:19:48.935Z  INFO 1 --- [zil-additional-service] [   scheduling-1] r.a.observability.ObservabilityService   : LAB9 Observability window=1m category=web.additional.availability count=1369 sumNanos=694814260678 avgNanos=507534156
zil-additional-service  | 2026-05-04T12:19:48.935Z  INFO 1 --- [zil-additional-service] [   scheduling-1] r.a.observability.ObservabilityService   : LAB9 Observability window=1m category=http.main.rents count=1369 sumNanos=338847486317 avgNanos=247514599
zil-additional-service  | 2026-05-04T12:19:48.935Z  INFO 1 --- [zil-additional-service] [   scheduling-1] r.a.observability.ObservabilityService   : LAB9 Observability window=1m category=http.main.cars count=1373 sumNanos=357133193061 avgNanos=260111575
zil-additional-service  | 2026-05-04T12:19:48.935Z  INFO 1 --- [zil-additional-service] [   scheduling-1] r.a.observability.ObservabilityService   : LAB9 Observability window=1m category=additional.statsComputation.availability.cityDate count=1369 sumNanos=523192595 avgNanos=382171
zil-additional-service  | 2026-05-04T12:19:53.939Z  INFO 1 --- [zil-additional-service] [   scheduling-1] r.a.observability.ObservabilityService   : LAB9 Observability window=10s category=web.additional.availability count=239 sumNanos=121051662667 avgNanos=506492312
zil-additional-service  | 2026-05-04T12:19:53.941Z  INFO 1 --- [zil-additional-service] [   scheduling-1] r.a.observability.ObservabilityService   : LAB9 Observability window=10s category=http.main.rents count=239 sumNanos=58731509253 avgNanos=245738532
zil-additional-service  | 2026-05-04T12:19:53.941Z  INFO 1 --- [zil-additional-service] [   scheduling-1] r.a.observability.ObservabilityService   : LAB9 Observability window=10s category=http.main.cars count=241 sumNanos=62644282393 avgNanos=259934781
zil-app                 | 2026-05-04T14:08:04.322Z  INFO 1 --- [   scheduling-1] r.observability.ObservabilityService     : LAB9 Observability window=30s category=db.car.findAll count=955 sumNanos=187814811804 avgNanos=196664724
zil-app                 | 2026-05-04T14:08:04.323Z  INFO 1 --- [   scheduling-1] r.observability.ObservabilityService     : LAB9 Observability window=1m category=web.RentController.getRents count=1399 sumNanos=444579217571 avgNanos=317783572
zil-app                 | 2026-05-04T14:08:04.323Z  INFO 1 --- [   scheduling-1] r.observability.ObservabilityService     : LAB9 Observability window=1m category=db.rent.findAll count=1399 sumNanos=444444339486 avgNanos=317687161
zil-app                 | 2026-05-04T14:08:04.323Z  INFO 1 --- [   scheduling-1] r.observability.ObservabilityService     : LAB9 Observability window=1m category=web.CarController.getCars count=1385 sumNanos=374771931544 avgNanos=270593452
zil-app                 | 2026-05-04T14:08:04.323Z  INFO 1 --- [   scheduling-1] r.observability.ObservabilityService     : LAB9 Observability window=1m category=db.car.findAll count=1385 sumNanos=374763109093 avgNanos=270587082
zil-app                 | 2026-05-04T14:08:09.364Z  INFO 1 --- [   scheduling-1] r.observability.ObservabilityService     : LAB9 Observability window=10s category=web.RentController.getRents count=345 sumNanos=64499795773 avgNanos=186955929
zil-app                 | 2026-05-04T14:08:09.428Z  INFO 1 --- [   scheduling-1] r.observability.ObservabilityService     : LAB9 Observability window=10s category=db.rent.findAll count=345 sumNanos=64481652777 avgNanos=186903341
zil-app                 | 2026-05-04T14:08:09.428Z  INFO 1 --- [   scheduling-1] r.observability.ObservabilityService     : LAB9 Observability window=10s category=web.CarController.getCars count=343 sumNanos=62647892386 avgNanos=182646916
zil-app                 | 2026-05-04T14:08:09.428Z  INFO 1 --- [   scheduling-1] r.observability.ObservabilityService     : LAB9 Observability window=10s category=db.car.findAll count=343 sumNanos=62645596731 avgNanos=182640223
zil-app                 | 2026-05-04T14:08:09.429Z  INFO 1 --- [   scheduling-1] r.observability.ObservabilityService     : LAB9 Observability window=30s category=web.RentController.getRents count=991 sumNanos=197855436388 avgNanos=199652307
zil-app                 | 2026-05-04T14:08:09.429Z  INFO 1 --- [   scheduling-1] r.observability.ObservabilityService     : LAB9 Observability window=30s category=db.rent.findAll count=991 sumNanos=197723541570 avgNanos=199519214
zil-app                 | 2026-05-04T14:08:09.429Z  INFO 1 --- [   scheduling-1] r.observability.ObservabilityService     : LAB9 Observability window=30s category=web.CarController.getCars count=989 sumNanos=187624299758 avgNanos=189711122
zil-app                 | 2026-05-04T14:08:09.429Z  INFO 1 --- [   scheduling-1] r.observability.ObservabilityService     : LAB9 Observability window=30s category=db.car.findAll count=989 sumNanos=187618182894 avgNanos=189704937
zil-app                 | 2026-05-04T14:08:09.430Z  INFO 1 --- [   scheduling-1] r.observability.ObservabilityService     : LAB9 Observability window=1m category=web.RentController.getRents count=1547 sumNanos=435326319297 avgNanos=281400335
zil-app                 | 2026-05-04T14:08:09.516Z  INFO 1 --- [   scheduling-1] r.observability.ObservabilityService     : LAB9 Observability window=1m category=db.rent.findAll count=1547 sumNanos=435190157975 avgNanos=281312319
zil-app                 | 2026-05-04T14:08:09.516Z  INFO 1 --- [   scheduling-1] r.observability.ObservabilityService     : LAB9 Observability window=1m category=web.CarController.getCars count=1541 sumNanos=387352824415 avgNanos=251364584
zil-app                 | 2026-05-04T14:08:09.516Z  INFO 1 --- [   scheduling-1] r.observability.ObservabilityService     : LAB9 Observability window=1m category=db.car.findAll count=1541 sumNanos=387343090793 avgNanos=251358267
zil-app                 | 2026-05-04T14:08:14.520Z  INFO 1 --- [   scheduling-1] r.observability.ObservabilityService     : LAB9 Observability window=10s category=web.RentController.getRents count=360 sumNanos=68077952926 avgNanos=189105424
zil-app                 | 2026-05-04T14:08:14.520Z  INFO 1 --- [   scheduling-1] r.observability.ObservabilityService     : LAB9 Observability window=10s category=db.rent.findAll count=360 sumNanos=68074743693 avgNanos=189096510
zil-app                 | 2026-05-04T14:08:14.520Z  INFO 1 --- [   scheduling-1] r.observability.ObservabilityService     : LAB9 Observability window=10s category=web.CarController.getCars count=359 sumNanos=63927042486 avgNanos=178069756
zil-app                 | 2026-05-04T14:08:14.520Z  INFO 1 --- [   scheduling-1] r.observability.ObservabilityService     : LAB9 Observability window=10s category=db.car.findAll count=359 sumNanos=63924969151 avgNanos=178063980
zil-app                 | 2026-05-04T14:08:14.521Z  INFO 1 --- [   scheduling-1] r.observability.ObservabilityService     : LAB9 Observability window=30s category=web.RentController.getRents count=1024 sumNanos=199307999043 avgNanos=194636717
zil-app                 | 2026-05-04T14:08:14.521Z  INFO 1 --- [   scheduling-1] r.observability.ObservabilityService     : LAB9 Observability window=30s category=db.rent.findAll count=1024 sumNanos=199231889971 avgNanos=194562392
zil-app                 | 2026-05-04T14:08:14.522Z  INFO 1 --- [   scheduling-1] r.observability.ObservabilityService     : LAB9 Observability window=30s category=web.CarController.getCars count=1018 sumNanos=186667296733 avgNanos=183366696
zil-app                 | 2026-05-04T14:08:14.523Z  INFO 1 --- [   scheduling-1] r.observability.ObservabilityService     : LAB9 Observability window=30s category=db.car.findAll count=1018 sumNanos=186661303802 avgNanos=183360809
zil-app                 | 2026-05-04T14:08:14.526Z  INFO 1 --- [   scheduling-1] r.observability.ObservabilityService     : LAB9 Observability window=1m category=web.RentController.getRents count=1697 sumNanos=428184342699 avgNanos=252318410
zil-app                 | 2026-05-04T14:08:14.527Z  INFO 1 --- [   scheduling-1] r.observability.ObservabilityService     : LAB9 Observability window=1m category=db.rent.findAll count=1697 sumNanos=428047397284 avgNanos=252237712
zil-app                 | 2026-05-04T14:08:14.533Z  INFO 1 --- [   scheduling-1] r.observability.ObservabilityService     : LAB9 Observability window=1m category=web.CarController.getCars count=1694 sumNanos=383853084187 avgNanos=226595681
zil-app                 | 2026-05-04T14:08:14.536Z  INFO 1 --- [   scheduling-1] r.observability.ObservabilityService     : LAB9 Observability window=1m category=db.car.findAll count=1694 sumNanos=383842815049 avgNanos=226589619
zil-app                 | 2026-05-04T14:08:19.547Z  INFO 1 --- [   scheduling-1] r.observability.ObservabilityService     : LAB9 Observability window=10s category=web.RentController.getRents count=376 sumNanos=70041170113 avgNanos=186279707
zil-app                 | 2026-05-04T14:08:19.570Z  INFO 1 --- [   scheduling-1] r.observability.ObservabilityService     : LAB9 Observability window=10s category=db.rent.findAll count=376 sumNanos=70038780823 avgNanos=186273353
zil-app                 | 2026-05-04T14:08:19.570Z  INFO 1 --- [   scheduling-1] r.observability.ObservabilityService     : LAB9 Observability window=10s category=web.CarController.getCars count=378 sumNanos=65148633413 avgNanos=172350882
zil-app                 | 2026-05-04T14:08:19.570Z  INFO 1 --- [   scheduling-1] r.observability.ObservabilityService     : LAB9 Observability window=10s category=db.car.findAll count=378 sumNanos=65146980254 avgNanos=172346508
zil-app                 | 2026-05-04T14:08:19.570Z  INFO 1 --- [   scheduling-1] r.observability.ObservabilityService     : LAB9 Observability window=30s category=web.RentController.getRents count=1047 sumNanos=200469569580 avgNanos=191470458
zil-app                 | 2026-05-04T14:08:19.570Z  INFO 1 --- [   scheduling-1] r.observability.ObservabilityService     : LAB9 Observability window=30s category=db.rent.findAll count=1047 sumNanos=200394868686 avgNanos=191399110
zil-app                 | 2026-05-04T14:08:19.570Z  INFO 1 --- [   scheduling-1] r.observability.ObservabilityService     : LAB9 Observability window=30s category=web.CarController.getCars count=1045 sumNanos=189036545639 avgNanos=180896215
zil-app                 | 2026-05-04T14:08:19.571Z  INFO 1 --- [   scheduling-1] r.observability.ObservabilityService     : LAB9 Observability window=30s category=db.car.findAll count=1045 sumNanos=189030422715 avgNanos=180890356
zil-app                 | 2026-05-04T14:08:19.571Z  INFO 1 --- [   scheduling-1] r.observability.ObservabilityService     : LAB9 Observability window=1m category=web.RentController.getRents count=1817 sumNanos=412136773378 avgNanos=226822660
zil-app                 | 2026-05-04T14:08:19.571Z  INFO 1 --- [   scheduling-1] r.observability.ObservabilityService     : LAB9 Observability window=1m category=db.rent.findAll count=1817 sumNanos=411999549303 avgNanos=226747137
zil-app                 | 2026-05-04T14:08:19.618Z  INFO 1 --- [   scheduling-1] r.observability.ObservabilityService     : LAB9 Observability window=1m category=web.CarController.getCars count=1819 sumNanos=379896867431 avgNanos=208849294
zil-app                 | 2026-05-04T14:08:19.618Z  INFO 1 --- [   scheduling-1] r.observability.ObservabilityService     : LAB9 Observability window=1m category=db.car.findAll count=1819 sumNanos=379886497514 avgNanos=208843594
zil-app                 | 2026-05-04T14:08:24.621Z  INFO 1 --- [   scheduling-1] r.observability.ObservabilityService     : LAB9 Observability window=10s category=web.RentController.getRents count=393 sumNanos=70024617067 avgNanos=178179687
zil-app                 | 2026-05-04T14:08:24.621Z  INFO 1 --- [   scheduling-1] r.observability.ObservabilityService     : LAB9 Observability window=10s category=db.rent.findAll count=393 sumNanos=70022278136 avgNanos=178173735
zil-app                 | 2026-05-04T14:08:24.621Z  INFO 1 --- [   scheduling-1] r.observability.ObservabilityService     : LAB9 Observability window=10s category=web.CarController.getCars count=392 sumNanos=64267307605 avgNanos=163947213
zil-app                 | 2026-05-04T14:08:24.621Z  INFO 1 --- [   scheduling-1] r.observability.ObservabilityService     : LAB9 Observability window=10s category=db.car.findAll count=392 sumNanos=64257498606 avgNanos=163922190
zil-app                 | 2026-05-04T14:08:24.622Z  INFO 1 --- [   scheduling-1] r.observability.ObservabilityService     : LAB9 Observability window=30s category=web.RentController.getRents count=1084 sumNanos=201925292861 avgNanos=186277945
zil-app                 | 2026-05-04T14:08:24.623Z  INFO 1 --- [   scheduling-1] r.observability.ObservabilityService     : LAB9 Observability window=30s category=db.rent.findAll count=1084 sumNanos=201902691907 avgNanos=186257095
zil-app                 | 2026-05-04T14:08:24.623Z  INFO 1 --- [   scheduling-1] r.observability.ObservabilityService     : LAB9 Observability window=30s category=web.CarController.getCars count=1082 sumNanos=189988932845 avgNanos=175590510
zil-app                 | 2026-05-04T14:08:24.623Z  INFO 1 --- [   scheduling-1] r.observability.ObservabilityService     : LAB9 Observability window=30s category=db.car.findAll count=1082 sumNanos=189975132460 avgNanos=175577756
zil-app                 | 2026-05-04T14:08:24.624Z  INFO 1 --- [   scheduling-1] r.observability.ObservabilityService     : LAB9 Observability window=1m category=web.RentController.getRents count=1934 sumNanos=412032488376 avgNanos=213046788
zil-app                 | 2026-05-04T14:08:24.625Z  INFO 1 --- [   scheduling-1] r.observability.ObservabilityService     : LAB9 Observability window=1m category=db.rent.findAll count=1934 sumNanos=411894775370 avgNanos=212975581
zil-app                 | 2026-05-04T14:08:24.625Z  INFO 1 --- [   scheduling-1] r.observability.ObservabilityService     : LAB9 Observability window=1m category=web.CarController.getCars count=1928 sumNanos=377458201740 avgNanos=195777075
zil-app                 | 2026-05-04T14:08:24.627Z  INFO 1 --- [   scheduling-1] r.observability.ObservabilityService     : LAB9 Observability window=1m category=db.car.findAll count=1928 sumNanos=377439717385 avgNanos=195767488
zil-app                 | 2026-05-04T14:08:29.630Z  INFO 1 --- [   scheduling-1] r.observability.ObservabilityService     : LAB9 Observability window=10s category=web.RentController.getRents count=402 sumNanos=70287086415 avgNanos=174843498
zil-app                 | 2026-05-04T14:08:29.647Z  INFO 1 --- [   scheduling-1] r.observability.ObservabilityService     : LAB9 Observability window=10s category=db.rent.findAll count=402 sumNanos=70278179569 avgNanos=174821342
zil-app                 | 2026-05-04T14:08:29.650Z  INFO 1 --- [   scheduling-1] r.observability.ObservabilityService     : LAB9 Observability window=10s category=web.CarController.getCars count=400 sumNanos=63539141496 avgNanos=158847853
zil-app                 | 2026-05-04T14:08:29.650Z  INFO 1 --- [   scheduling-1] r.observability.ObservabilityService     : LAB9 Observability window=10s category=db.car.findAll count=400 sumNanos=63529020760 avgNanos=158822551
zil-app                 | 2026-05-04T14:08:29.651Z  INFO 1 --- [   scheduling-1] r.observability.ObservabilityService     : LAB9 Observability window=30s category=web.RentController.getRents count=1123 sumNanos=204321616595 avgNanos=181942668
zil-app                 | 2026-05-04T14:08:29.652Z  INFO 1 --- [   scheduling-1] r.observability.ObservabilityService     : LAB9 Observability window=30s category=db.rent.findAll count=1123 sumNanos=204292175625 avgNanos=181916452
zil-app                 | 2026-05-04T14:08:29.653Z  INFO 1 --- [   scheduling-1] r.observability.ObservabilityService     : LAB9 Observability window=30s category=web.CarController.getCars count=1128 sumNanos=192182548485 avgNanos=170374599
zil-app                 | 2026-05-04T14:08:29.654Z  INFO 1 --- [   scheduling-1] r.observability.ObservabilityService     : LAB9 Observability window=30s category=db.car.findAll count=1128 sumNanos=192168456081 avgNanos=170362106
zil-app                 | 2026-05-04T14:08:29.657Z  INFO 1 --- [   scheduling-1] r.observability.ObservabilityService     : LAB9 Observability window=1m category=web.RentController.getRents count=2026 sumNanos=409695854547 avgNanos=202219079
zil-app                 | 2026-05-04T14:08:29.716Z  INFO 1 --- [   scheduling-1] r.observability.ObservabilityService     : LAB9 Observability window=1m category=db.rent.findAll count=2026 sumNanos=409551100725 avgNanos=202147631
zil-app                 | 2026-05-04T14:08:29.717Z  INFO 1 --- [   scheduling-1] r.observability.ObservabilityService     : LAB9 Observability window=1m category=web.CarController.getCars count=2032 sumNanos=380823601433 avgNanos=187413189
zil-app                 | 2026-05-04T14:08:29.719Z  INFO 1 --- [   scheduling-1] r.observability.ObservabilityService     : LAB9 Observability window=1m category=db.car.findAll count=2032 sumNanos=380804549991 avgNanos=187403813
zil-app                 | 2026-05-04T14:08:34.734Z  INFO 1 --- [   scheduling-1] r.observability.ObservabilityService     : LAB9 Observability window=10s category=web.RentController.getRents count=396 sumNanos=70144469595 avgNanos=177132498
zil-app                 | 2026-05-04T14:08:34.747Z  INFO 1 --- [   scheduling-1] r.observability.ObservabilityService     : LAB9 Observability window=10s category=db.rent.findAll count=396 sumNanos=70135404317 avgNanos=177109606
zil-app                 | 2026-05-04T14:08:34.747Z  INFO 1 --- [   scheduling-1] r.observability.ObservabilityService     : LAB9 Observability window=10s category=web.CarController.getCars count=399 sumNanos=65388109630 avgNanos=163879974
zil-app                 | 2026-05-04T14:08:34.747Z  INFO 1 --- [   scheduling-1] r.observability.ObservabilityService     : LAB9 Observability window=10s category=db.car.findAll count=399 sumNanos=65385891106 avgNanos=163874413
zil-app                 | 2026-05-04T14:08:34.748Z  INFO 1 --- [   scheduling-1] r.observability.ObservabilityService     : LAB9 Observability window=30s category=web.RentController.getRents count=1153 sumNanos=208759445980 avgNanos=181057628
zil-app                 | 2026-05-04T14:08:34.753Z  INFO 1 --- [   scheduling-1] r.observability.ObservabilityService     : LAB9 Observability window=30s category=db.rent.findAll count=1153 sumNanos=208744844159 avgNanos=181044964
zil-app                 | 2026-05-04T14:08:34.754Z  INFO 1 --- [   scheduling-1] r.observability.ObservabilityService     : LAB9 Observability window=30s category=web.CarController.getCars count=1153 sumNanos=193774132114 avgNanos=168060825
zil-app                 | 2026-05-04T14:08:34.760Z  INFO 1 --- [   scheduling-1] r.observability.ObservabilityService     : LAB9 Observability window=30s category=db.car.findAll count=1153 sumNanos=193760085623 avgNanos=168048643
zil-app                 | 2026-05-04T14:08:34.761Z  INFO 1 --- [   scheduling-1] r.observability.ObservabilityService     : LAB9 Observability window=1m category=web.RentController.getRents count=2111 sumNanos=410920077331 avgNanos=194656597
zil-app                 | 2026-05-04T14:08:34.761Z  INFO 1 --- [   scheduling-1] r.observability.ObservabilityService     : LAB9 Observability window=1m category=db.rent.findAll count=2111 sumNanos=410774575732 avgNanos=194587672
zil-app                 | 2026-05-04T14:08:34.761Z  INFO 1 --- [   scheduling-1] r.observability.ObservabilityService     : LAB9 Observability window=1m category=web.CarController.getCars count=2115 sumNanos=383174524231 avgNanos=181169987
zil-app                 | 2026-05-04T14:08:34.761Z  INFO 1 --- [   scheduling-1] r.observability.ObservabilityService     : LAB9 Observability window=1m category=db.car.findAll count=2115 sumNanos=383154720884 avgNanos=181160624
zil-app                 | 2026-05-04T14:08:39.818Z  INFO 1 --- [   scheduling-1] r.observability.ObservabilityService     : LAB9 Observability window=10s category=web.RentController.getRents count=413 sumNanos=70849274494 avgNanos=171547880
zil-app                 | 2026-05-04T14:08:39.820Z  INFO 1 --- [   scheduling-1] r.observability.ObservabilityService     : LAB9 Observability window=10s category=db.rent.findAll count=413 sumNanos=70847359366 avgNanos=171543243
zil-app                 | 2026-05-04T14:08:39.821Z  INFO 1 --- [   scheduling-1] r.observability.ObservabilityService     : LAB9 Observability window=10s category=web.CarController.getCars count=413 sumNanos=66703955901 avgNanos=161510789
zil-app                 | 2026-05-04T14:08:39.821Z  INFO 1 --- [   scheduling-1] r.observability.ObservabilityService     : LAB9 Observability window=10s category=db.car.findAll count=413 sumNanos=66702262107 avgNanos=161506687
zil-app                 | 2026-05-04T14:08:39.821Z  INFO 1 --- [   scheduling-1] r.observability.ObservabilityService     : LAB9 Observability window=30s category=web.RentController.getRents count=1189 sumNanos=211090979107 avgNanos=177536567
zil-app                 | 2026-05-04T14:08:39.822Z  INFO 1 --- [   scheduling-1] r.observability.ObservabilityService     : LAB9 Observability window=30s category=db.rent.findAll count=1189 sumNanos=211077791554 avgNanos=177525476
zil-app                 | 2026-05-04T14:08:39.822Z  INFO 1 --- [   scheduling-1] r.observability.ObservabilityService     : LAB9 Observability window=30s category=web.CarController.getCars count=1194 sumNanos=196398250652 avgNanos=164487647
zil-app                 | 2026-05-04T14:08:39.822Z  INFO 1 --- [   scheduling-1] r.observability.ObservabilityService     : LAB9 Observability window=30s category=db.car.findAll count=1194 sumNanos=196384787151 avgNanos=164476371
zil-app                 | 2026-05-04T14:08:39.823Z  INFO 1 --- [   scheduling-1] r.observability.ObservabilityService     : LAB9 Observability window=1m category=web.RentController.getRents count=2184 sumNanos=408130030980 avgNanos=186872724
zil-app                 | 2026-05-04T14:08:39.823Z  INFO 1 --- [   scheduling-1] r.observability.ObservabilityService     : LAB9 Observability window=1m category=db.rent.findAll count=2184 sumNanos=407984985609 avgNanos=186806312
zil-app                 | 2026-05-04T14:08:39.823Z  INFO 1 --- [   scheduling-1] r.observability.ObservabilityService     : LAB9 Observability window=1m category=web.CarController.getCars count=2187 sumNanos=383875876235 avgNanos=175526235
zil-app                 | 2026-05-04T14:08:39.824Z  INFO 1 --- [   scheduling-1] r.observability.ObservabilityService     : LAB9 Observability window=1m category=db.car.findAll count=2187 sumNanos=383856271052 avgNanos=175517270
zil-app                 | 2026-05-04T14:08:44.829Z  INFO 1 --- [   scheduling-1] r.observability.ObservabilityService     : LAB9 Observability window=10s category=web.RentController.getRents count=417 sumNanos=70417025878 avgNanos=168865769
zil-app                 | 2026-05-04T14:08:44.831Z  INFO 1 --- [   scheduling-1] r.observability.ObservabilityService     : LAB9 Observability window=10s category=db.rent.findAll count=417 sumNanos=70415989474 avgNanos=168863284
zil-app                 | 2026-05-04T14:08:44.832Z  INFO 1 --- [   scheduling-1] r.observability.ObservabilityService     : LAB9 Observability window=10s category=web.CarController.getCars count=411 sumNanos=68148028039 avgNanos=165810287
zil-app                 | 2026-05-04T14:08:44.835Z  INFO 1 --- [   scheduling-1] r.observability.ObservabilityService     : LAB9 Observability window=10s category=db.car.findAll count=411 sumNanos=68146960025 avgNanos=165807688
zil-app                 | 2026-05-04T14:08:44.837Z  INFO 1 --- [   scheduling-1] r.observability.ObservabilityService     : LAB9 Observability window=30s category=web.RentController.getRents count=1206 sumNanos=210404102546 avgNanos=174464429
zil-app                 | 2026-05-04T14:08:44.838Z  INFO 1 --- [   scheduling-1] r.observability.ObservabilityService     : LAB9 Observability window=30s category=db.rent.findAll count=1206 sumNanos=210391661838 avgNanos=174454114
zil-app                 | 2026-05-04T14:08:44.838Z  INFO 1 --- [   scheduling-1] r.observability.ObservabilityService     : LAB9 Observability window=30s category=web.CarController.getCars count=1203 sumNanos=198380579742 avgNanos=164904887
zil-app                 | 2026-05-04T14:08:44.838Z  INFO 1 --- [   scheduling-1] r.observability.ObservabilityService     : LAB9 Observability window=30s category=db.car.findAll count=1203 sumNanos=198367489792 avgNanos=164894006
zil-app                 | 2026-05-04T14:08:44.840Z  INFO 1 --- [   scheduling-1] r.observability.ObservabilityService     : LAB9 Observability window=1m category=web.RentController.getRents count=2227 sumNanos=408039115562 avgNanos=183223671
zil-app                 | 2026-05-04T14:08:44.842Z  INFO 1 --- [   scheduling-1] r.observability.ObservabilityService     : LAB9 Observability window=1m category=db.rent.findAll count=2227 sumNanos=407950585733 avgNanos=183183918
zil-app                 | 2026-05-04T14:08:44.847Z  INFO 1 --- [   scheduling-1] r.observability.ObservabilityService     : LAB9 Observability window=1m category=web.CarController.getCars count=2229 sumNanos=385537997560 avgNanos=172964557
zil-app                 | 2026-05-04T14:08:44.847Z  INFO 1 --- [   scheduling-1] r.observability.ObservabilityService     : LAB9 Observability window=1m category=db.car.findAll count=2229 sumNanos=385518850837 avgNanos=172955967
zil-app                 | 2026-05-04T14:08:49.850Z  INFO 1 --- [   scheduling-1] r.observability.ObservabilityService     : LAB9 Observability window=10s category=web.RentController.getRents count=419 sumNanos=70758190373 avgNanos=168873962
zil-app                 | 2026-05-04T14:08:49.850Z  INFO 1 --- [   scheduling-1] r.observability.ObservabilityService     : LAB9 Observability window=10s category=db.rent.findAll count=419 sumNanos=70757158434 avgNanos=168871499
zil-app                 | 2026-05-04T14:08:49.850Z  INFO 1 --- [   scheduling-1] r.observability.ObservabilityService     : LAB9 Observability window=10s category=web.CarController.getCars count=417 sumNanos=69543558718 avgNanos=166771124
zil-app                 | 2026-05-04T14:08:49.850Z  INFO 1 --- [   scheduling-1] r.observability.ObservabilityService     : LAB9 Observability window=10s category=db.car.findAll count=417 sumNanos=69542641823 avgNanos=166768925
zil-app                 | 2026-05-04T14:08:49.850Z  INFO 1 --- [   scheduling-1] r.observability.ObservabilityService     : LAB9 Observability window=30s category=web.RentController.getRents count=1230 sumNanos=210464581182 avgNanos=171109415
zil-app                 | 2026-05-04T14:08:49.850Z  INFO 1 --- [   scheduling-1] r.observability.ObservabilityService     : LAB9 Observability window=30s category=db.rent.findAll count=1230 sumNanos=210452762096 avgNanos=171099806
zil-app                 | 2026-05-04T14:08:49.850Z  INFO 1 --- [   scheduling-1] r.observability.ObservabilityService     : LAB9 Observability window=30s category=web.CarController.getCars count=1231 sumNanos=200237386874 avgNanos=162662377
zil-app                 | 2026-05-04T14:08:49.850Z  INFO 1 --- [   scheduling-1] r.observability.ObservabilityService     : LAB9 Observability window=30s category=db.car.findAll count=1231 sumNanos=200224661879 avgNanos=162652040
zil-app                 | 2026-05-04T14:08:49.851Z  INFO 1 --- [   scheduling-1] r.observability.ObservabilityService     : LAB9 Observability window=1m category=web.RentController.getRents count=2280 sumNanos=411144930669 avgNanos=180326723
zil-app                 | 2026-05-04T14:08:49.851Z  INFO 1 --- [   scheduling-1] r.observability.ObservabilityService     : LAB9 Observability window=1m category=db.rent.findAll count=2280 sumNanos=411058425123 avgNanos=180288782
zil-app                 | 2026-05-04T14:08:49.851Z  INFO 1 --- [   scheduling-1] r.observability.ObservabilityService     : LAB9 Observability window=1m category=web.CarController.getCars count=2279 sumNanos=389475524255 avgNanos=170897553
zil-app                 | 2026-05-04T14:08:49.851Z  INFO 1 --- [   scheduling-1] r.observability.ObservabilityService     : LAB9 Observability window=1m category=db.car.findAll count=2279 sumNanos=389456693217 avgNanos=170889290
zil-app                 | 2026-05-04T14:08:54.853Z  INFO 1 --- [   scheduling-1] r.observability.ObservabilityService     : LAB9 Observability window=10s category=web.RentController.getRents count=438 sumNanos=71694730079 avgNanos=163686598
zil-app                 | 2026-05-04T14:08:54.854Z  INFO 1 --- [   scheduling-1] r.observability.ObservabilityService     : LAB9 Observability window=10s category=db.rent.findAll count=438 sumNanos=71693709250 avgNanos=163684267
zil-app                 | 2026-05-04T14:08:54.857Z  INFO 1 --- [   scheduling-1] r.observability.ObservabilityService     : LAB9 Observability window=10s category=web.CarController.getCars count=444 sumNanos=69046719728 avgNanos=155510630
zil-app                 | 2026-05-04T14:08:54.857Z  INFO 1 --- [   scheduling-1] r.observability.ObservabilityService     : LAB9 Observability window=10s category=db.car.findAll count=444 sumNanos=69045329521 avgNanos=155507498
zil-app                 | 2026-05-04T14:08:54.857Z  INFO 1 --- [   scheduling-1] r.observability.ObservabilityService     : LAB9 Observability window=30s category=web.RentController.getRents count=1251 sumNanos=212272892682 avgNanos=169682568
zil-app                 | 2026-05-04T14:08:54.915Z  INFO 1 --- [   scheduling-1] r.observability.ObservabilityService     : LAB9 Observability window=30s category=db.rent.findAll count=1251 sumNanos=212261770899 avgNanos=169673677
zil-app                 | 2026-05-04T14:08:54.917Z  INFO 1 --- [   scheduling-1] r.observability.ObservabilityService     : LAB9 Observability window=30s category=web.CarController.getCars count=1253 sumNanos=202817536236 avgNanos=161865551
zil-app                 | 2026-05-04T14:08:54.919Z  INFO 1 --- [   scheduling-1] r.observability.ObservabilityService     : LAB9 Observability window=30s category=db.car.findAll count=1253 sumNanos=202812873046 avgNanos=161861830
zil-app                 | 2026-05-04T14:08:54.919Z  INFO 1 --- [   scheduling-1] r.observability.ObservabilityService     : LAB9 Observability window=1m category=web.RentController.getRents count=2338 sumNanos=414409318676 avgNanos=177249494
zil-app                 | 2026-05-04T14:08:54.919Z  INFO 1 --- [   scheduling-1] r.observability.ObservabilityService     : LAB9 Observability window=1m category=db.rent.findAll count=2338 sumNanos=414375597164 avgNanos=177235071
zil-app                 | 2026-05-04T14:08:54.919Z  INFO 1 --- [   scheduling-1] r.observability.ObservabilityService     : LAB9 Observability window=1m category=web.CarController.getCars count=2339 sumNanos=393181090673 avgNanos=168097943
zil-app                 | 2026-05-04T14:08:54.919Z  INFO 1 --- [   scheduling-1] r.observability.ObservabilityService     : LAB9 Observability window=1m category=db.car.findAll count=2339 sumNanos=393162593858 avgNanos=168090035
zil-app                 | 2026-05-04T14:08:59.924Z  INFO 1 --- [   scheduling-1] r.observability.ObservabilityService     : LAB9 Observability window=10s category=web.RentController.getRents count=416 sumNanos=73201682789 avgNanos=175965583
zil-app                 | 2026-05-04T14:08:59.924Z  INFO 1 --- [   scheduling-1] r.observability.ObservabilityService     : LAB9 Observability window=10s category=db.rent.findAll count=416 sumNanos=73199511717 avgNanos=175960364
zil-app                 | 2026-05-04T14:08:59.924Z  INFO 1 --- [   scheduling-1] r.observability.ObservabilityService     : LAB9 Observability window=10s category=web.CarController.getCars count=413 sumNanos=67335607997 avgNanos=163040213
zil-app                 | 2026-05-04T14:08:59.925Z  INFO 1 --- [   scheduling-1] r.observability.ObservabilityService     : LAB9 Observability window=10s category=db.car.findAll count=413 sumNanos=67334158133 avgNanos=163036702
zil-app                 | 2026-05-04T14:08:59.925Z  INFO 1 --- [   scheduling-1] r.observability.ObservabilityService     : LAB9 Observability window=30s category=web.RentController.getRents count=1247 sumNanos=214668094307 avgNanos=172147629
zil-app                 | 2026-05-04T14:08:59.925Z  INFO 1 --- [   scheduling-1] r.observability.ObservabilityService     : LAB9 Observability window=30s category=db.rent.findAll count=1247 sumNanos=214662984034 avgNanos=172143531
zil-app                 | 2026-05-04T14:08:59.925Z  INFO 1 --- [   scheduling-1] r.observability.ObservabilityService     : LAB9 Observability window=30s category=web.CarController.getCars count=1247 sumNanos=204107920581 avgNanos=163679166
zil-app                 | 2026-05-04T14:08:59.926Z  INFO 1 --- [   scheduling-1] r.observability.ObservabilityService     : LAB9 Observability window=30s category=db.car.findAll count=1247 sumNanos=204103857251 avgNanos=163675907
zil-app                 | 2026-05-04T14:08:59.930Z  INFO 1 --- [   scheduling-1] r.observability.ObservabilityService     : LAB9 Observability window=1m category=web.RentController.getRents count=2372 sumNanos=419080083571 avgNanos=176677944
zil-app                 | 2026-05-04T14:08:59.930Z  INFO 1 --- [   scheduling-1] r.observability.ObservabilityService     : LAB9 Observability window=1m category=db.rent.findAll count=2372 sumNanos=419045548720 avgNanos=176663384
zil-app                 | 2026-05-04T14:08:59.930Z  INFO 1 --- [   scheduling-1] r.observability.ObservabilityService     : LAB9 Observability window=1m category=web.CarController.getCars count=2372 sumNanos=395784754306 avgNanos=166856979
zil-app                 | 2026-05-04T14:08:59.931Z  INFO 1 --- [   scheduling-1] r.observability.ObservabilityService     : LAB9 Observability window=1m category=db.car.findAll count=2372 sumNanos=395766625524 avgNanos=166849336
zil-app                 | 2026-05-04T14:09:04.932Z  INFO 1 --- [   scheduling-1] r.observability.ObservabilityService     : LAB9 Observability window=10s category=web.RentController.getRents count=393 sumNanos=72302989057 avgNanos=183977071
zil-app                 | 2026-05-04T14:09:04.932Z  INFO 1 --- [   scheduling-1] r.observability.ObservabilityService     : LAB9 Observability window=10s category=db.rent.findAll count=393 sumNanos=72301045701 avgNanos=183972126
zil-app                 | 2026-05-04T14:09:04.932Z  INFO 1 --- [   scheduling-1] r.observability.ObservabilityService     : LAB9 Observability window=10s category=web.CarController.getCars count=393 sumNanos=66242419465 avgNanos=168555774
zil-app                 | 2026-05-04T14:09:04.932Z  INFO 1 --- [   scheduling-1] r.observability.ObservabilityService     : LAB9 Observability window=10s category=db.car.findAll count=393 sumNanos=66241735938 avgNanos=168554035
zil-app                 | 2026-05-04T14:09:04.932Z  INFO 1 --- [   scheduling-1] r.observability.ObservabilityService     : LAB9 Observability window=30s category=web.RentController.getRents count=1249 sumNanos=214683611541 avgNanos=171884396
zil-app                 | 2026-05-04T14:09:04.932Z  INFO 1 --- [   scheduling-1] r.observability.ObservabilityService     : LAB9 Observability window=30s category=db.rent.findAll count=1249 sumNanos=214679613090 avgNanos=171881195
zil-app                 | 2026-05-04T14:09:04.932Z  INFO 1 --- [   scheduling-1] r.observability.ObservabilityService     : LAB9 Observability window=30s category=web.CarController.getCars count=1250 sumNanos=203715347701 avgNanos=162972278
zil-app                 | 2026-05-04T14:09:04.932Z  INFO 1 --- [   scheduling-1] r.observability.ObservabilityService     : LAB9 Observability window=30s category=db.car.findAll count=1250 sumNanos=203712176024 avgNanos=162969740
zil-app                 | 2026-05-04T14:09:04.932Z  INFO 1 --- [   scheduling-1] r.observability.ObservabilityService     : LAB9 Observability window=1m category=web.RentController.getRents count=2402 sumNanos=423117365909 avgNanos=176152109
zil-app                 | 2026-05-04T14:09:04.932Z  INFO 1 --- [   scheduling-1] r.observability.ObservabilityService     : LAB9 Observability window=1m category=db.rent.findAll count=2402 sumNanos=423098778064 avgNanos=176144370
zil-app                 | 2026-05-04T14:09:04.932Z  INFO 1 --- [   scheduling-1] r.observability.ObservabilityService     : LAB9 Observability window=1m category=web.CarController.getCars count=2403 sumNanos=397163626698 avgNanos=165278246
zil-app                 | 2026-05-04T14:09:04.932Z  INFO 1 --- [   scheduling-1] r.observability.ObservabilityService     : LAB9 Observability window=1m category=db.car.findAll count=2403 sumNanos=397146422246 avgNanos=165271087
zil-app                 | 2026-05-04T14:09:09.949Z  INFO 1 --- [   scheduling-1] r.observability.ObservabilityService     : LAB9 Observability window=10s category=web.RentController.getRents count=418 sumNanos=72220465798 avgNanos=172776233
zil-app                 | 2026-05-04T14:09:09.949Z  INFO 1 --- [   scheduling-1] r.observability.ObservabilityService     : LAB9 Observability window=10s category=db.rent.findAll count=418 sumNanos=72219789394 avgNanos=172774615
zil-app                 | 2026-05-04T14:09:09.949Z  INFO 1 --- [   scheduling-1] r.observability.ObservabilityService     : LAB9 Observability window=10s category=web.CarController.getCars count=418 sumNanos=68110517172 avgNanos=162943820
zil-app                 | 2026-05-04T14:09:09.950Z  INFO 1 --- [   scheduling-1] r.observability.ObservabilityService     : LAB9 Observability window=10s category=db.car.findAll count=418 sumNanos=68109881640 avgNanos=162942300
zil-app                 | 2026-05-04T14:09:09.951Z  INFO 1 --- [   scheduling-1] r.observability.ObservabilityService     : LAB9 Observability window=30s category=web.RentController.getRents count=1250 sumNanos=215876550188 avgNanos=172701240
zil-app                 | 2026-05-04T14:09:09.951Z  INFO 1 --- [   scheduling-1] r.observability.ObservabilityService     : LAB9 Observability window=30s category=db.rent.findAll count=1250 sumNanos=215872677437 avgNanos=172698141
zil-app                 | 2026-05-04T14:09:09.951Z  INFO 1 --- [   scheduling-1] r.observability.ObservabilityService     : LAB9 Observability window=30s category=web.CarController.getCars count=1252 sumNanos=205646196384 avgNanos=164254150
zil-app                 | 2026-05-04T14:09:09.951Z  INFO 1 --- [   scheduling-1] r.observability.ObservabilityService     : LAB9 Observability window=30s category=db.car.findAll count=1252 sumNanos=205643187919 avgNanos=164251747
zil-app                 | 2026-05-04T14:09:09.952Z  INFO 1 --- [   scheduling-1] r.observability.ObservabilityService     : LAB9 Observability window=1m category=web.RentController.getRents count=2441 sumNanos=427290808738 avgNanos=175047443
zil-app                 | 2026-05-04T14:09:09.952Z  INFO 1 --- [   scheduling-1] r.observability.ObservabilityService     : LAB9 Observability window=1m category=db.rent.findAll count=2441 sumNanos=427273765056 avgNanos=175040460
zil-app                 | 2026-05-04T14:09:09.952Z  INFO 1 --- [   scheduling-1] r.observability.ObservabilityService     : LAB9 Observability window=1m category=web.CarController.getCars count=2440 sumNanos=400856841913 avgNanos=164285590
zil-app                 | 2026-05-04T14:09:09.952Z  INFO 1 --- [   scheduling-1] r.observability.ObservabilityService     : LAB9 Observability window=1m category=db.car.findAll count=2440 sumNanos=400840395699 avgNanos=164278850
zil-app                 | 2026-05-04T14:09:14.958Z  INFO 1 --- [   scheduling-1] r.observability.ObservabilityService     : LAB9 Observability window=10s category=web.RentController.getRents count=409 sumNanos=72329010701 avgNanos=176843546
zil-app                 | 2026-05-04T14:09:15.018Z  INFO 1 --- [   scheduling-1] r.observability.ObservabilityService     : LAB9 Observability window=10s category=db.rent.findAll count=409 sumNanos=72328237914 avgNanos=176841657
zil-additional-service  | 2026-05-04T12:19:53.941Z  INFO 1 --- [zil-additional-service] [   scheduling-1] r.a.observability.ObservabilityService   : LAB9 Observability window=10s category=additional.statsComputation.availability.cityDate count=239 sumNanos=83721755 avgNanos=350300
zil-additional-service  | 2026-05-04T12:19:53.942Z  INFO 1 --- [zil-additional-service] [   scheduling-1] r.a.observability.ObservabilityService   : LAB9 Observability window=30s category=web.additional.availability count=704 sumNanos=342957138216 avgNanos=487155025
zil-additional-service  | 2026-05-04T12:19:53.942Z  INFO 1 --- [zil-additional-service] [   scheduling-1] r.a.observability.ObservabilityService   : LAB9 Observability window=30s category=http.main.rents count=704 sumNanos=167682453130 avgNanos=238185302
zil-additional-service  | 2026-05-04T12:19:53.942Z  INFO 1 --- [zil-additional-service] [   scheduling-1] r.a.observability.ObservabilityService   : LAB9 Observability window=30s category=http.main.cars count=702 sumNanos=174261556298 avgNanos=248235835
zil-additional-service  | 2026-05-04T12:19:53.943Z  INFO 1 --- [zil-additional-service] [   scheduling-1] r.a.observability.ObservabilityService   : LAB9 Observability window=30s category=additional.statsComputation.availability.cityDate count=704 sumNanos=283094000 avgNanos=402122
zil-additional-service  | 2026-05-04T12:19:53.943Z  INFO 1 --- [zil-additional-service] [   scheduling-1] r.a.observability.ObservabilityService   : LAB9 Observability window=1m category=web.additional.availability count=1374 sumNanos=697634486128 avgNanos=507739800
zil-additional-service  | 2026-05-04T12:19:53.943Z  INFO 1 --- [zil-additional-service] [   scheduling-1] r.a.observability.ObservabilityService   : LAB9 Observability window=1m category=http.main.rents count=1374 sumNanos=340384387575 avgNanos=247732450
zil-additional-service  | 2026-05-04T12:19:53.943Z  INFO 1 --- [zil-additional-service] [   scheduling-1] r.a.observability.ObservabilityService   : LAB9 Observability window=1m category=http.main.cars count=1371 sumNanos=355214440526 avgNanos=259091495
zil-additional-service  | 2026-05-04T12:19:53.943Z  INFO 1 --- [zil-additional-service] [   scheduling-1] r.a.observability.ObservabilityService   : LAB9 Observability window=1m category=additional.statsComputation.availability.cityDate count=1374 sumNanos=499694754 avgNanos=363678
zil-additional-service  | 2026-05-04T12:19:58.944Z  INFO 1 --- [zil-additional-service] [   scheduling-1] r.a.observability.ObservabilityService   : LAB9 Observability window=10s category=web.additional.availability count=245 sumNanos=126076746967 avgNanos=514598967
zil-additional-service  | 2026-05-04T12:19:58.944Z  INFO 1 --- [zil-additional-service] [   scheduling-1] r.a.observability.ObservabilityService   : LAB9 Observability window=10s category=http.main.rents count=245 sumNanos=61240237141 avgNanos=249960151
zil-additional-service  | 2026-05-04T12:19:58.945Z  INFO 1 --- [zil-additional-service] [   scheduling-1] r.a.observability.ObservabilityService   : LAB9 Observability window=10s category=http.main.cars count=245 sumNanos=64770253938 avgNanos=264368383
zil-additional-service  | 2026-05-04T12:19:58.945Z  INFO 1 --- [zil-additional-service] [   scheduling-1] r.a.observability.ObservabilityService   : LAB9 Observability window=10s category=additional.statsComputation.availability.cityDate count=245 sumNanos=67485216 avgNanos=275449
zil-additional-service  | 2026-05-04T12:19:58.945Z  INFO 1 --- [zil-additional-service] [   scheduling-1] r.a.observability.ObservabilityService   : LAB9 Observability window=30s category=web.additional.availability count=705 sumNanos=346999854232 avgNanos=492198374
zil-additional-service  | 2026-05-04T12:19:58.945Z  INFO 1 --- [zil-additional-service] [   scheduling-1] r.a.observability.ObservabilityService   : LAB9 Observability window=30s category=http.main.rents count=705 sumNanos=169782685756 avgNanos=240826504
zil-additional-service  | 2026-05-04T12:19:58.945Z  INFO 1 --- [zil-additional-service] [   scheduling-1] r.a.observability.ObservabilityService   : LAB9 Observability window=30s category=http.main.cars count=706 sumNanos=178434391696 avgNanos=252739931
zil-additional-service  | 2026-05-04T12:19:58.946Z  INFO 1 --- [zil-additional-service] [   scheduling-1] r.a.observability.ObservabilityService   : LAB9 Observability window=30s category=additional.statsComputation.availability.cityDate count=705 sumNanos=270822942 avgNanos=384146
zil-additional-service  | 2026-05-04T12:19:58.946Z  INFO 1 --- [zil-additional-service] [   scheduling-1] r.a.observability.ObservabilityService   : LAB9 Observability window=1m category=web.additional.availability count=1374 sumNanos=691425161141 avgNanos=503220641
zil-additional-service  | 2026-05-04T12:19:58.946Z  INFO 1 --- [zil-additional-service] [   scheduling-1] r.a.observability.ObservabilityService   : LAB9 Observability window=1m category=http.main.rents count=1374 sumNanos=336621305499 avgNanos=244993672
zil-additional-service  | 2026-05-04T12:19:58.946Z  INFO 1 --- [zil-additional-service] [   scheduling-1] r.a.observability.ObservabilityService   : LAB9 Observability window=1m category=http.main.cars count=1379 sumNanos=356340215106 avgNanos=258404797
zil-additional-service  | 2026-05-04T12:19:58.947Z  INFO 1 --- [zil-additional-service] [   scheduling-1] r.a.observability.ObservabilityService   : LAB9 Observability window=1m category=additional.statsComputation.availability.cityDate count=1374 sumNanos=502515240 avgNanos=365731
zil-additional-service  | 2026-05-04T12:20:03.948Z  INFO 1 --- [zil-additional-service] [   scheduling-1] r.a.observability.ObservabilityService   : LAB9 Observability window=10s category=web.additional.availability count=236 sumNanos=124516595614 avgNanos=527612693
zil-additional-service  | 2026-05-04T12:20:03.949Z  INFO 1 --- [zil-additional-service] [   scheduling-1] r.a.observability.ObservabilityService   : LAB9 Observability window=10s category=http.main.rents count=236 sumNanos=59975648313 avgNanos=254134103
zil-additional-service  | 2026-05-04T12:20:03.950Z  INFO 1 --- [zil-additional-service] [   scheduling-1] r.a.observability.ObservabilityService   : LAB9 Observability window=10s category=http.main.cars count=236 sumNanos=64888139172 avgNanos=274949742
zil-additional-service  | 2026-05-04T12:20:03.950Z  INFO 1 --- [zil-additional-service] [   scheduling-1] r.a.observability.ObservabilityService   : LAB9 Observability window=10s category=additional.statsComputation.availability.cityDate count=236 sumNanos=64366356 avgNanos=272738
zil-additional-service  | 2026-05-04T12:20:03.950Z  INFO 1 --- [zil-additional-service] [   scheduling-1] r.a.observability.ObservabilityService   : LAB9 Observability window=30s category=web.additional.availability count=701 sumNanos=356098661400 avgNanos=507986678
zil-additional-service  | 2026-05-04T12:20:03.950Z  INFO 1 --- [zil-additional-service] [   scheduling-1] r.a.observability.ObservabilityService   : LAB9 Observability window=30s category=http.main.rents count=701 sumNanos=172613831385 avgNanos=246239417
zil-additional-service  | 2026-05-04T12:20:03.950Z  INFO 1 --- [zil-additional-service] [   scheduling-1] r.a.observability.ObservabilityService   : LAB9 Observability window=30s category=http.main.cars count=704 sumNanos=184085288267 avgNanos=261484784
zil-additional-service  | 2026-05-04T12:20:03.950Z  INFO 1 --- [zil-additional-service] [   scheduling-1] r.a.observability.ObservabilityService   : LAB9 Observability window=30s category=additional.statsComputation.availability.cityDate count=701 sumNanos=255562849 avgNanos=364568
zil-additional-service  | 2026-05-04T12:20:03.950Z  INFO 1 --- [zil-additional-service] [   scheduling-1] r.a.observability.ObservabilityService   : LAB9 Observability window=1m category=web.additional.availability count=1385 sumNanos=694608861899 avgNanos=501522643
zil-additional-service  | 2026-05-04T12:20:03.950Z  INFO 1 --- [zil-additional-service] [   scheduling-1] r.a.observability.ObservabilityService   : LAB9 Observability window=1m category=http.main.rents count=1385 sumNanos=337370875321 avgNanos=243589079
zil-additional-service  | 2026-05-04T12:20:03.950Z  INFO 1 --- [zil-additional-service] [   scheduling-1] r.a.observability.ObservabilityService   : LAB9 Observability window=1m category=http.main.cars count=1387 sumNanos=356932613750 avgNanos=257341466
zil-additional-service  | 2026-05-04T12:20:03.950Z  INFO 1 --- [zil-additional-service] [   scheduling-1] r.a.observability.ObservabilityService   : LAB9 Observability window=1m category=additional.statsComputation.availability.cityDate count=1385 sumNanos=500306784 avgNanos=361232
zil-additional-service  | 2026-05-04T12:20:08.951Z  INFO 1 --- [zil-additional-service] [   scheduling-1] r.a.observability.ObservabilityService   : LAB9 Observability window=10s category=web.additional.availability count=240 sumNanos=122871014326 avgNanos=511962559
zil-additional-service  | 2026-05-04T12:20:08.951Z  INFO 1 --- [zil-additional-service] [   scheduling-1] r.a.observability.ObservabilityService   : LAB9 Observability window=10s category=http.main.rents count=240 sumNanos=58685494717 avgNanos=244522894
zil-additional-service  | 2026-05-04T12:20:08.951Z  INFO 1 --- [zil-additional-service] [   scheduling-1] r.a.observability.ObservabilityService   : LAB9 Observability window=10s category=http.main.cars count=235 sumNanos=62131174230 avgNanos=264387975
zil-additional-service  | 2026-05-04T12:20:08.951Z  INFO 1 --- [zil-additional-service] [   scheduling-1] r.a.observability.ObservabilityService   : LAB9 Observability window=10s category=additional.statsComputation.availability.cityDate count=240 sumNanos=60277355 avgNanos=251155
zil-app                 | 2026-05-04T14:09:15.030Z  INFO 1 --- [   scheduling-1] r.observability.ObservabilityService     : LAB9 Observability window=10s category=web.CarController.getCars count=412 sumNanos=68936051776 avgNanos=167320514
zil-app                 | 2026-05-04T14:09:15.030Z  INFO 1 --- [   scheduling-1] r.observability.ObservabilityService     : LAB9 Observability window=10s category=db.car.findAll count=412 sumNanos=68935326249 avgNanos=167318753
zil-app                 | 2026-05-04T14:09:15.031Z  INFO 1 --- [   scheduling-1] r.observability.ObservabilityService     : LAB9 Observability window=30s category=web.RentController.getRents count=1244 sumNanos=217059392656 avgNanos=174485042
zil-app                 | 2026-05-04T14:09:15.031Z  INFO 1 --- [   scheduling-1] r.observability.ObservabilityService     : LAB9 Observability window=30s category=db.rent.findAll count=1244 sumNanos=217055649334 avgNanos=174482033
zil-app                 | 2026-05-04T14:09:15.031Z  INFO 1 --- [   scheduling-1] r.observability.ObservabilityService     : LAB9 Observability window=30s category=web.CarController.getCars count=1245 sumNanos=203514293117 avgNanos=163465295
zil-app                 | 2026-05-04T14:09:15.033Z  INFO 1 --- [   scheduling-1] r.observability.ObservabilityService     : LAB9 Observability window=30s category=db.car.findAll count=1245 sumNanos=203511472939 avgNanos=163463030
zil-app                 | 2026-05-04T14:09:15.034Z  INFO 1 --- [   scheduling-1] r.observability.ObservabilityService     : LAB9 Observability window=1m category=web.RentController.getRents count=2449 sumNanos=427470468329 avgNanos=174548986
zil-app                 | 2026-05-04T14:09:15.038Z  INFO 1 --- [   scheduling-1] r.observability.ObservabilityService     : LAB9 Observability window=1m category=db.rent.findAll count=2449 sumNanos=427454296977 avgNanos=174542383
zil-app                 | 2026-05-04T14:09:15.040Z  INFO 1 --- [   scheduling-1] r.observability.ObservabilityService     : LAB9 Observability window=1m category=web.CarController.getCars count=2452 sumNanos=402675173796 avgNanos=164223154
zil-app                 | 2026-05-04T14:09:15.054Z  INFO 1 --- [   scheduling-1] r.observability.ObservabilityService     : LAB9 Observability window=1m category=db.car.findAll count=2452 sumNanos=402659269112 avgNanos=164216667
zil-app                 | 2026-05-04T14:09:20.058Z  INFO 1 --- [   scheduling-1] r.observability.ObservabilityService     : LAB9 Observability window=10s category=web.RentController.getRents count=395 sumNanos=70879019192 avgNanos=179440554
zil-app                 | 2026-05-04T14:09:20.062Z  INFO 1 --- [   scheduling-1] r.observability.ObservabilityService     : LAB9 Observability window=10s category=db.rent.findAll count=395 sumNanos=70877497337 avgNanos=179436702
zil-app                 | 2026-05-04T14:09:20.063Z  INFO 1 --- [   scheduling-1] r.observability.ObservabilityService     : LAB9 Observability window=10s category=web.CarController.getCars count=395 sumNanos=65667885316 avgNanos=166247810
zil-app                 | 2026-05-04T14:09:20.119Z  INFO 1 --- [   scheduling-1] r.observability.ObservabilityService     : LAB9 Observability window=10s category=db.car.findAll count=395 sumNanos=65659173183 avgNanos=166225754
zil-app                 | 2026-05-04T14:09:20.137Z  INFO 1 --- [   scheduling-1] r.observability.ObservabilityService     : LAB9 Observability window=30s category=web.RentController.getRents count=1228 sumNanos=216181994643 avgNanos=176043969
zil-app                 | 2026-05-04T14:09:20.150Z  INFO 1 --- [   scheduling-1] r.observability.ObservabilityService     : LAB9 Observability window=30s category=db.rent.findAll count=1228 sumNanos=216177626688 avgNanos=176040412
zil-app                 | 2026-05-04T14:09:20.150Z  INFO 1 --- [   scheduling-1] r.observability.ObservabilityService     : LAB9 Observability window=30s category=web.CarController.getCars count=1228 sumNanos=201562311610 avgNanos=164138690
zil-app                 | 2026-05-04T14:09:20.150Z  INFO 1 --- [   scheduling-1] r.observability.ObservabilityService     : LAB9 Observability window=30s category=db.car.findAll count=1228 sumNanos=201551511975 avgNanos=164129895
zil-app                 | 2026-05-04T14:09:20.150Z  INFO 1 --- [   scheduling-1] r.observability.ObservabilityService     : LAB9 Observability window=1m category=web.RentController.getRents count=2465 sumNanos=427946378582 avgNanos=173609078
zil-app                 | 2026-05-04T14:09:20.150Z  INFO 1 --- [   scheduling-1] r.observability.ObservabilityService     : LAB9 Observability window=1m category=db.rent.findAll count=2465 sumNanos=427930203362 avgNanos=173602516
zil-app                 | 2026-05-04T14:09:20.150Z  INFO 1 --- [   scheduling-1] r.observability.ObservabilityService     : LAB9 Observability window=1m category=web.CarController.getCars count=2460 sumNanos=401998372864 avgNanos=163413972
zil-app                 | 2026-05-04T14:09:20.150Z  INFO 1 --- [   scheduling-1] r.observability.ObservabilityService     : LAB9 Observability window=1m category=db.car.findAll count=2460 sumNanos=401974866303 avgNanos=163404417
zil-app                 | 2026-05-04T14:09:25.157Z  INFO 1 --- [   scheduling-1] r.observability.ObservabilityService     : LAB9 Observability window=10s category=web.RentController.getRents count=394 sumNanos=69673651952 avgNanos=176836680
zil-app                 | 2026-05-04T14:09:25.157Z  INFO 1 --- [   scheduling-1] r.observability.ObservabilityService     : LAB9 Observability window=10s category=db.rent.findAll count=394 sumNanos=69672166253 avgNanos=176832909
zil-app                 | 2026-05-04T14:09:25.157Z  INFO 1 --- [   scheduling-1] r.observability.ObservabilityService     : LAB9 Observability window=10s category=web.CarController.getCars count=404 sumNanos=68304835345 avgNanos=169071374
zil-app                 | 2026-05-04T14:09:25.157Z  INFO 1 --- [   scheduling-1] r.observability.ObservabilityService     : LAB9 Observability window=10s category=db.car.findAll count=404 sumNanos=68296142702 avgNanos=169049858
zil-app                 | 2026-05-04T14:09:25.157Z  INFO 1 --- [   scheduling-1] r.observability.ObservabilityService     : LAB9 Observability window=30s category=web.RentController.getRents count=1199 sumNanos=214885797196 avgNanos=179220848
zil-app                 | 2026-05-04T14:09:25.157Z  INFO 1 --- [   scheduling-1] r.observability.ObservabilityService     : LAB9 Observability window=30s category=db.rent.findAll count=1199 sumNanos=214881588013 avgNanos=179217337
zil-app                 | 2026-05-04T14:09:25.157Z  INFO 1 --- [   scheduling-1] r.observability.ObservabilityService     : LAB9 Observability window=30s category=web.CarController.getCars count=1208 sumNanos=202926713854 avgNanos=167985690
zil-app                 | 2026-05-04T14:09:25.157Z  INFO 1 --- [   scheduling-1] r.observability.ObservabilityService     : LAB9 Observability window=30s category=db.car.findAll count=1208 sumNanos=202916611779 avgNanos=167977327
zil-app                 | 2026-05-04T14:09:25.157Z  INFO 1 --- [   scheduling-1] r.observability.ObservabilityService     : LAB9 Observability window=1m category=web.RentController.getRents count=2452 sumNanos=427301116355 avgNanos=174266360
zil-app                 | 2026-05-04T14:09:25.158Z  INFO 1 --- [   scheduling-1] r.observability.ObservabilityService     : LAB9 Observability window=1m category=db.rent.findAll count=2452 sumNanos=427285803714 avgNanos=174260115
zil-app                 | 2026-05-04T14:09:25.163Z  INFO 1 --- [   scheduling-1] r.observability.ObservabilityService     : LAB9 Observability window=1m category=web.CarController.getCars count=2460 sumNanos=405843833244 avgNanos=164977167
zil-app                 | 2026-05-04T14:09:25.163Z  INFO 1 --- [   scheduling-1] r.observability.ObservabilityService     : LAB9 Observability window=1m category=db.car.findAll count=2460 sumNanos=405829056937 avgNanos=164971161
zil-app                 | 2026-05-04T14:09:30.165Z  INFO 1 --- [   scheduling-1] r.observability.ObservabilityService     : LAB9 Observability window=10s category=web.RentController.getRents count=416 sumNanos=73287605503 avgNanos=176172128
zil-app                 | 2026-05-04T14:09:30.166Z  INFO 1 --- [   scheduling-1] r.observability.ObservabilityService     : LAB9 Observability window=10s category=db.rent.findAll count=416 sumNanos=73286792747 avgNanos=176170174
zil-app                 | 2026-05-04T14:09:30.167Z  INFO 1 --- [   scheduling-1] r.observability.ObservabilityService     : LAB9 Observability window=10s category=web.CarController.getCars count=415 sumNanos=69136540313 avgNanos=166594073
zil-app                 | 2026-05-04T14:09:30.167Z  INFO 1 --- [   scheduling-1] r.observability.ObservabilityService     : LAB9 Observability window=10s category=db.car.findAll count=415 sumNanos=69135850240 avgNanos=166592410
zil-app                 | 2026-05-04T14:09:30.168Z  INFO 1 --- [   scheduling-1] r.observability.ObservabilityService     : LAB9 Observability window=30s category=web.RentController.getRents count=1229 sumNanos=216013256245 avgNanos=175763430
zil-app                 | 2026-05-04T14:09:30.168Z  INFO 1 --- [   scheduling-1] r.observability.ObservabilityService     : LAB9 Observability window=30s category=db.rent.findAll count=1229 sumNanos=216010245214 avgNanos=175760980
zil-app                 | 2026-05-04T14:09:30.168Z  INFO 1 --- [   scheduling-1] r.observability.ObservabilityService     : LAB9 Observability window=30s category=web.CarController.getCars count=1224 sumNanos=202014731379 avgNanos=165044715
zil-app                 | 2026-05-04T14:09:30.168Z  INFO 1 --- [   scheduling-1] r.observability.ObservabilityService     : LAB9 Observability window=30s category=db.car.findAll count=1224 sumNanos=202004698939 avgNanos=165036518
zil-app                 | 2026-05-04T14:09:30.169Z  INFO 1 --- [   scheduling-1] r.observability.ObservabilityService     : LAB9 Observability window=1m category=web.RentController.getRents count=2473 sumNanos=430205522024 avgNanos=173960987
zil-app                 | 2026-05-04T14:09:30.169Z  INFO 1 --- [   scheduling-1] r.observability.ObservabilityService     : LAB9 Observability window=1m category=db.rent.findAll count=2473 sumNanos=430197418806 avgNanos=173957710
zil-app                 | 2026-05-04T14:09:30.169Z  INFO 1 --- [   scheduling-1] r.observability.ObservabilityService     : LAB9 Observability window=1m category=web.CarController.getCars count=2471 sumNanos=406748911216 avgNanos=164609029
zil-app                 | 2026-05-04T14:09:30.169Z  INFO 1 --- [   scheduling-1] r.observability.ObservabilityService     : LAB9 Observability window=1m category=db.car.findAll count=2471 sumNanos=406734828914 avgNanos=164603330
zil-app                 | 2026-05-04T14:09:35.171Z  INFO 1 --- [   scheduling-1] r.observability.ObservabilityService     : LAB9 Observability window=10s category=web.RentController.getRents count=435 sumNanos=75152313039 avgNanos=172763938
zil-app                 | 2026-05-04T14:09:35.172Z  INFO 1 --- [   scheduling-1] r.observability.ObservabilityService     : LAB9 Observability window=10s category=db.rent.findAll count=435 sumNanos=75151207863 avgNanos=172761397
zil-app                 | 2026-05-04T14:09:35.173Z  INFO 1 --- [   scheduling-1] r.observability.ObservabilityService     : LAB9 Observability window=10s category=web.CarController.getCars count=430 sumNanos=68392822825 avgNanos=159053076
zil-app                 | 2026-05-04T14:09:35.174Z  INFO 1 --- [   scheduling-1] r.observability.ObservabilityService     : LAB9 Observability window=10s category=db.car.findAll count=430 sumNanos=68392130942 avgNanos=159051467
zil-app                 | 2026-05-04T14:09:35.175Z  INFO 1 --- [   scheduling-1] r.observability.ObservabilityService     : LAB9 Observability window=30s category=web.RentController.getRents count=1242 sumNanos=217854674921 avgNanos=175406340
zil-app                 | 2026-05-04T14:09:35.175Z  INFO 1 --- [   scheduling-1] r.observability.ObservabilityService     : LAB9 Observability window=30s category=db.rent.findAll count=1242 sumNanos=217851303269 avgNanos=175403625
zil-app                 | 2026-05-04T14:09:35.175Z  INFO 1 --- [   scheduling-1] r.observability.ObservabilityService     : LAB9 Observability window=30s category=web.CarController.getCars count=1246 sumNanos=205481057711 avgNanos=164912566
zil-app                 | 2026-05-04T14:09:35.175Z  INFO 1 --- [   scheduling-1] r.observability.ObservabilityService     : LAB9 Observability window=30s category=db.car.findAll count=1246 sumNanos=205470948133 avgNanos=164904452
zil-app                 | 2026-05-04T14:09:35.176Z  INFO 1 --- [   scheduling-1] r.observability.ObservabilityService     : LAB9 Observability window=1m category=web.RentController.getRents count=2494 sumNanos=433050087973 avgNanos=173636763
zil-app                 | 2026-05-04T14:09:35.176Z  INFO 1 --- [   scheduling-1] r.observability.ObservabilityService     : LAB9 Observability window=1m category=db.rent.findAll count=2494 sumNanos=433042716262 avgNanos=173633807
zil-app                 | 2026-05-04T14:09:35.176Z  INFO 1 --- [   scheduling-1] r.observability.ObservabilityService     : LAB9 Observability window=1m category=web.CarController.getCars count=2496 sumNanos=409424579091 avgNanos=164032283
zil-app                 | 2026-05-04T14:09:35.176Z  INFO 1 --- [   scheduling-1] r.observability.ObservabilityService     : LAB9 Observability window=1m category=db.car.findAll count=2496 sumNanos=409411301483 avgNanos=164026963
zil-app                 | 2026-05-04T14:09:40.222Z  INFO 1 --- [   scheduling-1] r.observability.ObservabilityService     : LAB9 Observability window=10s category=web.RentController.getRents count=431 sumNanos=73595245050 avgNanos=170754628
zil-app                 | 2026-05-04T14:09:40.224Z  INFO 1 --- [   scheduling-1] r.observability.ObservabilityService     : LAB9 Observability window=10s category=db.rent.findAll count=431 sumNanos=73594072577 avgNanos=170751908
zil-app                 | 2026-05-04T14:09:40.227Z  INFO 1 --- [   scheduling-1] r.observability.ObservabilityService     : LAB9 Observability window=10s category=web.CarController.getCars count=427 sumNanos=68372511492 avgNanos=160122977
zil-app                 | 2026-05-04T14:09:40.227Z  INFO 1 --- [   scheduling-1] r.observability.ObservabilityService     : LAB9 Observability window=10s category=db.car.findAll count=427 sumNanos=68364507110 avgNanos=160104232
zil-app                 | 2026-05-04T14:09:40.228Z  INFO 1 --- [   scheduling-1] r.observability.ObservabilityService     : LAB9 Observability window=30s category=web.RentController.getRents count=1240 sumNanos=217383182045 avgNanos=175309017
zil-app                 | 2026-05-04T14:09:40.228Z  INFO 1 --- [   scheduling-1] r.observability.ObservabilityService     : LAB9 Observability window=30s category=db.rent.findAll count=1240 sumNanos=217379678414 avgNanos=175306192
zil-app                 | 2026-05-04T14:09:40.228Z  INFO 1 --- [   scheduling-1] r.observability.ObservabilityService     : LAB9 Observability window=30s category=web.CarController.getCars count=1237 sumNanos=203301880754 avgNanos=164350752
zil-app                 | 2026-05-04T14:09:40.228Z  INFO 1 --- [   scheduling-1] r.observability.ObservabilityService     : LAB9 Observability window=30s category=db.car.findAll count=1237 sumNanos=203284474011 avgNanos=164336680
zil-app                 | 2026-05-04T14:09:40.228Z  INFO 1 --- [   scheduling-1] r.observability.ObservabilityService     : LAB9 Observability window=1m category=web.RentController.getRents count=2493 sumNanos=434054041198 avgNanos=174109122
zil-app                 | 2026-05-04T14:09:40.228Z  INFO 1 --- [   scheduling-1] r.observability.ObservabilityService     : LAB9 Observability window=1m category=db.rent.findAll count=2493 sumNanos=434046663378 avgNanos=174106162
zil-app                 | 2026-05-04T14:09:40.228Z  INFO 1 --- [   scheduling-1] r.observability.ObservabilityService     : LAB9 Observability window=1m category=web.CarController.getCars count=2488 sumNanos=408761887816 avgNanos=164293363
zil-app                 | 2026-05-04T14:09:40.228Z  INFO 1 --- [   scheduling-1] r.observability.ObservabilityService     : LAB9 Observability window=1m category=db.car.findAll count=2488 sumNanos=408741479902 avgNanos=164285160
zil-app                 | 2026-05-04T14:09:45.229Z  INFO 1 --- [   scheduling-1] r.observability.ObservabilityService     : LAB9 Observability window=10s category=web.RentController.getRents count=435 sumNanos=71515941119 avgNanos=164404462
zil-app                 | 2026-05-04T14:09:45.230Z  INFO 1 --- [   scheduling-1] r.observability.ObservabilityService     : LAB9 Observability window=10s category=db.rent.findAll count=435 sumNanos=71514548565 avgNanos=164401261
zil-app                 | 2026-05-04T14:09:45.230Z  INFO 1 --- [   scheduling-1] r.observability.ObservabilityService     : LAB9 Observability window=10s category=web.CarController.getCars count=435 sumNanos=70775376259 avgNanos=162702014
zil-app                 | 2026-05-04T14:09:45.231Z  INFO 1 --- [   scheduling-1] r.observability.ObservabilityService     : LAB9 Observability window=10s category=db.car.findAll count=435 sumNanos=70767243637 avgNanos=162683318
zil-app                 | 2026-05-04T14:09:45.237Z  INFO 1 --- [   scheduling-1] r.observability.ObservabilityService     : LAB9 Observability window=30s category=web.RentController.getRents count=1271 sumNanos=217316086792 avgNanos=170980398
zil-app                 | 2026-05-04T14:09:45.240Z  INFO 1 --- [   scheduling-1] r.observability.ObservabilityService     : LAB9 Observability window=30s category=db.rent.findAll count=1271 sumNanos=217312092487 avgNanos=170977256
zil-app                 | 2026-05-04T14:09:45.240Z  INFO 1 --- [   scheduling-1] r.observability.ObservabilityService     : LAB9 Observability window=30s category=web.CarController.getCars count=1272 sumNanos=208035956260 avgNanos=163550280
zil-app                 | 2026-05-04T14:09:45.240Z  INFO 1 --- [   scheduling-1] r.observability.ObservabilityService     : LAB9 Observability window=30s category=db.car.findAll count=1272 sumNanos=208018435049 avgNanos=163536505
zil-app                 | 2026-05-04T14:09:45.240Z  INFO 1 --- [   scheduling-1] r.observability.ObservabilityService     : LAB9 Observability window=1m category=web.RentController.getRents count=2513 sumNanos=434320656630 avgNanos=172829548
zil-app                 | 2026-05-04T14:09:45.240Z  INFO 1 --- [   scheduling-1] r.observability.ObservabilityService     : LAB9 Observability window=1m category=db.rent.findAll count=2513 sumNanos=434312929383 avgNanos=172826474
zil-app                 | 2026-05-04T14:09:45.241Z  INFO 1 --- [   scheduling-1] r.observability.ObservabilityService     : LAB9 Observability window=1m category=web.CarController.getCars count=2513 sumNanos=411038523901 avgNanos=163564872
zil-app                 | 2026-05-04T14:09:45.241Z  INFO 1 --- [   scheduling-1] r.observability.ObservabilityService     : LAB9 Observability window=1m category=db.car.findAll count=2513 sumNanos=411018188199 avgNanos=163556780
zil-app                 | 2026-05-04T14:09:50.246Z  INFO 1 --- [   scheduling-1] r.observability.ObservabilityService     : LAB9 Observability window=10s category=web.RentController.getRents count=430 sumNanos=73042803332 avgNanos=169866984
zil-app                 | 2026-05-04T14:09:50.247Z  INFO 1 --- [   scheduling-1] r.observability.ObservabilityService     : LAB9 Observability window=10s category=db.rent.findAll count=430 sumNanos=73041458314 avgNanos=169863856
zil-app                 | 2026-05-04T14:09:50.250Z  INFO 1 --- [   scheduling-1] r.observability.ObservabilityService     : LAB9 Observability window=10s category=web.CarController.getCars count=429 sumNanos=72242924906 avgNanos=168398426
zil-app                 | 2026-05-04T14:09:50.250Z  INFO 1 --- [   scheduling-1] r.observability.ObservabilityService     : LAB9 Observability window=10s category=db.car.findAll count=429 sumNanos=72242084832 avgNanos=168396468
zil-app                 | 2026-05-04T14:09:50.252Z  INFO 1 --- [   scheduling-1] r.observability.ObservabilityService     : LAB9 Observability window=30s category=web.RentController.getRents count=1276 sumNanos=219426537552 avgNanos=171964371
zil-app                 | 2026-05-04T14:09:50.252Z  INFO 1 --- [   scheduling-1] r.observability.ObservabilityService     : LAB9 Observability window=30s category=db.rent.findAll count=1276 sumNanos=219423208792 avgNanos=171961762
zil-app                 | 2026-05-04T14:09:50.252Z  INFO 1 --- [   scheduling-1] r.observability.ObservabilityService     : LAB9 Observability window=30s category=web.CarController.getCars count=1276 sumNanos=210151243671 avgNanos=164695332
zil-app                 | 2026-05-04T14:09:50.252Z  INFO 1 --- [   scheduling-1] r.observability.ObservabilityService     : LAB9 Observability window=30s category=db.car.findAll count=1276 sumNanos=210141702718 avgNanos=164687854
zil-app                 | 2026-05-04T14:09:50.258Z  INFO 1 --- [   scheduling-1] r.observability.ObservabilityService     : LAB9 Observability window=1m category=web.RentController.getRents count=2500 sumNanos=435319893023 avgNanos=174127957
zil-app                 | 2026-05-04T14:09:50.258Z  INFO 1 --- [   scheduling-1] r.observability.ObservabilityService     : LAB9 Observability window=1m category=db.rent.findAll count=2500 sumNanos=435312201924 avgNanos=174124880
zil-app                 | 2026-05-04T14:09:50.258Z  INFO 1 --- [   scheduling-1] r.observability.ObservabilityService     : LAB9 Observability window=1m category=web.CarController.getCars count=2498 sumNanos=411155066478 avgNanos=164593701
zil-app                 | 2026-05-04T14:09:50.258Z  INFO 1 --- [   scheduling-1] r.observability.ObservabilityService     : LAB9 Observability window=1m category=db.car.findAll count=2498 sumNanos=411134735191 avgNanos=164585562
zil-app                 | 2026-05-04T14:09:55.261Z  INFO 1 --- [   scheduling-1] r.observability.ObservabilityService     : LAB9 Observability window=10s category=web.RentController.getRents count=432 sumNanos=72603291323 avgNanos=168063174
zil-app                 | 2026-05-04T14:09:55.261Z  INFO 1 --- [   scheduling-1] r.observability.ObservabilityService     : LAB9 Observability window=10s category=db.rent.findAll count=432 sumNanos=72602271189 avgNanos=168060812
zil-app                 | 2026-05-04T14:09:55.261Z  INFO 1 --- [   scheduling-1] r.observability.ObservabilityService     : LAB9 Observability window=10s category=web.CarController.getCars count=437 sumNanos=70066691446 avgNanos=160335678
zil-app                 | 2026-05-04T14:09:55.261Z  INFO 1 --- [   scheduling-1] r.observability.ObservabilityService     : LAB9 Observability window=10s category=db.car.findAll count=437 sumNanos=70066021304 avgNanos=160334144
zil-app                 | 2026-05-04T14:09:55.261Z  INFO 1 --- [   scheduling-1] r.observability.ObservabilityService     : LAB9 Observability window=30s category=web.RentController.getRents count=1303 sumNanos=219418123933 avgNanos=168394569
zil-app                 | 2026-05-04T14:09:55.261Z  INFO 1 --- [   scheduling-1] r.observability.ObservabilityService     : LAB9 Observability window=30s category=db.rent.findAll count=1303 sumNanos=219414603860 avgNanos=168391867
zil-app                 | 2026-05-04T14:09:55.261Z  INFO 1 --- [   scheduling-1] r.observability.ObservabilityService     : LAB9 Observability window=30s category=web.CarController.getCars count=1303 sumNanos=209480069710 avgNanos=160767513
zil-app                 | 2026-05-04T14:09:55.261Z  INFO 1 --- [   scheduling-1] r.observability.ObservabilityService     : LAB9 Observability window=30s category=db.car.findAll count=1303 sumNanos=209470575492 avgNanos=160760226
zil-additional-service  | 2026-05-04T12:20:08.952Z  INFO 1 --- [zil-additional-service] [   scheduling-1] r.a.observability.ObservabilityService   : LAB9 Observability window=30s category=web.additional.availability count=712 sumNanos=360218522525 avgNanos=505924891
zil-additional-service  | 2026-05-04T12:20:08.952Z  INFO 1 --- [zil-additional-service] [   scheduling-1] r.a.observability.ObservabilityService   : LAB9 Observability window=30s category=http.main.rents count=712 sumNanos=174033921699 avgNanos=244429665
zil-additional-service  | 2026-05-04T12:20:08.952Z  INFO 1 --- [zil-additional-service] [   scheduling-1] r.a.observability.ObservabilityService   : LAB9 Observability window=30s category=http.main.cars count=709 sumNanos=185034525427 avgNanos=260979584
zil-additional-service  | 2026-05-04T12:20:08.952Z  INFO 1 --- [zil-additional-service] [   scheduling-1] r.a.observability.ObservabilityService   : LAB9 Observability window=30s category=additional.statsComputation.availability.cityDate count=712 sumNanos=222538652 avgNanos=312554
zil-additional-service  | 2026-05-04T12:20:08.952Z  INFO 1 --- [zil-additional-service] [   scheduling-1] r.a.observability.ObservabilityService   : LAB9 Observability window=1m category=web.additional.availability count=1409 sumNanos=691998006546 avgNanos=491127045
zil-additional-service  | 2026-05-04T12:20:08.952Z  INFO 1 --- [zil-additional-service] [   scheduling-1] r.a.observability.ObservabilityService   : LAB9 Observability window=1m category=http.main.rents count=1409 sumNanos=336137419740 avgNanos=238564527
zil-additional-service  | 2026-05-04T12:20:08.952Z  INFO 1 --- [zil-additional-service] [   scheduling-1] r.a.observability.ObservabilityService   : LAB9 Observability window=1m category=http.main.cars count=1409 sumNanos=355239263127 avgNanos=252121549
zil-additional-service  | 2026-05-04T12:20:08.952Z  INFO 1 --- [zil-additional-service] [   scheduling-1] r.a.observability.ObservabilityService   : LAB9 Observability window=1m category=additional.statsComputation.availability.cityDate count=1409 sumNanos=494380179 avgNanos=350873
zil-additional-service  | 2026-05-04T12:20:13.953Z  INFO 1 --- [zil-additional-service] [   scheduling-1] r.a.observability.ObservabilityService   : LAB9 Observability window=10s category=web.additional.availability count=244 sumNanos=112767252744 avgNanos=462160871
zil-additional-service  | 2026-05-04T12:20:13.953Z  INFO 1 --- [zil-additional-service] [   scheduling-1] r.a.observability.ObservabilityService   : LAB9 Observability window=10s category=http.main.rents count=244 sumNanos=53762004260 avgNanos=220336083
zil-additional-service  | 2026-05-04T12:20:13.953Z  INFO 1 --- [zil-additional-service] [   scheduling-1] r.a.observability.ObservabilityService   : LAB9 Observability window=10s category=http.main.cars count=245 sumNanos=58734705657 avgNanos=239733492
zil-additional-service  | 2026-05-04T12:20:13.953Z  INFO 1 --- [zil-additional-service] [   scheduling-1] r.a.observability.ObservabilityService   : LAB9 Observability window=10s category=additional.statsComputation.availability.cityDate count=244 sumNanos=69735657 avgNanos=285801
zil-additional-service  | 2026-05-04T12:20:13.953Z  INFO 1 --- [zil-additional-service] [   scheduling-1] r.a.observability.ObservabilityService   : LAB9 Observability window=30s category=web.additional.availability count=718 sumNanos=357938128156 avgNanos=498521069
zil-additional-service  | 2026-05-04T12:20:13.953Z  INFO 1 --- [zil-additional-service] [   scheduling-1] r.a.observability.ObservabilityService   : LAB9 Observability window=30s category=http.main.rents count=718 sumNanos=172288357566 avgNanos=239955929
zil-additional-service  | 2026-05-04T12:20:13.953Z  INFO 1 --- [zil-additional-service] [   scheduling-1] r.a.observability.ObservabilityService   : LAB9 Observability window=30s category=http.main.cars count=721 sumNanos=185989342796 avgNanos=257960253
zil-additional-service  | 2026-05-04T12:20:13.954Z  INFO 1 --- [zil-additional-service] [   scheduling-1] r.a.observability.ObservabilityService   : LAB9 Observability window=30s category=additional.statsComputation.availability.cityDate count=718 sumNanos=217440068 avgNanos=302841
zil-additional-service  | 2026-05-04T12:20:13.954Z  INFO 1 --- [zil-additional-service] [   scheduling-1] r.a.observability.ObservabilityService   : LAB9 Observability window=1m category=web.additional.availability count=1415 sumNanos=690995850434 avgNanos=488336290
zil-additional-service  | 2026-05-04T12:20:13.954Z  INFO 1 --- [zil-additional-service] [   scheduling-1] r.a.observability.ObservabilityService   : LAB9 Observability window=1m category=http.main.rents count=1415 sumNanos=335299498066 avgNanos=236960776
zil-additional-service  | 2026-05-04T12:20:13.954Z  INFO 1 --- [zil-additional-service] [   scheduling-1] r.a.observability.ObservabilityService   : LAB9 Observability window=1m category=http.main.cars count=1419 sumNanos=355760568985 avgNanos=250712169
zil-additional-service  | 2026-05-04T12:20:13.954Z  INFO 1 --- [zil-additional-service] [   scheduling-1] r.a.observability.ObservabilityService   : LAB9 Observability window=1m category=additional.statsComputation.availability.cityDate count=1415 sumNanos=491720586 avgNanos=347505
zil-additional-service  | 2026-05-04T12:20:18.954Z  INFO 1 --- [zil-additional-service] [   scheduling-1] r.a.observability.ObservabilityService   : LAB9 Observability window=10s category=web.additional.availability count=231 sumNanos=115858318302 avgNanos=501551161
zil-additional-service  | 2026-05-04T12:20:18.955Z  INFO 1 --- [zil-additional-service] [   scheduling-1] r.a.observability.ObservabilityService   : LAB9 Observability window=10s category=http.main.rents count=231 sumNanos=55155418191 avgNanos=238768044
zil-additional-service  | 2026-05-04T12:20:18.955Z  INFO 1 --- [zil-additional-service] [   scheduling-1] r.a.observability.ObservabilityService   : LAB9 Observability window=10s category=http.main.cars count=231 sumNanos=60426843453 avgNanos=261588066
zil-additional-service  | 2026-05-04T12:20:18.955Z  INFO 1 --- [zil-additional-service] [   scheduling-1] r.a.observability.ObservabilityService   : LAB9 Observability window=10s category=additional.statsComputation.availability.cityDate count=231 sumNanos=77346684 avgNanos=334834
zil-additional-service  | 2026-05-04T12:20:18.956Z  INFO 1 --- [zil-additional-service] [   scheduling-1] r.a.observability.ObservabilityService   : LAB9 Observability window=30s category=web.additional.availability count=714 sumNanos=363109551852 avgNanos=508556795
zil-additional-service  | 2026-05-04T12:20:18.956Z  INFO 1 --- [zil-additional-service] [   scheduling-1] r.a.observability.ObservabilityService   : LAB9 Observability window=30s category=http.main.rents count=714 sumNanos=174167521382 avgNanos=243932102
zil-additional-service  | 2026-05-04T12:20:18.956Z  INFO 1 --- [zil-additional-service] [   scheduling-1] r.a.observability.ObservabilityService   : LAB9 Observability window=30s category=http.main.cars count=710 sumNanos=186958822686 avgNanos=263322285
zil-additional-service  | 2026-05-04T12:20:18.957Z  INFO 1 --- [zil-additional-service] [   scheduling-1] r.a.observability.ObservabilityService   : LAB9 Observability window=30s category=additional.statsComputation.availability.cityDate count=714 sumNanos=204864014 avgNanos=286924
zil-additional-service  | 2026-05-04T12:20:18.957Z  INFO 1 --- [zil-additional-service] [   scheduling-1] r.a.observability.ObservabilityService   : LAB9 Observability window=1m category=web.additional.availability count=1411 sumNanos=697427852985 avgNanos=494279130
zil-additional-service  | 2026-05-04T12:20:18.958Z  INFO 1 --- [zil-additional-service] [   scheduling-1] r.a.observability.ObservabilityService   : LAB9 Observability window=1m category=http.main.rents count=1411 sumNanos=338350202744 avgNanos=239794615
zil-additional-service  | 2026-05-04T12:20:18.959Z  INFO 1 --- [zil-additional-service] [   scheduling-1] r.a.observability.ObservabilityService   : LAB9 Observability window=1m category=http.main.cars count=1409 sumNanos=358205381236 avgNanos=254226672
zil-additional-service  | 2026-05-04T12:20:18.959Z  INFO 1 --- [zil-additional-service] [   scheduling-1] r.a.observability.ObservabilityService   : LAB9 Observability window=1m category=additional.statsComputation.availability.cityDate count=1411 sumNanos=491790787 avgNanos=348540
zil-additional-service  | 2026-05-04T12:20:23.960Z  INFO 1 --- [zil-additional-service] [   scheduling-1] r.a.observability.ObservabilityService   : LAB9 Observability window=10s category=web.additional.availability count=236 sumNanos=118104462828 avgNanos=500442639
zil-additional-service  | 2026-05-04T12:20:23.960Z  INFO 1 --- [zil-additional-service] [   scheduling-1] r.a.observability.ObservabilityService   : LAB9 Observability window=10s category=http.main.rents count=236 sumNanos=57194170263 avgNanos=242348179
zil-additional-service  | 2026-05-04T12:20:23.960Z  INFO 1 --- [zil-additional-service] [   scheduling-1] r.a.observability.ObservabilityService   : LAB9 Observability window=10s category=http.main.cars count=233 sumNanos=60368963291 avgNanos=259094263
zil-additional-service  | 2026-05-04T12:20:23.960Z  INFO 1 --- [zil-additional-service] [   scheduling-1] r.a.observability.ObservabilityService   : LAB9 Observability window=10s category=additional.statsComputation.availability.cityDate count=236 sumNanos=68568724 avgNanos=290545
zil-additional-service  | 2026-05-04T12:20:23.960Z  INFO 1 --- [zil-additional-service] [   scheduling-1] r.a.observability.ObservabilityService   : LAB9 Observability window=30s category=web.additional.availability count=716 sumNanos=355388311186 avgNanos=496352389
zil-additional-service  | 2026-05-04T12:20:23.960Z  INFO 1 --- [zil-additional-service] [   scheduling-1] r.a.observability.ObservabilityService   : LAB9 Observability window=30s category=http.main.rents count=716 sumNanos=170931822836 avgNanos=238731596
zil-additional-service  | 2026-05-04T12:20:23.960Z  INFO 1 --- [zil-additional-service] [   scheduling-1] r.a.observability.ObservabilityService   : LAB9 Observability window=30s category=http.main.cars count=714 sumNanos=183991808120 avgNanos=257691608
zil-additional-service  | 2026-05-04T12:20:23.960Z  INFO 1 --- [zil-additional-service] [   scheduling-1] r.a.observability.ObservabilityService   : LAB9 Observability window=30s category=additional.statsComputation.availability.cityDate count=716 sumNanos=202670737 avgNanos=283059
zil-additional-service  | 2026-05-04T12:20:23.960Z  INFO 1 --- [zil-additional-service] [   scheduling-1] r.a.observability.ObservabilityService   : LAB9 Observability window=1m category=web.additional.availability count=1420 sumNanos=698345449402 avgNanos=491792570
zil-additional-service  | 2026-05-04T12:20:23.960Z  INFO 1 --- [zil-additional-service] [   scheduling-1] r.a.observability.ObservabilityService   : LAB9 Observability window=1m category=http.main.rents count=1420 sumNanos=338614275966 avgNanos=238460757
zil-additional-service  | 2026-05-04T12:20:23.960Z  INFO 1 --- [zil-additional-service] [   scheduling-1] r.a.observability.ObservabilityService   : LAB9 Observability window=1m category=http.main.cars count=1416 sumNanos=358253364418 avgNanos=253003788
zil-additional-service  | 2026-05-04T12:20:23.960Z  INFO 1 --- [zil-additional-service] [   scheduling-1] r.a.observability.ObservabilityService   : LAB9 Observability window=1m category=additional.statsComputation.availability.cityDate count=1420 sumNanos=485764737 avgNanos=342087
zil-additional-service  | 2026-05-04T12:20:28.962Z  INFO 1 --- [zil-additional-service] [   scheduling-1] r.a.observability.ObservabilityService   : LAB9 Observability window=10s category=web.additional.availability count=242 sumNanos=114976537067 avgNanos=475109657
zil-additional-service  | 2026-05-04T12:20:28.970Z  INFO 1 --- [zil-additional-service] [   scheduling-1] r.a.observability.ObservabilityService   : LAB9 Observability window=10s category=http.main.rents count=242 sumNanos=55762233781 avgNanos=230422453
zil-additional-service  | 2026-05-04T12:20:28.970Z  INFO 1 --- [zil-additional-service] [   scheduling-1] r.a.observability.ObservabilityService   : LAB9 Observability window=10s category=http.main.cars count=245 sumNanos=60095077009 avgNanos=245286028
zil-additional-service  | 2026-05-04T12:20:28.971Z  INFO 1 --- [zil-additional-service] [   scheduling-1] r.a.observability.ObservabilityService   : LAB9 Observability window=10s category=additional.statsComputation.availability.cityDate count=242 sumNanos=61180759 avgNanos=252813
zil-additional-service  | 2026-05-04T12:20:28.971Z  INFO 1 --- [zil-additional-service] [   scheduling-1] r.a.observability.ObservabilityService   : LAB9 Observability window=30s category=web.additional.availability count=714 sumNanos=354305361659 avgNanos=496225996
zil-additional-service  | 2026-05-04T12:20:28.972Z  INFO 1 --- [zil-additional-service] [   scheduling-1] r.a.observability.ObservabilityService   : LAB9 Observability window=30s category=http.main.rents count=714 sumNanos=169853275551 avgNanos=237889741
zil-additional-service  | 2026-05-04T12:20:28.972Z  INFO 1 --- [zil-additional-service] [   scheduling-1] r.a.observability.ObservabilityService   : LAB9 Observability window=30s category=http.main.cars count=711 sumNanos=182653094692 avgNanos=256896054
zil-additional-service  | 2026-05-04T12:20:28.973Z  INFO 1 --- [zil-additional-service] [   scheduling-1] r.a.observability.ObservabilityService   : LAB9 Observability window=30s category=additional.statsComputation.availability.cityDate count=714 sumNanos=198933060 avgNanos=278617
zil-additional-service  | 2026-05-04T12:20:28.977Z  INFO 1 --- [zil-additional-service] [   scheduling-1] r.a.observability.ObservabilityService   : LAB9 Observability window=1m category=web.additional.availability count=1418 sumNanos=700919848252 avgNanos=494301726
zil-additional-service  | 2026-05-04T12:20:28.978Z  INFO 1 --- [zil-additional-service] [   scheduling-1] r.a.observability.ObservabilityService   : LAB9 Observability window=1m category=http.main.rents count=1418 sumNanos=339442273623 avgNanos=239381011
zil-additional-service  | 2026-05-04T12:20:28.978Z  INFO 1 --- [zil-additional-service] [   scheduling-1] r.a.observability.ObservabilityService   : LAB9 Observability window=1m category=http.main.cars count=1417 sumNanos=361087486388 avgNanos=254825325
zil-additional-service  | 2026-05-04T12:20:28.978Z  INFO 1 --- [zil-additional-service] [   scheduling-1] r.a.observability.ObservabilityService   : LAB9 Observability window=1m category=additional.statsComputation.availability.cityDate count=1418 sumNanos=469631111 avgNanos=331192
zil-additional-service  | 2026-05-04T12:20:33.979Z  INFO 1 --- [zil-additional-service] [   scheduling-1] r.a.observability.ObservabilityService   : LAB9 Observability window=10s category=web.additional.availability count=232 sumNanos=117152980550 avgNanos=504969743
zil-additional-service  | 2026-05-04T12:20:33.979Z  INFO 1 --- [zil-additional-service] [   scheduling-1] r.a.observability.ObservabilityService   : LAB9 Observability window=10s category=http.main.rents count=232 sumNanos=57173290707 avgNanos=246436597
zil-additional-service  | 2026-05-04T12:20:33.979Z  INFO 1 --- [zil-additional-service] [   scheduling-1] r.a.observability.ObservabilityService   : LAB9 Observability window=10s category=http.main.cars count=234 sumNanos=60579998129 avgNanos=258888880
zil-additional-service  | 2026-05-04T12:20:33.979Z  INFO 1 --- [zil-additional-service] [   scheduling-1] r.a.observability.ObservabilityService   : LAB9 Observability window=10s category=additional.statsComputation.availability.cityDate count=232 sumNanos=76001626 avgNanos=327593
zil-additional-service  | 2026-05-04T12:20:33.980Z  INFO 1 --- [zil-additional-service] [   scheduling-1] r.a.observability.ObservabilityService   : LAB9 Observability window=30s category=web.additional.availability count=711 sumNanos=347328183215 avgNanos=488506586
zil-additional-service  | 2026-05-04T12:20:33.980Z  INFO 1 --- [zil-additional-service] [   scheduling-1] r.a.observability.ObservabilityService   : LAB9 Observability window=30s category=http.main.rents count=711 sumNanos=167716812581 avgNanos=235888625
zil-additional-service  | 2026-05-04T12:20:33.980Z  INFO 1 --- [zil-additional-service] [   scheduling-1] r.a.observability.ObservabilityService   : LAB9 Observability window=30s category=http.main.cars count=712 sumNanos=179683667077 avgNanos=252364700
zil-additional-service  | 2026-05-04T12:20:33.980Z  INFO 1 --- [zil-additional-service] [   scheduling-1] r.a.observability.ObservabilityService   : LAB9 Observability window=30s category=additional.statsComputation.availability.cityDate count=711 sumNanos=214205232 avgNanos=301273
zil-additional-service  | 2026-05-04T12:20:33.980Z  INFO 1 --- [zil-additional-service] [   scheduling-1] r.a.observability.ObservabilityService   : LAB9 Observability window=1m category=web.additional.availability count=1414 sumNanos=704516127727 avgNanos=498243371
zil-additional-service  | 2026-05-04T12:20:33.980Z  INFO 1 --- [zil-additional-service] [   scheduling-1] r.a.observability.ObservabilityService   : LAB9 Observability window=1m category=http.main.rents count=1414 sumNanos=340884397346 avgNanos=241078074
zil-additional-service  | 2026-05-04T12:20:33.980Z  INFO 1 --- [zil-additional-service] [   scheduling-1] r.a.observability.ObservabilityService   : LAB9 Observability window=1m category=http.main.cars count=1416 sumNanos=363768955344 avgNanos=256898979
zil-app                 | 2026-05-04T14:09:55.265Z  INFO 1 --- [   scheduling-1] r.observability.ObservabilityService     : LAB9 Observability window=1m category=web.RentController.getRents count=2509 sumNanos=435139351159 avgNanos=173431387
zil-app                 | 2026-05-04T14:09:55.266Z  INFO 1 --- [   scheduling-1] r.observability.ObservabilityService     : LAB9 Observability window=1m category=db.rent.findAll count=2509 sumNanos=435131612273 avgNanos=173428303
zil-additional-service  | 2026-05-04T12:20:33.980Z  INFO 1 --- [zil-additional-service] [   scheduling-1] r.a.observability.ObservabilityService   : LAB9 Observability window=1m category=additional.statsComputation.availability.cityDate count=1414 sumNanos=470085047 avgNanos=332450
zil-additional-service  | 2026-05-04T12:20:38.981Z  INFO 1 --- [zil-additional-service] [   scheduling-1] r.a.observability.ObservabilityService   : LAB9 Observability window=10s category=web.additional.availability count=235 sumNanos=117903961282 avgNanos=501718984
zil-additional-service  | 2026-05-04T12:20:38.982Z  INFO 1 --- [zil-additional-service] [   scheduling-1] r.a.observability.ObservabilityService   : LAB9 Observability window=10s category=http.main.rents count=235 sumNanos=57469837643 avgNanos=244552500
zil-additional-service  | 2026-05-04T12:20:38.983Z  INFO 1 --- [zil-additional-service] [   scheduling-1] r.a.observability.ObservabilityService   : LAB9 Observability window=10s category=http.main.cars count=235 sumNanos=60040652755 avgNanos=255492139
zil-additional-service  | 2026-05-04T12:20:38.983Z  INFO 1 --- [zil-additional-service] [   scheduling-1] r.a.observability.ObservabilityService   : LAB9 Observability window=10s category=additional.statsComputation.availability.cityDate count=235 sumNanos=79852666 avgNanos=339798
zil-additional-service  | 2026-05-04T12:20:38.983Z  INFO 1 --- [zil-additional-service] [   scheduling-1] r.a.observability.ObservabilityService   : LAB9 Observability window=30s category=web.additional.availability count=709 sumNanos=349338308615 avgNanos=492719758
zil-additional-service  | 2026-05-04T12:20:38.985Z  INFO 1 --- [zil-additional-service] [   scheduling-1] r.a.observability.ObservabilityService   : LAB9 Observability window=30s category=http.main.rents count=709 sumNanos=168637618477 avgNanos=237852776
zil-additional-service  | 2026-05-04T12:20:38.985Z  INFO 1 --- [zil-additional-service] [   scheduling-1] r.a.observability.ObservabilityService   : LAB9 Observability window=30s category=http.main.cars count=711 sumNanos=180562573217 avgNanos=253955799
zil-additional-service  | 2026-05-04T12:20:38.985Z  INFO 1 --- [zil-additional-service] [   scheduling-1] r.a.observability.ObservabilityService   : LAB9 Observability window=30s category=additional.statsComputation.availability.cityDate count=709 sumNanos=218508371 avgNanos=308192
zil-additional-service  | 2026-05-04T12:20:38.985Z  INFO 1 --- [zil-additional-service] [   scheduling-1] r.a.observability.ObservabilityService   : LAB9 Observability window=1m category=web.additional.availability count=1421 sumNanos=709556831140 avgNanos=499336263
zil-additional-service  | 2026-05-04T12:20:38.985Z  INFO 1 --- [zil-additional-service] [   scheduling-1] r.a.observability.ObservabilityService   : LAB9 Observability window=1m category=http.main.rents count=1421 sumNanos=342671540176 avgNanos=241148163
zil-additional-service  | 2026-05-04T12:20:38.985Z  INFO 1 --- [zil-additional-service] [   scheduling-1] r.a.observability.ObservabilityService   : LAB9 Observability window=1m category=http.main.cars count=1420 sumNanos=365597098644 avgNanos=257462745
zil-additional-service  | 2026-05-04T12:20:38.985Z  INFO 1 --- [zil-additional-service] [   scheduling-1] r.a.observability.ObservabilityService   : LAB9 Observability window=1m category=additional.statsComputation.availability.cityDate count=1421 sumNanos=441047023 avgNanos=310377
zil-additional-service  | 2026-05-04T12:20:43.986Z  INFO 1 --- [zil-additional-service] [   scheduling-1] r.a.observability.ObservabilityService   : LAB9 Observability window=10s category=web.additional.availability count=198 sumNanos=97772426530 avgNanos=493800133
zil-additional-service  | 2026-05-04T12:20:43.986Z  INFO 1 --- [zil-additional-service] [   scheduling-1] r.a.observability.ObservabilityService   : LAB9 Observability window=10s category=http.main.rents count=198 sumNanos=46951977808 avgNanos=237131201
zil-additional-service  | 2026-05-04T12:20:43.986Z  INFO 1 --- [zil-additional-service] [   scheduling-1] r.a.observability.ObservabilityService   : LAB9 Observability window=10s category=http.main.cars count=192 sumNanos=49026113667 avgNanos=255344342
zil-additional-service  | 2026-05-04T12:20:43.986Z  INFO 1 --- [zil-additional-service] [   scheduling-1] r.a.observability.ObservabilityService   : LAB9 Observability window=10s category=additional.statsComputation.availability.cityDate count=198 sumNanos=56157056 avgNanos=283621
zil-additional-service  | 2026-05-04T12:20:43.986Z  INFO 1 --- [zil-additional-service] [   scheduling-1] r.a.observability.ObservabilityService   : LAB9 Observability window=30s category=web.additional.availability count=664 sumNanos=332141667061 avgNanos=500213354
zil-additional-service  | 2026-05-04T12:20:43.986Z  INFO 1 --- [zil-additional-service] [   scheduling-1] r.a.observability.ObservabilityService   : LAB9 Observability window=30s category=http.main.rents count=664 sumNanos=160768884774 avgNanos=242121814
zil-additional-service  | 2026-05-04T12:20:43.987Z  INFO 1 --- [zil-additional-service] [   scheduling-1] r.a.observability.ObservabilityService   : LAB9 Observability window=30s category=http.main.cars count=658 sumNanos=169703412671 avgNanos=257907921
zil-additional-service  | 2026-05-04T12:20:43.987Z  INFO 1 --- [zil-additional-service] [   scheduling-1] r.a.observability.ObservabilityService   : LAB9 Observability window=30s category=additional.statsComputation.availability.cityDate count=664 sumNanos=199855470 avgNanos=300987
zil-additional-service  | 2026-05-04T12:20:43.987Z  INFO 1 --- [zil-additional-service] [   scheduling-1] r.a.observability.ObservabilityService   : LAB9 Observability window=1m category=web.additional.availability count=1385 sumNanos=691360768269 avgNanos=499177450
zil-additional-service  | 2026-05-04T12:20:43.987Z  INFO 1 --- [zil-additional-service] [   scheduling-1] r.a.observability.ObservabilityService   : LAB9 Observability window=1m category=http.main.rents count=1385 sumNanos=333748897075 avgNanos=240973932
zil-additional-service  | 2026-05-04T12:20:43.987Z  INFO 1 --- [zil-additional-service] [   scheduling-1] r.a.observability.ObservabilityService   : LAB9 Observability window=1m category=http.main.cars count=1378 sumNanos=355478696264 avgNanos=257967123
zil-additional-service  | 2026-05-04T12:20:43.987Z  INFO 1 --- [zil-additional-service] [   scheduling-1] r.a.observability.ObservabilityService   : LAB9 Observability window=1m category=additional.statsComputation.availability.cityDate count=1385 sumNanos=418383665 avgNanos=302082
zil-additional-service  | 2026-05-04T12:20:48.987Z  INFO 1 --- [zil-additional-service] [   scheduling-1] r.a.observability.ObservabilityService   : LAB9 Observability window=10s category=web.additional.availability count=78 sumNanos=39127249332 avgNanos=501631401
zil-additional-service  | 2026-05-04T12:20:48.988Z  INFO 1 --- [zil-additional-service] [   scheduling-1] r.a.observability.ObservabilityService   : LAB9 Observability window=10s category=http.main.rents count=78 sumNanos=18774360415 avgNanos=240696928
zil-additional-service  | 2026-05-04T12:20:48.988Z  INFO 1 --- [zil-additional-service] [   scheduling-1] r.a.observability.ObservabilityService   : LAB9 Observability window=10s category=http.main.cars count=72 sumNanos=19089559469 avgNanos=265132770
zil-app                 | 2026-05-04T14:09:55.267Z  INFO 1 --- [   scheduling-1] r.observability.ObservabilityService     : LAB9 Observability window=1m category=web.CarController.getCars count=2506 sumNanos=411605108590 avgNanos=164247848
zil-app                 | 2026-05-04T14:09:55.337Z  INFO 1 --- [   scheduling-1] r.observability.ObservabilityService     : LAB9 Observability window=1m category=db.car.findAll count=2506 sumNanos=411585529398 avgNanos=164240035
zil-app                 | 2026-05-04T14:10:00.338Z  INFO 1 --- [   scheduling-1] r.observability.ObservabilityService     : LAB9 Observability window=10s category=web.RentController.getRents count=451 sumNanos=71767581087 avgNanos=159129891
zil-app                 | 2026-05-04T14:10:00.348Z  INFO 1 --- [   scheduling-1] r.observability.ObservabilityService     : LAB9 Observability window=10s category=db.rent.findAll count=451 sumNanos=71766021990 avgNanos=159126434
zil-app                 | 2026-05-04T14:10:00.348Z  INFO 1 --- [   scheduling-1] r.observability.ObservabilityService     : LAB9 Observability window=10s category=web.CarController.getCars count=455 sumNanos=71121814035 avgNanos=156311679
zil-app                 | 2026-05-04T14:10:00.348Z  INFO 1 --- [   scheduling-1] r.observability.ObservabilityService     : LAB9 Observability window=10s category=db.car.findAll count=455 sumNanos=71120506437 avgNanos=156308805
zil-app                 | 2026-05-04T14:10:00.348Z  INFO 1 --- [   scheduling-1] r.observability.ObservabilityService     : LAB9 Observability window=30s category=web.RentController.getRents count=1311 sumNanos=218202564268 avgNanos=166439789
zil-app                 | 2026-05-04T14:10:00.348Z  INFO 1 --- [   scheduling-1] r.observability.ObservabilityService     : LAB9 Observability window=30s category=db.rent.findAll count=1311 sumNanos=218198488554 avgNanos=166436680
zil-app                 | 2026-05-04T14:10:00.348Z  INFO 1 --- [   scheduling-1] r.observability.ObservabilityService     : LAB9 Observability window=30s category=web.CarController.getCars count=1312 sumNanos=211921374855 avgNanos=161525438
zil-app                 | 2026-05-04T14:10:00.348Z  INFO 1 --- [   scheduling-1] r.observability.ObservabilityService     : LAB9 Observability window=30s category=db.car.findAll count=1312 sumNanos=211911220385 avgNanos=161517698
zil-app                 | 2026-05-04T14:10:00.424Z  INFO 1 --- [   scheduling-1] r.observability.ObservabilityService     : LAB9 Observability window=1m category=web.RentController.getRents count=2537 sumNanos=433575628650 avgNanos=170900917
zil-app                 | 2026-05-04T14:10:00.430Z  INFO 1 --- [   scheduling-1] r.observability.ObservabilityService     : LAB9 Observability window=1m category=db.rent.findAll count=2537 sumNanos=433568547312 avgNanos=170898126
zil-app                 | 2026-05-04T14:10:00.430Z  INFO 1 --- [   scheduling-1] r.observability.ObservabilityService     : LAB9 Observability window=1m category=web.CarController.getCars count=2541 sumNanos=414641148127 avgNanos=163180302
zil-app                 | 2026-05-04T14:10:00.430Z  INFO 1 --- [   scheduling-1] r.observability.ObservabilityService     : LAB9 Observability window=1m category=db.car.findAll count=2541 sumNanos=414620954598 avgNanos=163172355
zil-app                 | 2026-05-04T14:10:05.431Z  INFO 1 --- [   scheduling-1] r.observability.ObservabilityService     : LAB9 Observability window=10s category=web.RentController.getRents count=231 sumNanos=37807579843 avgNanos=163669176
zil-app                 | 2026-05-04T14:10:05.431Z  INFO 1 --- [   scheduling-1] r.observability.ObservabilityService     : LAB9 Observability window=10s category=db.rent.findAll count=231 sumNanos=37806601088 avgNanos=163664939
zil-app                 | 2026-05-04T14:10:05.431Z  INFO 1 --- [   scheduling-1] r.observability.ObservabilityService     : LAB9 Observability window=10s category=web.CarController.getCars count=227 sumNanos=36386659493 avgNanos=160293654
zil-app                 | 2026-05-04T14:10:05.431Z  INFO 1 --- [   scheduling-1] r.observability.ObservabilityService     : LAB9 Observability window=10s category=db.car.findAll count=227 sumNanos=36385677214 avgNanos=160289326
zil-app                 | 2026-05-04T14:10:05.431Z  INFO 1 --- [   scheduling-1] r.observability.ObservabilityService     : LAB9 Observability window=30s category=web.RentController.getRents count=1100 sumNanos=182162005328 avgNanos=165601823
zil-app                 | 2026-05-04T14:10:05.431Z  INFO 1 --- [   scheduling-1] r.observability.ObservabilityService     : LAB9 Observability window=30s category=db.rent.findAll count=1100 sumNanos=182158609691 avgNanos=165598736
zil-app                 | 2026-05-04T14:10:05.431Z  INFO 1 --- [   scheduling-1] r.observability.ObservabilityService     : LAB9 Observability window=30s category=web.CarController.getCars count=1091 sumNanos=175740268469 avgNanos=161081822
zil-app                 | 2026-05-04T14:10:05.431Z  INFO 1 --- [   scheduling-1] r.observability.ObservabilityService     : LAB9 Observability window=30s category=db.car.findAll count=1091 sumNanos=175730494066 avgNanos=161072863
zil-app                 | 2026-05-04T14:10:05.432Z  INFO 1 --- [   scheduling-1] r.observability.ObservabilityService     : LAB9 Observability window=1m category=web.RentController.getRents count=2349 sumNanos=401107314222 avgNanos=170756625
zil-app                 | 2026-05-04T14:10:05.432Z  INFO 1 --- [   scheduling-1] r.observability.ObservabilityService     : LAB9 Observability window=1m category=db.rent.findAll count=2349 sumNanos=401100536733 avgNanos=170753740
zil-app                 | 2026-05-04T14:10:05.432Z  INFO 1 --- [   scheduling-1] r.observability.ObservabilityService     : LAB9 Observability window=1m category=web.CarController.getCars count=2337 sumNanos=381717497339 avgNanos=163336541
zil-app                 | 2026-05-04T14:10:05.432Z  INFO 1 --- [   scheduling-1] r.observability.ObservabilityService     : LAB9 Observability window=1m category=db.car.findAll count=2337 sumNanos=381697612910 avgNanos=163328032
zil-app                 | 2026-05-04T14:10:10.433Z  INFO 1 --- [   scheduling-1] r.observability.ObservabilityService     : LAB9 Observability window=10s category=web.RentController.getRents count=12 sumNanos=2118948609 avgNanos=176579050
zil-app                 | 2026-05-04T14:10:10.433Z  INFO 1 --- [   scheduling-1] r.observability.ObservabilityService     : LAB9 Observability window=10s category=db.rent.findAll count=12 sumNanos=2118932012 avgNanos=176577667
zil-app                 | 2026-05-04T14:10:10.433Z  INFO 1 --- [   scheduling-1] r.observability.ObservabilityService     : LAB9 Observability window=10s category=web.CarController.getCars count=1 sumNanos=192436284 avgNanos=192436284
zil-app                 | 2026-05-04T14:10:10.433Z  INFO 1 --- [   scheduling-1] r.observability.ObservabilityService     : LAB9 Observability window=10s category=db.car.findAll count=1 sumNanos=192434952 avgNanos=192434952
zil-app                 | 2026-05-04T14:10:10.433Z  INFO 1 --- [   scheduling-1] r.observability.ObservabilityService     : LAB9 Observability window=30s category=web.RentController.getRents count=893 sumNanos=147183957466 avgNanos=164819661
zil-app                 | 2026-05-04T14:10:10.433Z  INFO 1 --- [   scheduling-1] r.observability.ObservabilityService     : LAB9 Observability window=30s category=db.rent.findAll count=893 sumNanos=147181037192 avgNanos=164816391
zil-app                 | 2026-05-04T14:10:10.433Z  INFO 1 --- [   scheduling-1] r.observability.ObservabilityService     : LAB9 Observability window=30s category=web.CarController.getCars count=884 sumNanos=143181257871 avgNanos=161969748
zil-app                 | 2026-05-04T14:10:10.433Z  INFO 1 --- [   scheduling-1] r.observability.ObservabilityService     : LAB9 Observability window=30s category=db.car.findAll count=884 sumNanos=143179109083 avgNanos=161967317
zil-app                 | 2026-05-04T14:10:10.433Z  INFO 1 --- [   scheduling-1] r.observability.ObservabilityService     : LAB9 Observability window=1m category=web.RentController.getRents count=2131 sumNanos=364195729972 avgNanos=170903674
zil-app                 | 2026-05-04T14:10:10.434Z  INFO 1 --- [   scheduling-1] r.observability.ObservabilityService     : LAB9 Observability window=1m category=db.rent.findAll count=2131 sumNanos=364189309169 avgNanos=170900661
zil-app                 | 2026-05-04T14:10:10.434Z  INFO 1 --- [   scheduling-1] r.observability.ObservabilityService     : LAB9 Observability window=1m category=web.CarController.getCars count=2121 sumNanos=346511296790 avgNanos=163371662
zil-app                 | 2026-05-04T14:10:10.434Z  INFO 1 --- [   scheduling-1] r.observability.ObservabilityService     : LAB9 Observability window=1m category=db.car.findAll count=2121 sumNanos=346491742519 avgNanos=163362443
zil-app                 | 2026-05-04T14:10:15.434Z  INFO 1 --- [   scheduling-1] r.observability.ObservabilityService     : LAB9 Observability window=30s category=web.RentController.getRents count=667 sumNanos=111227102727 avgNanos=166757275
zil-app                 | 2026-05-04T14:10:15.434Z  INFO 1 --- [   scheduling-1] r.observability.ObservabilityService     : LAB9 Observability window=30s category=db.rent.findAll count=667 sumNanos=111225095576 avgNanos=166754266
zil-app                 | 2026-05-04T14:10:15.434Z  INFO 1 --- [   scheduling-1] r.observability.ObservabilityService     : LAB9 Observability window=30s category=web.CarController.getCars count=659 sumNanos=105680723918 avgNanos=160365286
zil-app                 | 2026-05-04T14:10:15.434Z  INFO 1 --- [   scheduling-1] r.observability.ObservabilityService     : LAB9 Observability window=30s category=db.car.findAll count=659 sumNanos=105679077394 avgNanos=160362788
zil-app                 | 2026-05-04T14:10:15.435Z  INFO 1 --- [   scheduling-1] r.observability.ObservabilityService     : LAB9 Observability window=1m category=web.RentController.getRents count=1939 sumNanos=328645098667 avgNanos=169492057
zil-app                 | 2026-05-04T14:10:15.435Z  INFO 1 --- [   scheduling-1] r.observability.ObservabilityService     : LAB9 Observability window=1m category=db.rent.findAll count=1939 sumNanos=328639096871 avgNanos=169488961
zil-app                 | 2026-05-04T14:10:15.435Z  INFO 1 --- [   scheduling-1] r.observability.ObservabilityService     : LAB9 Observability window=1m category=web.CarController.getCars count=1930 sumNanos=313754442077 avgNanos=162567068
zil-app                 | 2026-05-04T14:10:15.435Z  INFO 1 --- [   scheduling-1] r.observability.ObservabilityService     : LAB9 Observability window=1m category=db.car.findAll count=1930 sumNanos=313735280034 avgNanos=162557139
zil-additional-service  | 2026-05-04T12:20:48.988Z  INFO 1 --- [zil-additional-service] [   scheduling-1] r.a.observability.ObservabilityService   : LAB9 Observability window=10s category=additional.statsComputation.availability.cityDate count=78 sumNanos=24387322 avgNanos=312657
zil-additional-service  | 2026-05-04T12:20:48.988Z  INFO 1 --- [zil-additional-service] [   scheduling-1] r.a.observability.ObservabilityService   : LAB9 Observability window=30s category=web.additional.availability count=556 sumNanos=272607239645 avgNanos=490300790
zil-additional-service  | 2026-05-04T12:20:48.988Z  INFO 1 --- [zil-additional-service] [   scheduling-1] r.a.observability.ObservabilityService   : LAB9 Observability window=30s category=http.main.rents count=556 sumNanos=132256560701 avgNanos=237871512
zil-additional-service  | 2026-05-04T12:20:48.988Z  INFO 1 --- [zil-additional-service] [   scheduling-1] r.a.observability.ObservabilityService   : LAB9 Observability window=30s category=http.main.cars count=551 sumNanos=139025493713 avgNanos=252314870
zil-additional-service  | 2026-05-04T12:20:48.988Z  INFO 1 --- [zil-additional-service] [   scheduling-1] r.a.observability.ObservabilityService   : LAB9 Observability window=30s category=additional.statsComputation.availability.cityDate count=556 sumNanos=165549009 avgNanos=297750
zil-additional-service  | 2026-05-04T12:20:48.988Z  INFO 1 --- [zil-additional-service] [   scheduling-1] r.a.observability.ObservabilityService   : LAB9 Observability window=1m category=web.additional.availability count=1270 sumNanos=635716791497 avgNanos=500564402
zil-additional-service  | 2026-05-04T12:20:48.992Z  INFO 1 --- [zil-additional-service] [   scheduling-1] r.a.observability.ObservabilityService   : LAB9 Observability window=1m category=http.main.rents count=1270 sumNanos=306424082083 avgNanos=241278804
zil-additional-service  | 2026-05-04T12:20:48.992Z  INFO 1 --- [zil-additional-service] [   scheduling-1] r.a.observability.ObservabilityService   : LAB9 Observability window=1m category=http.main.cars count=1262 sumNanos=326184111919 avgNanos=258466015
zil-additional-service  | 2026-05-04T12:20:48.992Z  INFO 1 --- [zil-additional-service] [   scheduling-1] r.a.observability.ObservabilityService   : LAB9 Observability window=1m category=additional.statsComputation.availability.cityDate count=1270 sumNanos=370413023 avgNanos=291663
zil-additional-service  | 2026-05-04T12:20:53.993Z  INFO 1 --- [zil-additional-service] [   scheduling-1] r.a.observability.ObservabilityService   : LAB9 Observability window=30s category=web.additional.availability count=429 sumNanos=214477228108 avgNanos=499946918
zil-additional-service  | 2026-05-04T12:20:53.993Z  INFO 1 --- [zil-additional-service] [   scheduling-1] r.a.observability.ObservabilityService   : LAB9 Observability window=30s category=http.main.rents count=429 sumNanos=103864571089 avgNanos=242108557
zil-additional-service  | 2026-05-04T12:20:53.993Z  INFO 1 --- [zil-additional-service] [   scheduling-1] r.a.observability.ObservabilityService   : LAB9 Observability window=30s category=http.main.cars count=426 sumNanos=109606111796 avgNanos=257291342
zil-additional-service  | 2026-05-04T12:20:53.994Z  INFO 1 --- [zil-additional-service] [   scheduling-1] r.a.observability.ObservabilityService   : LAB9 Observability window=30s category=additional.statsComputation.availability.cityDate count=429 sumNanos=131962981 avgNanos=307606
zil-additional-service  | 2026-05-04T12:20:53.994Z  INFO 1 --- [zil-additional-service] [   scheduling-1] r.a.observability.ObservabilityService   : LAB9 Observability window=1m category=web.additional.availability count=1146 sumNanos=570328602691 avgNanos=497668937
zil-additional-service  | 2026-05-04T12:20:53.994Z  INFO 1 --- [zil-additional-service] [   scheduling-1] r.a.observability.ObservabilityService   : LAB9 Observability window=1m category=http.main.rents count=1146 sumNanos=275005447601 avgNanos=239969849
zil-additional-service  | 2026-05-04T12:20:53.994Z  INFO 1 --- [zil-additional-service] [   scheduling-1] r.a.observability.ObservabilityService   : LAB9 Observability window=1m category=http.main.cars count=1139 sumNanos=293199840631 avgNanos=257418648
zil-additional-service  | 2026-05-04T12:20:53.994Z  INFO 1 --- [zil-additional-service] [   scheduling-1] r.a.observability.ObservabilityService   : LAB9 Observability window=1m category=additional.statsComputation.availability.cityDate count=1146 sumNanos=334901502 avgNanos=292235
zil-additional-service  | 2026-05-04T12:20:58.995Z  INFO 1 --- [zil-additional-service] [   scheduling-1] r.a.observability.ObservabilityService   : LAB9 Observability window=30s category=web.additional.availability count=313 sumNanos=157031210614 avgNanos=501697158
zil-additional-service  | 2026-05-04T12:20:58.995Z  INFO 1 --- [zil-additional-service] [   scheduling-1] r.a.observability.ObservabilityService   : LAB9 Observability window=30s category=http.main.rents count=313 sumNanos=76244198058 avgNanos=243591687
zil-additional-service  | 2026-05-04T12:20:58.995Z  INFO 1 --- [zil-additional-service] [   scheduling-1] r.a.observability.ObservabilityService   : LAB9 Observability window=30s category=http.main.cars count=306 sumNanos=78970120105 avgNanos=258072287
zil-additional-service  | 2026-05-04T12:20:58.995Z  INFO 1 --- [zil-additional-service] [   scheduling-1] r.a.observability.ObservabilityService   : LAB9 Observability window=30s category=additional.statsComputation.availability.cityDate count=313 sumNanos=104239988 avgNanos=333035
zil-additional-service  | 2026-05-04T12:20:58.995Z  INFO 1 --- [zil-additional-service] [   scheduling-1] r.a.observability.ObservabilityService   : LAB9 Observability window=1m category=web.additional.availability count=1027 sumNanos=511336572273 avgNanos=497893449
zil-additional-service  | 2026-05-04T12:20:58.995Z  INFO 1 --- [zil-additional-service] [   scheduling-1] r.a.observability.ObservabilityService   : LAB9 Observability window=1m category=http.main.rents count=1027 sumNanos=246097473609 avgNanos=239627530
zil-additional-service  | 2026-05-04T12:20:58.995Z  INFO 1 --- [zil-additional-service] [   scheduling-1] r.a.observability.ObservabilityService   : LAB9 Observability window=1m category=http.main.cars count=1018 sumNanos=261783306916 avgNanos=257154525
zil-additional-service  | 2026-05-04T12:20:58.995Z  INFO 1 --- [zil-additional-service] [   scheduling-1] r.a.observability.ObservabilityService   : LAB9 Observability window=1m category=additional.statsComputation.availability.cityDate count=1027 sumNanos=303173048 avgNanos=295202
zil-additional-service  | 2026-05-04T12:21:03.996Z  INFO 1 --- [zil-additional-service] [   scheduling-1] r.a.observability.ObservabilityService   : LAB9 Observability window=30s category=web.additional.availability count=198 sumNanos=97772426530 avgNanos=493800133
zil-additional-service  | 2026-05-04T12:21:03.996Z  INFO 1 --- [zil-additional-service] [   scheduling-1] r.a.observability.ObservabilityService   : LAB9 Observability window=30s category=http.main.rents count=198 sumNanos=46951977808 avgNanos=237131201
zil-additional-service  | 2026-05-04T12:21:03.996Z  INFO 1 --- [zil-additional-service] [   scheduling-1] r.a.observability.ObservabilityService   : LAB9 Observability window=30s category=http.main.cars count=192 sumNanos=49026113667 avgNanos=255344342
zil-additional-service  | 2026-05-04T12:21:03.996Z  INFO 1 --- [zil-additional-service] [   scheduling-1] r.a.observability.ObservabilityService   : LAB9 Observability window=30s category=additional.statsComputation.availability.cityDate count=198 sumNanos=56157056 avgNanos=283621
zil-additional-service  | 2026-05-04T12:21:03.996Z  INFO 1 --- [zil-additional-service] [   scheduling-1] r.a.observability.ObservabilityService   : LAB9 Observability window=1m category=web.additional.availability count=909 sumNanos=445100609745 avgNanos=489659636
zil-additional-service  | 2026-05-04T12:21:03.996Z  INFO 1 --- [zil-additional-service] [   scheduling-1] r.a.observability.ObservabilityService   : LAB9 Observability window=1m category=http.main.rents count=909 sumNanos=214668790389 avgNanos=236159285
zil-additional-service  | 2026-05-04T12:21:03.996Z  INFO 1 --- [zil-additional-service] [   scheduling-1] r.a.observability.ObservabilityService   : LAB9 Observability window=1m category=http.main.cars count=904 sumNanos=228709780744 avgNanos=252997545
zil-additional-service  | 2026-05-04T12:21:03.996Z  INFO 1 --- [zil-additional-service] [   scheduling-1] r.a.observability.ObservabilityService   : LAB9 Observability window=1m category=additional.statsComputation.availability.cityDate count=909 sumNanos=270362288 avgNanos=297428
zil-additional-service  | 2026-05-04T12:21:08.997Z  INFO 1 --- [zil-additional-service] [   scheduling-1] r.a.observability.ObservabilityService   : LAB9 Observability window=30s category=web.additional.availability count=78 sumNanos=39127249332 avgNanos=501631401
zil-additional-service  | 2026-05-04T12:21:08.997Z  INFO 1 --- [zil-additional-service] [   scheduling-1] r.a.observability.ObservabilityService   : LAB9 Observability window=30s category=http.main.rents count=78 sumNanos=18774360415 avgNanos=240696928
zil-additional-service  | 2026-05-04T12:21:08.997Z  INFO 1 --- [zil-additional-service] [   scheduling-1] r.a.observability.ObservabilityService   : LAB9 Observability window=30s category=http.main.cars count=72 sumNanos=19089559469 avgNanos=265132770
zil-additional-service  | 2026-05-04T12:21:08.997Z  INFO 1 --- [zil-additional-service] [   scheduling-1] r.a.observability.ObservabilityService   : LAB9 Observability window=30s category=additional.statsComputation.availability.cityDate count=78 sumNanos=24387322 avgNanos=312657
zil-additional-service  | 2026-05-04T12:21:08.997Z  INFO 1 --- [zil-additional-service] [   scheduling-1] r.a.observability.ObservabilityService   : LAB9 Observability window=1m category=web.additional.availability count=787 sumNanos=388465557947 avgNanos=493602996
zil-additional-service  | 2026-05-04T12:21:08.997Z  INFO 1 --- [zil-additional-service] [   scheduling-1] r.a.observability.ObservabilityService   : LAB9 Observability window=1m category=http.main.rents count=787 sumNanos=187411978892 avgNanos=238134661
zil-additional-service  | 2026-05-04T12:21:08.997Z  INFO 1 --- [zil-additional-service] [   scheduling-1] r.a.observability.ObservabilityService   : LAB9 Observability window=1m category=http.main.cars count=783 sumNanos=199652132686 avgNanos=254983566
zil-additional-service  | 2026-05-04T12:21:08.997Z  INFO 1 --- [zil-additional-service] [   scheduling-1] r.a.observability.ObservabilityService   : LAB9 Observability window=1m category=additional.statsComputation.availability.cityDate count=787 sumNanos=242895693 avgNanos=308634
zil-additional-service  | 2026-05-04T12:21:13.998Z  INFO 1 --- [zil-additional-service] [   scheduling-1] r.a.observability.ObservabilityService   : LAB9 Observability window=1m category=web.additional.availability count=664 sumNanos=332141667061 avgNanos=500213354
zil-additional-service  | 2026-05-04T12:21:13.998Z  INFO 1 --- [zil-additional-service] [   scheduling-1] r.a.observability.ObservabilityService   : LAB9 Observability window=1m category=http.main.rents count=664 sumNanos=160768884774 avgNanos=242121814
zil-additional-service  | 2026-05-04T12:21:13.998Z  INFO 1 --- [zil-additional-service] [   scheduling-1] r.a.observability.ObservabilityService   : LAB9 Observability window=1m category=http.main.cars count=658 sumNanos=169703412671 avgNanos=257907921
zil-additional-service  | 2026-05-04T12:21:13.998Z  INFO 1 --- [zil-additional-service] [   scheduling-1] r.a.observability.ObservabilityService   : LAB9 Observability window=1m category=additional.statsComputation.availability.cityDate count=664 sumNanos=199855470 avgNanos=300987
zil-additional-service  | 2026-05-04T12:21:18.998Z  INFO 1 --- [zil-additional-service] [   scheduling-1] r.a.observability.ObservabilityService   : LAB9 Observability window=1m category=web.additional.availability count=556 sumNanos=272607239645 avgNanos=490300790
zil-additional-service  | 2026-05-04T12:21:18.999Z  INFO 1 --- [zil-additional-service] [   scheduling-1] r.a.observability.ObservabilityService   : LAB9 Observability window=1m category=http.main.rents count=556 sumNanos=132256560701 avgNanos=237871512
zil-additional-service  | 2026-05-04T12:21:18.999Z  INFO 1 --- [zil-additional-service] [   scheduling-1] r.a.observability.ObservabilityService   : LAB9 Observability window=1m category=http.main.cars count=551 sumNanos=139025493713 avgNanos=252314870
zil-additional-service  | 2026-05-04T12:21:18.999Z  INFO 1 --- [zil-additional-service] [   scheduling-1] r.a.observability.ObservabilityService   : LAB9 Observability window=1m category=additional.statsComputation.availability.cityDate count=556 sumNanos=165549009 avgNanos=297750
zil-additional-service  | 2026-05-04T12:21:23.999Z  INFO 1 --- [zil-additional-service] [   scheduling-1] r.a.observability.ObservabilityService   : LAB9 Observability window=1m category=web.additional.availability count=429 sumNanos=214477228108 avgNanos=499946918
zil-additional-service  | 2026-05-04T12:21:23.999Z  INFO 1 --- [zil-additional-service] [   scheduling-1] r.a.observability.ObservabilityService   : LAB9 Observability window=1m category=http.main.rents count=429 sumNanos=103864571089 avgNanos=242108557
zil-additional-service  | 2026-05-04T12:21:24.000Z  INFO 1 --- [zil-additional-service] [   scheduling-1] r.a.observability.ObservabilityService   : LAB9 Observability window=1m category=http.main.cars count=426 sumNanos=109606111796 avgNanos=257291342
zil-additional-service  | 2026-05-04T12:21:24.000Z  INFO 1 --- [zil-additional-service] [   scheduling-1] r.a.observability.ObservabilityService   : LAB9 Observability window=1m category=additional.statsComputation.availability.cityDate count=429 sumNanos=131962981 avgNanos=307606
zil-additional-service  | 2026-05-04T12:21:29.000Z  INFO 1 --- [zil-additional-service] [   scheduling-1] r.a.observability.ObservabilityService   : LAB9 Observability window=1m category=web.additional.availability count=313 sumNanos=157031210614 avgNanos=501697158
zil-additional-service  | 2026-05-04T12:21:29.000Z  INFO 1 --- [zil-additional-service] [   scheduling-1] r.a.observability.ObservabilityService   : LAB9 Observability window=1m category=http.main.rents count=313 sumNanos=76244198058 avgNanos=243591687
zil-additional-service  | 2026-05-04T12:21:29.000Z  INFO 1 --- [zil-additional-service] [   scheduling-1] r.a.observability.ObservabilityService   : LAB9 Observability window=1m category=http.main.cars count=306 sumNanos=78970120105 avgNanos=258072287
zil-additional-service  | 2026-05-04T12:21:29.000Z  INFO 1 --- [zil-additional-service] [   scheduling-1] r.a.observability.ObservabilityService   : LAB9 Observability window=1m category=additional.statsComputation.availability.cityDate count=313 sumNanos=104239988 avgNanos=333035
zil-additional-service  | 2026-05-04T12:21:34.001Z  INFO 1 --- [zil-additional-service] [   scheduling-1] r.a.observability.ObservabilityService   : LAB9 Observability window=1m category=web.additional.availability count=198 sumNanos=97772426530 avgNanos=493800133
zil-additional-service  | 2026-05-04T12:21:34.001Z  INFO 1 --- [zil-additional-service] [   scheduling-1] r.a.observability.ObservabilityService   : LAB9 Observability window=1m category=http.main.rents count=198 sumNanos=46951977808 avgNanos=237131201
zil-additional-service  | 2026-05-04T12:21:34.001Z  INFO 1 --- [zil-additional-service] [   scheduling-1] r.a.observability.ObservabilityService   : LAB9 Observability window=1m category=http.main.cars count=192 sumNanos=49026113667 avgNanos=255344342
zil-additional-service  | 2026-05-04T12:21:34.001Z  INFO 1 --- [zil-additional-service] [   scheduling-1] r.a.observability.ObservabilityService   : LAB9 Observability window=1m category=additional.statsComputation.availability.cityDate count=198 sumNanos=56157056 avgNanos=283621
zil-additional-service  | 2026-05-04T12:21:39.001Z  INFO 1 --- [zil-additional-service] [   scheduling-1] r.a.observability.ObservabilityService   : LAB9 Observability window=1m category=web.additional.availability count=78 sumNanos=39127249332 avgNanos=501631401
zil-additional-service  | 2026-05-04T12:21:39.002Z  INFO 1 --- [zil-additional-service] [   scheduling-1] r.a.observability.ObservabilityService   : LAB9 Observability window=1m category=http.main.rents count=78 sumNanos=18774360415 avgNanos=240696928
zil-additional-service  | 2026-05-04T12:21:39.002Z  INFO 1 --- [zil-additional-service] [   scheduling-1] r.a.observability.ObservabilityService   : LAB9 Observability window=1m category=http.main.cars count=72 sumNanos=19089559469 avgNanos=265132770
zil-additional-service  | 2026-05-04T12:21:39.002Z  INFO 1 --- [zil-additional-service] [   scheduling-1] r.a.observability.ObservabilityService   : LAB9 Observability window=1m category=additional.statsComputation.availability.cityDate count=78 sumNanos=24387322 avgNanos=312657
zil-additional-service  | 2026-05-04T14:07:09.353Z  INFO 1 --- [zil-additional-service] [   scheduling-1] r.a.observability.ObservabilityService   : LAB9 Observability window=10s category=http.main.rents count=26 sumNanos=47633667808 avgNanos=1832064146
zil-additional-service  | 2026-05-04T14:07:09.354Z  INFO 1 --- [zil-additional-service] [   scheduling-1] r.a.observability.ObservabilityService   : LAB9 Observability window=10s category=http.main.cars count=41 sumNanos=118550822672 avgNanos=2891483479
zil-additional-service  | 2026-05-04T14:07:09.354Z  INFO 1 --- [zil-additional-service] [   scheduling-1] r.a.observability.ObservabilityService   : LAB9 Observability window=10s category=web.additional.availability_new count=26 sumNanos=149371245090 avgNanos=5745047888
zil-additional-service  | 2026-05-04T14:07:09.354Z  INFO 1 --- [zil-additional-service] [   scheduling-1] r.a.observability.ObservabilityService   : LAB9 Observability window=10s category=additional.statsComputation.availability.allCitiesAllDates count=26 sumNanos=8894956 avgNanos=342113
zil-additional-service  | 2026-05-04T14:07:09.355Z  INFO 1 --- [zil-additional-service] [   scheduling-1] r.a.observability.ObservabilityService   : LAB9 Observability window=30s category=http.main.rents count=26 sumNanos=47633667808 avgNanos=1832064146
zil-additional-service  | 2026-05-04T14:07:09.355Z  INFO 1 --- [zil-additional-service] [   scheduling-1] r.a.observability.ObservabilityService   : LAB9 Observability window=30s category=http.main.cars count=41 sumNanos=118550822672 avgNanos=2891483479
zil-additional-service  | 2026-05-04T14:07:09.355Z  INFO 1 --- [zil-additional-service] [   scheduling-1] r.a.observability.ObservabilityService   : LAB9 Observability window=30s category=web.additional.availability_new count=26 sumNanos=149371245090 avgNanos=5745047888
zil-additional-service  | 2026-05-04T14:07:09.355Z  INFO 1 --- [zil-additional-service] [   scheduling-1] r.a.observability.ObservabilityService   : LAB9 Observability window=30s category=additional.statsComputation.availability.allCitiesAllDates count=26 sumNanos=8894956 avgNanos=342113
zil-additional-service  | 2026-05-04T14:07:09.355Z  INFO 1 --- [zil-additional-service] [   scheduling-1] r.a.observability.ObservabilityService   : LAB9 Observability window=1m category=http.main.rents count=26 sumNanos=47633667808 avgNanos=1832064146
zil-additional-service  | 2026-05-04T14:07:09.355Z  INFO 1 --- [zil-additional-service] [   scheduling-1] r.a.observability.ObservabilityService   : LAB9 Observability window=1m category=http.main.cars count=41 sumNanos=118550822672 avgNanos=2891483479
zil-additional-service  | 2026-05-04T14:07:09.355Z  INFO 1 --- [zil-additional-service] [   scheduling-1] r.a.observability.ObservabilityService   : LAB9 Observability window=1m category=web.additional.availability_new count=26 sumNanos=149371245090 avgNanos=5745047888
zil-additional-service  | 2026-05-04T14:07:09.355Z  INFO 1 --- [zil-additional-service] [   scheduling-1] r.a.observability.ObservabilityService   : LAB9 Observability window=1m category=additional.statsComputation.availability.allCitiesAllDates count=26 sumNanos=8894956 avgNanos=342113
zil-additional-service  | 2026-05-04T14:07:14.356Z  INFO 1 --- [zil-additional-service] [   scheduling-1] r.a.observability.ObservabilityService   : LAB9 Observability window=10s category=http.main.rents count=64 sumNanos=97637645615 avgNanos=1525588212
zil-additional-service  | 2026-05-04T14:07:14.356Z  INFO 1 --- [zil-additional-service] [   scheduling-1] r.a.observability.ObservabilityService   : LAB9 Observability window=10s category=http.main.cars count=78 sumNanos=160634972900 avgNanos=2059422729
zil-additional-service  | 2026-05-04T14:07:14.356Z  INFO 1 --- [zil-additional-service] [   scheduling-1] r.a.observability.ObservabilityService   : LAB9 Observability window=10s category=web.additional.availability_new count=64 sumNanos=243903111531 avgNanos=3810986117
zil-additional-service  | 2026-05-04T14:07:14.356Z  INFO 1 --- [zil-additional-service] [   scheduling-1] r.a.observability.ObservabilityService   : LAB9 Observability window=10s category=additional.statsComputation.availability.allCitiesAllDates count=64 sumNanos=13579004 avgNanos=212171
zil-additional-service  | 2026-05-04T14:07:14.356Z  INFO 1 --- [zil-additional-service] [   scheduling-1] r.a.observability.ObservabilityService   : LAB9 Observability window=30s category=http.main.rents count=64 sumNanos=97637645615 avgNanos=1525588212
zil-additional-service  | 2026-05-04T14:07:14.356Z  INFO 1 --- [zil-additional-service] [   scheduling-1] r.a.observability.ObservabilityService   : LAB9 Observability window=30s category=http.main.cars count=78 sumNanos=160634972900 avgNanos=2059422729
zil-additional-service  | 2026-05-04T14:07:14.356Z  INFO 1 --- [zil-additional-service] [   scheduling-1] r.a.observability.ObservabilityService   : LAB9 Observability window=30s category=web.additional.availability_new count=64 sumNanos=243903111531 avgNanos=3810986117
zil-additional-service  | 2026-05-04T14:07:14.356Z  INFO 1 --- [zil-additional-service] [   scheduling-1] r.a.observability.ObservabilityService   : LAB9 Observability window=30s category=additional.statsComputation.availability.allCitiesAllDates count=64 sumNanos=13579004 avgNanos=212171
zil-additional-service  | 2026-05-04T14:07:14.356Z  INFO 1 --- [zil-additional-service] [   scheduling-1] r.a.observability.ObservabilityService   : LAB9 Observability window=1m category=http.main.rents count=64 sumNanos=97637645615 avgNanos=1525588212
zil-additional-service  | 2026-05-04T14:07:14.356Z  INFO 1 --- [zil-additional-service] [   scheduling-1] r.a.observability.ObservabilityService   : LAB9 Observability window=1m category=http.main.cars count=78 sumNanos=160634972900 avgNanos=2059422729
zil-additional-service  | 2026-05-04T14:07:14.356Z  INFO 1 --- [zil-additional-service] [   scheduling-1] r.a.observability.ObservabilityService   : LAB9 Observability window=1m category=web.additional.availability_new count=64 sumNanos=243903111531 avgNanos=3810986117
zil-additional-service  | 2026-05-04T14:07:14.356Z  INFO 1 --- [zil-additional-service] [   scheduling-1] r.a.observability.ObservabilityService   : LAB9 Observability window=1m category=additional.statsComputation.availability.allCitiesAllDates count=64 sumNanos=13579004 avgNanos=212171
zil-additional-service  | 2026-05-04T14:07:19.356Z  INFO 1 --- [zil-additional-service] [   scheduling-1] r.a.observability.ObservabilityService   : LAB9 Observability window=10s category=http.main.rents count=109 sumNanos=111995662313 avgNanos=1027483140
zil-additional-service  | 2026-05-04T14:07:19.357Z  INFO 1 --- [zil-additional-service] [   scheduling-1] r.a.observability.ObservabilityService   : LAB9 Observability window=10s category=http.main.cars count=105 sumNanos=87043579686 avgNanos=828986473
zil-additional-service  | 2026-05-04T14:07:19.357Z  INFO 1 --- [zil-additional-service] [   scheduling-1] r.a.observability.ObservabilityService   : LAB9 Observability window=10s category=web.additional.availability_new count=109 sumNanos=210046254171 avgNanos=1927029854
zil-additional-service  | 2026-05-04T14:07:19.357Z  INFO 1 --- [zil-additional-service] [   scheduling-1] r.a.observability.ObservabilityService   : LAB9 Observability window=10s category=additional.statsComputation.availability.allCitiesAllDates count=109 sumNanos=19320584 avgNanos=177253
zil-additional-service  | 2026-05-04T14:07:19.357Z  INFO 1 --- [zil-additional-service] [   scheduling-1] r.a.observability.ObservabilityService   : LAB9 Observability window=30s category=http.main.rents count=135 sumNanos=159629330121 avgNanos=1182439482
zil-additional-service  | 2026-05-04T14:07:19.358Z  INFO 1 --- [zil-additional-service] [   scheduling-1] r.a.observability.ObservabilityService   : LAB9 Observability window=30s category=http.main.cars count=146 sumNanos=205594402358 avgNanos=1408180838
zil-additional-service  | 2026-05-04T14:07:19.358Z  INFO 1 --- [zil-additional-service] [   scheduling-1] r.a.observability.ObservabilityService   : LAB9 Observability window=30s category=web.additional.availability_new count=135 sumNanos=359417499261 avgNanos=2662351846
zil-additional-service  | 2026-05-04T14:07:19.358Z  INFO 1 --- [zil-additional-service] [   scheduling-1] r.a.observability.ObservabilityService   : LAB9 Observability window=30s category=additional.statsComputation.availability.allCitiesAllDates count=135 sumNanos=28215540 avgNanos=209004
zil-additional-service  | 2026-05-04T14:07:19.358Z  INFO 1 --- [zil-additional-service] [   scheduling-1] r.a.observability.ObservabilityService   : LAB9 Observability window=1m category=http.main.rents count=135 sumNanos=159629330121 avgNanos=1182439482
zil-additional-service  | 2026-05-04T14:07:19.358Z  INFO 1 --- [zil-additional-service] [   scheduling-1] r.a.observability.ObservabilityService   : LAB9 Observability window=1m category=http.main.cars count=146 sumNanos=205594402358 avgNanos=1408180838
zil-additional-service  | 2026-05-04T14:07:19.358Z  INFO 1 --- [zil-additional-service] [   scheduling-1] r.a.observability.ObservabilityService   : LAB9 Observability window=1m category=web.additional.availability_new count=135 sumNanos=359417499261 avgNanos=2662351846
zil-additional-service  | 2026-05-04T14:07:19.358Z  INFO 1 --- [zil-additional-service] [   scheduling-1] r.a.observability.ObservabilityService   : LAB9 Observability window=1m category=additional.statsComputation.availability.allCitiesAllDates count=135 sumNanos=28215540 avgNanos=209004
zil-additional-service  | 2026-05-04T14:07:24.359Z  INFO 1 --- [zil-additional-service] [   scheduling-1] r.a.observability.ObservabilityService   : LAB9 Observability window=10s category=http.main.rents count=156 sumNanos=113590644667 avgNanos=728145158
zil-additional-service  | 2026-05-04T14:07:24.359Z  INFO 1 --- [zil-additional-service] [   scheduling-1] r.a.observability.ObservabilityService   : LAB9 Observability window=10s category=http.main.cars count=157 sumNanos=89426142542 avgNanos=569593264
zil-additional-service  | 2026-05-04T14:07:24.359Z  INFO 1 --- [zil-additional-service] [   scheduling-1] r.a.observability.ObservabilityService   : LAB9 Observability window=10s category=web.additional.availability_new count=156 sumNanos=211033488094 avgNanos=1352778769
zil-additional-service  | 2026-05-04T14:07:24.359Z  INFO 1 --- [zil-additional-service] [   scheduling-1] r.a.observability.ObservabilityService   : LAB9 Observability window=10s category=additional.statsComputation.availability.allCitiesAllDates count=156 sumNanos=33387067 avgNanos=214019
zil-additional-service  | 2026-05-04T14:07:24.359Z  INFO 1 --- [zil-additional-service] [   scheduling-1] r.a.observability.ObservabilityService   : LAB9 Observability window=30s category=http.main.rents count=220 sumNanos=211228290282 avgNanos=960128592
zil-additional-service  | 2026-05-04T14:07:24.359Z  INFO 1 --- [zil-additional-service] [   scheduling-1] r.a.observability.ObservabilityService   : LAB9 Observability window=30s category=http.main.cars count=235 sumNanos=250061115442 avgNanos=1064089852
zil-additional-service  | 2026-05-04T14:07:24.359Z  INFO 1 --- [zil-additional-service] [   scheduling-1] r.a.observability.ObservabilityService   : LAB9 Observability window=30s category=web.additional.availability_new count=220 sumNanos=454936599625 avgNanos=2067893634
zil-additional-service  | 2026-05-04T14:07:24.360Z  INFO 1 --- [zil-additional-service] [   scheduling-1] r.a.observability.ObservabilityService   : LAB9 Observability window=30s category=additional.statsComputation.availability.allCitiesAllDates count=220 sumNanos=46966071 avgNanos=213482
zil-additional-service  | 2026-05-04T14:07:24.360Z  INFO 1 --- [zil-additional-service] [   scheduling-1] r.a.observability.ObservabilityService   : LAB9 Observability window=1m category=http.main.rents count=220 sumNanos=211228290282 avgNanos=960128592
zil-additional-service  | 2026-05-04T14:07:24.360Z  INFO 1 --- [zil-additional-service] [   scheduling-1] r.a.observability.ObservabilityService   : LAB9 Observability window=1m category=http.main.cars count=235 sumNanos=250061115442 avgNanos=1064089852
zil-additional-service  | 2026-05-04T14:07:24.360Z  INFO 1 --- [zil-additional-service] [   scheduling-1] r.a.observability.ObservabilityService   : LAB9 Observability window=1m category=web.additional.availability_new count=220 sumNanos=454936599625 avgNanos=2067893634
zil-additional-service  | 2026-05-04T14:07:24.360Z  INFO 1 --- [zil-additional-service] [   scheduling-1] r.a.observability.ObservabilityService   : LAB9 Observability window=1m category=additional.statsComputation.availability.allCitiesAllDates count=220 sumNanos=46966071 avgNanos=213482
zil-additional-service  | 2026-05-04T14:07:29.360Z  INFO 1 --- [zil-additional-service] [   scheduling-1] r.a.observability.ObservabilityService   : LAB9 Observability window=10s category=http.main.rents count=191 sumNanos=104443594247 avgNanos=546825100
zil-additional-service  | 2026-05-04T14:07:29.360Z  INFO 1 --- [zil-additional-service] [   scheduling-1] r.a.observability.ObservabilityService   : LAB9 Observability window=10s category=http.main.cars count=190 sumNanos=86671254074 avgNanos=456164495
zil-additional-service  | 2026-05-04T14:07:29.360Z  INFO 1 --- [zil-additional-service] [   scheduling-1] r.a.observability.ObservabilityService   : LAB9 Observability window=10s category=web.additional.availability_new count=191 sumNanos=193196822994 avgNanos=1011501691
zil-additional-service  | 2026-05-04T14:07:29.360Z  INFO 1 --- [zil-additional-service] [   scheduling-1] r.a.observability.ObservabilityService   : LAB9 Observability window=10s category=additional.statsComputation.availability.allCitiesAllDates count=191 sumNanos=46204108 avgNanos=241906
zil-additional-service  | 2026-05-04T14:07:29.361Z  INFO 1 --- [zil-additional-service] [   scheduling-1] r.a.observability.ObservabilityService   : LAB9 Observability window=30s category=http.main.rents count=326 sumNanos=264072924368 avgNanos=810039645
zil-additional-service  | 2026-05-04T14:07:29.361Z  INFO 1 --- [zil-additional-service] [   scheduling-1] r.a.observability.ObservabilityService   : LAB9 Observability window=30s category=http.main.cars count=336 sumNanos=292265656432 avgNanos=869838263
zil-additional-service  | 2026-05-04T14:07:29.361Z  INFO 1 --- [zil-additional-service] [   scheduling-1] r.a.observability.ObservabilityService   : LAB9 Observability window=30s category=web.additional.availability_new count=326 sumNanos=552614322255 avgNanos=1695135957
zil-additional-service  | 2026-05-04T14:07:29.361Z  INFO 1 --- [zil-additional-service] [   scheduling-1] r.a.observability.ObservabilityService   : LAB9 Observability window=30s category=additional.statsComputation.availability.allCitiesAllDates count=326 sumNanos=74419648 avgNanos=228281
zil-additional-service  | 2026-05-04T14:07:29.361Z  INFO 1 --- [zil-additional-service] [   scheduling-1] r.a.observability.ObservabilityService   : LAB9 Observability window=1m category=http.main.rents count=326 sumNanos=264072924368 avgNanos=810039645
zil-additional-service  | 2026-05-04T14:07:29.362Z  INFO 1 --- [zil-additional-service] [   scheduling-1] r.a.observability.ObservabilityService   : LAB9 Observability window=1m category=http.main.cars count=336 sumNanos=292265656432 avgNanos=869838263
zil-additional-service  | 2026-05-04T14:07:29.362Z  INFO 1 --- [zil-additional-service] [   scheduling-1] r.a.observability.ObservabilityService   : LAB9 Observability window=1m category=web.additional.availability_new count=326 sumNanos=552614322255 avgNanos=1695135957
zil-additional-service  | 2026-05-04T14:07:29.362Z  INFO 1 --- [zil-additional-service] [   scheduling-1] r.a.observability.ObservabilityService   : LAB9 Observability window=1m category=additional.statsComputation.availability.allCitiesAllDates count=326 sumNanos=74419648 avgNanos=228281
zil-additional-service  | 2026-05-04T14:07:34.362Z  INFO 1 --- [zil-additional-service] [   scheduling-1] r.a.observability.ObservabilityService   : LAB9 Observability window=10s category=http.main.rents count=222 sumNanos=100687057971 avgNanos=453545306
zil-additional-service  | 2026-05-04T14:07:34.362Z  INFO 1 --- [zil-additional-service] [   scheduling-1] r.a.observability.ObservabilityService   : LAB9 Observability window=10s category=http.main.cars count=219 sumNanos=86426650704 avgNanos=394642240
zil-additional-service  | 2026-05-04T14:07:34.362Z  INFO 1 --- [zil-additional-service] [   scheduling-1] r.a.observability.ObservabilityService   : LAB9 Observability window=10s category=web.additional.availability_new count=222 sumNanos=189752204701 avgNanos=854739660
zil-additional-service  | 2026-05-04T14:07:34.362Z  INFO 1 --- [zil-additional-service] [   scheduling-1] r.a.observability.ObservabilityService   : LAB9 Observability window=10s category=additional.statsComputation.availability.allCitiesAllDates count=222 sumNanos=76803159 avgNanos=345960
zil-additional-service  | 2026-05-04T14:07:34.362Z  INFO 1 --- [zil-additional-service] [   scheduling-1] r.a.observability.ObservabilityService   : LAB9 Observability window=30s category=http.main.rents count=442 sumNanos=311915348253 avgNanos=705690833
zil-additional-service  | 2026-05-04T14:07:34.362Z  INFO 1 --- [zil-additional-service] [   scheduling-1] r.a.observability.ObservabilityService   : LAB9 Observability window=30s category=http.main.cars count=454 sumNanos=336487766146 avgNanos=741162480
zil-additional-service  | 2026-05-04T14:07:34.362Z  INFO 1 --- [zil-additional-service] [   scheduling-1] r.a.observability.ObservabilityService   : LAB9 Observability window=30s category=web.additional.availability_new count=442 sumNanos=644688804326 avgNanos=1458571955
zil-additional-service  | 2026-05-04T14:07:34.362Z  INFO 1 --- [zil-additional-service] [   scheduling-1] r.a.observability.ObservabilityService   : LAB9 Observability window=30s category=additional.statsComputation.availability.allCitiesAllDates count=442 sumNanos=123769230 avgNanos=280020
zil-additional-service  | 2026-05-04T14:07:34.362Z  INFO 1 --- [zil-additional-service] [   scheduling-1] r.a.observability.ObservabilityService   : LAB9 Observability window=1m category=http.main.rents count=442 sumNanos=311915348253 avgNanos=705690833
zil-additional-service  | 2026-05-04T14:07:34.363Z  INFO 1 --- [zil-additional-service] [   scheduling-1] r.a.observability.ObservabilityService   : LAB9 Observability window=1m category=http.main.cars count=454 sumNanos=336487766146 avgNanos=741162480
zil-additional-service  | 2026-05-04T14:07:34.363Z  INFO 1 --- [zil-additional-service] [   scheduling-1] r.a.observability.ObservabilityService   : LAB9 Observability window=1m category=web.additional.availability_new count=442 sumNanos=644688804326 avgNanos=1458571955
zil-additional-service  | 2026-05-04T14:07:34.363Z  INFO 1 --- [zil-additional-service] [   scheduling-1] r.a.observability.ObservabilityService   : LAB9 Observability window=1m category=additional.statsComputation.availability.allCitiesAllDates count=442 sumNanos=123769230 avgNanos=280020
zil-additional-service  | 2026-05-04T14:07:39.364Z  INFO 1 --- [zil-additional-service] [   scheduling-1] r.a.observability.ObservabilityService   : LAB9 Observability window=10s category=http.main.rents count=253 sumNanos=95437197940 avgNanos=377222126
zil-additional-service  | 2026-05-04T14:07:39.364Z  INFO 1 --- [zil-additional-service] [   scheduling-1] r.a.observability.ObservabilityService   : LAB9 Observability window=10s category=http.main.cars count=257 sumNanos=86086609135 avgNanos=334967350
zil-additional-service  | 2026-05-04T14:07:39.364Z  INFO 1 --- [zil-additional-service] [   scheduling-1] r.a.observability.ObservabilityService   : LAB9 Observability window=10s category=web.additional.availability_new count=253 sumNanos=181716963935 avgNanos=718248869
zil-additional-service  | 2026-05-04T14:07:39.364Z  INFO 1 --- [zil-additional-service] [   scheduling-1] r.a.observability.ObservabilityService   : LAB9 Observability window=10s category=additional.statsComputation.availability.allCitiesAllDates count=253 sumNanos=75515551 avgNanos=298480
zil-additional-service  | 2026-05-04T14:07:39.364Z  INFO 1 --- [zil-additional-service] [   scheduling-1] r.a.observability.ObservabilityService   : LAB9 Observability window=30s category=http.main.rents count=553 sumNanos=311876454500 avgNanos=563971888
zil-additional-service  | 2026-05-04T14:07:39.364Z  INFO 1 --- [zil-additional-service] [   scheduling-1] r.a.observability.ObservabilityService   : LAB9 Observability window=30s category=http.main.cars count=552 sumNanos=259801442895 avgNanos=470654787
zil-additional-service  | 2026-05-04T14:07:39.364Z  INFO 1 --- [zil-additional-service] [   scheduling-1] r.a.observability.ObservabilityService   : LAB9 Observability window=30s category=web.additional.availability_new count=553 sumNanos=584960041100 avgNanos=1057793926
zil-additional-service  | 2026-05-04T14:07:39.364Z  INFO 1 --- [zil-additional-service] [   scheduling-1] r.a.observability.ObservabilityService   : LAB9 Observability window=30s category=additional.statsComputation.availability.allCitiesAllDates count=553 sumNanos=141040243 avgNanos=255045
zil-additional-service  | 2026-05-04T14:07:39.367Z  INFO 1 --- [zil-additional-service] [   scheduling-1] r.a.observability.ObservabilityService   : LAB9 Observability window=1m category=http.main.rents count=580 sumNanos=359830453883 avgNanos=620397334
zil-additional-service  | 2026-05-04T14:07:39.367Z  INFO 1 --- [zil-additional-service] [   scheduling-1] r.a.observability.ObservabilityService   : LAB9 Observability window=1m category=http.main.cars count=593 sumNanos=378352265567 avgNanos=638030801
zil-additional-service  | 2026-05-04T14:07:39.367Z  INFO 1 --- [zil-additional-service] [   scheduling-1] r.a.observability.ObservabilityService   : LAB9 Observability window=1m category=web.additional.availability_new count=580 sumNanos=734938866455 avgNanos=1267135976
zil-additional-service  | 2026-05-04T14:07:39.368Z  INFO 1 --- [zil-additional-service] [   scheduling-1] r.a.observability.ObservabilityService   : LAB9 Observability window=1m category=additional.statsComputation.availability.allCitiesAllDates count=580 sumNanos=150061824 avgNanos=258727
zil-additional-service  | 2026-05-04T14:07:44.368Z  INFO 1 --- [zil-additional-service] [   scheduling-1] r.a.observability.ObservabilityService   : LAB9 Observability window=10s category=http.main.rents count=295 sumNanos=92531182181 avgNanos=313665024
zil-additional-service  | 2026-05-04T14:07:44.368Z  INFO 1 --- [zil-additional-service] [   scheduling-1] r.a.observability.ObservabilityService   : LAB9 Observability window=10s category=http.main.cars count=294 sumNanos=84885326792 avgNanos=288725601
zil-additional-service  | 2026-05-04T14:07:44.368Z  INFO 1 --- [zil-additional-service] [   scheduling-1] r.a.observability.ObservabilityService   : LAB9 Observability window=10s category=web.additional.availability_new count=295 sumNanos=178600982507 avgNanos=605427059
zil-additional-service  | 2026-05-04T14:07:44.368Z  INFO 1 --- [zil-additional-service] [   scheduling-1] r.a.observability.ObservabilityService   : LAB9 Observability window=10s category=additional.statsComputation.availability.allCitiesAllDates count=295 sumNanos=49516246 avgNanos=167851
zil-additional-service  | 2026-05-04T14:07:44.369Z  INFO 1 --- [zil-additional-service] [   scheduling-1] r.a.observability.ObservabilityService   : LAB9 Observability window=30s category=http.main.rents count=673 sumNanos=306808884819 avgNanos=455882444
zil-additional-service  | 2026-05-04T14:07:44.369Z  INFO 1 --- [zil-additional-service] [   scheduling-1] r.a.observability.ObservabilityService   : LAB9 Observability window=30s category=http.main.cars count=670 sumNanos=260738120038 avgNanos=389161373
zil-additional-service  | 2026-05-04T14:07:44.369Z  INFO 1 --- [zil-additional-service] [   scheduling-1] r.a.observability.ObservabilityService   : LAB9 Observability window=30s category=web.additional.availability_new count=673 sumNanos=579386675302 avgNanos=860901449
zil-additional-service  | 2026-05-04T14:07:44.369Z  INFO 1 --- [zil-additional-service] [   scheduling-1] r.a.observability.ObservabilityService   : LAB9 Observability window=30s category=additional.statsComputation.availability.allCitiesAllDates count=673 sumNanos=159706472 avgNanos=237305
zil-additional-service  | 2026-05-04T14:07:44.369Z  INFO 1 --- [zil-additional-service] [   scheduling-1] r.a.observability.ObservabilityService   : LAB9 Observability window=1m category=http.main.rents count=737 sumNanos=404446530434 avgNanos=548774125
zil-additional-service  | 2026-05-04T14:07:44.369Z  INFO 1 --- [zil-additional-service] [   scheduling-1] r.a.observability.ObservabilityService   : LAB9 Observability window=1m category=http.main.cars count=748 sumNanos=421373092938 avgNanos=563333011
zil-additional-service  | 2026-05-04T14:07:44.369Z  INFO 1 --- [zil-additional-service] [   scheduling-1] r.a.observability.ObservabilityService   : LAB9 Observability window=1m category=web.additional.availability_new count=737 sumNanos=823289786833 avgNanos=1117082478
zil-additional-service  | 2026-05-04T14:07:44.369Z  INFO 1 --- [zil-additional-service] [   scheduling-1] r.a.observability.ObservabilityService   : LAB9 Observability window=1m category=additional.statsComputation.availability.allCitiesAllDates count=737 sumNanos=173285476 avgNanos=235122
zil-additional-service  | 2026-05-04T14:07:49.370Z  INFO 1 --- [zil-additional-service] [   scheduling-1] r.a.observability.ObservabilityService   : LAB9 Observability window=10s category=http.main.rents count=326 sumNanos=90568283371 avgNanos=277816820
zil-additional-service  | 2026-05-04T14:07:49.370Z  INFO 1 --- [zil-additional-service] [   scheduling-1] r.a.observability.ObservabilityService   : LAB9 Observability window=10s category=http.main.cars count=320 sumNanos=85030490528 avgNanos=265720282
zil-additional-service  | 2026-05-04T14:07:49.371Z  INFO 1 --- [zil-additional-service] [   scheduling-1] r.a.observability.ObservabilityService   : LAB9 Observability window=10s category=web.additional.availability_new count=326 sumNanos=177636510644 avgNanos=544897271
zil-additional-service  | 2026-05-04T14:07:49.371Z  INFO 1 --- [zil-additional-service] [   scheduling-1] r.a.observability.ObservabilityService   : LAB9 Observability window=10s category=additional.statsComputation.availability.allCitiesAllDates count=326 sumNanos=54777135 avgNanos=168028
zil-additional-service  | 2026-05-04T14:07:49.371Z  INFO 1 --- [zil-additional-service] [   scheduling-1] r.a.observability.ObservabilityService   : LAB9 Observability window=30s category=http.main.rents count=771 sumNanos=290769407133 avgNanos=377132823
zil-additional-service  | 2026-05-04T14:07:49.371Z  INFO 1 --- [zil-additional-service] [   scheduling-1] r.a.observability.ObservabilityService   : LAB9 Observability window=30s category=http.main.cars count=767 sumNanos=257788353737 avgNanos=336099548
zil-additional-service  | 2026-05-04T14:07:49.372Z  INFO 1 --- [zil-additional-service] [   scheduling-1] r.a.observability.ObservabilityService   : LAB9 Observability window=30s category=web.additional.availability_new count=771 sumNanos=553157877838 avgNanos=717455094
zil-additional-service  | 2026-05-04T14:07:49.372Z  INFO 1 --- [zil-additional-service] [   scheduling-1] r.a.observability.ObservabilityService   : LAB9 Observability window=30s category=additional.statsComputation.availability.allCitiesAllDates count=771 sumNanos=176623419 avgNanos=229083
zil-additional-service  | 2026-05-04T14:07:49.372Z  INFO 1 --- [zil-additional-service] [   scheduling-1] r.a.observability.ObservabilityService   : LAB9 Observability window=1m category=http.main.rents count=906 sumNanos=450398737254 avgNanos=497128849
zil-additional-service  | 2026-05-04T14:07:49.372Z  INFO 1 --- [zil-additional-service] [   scheduling-1] r.a.observability.ObservabilityService   : LAB9 Observability window=1m category=http.main.cars count=913 sumNanos=463382756095 avgNanos=507538615
zil-additional-service  | 2026-05-04T14:07:49.372Z  INFO 1 --- [zil-additional-service] [   scheduling-1] r.a.observability.ObservabilityService   : LAB9 Observability window=1m category=web.additional.availability_new count=906 sumNanos=912575377099 avgNanos=1007257590
zil-additional-service  | 2026-05-04T14:07:49.373Z  INFO 1 --- [zil-additional-service] [   scheduling-1] r.a.observability.ObservabilityService   : LAB9 Observability window=1m category=additional.statsComputation.availability.allCitiesAllDates count=906 sumNanos=204838959 avgNanos=226091
zil-additional-service  | 2026-05-04T14:07:54.375Z  INFO 1 --- [zil-additional-service] [   scheduling-1] r.a.observability.ObservabilityService   : LAB9 Observability window=10s category=http.main.rents count=332 sumNanos=92588315765 avgNanos=278880469
zil-additional-service  | 2026-05-04T14:07:54.376Z  INFO 1 --- [zil-additional-service] [   scheduling-1] r.a.observability.ObservabilityService   : LAB9 Observability window=10s category=http.main.cars count=330 sumNanos=84450302737 avgNanos=255910008
zil-additional-service  | 2026-05-04T14:07:54.378Z  INFO 1 --- [zil-additional-service] [   scheduling-1] r.a.observability.ObservabilityService   : LAB9 Observability window=10s category=web.additional.availability_new count=332 sumNanos=178218118930 avgNanos=536801563
zil-additional-service  | 2026-05-04T14:07:54.378Z  INFO 1 --- [zil-additional-service] [   scheduling-1] r.a.observability.ObservabilityService   : LAB9 Observability window=10s category=additional.statsComputation.availability.allCitiesAllDates count=332 sumNanos=105198047 avgNanos=316861
zil-additional-service  | 2026-05-04T14:07:54.378Z  INFO 1 --- [zil-additional-service] [   scheduling-1] r.a.observability.ObservabilityService   : LAB9 Observability window=30s category=http.main.rents count=849 sumNanos=285806555917 avgNanos=336639052
zil-additional-service  | 2026-05-04T14:07:54.378Z  INFO 1 --- [zil-additional-service] [   scheduling-1] r.a.observability.ObservabilityService   : LAB9 Observability window=30s category=http.main.cars count=843 sumNanos=255762280233 avgNanos=303395350
zil-additional-service  | 2026-05-04T14:07:54.378Z  INFO 1 --- [zil-additional-service] [   scheduling-1] r.a.observability.ObservabilityService   : LAB9 Observability window=30s category=web.additional.availability_new count=849 sumNanos=546571306138 avgNanos=643782457
zil-additional-service  | 2026-05-04T14:07:54.378Z  INFO 1 --- [zil-additional-service] [   scheduling-1] r.a.observability.ObservabilityService   : LAB9 Observability window=30s category=additional.statsComputation.availability.allCitiesAllDates count=849 sumNanos=231517452 avgNanos=272694
zil-additional-service  | 2026-05-04T14:07:54.378Z  INFO 1 --- [zil-additional-service] [   scheduling-1] r.a.observability.ObservabilityService   : LAB9 Observability window=1m category=http.main.rents count=1069 sumNanos=497034846199 avgNanos=464953083
zil-additional-service  | 2026-05-04T14:07:54.378Z  INFO 1 --- [zil-additional-service] [   scheduling-1] r.a.observability.ObservabilityService   : LAB9 Observability window=1m category=http.main.cars count=1078 sumNanos=505823395675 avgNanos=469223929
zil-additional-service  | 2026-05-04T14:07:54.378Z  INFO 1 --- [zil-additional-service] [   scheduling-1] r.a.observability.ObservabilityService   : LAB9 Observability window=1m category=web.additional.availability_new count=1069 sumNanos=1001507905763 avgNanos=936864271
zil-additional-service  | 2026-05-04T14:07:54.378Z  INFO 1 --- [zil-additional-service] [   scheduling-1] r.a.observability.ObservabilityService   : LAB9 Observability window=1m category=additional.statsComputation.availability.allCitiesAllDates count=1069 sumNanos=278483523 avgNanos=260508
zil-additional-service  | 2026-05-04T14:07:59.379Z  INFO 1 --- [zil-additional-service] [   scheduling-1] r.a.observability.ObservabilityService   : LAB9 Observability window=10s category=http.main.rents count=322 sumNanos=91301000893 avgNanos=283543481
zil-additional-service  | 2026-05-04T14:07:59.379Z  INFO 1 --- [zil-additional-service] [   scheduling-1] r.a.observability.ObservabilityService   : LAB9 Observability window=10s category=http.main.cars count=325 sumNanos=84328094439 avgNanos=259471059
zil-additional-service  | 2026-05-04T14:07:59.379Z  INFO 1 --- [zil-additional-service] [   scheduling-1] r.a.observability.ObservabilityService   : LAB9 Observability window=10s category=web.additional.availability_new count=322 sumNanos=174861047615 avgNanos=543046731
zil-additional-service  | 2026-05-04T14:07:59.379Z  INFO 1 --- [zil-additional-service] [   scheduling-1] r.a.observability.ObservabilityService   : LAB9 Observability window=10s category=additional.statsComputation.availability.allCitiesAllDates count=322 sumNanos=117423377 avgNanos=364668
zil-additional-service  | 2026-05-04T14:07:59.379Z  INFO 1 --- [zil-additional-service] [   scheduling-1] r.a.observability.ObservabilityService   : LAB9 Observability window=30s category=http.main.rents count=902 sumNanos=277626813779 avgNanos=307790259
zil-additional-service  | 2026-05-04T14:07:59.379Z  INFO 1 --- [zil-additional-service] [   scheduling-1] r.a.observability.ObservabilityService   : LAB9 Observability window=30s category=http.main.cars count=902 sumNanos=255445194102 avgNanos=283198663
zil-additional-service  | 2026-05-04T14:07:59.379Z  INFO 1 --- [zil-additional-service] [   scheduling-1] r.a.observability.ObservabilityService   : LAB9 Observability window=30s category=web.additional.availability_new count=902 sumNanos=534822102459 avgNanos=592929160
zil-additional-service  | 2026-05-04T14:07:59.379Z  INFO 1 --- [zil-additional-service] [   scheduling-1] r.a.observability.ObservabilityService   : LAB9 Observability window=30s category=additional.statsComputation.availability.allCitiesAllDates count=902 sumNanos=247842688 avgNanos=274770
zil-additional-service  | 2026-05-04T14:07:59.379Z  INFO 1 --- [zil-additional-service] [   scheduling-1] r.a.observability.ObservabilityService   : LAB9 Observability window=1m category=http.main.rents count=1228 sumNanos=541699738147 avgNanos=441123565
zil-additional-service  | 2026-05-04T14:07:59.379Z  INFO 1 --- [zil-additional-service] [   scheduling-1] r.a.observability.ObservabilityService   : LAB9 Observability window=1m category=http.main.cars count=1238 sumNanos=547710850534 avgNanos=442415872
zil-additional-service  | 2026-05-04T14:07:59.379Z  INFO 1 --- [zil-additional-service] [   scheduling-1] r.a.observability.ObservabilityService   : LAB9 Observability window=1m category=web.additional.availability_new count=1228 sumNanos=1087436424714 avgNanos=885534547
zil-additional-service  | 2026-05-04T14:07:59.380Z  INFO 1 --- [zil-additional-service] [   scheduling-1] r.a.observability.ObservabilityService   : LAB9 Observability window=1m category=additional.statsComputation.availability.allCitiesAllDates count=1228 sumNanos=322262336 avgNanos=262428
zil-additional-service  | 2026-05-04T14:08:04.380Z  INFO 1 --- [zil-additional-service] [   scheduling-1] r.a.observability.ObservabilityService   : LAB9 Observability window=10s category=http.main.rents count=331 sumNanos=90323339694 avgNanos=272880180
zil-additional-service  | 2026-05-04T14:08:04.380Z  INFO 1 --- [zil-additional-service] [   scheduling-1] r.a.observability.ObservabilityService   : LAB9 Observability window=10s category=http.main.cars count=330 sumNanos=84141088910 avgNanos=254972996
zil-additional-service  | 2026-05-04T14:08:04.380Z  INFO 1 --- [zil-additional-service] [   scheduling-1] r.a.observability.ObservabilityService   : LAB9 Observability window=10s category=web.additional.availability_new count=331 sumNanos=175299866827 avgNanos=529606848
zil-additional-service  | 2026-05-04T14:08:04.381Z  INFO 1 --- [zil-additional-service] [   scheduling-1] r.a.observability.ObservabilityService   : LAB9 Observability window=10s category=additional.statsComputation.availability.allCitiesAllDates count=331 sumNanos=149116386 avgNanos=450502
zil-additional-service  | 2026-05-04T14:08:04.381Z  INFO 1 --- [zil-additional-service] [   scheduling-1] r.a.observability.ObservabilityService   : LAB9 Observability window=30s category=http.main.rents count=958 sumNanos=275442837640 avgNanos=287518619
zil-additional-service  | 2026-05-04T14:08:04.381Z  INFO 1 --- [zil-additional-service] [   scheduling-1] r.a.observability.ObservabilityService   : LAB9 Observability window=30s category=http.main.cars count=954 sumNanos=253476718439 avgNanos=265698866
zil-additional-service  | 2026-05-04T14:08:04.381Z  INFO 1 --- [zil-additional-service] [   scheduling-1] r.a.observability.ObservabilityService   : LAB9 Observability window=30s category=web.additional.availability_new count=958 sumNanos=532118968264 avgNanos=555447774
zil-additional-service  | 2026-05-04T14:08:04.381Z  INFO 1 --- [zil-additional-service] [   scheduling-1] r.a.observability.ObservabilityService   : LAB9 Observability window=30s category=additional.statsComputation.availability.allCitiesAllDates count=958 sumNanos=303830679 avgNanos=317151
zil-additional-service  | 2026-05-04T14:08:04.382Z  INFO 1 --- [zil-additional-service] [   scheduling-1] r.a.observability.ObservabilityService   : LAB9 Observability window=1m category=http.main.rents count=1400 sumNanos=587358185893 avgNanos=419541561
zil-additional-service  | 2026-05-04T14:08:04.382Z  INFO 1 --- [zil-additional-service] [   scheduling-1] r.a.observability.ObservabilityService   : LAB9 Observability window=1m category=http.main.cars count=1408 sumNanos=589964484585 avgNanos=419008866
zil-additional-service  | 2026-05-04T14:08:04.382Z  INFO 1 --- [zil-additional-service] [   scheduling-1] r.a.observability.ObservabilityService   : LAB9 Observability window=1m category=web.additional.availability_new count=1400 sumNanos=1176807772590 avgNanos=840576980
zil-additional-service  | 2026-05-04T14:08:04.382Z  INFO 1 --- [zil-additional-service] [   scheduling-1] r.a.observability.ObservabilityService   : LAB9 Observability window=1m category=additional.statsComputation.availability.allCitiesAllDates count=1400 sumNanos=427599909 avgNanos=305428
zil-additional-service  | 2026-05-04T14:08:09.382Z  INFO 1 --- [zil-additional-service] [   scheduling-1] r.a.observability.ObservabilityService   : LAB9 Observability window=10s category=http.main.rents count=344 sumNanos=90825631020 avgNanos=264027997
zil-additional-service  | 2026-05-04T14:08:09.383Z  INFO 1 --- [zil-additional-service] [   scheduling-1] r.a.observability.ObservabilityService   : LAB9 Observability window=10s category=http.main.cars count=342 sumNanos=83504489597 avgNanos=244165174
zil-additional-service  | 2026-05-04T14:08:09.383Z  INFO 1 --- [zil-additional-service] [   scheduling-1] r.a.observability.ObservabilityService   : LAB9 Observability window=10s category=web.additional.availability_new count=344 sumNanos=175456930679 avgNanos=510049217
zil-additional-service  | 2026-05-04T14:08:09.383Z  INFO 1 --- [zil-additional-service] [   scheduling-1] r.a.observability.ObservabilityService   : LAB9 Observability window=10s category=additional.statsComputation.availability.allCitiesAllDates count=344 sumNanos=129880621 avgNanos=377559
zil-additional-service  | 2026-05-04T14:08:09.383Z  INFO 1 --- [zil-additional-service] [   scheduling-1] r.a.observability.ObservabilityService   : LAB9 Observability window=30s category=http.main.rents count=992 sumNanos=272694915284 avgNanos=274894067
zil-additional-service  | 2026-05-04T14:08:09.383Z  INFO 1 --- [zil-additional-service] [   scheduling-1] r.a.observability.ObservabilityService   : LAB9 Observability window=30s category=http.main.cars count=987 sumNanos=252863074564 avgNanos=256193591
zil-additional-service  | 2026-05-04T14:08:09.383Z  INFO 1 --- [zil-additional-service] [   scheduling-1] r.a.observability.ObservabilityService   : LAB9 Observability window=30s category=web.additional.availability_new count=992 sumNanos=527954488938 avgNanos=532212186
zil-additional-service  | 2026-05-04T14:08:09.383Z  INFO 1 --- [zil-additional-service] [   scheduling-1] r.a.observability.ObservabilityService   : LAB9 Observability window=30s category=additional.statsComputation.availability.allCitiesAllDates count=992 sumNanos=302081133 avgNanos=304517
zil-additional-service  | 2026-05-04T14:08:09.383Z  INFO 1 --- [zil-additional-service] [   scheduling-1] r.a.observability.ObservabilityService   : LAB9 Observability window=1m category=http.main.rents count=1546 sumNanos=584891701359 avgNanos=378325809
zil-additional-service  | 2026-05-04T14:08:09.383Z  INFO 1 --- [zil-additional-service] [   scheduling-1] r.a.observability.ObservabilityService   : LAB9 Observability window=1m category=http.main.cars count=1539 sumNanos=512664517459 avgNanos=333115345
zil-additional-service  | 2026-05-04T14:08:09.383Z  INFO 1 --- [zil-additional-service] [   scheduling-1] r.a.observability.ObservabilityService   : LAB9 Observability window=1m category=web.additional.availability_new count=1546 sumNanos=1113522110303 avgNanos=720260097
zil-additional-service  | 2026-05-04T14:08:09.383Z  INFO 1 --- [zil-additional-service] [   scheduling-1] r.a.observability.ObservabilityService   : LAB9 Observability window=1m category=additional.statsComputation.availability.allCitiesAllDates count=1546 sumNanos=443248001 avgNanos=286706
zil-additional-service  | 2026-05-04T14:08:14.384Z  INFO 1 --- [zil-additional-service] [   scheduling-1] r.a.observability.ObservabilityService   : LAB9 Observability window=10s category=http.main.rents count=358 sumNanos=89231693862 avgNanos=249250541
zil-additional-service  | 2026-05-04T14:08:14.384Z  INFO 1 --- [zil-additional-service] [   scheduling-1] r.a.observability.ObservabilityService   : LAB9 Observability window=10s category=http.main.cars count=360 sumNanos=81343649053 avgNanos=225954580
zil-additional-service  | 2026-05-04T14:08:14.384Z  INFO 1 --- [zil-additional-service] [   scheduling-1] r.a.observability.ObservabilityService   : LAB9 Observability window=10s category=web.additional.availability_new count=358 sumNanos=169772325657 avgNanos=474224373
zil-additional-service  | 2026-05-04T14:08:14.384Z  INFO 1 --- [zil-additional-service] [   scheduling-1] r.a.observability.ObservabilityService   : LAB9 Observability window=10s category=additional.statsComputation.availability.allCitiesAllDates count=358 sumNanos=58163913 avgNanos=162469
zil-additional-service  | 2026-05-04T14:08:14.384Z  INFO 1 --- [zil-additional-service] [   scheduling-1] r.a.observability.ObservabilityService   : LAB9 Observability window=30s category=http.main.rents count=1021 sumNanos=272143349321 avgNanos=266545885
zil-additional-service  | 2026-05-04T14:08:14.384Z  INFO 1 --- [zil-additional-service] [   scheduling-1] r.a.observability.ObservabilityService   : LAB9 Observability window=30s category=http.main.cars count=1020 sumNanos=249935040700 avgNanos=245034353
zil-additional-service  | 2026-05-04T14:08:14.384Z  INFO 1 --- [zil-additional-service] [   scheduling-1] r.a.observability.ObservabilityService   : LAB9 Observability window=30s category=web.additional.availability_new count=1021 sumNanos=523290311414 avgNanos=512527239
zil-additional-service  | 2026-05-04T14:08:14.384Z  INFO 1 --- [zil-additional-service] [   scheduling-1] r.a.observability.ObservabilityService   : LAB9 Observability window=30s category=additional.statsComputation.availability.allCitiesAllDates count=1021 sumNanos=312478346 avgNanos=306051
zil-additional-service  | 2026-05-04T14:08:14.384Z  INFO 1 --- [zil-additional-service] [   scheduling-1] r.a.observability.ObservabilityService   : LAB9 Observability window=1m category=http.main.rents count=1694 sumNanos=578952234140 avgNanos=341766371
zil-additional-service  | 2026-05-04T14:08:14.384Z  INFO 1 --- [zil-additional-service] [   scheduling-1] r.a.observability.ObservabilityService   : LAB9 Observability window=1m category=http.main.cars count=1690 sumNanos=510673160738 avgNanos=302173467
zil-additional-service  | 2026-05-04T14:08:14.384Z  INFO 1 --- [zil-additional-service] [   scheduling-1] r.a.observability.ObservabilityService   : LAB9 Observability window=1m category=web.additional.availability_new count=1694 sumNanos=1102676986716 avgNanos=650930924
zil-additional-service  | 2026-05-04T14:08:14.384Z  INFO 1 --- [zil-additional-service] [   scheduling-1] r.a.observability.ObservabilityService   : LAB9 Observability window=1m category=additional.statsComputation.availability.allCitiesAllDates count=1694 sumNanos=472184818 avgNanos=278739
zil-additional-service  | 2026-05-04T14:08:19.385Z  INFO 1 --- [zil-additional-service] [   scheduling-1] r.a.observability.ObservabilityService   : LAB9 Observability window=10s category=http.main.rents count=380 sumNanos=89099286481 avgNanos=234471806
zil-additional-service  | 2026-05-04T14:08:19.385Z  INFO 1 --- [zil-additional-service] [   scheduling-1] r.a.observability.ObservabilityService   : LAB9 Observability window=10s category=http.main.cars count=379 sumNanos=81037231073 avgNanos=213818551
zil-additional-service  | 2026-05-04T14:08:19.385Z  INFO 1 --- [zil-additional-service] [   scheduling-1] r.a.observability.ObservabilityService   : LAB9 Observability window=10s category=web.additional.availability_new count=380 sumNanos=170843491834 avgNanos=449588136
zil-additional-service  | 2026-05-04T14:08:19.385Z  INFO 1 --- [zil-additional-service] [   scheduling-1] r.a.observability.ObservabilityService   : LAB9 Observability window=10s category=additional.statsComputation.availability.allCitiesAllDates count=380 sumNanos=78002232 avgNanos=205269
zil-additional-service  | 2026-05-04T14:08:19.385Z  INFO 1 --- [zil-additional-service] [   scheduling-1] r.a.observability.ObservabilityService   : LAB9 Observability window=30s category=http.main.rents count=1046 sumNanos=271225918394 avgNanos=259298201
zil-additional-service  | 2026-05-04T14:08:19.385Z  INFO 1 --- [zil-additional-service] [   scheduling-1] r.a.observability.ObservabilityService   : LAB9 Observability window=30s category=http.main.cars count=1046 sumNanos=248869815109 avgNanos=237925253
zil-additional-service  | 2026-05-04T14:08:19.386Z  INFO 1 --- [zil-additional-service] [   scheduling-1] r.a.observability.ObservabilityService   : LAB9 Observability window=30s category=web.additional.availability_new count=1046 sumNanos=521161470128 avgNanos=498242323
zil-additional-service  | 2026-05-04T14:08:19.386Z  INFO 1 --- [zil-additional-service] [   scheduling-1] r.a.observability.ObservabilityService   : LAB9 Observability window=30s category=additional.statsComputation.availability.allCitiesAllDates count=1046 sumNanos=325306230 avgNanos=311000
zil-additional-service  | 2026-05-04T14:08:19.386Z  INFO 1 --- [zil-additional-service] [   scheduling-1] r.a.observability.ObservabilityService   : LAB9 Observability window=1m category=http.main.rents count=1817 sumNanos=561995325527 avgNanos=309298473
zil-additional-service  | 2026-05-04T14:08:19.386Z  INFO 1 --- [zil-additional-service] [   scheduling-1] r.a.observability.ObservabilityService   : LAB9 Observability window=1m category=http.main.cars count=1813 sumNanos=506658168846 avgNanos=279458449
zil-additional-service  | 2026-05-04T14:08:19.386Z  INFO 1 --- [zil-additional-service] [   scheduling-1] r.a.observability.ObservabilityService   : LAB9 Observability window=1m category=web.additional.availability_new count=1817 sumNanos=1074319347966 avgNanos=591259960
zil-additional-service  | 2026-05-04T14:08:19.386Z  INFO 1 --- [zil-additional-service] [   scheduling-1] r.a.observability.ObservabilityService   : LAB9 Observability window=1m category=additional.statsComputation.availability.allCitiesAllDates count=1817 sumNanos=501929649 avgNanos=276240
zil-additional-service  | 2026-05-04T14:08:24.387Z  INFO 1 --- [zil-additional-service] [   scheduling-1] r.a.observability.ObservabilityService   : LAB9 Observability window=10s category=http.main.rents count=392 sumNanos=87153790506 avgNanos=222331098
zil-additional-service  | 2026-05-04T14:08:24.387Z  INFO 1 --- [zil-additional-service] [   scheduling-1] r.a.observability.ObservabilityService   : LAB9 Observability window=10s category=http.main.cars count=395 sumNanos=81627638297 avgNanos=206652248
zil-additional-service  | 2026-05-04T14:08:24.387Z  INFO 1 --- [zil-additional-service] [   scheduling-1] r.a.observability.ObservabilityService   : LAB9 Observability window=10s category=web.additional.availability_new count=392 sumNanos=168912535665 avgNanos=430899325
zil-additional-service  | 2026-05-04T14:08:24.387Z  INFO 1 --- [zil-additional-service] [   scheduling-1] r.a.observability.ObservabilityService   : LAB9 Observability window=10s category=additional.statsComputation.availability.allCitiesAllDates count=392 sumNanos=84029902 avgNanos=214361
zil-additional-service  | 2026-05-04T14:08:24.388Z  INFO 1 --- [zil-additional-service] [   scheduling-1] r.a.observability.ObservabilityService   : LAB9 Observability window=30s category=http.main.rents count=1081 sumNanos=266708824062 avgNanos=246724166
zil-additional-service  | 2026-05-04T14:08:24.388Z  INFO 1 --- [zil-additional-service] [   scheduling-1] r.a.observability.ObservabilityService   : LAB9 Observability window=30s category=http.main.cars count=1085 sumNanos=247112376260 avgNanos=227753342
zil-additional-service  | 2026-05-04T14:08:24.388Z  INFO 1 --- [zil-additional-service] [   scheduling-1] r.a.observability.ObservabilityService   : LAB9 Observability window=30s category=web.additional.availability_new count=1081 sumNanos=513984728149 avgNanos=475471533
zil-additional-service  | 2026-05-04T14:08:24.388Z  INFO 1 --- [zil-additional-service] [   scheduling-1] r.a.observability.ObservabilityService   : LAB9 Observability window=30s category=additional.statsComputation.availability.allCitiesAllDates count=1081 sumNanos=291310201 avgNanos=269482
zil-additional-service  | 2026-05-04T14:08:24.388Z  INFO 1 --- [zil-additional-service] [   scheduling-1] r.a.observability.ObservabilityService   : LAB9 Observability window=1m category=http.main.rents count=1930 sumNanos=552515379979 avgNanos=286277398
zil-additional-service  | 2026-05-04T14:08:24.388Z  INFO 1 --- [zil-additional-service] [   scheduling-1] r.a.observability.ObservabilityService   : LAB9 Observability window=1m category=http.main.cars count=1928 sumNanos=502874656493 avgNanos=260827103
zil-additional-service  | 2026-05-04T14:08:24.388Z  INFO 1 --- [zil-additional-service] [   scheduling-1] r.a.observability.ObservabilityService   : LAB9 Observability window=1m category=web.additional.availability_new count=1930 sumNanos=1060556034287 avgNanos=549510898
zil-additional-service  | 2026-05-04T14:08:24.388Z  INFO 1 --- [zil-additional-service] [   scheduling-1] r.a.observability.ObservabilityService   : LAB9 Observability window=1m category=additional.statsComputation.availability.allCitiesAllDates count=1930 sumNanos=522827653 avgNanos=270895
zil-additional-service  | 2026-05-04T14:08:29.389Z  INFO 1 --- [zil-additional-service] [   scheduling-1] r.a.observability.ObservabilityService   : LAB9 Observability window=10s category=http.main.rents count=405 sumNanos=87294805569 avgNanos=215542729
zil-additional-service  | 2026-05-04T14:08:29.389Z  INFO 1 --- [zil-additional-service] [   scheduling-1] r.a.observability.ObservabilityService   : LAB9 Observability window=10s category=http.main.cars count=400 sumNanos=78463481514 avgNanos=196158703
zil-additional-service  | 2026-05-04T14:08:29.389Z  INFO 1 --- [zil-additional-service] [   scheduling-1] r.a.observability.ObservabilityService   : LAB9 Observability window=10s category=web.additional.availability_new count=405 sumNanos=167290687693 avgNanos=413063426
zil-additional-service  | 2026-05-04T14:08:29.390Z  INFO 1 --- [zil-additional-service] [   scheduling-1] r.a.observability.ObservabilityService   : LAB9 Observability window=10s category=additional.statsComputation.availability.allCitiesAllDates count=405 sumNanos=97844325 avgNanos=241590
zil-additional-service  | 2026-05-04T14:08:29.390Z  INFO 1 --- [zil-additional-service] [   scheduling-1] r.a.observability.ObservabilityService   : LAB9 Observability window=30s category=http.main.rents count=1129 sumNanos=267219723070 avgNanos=236687088
zil-additional-service  | 2026-05-04T14:08:29.393Z  INFO 1 --- [zil-additional-service] [   scheduling-1] r.a.observability.ObservabilityService   : LAB9 Observability window=30s category=http.main.cars count=1121 sumNanos=243005202184 avgNanos=216775381
zil-additional-service  | 2026-05-04T14:08:29.393Z  INFO 1 --- [zil-additional-service] [   scheduling-1] r.a.observability.ObservabilityService   : LAB9 Observability window=30s category=web.additional.availability_new count=1129 sumNanos=513591110206 avgNanos=454907980
zil-additional-service  | 2026-05-04T14:08:29.393Z  INFO 1 --- [zil-additional-service] [   scheduling-1] r.a.observability.ObservabilityService   : LAB9 Observability window=30s category=additional.statsComputation.availability.allCitiesAllDates count=1129 sumNanos=305727178 avgNanos=270794
zil-additional-service  | 2026-05-04T14:08:29.394Z  INFO 1 --- [zil-additional-service] [   scheduling-1] r.a.observability.ObservabilityService   : LAB9 Observability window=1m category=http.main.rents count=2031 sumNanos=544846536849 avgNanos=268265158
zil-additional-service  | 2026-05-04T14:08:29.394Z  INFO 1 --- [zil-additional-service] [   scheduling-1] r.a.observability.ObservabilityService   : LAB9 Observability window=1m category=http.main.cars count=2023 sumNanos=498450396286 avgNanos=246391693
zil-additional-service  | 2026-05-04T14:08:29.395Z  INFO 1 --- [zil-additional-service] [   scheduling-1] r.a.observability.ObservabilityService   : LAB9 Observability window=1m category=web.additional.availability_new count=2031 sumNanos=1048413212665 avgNanos=516205422
zil-additional-service  | 2026-05-04T14:08:29.398Z  INFO 1 --- [zil-additional-service] [   scheduling-1] r.a.observability.ObservabilityService   : LAB9 Observability window=1m category=additional.statsComputation.availability.allCitiesAllDates count=2031 sumNanos=553569866 avgNanos=272560
zil-additional-service  | 2026-05-04T14:08:34.398Z  INFO 1 --- [zil-additional-service] [   scheduling-1] r.a.observability.ObservabilityService   : LAB9 Observability window=10s category=http.main.rents count=401 sumNanos=87816485225 avgNanos=218993728
zil-additional-service  | 2026-05-04T14:08:34.399Z  INFO 1 --- [zil-additional-service] [   scheduling-1] r.a.observability.ObservabilityService   : LAB9 Observability window=10s category=http.main.cars count=397 sumNanos=78522334676 avgNanos=197789256
zil-additional-service  | 2026-05-04T14:08:34.399Z  INFO 1 --- [zil-additional-service] [   scheduling-1] r.a.observability.ObservabilityService   : LAB9 Observability window=10s category=web.additional.availability_new count=401 sumNanos=167056176825 avgNanos=416598944
zil-additional-service  | 2026-05-04T14:08:34.399Z  INFO 1 --- [zil-additional-service] [   scheduling-1] r.a.observability.ObservabilityService   : LAB9 Observability window=10s category=additional.statsComputation.availability.allCitiesAllDates count=401 sumNanos=119191825 avgNanos=297236
zil-additional-service  | 2026-05-04T14:08:34.399Z  INFO 1 --- [zil-additional-service] [   scheduling-1] r.a.observability.ObservabilityService   : LAB9 Observability window=30s category=http.main.rents count=1151 sumNanos=264201969593 avgNanos=229541242
zil-additional-service  | 2026-05-04T14:08:34.399Z  INFO 1 --- [zil-additional-service] [   scheduling-1] r.a.observability.ObservabilityService   : LAB9 Observability window=30s category=http.main.cars count=1152 sumNanos=241493622026 avgNanos=209629880
zil-additional-service  | 2026-05-04T14:08:34.399Z  INFO 1 --- [zil-additional-service] [   scheduling-1] r.a.observability.ObservabilityService   : LAB9 Observability window=30s category=web.additional.availability_new count=1151 sumNanos=505741038147 avgNanos=439392735
zil-additional-service  | 2026-05-04T14:08:34.399Z  INFO 1 --- [zil-additional-service] [   scheduling-1] r.a.observability.ObservabilityService   : LAB9 Observability window=30s category=additional.statsComputation.availability.allCitiesAllDates count=1151 sumNanos=261385640 avgNanos=227094
zil-additional-service  | 2026-05-04T14:08:34.399Z  INFO 1 --- [zil-additional-service] [   scheduling-1] r.a.observability.ObservabilityService   : LAB9 Observability window=1m category=http.main.rents count=2109 sumNanos=539644807233 avgNanos=255877101
zil-additional-service  | 2026-05-04T14:08:34.399Z  INFO 1 --- [zil-additional-service] [   scheduling-1] r.a.observability.ObservabilityService   : LAB9 Observability window=1m category=http.main.cars count=2106 sumNanos=494970340465 avgNanos=235028651
zil-additional-service  | 2026-05-04T14:08:34.399Z  INFO 1 --- [zil-additional-service] [   scheduling-1] r.a.observability.ObservabilityService   : LAB9 Observability window=1m category=web.additional.availability_new count=2109 sumNanos=1037860006411 avgNanos=492110007
zil-additional-service  | 2026-05-04T14:08:34.399Z  INFO 1 --- [zil-additional-service] [   scheduling-1] r.a.observability.ObservabilityService   : LAB9 Observability window=1m category=additional.statsComputation.availability.allCitiesAllDates count=2109 sumNanos=565216319 avgNanos=268002
zil-additional-service  | 2026-05-04T14:08:39.400Z  INFO 1 --- [zil-additional-service] [   scheduling-1] r.a.observability.ObservabilityService   : LAB9 Observability window=10s category=http.main.rents count=407 sumNanos=84114630276 avgNanos=206669853
zil-additional-service  | 2026-05-04T14:08:39.400Z  INFO 1 --- [zil-additional-service] [   scheduling-1] r.a.observability.ObservabilityService   : LAB9 Observability window=10s category=http.main.cars count=412 sumNanos=80759403760 avgNanos=196017970
zil-additional-service  | 2026-05-04T14:08:39.400Z  INFO 1 --- [zil-additional-service] [   scheduling-1] r.a.observability.ObservabilityService   : LAB9 Observability window=10s category=web.additional.availability_new count=407 sumNanos=164430822699 avgNanos=404006935
zil-additional-service  | 2026-05-04T14:08:39.400Z  INFO 1 --- [zil-additional-service] [   scheduling-1] r.a.observability.ObservabilityService   : LAB9 Observability window=10s category=additional.statsComputation.availability.allCitiesAllDates count=407 sumNanos=127939003 avgNanos=314346
zil-additional-service  | 2026-05-04T14:08:39.400Z  INFO 1 --- [zil-additional-service] [   scheduling-1] r.a.observability.ObservabilityService   : LAB9 Observability window=30s category=http.main.rents count=1192 sumNanos=260508722326 avgNanos=218547585
zil-additional-service  | 2026-05-04T14:08:39.400Z  INFO 1 --- [zil-additional-service] [   scheduling-1] r.a.observability.ObservabilityService   : LAB9 Observability window=30s category=http.main.cars count=1191 sumNanos=240260116347 avgNanos=201729736
zil-additional-service  | 2026-05-04T14:08:39.400Z  INFO 1 --- [zil-additional-service] [   scheduling-1] r.a.observability.ObservabilityService   : LAB9 Observability window=30s category=web.additional.availability_new count=1192 sumNanos=502565002226 avgNanos=421614934
zil-additional-service  | 2026-05-04T14:08:39.400Z  INFO 1 --- [zil-additional-service] [   scheduling-1] r.a.observability.ObservabilityService   : LAB9 Observability window=30s category=additional.statsComputation.availability.allCitiesAllDates count=1192 sumNanos=303785560 avgNanos=254853
zil-additional-service  | 2026-05-04T14:08:39.401Z  INFO 1 --- [zil-additional-service] [   scheduling-1] r.a.observability.ObservabilityService   : LAB9 Observability window=1m category=http.main.rents count=2184 sumNanos=533203637610 avgNanos=244140859
zil-additional-service  | 2026-05-04T14:08:39.401Z  INFO 1 --- [zil-additional-service] [   scheduling-1] r.a.observability.ObservabilityService   : LAB9 Observability window=1m category=http.main.cars count=2178 sumNanos=493123190911 avgNanos=226411015
zil-additional-service  | 2026-05-04T14:08:39.401Z  INFO 1 --- [zil-additional-service] [   scheduling-1] r.a.observability.ObservabilityService   : LAB9 Observability window=1m category=web.additional.availability_new count=2184 sumNanos=1030519491164 avgNanos=471849583
zil-additional-service  | 2026-05-04T14:08:39.401Z  INFO 1 --- [zil-additional-service] [   scheduling-1] r.a.observability.ObservabilityService   : LAB9 Observability window=1m category=additional.statsComputation.availability.allCitiesAllDates count=2184 sumNanos=605866693 avgNanos=277411
zil-additional-service  | 2026-05-04T14:08:44.402Z  INFO 1 --- [zil-additional-service] [   scheduling-1] r.a.observability.ObservabilityService   : LAB9 Observability window=10s category=http.main.rents count=411 sumNanos=83359368723 avgNanos=202820848
zil-additional-service  | 2026-05-04T14:08:44.402Z  INFO 1 --- [zil-additional-service] [   scheduling-1] r.a.observability.ObservabilityService   : LAB9 Observability window=10s category=http.main.cars count=411 sumNanos=79908662063 avgNanos=194424968
zil-additional-service  | 2026-05-04T14:08:44.402Z  INFO 1 --- [zil-additional-service] [   scheduling-1] r.a.observability.ObservabilityService   : LAB9 Observability window=10s category=web.additional.availability_new count=411 sumNanos=164421767138 avgNanos=400052961
zil-additional-service  | 2026-05-04T14:08:44.402Z  INFO 1 --- [zil-additional-service] [   scheduling-1] r.a.observability.ObservabilityService   : LAB9 Observability window=10s category=additional.statsComputation.availability.allCitiesAllDates count=411 sumNanos=103896828 avgNanos=252790
zil-additional-service  | 2026-05-04T14:08:44.402Z  INFO 1 --- [zil-additional-service] [   scheduling-1] r.a.observability.ObservabilityService   : LAB9 Observability window=30s category=http.main.rents count=1204 sumNanos=258329644454 avgNanos=214559505
zil-additional-service  | 2026-05-04T14:08:44.402Z  INFO 1 --- [zil-additional-service] [   scheduling-1] r.a.observability.ObservabilityService   : LAB9 Observability window=30s category=http.main.cars count=1203 sumNanos=240058635036 avgNanos=199549987
zil-additional-service  | 2026-05-04T14:08:44.402Z  INFO 1 --- [zil-additional-service] [   scheduling-1] r.a.observability.ObservabilityService   : LAB9 Observability window=30s category=web.additional.availability_new count=1204 sumNanos=500390479628 avgNanos=415606710
zil-additional-service  | 2026-05-04T14:08:44.402Z  INFO 1 --- [zil-additional-service] [   scheduling-1] r.a.observability.ObservabilityService   : LAB9 Observability window=30s category=additional.statsComputation.availability.allCitiesAllDates count=1204 sumNanos=307118555 avgNanos=255081
zil-additional-service  | 2026-05-04T14:08:44.402Z  INFO 1 --- [zil-additional-service] [   scheduling-1] r.a.observability.ObservabilityService   : LAB9 Observability window=1m category=http.main.rents count=2225 sumNanos=530472993775 avgNanos=238414828
zil-additional-service  | 2026-05-04T14:08:44.403Z  INFO 1 --- [zil-additional-service] [   scheduling-1] r.a.observability.ObservabilityService   : LAB9 Observability window=1m category=http.main.cars count=2223 sumNanos=489993675736 avgNanos=220420007
zil-additional-service  | 2026-05-04T14:08:44.403Z  INFO 1 --- [zil-additional-service] [   scheduling-1] r.a.observability.ObservabilityService   : LAB9 Observability window=1m category=web.additional.availability_new count=2225 sumNanos=1023680791042 avgNanos=460081254
zil-additional-service  | 2026-05-04T14:08:44.403Z  INFO 1 --- [zil-additional-service] [   scheduling-1] r.a.observability.ObservabilityService   : LAB9 Observability window=1m category=additional.statsComputation.availability.allCitiesAllDates count=2225 sumNanos=619596901 avgNanos=278470
zil-additional-service  | 2026-05-04T14:08:49.404Z  INFO 1 --- [zil-additional-service] [   scheduling-1] r.a.observability.ObservabilityService   : LAB9 Observability window=10s category=http.main.rents count=417 sumNanos=84192765217 avgNanos=201901115
zil-additional-service  | 2026-05-04T14:08:49.404Z  INFO 1 --- [zil-additional-service] [   scheduling-1] r.a.observability.ObservabilityService   : LAB9 Observability window=10s category=http.main.cars count=414 sumNanos=79236124928 avgNanos=191391606
zil-additional-service  | 2026-05-04T14:08:49.404Z  INFO 1 --- [zil-additional-service] [   scheduling-1] r.a.observability.ObservabilityService   : LAB9 Observability window=10s category=web.additional.availability_new count=417 sumNanos=164507480875 avgNanos=394502352
zil-additional-service  | 2026-05-04T14:08:49.404Z  INFO 1 --- [zil-additional-service] [   scheduling-1] r.a.observability.ObservabilityService   : LAB9 Observability window=10s category=additional.statsComputation.availability.allCitiesAllDates count=417 sumNanos=98353326 avgNanos=235859
zil-additional-service  | 2026-05-04T14:08:49.405Z  INFO 1 --- [zil-additional-service] [   scheduling-1] r.a.observability.ObservabilityService   : LAB9 Observability window=30s category=http.main.rents count=1229 sumNanos=255602201062 avgNanos=207975753
zil-additional-service  | 2026-05-04T14:08:49.405Z  INFO 1 --- [zil-additional-service] [   scheduling-1] r.a.observability.ObservabilityService   : LAB9 Observability window=30s category=http.main.cars count=1226 sumNanos=238459010202 avgNanos=194501639
zil-additional-service  | 2026-05-04T14:08:49.405Z  INFO 1 --- [zil-additional-service] [   scheduling-1] r.a.observability.ObservabilityService   : LAB9 Observability window=30s category=web.additional.availability_new count=1229 sumNanos=496228991267 avgNanos=403766469
zil-additional-service  | 2026-05-04T14:08:49.405Z  INFO 1 --- [zil-additional-service] [   scheduling-1] r.a.observability.ObservabilityService   : LAB9 Observability window=30s category=additional.statsComputation.availability.allCitiesAllDates count=1229 sumNanos=324136654 avgNanos=263740
zil-additional-service  | 2026-05-04T14:08:49.410Z  INFO 1 --- [zil-additional-service] [   scheduling-1] r.a.observability.ObservabilityService   : LAB9 Observability window=1m category=http.main.rents count=2276 sumNanos=526946905315 avgNanos=231523244
zil-additional-service  | 2026-05-04T14:08:49.410Z  INFO 1 --- [zil-additional-service] [   scheduling-1] r.a.observability.ObservabilityService   : LAB9 Observability window=1m category=http.main.cars count=2272 sumNanos=487328825311 avgNanos=214493320
zil-additional-service  | 2026-05-04T14:08:49.410Z  INFO 1 --- [zil-additional-service] [   scheduling-1] r.a.observability.ObservabilityService   : LAB9 Observability window=1m category=web.additional.availability_new count=2276 sumNanos=1017624005483 avgNanos=447110722
zil-additional-service  | 2026-05-04T14:08:49.410Z  INFO 1 --- [zil-additional-service] [   scheduling-1] r.a.observability.ObservabilityService   : LAB9 Observability window=1m category=additional.statsComputation.availability.allCitiesAllDates count=2276 sumNanos=649538303 avgNanos=285385
zil-additional-service  | 2026-05-04T14:08:54.410Z  INFO 1 --- [zil-additional-service] [   scheduling-1] r.a.observability.ObservabilityService   : LAB9 Observability window=10s category=http.main.rents count=441 sumNanos=82374515392 avgNanos=186790284
zil-additional-service  | 2026-05-04T14:08:54.411Z  INFO 1 --- [zil-additional-service] [   scheduling-1] r.a.observability.ObservabilityService   : LAB9 Observability window=10s category=http.main.cars count=444 sumNanos=78908905868 avgNanos=177722760
zil-additional-service  | 2026-05-04T14:08:54.411Z  INFO 1 --- [zil-additional-service] [   scheduling-1] r.a.observability.ObservabilityService   : LAB9 Observability window=10s category=web.additional.availability_new count=441 sumNanos=160806186427 avgNanos=364639878
zil-additional-service  | 2026-05-04T14:08:54.411Z  INFO 1 --- [zil-additional-service] [   scheduling-1] r.a.observability.ObservabilityService   : LAB9 Observability window=10s category=additional.statsComputation.availability.allCitiesAllDates count=441 sumNanos=118824415 avgNanos=269443
zil-additional-service  | 2026-05-04T14:08:54.412Z  INFO 1 --- [zil-additional-service] [   scheduling-1] r.a.observability.ObservabilityService   : LAB9 Observability window=30s category=http.main.rents count=1253 sumNanos=253550369340 avgNanos=202354644
zil-additional-service  | 2026-05-04T14:08:54.412Z  INFO 1 --- [zil-additional-service] [   scheduling-1] r.a.observability.ObservabilityService   : LAB9 Observability window=30s category=http.main.cars count=1252 sumNanos=237339902607 avgNanos=189568612
zil-additional-service  | 2026-05-04T14:08:54.412Z  INFO 1 --- [zil-additional-service] [   scheduling-1] r.a.observability.ObservabilityService   : LAB9 Observability window=30s category=web.additional.availability_new count=1253 sumNanos=492284130390 avgNanos=392884381
zil-additional-service  | 2026-05-04T14:08:54.412Z  INFO 1 --- [zil-additional-service] [   scheduling-1] r.a.observability.ObservabilityService   : LAB9 Observability window=30s category=additional.statsComputation.availability.allCitiesAllDates count=1253 sumNanos=341913068 avgNanos=272875
zil-additional-service  | 2026-05-04T14:08:54.413Z  INFO 1 --- [zil-additional-service] [   scheduling-1] r.a.observability.ObservabilityService   : LAB9 Observability window=1m category=http.main.rents count=2334 sumNanos=520259193402 avgNanos=222904538
zil-additional-service  | 2026-05-04T14:08:54.413Z  INFO 1 --- [zil-additional-service] [   scheduling-1] r.a.observability.ObservabilityService   : LAB9 Observability window=1m category=http.main.cars count=2337 sumNanos=484452278867 avgNanos=207296653
zil-additional-service  | 2026-05-04T14:08:54.413Z  INFO 1 --- [zil-additional-service] [   scheduling-1] r.a.observability.ObservabilityService   : LAB9 Observability window=1m category=web.additional.availability_new count=2334 sumNanos=1006268858539 avgNanos=431134900
zil-additional-service  | 2026-05-04T14:08:54.413Z  INFO 1 --- [zil-additional-service] [   scheduling-1] r.a.observability.ObservabilityService   : LAB9 Observability window=1m category=additional.statsComputation.availability.allCitiesAllDates count=2334 sumNanos=633223269 avgNanos=271303
zil-additional-service  | 2026-05-04T14:08:59.414Z  INFO 1 --- [zil-additional-service] [   scheduling-1] r.a.observability.ObservabilityService   : LAB9 Observability window=10s category=http.main.rents count=418 sumNanos=83382893830 avgNanos=199480607
zil-additional-service  | 2026-05-04T14:08:59.414Z  INFO 1 --- [zil-additional-service] [   scheduling-1] r.a.observability.ObservabilityService   : LAB9 Observability window=10s category=http.main.cars count=426 sumNanos=79685631349 avgNanos=187055472
zil-additional-service  | 2026-05-04T14:08:59.414Z  INFO 1 --- [zil-additional-service] [   scheduling-1] r.a.observability.ObservabilityService   : LAB9 Observability window=10s category=web.additional.availability_new count=418 sumNanos=161147076585 avgNanos=385519321
zil-additional-service  | 2026-05-04T14:08:59.414Z  INFO 1 --- [zil-additional-service] [   scheduling-1] r.a.observability.ObservabilityService   : LAB9 Observability window=10s category=additional.statsComputation.availability.allCitiesAllDates count=418 sumNanos=80697009 avgNanos=193055
zil-additional-service  | 2026-05-04T14:08:59.414Z  INFO 1 --- [zil-additional-service] [   scheduling-1] r.a.observability.ObservabilityService   : LAB9 Observability window=30s category=http.main.rents count=1243 sumNanos=251809075182 avgNanos=202581717
zil-additional-service  | 2026-05-04T14:08:59.414Z  INFO 1 --- [zil-additional-service] [   scheduling-1] r.a.observability.ObservabilityService   : LAB9 Observability window=30s category=http.main.cars count=1252 sumNanos=239681160037 avgNanos=191438626
zil-additional-service  | 2026-05-04T14:08:59.415Z  INFO 1 --- [zil-additional-service] [   scheduling-1] r.a.observability.ObservabilityService   : LAB9 Observability window=30s category=web.additional.availability_new count=1243 sumNanos=490318924247 avgNanos=394464138
zil-additional-service  | 2026-05-04T14:08:59.415Z  INFO 1 --- [zil-additional-service] [   scheduling-1] r.a.observability.ObservabilityService   : LAB9 Observability window=30s category=additional.statsComputation.availability.allCitiesAllDates count=1243 sumNanos=307084757 avgNanos=247051
zil-additional-service  | 2026-05-04T14:08:59.415Z  INFO 1 --- [zil-additional-service] [   scheduling-1] r.a.observability.ObservabilityService   : LAB9 Observability window=1m category=http.main.rents count=2372 sumNanos=519028798252 avgNanos=218814839
zil-additional-service  | 2026-05-04T14:08:59.415Z  INFO 1 --- [zil-additional-service] [   scheduling-1] r.a.observability.ObservabilityService   : LAB9 Observability window=1m category=http.main.cars count=2373 sumNanos=482686362221 avgNanos=203407653
zil-additional-service  | 2026-05-04T14:08:59.415Z  INFO 1 --- [zil-additional-service] [   scheduling-1] r.a.observability.ObservabilityService   : LAB9 Observability window=1m category=web.additional.availability_new count=2372 sumNanos=1003910034453 avgNanos=423233572
zil-additional-service  | 2026-05-04T14:08:59.415Z  INFO 1 --- [zil-additional-service] [   scheduling-1] r.a.observability.ObservabilityService   : LAB9 Observability window=1m category=additional.statsComputation.availability.allCitiesAllDates count=2372 sumNanos=612811935 avgNanos=258352
zil-additional-service  | 2026-05-04T14:09:04.416Z  INFO 1 --- [zil-additional-service] [   scheduling-1] r.a.observability.ObservabilityService   : LAB9 Observability window=10s category=http.main.rents count=395 sumNanos=88169996252 avgNanos=223215180
zil-additional-service  | 2026-05-04T14:09:04.416Z  INFO 1 --- [zil-additional-service] [   scheduling-1] r.a.observability.ObservabilityService   : LAB9 Observability window=10s category=http.main.cars count=391 sumNanos=79374399980 avgNanos=203003580
zil-additional-service  | 2026-05-04T14:09:04.416Z  INFO 1 --- [zil-additional-service] [   scheduling-1] r.a.observability.ObservabilityService   : LAB9 Observability window=10s category=web.additional.availability_new count=395 sumNanos=168635360047 avgNanos=426924962
zil-additional-service  | 2026-05-04T14:09:04.416Z  INFO 1 --- [zil-additional-service] [   scheduling-1] r.a.observability.ObservabilityService   : LAB9 Observability window=10s category=additional.statsComputation.availability.allCitiesAllDates count=395 sumNanos=57644494 avgNanos=145935
zil-additional-service  | 2026-05-04T14:09:04.417Z  INFO 1 --- [zil-additional-service] [   scheduling-1] r.a.observability.ObservabilityService   : LAB9 Observability window=30s category=http.main.rents count=1247 sumNanos=253903880367 avgNanos=203611772
zil-additional-service  | 2026-05-04T14:09:04.417Z  INFO 1 --- [zil-additional-service] [   scheduling-1] r.a.observability.ObservabilityService   : LAB9 Observability window=30s category=http.main.cars count=1246 sumNanos=238191967911 avgNanos=191165303
zil-additional-service  | 2026-05-04T14:09:04.417Z  INFO 1 --- [zil-additional-service] [   scheduling-1] r.a.observability.ObservabilityService   : LAB9 Observability window=30s category=web.additional.availability_new count=1247 sumNanos=493863313612 avgNanos=396041149
zil-additional-service  | 2026-05-04T14:09:04.417Z  INFO 1 --- [zil-additional-service] [   scheduling-1] r.a.observability.ObservabilityService   : LAB9 Observability window=30s category=additional.statsComputation.availability.allCitiesAllDates count=1247 sumNanos=280365737 avgNanos=224832
zil-additional-service  | 2026-05-04T14:09:04.417Z  INFO 1 --- [zil-additional-service] [   scheduling-1] r.a.observability.ObservabilityService   : LAB9 Observability window=1m category=http.main.rents count=2398 sumNanos=518105849960 avgNanos=216057485
zil-additional-service  | 2026-05-04T14:09:04.417Z  INFO 1 --- [zil-additional-service] [   scheduling-1] r.a.observability.ObservabilityService   : LAB9 Observability window=1m category=http.main.cars count=2398 sumNanos=479685589937 avgNanos=200035692
zil-additional-service  | 2026-05-04T14:09:04.417Z  INFO 1 --- [zil-additional-service] [   scheduling-1] r.a.observability.ObservabilityService   : LAB9 Observability window=1m category=web.additional.availability_new count=2398 sumNanos=999604351759 avgNanos=416849187
zil-additional-service  | 2026-05-04T14:09:04.417Z  INFO 1 --- [zil-additional-service] [   scheduling-1] r.a.observability.ObservabilityService   : LAB9 Observability window=1m category=additional.statsComputation.availability.allCitiesAllDates count=2398 sumNanos=541751377 avgNanos=225918
zil-additional-service  | 2026-05-04T14:09:09.419Z  INFO 1 --- [zil-additional-service] [   scheduling-1] r.a.observability.ObservabilityService   : LAB9 Observability window=10s category=http.main.rents count=413 sumNanos=87185482837 avgNanos=211102864
zil-additional-service  | 2026-05-04T14:09:09.419Z  INFO 1 --- [zil-additional-service] [   scheduling-1] r.a.observability.ObservabilityService   : LAB9 Observability window=10s category=http.main.cars count=409 sumNanos=79776060253 avgNanos=195051492
zil-additional-service  | 2026-05-04T14:09:09.419Z  INFO 1 --- [zil-additional-service] [   scheduling-1] r.a.observability.ObservabilityService   : LAB9 Observability window=10s category=web.additional.availability_new count=413 sumNanos=168774750598 avgNanos=408655570
zil-additional-service  | 2026-05-04T14:09:09.419Z  INFO 1 --- [zil-additional-service] [   scheduling-1] r.a.observability.ObservabilityService   : LAB9 Observability window=10s category=additional.statsComputation.availability.allCitiesAllDates count=413 sumNanos=81702017 avgNanos=197825
zil-additional-service  | 2026-05-04T14:09:09.419Z  INFO 1 --- [zil-additional-service] [   scheduling-1] r.a.observability.ObservabilityService   : LAB9 Observability window=30s category=http.main.rents count=1249 sumNanos=254879927743 avgNanos=204067195
zil-additional-service  | 2026-05-04T14:09:09.419Z  INFO 1 --- [zil-additional-service] [   scheduling-1] r.a.observability.ObservabilityService   : LAB9 Observability window=30s category=http.main.cars count=1249 sumNanos=238697816530 avgNanos=191111142
zil-additional-service  | 2026-05-04T14:09:09.419Z  INFO 1 --- [zil-additional-service] [   scheduling-1] r.a.observability.ObservabilityService   : LAB9 Observability window=30s category=web.additional.availability_new count=1249 sumNanos=494662852146 avgNanos=396047119
zil-additional-service  | 2026-05-04T14:09:09.419Z  INFO 1 --- [zil-additional-service] [   scheduling-1] r.a.observability.ObservabilityService   : LAB9 Observability window=30s category=additional.statsComputation.availability.allCitiesAllDates count=1249 sumNanos=260847771 avgNanos=208845
zil-additional-service  | 2026-05-04T14:09:09.419Z  INFO 1 --- [zil-additional-service] [   scheduling-1] r.a.observability.ObservabilityService   : LAB9 Observability window=1m category=http.main.rents count=2441 sumNanos=515388650069 avgNanos=211138324
zil-additional-service  | 2026-05-04T14:09:09.419Z  INFO 1 --- [zil-additional-service] [   scheduling-1] r.a.observability.ObservabilityService   : LAB9 Observability window=1m category=http.main.cars count=2440 sumNanos=478957932877 avgNanos=196294234
zil-additional-service  | 2026-05-04T14:09:09.419Z  INFO 1 --- [zil-additional-service] [   scheduling-1] r.a.observability.ObservabilityService   : LAB9 Observability window=1m category=web.additional.availability_new count=2441 sumNanos=997227854372 avgNanos=408532508
zil-additional-service  | 2026-05-04T14:09:09.419Z  INFO 1 --- [zil-additional-service] [   scheduling-1] r.a.observability.ObservabilityService   : LAB9 Observability window=1m category=additional.statsComputation.availability.allCitiesAllDates count=2441 sumNanos=564633331 avgNanos=231312
zil-additional-service  | 2026-05-04T14:09:14.420Z  INFO 1 --- [zil-additional-service] [   scheduling-1] r.a.observability.ObservabilityService   : LAB9 Observability window=10s category=http.main.rents count=407 sumNanos=84902069069 avgNanos=208604592
zil-additional-service  | 2026-05-04T14:09:14.420Z  INFO 1 --- [zil-additional-service] [   scheduling-1] r.a.observability.ObservabilityService   : LAB9 Observability window=10s category=http.main.cars count=410 sumNanos=80278107653 avgNanos=195800262
zil-additional-service  | 2026-05-04T14:09:14.420Z  INFO 1 --- [zil-additional-service] [   scheduling-1] r.a.observability.ObservabilityService   : LAB9 Observability window=10s category=web.additional.availability_new count=407 sumNanos=163861594907 avgNanos=402608341
zil-additional-service  | 2026-05-04T14:09:14.420Z  INFO 1 --- [zil-additional-service] [   scheduling-1] r.a.observability.ObservabilityService   : LAB9 Observability window=10s category=additional.statsComputation.availability.allCitiesAllDates count=407 sumNanos=83185850 avgNanos=204387
zil-additional-service  | 2026-05-04T14:09:14.420Z  INFO 1 --- [zil-additional-service] [   scheduling-1] r.a.observability.ObservabilityService   : LAB9 Observability window=30s category=http.main.rents count=1242 sumNanos=255208413680 avgNanos=205481814
zil-additional-service  | 2026-05-04T14:09:14.420Z  INFO 1 --- [zil-additional-service] [   scheduling-1] r.a.observability.ObservabilityService   : LAB9 Observability window=30s category=http.main.cars count=1244 sumNanos=238307455342 avgNanos=191565478
zil-additional-service  | 2026-05-04T14:09:14.420Z  INFO 1 --- [zil-additional-service] [   scheduling-1] r.a.observability.ObservabilityService   : LAB9 Observability window=30s category=web.additional.availability_new count=1242 sumNanos=492952298927 avgNanos=396902012
zil-additional-service  | 2026-05-04T14:09:14.421Z  INFO 1 --- [zil-additional-service] [   scheduling-1] r.a.observability.ObservabilityService   : LAB9 Observability window=30s category=additional.statsComputation.availability.allCitiesAllDates count=1242 sumNanos=259542464 avgNanos=208971
zil-additional-service  | 2026-05-04T14:09:14.421Z  INFO 1 --- [zil-additional-service] [   scheduling-1] r.a.observability.ObservabilityService   : LAB9 Observability window=1m category=http.main.rents count=2446 sumNanos=513311039534 avgNanos=209857334
zil-additional-service  | 2026-05-04T14:09:14.421Z  INFO 1 --- [zil-additional-service] [   scheduling-1] r.a.observability.ObservabilityService   : LAB9 Observability window=1m category=http.main.cars count=2448 sumNanos=478620048537 avgNanos=195514725
zil-additional-service  | 2026-05-04T14:09:14.421Z  INFO 1 --- [zil-additional-service] [   scheduling-1] r.a.observability.ObservabilityService   : LAB9 Observability window=1m category=web.additional.availability_new count=2446 sumNanos=993095681806 avgNanos=406008046
zil-additional-service  | 2026-05-04T14:09:14.421Z  INFO 1 --- [zil-additional-service] [   scheduling-1] r.a.observability.ObservabilityService   : LAB9 Observability window=1m category=additional.statsComputation.availability.allCitiesAllDates count=2446 sumNanos=566699864 avgNanos=231684
zil-additional-service  | 2026-05-04T14:09:19.421Z  INFO 1 --- [zil-additional-service] [   scheduling-1] r.a.observability.ObservabilityService   : LAB9 Observability window=10s category=http.main.rents count=393 sumNanos=86237569959 avgNanos=219434020
zil-additional-service  | 2026-05-04T14:09:19.422Z  INFO 1 --- [zil-additional-service] [   scheduling-1] r.a.observability.ObservabilityService   : LAB9 Observability window=10s category=http.main.cars count=392 sumNanos=79818893982 avgNanos=203619627
zil-additional-service  | 2026-05-04T14:09:19.422Z  INFO 1 --- [zil-additional-service] [   scheduling-1] r.a.observability.ObservabilityService   : LAB9 Observability window=10s category=web.additional.availability_new count=393 sumNanos=165670750633 avgNanos=421554072
zil-additional-service  | 2026-05-04T14:09:19.422Z  INFO 1 --- [zil-additional-service] [   scheduling-1] r.a.observability.ObservabilityService   : LAB9 Observability window=10s category=additional.statsComputation.availability.allCitiesAllDates count=393 sumNanos=61136174 avgNanos=155562
zil-additional-service  | 2026-05-04T14:09:19.423Z  INFO 1 --- [zil-additional-service] [   scheduling-1] r.a.observability.ObservabilityService   : LAB9 Observability window=30s category=http.main.rents count=1225 sumNanos=256948627080 avgNanos=209753981
zil-additional-service  | 2026-05-04T14:09:19.423Z  INFO 1 --- [zil-additional-service] [   scheduling-1] r.a.observability.ObservabilityService   : LAB9 Observability window=30s category=http.main.cars count=1228 sumNanos=239474280184 avgNanos=195011628
zil-additional-service  | 2026-05-04T14:09:19.423Z  INFO 1 --- [zil-additional-service] [   scheduling-1] r.a.observability.ObservabilityService   : LAB9 Observability window=30s category=web.additional.availability_new count=1225 sumNanos=495876873968 avgNanos=404797448
zil-additional-service  | 2026-05-04T14:09:19.423Z  INFO 1 --- [zil-additional-service] [   scheduling-1] r.a.observability.ObservabilityService   : LAB9 Observability window=30s category=additional.statsComputation.availability.allCitiesAllDates count=1225 sumNanos=223656378 avgNanos=182576
zil-additional-service  | 2026-05-04T14:09:19.424Z  INFO 1 --- [zil-additional-service] [   scheduling-1] r.a.observability.ObservabilityService   : LAB9 Observability window=1m category=http.main.rents count=2455 sumNanos=512669614001 avgNanos=208826726
zil-additional-service  | 2026-05-04T14:09:19.425Z  INFO 1 --- [zil-additional-service] [   scheduling-1] r.a.observability.ObservabilityService   : LAB9 Observability window=1m category=http.main.cars count=2454 sumNanos=477933290386 avgNanos=194756842
zil-additional-service  | 2026-05-04T14:09:19.426Z  INFO 1 --- [zil-additional-service] [   scheduling-1] r.a.observability.ObservabilityService   : LAB9 Observability window=1m category=web.additional.availability_new count=2455 sumNanos=992339409323 avgNanos=404211572
zil-additional-service  | 2026-05-04T14:09:19.426Z  INFO 1 --- [zil-additional-service] [   scheduling-1] r.a.observability.ObservabilityService   : LAB9 Observability window=1m category=additional.statsComputation.availability.allCitiesAllDates count=2455 sumNanos=547888451 avgNanos=223172
zil-additional-service  | 2026-05-04T14:09:24.426Z  INFO 1 --- [zil-additional-service] [   scheduling-1] r.a.observability.ObservabilityService   : LAB9 Observability window=10s category=http.main.rents count=407 sumNanos=85936892741 avgNanos=211147156
zil-additional-service  | 2026-05-04T14:09:24.428Z  INFO 1 --- [zil-additional-service] [   scheduling-1] r.a.observability.ObservabilityService   : LAB9 Observability window=10s category=http.main.cars count=404 sumNanos=81423254495 avgNanos=201542709
zil-additional-service  | 2026-05-04T14:09:24.429Z  INFO 1 --- [zil-additional-service] [   scheduling-1] r.a.observability.ObservabilityService   : LAB9 Observability window=10s category=web.additional.availability_new count=407 sumNanos=168830525145 avgNanos=414817015
zil-additional-service  | 2026-05-04T14:09:24.429Z  INFO 1 --- [zil-additional-service] [   scheduling-1] r.a.observability.ObservabilityService   : LAB9 Observability window=10s category=additional.statsComputation.availability.allCitiesAllDates count=407 sumNanos=69279505 avgNanos=170219
zil-additional-service  | 2026-05-04T14:09:24.430Z  INFO 1 --- [zil-additional-service] [   scheduling-1] r.a.observability.ObservabilityService   : LAB9 Observability window=30s category=http.main.rents count=1208 sumNanos=258839748003 avgNanos=214271314
zil-additional-service  | 2026-05-04T14:09:24.430Z  INFO 1 --- [zil-additional-service] [   scheduling-1] r.a.observability.ObservabilityService   : LAB9 Observability window=30s category=http.main.cars count=1205 sumNanos=241075762128 avgNanos=200062873
zil-additional-service  | 2026-05-04T14:09:24.431Z  INFO 1 --- [zil-additional-service] [   scheduling-1] r.a.observability.ObservabilityService   : LAB9 Observability window=30s category=web.additional.availability_new count=1208 sumNanos=501040543075 avgNanos=414768661
zil-additional-service  | 2026-05-04T14:09:24.431Z  INFO 1 --- [zil-additional-service] [   scheduling-1] r.a.observability.ObservabilityService   : LAB9 Observability window=30s category=additional.statsComputation.availability.allCitiesAllDates count=1208 sumNanos=210027974 avgNanos=173864
zil-additional-service  | 2026-05-04T14:09:24.431Z  INFO 1 --- [zil-additional-service] [   scheduling-1] r.a.observability.ObservabilityService   : LAB9 Observability window=1m category=http.main.rents count=2462 sumNanos=512559327402 avgNanos=208188191
zil-additional-service  | 2026-05-04T14:09:24.432Z  INFO 1 --- [zil-additional-service] [   scheduling-1] r.a.observability.ObservabilityService   : LAB9 Observability window=1m category=http.main.cars count=2457 sumNanos=478415664735 avgNanos=194715370
zil-additional-service  | 2026-05-04T14:09:24.432Z  INFO 1 --- [zil-additional-service] [   scheduling-1] r.a.observability.ObservabilityService   : LAB9 Observability window=1m category=web.additional.availability_new count=2462 sumNanos=993611610489 avgNanos=403579045
zil-additional-service  | 2026-05-04T14:09:24.432Z  INFO 1 --- [zil-additional-service] [   scheduling-1] r.a.observability.ObservabilityService   : LAB9 Observability window=1m category=additional.statsComputation.availability.allCitiesAllDates count=2462 sumNanos=552022917 avgNanos=224217
zil-additional-service  | 2026-05-04T14:09:29.433Z  INFO 1 --- [zil-additional-service] [   scheduling-1] r.a.observability.ObservabilityService   : LAB9 Observability window=10s category=http.main.rents count=414 sumNanos=84701709942 avgNanos=204593502
zil-additional-service  | 2026-05-04T14:09:29.433Z  INFO 1 --- [zil-additional-service] [   scheduling-1] r.a.observability.ObservabilityService   : LAB9 Observability window=10s category=http.main.cars count=422 sumNanos=81568369718 avgNanos=193289975
zil-additional-service  | 2026-05-04T14:09:29.433Z  INFO 1 --- [zil-additional-service] [   scheduling-1] r.a.observability.ObservabilityService   : LAB9 Observability window=10s category=web.additional.availability_new count=414 sumNanos=165787340632 avgNanos=400452513
zil-additional-service  | 2026-05-04T14:09:29.433Z  INFO 1 --- [zil-additional-service] [   scheduling-1] r.a.observability.ObservabilityService   : LAB9 Observability window=10s category=additional.statsComputation.availability.allCitiesAllDates count=414 sumNanos=65927183 avgNanos=159244
zil-additional-service  | 2026-05-04T14:09:29.434Z  INFO 1 --- [zil-additional-service] [   scheduling-1] r.a.observability.ObservabilityService   : LAB9 Observability window=30s category=http.main.rents count=1219 sumNanos=257651660579 avgNanos=211363134
zil-additional-service  | 2026-05-04T14:09:29.434Z  INFO 1 --- [zil-additional-service] [   scheduling-1] r.a.observability.ObservabilityService   : LAB9 Observability window=30s category=http.main.cars count=1224 sumNanos=241357018553 avgNanos=197187106
zil-additional-service  | 2026-05-04T14:09:29.434Z  INFO 1 --- [zil-additional-service] [   scheduling-1] r.a.observability.ObservabilityService   : LAB9 Observability window=30s category=web.additional.availability_new count=1219 sumNanos=499462596694 avgNanos=409731416
zil-additional-service  | 2026-05-04T14:09:29.434Z  INFO 1 --- [zil-additional-service] [   scheduling-1] r.a.observability.ObservabilityService   : LAB9 Observability window=30s category=additional.statsComputation.availability.allCitiesAllDates count=1219 sumNanos=208758262 avgNanos=171253
zil-additional-service  | 2026-05-04T14:09:29.435Z  INFO 1 --- [zil-additional-service] [   scheduling-1] r.a.observability.ObservabilityService   : LAB9 Observability window=1m category=http.main.rents count=2464 sumNanos=510076518374 avgNanos=207011574
zil-additional-service  | 2026-05-04T14:09:29.435Z  INFO 1 --- [zil-additional-service] [   scheduling-1] r.a.observability.ObservabilityService   : LAB9 Observability window=1m category=http.main.cars count=2475 sumNanos=480715439270 avgNanos=194228460
zil-additional-service  | 2026-05-04T14:09:29.435Z  INFO 1 --- [zil-additional-service] [   scheduling-1] r.a.observability.ObservabilityService   : LAB9 Observability window=1m category=web.additional.availability_new count=2464 sumNanos=990836062262 avgNanos=402125025
zil-additional-service  | 2026-05-04T14:09:29.435Z  INFO 1 --- [zil-additional-service] [   scheduling-1] r.a.observability.ObservabilityService   : LAB9 Observability window=1m category=additional.statsComputation.availability.allCitiesAllDates count=2464 sumNanos=515971309 avgNanos=209403
zil-additional-service  | 2026-05-04T14:09:34.435Z  INFO 1 --- [zil-additional-service] [   scheduling-1] r.a.observability.ObservabilityService   : LAB9 Observability window=10s category=http.main.rents count=431 sumNanos=84917429952 avgNanos=197024199
zil-additional-service  | 2026-05-04T14:09:34.436Z  INFO 1 --- [zil-additional-service] [   scheduling-1] r.a.observability.ObservabilityService   : LAB9 Observability window=10s category=http.main.cars count=429 sumNanos=79390928729 avgNanos=185060439
zil-additional-service  | 2026-05-04T14:09:34.437Z  INFO 1 --- [zil-additional-service] [   scheduling-1] r.a.observability.ObservabilityService   : LAB9 Observability window=10s category=web.additional.availability_new count=431 sumNanos=165797067532 avgNanos=384679971
zil-additional-service  | 2026-05-04T14:09:34.438Z  INFO 1 --- [zil-additional-service] [   scheduling-1] r.a.observability.ObservabilityService   : LAB9 Observability window=10s category=additional.statsComputation.availability.allCitiesAllDates count=431 sumNanos=75717555 avgNanos=175678
zil-additional-service  | 2026-05-04T14:09:34.438Z  INFO 1 --- [zil-additional-service] [   scheduling-1] r.a.observability.ObservabilityService   : LAB9 Observability window=30s category=http.main.rents count=1244 sumNanos=255475002549 avgNanos=205365757
zil-additional-service  | 2026-05-04T14:09:34.438Z  INFO 1 --- [zil-additional-service] [   scheduling-1] r.a.observability.ObservabilityService   : LAB9 Observability window=30s category=http.main.cars count=1242 sumNanos=240506473908 avgNanos=193644503
zil-additional-service  | 2026-05-04T14:09:34.438Z  INFO 1 --- [zil-additional-service] [   scheduling-1] r.a.observability.ObservabilityService   : LAB9 Observability window=30s category=web.additional.availability_new count=1244 sumNanos=498083478987 avgNanos=400388648
zil-additional-service  | 2026-05-04T14:09:34.438Z  INFO 1 --- [zil-additional-service] [   scheduling-1] r.a.observability.ObservabilityService   : LAB9 Observability window=30s category=additional.statsComputation.availability.allCitiesAllDates count=1244 sumNanos=228117214 avgNanos=183373
zil-additional-service  | 2026-05-04T14:09:34.439Z  INFO 1 --- [zil-additional-service] [   scheduling-1] r.a.observability.ObservabilityService   : LAB9 Observability window=1m category=http.main.rents count=2491 sumNanos=509388540672 avgNanos=204491585
zil-additional-service  | 2026-05-04T14:09:34.439Z  INFO 1 --- [zil-additional-service] [   scheduling-1] r.a.observability.ObservabilityService   : LAB9 Observability window=1m category=http.main.cars count=2490 sumNanos=479426468279 avgNanos=192540750
zil-additional-service  | 2026-05-04T14:09:34.439Z  INFO 1 --- [zil-additional-service] [   scheduling-1] r.a.observability.ObservabilityService   : LAB9 Observability window=1m category=web.additional.availability_new count=2491 sumNanos=991837729731 avgNanos=398168498
zil-additional-service  | 2026-05-04T14:09:34.439Z  INFO 1 --- [zil-additional-service] [   scheduling-1] r.a.observability.ObservabilityService   : LAB9 Observability window=1m category=additional.statsComputation.availability.allCitiesAllDates count=2491 sumNanos=508483576 avgNanos=204128
zil-additional-service  | 2026-05-04T14:09:39.447Z  INFO 1 --- [zil-additional-service] [   scheduling-1] r.a.observability.ObservabilityService   : LAB9 Observability window=10s category=http.main.rents count=429 sumNanos=83080882238 avgNanos=193661730
zil-additional-service  | 2026-05-04T14:09:39.447Z  INFO 1 --- [zil-additional-service] [   scheduling-1] r.a.observability.ObservabilityService   : LAB9 Observability window=10s category=http.main.cars count=429 sumNanos=79550693221 avgNanos=185432851
zil-additional-service  | 2026-05-04T14:09:39.447Z  INFO 1 --- [zil-additional-service] [   scheduling-1] r.a.observability.ObservabilityService   : LAB9 Observability window=10s category=web.additional.availability_new count=429 sumNanos=162795937954 avgNanos=379477710
zil-additional-service  | 2026-05-04T14:09:39.447Z  INFO 1 --- [zil-additional-service] [   scheduling-1] r.a.observability.ObservabilityService   : LAB9 Observability window=10s category=additional.statsComputation.availability.allCitiesAllDates count=429 sumNanos=116273254 avgNanos=271033
zil-additional-service  | 2026-05-04T14:09:39.448Z  INFO 1 --- [zil-additional-service] [   scheduling-1] r.a.observability.ObservabilityService   : LAB9 Observability window=30s category=http.main.rents count=1236 sumNanos=254031572115 avgNanos=205527161
zil-additional-service  | 2026-05-04T14:09:39.448Z  INFO 1 --- [zil-additional-service] [   scheduling-1] r.a.observability.ObservabilityService   : LAB9 Observability window=30s category=http.main.cars count=1242 sumNanos=240763187686 avgNanos=193851197
zil-additional-service  | 2026-05-04T14:09:39.448Z  INFO 1 --- [zil-additional-service] [   scheduling-1] r.a.observability.ObservabilityService   : LAB9 Observability window=30s category=web.additional.availability_new count=1236 sumNanos=494274825834 avgNanos=399898726
zil-additional-service  | 2026-05-04T14:09:39.448Z  INFO 1 --- [zil-additional-service] [   scheduling-1] r.a.observability.ObservabilityService   : LAB9 Observability window=30s category=additional.statsComputation.availability.allCitiesAllDates count=1236 sumNanos=243301343 avgNanos=196845
zil-additional-service  | 2026-05-04T14:09:39.448Z  INFO 1 --- [zil-additional-service] [   scheduling-1] r.a.observability.ObservabilityService   : LAB9 Observability window=1m category=http.main.rents count=2487 sumNanos=509208470211 avgNanos=204748078
zil-additional-service  | 2026-05-04T14:09:39.448Z  INFO 1 --- [zil-additional-service] [   scheduling-1] r.a.observability.ObservabilityService   : LAB9 Observability window=1m category=http.main.cars count=2491 sumNanos=479625776897 avgNanos=192543467
zil-additional-service  | 2026-05-04T14:09:39.448Z  INFO 1 --- [zil-additional-service] [   scheduling-1] r.a.observability.ObservabilityService   : LAB9 Observability window=1m category=web.additional.availability_new count=2487 sumNanos=989517584984 avgNanos=397875989
zil-additional-service  | 2026-05-04T14:09:39.448Z  INFO 1 --- [zil-additional-service] [   scheduling-1] r.a.observability.ObservabilityService   : LAB9 Observability window=1m category=additional.statsComputation.availability.allCitiesAllDates count=2487 sumNanos=504378036 avgNanos=202805
zil-additional-service  | 2026-05-04T14:09:44.449Z  INFO 1 --- [zil-additional-service] [   scheduling-1] r.a.observability.ObservabilityService   : LAB9 Observability window=10s category=http.main.rents count=434 sumNanos=81863867407 avgNanos=188626422
zil-additional-service  | 2026-05-04T14:09:44.449Z  INFO 1 --- [zil-additional-service] [   scheduling-1] r.a.observability.ObservabilityService   : LAB9 Observability window=10s category=http.main.cars count=434 sumNanos=79880318782 avgNanos=184056034
zil-additional-service  | 2026-05-04T14:09:44.449Z  INFO 1 --- [zil-additional-service] [   scheduling-1] r.a.observability.ObservabilityService   : LAB9 Observability window=10s category=web.additional.availability_new count=434 sumNanos=161714957851 avgNanos=372615110
zil-additional-service  | 2026-05-04T14:09:44.450Z  INFO 1 --- [zil-additional-service] [   scheduling-1] r.a.observability.ObservabilityService   : LAB9 Observability window=10s category=additional.statsComputation.availability.allCitiesAllDates count=434 sumNanos=113433371 avgNanos=261367
zil-additional-service  | 2026-05-04T14:09:44.451Z  INFO 1 --- [zil-additional-service] [   scheduling-1] r.a.observability.ObservabilityService   : LAB9 Observability window=30s category=http.main.rents count=1272 sumNanos=252718190100 avgNanos=198677822
zil-additional-service  | 2026-05-04T14:09:44.451Z  INFO 1 --- [zil-additional-service] [   scheduling-1] r.a.observability.ObservabilityService   : LAB9 Observability window=30s category=http.main.cars count=1266 sumNanos=240239843533 avgNanos=189762909
zil-additional-service  | 2026-05-04T14:09:44.451Z  INFO 1 --- [zil-additional-service] [   scheduling-1] r.a.observability.ObservabilityService   : LAB9 Observability window=30s category=web.additional.availability_new count=1272 sumNanos=496342550528 avgNanos=390206407
zil-additional-service  | 2026-05-04T14:09:44.451Z  INFO 1 --- [zil-additional-service] [   scheduling-1] r.a.observability.ObservabilityService   : LAB9 Observability window=30s category=additional.statsComputation.availability.allCitiesAllDates count=1272 sumNanos=258430431 avgNanos=203168
zil-additional-service  | 2026-05-04T14:09:44.452Z  INFO 1 --- [zil-additional-service] [   scheduling-1] r.a.observability.ObservabilityService   : LAB9 Observability window=1m category=http.main.rents count=2512 sumNanos=507553709910 avgNanos=202051636
zil-additional-service  | 2026-05-04T14:09:44.452Z  INFO 1 --- [zil-additional-service] [   scheduling-1] r.a.observability.ObservabilityService   : LAB9 Observability window=1m category=http.main.cars count=2510 sumNanos=478670188734 avgNanos=190705254
zil-additional-service  | 2026-05-04T14:09:44.452Z  INFO 1 --- [zil-additional-service] [   scheduling-1] r.a.observability.ObservabilityService   : LAB9 Observability window=1m category=web.additional.availability_new count=2512 sumNanos=988537376389 avgNanos=393526025
zil-additional-service  | 2026-05-04T14:09:44.452Z  INFO 1 --- [zil-additional-service] [   scheduling-1] r.a.observability.ObservabilityService   : LAB9 Observability window=1m category=additional.statsComputation.availability.allCitiesAllDates count=2512 sumNanos=517739498 avgNanos=206106
zil-additional-service  | 2026-05-04T14:09:49.453Z  INFO 1 --- [zil-additional-service] [   scheduling-1] r.a.observability.ObservabilityService   : LAB9 Observability window=10s category=http.main.rents count=437 sumNanos=82752123192 avgNanos=189364126
zil-additional-service  | 2026-05-04T14:09:49.453Z  INFO 1 --- [zil-additional-service] [   scheduling-1] r.a.observability.ObservabilityService   : LAB9 Observability window=10s category=http.main.cars count=432 sumNanos=79991034819 avgNanos=185164432
zil-additional-service  | 2026-05-04T14:09:49.453Z  INFO 1 --- [zil-additional-service] [   scheduling-1] r.a.observability.ObservabilityService   : LAB9 Observability window=10s category=web.additional.availability_new count=437 sumNanos=163790842911 avgNanos=374807420
zil-additional-service  | 2026-05-04T14:09:49.455Z  INFO 1 --- [zil-additional-service] [   scheduling-1] r.a.observability.ObservabilityService   : LAB9 Observability window=10s category=additional.statsComputation.availability.allCitiesAllDates count=437 sumNanos=114910832 avgNanos=262953
zil-additional-service  | 2026-05-04T14:09:49.455Z  INFO 1 --- [zil-additional-service] [   scheduling-1] r.a.observability.ObservabilityService   : LAB9 Observability window=30s category=http.main.rents count=1279 sumNanos=250230963178 avgNanos=195645788
zil-additional-service  | 2026-05-04T14:09:49.455Z  INFO 1 --- [zil-additional-service] [   scheduling-1] r.a.observability.ObservabilityService   : LAB9 Observability window=30s category=http.main.cars count=1279 sumNanos=240387881500 avgNanos=187949868
zil-additional-service  | 2026-05-04T14:09:49.455Z  INFO 1 --- [zil-additional-service] [   scheduling-1] r.a.observability.ObservabilityService   : LAB9 Observability window=30s category=web.additional.availability_new count=1279 sumNanos=491815630601 avgNanos=384531376
zil-additional-service  | 2026-05-04T14:09:49.455Z  INFO 1 --- [zil-additional-service] [   scheduling-1] r.a.observability.ObservabilityService   : LAB9 Observability window=30s category=additional.statsComputation.availability.allCitiesAllDates count=1279 sumNanos=297012332 avgNanos=232222
zil-additional-service  | 2026-05-04T14:09:49.456Z  INFO 1 --- [zil-additional-service] [   scheduling-1] r.a.observability.ObservabilityService   : LAB9 Observability window=1m category=http.main.rents count=2506 sumNanos=507649042327 avgNanos=202573440
zil-additional-service  | 2026-05-04T14:09:49.456Z  INFO 1 --- [zil-additional-service] [   scheduling-1] r.a.observability.ObservabilityService   : LAB9 Observability window=1m category=http.main.cars count=2505 sumNanos=479584199636 avgNanos=191450778
zil-additional-service  | 2026-05-04T14:09:49.456Z  INFO 1 --- [zil-additional-service] [   scheduling-1] r.a.observability.ObservabilityService   : LAB9 Observability window=1m category=web.additional.availability_new count=2506 sumNanos=988567402932 avgNanos=394480208
zil-additional-service  | 2026-05-04T14:09:49.456Z  INFO 1 --- [zil-additional-service] [   scheduling-1] r.a.observability.ObservabilityService   : LAB9 Observability window=1m category=additional.statsComputation.availability.allCitiesAllDates count=2506 sumNanos=520840123 avgNanos=207837
zil-additional-service  | 2026-05-04T14:09:54.456Z  INFO 1 --- [zil-additional-service] [   scheduling-1] r.a.observability.ObservabilityService   : LAB9 Observability window=10s category=http.main.rents count=432 sumNanos=83106624669 avgNanos=192376445
zil-additional-service  | 2026-05-04T14:09:54.457Z  INFO 1 --- [zil-additional-service] [   scheduling-1] r.a.observability.ObservabilityService   : LAB9 Observability window=10s category=http.main.cars count=433 sumNanos=79883751492 avgNanos=184489033
zil-additional-service  | 2026-05-04T14:09:54.457Z  INFO 1 --- [zil-additional-service] [   scheduling-1] r.a.observability.ObservabilityService   : LAB9 Observability window=10s category=web.additional.availability_new count=432 sumNanos=163599756913 avgNanos=378703141
zil-additional-service  | 2026-05-04T14:09:54.457Z  INFO 1 --- [zil-additional-service] [   scheduling-1] r.a.observability.ObservabilityService   : LAB9 Observability window=10s category=additional.statsComputation.availability.allCitiesAllDates count=432 sumNanos=105293553 avgNanos=243735
zil-additional-service  | 2026-05-04T14:09:54.457Z  INFO 1 --- [zil-additional-service] [   scheduling-1] r.a.observability.ObservabilityService   : LAB9 Observability window=30s category=http.main.rents count=1295 sumNanos=249386286150 avgNanos=192576282
zil-additional-service  | 2026-05-04T14:09:54.457Z  INFO 1 --- [zil-additional-service] [   scheduling-1] r.a.observability.ObservabilityService   : LAB9 Observability window=30s category=http.main.cars count=1293 sumNanos=238408414123 avgNanos=184383924
zil-additional-service  | 2026-05-04T14:09:54.457Z  INFO 1 --- [zil-additional-service] [   scheduling-1] r.a.observability.ObservabilityService   : LAB9 Observability window=30s category=web.additional.availability_new count=1295 sumNanos=490167146756 avgNanos=378507449
zil-additional-service  | 2026-05-04T14:09:54.457Z  INFO 1 --- [zil-additional-service] [   scheduling-1] r.a.observability.ObservabilityService   : LAB9 Observability window=30s category=additional.statsComputation.availability.allCitiesAllDates count=1295 sumNanos=294250832 avgNanos=227220
zil-additional-service  | 2026-05-04T14:09:54.457Z  INFO 1 --- [zil-additional-service] [   scheduling-1] r.a.observability.ObservabilityService   : LAB9 Observability window=1m category=http.main.rents count=2502 sumNanos=508123859884 avgNanos=203087074
zil-additional-service  | 2026-05-04T14:09:54.457Z  INFO 1 --- [zil-additional-service] [   scheduling-1] r.a.observability.ObservabilityService   : LAB9 Observability window=1m category=http.main.cars count=2500 sumNanos=479938752585 avgNanos=191975501
zil-additional-service  | 2026-05-04T14:09:54.457Z  INFO 1 --- [zil-additional-service] [   scheduling-1] r.a.observability.ObservabilityService   : LAB9 Observability window=1m category=web.additional.availability_new count=2502 sumNanos=991103335111 avgNanos=396124434
zil-additional-service  | 2026-05-04T14:09:54.457Z  INFO 1 --- [zil-additional-service] [   scheduling-1] r.a.observability.ObservabilityService   : LAB9 Observability window=1m category=additional.statsComputation.availability.allCitiesAllDates count=2502 sumNanos=504236209 avgNanos=201533
zil-additional-service  | 2026-05-04T14:09:59.458Z  INFO 1 --- [zil-additional-service] [   scheduling-1] r.a.observability.ObservabilityService   : LAB9 Observability window=10s category=http.main.rents count=451 sumNanos=80574584210 avgNanos=178657614
zil-additional-service  | 2026-05-04T14:09:59.458Z  INFO 1 --- [zil-additional-service] [   scheduling-1] r.a.observability.ObservabilityService   : LAB9 Observability window=10s category=http.main.cars count=449 sumNanos=78451612142 avgNanos=174725194
zil-additional-service  | 2026-05-04T14:09:59.458Z  INFO 1 --- [zil-additional-service] [   scheduling-1] r.a.observability.ObservabilityService   : LAB9 Observability window=10s category=web.additional.availability_new count=451 sumNanos=159954672849 avgNanos=354666680
zil-additional-service  | 2026-05-04T14:09:59.458Z  INFO 1 --- [zil-additional-service] [   scheduling-1] r.a.observability.ObservabilityService   : LAB9 Observability window=10s category=additional.statsComputation.availability.allCitiesAllDates count=451 sumNanos=89785178 avgNanos=199080
zil-additional-service  | 2026-05-04T14:09:59.458Z  INFO 1 --- [zil-additional-service] [   scheduling-1] r.a.observability.ObservabilityService   : LAB9 Observability window=30s category=http.main.rents count=1317 sumNanos=246407589640 avgNanos=187097638
zil-additional-service  | 2026-05-04T14:09:59.458Z  INFO 1 --- [zil-additional-service] [   scheduling-1] r.a.observability.ObservabilityService   : LAB9 Observability window=30s category=http.main.cars count=1310 sumNanos=237993340182 avgNanos=181674305
zil-additional-service  | 2026-05-04T14:09:59.458Z  INFO 1 --- [zil-additional-service] [   scheduling-1] r.a.observability.ObservabilityService   : LAB9 Observability window=30s category=web.additional.availability_new count=1317 sumNanos=486541453714 avgNanos=369431627
zil-additional-service  | 2026-05-04T14:09:59.461Z  INFO 1 --- [zil-additional-service] [   scheduling-1] r.a.observability.ObservabilityService   : LAB9 Observability window=30s category=additional.statsComputation.availability.allCitiesAllDates count=1317 sumNanos=320969264 avgNanos=243712
zil-additional-service  | 2026-05-04T14:09:59.462Z  INFO 1 --- [zil-additional-service] [   scheduling-1] r.a.observability.ObservabilityService   : LAB9 Observability window=1m category=http.main.rents count=2536 sumNanos=503913739017 avgNanos=198704155
zil-additional-service  | 2026-05-04T14:09:59.462Z  INFO 1 --- [zil-additional-service] [   scheduling-1] r.a.observability.ObservabilityService   : LAB9 Observability window=1m category=http.main.cars count=2531 sumNanos=478843575133 avgNanos=189191455
zil-additional-service  | 2026-05-04T14:09:59.462Z  INFO 1 --- [zil-additional-service] [   scheduling-1] r.a.observability.ObservabilityService   : LAB9 Observability window=1m category=web.additional.availability_new count=2536 sumNanos=985819114598 avgNanos=388729934
zil-additional-service  | 2026-05-04T14:09:59.462Z  INFO 1 --- [zil-additional-service] [   scheduling-1] r.a.observability.ObservabilityService   : LAB9 Observability window=1m category=additional.statsComputation.availability.allCitiesAllDates count=2536 sumNanos=529765065 avgNanos=208897
zil-additional-service  | 2026-05-04T14:10:04.463Z  INFO 1 --- [zil-additional-service] [   scheduling-1] r.a.observability.ObservabilityService   : LAB9 Observability window=10s category=http.main.rents count=279 sumNanos=50325019036 avgNanos=180376412
zil-additional-service  | 2026-05-04T14:10:04.463Z  INFO 1 --- [zil-additional-service] [   scheduling-1] r.a.observability.ObservabilityService   : LAB9 Observability window=10s category=http.main.cars count=270 sumNanos=47786168974 avgNanos=176985811
zil-additional-service  | 2026-05-04T14:10:04.463Z  INFO 1 --- [zil-additional-service] [   scheduling-1] r.a.observability.ObservabilityService   : LAB9 Observability window=10s category=web.additional.availability_new count=279 sumNanos=99689435919 avgNanos=357309806
zil-additional-service  | 2026-05-04T14:10:04.463Z  INFO 1 --- [zil-additional-service] [   scheduling-1] r.a.observability.ObservabilityService   : LAB9 Observability window=10s category=additional.statsComputation.availability.allCitiesAllDates count=279 sumNanos=52557008 avgNanos=188376
zil-additional-service  | 2026-05-04T14:10:04.463Z  INFO 1 --- [zil-additional-service] [   scheduling-1] r.a.observability.ObservabilityService   : LAB9 Observability window=30s category=http.main.rents count=1145 sumNanos=215295511112 avgNanos=188031014
zil-additional-service  | 2026-05-04T14:10:04.463Z  INFO 1 --- [zil-additional-service] [   scheduling-1] r.a.observability.ObservabilityService   : LAB9 Observability window=30s category=http.main.cars count=1138 sumNanos=207730553748 avgNanos=182540029
zil-additional-service  | 2026-05-04T14:10:04.463Z  INFO 1 --- [zil-additional-service] [   scheduling-1] r.a.observability.ObservabilityService   : LAB9 Observability window=30s category=web.additional.availability_new count=1145 sumNanos=425004150683 avgNanos=371182664
zil-additional-service  | 2026-05-04T14:10:04.463Z  INFO 1 --- [zil-additional-service] [   scheduling-1] r.a.observability.ObservabilityService   : LAB9 Observability window=30s category=additional.statsComputation.availability.allCitiesAllDates count=1145 sumNanos=271283932 avgNanos=236929
zil-additional-service  | 2026-05-04T14:10:04.463Z  INFO 1 --- [zil-additional-service] [   scheduling-1] r.a.observability.ObservabilityService   : LAB9 Observability window=1m category=http.main.rents count=2386 sumNanos=470048148088 avgNanos=197002576
zil-additional-service  | 2026-05-04T14:10:04.463Z  INFO 1 --- [zil-additional-service] [   scheduling-1] r.a.observability.ObservabilityService   : LAB9 Observability window=1m category=http.main.cars count=2379 sumNanos=448089886918 avgNanos=188352201
zil-additional-service  | 2026-05-04T14:10:04.463Z  INFO 1 --- [zil-additional-service] [   scheduling-1] r.a.observability.ObservabilityService   : LAB9 Observability window=1m category=web.additional.availability_new count=2386 sumNanos=921591922243 avgNanos=386249757
zil-additional-service  | 2026-05-04T14:10:04.463Z  INFO 1 --- [zil-additional-service] [   scheduling-1] r.a.observability.ObservabilityService   : LAB9 Observability window=1m category=additional.statsComputation.availability.allCitiesAllDates count=2386 sumNanos=499009031 avgNanos=209140
zil-additional-service  | 2026-05-04T14:10:09.464Z  INFO 1 --- [zil-additional-service] [   scheduling-1] r.a.observability.ObservabilityService   : LAB9 Observability window=10s category=http.main.rents count=48 sumNanos=10740294652 avgNanos=223756138
zil-additional-service  | 2026-05-04T14:10:09.464Z  INFO 1 --- [zil-additional-service] [   scheduling-1] r.a.observability.ObservabilityService   : LAB9 Observability window=10s category=http.main.cars count=43 sumNanos=8867557148 avgNanos=206222259
zil-additional-service  | 2026-05-04T14:10:09.464Z  INFO 1 --- [zil-additional-service] [   scheduling-1] r.a.observability.ObservabilityService   : LAB9 Observability window=10s category=web.additional.availability_new count=48 sumNanos=20771407281 avgNanos=432737651
zil-additional-service  | 2026-05-04T14:10:09.464Z  INFO 1 --- [zil-additional-service] [   scheduling-1] r.a.observability.ObservabilityService   : LAB9 Observability window=10s category=additional.statsComputation.availability.allCitiesAllDates count=48 sumNanos=3697075 avgNanos=77022
zil-additional-service  | 2026-05-04T14:10:09.464Z  INFO 1 --- [zil-additional-service] [   scheduling-1] r.a.observability.ObservabilityService   : LAB9 Observability window=30s category=http.main.rents count=935 sumNanos=173847291127 avgNanos=185932931
zil-additional-service  | 2026-05-04T14:10:09.464Z  INFO 1 --- [zil-additional-service] [   scheduling-1] r.a.observability.ObservabilityService   : LAB9 Observability window=30s category=http.main.cars count=924 sumNanos=167310204109 avgNanos=181071649
zil-additional-service  | 2026-05-04T14:10:09.464Z  INFO 1 --- [zil-additional-service] [   scheduling-1] r.a.observability.ObservabilityService   : LAB9 Observability window=30s category=web.additional.availability_new count=935 sumNanos=344158526235 avgNanos=368083985
zil-additional-service  | 2026-05-04T14:10:09.464Z  INFO 1 --- [zil-additional-service] [   scheduling-1] r.a.observability.ObservabilityService   : LAB9 Observability window=30s category=additional.statsComputation.availability.allCitiesAllDates count=935 sumNanos=208351799 avgNanos=222836
zil-additional-service  | 2026-05-04T14:10:09.464Z  INFO 1 --- [zil-additional-service] [   scheduling-1] r.a.observability.ObservabilityService   : LAB9 Observability window=1m category=http.main.rents count=2172 sumNanos=428137375182 avgNanos=197116655
zil-additional-service  | 2026-05-04T14:10:09.464Z  INFO 1 --- [zil-additional-service] [   scheduling-1] r.a.observability.ObservabilityService   : LAB9 Observability window=1m category=http.main.cars count=2165 sumNanos=407912205632 avgNanos=188412104
zil-additional-service  | 2026-05-04T14:10:09.465Z  INFO 1 --- [zil-additional-service] [   scheduling-1] r.a.observability.ObservabilityService   : LAB9 Observability window=1m category=web.additional.availability_new count=2172 sumNanos=838884016275 avgNanos=386226526
zil-additional-service  | 2026-05-04T14:10:09.465Z  INFO 1 --- [zil-additional-service] [   scheduling-1] r.a.observability.ObservabilityService   : LAB9 Observability window=1m category=additional.statsComputation.availability.allCitiesAllDates count=2172 sumNanos=451684409 avgNanos=207957
zil-additional-service  | 2026-05-04T14:10:14.465Z  INFO 1 --- [zil-additional-service] [   scheduling-1] r.a.observability.ObservabilityService   : LAB9 Observability window=30s category=http.main.rents count=711 sumNanos=133431643705 avgNanos=187667572
zil-additional-service  | 2026-05-04T14:10:14.465Z  INFO 1 --- [zil-additional-service] [   scheduling-1] r.a.observability.ObservabilityService   : LAB9 Observability window=30s category=http.main.cars count=702 sumNanos=127468744088 avgNanos=181579407
zil-additional-service  | 2026-05-04T14:10:14.465Z  INFO 1 --- [zil-additional-service] [   scheduling-1] r.a.observability.ObservabilityService   : LAB9 Observability window=30s category=web.additional.availability_new count=711 sumNanos=263289192832 avgNanos=370308288
zil-additional-service  | 2026-05-04T14:10:14.465Z  INFO 1 --- [zil-additional-service] [   scheduling-1] r.a.observability.ObservabilityService   : LAB9 Observability window=30s category=additional.statsComputation.availability.allCitiesAllDates count=711 sumNanos=157850561 avgNanos=222012
zil-additional-service  | 2026-05-04T14:10:14.466Z  INFO 1 --- [zil-additional-service] [   scheduling-1] r.a.observability.ObservabilityService   : LAB9 Observability window=1m category=http.main.rents count=1981 sumNanos=385531144949 avgNanos=194614409
zil-additional-service  | 2026-05-04T14:10:14.466Z  INFO 1 --- [zil-additional-service] [   scheduling-1] r.a.observability.ObservabilityService   : LAB9 Observability window=1m category=http.main.cars count=1969 sumNanos=367933785324 avgNanos=186863273
zil-additional-service  | 2026-05-04T14:10:14.466Z  INFO 1 --- [zil-additional-service] [   scheduling-1] r.a.observability.ObservabilityService   : LAB9 Observability window=1m category=web.additional.availability_new count=1981 sumNanos=758415740966 avgNanos=382844897
zil-additional-service  | 2026-05-04T14:10:14.466Z  INFO 1 --- [zil-additional-service] [   scheduling-1] r.a.observability.ObservabilityService   : LAB9 Observability window=1m category=additional.statsComputation.availability.allCitiesAllDates count=1981 sumNanos=415957095 avgNanos=209973
