zil-app  | 
zil-app  |   .   ____          _            __ _ _
zil-app  |  /\\ / ___'_ __ _ _(_)_ __  __ _ \ \ \ \
zil-app  | ( ( )\___ | '_ | '_| | '_ \/ _` | \ \ \ \
zil-app  |  \\/  ___)| |_)| | | | | || (_| |  ) ) ) )
zil-app  |   '  |____| .__|_| |_|_| |_\__, | / / / /
zil-app  |  =========|_|==============|___/=/_/_/_/
zil-app  | 
zil-app  |  :: Spring Boot ::                (v4.0.3)
zil-app  | 
zil-app  | 2026-05-06T18:31:21.743Z  INFO 1 --- [           main] rental.Application                       : Starting Application v1.0-SNAPSHOT using Java 25.0.3 with PID 1 (/app/app.jar started by root in /app)
zil-app  | 2026-05-06T18:31:21.760Z  INFO 1 --- [           main] rental.Application                       : No active profile set, falling back to 1 default profile: "default"
zil-app  | 2026-05-06T18:31:24.720Z  INFO 1 --- [           main] .s.d.r.c.RepositoryConfigurationDelegate : Bootstrapping Spring Data JPA repositories in DEFAULT mode.
zil-app  | 2026-05-06T18:31:24.898Z  INFO 1 --- [           main] .s.d.r.c.RepositoryConfigurationDelegate : Finished Spring Data repository scanning in 145 ms. Found 3 JPA repository interfaces.
zil-app  | 2026-05-06T18:31:26.938Z  INFO 1 --- [           main] o.s.boot.tomcat.TomcatWebServer          : Tomcat initialized with port 8083 (http)
zil-app  | 2026-05-06T18:31:26.967Z  INFO 1 --- [           main] o.apache.catalina.core.StandardService   : Starting service [Tomcat]
zil-app  | 2026-05-06T18:31:26.969Z  INFO 1 --- [           main] o.apache.catalina.core.StandardEngine    : Starting Servlet engine: [Apache Tomcat/11.0.18]
zil-app  | 2026-05-06T18:31:27.236Z  INFO 1 --- [           main] b.w.c.s.WebApplicationContextInitializer : Root WebApplicationContext: initialization completed in 5265 ms
zil-app  | 2026-05-06T18:31:29.489Z  INFO 1 --- [           main] com.zaxxer.hikari.HikariDataSource       : HikariPool-1 - Starting...
zil-app  | 2026-05-06T18:31:30.088Z  INFO 1 --- [           main] com.zaxxer.hikari.pool.HikariPool        : HikariPool-1 - Added connection org.postgresql.jdbc.PgConnection@16029e2f
zil-app  | 2026-05-06T18:31:30.092Z  INFO 1 --- [           main] com.zaxxer.hikari.HikariDataSource       : HikariPool-1 - Start completed.
zil-app  | 2026-05-06T18:31:30.191Z  INFO 1 --- [           main] org.flywaydb.core.FlywayExecutor         : Database: jdbc:postgresql://hl12.zil:5433/hl7?currentSchema=hl7 (PostgreSQL 16.13)
zil-app  | 2026-05-06T18:31:30.433Z  INFO 1 --- [           main] o.f.core.internal.command.DbValidate     : Successfully validated 3 migrations (execution time 00:00.105s)
zil-app  | 2026-05-06T18:31:30.547Z  INFO 1 --- [           main] o.f.core.internal.command.DbMigrate      : Current version of schema "hl7": 2
zil-app  | 2026-05-06T18:31:30.585Z  INFO 1 --- [           main] o.f.core.internal.command.DbMigrate      : Schema "hl7" is up to date. No migration necessary.
zil-app  | 2026-05-06T18:31:30.995Z  INFO 1 --- [           main] org.hibernate.orm.jpa                    : HHH008540: Processing PersistenceUnitInfo [name: default]
zil-app  | 2026-05-06T18:31:31.217Z  INFO 1 --- [           main] org.hibernate.orm.core                   : HHH000001: Hibernate ORM core version 7.2.4.Final
zil-app  | 2026-05-06T18:31:33.006Z  INFO 1 --- [           main] o.s.o.j.p.SpringPersistenceUnitInfo      : No LoadTimeWeaver setup: ignoring JPA class transformer
zil-app  | 2026-05-06T18:31:33.331Z  INFO 1 --- [           main] org.hibernate.orm.connections.pooling    : HHH10001005: Database info:
zil-app  | 	Database JDBC URL [jdbc:postgresql://hl12.zil:5433/hl7?currentSchema=hl7]
zil-app  | 	Database driver: PostgreSQL JDBC Driver
zil-app  | 	Database dialect: PostgreSQLDialect
zil-app  | 	Database version: 16.13
zil-app  | 	Default catalog/schema: hl7/hl7
zil-app  | 	Autocommit mode: undefined/unknown
zil-app  | 	Isolation level: READ_COMMITTED [default READ_COMMITTED]
zil-app  | 	JDBC fetch size: none
zil-app  | 	Pool: DataSourceConnectionProvider
zil-app  | 	Minimum pool size: undefined/unknown
zil-app  | 	Maximum pool size: undefined/unknown
zil-app  | 2026-05-06T18:31:36.397Z  INFO 1 --- [           main] org.hibernate.orm.core                   : HHH000489: No JTA platform available (set 'hibernate.transaction.jta.platform' to enable JTA platform integration)
zil-app  | 2026-05-06T18:31:36.527Z  INFO 1 --- [           main] j.LocalContainerEntityManagerFactoryBean : Initialized JPA EntityManagerFactory for persistence unit 'default'
zil-app  | 2026-05-06T18:31:36.808Z  INFO 1 --- [           main] o.s.d.j.r.query.QueryEnhancerFactories   : Hibernate is in classpath; If applicable, HQL parser will be used.
zil-app  | 2026-05-06T18:31:40.611Z  INFO 1 --- [           main] o.s.boot.tomcat.TomcatWebServer          : Tomcat started on port 8083 (http) with context path '/'
zil-app  | 2026-05-06T18:31:40.633Z  INFO 1 --- [           main] rental.Application                       : Started Application in 20.341 seconds (process running for 22.11)
zil-app  | 2026-05-06T18:32:03.838Z  INFO 1 --- [nio-8083-exec-1] o.a.c.c.C.[Tomcat].[localhost].[/]       : Initializing Spring DispatcherServlet 'dispatcherServlet'
zil-app  | 2026-05-06T18:32:03.838Z  INFO 1 --- [nio-8083-exec-1] o.s.web.servlet.DispatcherServlet        : Initializing Servlet 'dispatcherServlet'
zil-app  | 2026-05-06T18:32:03.840Z  INFO 1 --- [nio-8083-exec-1] o.s.web.servlet.DispatcherServlet        : Completed initialization in 2 ms
zil-app  | 2026-05-06T18:32:05.633Z  INFO 1 --- [   scheduling-1] r.observability.ObservabilityService     : LAB9 Observability window=10s category=db.stats.countRents count=1 sumNanos=18691386 avgNanos=18691386
zil-app  | 2026-05-06T18:32:05.634Z  INFO 1 --- [   scheduling-1] r.observability.ObservabilityService     : LAB9 Observability window=10s category=db.stats.countClients count=1 sumNanos=23015483 avgNanos=23015483
zil-app  | 2026-05-06T18:32:05.682Z  INFO 1 --- [   scheduling-1] r.observability.ObservabilityService     : LAB9 Observability window=10s category=db.stats.countCars count=1 sumNanos=284016180 avgNanos=284016180
zil-app  | 2026-05-06T18:32:05.682Z  INFO 1 --- [   scheduling-1] r.observability.ObservabilityService     : LAB9 Observability window=10s category=web.StatsController.stats count=1 sumNanos=326605277 avgNanos=326605277
zil-app  | 2026-05-06T18:32:05.682Z  INFO 1 --- [   scheduling-1] r.observability.ObservabilityService     : LAB9 Observability window=30s category=db.stats.countRents count=1 sumNanos=18691386 avgNanos=18691386
zil-app  | 2026-05-06T18:32:05.683Z  INFO 1 --- [   scheduling-1] r.observability.ObservabilityService     : LAB9 Observability window=30s category=db.stats.countClients count=1 sumNanos=23015483 avgNanos=23015483
zil-app  | 2026-05-06T18:32:05.683Z  INFO 1 --- [   scheduling-1] r.observability.ObservabilityService     : LAB9 Observability window=30s category=db.stats.countCars count=1 sumNanos=284016180 avgNanos=284016180
zil-app  | 2026-05-06T18:32:05.683Z  INFO 1 --- [   scheduling-1] r.observability.ObservabilityService     : LAB9 Observability window=30s category=web.StatsController.stats count=1 sumNanos=326605277 avgNanos=326605277
zil-app  | 2026-05-06T18:32:05.683Z  INFO 1 --- [   scheduling-1] r.observability.ObservabilityService     : LAB9 Observability window=1m category=db.stats.countRents count=1 sumNanos=18691386 avgNanos=18691386
zil-app  | 2026-05-06T18:32:05.683Z  INFO 1 --- [   scheduling-1] r.observability.ObservabilityService     : LAB9 Observability window=1m category=db.stats.countClients count=1 sumNanos=23015483 avgNanos=23015483
zil-app  | 2026-05-06T18:32:05.683Z  INFO 1 --- [   scheduling-1] r.observability.ObservabilityService     : LAB9 Observability window=1m category=db.stats.countCars count=1 sumNanos=284016180 avgNanos=284016180
zil-app  | 2026-05-06T18:32:05.683Z  INFO 1 --- [   scheduling-1] r.observability.ObservabilityService     : LAB9 Observability window=1m category=web.StatsController.stats count=1 sumNanos=326605277 avgNanos=326605277
zil-app  | 2026-05-06T18:32:10.684Z  INFO 1 --- [   scheduling-1] r.observability.ObservabilityService     : LAB9 Observability window=10s category=web.ClientController.getClients count=1 sumNanos=1568186603 avgNanos=1568186603
zil-app  | 2026-05-06T18:32:10.684Z  INFO 1 --- [   scheduling-1] r.observability.ObservabilityService     : LAB9 Observability window=10s category=db.stats.countRents count=1 sumNanos=18691386 avgNanos=18691386
zil-app  | 2026-05-06T18:32:10.684Z  INFO 1 --- [   scheduling-1] r.observability.ObservabilityService     : LAB9 Observability window=10s category=web.RentController.getRents count=39 sumNanos=2108059700 avgNanos=54052812
zil-app  | 2026-05-06T18:32:10.684Z  INFO 1 --- [   scheduling-1] r.observability.ObservabilityService     : LAB9 Observability window=10s category=db.client.findAll count=1 sumNanos=1567909620 avgNanos=1567909620
zil-app  | 2026-05-06T18:32:10.684Z  INFO 1 --- [   scheduling-1] r.observability.ObservabilityService     : LAB9 Observability window=10s category=db.rent.findAll count=39 sumNanos=2102208742 avgNanos=53902788
zil-app  | 2026-05-06T18:32:10.684Z  INFO 1 --- [   scheduling-1] r.observability.ObservabilityService     : LAB9 Observability window=10s category=db.stats.countClients count=1 sumNanos=23015483 avgNanos=23015483
zil-app  | 2026-05-06T18:32:10.684Z  INFO 1 --- [   scheduling-1] r.observability.ObservabilityService     : LAB9 Observability window=10s category=db.stats.countCars count=1 sumNanos=284016180 avgNanos=284016180
zil-app  | 2026-05-06T18:32:10.684Z  INFO 1 --- [   scheduling-1] r.observability.ObservabilityService     : LAB9 Observability window=10s category=web.CarController.getCars count=1 sumNanos=110972032 avgNanos=110972032
zil-app  | 2026-05-06T18:32:10.684Z  INFO 1 --- [   scheduling-1] r.observability.ObservabilityService     : LAB9 Observability window=10s category=db.car.findAll count=1 sumNanos=110356988 avgNanos=110356988
zil-app  | 2026-05-06T18:32:10.685Z  INFO 1 --- [   scheduling-1] r.observability.ObservabilityService     : LAB9 Observability window=10s category=web.StatsController.stats count=1 sumNanos=326605277 avgNanos=326605277
zil-app  | 2026-05-06T18:32:10.685Z  INFO 1 --- [   scheduling-1] r.observability.ObservabilityService     : LAB9 Observability window=30s category=web.ClientController.getClients count=1 sumNanos=1568186603 avgNanos=1568186603
zil-app  | 2026-05-06T18:32:10.685Z  INFO 1 --- [   scheduling-1] r.observability.ObservabilityService     : LAB9 Observability window=30s category=db.stats.countRents count=1 sumNanos=18691386 avgNanos=18691386
zil-app  | 2026-05-06T18:32:10.685Z  INFO 1 --- [   scheduling-1] r.observability.ObservabilityService     : LAB9 Observability window=30s category=web.RentController.getRents count=39 sumNanos=2108059700 avgNanos=54052812
zil-app  | 2026-05-06T18:32:10.685Z  INFO 1 --- [   scheduling-1] r.observability.ObservabilityService     : LAB9 Observability window=30s category=db.client.findAll count=1 sumNanos=1567909620 avgNanos=1567909620
zil-app  | 2026-05-06T18:32:10.685Z  INFO 1 --- [   scheduling-1] r.observability.ObservabilityService     : LAB9 Observability window=30s category=db.rent.findAll count=39 sumNanos=2102208742 avgNanos=53902788
zil-app  | 2026-05-06T18:32:10.685Z  INFO 1 --- [   scheduling-1] r.observability.ObservabilityService     : LAB9 Observability window=30s category=db.stats.countClients count=1 sumNanos=23015483 avgNanos=23015483
zil-app  | 2026-05-06T18:32:10.685Z  INFO 1 --- [   scheduling-1] r.observability.ObservabilityService     : LAB9 Observability window=30s category=db.stats.countCars count=1 sumNanos=284016180 avgNanos=284016180
zil-app  | 2026-05-06T18:32:10.685Z  INFO 1 --- [   scheduling-1] r.observability.ObservabilityService     : LAB9 Observability window=30s category=web.CarController.getCars count=1 sumNanos=110972032 avgNanos=110972032
zil-app  | 2026-05-06T18:32:10.685Z  INFO 1 --- [   scheduling-1] r.observability.ObservabilityService     : LAB9 Observability window=30s category=db.car.findAll count=1 sumNanos=110356988 avgNanos=110356988
zil-app  | 2026-05-06T18:32:10.685Z  INFO 1 --- [   scheduling-1] r.observability.ObservabilityService     : LAB9 Observability window=30s category=web.StatsController.stats count=1 sumNanos=326605277 avgNanos=326605277
zil-app  | 2026-05-06T18:32:10.686Z  INFO 1 --- [   scheduling-1] r.observability.ObservabilityService     : LAB9 Observability window=1m category=web.ClientController.getClients count=1 sumNanos=1568186603 avgNanos=1568186603
zil-app  | 2026-05-06T18:32:10.686Z  INFO 1 --- [   scheduling-1] r.observability.ObservabilityService     : LAB9 Observability window=1m category=db.stats.countRents count=1 sumNanos=18691386 avgNanos=18691386
zil-app  | 2026-05-06T18:32:10.686Z  INFO 1 --- [   scheduling-1] r.observability.ObservabilityService     : LAB9 Observability window=1m category=web.RentController.getRents count=39 sumNanos=2108059700 avgNanos=54052812
zil-app  | 2026-05-06T18:32:10.686Z  INFO 1 --- [   scheduling-1] r.observability.ObservabilityService     : LAB9 Observability window=1m category=db.client.findAll count=1 sumNanos=1567909620 avgNanos=1567909620
zil-app  | 2026-05-06T18:32:10.686Z  INFO 1 --- [   scheduling-1] r.observability.ObservabilityService     : LAB9 Observability window=1m category=db.rent.findAll count=39 sumNanos=2102208742 avgNanos=53902788
zil-app  | 2026-05-06T18:32:10.686Z  INFO 1 --- [   scheduling-1] r.observability.ObservabilityService     : LAB9 Observability window=1m category=db.stats.countClients count=1 sumNanos=23015483 avgNanos=23015483
zil-app  | 2026-05-06T18:32:10.686Z  INFO 1 --- [   scheduling-1] r.observability.ObservabilityService     : LAB9 Observability window=1m category=db.stats.countCars count=1 sumNanos=284016180 avgNanos=284016180
zil-app  | 2026-05-06T18:32:10.686Z  INFO 1 --- [   scheduling-1] r.observability.ObservabilityService     : LAB9 Observability window=1m category=web.CarController.getCars count=1 sumNanos=110972032 avgNanos=110972032
zil-app  | 2026-05-06T18:32:10.687Z  INFO 1 --- [   scheduling-1] r.observability.ObservabilityService     : LAB9 Observability window=1m category=db.car.findAll count=1 sumNanos=110356988 avgNanos=110356988
zil-app  | 2026-05-06T18:32:10.687Z  INFO 1 --- [   scheduling-1] r.observability.ObservabilityService     : LAB9 Observability window=1m category=web.StatsController.stats count=1 sumNanos=326605277 avgNanos=326605277
zil-app  | 2026-05-06T18:32:15.687Z  INFO 1 --- [   scheduling-1] r.observability.ObservabilityService     : LAB9 Observability window=10s category=web.ClientController.getClients count=1 sumNanos=1568186603 avgNanos=1568186603
zil-app  | 2026-05-06T18:32:15.687Z  INFO 1 --- [   scheduling-1] r.observability.ObservabilityService     : LAB9 Observability window=10s category=web.RentController.getRents count=105 sumNanos=4707099423 avgNanos=44829518
zil-app  | 2026-05-06T18:32:15.688Z  INFO 1 --- [   scheduling-1] r.observability.ObservabilityService     : LAB9 Observability window=10s category=db.client.findAll count=1 sumNanos=1567909620 avgNanos=1567909620
zil-app  | 2026-05-06T18:32:15.688Z  INFO 1 --- [   scheduling-1] r.observability.ObservabilityService     : LAB9 Observability window=10s category=db.rent.findAll count=105 sumNanos=4700285048 avgNanos=44764619
zil-app  | 2026-05-06T18:32:15.688Z  INFO 1 --- [   scheduling-1] r.observability.ObservabilityService     : LAB9 Observability window=10s category=web.CarController.getCars count=1 sumNanos=110972032 avgNanos=110972032
zil-app  | 2026-05-06T18:32:15.688Z  INFO 1 --- [   scheduling-1] r.observability.ObservabilityService     : LAB9 Observability window=10s category=db.car.findAll count=1 sumNanos=110356988 avgNanos=110356988
zil-app  | 2026-05-06T18:32:15.688Z  INFO 1 --- [   scheduling-1] r.observability.ObservabilityService     : LAB9 Observability window=30s category=web.ClientController.getClients count=1 sumNanos=1568186603 avgNanos=1568186603
zil-app  | 2026-05-06T18:32:15.688Z  INFO 1 --- [   scheduling-1] r.observability.ObservabilityService     : LAB9 Observability window=30s category=db.stats.countRents count=1 sumNanos=18691386 avgNanos=18691386
zil-app  | 2026-05-06T18:32:15.688Z  INFO 1 --- [   scheduling-1] r.observability.ObservabilityService     : LAB9 Observability window=30s category=web.RentController.getRents count=105 sumNanos=4707099423 avgNanos=44829518
zil-app  | 2026-05-06T18:32:15.688Z  INFO 1 --- [   scheduling-1] r.observability.ObservabilityService     : LAB9 Observability window=30s category=db.client.findAll count=1 sumNanos=1567909620 avgNanos=1567909620
zil-app  | 2026-05-06T18:32:15.688Z  INFO 1 --- [   scheduling-1] r.observability.ObservabilityService     : LAB9 Observability window=30s category=db.rent.findAll count=105 sumNanos=4700285048 avgNanos=44764619
zil-app  | 2026-05-06T18:32:15.688Z  INFO 1 --- [   scheduling-1] r.observability.ObservabilityService     : LAB9 Observability window=30s category=db.stats.countClients count=1 sumNanos=23015483 avgNanos=23015483
zil-app  | 2026-05-06T18:32:15.688Z  INFO 1 --- [   scheduling-1] r.observability.ObservabilityService     : LAB9 Observability window=30s category=db.stats.countCars count=1 sumNanos=284016180 avgNanos=284016180
zil-app  | 2026-05-06T18:32:15.688Z  INFO 1 --- [   scheduling-1] r.observability.ObservabilityService     : LAB9 Observability window=30s category=web.CarController.getCars count=1 sumNanos=110972032 avgNanos=110972032
zil-app  | 2026-05-06T18:32:15.688Z  INFO 1 --- [   scheduling-1] r.observability.ObservabilityService     : LAB9 Observability window=30s category=db.car.findAll count=1 sumNanos=110356988 avgNanos=110356988
zil-app  | 2026-05-06T18:32:15.688Z  INFO 1 --- [   scheduling-1] r.observability.ObservabilityService     : LAB9 Observability window=30s category=web.StatsController.stats count=1 sumNanos=326605277 avgNanos=326605277
zil-app  | 2026-05-06T18:32:15.689Z  INFO 1 --- [   scheduling-1] r.observability.ObservabilityService     : LAB9 Observability window=1m category=web.ClientController.getClients count=1 sumNanos=1568186603 avgNanos=1568186603
zil-app  | 2026-05-06T18:32:15.689Z  INFO 1 --- [   scheduling-1] r.observability.ObservabilityService     : LAB9 Observability window=1m category=db.stats.countRents count=1 sumNanos=18691386 avgNanos=18691386
zil-app  | 2026-05-06T18:32:15.689Z  INFO 1 --- [   scheduling-1] r.observability.ObservabilityService     : LAB9 Observability window=1m category=web.RentController.getRents count=105 sumNanos=4707099423 avgNanos=44829518
zil-app  | 2026-05-06T18:32:15.689Z  INFO 1 --- [   scheduling-1] r.observability.ObservabilityService     : LAB9 Observability window=1m category=db.client.findAll count=1 sumNanos=1567909620 avgNanos=1567909620
zil-app  | 2026-05-06T18:32:15.689Z  INFO 1 --- [   scheduling-1] r.observability.ObservabilityService     : LAB9 Observability window=1m category=db.rent.findAll count=105 sumNanos=4700285048 avgNanos=44764619
zil-app  | 2026-05-06T18:32:15.689Z  INFO 1 --- [   scheduling-1] r.observability.ObservabilityService     : LAB9 Observability window=1m category=db.stats.countClients count=1 sumNanos=23015483 avgNanos=23015483
zil-app  | 2026-05-06T18:32:15.689Z  INFO 1 --- [   scheduling-1] r.observability.ObservabilityService     : LAB9 Observability window=1m category=db.stats.countCars count=1 sumNanos=284016180 avgNanos=284016180
zil-app  | 2026-05-06T18:32:15.689Z  INFO 1 --- [   scheduling-1] r.observability.ObservabilityService     : LAB9 Observability window=1m category=web.CarController.getCars count=1 sumNanos=110972032 avgNanos=110972032
zil-app  | 2026-05-06T18:32:15.689Z  INFO 1 --- [   scheduling-1] r.observability.ObservabilityService     : LAB9 Observability window=1m category=db.car.findAll count=1 sumNanos=110356988 avgNanos=110356988
zil-app  | 2026-05-06T18:32:15.689Z  INFO 1 --- [   scheduling-1] r.observability.ObservabilityService     : LAB9 Observability window=1m category=web.StatsController.stats count=1 sumNanos=326605277 avgNanos=326605277
zil-app  | 2026-05-06T18:32:20.690Z  INFO 1 --- [   scheduling-1] r.observability.ObservabilityService     : LAB9 Observability window=10s category=web.RentController.getRents count=132 sumNanos=4992455396 avgNanos=37821631
zil-app  | 2026-05-06T18:32:20.690Z  INFO 1 --- [   scheduling-1] r.observability.ObservabilityService     : LAB9 Observability window=10s category=db.rent.findAll count=132 sumNanos=4990979232 avgNanos=37810448
zil-app  | 2026-05-06T18:32:20.690Z  INFO 1 --- [   scheduling-1] r.observability.ObservabilityService     : LAB9 Observability window=30s category=web.ClientController.getClients count=1 sumNanos=1568186603 avgNanos=1568186603
zil-app  | 2026-05-06T18:32:20.690Z  INFO 1 --- [   scheduling-1] r.observability.ObservabilityService     : LAB9 Observability window=30s category=db.stats.countRents count=1 sumNanos=18691386 avgNanos=18691386
zil-app  | 2026-05-06T18:32:20.690Z  INFO 1 --- [   scheduling-1] r.observability.ObservabilityService     : LAB9 Observability window=30s category=web.RentController.getRents count=172 sumNanos=7131581331 avgNanos=41462682
zil-app  | 2026-05-06T18:32:20.690Z  INFO 1 --- [   scheduling-1] r.observability.ObservabilityService     : LAB9 Observability window=30s category=db.client.findAll count=1 sumNanos=1567909620 avgNanos=1567909620
zil-app  | 2026-05-06T18:32:20.690Z  INFO 1 --- [   scheduling-1] r.observability.ObservabilityService     : LAB9 Observability window=30s category=db.rent.findAll count=172 sumNanos=7124241637 avgNanos=41420009
zil-app  | 2026-05-06T18:32:20.690Z  INFO 1 --- [   scheduling-1] r.observability.ObservabilityService     : LAB9 Observability window=30s category=db.stats.countClients count=1 sumNanos=23015483 avgNanos=23015483
zil-app  | 2026-05-06T18:32:20.691Z  INFO 1 --- [   scheduling-1] r.observability.ObservabilityService     : LAB9 Observability window=30s category=db.stats.countCars count=1 sumNanos=284016180 avgNanos=284016180
zil-app  | 2026-05-06T18:32:20.691Z  INFO 1 --- [   scheduling-1] r.observability.ObservabilityService     : LAB9 Observability window=30s category=web.CarController.getCars count=1 sumNanos=110972032 avgNanos=110972032
zil-app  | 2026-05-06T18:32:20.691Z  INFO 1 --- [   scheduling-1] r.observability.ObservabilityService     : LAB9 Observability window=30s category=db.car.findAll count=1 sumNanos=110356988 avgNanos=110356988
zil-app  | 2026-05-06T18:32:20.691Z  INFO 1 --- [   scheduling-1] r.observability.ObservabilityService     : LAB9 Observability window=30s category=web.StatsController.stats count=1 sumNanos=326605277 avgNanos=326605277
zil-app  | 2026-05-06T18:32:20.691Z  INFO 1 --- [   scheduling-1] r.observability.ObservabilityService     : LAB9 Observability window=1m category=web.ClientController.getClients count=1 sumNanos=1568186603 avgNanos=1568186603
zil-app  | 2026-05-06T18:32:20.691Z  INFO 1 --- [   scheduling-1] r.observability.ObservabilityService     : LAB9 Observability window=1m category=db.stats.countRents count=1 sumNanos=18691386 avgNanos=18691386
zil-app  | 2026-05-06T18:32:20.691Z  INFO 1 --- [   scheduling-1] r.observability.ObservabilityService     : LAB9 Observability window=1m category=web.RentController.getRents count=172 sumNanos=7131581331 avgNanos=41462682
zil-app  | 2026-05-06T18:32:20.691Z  INFO 1 --- [   scheduling-1] r.observability.ObservabilityService     : LAB9 Observability window=1m category=db.client.findAll count=1 sumNanos=1567909620 avgNanos=1567909620
zil-app  | 2026-05-06T18:32:20.691Z  INFO 1 --- [   scheduling-1] r.observability.ObservabilityService     : LAB9 Observability window=1m category=db.rent.findAll count=172 sumNanos=7124241637 avgNanos=41420009
zil-app  | 2026-05-06T18:32:20.691Z  INFO 1 --- [   scheduling-1] r.observability.ObservabilityService     : LAB9 Observability window=1m category=db.stats.countClients count=1 sumNanos=23015483 avgNanos=23015483
zil-app  | 2026-05-06T18:32:20.691Z  INFO 1 --- [   scheduling-1] r.observability.ObservabilityService     : LAB9 Observability window=1m category=db.stats.countCars count=1 sumNanos=284016180 avgNanos=284016180
zil-app  | 2026-05-06T18:32:20.691Z  INFO 1 --- [   scheduling-1] r.observability.ObservabilityService     : LAB9 Observability window=1m category=web.CarController.getCars count=1 sumNanos=110972032 avgNanos=110972032
zil-app  | 2026-05-06T18:32:20.691Z  INFO 1 --- [   scheduling-1] r.observability.ObservabilityService     : LAB9 Observability window=1m category=db.car.findAll count=1 sumNanos=110356988 avgNanos=110356988
zil-app  | 2026-05-06T18:32:20.691Z  INFO 1 --- [   scheduling-1] r.observability.ObservabilityService     : LAB9 Observability window=1m category=web.StatsController.stats count=1 sumNanos=326605277 avgNanos=326605277
zil-app  | 2026-05-06T18:32:25.692Z  INFO 1 --- [   scheduling-1] r.observability.ObservabilityService     : LAB9 Observability window=10s category=web.RentController.getRents count=132 sumNanos=4923251180 avgNanos=37297357
zil-app  | 2026-05-06T18:32:25.692Z  INFO 1 --- [   scheduling-1] r.observability.ObservabilityService     : LAB9 Observability window=10s category=db.rent.findAll count=132 sumNanos=4922288740 avgNanos=37290066
zil-app  | 2026-05-06T18:32:25.692Z  INFO 1 --- [   scheduling-1] r.observability.ObservabilityService     : LAB9 Observability window=30s category=web.ClientController.getClients count=1 sumNanos=1568186603 avgNanos=1568186603
zil-app  | 2026-05-06T18:32:25.692Z  INFO 1 --- [   scheduling-1] r.observability.ObservabilityService     : LAB9 Observability window=30s category=db.stats.countRents count=1 sumNanos=18691386 avgNanos=18691386
zil-app  | 2026-05-06T18:32:25.692Z  INFO 1 --- [   scheduling-1] r.observability.ObservabilityService     : LAB9 Observability window=30s category=web.RentController.getRents count=237 sumNanos=9630350603 avgNanos=40634390
zil-app  | 2026-05-06T18:32:25.692Z  INFO 1 --- [   scheduling-1] r.observability.ObservabilityService     : LAB9 Observability window=30s category=db.client.findAll count=1 sumNanos=1567909620 avgNanos=1567909620
zil-app  | 2026-05-06T18:32:25.692Z  INFO 1 --- [   scheduling-1] r.observability.ObservabilityService     : LAB9 Observability window=30s category=db.rent.findAll count=237 sumNanos=9622573788 avgNanos=40601577
zil-app  | 2026-05-06T18:32:25.692Z  INFO 1 --- [   scheduling-1] r.observability.ObservabilityService     : LAB9 Observability window=30s category=db.stats.countClients count=1 sumNanos=23015483 avgNanos=23015483
zil-app  | 2026-05-06T18:32:25.693Z  INFO 1 --- [   scheduling-1] r.observability.ObservabilityService     : LAB9 Observability window=30s category=db.stats.countCars count=1 sumNanos=284016180 avgNanos=284016180
zil-app  | 2026-05-06T18:32:25.693Z  INFO 1 --- [   scheduling-1] r.observability.ObservabilityService     : LAB9 Observability window=30s category=web.CarController.getCars count=1 sumNanos=110972032 avgNanos=110972032
zil-app  | 2026-05-06T18:32:25.693Z  INFO 1 --- [   scheduling-1] r.observability.ObservabilityService     : LAB9 Observability window=30s category=db.car.findAll count=1 sumNanos=110356988 avgNanos=110356988
zil-app  | 2026-05-06T18:32:25.693Z  INFO 1 --- [   scheduling-1] r.observability.ObservabilityService     : LAB9 Observability window=30s category=web.StatsController.stats count=1 sumNanos=326605277 avgNanos=326605277
zil-app  | 2026-05-06T18:32:25.693Z  INFO 1 --- [   scheduling-1] r.observability.ObservabilityService     : LAB9 Observability window=1m category=web.ClientController.getClients count=1 sumNanos=1568186603 avgNanos=1568186603
zil-app  | 2026-05-06T18:32:25.693Z  INFO 1 --- [   scheduling-1] r.observability.ObservabilityService     : LAB9 Observability window=1m category=db.stats.countRents count=1 sumNanos=18691386 avgNanos=18691386
zil-app  | 2026-05-06T18:32:25.693Z  INFO 1 --- [   scheduling-1] r.observability.ObservabilityService     : LAB9 Observability window=1m category=web.RentController.getRents count=237 sumNanos=9630350603 avgNanos=40634390
zil-app  | 2026-05-06T18:32:25.693Z  INFO 1 --- [   scheduling-1] r.observability.ObservabilityService     : LAB9 Observability window=1m category=db.client.findAll count=1 sumNanos=1567909620 avgNanos=1567909620
zil-app  | 2026-05-06T18:32:25.693Z  INFO 1 --- [   scheduling-1] r.observability.ObservabilityService     : LAB9 Observability window=1m category=db.rent.findAll count=237 sumNanos=9622573788 avgNanos=40601577
zil-app  | 2026-05-06T18:32:25.693Z  INFO 1 --- [   scheduling-1] r.observability.ObservabilityService     : LAB9 Observability window=1m category=db.stats.countClients count=1 sumNanos=23015483 avgNanos=23015483
zil-app  | 2026-05-06T18:32:25.693Z  INFO 1 --- [   scheduling-1] r.observability.ObservabilityService     : LAB9 Observability window=1m category=db.stats.countCars count=1 sumNanos=284016180 avgNanos=284016180
zil-app  | 2026-05-06T18:32:25.693Z  INFO 1 --- [   scheduling-1] r.observability.ObservabilityService     : LAB9 Observability window=1m category=web.CarController.getCars count=1 sumNanos=110972032 avgNanos=110972032
zil-app  | 2026-05-06T18:32:25.694Z  INFO 1 --- [   scheduling-1] r.observability.ObservabilityService     : LAB9 Observability window=1m category=db.car.findAll count=1 sumNanos=110356988 avgNanos=110356988
zil-app  | 2026-05-06T18:32:25.694Z  INFO 1 --- [   scheduling-1] r.observability.ObservabilityService     : LAB9 Observability window=1m category=web.StatsController.stats count=1 sumNanos=326605277 avgNanos=326605277
zil-app  | 2026-05-06T18:32:30.694Z  INFO 1 --- [   scheduling-1] r.observability.ObservabilityService     : LAB9 Observability window=10s category=web.RentController.getRents count=123 sumNanos=4614383108 avgNanos=37515309
zil-app  | 2026-05-06T18:32:30.694Z  INFO 1 --- [   scheduling-1] r.observability.ObservabilityService     : LAB9 Observability window=10s category=db.rent.findAll count=123 sumNanos=4613318570 avgNanos=37506655
zil-app  | 2026-05-06T18:32:30.695Z  INFO 1 --- [   scheduling-1] r.observability.ObservabilityService     : LAB9 Observability window=30s category=web.ClientController.getClients count=1 sumNanos=1568186603 avgNanos=1568186603
zil-app  | 2026-05-06T18:32:30.695Z  INFO 1 --- [   scheduling-1] r.observability.ObservabilityService     : LAB9 Observability window=30s category=db.stats.countRents count=1 sumNanos=18691386 avgNanos=18691386
zil-app  | 2026-05-06T18:32:30.695Z  INFO 1 --- [   scheduling-1] r.observability.ObservabilityService     : LAB9 Observability window=30s category=web.RentController.getRents count=295 sumNanos=11745964439 avgNanos=39816828
zil-app  | 2026-05-06T18:32:30.695Z  INFO 1 --- [   scheduling-1] r.observability.ObservabilityService     : LAB9 Observability window=30s category=db.client.findAll count=1 sumNanos=1567909620 avgNanos=1567909620
zil-app  | 2026-05-06T18:32:30.695Z  INFO 1 --- [   scheduling-1] r.observability.ObservabilityService     : LAB9 Observability window=30s category=db.rent.findAll count=295 sumNanos=11737560207 avgNanos=39788339
zil-app  | 2026-05-06T18:32:30.695Z  INFO 1 --- [   scheduling-1] r.observability.ObservabilityService     : LAB9 Observability window=30s category=db.stats.countClients count=1 sumNanos=23015483 avgNanos=23015483
zil-app  | 2026-05-06T18:32:30.695Z  INFO 1 --- [   scheduling-1] r.observability.ObservabilityService     : LAB9 Observability window=30s category=db.stats.countCars count=1 sumNanos=284016180 avgNanos=284016180
zil-app  | 2026-05-06T18:32:30.695Z  INFO 1 --- [   scheduling-1] r.observability.ObservabilityService     : LAB9 Observability window=30s category=web.CarController.getCars count=1 sumNanos=110972032 avgNanos=110972032
zil-app  | 2026-05-06T18:32:30.695Z  INFO 1 --- [   scheduling-1] r.observability.ObservabilityService     : LAB9 Observability window=30s category=db.car.findAll count=1 sumNanos=110356988 avgNanos=110356988
zil-app  | 2026-05-06T18:32:30.695Z  INFO 1 --- [   scheduling-1] r.observability.ObservabilityService     : LAB9 Observability window=30s category=web.StatsController.stats count=1 sumNanos=326605277 avgNanos=326605277
zil-app  | 2026-05-06T18:32:30.696Z  INFO 1 --- [   scheduling-1] r.observability.ObservabilityService     : LAB9 Observability window=1m category=web.ClientController.getClients count=1 sumNanos=1568186603 avgNanos=1568186603
zil-app  | 2026-05-06T18:32:30.696Z  INFO 1 --- [   scheduling-1] r.observability.ObservabilityService     : LAB9 Observability window=1m category=db.stats.countRents count=1 sumNanos=18691386 avgNanos=18691386
zil-app  | 2026-05-06T18:32:30.696Z  INFO 1 --- [   scheduling-1] r.observability.ObservabilityService     : LAB9 Observability window=1m category=web.RentController.getRents count=295 sumNanos=11745964439 avgNanos=39816828
zil-app  | 2026-05-06T18:32:30.696Z  INFO 1 --- [   scheduling-1] r.observability.ObservabilityService     : LAB9 Observability window=1m category=db.client.findAll count=1 sumNanos=1567909620 avgNanos=1567909620
zil-app  | 2026-05-06T18:32:30.696Z  INFO 1 --- [   scheduling-1] r.observability.ObservabilityService     : LAB9 Observability window=1m category=db.rent.findAll count=295 sumNanos=11737560207 avgNanos=39788339
zil-app  | 2026-05-06T18:32:30.696Z  INFO 1 --- [   scheduling-1] r.observability.ObservabilityService     : LAB9 Observability window=1m category=db.stats.countClients count=1 sumNanos=23015483 avgNanos=23015483
zil-app  | 2026-05-06T18:32:30.696Z  INFO 1 --- [   scheduling-1] r.observability.ObservabilityService     : LAB9 Observability window=1m category=db.stats.countCars count=1 sumNanos=284016180 avgNanos=284016180
zil-app  | 2026-05-06T18:32:30.696Z  INFO 1 --- [   scheduling-1] r.observability.ObservabilityService     : LAB9 Observability window=1m category=web.CarController.getCars count=1 sumNanos=110972032 avgNanos=110972032
zil-app  | 2026-05-06T18:32:30.696Z  INFO 1 --- [   scheduling-1] r.observability.ObservabilityService     : LAB9 Observability window=1m category=db.car.findAll count=1 sumNanos=110356988 avgNanos=110356988
zil-app  | 2026-05-06T18:32:30.696Z  INFO 1 --- [   scheduling-1] r.observability.ObservabilityService     : LAB9 Observability window=1m category=web.StatsController.stats count=1 sumNanos=326605277 avgNanos=326605277
zil-app  | 2026-05-06T18:32:35.697Z  INFO 1 --- [   scheduling-1] r.observability.ObservabilityService     : LAB9 Observability window=10s category=web.RentController.getRents count=121 sumNanos=4495203330 avgNanos=37150440
zil-app  | 2026-05-06T18:32:35.697Z  INFO 1 --- [   scheduling-1] r.observability.ObservabilityService     : LAB9 Observability window=10s category=db.rent.findAll count=121 sumNanos=4494037589 avgNanos=37140806
zil-app  | 2026-05-06T18:32:35.697Z  INFO 1 --- [   scheduling-1] r.observability.ObservabilityService     : LAB9 Observability window=30s category=web.ClientController.getClients count=1 sumNanos=1568186603 avgNanos=1568186603
zil-app  | 2026-05-06T18:32:35.697Z  INFO 1 --- [   scheduling-1] r.observability.ObservabilityService     : LAB9 Observability window=30s category=web.RentController.getRents count=358 sumNanos=14125553933 avgNanos=39456854
zil-app  | 2026-05-06T18:32:35.697Z  INFO 1 --- [   scheduling-1] r.observability.ObservabilityService     : LAB9 Observability window=30s category=db.client.findAll count=1 sumNanos=1567909620 avgNanos=1567909620
zil-app  | 2026-05-06T18:32:35.697Z  INFO 1 --- [   scheduling-1] r.observability.ObservabilityService     : LAB9 Observability window=30s category=db.rent.findAll count=358 sumNanos=14116611377 avgNanos=39431875
zil-app  | 2026-05-06T18:32:35.697Z  INFO 1 --- [   scheduling-1] r.observability.ObservabilityService     : LAB9 Observability window=30s category=web.CarController.getCars count=1 sumNanos=110972032 avgNanos=110972032
zil-app  | 2026-05-06T18:32:35.697Z  INFO 1 --- [   scheduling-1] r.observability.ObservabilityService     : LAB9 Observability window=30s category=db.car.findAll count=1 sumNanos=110356988 avgNanos=110356988
zil-app  | 2026-05-06T18:32:35.698Z  INFO 1 --- [   scheduling-1] r.observability.ObservabilityService     : LAB9 Observability window=1m category=web.ClientController.getClients count=1 sumNanos=1568186603 avgNanos=1568186603
zil-app  | 2026-05-06T18:32:35.698Z  INFO 1 --- [   scheduling-1] r.observability.ObservabilityService     : LAB9 Observability window=1m category=db.stats.countRents count=1 sumNanos=18691386 avgNanos=18691386
zil-app  | 2026-05-06T18:32:35.698Z  INFO 1 --- [   scheduling-1] r.observability.ObservabilityService     : LAB9 Observability window=1m category=web.RentController.getRents count=358 sumNanos=14125553933 avgNanos=39456854
zil-app  | 2026-05-06T18:32:35.698Z  INFO 1 --- [   scheduling-1] r.observability.ObservabilityService     : LAB9 Observability window=1m category=db.client.findAll count=1 sumNanos=1567909620 avgNanos=1567909620
zil-app  | 2026-05-06T18:32:35.698Z  INFO 1 --- [   scheduling-1] r.observability.ObservabilityService     : LAB9 Observability window=1m category=db.rent.findAll count=358 sumNanos=14116611377 avgNanos=39431875
zil-app  | 2026-05-06T18:32:35.698Z  INFO 1 --- [   scheduling-1] r.observability.ObservabilityService     : LAB9 Observability window=1m category=db.stats.countClients count=1 sumNanos=23015483 avgNanos=23015483
zil-app  | 2026-05-06T18:32:35.698Z  INFO 1 --- [   scheduling-1] r.observability.ObservabilityService     : LAB9 Observability window=1m category=db.stats.countCars count=1 sumNanos=284016180 avgNanos=284016180
zil-additional-service  | 
zil-additional-service  |   .   ____          _            __ _ _
zil-additional-service  |  /\\ / ___'_ __ _ _(_)_ __  __ _ \ \ \ \
zil-additional-service  | ( ( )\___ | '_ | '_| | '_ \/ _` | \ \ \ \
zil-additional-service  |  \\/  ___)| |_)| | | | | || (_| |  ) ) ) )
zil-additional-service  |   '  |____| .__|_| |_|_| |_\__, | / / / /
zil-additional-service  |  =========|_|==============|___/=/_/_/_/
zil-additional-service  | 
zil-additional-service  |  :: Spring Boot ::                (v4.0.6)
zil-additional-service  | 
zil-additional-service  | 2026-05-06T18:31:21.752Z  INFO 1 --- [zil-additional-service] [           main] r.a.ZilAdditionalServiceApplication      : Starting ZilAdditionalServiceApplication v0.0.1-SNAPSHOT using Java 25.0.3 with PID 1 (/app/app.jar started by root in /app)
zil-additional-service  | 2026-05-06T18:31:21.766Z  INFO 1 --- [zil-additional-service] [           main] r.a.ZilAdditionalServiceApplication      : No active profile set, falling back to 1 default profile: "default"
zil-additional-service  | 2026-05-06T18:31:25.673Z  INFO 1 --- [zil-additional-service] [           main] o.s.boot.tomcat.TomcatWebServer          : Tomcat initialized with port 8084 (http)
zil-additional-service  | 2026-05-06T18:31:25.739Z  INFO 1 --- [zil-additional-service] [           main] o.apache.catalina.core.StandardService   : Starting service [Tomcat]
zil-additional-service  | 2026-05-06T18:31:25.740Z  INFO 1 --- [zil-additional-service] [           main] o.apache.catalina.core.StandardEngine    : Starting Servlet engine: [Apache Tomcat/11.0.21]
zil-additional-service  | 2026-05-06T18:31:26.023Z  INFO 1 --- [zil-additional-service] [           main] b.w.c.s.WebApplicationContextInitializer : Root WebApplicationContext: initialization completed in 4067 ms
zil-additional-service  | 2026-05-06T18:31:29.010Z  INFO 1 --- [zil-additional-service] [           main] o.s.b.a.e.web.EndpointLinksResolver      : Exposing 1 endpoint beneath base path '/actuator'
zil-additional-service  | 2026-05-06T18:31:29.320Z  INFO 1 --- [zil-additional-service] [           main] o.s.boot.tomcat.TomcatWebServer          : Tomcat started on port 8084 (http) with context path '/'
zil-additional-service  | 2026-05-06T18:31:29.368Z  INFO 1 --- [zil-additional-service] [           main] r.a.ZilAdditionalServiceApplication      : Started ZilAdditionalServiceApplication in 9.08 seconds (process running for 10.642)
zil-additional-service  | 2026-05-06T18:31:29.391Z  INFO 1 --- [zil-additional-service] [   scheduling-1] r.additional.service.ClientCacheService  : [client-cache-statistics] Client cache size=0
zil-additional-service  | 2026-05-06T18:31:29.395Z  INFO 1 --- [zil-additional-service] [   scheduling-1] r.additional.service.CarCacheService     : [car-cache-statistics] Car cache size=0
zil-additional-service  | 2026-05-06T18:31:39.355Z  INFO 1 --- [zil-additional-service] [   scheduling-1] r.additional.service.ClientCacheService  : [client-cache-statistics] Client cache size=0
zil-additional-service  | 2026-05-06T18:31:39.356Z  INFO 1 --- [zil-additional-service] [   scheduling-1] r.additional.service.CarCacheService     : [car-cache-statistics] Car cache size=0
zil-additional-service  | 2026-05-06T18:31:49.355Z  INFO 1 --- [zil-additional-service] [   scheduling-1] r.additional.service.ClientCacheService  : [client-cache-statistics] Client cache size=0
zil-additional-service  | 2026-05-06T18:31:49.356Z  INFO 1 --- [zil-additional-service] [   scheduling-1] r.additional.service.CarCacheService     : [car-cache-statistics] Car cache size=0
zil-additional-service  | 2026-05-06T18:31:59.355Z  INFO 1 --- [zil-additional-service] [   scheduling-1] r.additional.service.ClientCacheService  : [client-cache-statistics] Client cache size=0
zil-additional-service  | 2026-05-06T18:31:59.356Z  INFO 1 --- [zil-additional-service] [   scheduling-1] r.additional.service.CarCacheService     : [car-cache-statistics] Car cache size=0
zil-additional-service  | 2026-05-06T18:32:04.461Z  INFO 1 --- [zil-additional-service] [nio-8084-exec-1] o.a.c.c.C.[Tomcat].[localhost].[/]       : Initializing Spring DispatcherServlet 'dispatcherServlet'
zil-additional-service  | 2026-05-06T18:32:04.466Z  INFO 1 --- [zil-additional-service] [nio-8084-exec-1] o.s.web.servlet.DispatcherServlet        : Initializing Servlet 'dispatcherServlet'
zil-additional-service  | 2026-05-06T18:32:04.467Z  INFO 1 --- [zil-additional-service] [nio-8084-exec-1] o.s.web.servlet.DispatcherServlet        : Completed initialization in 1 ms
zil-additional-service  | 2026-05-06T18:32:09.355Z  INFO 1 --- [zil-additional-service] [   scheduling-1] r.additional.service.ClientCacheService  : [client-cache-statistics] Client cache size=48848
zil-additional-service  | 2026-05-06T18:32:09.356Z  INFO 1 --- [zil-additional-service] [   scheduling-1] r.additional.service.CarCacheService     : [car-cache-statistics] Car cache size=1000
zil-additional-service  | 2026-05-06T18:32:09.411Z  INFO 1 --- [zil-additional-service] [   scheduling-1] r.a.observability.ObservabilityService   : LAB9 Observability window=10s category=additional.statsComputation.stats count=23 sumNanos=81149 avgNanos=3528
zil-additional-service  | 2026-05-06T18:32:09.411Z  INFO 1 --- [zil-additional-service] [   scheduling-1] r.a.observability.ObservabilityService   : LAB9 Observability window=10s category=web.additional.stats count=23 sumNanos=5226240782 avgNanos=227227860
zil-additional-service  | 2026-05-06T18:32:09.411Z  INFO 1 --- [zil-additional-service] [   scheduling-1] r.a.observability.ObservabilityService   : LAB9 Observability window=10s category=http.main.clients count=1 sumNanos=2571291234 avgNanos=2571291234
zil-additional-service  | 2026-05-06T18:32:09.411Z  INFO 1 --- [zil-additional-service] [   scheduling-1] r.a.observability.ObservabilityService   : LAB9 Observability window=10s category=http.main.rents count=23 sumNanos=2400829640 avgNanos=104383897
zil-additional-service  | 2026-05-06T18:32:09.411Z  INFO 1 --- [zil-additional-service] [   scheduling-1] r.a.observability.ObservabilityService   : LAB9 Observability window=10s category=http.main.cars count=1 sumNanos=199756542 avgNanos=199756542
zil-additional-service  | 2026-05-06T18:32:09.412Z  INFO 1 --- [zil-additional-service] [   scheduling-1] r.a.observability.ObservabilityService   : LAB9 Observability window=30s category=additional.statsComputation.stats count=23 sumNanos=81149 avgNanos=3528
zil-additional-service  | 2026-05-06T18:32:09.412Z  INFO 1 --- [zil-additional-service] [   scheduling-1] r.a.observability.ObservabilityService   : LAB9 Observability window=30s category=web.additional.stats count=23 sumNanos=5226240782 avgNanos=227227860
zil-additional-service  | 2026-05-06T18:32:09.412Z  INFO 1 --- [zil-additional-service] [   scheduling-1] r.a.observability.ObservabilityService   : LAB9 Observability window=30s category=http.main.clients count=1 sumNanos=2571291234 avgNanos=2571291234
zil-additional-service  | 2026-05-06T18:32:09.412Z  INFO 1 --- [zil-additional-service] [   scheduling-1] r.a.observability.ObservabilityService   : LAB9 Observability window=30s category=http.main.rents count=23 sumNanos=2400829640 avgNanos=104383897
zil-additional-service  | 2026-05-06T18:32:09.412Z  INFO 1 --- [zil-additional-service] [   scheduling-1] r.a.observability.ObservabilityService   : LAB9 Observability window=30s category=http.main.cars count=1 sumNanos=199756542 avgNanos=199756542
zil-additional-service  | 2026-05-06T18:32:09.412Z  INFO 1 --- [zil-additional-service] [   scheduling-1] r.a.observability.ObservabilityService   : LAB9 Observability window=1m category=additional.statsComputation.stats count=23 sumNanos=81149 avgNanos=3528
zil-additional-service  | 2026-05-06T18:32:09.412Z  INFO 1 --- [zil-additional-service] [   scheduling-1] r.a.observability.ObservabilityService   : LAB9 Observability window=1m category=web.additional.stats count=23 sumNanos=5226240782 avgNanos=227227860
zil-additional-service  | 2026-05-06T18:32:09.412Z  INFO 1 --- [zil-additional-service] [   scheduling-1] r.a.observability.ObservabilityService   : LAB9 Observability window=1m category=http.main.clients count=1 sumNanos=2571291234 avgNanos=2571291234
zil-additional-service  | 2026-05-06T18:32:09.412Z  INFO 1 --- [zil-additional-service] [   scheduling-1] r.a.observability.ObservabilityService   : LAB9 Observability window=1m category=http.main.rents count=23 sumNanos=2400829640 avgNanos=104383897
zil-additional-service  | 2026-05-06T18:32:09.413Z  INFO 1 --- [zil-additional-service] [   scheduling-1] r.a.observability.ObservabilityService   : LAB9 Observability window=1m category=http.main.cars count=1 sumNanos=199756542 avgNanos=199756542
zil-additional-service  | 2026-05-06T18:32:14.413Z  INFO 1 --- [zil-additional-service] [   scheduling-1] r.a.observability.ObservabilityService   : LAB9 Observability window=10s category=additional.statsComputation.stats count=88 sumNanos=202969 avgNanos=2306
zil-additional-service  | 2026-05-06T18:32:14.414Z  INFO 1 --- [zil-additional-service] [   scheduling-1] r.a.observability.ObservabilityService   : LAB9 Observability window=10s category=web.additional.stats count=88 sumNanos=8547505550 avgNanos=97130744
zil-additional-service  | 2026-05-06T18:32:14.414Z  INFO 1 --- [zil-additional-service] [   scheduling-1] r.a.observability.ObservabilityService   : LAB9 Observability window=10s category=http.main.clients count=1 sumNanos=2571291234 avgNanos=2571291234
zil-additional-service  | 2026-05-06T18:32:14.414Z  INFO 1 --- [zil-additional-service] [   scheduling-1] r.a.observability.ObservabilityService   : LAB9 Observability window=10s category=http.main.rents count=88 sumNanos=5719537050 avgNanos=64994739
zil-additional-service  | 2026-05-06T18:32:14.414Z  INFO 1 --- [zil-additional-service] [   scheduling-1] r.a.observability.ObservabilityService   : LAB9 Observability window=10s category=http.main.cars count=1 sumNanos=199756542 avgNanos=199756542
zil-additional-service  | 2026-05-06T18:32:14.414Z  INFO 1 --- [zil-additional-service] [   scheduling-1] r.a.observability.ObservabilityService   : LAB9 Observability window=30s category=additional.statsComputation.stats count=88 sumNanos=202969 avgNanos=2306
zil-additional-service  | 2026-05-06T18:32:14.414Z  INFO 1 --- [zil-additional-service] [   scheduling-1] r.a.observability.ObservabilityService   : LAB9 Observability window=30s category=web.additional.stats count=88 sumNanos=8547505550 avgNanos=97130744
zil-additional-service  | 2026-05-06T18:32:14.415Z  INFO 1 --- [zil-additional-service] [   scheduling-1] r.a.observability.ObservabilityService   : LAB9 Observability window=30s category=http.main.clients count=1 sumNanos=2571291234 avgNanos=2571291234
zil-additional-service  | 2026-05-06T18:32:14.415Z  INFO 1 --- [zil-additional-service] [   scheduling-1] r.a.observability.ObservabilityService   : LAB9 Observability window=30s category=http.main.rents count=88 sumNanos=5719537050 avgNanos=64994739
zil-additional-service  | 2026-05-06T18:32:14.415Z  INFO 1 --- [zil-additional-service] [   scheduling-1] r.a.observability.ObservabilityService   : LAB9 Observability window=30s category=http.main.cars count=1 sumNanos=199756542 avgNanos=199756542
zil-additional-service  | 2026-05-06T18:32:14.415Z  INFO 1 --- [zil-additional-service] [   scheduling-1] r.a.observability.ObservabilityService   : LAB9 Observability window=1m category=additional.statsComputation.stats count=88 sumNanos=202969 avgNanos=2306
zil-additional-service  | 2026-05-06T18:32:14.415Z  INFO 1 --- [zil-additional-service] [   scheduling-1] r.a.observability.ObservabilityService   : LAB9 Observability window=1m category=web.additional.stats count=88 sumNanos=8547505550 avgNanos=97130744
zil-additional-service  | 2026-05-06T18:32:14.416Z  INFO 1 --- [zil-additional-service] [   scheduling-1] r.a.observability.ObservabilityService   : LAB9 Observability window=1m category=http.main.clients count=1 sumNanos=2571291234 avgNanos=2571291234
zil-additional-service  | 2026-05-06T18:32:14.416Z  INFO 1 --- [zil-additional-service] [   scheduling-1] r.a.observability.ObservabilityService   : LAB9 Observability window=1m category=http.main.rents count=88 sumNanos=5719537050 avgNanos=64994739
zil-additional-service  | 2026-05-06T18:32:14.417Z  INFO 1 --- [zil-additional-service] [   scheduling-1] r.a.observability.ObservabilityService   : LAB9 Observability window=1m category=http.main.cars count=1 sumNanos=199756542 avgNanos=199756542
zil-additional-service  | 2026-05-06T18:32:19.355Z  INFO 1 --- [zil-additional-service] [   scheduling-1] r.additional.service.ClientCacheService  : [client-cache-statistics] Client cache size=48848
zil-additional-service  | 2026-05-06T18:32:19.356Z  INFO 1 --- [zil-additional-service] [   scheduling-1] r.additional.service.CarCacheService     : [car-cache-statistics] Car cache size=1000
zil-additional-service  | 2026-05-06T18:32:19.418Z  INFO 1 --- [zil-additional-service] [   scheduling-1] r.a.observability.ObservabilityService   : LAB9 Observability window=10s category=additional.statsComputation.stats count=131 sumNanos=237253 avgNanos=1811
zil-additional-service  | 2026-05-06T18:32:19.418Z  INFO 1 --- [zil-additional-service] [   scheduling-1] r.a.observability.ObservabilityService   : LAB9 Observability window=10s category=web.additional.stats count=131 sumNanos=6273650477 avgNanos=47890461
zil-additional-service  | 2026-05-06T18:32:19.418Z  INFO 1 --- [zil-additional-service] [   scheduling-1] r.a.observability.ObservabilityService   : LAB9 Observability window=10s category=http.main.rents count=131 sumNanos=6268244956 avgNanos=47849198
zil-additional-service  | 2026-05-06T18:32:19.418Z  INFO 1 --- [zil-additional-service] [   scheduling-1] r.a.observability.ObservabilityService   : LAB9 Observability window=30s category=additional.statsComputation.stats count=154 sumNanos=318402 avgNanos=2067
zil-additional-service  | 2026-05-06T18:32:19.418Z  INFO 1 --- [zil-additional-service] [   scheduling-1] r.a.observability.ObservabilityService   : LAB9 Observability window=30s category=web.additional.stats count=154 sumNanos=11499891259 avgNanos=74674618
zil-additional-service  | 2026-05-06T18:32:19.419Z  INFO 1 --- [zil-additional-service] [   scheduling-1] r.a.observability.ObservabilityService   : LAB9 Observability window=30s category=http.main.clients count=1 sumNanos=2571291234 avgNanos=2571291234
zil-additional-service  | 2026-05-06T18:32:19.419Z  INFO 1 --- [zil-additional-service] [   scheduling-1] r.a.observability.ObservabilityService   : LAB9 Observability window=30s category=http.main.rents count=154 sumNanos=8669074596 avgNanos=56292692
zil-additional-service  | 2026-05-06T18:32:19.419Z  INFO 1 --- [zil-additional-service] [   scheduling-1] r.a.observability.ObservabilityService   : LAB9 Observability window=30s category=http.main.cars count=1 sumNanos=199756542 avgNanos=199756542
zil-additional-service  | 2026-05-06T18:32:19.419Z  INFO 1 --- [zil-additional-service] [   scheduling-1] r.a.observability.ObservabilityService   : LAB9 Observability window=1m category=additional.statsComputation.stats count=154 sumNanos=318402 avgNanos=2067
zil-additional-service  | 2026-05-06T18:32:19.419Z  INFO 1 --- [zil-additional-service] [   scheduling-1] r.a.observability.ObservabilityService   : LAB9 Observability window=1m category=web.additional.stats count=154 sumNanos=11499891259 avgNanos=74674618
zil-additional-service  | 2026-05-06T18:32:19.421Z  INFO 1 --- [zil-additional-service] [   scheduling-1] r.a.observability.ObservabilityService   : LAB9 Observability window=1m category=http.main.clients count=1 sumNanos=2571291234 avgNanos=2571291234
zil-additional-service  | 2026-05-06T18:32:19.421Z  INFO 1 --- [zil-additional-service] [   scheduling-1] r.a.observability.ObservabilityService   : LAB9 Observability window=1m category=http.main.rents count=154 sumNanos=8669074596 avgNanos=56292692
zil-additional-service  | 2026-05-06T18:32:19.422Z  INFO 1 --- [zil-additional-service] [   scheduling-1] r.a.observability.ObservabilityService   : LAB9 Observability window=1m category=http.main.cars count=1 sumNanos=199756542 avgNanos=199756542
zil-additional-service  | 2026-05-06T18:32:24.425Z  INFO 1 --- [zil-additional-service] [   scheduling-1] r.a.observability.ObservabilityService   : LAB9 Observability window=10s category=additional.statsComputation.stats count=130 sumNanos=227681 avgNanos=1751
zil-additional-service  | 2026-05-06T18:32:24.425Z  INFO 1 --- [zil-additional-service] [   scheduling-1] r.a.observability.ObservabilityService   : LAB9 Observability window=10s category=web.additional.stats count=130 sumNanos=5751487498 avgNanos=44242211
zil-additional-service  | 2026-05-06T18:32:24.426Z  INFO 1 --- [zil-additional-service] [   scheduling-1] r.a.observability.ObservabilityService   : LAB9 Observability window=10s category=http.main.rents count=130 sumNanos=5747288595 avgNanos=44209912
zil-additional-service  | 2026-05-06T18:32:24.426Z  INFO 1 --- [zil-additional-service] [   scheduling-1] r.a.observability.ObservabilityService   : LAB9 Observability window=30s category=additional.statsComputation.stats count=219 sumNanos=432797 avgNanos=1976
zil-additional-service  | 2026-05-06T18:32:24.426Z  INFO 1 --- [zil-additional-service] [   scheduling-1] r.a.observability.ObservabilityService   : LAB9 Observability window=30s category=web.additional.stats count=219 sumNanos=14351451100 avgNanos=65531740
zil-additional-service  | 2026-05-06T18:32:24.426Z  INFO 1 --- [zil-additional-service] [   scheduling-1] r.a.observability.ObservabilityService   : LAB9 Observability window=30s category=http.main.clients count=1 sumNanos=2571291234 avgNanos=2571291234
zil-additional-service  | 2026-05-06T18:32:24.426Z  INFO 1 --- [zil-additional-service] [   scheduling-1] r.a.observability.ObservabilityService   : LAB9 Observability window=30s category=http.main.rents count=219 sumNanos=11519262524 avgNanos=52599372
zil-additional-service  | 2026-05-06T18:32:24.426Z  INFO 1 --- [zil-additional-service] [   scheduling-1] r.a.observability.ObservabilityService   : LAB9 Observability window=30s category=http.main.cars count=1 sumNanos=199756542 avgNanos=199756542
zil-additional-service  | 2026-05-06T18:32:24.427Z  INFO 1 --- [zil-additional-service] [   scheduling-1] r.a.observability.ObservabilityService   : LAB9 Observability window=1m category=additional.statsComputation.stats count=219 sumNanos=432797 avgNanos=1976
zil-additional-service  | 2026-05-06T18:32:24.427Z  INFO 1 --- [zil-additional-service] [   scheduling-1] r.a.observability.ObservabilityService   : LAB9 Observability window=1m category=web.additional.stats count=219 sumNanos=14351451100 avgNanos=65531740
zil-additional-service  | 2026-05-06T18:32:24.427Z  INFO 1 --- [zil-additional-service] [   scheduling-1] r.a.observability.ObservabilityService   : LAB9 Observability window=1m category=http.main.clients count=1 sumNanos=2571291234 avgNanos=2571291234
zil-additional-service  | 2026-05-06T18:32:24.427Z  INFO 1 --- [zil-additional-service] [   scheduling-1] r.a.observability.ObservabilityService   : LAB9 Observability window=1m category=http.main.rents count=219 sumNanos=11519262524 avgNanos=52599372
zil-additional-service  | 2026-05-06T18:32:24.427Z  INFO 1 --- [zil-additional-service] [   scheduling-1] r.a.observability.ObservabilityService   : LAB9 Observability window=1m category=http.main.cars count=1 sumNanos=199756542 avgNanos=199756542
zil-additional-service  | 2026-05-06T18:32:29.355Z  INFO 1 --- [zil-additional-service] [   scheduling-1] r.additional.service.ClientCacheService  : [client-cache-statistics] Client cache size=48848
zil-additional-service  | 2026-05-06T18:32:29.356Z  INFO 1 --- [zil-additional-service] [   scheduling-1] r.additional.service.CarCacheService     : [car-cache-statistics] Car cache size=1000
zil-additional-service  | 2026-05-06T18:32:29.429Z  INFO 1 --- [zil-additional-service] [   scheduling-1] r.a.observability.ObservabilityService   : LAB9 Observability window=10s category=additional.statsComputation.stats count=128 sumNanos=221736 avgNanos=1732
zil-additional-service  | 2026-05-06T18:32:29.430Z  INFO 1 --- [zil-additional-service] [   scheduling-1] r.a.observability.ObservabilityService   : LAB9 Observability window=10s category=web.additional.stats count=128 sumNanos=5675904839 avgNanos=44343006
zil-app                 | 2026-05-06T18:32:35.698Z  INFO 1 --- [   scheduling-1] r.observability.ObservabilityService     : LAB9 Observability window=1m category=web.CarController.getCars count=1 sumNanos=110972032 avgNanos=110972032
zil-app                 | 2026-05-06T18:32:35.698Z  INFO 1 --- [   scheduling-1] r.observability.ObservabilityService     : LAB9 Observability window=1m category=db.car.findAll count=1 sumNanos=110356988 avgNanos=110356988
zil-app                 | 2026-05-06T18:32:35.698Z  INFO 1 --- [   scheduling-1] r.observability.ObservabilityService     : LAB9 Observability window=1m category=web.StatsController.stats count=1 sumNanos=326605277 avgNanos=326605277
zil-app                 | 2026-05-06T18:32:40.698Z  INFO 1 --- [   scheduling-1] r.observability.ObservabilityService     : LAB9 Observability window=10s category=web.RentController.getRents count=121 sumNanos=4551586706 avgNanos=37616419
zil-app                 | 2026-05-06T18:32:40.699Z  INFO 1 --- [   scheduling-1] r.observability.ObservabilityService     : LAB9 Observability window=10s category=db.rent.findAll count=121 sumNanos=4550597658 avgNanos=37608245
zil-app                 | 2026-05-06T18:32:40.699Z  INFO 1 --- [   scheduling-1] r.observability.ObservabilityService     : LAB9 Observability window=30s category=web.RentController.getRents count=376 sumNanos=14158425210 avgNanos=37655386
zil-app                 | 2026-05-06T18:32:40.699Z  INFO 1 --- [   scheduling-1] r.observability.ObservabilityService     : LAB9 Observability window=30s category=db.rent.findAll count=376 sumNanos=14154895460 avgNanos=37645998
zil-app                 | 2026-05-06T18:32:40.699Z  INFO 1 --- [   scheduling-1] r.observability.ObservabilityService     : LAB9 Observability window=1m category=web.ClientController.getClients count=1 sumNanos=1568186603 avgNanos=1568186603
zil-app                 | 2026-05-06T18:32:40.699Z  INFO 1 --- [   scheduling-1] r.observability.ObservabilityService     : LAB9 Observability window=1m category=db.stats.countRents count=1 sumNanos=18691386 avgNanos=18691386
zil-app                 | 2026-05-06T18:32:40.699Z  INFO 1 --- [   scheduling-1] r.observability.ObservabilityService     : LAB9 Observability window=1m category=web.RentController.getRents count=416 sumNanos=16297551145 avgNanos=39176805
zil-app                 | 2026-05-06T18:32:40.699Z  INFO 1 --- [   scheduling-1] r.observability.ObservabilityService     : LAB9 Observability window=1m category=db.client.findAll count=1 sumNanos=1567909620 avgNanos=1567909620
zil-app                 | 2026-05-06T18:32:40.700Z  INFO 1 --- [   scheduling-1] r.observability.ObservabilityService     : LAB9 Observability window=1m category=db.rent.findAll count=416 sumNanos=16288157865 avgNanos=39154225
zil-app                 | 2026-05-06T18:32:40.700Z  INFO 1 --- [   scheduling-1] r.observability.ObservabilityService     : LAB9 Observability window=1m category=db.stats.countClients count=1 sumNanos=23015483 avgNanos=23015483
zil-app                 | 2026-05-06T18:32:40.701Z  INFO 1 --- [   scheduling-1] r.observability.ObservabilityService     : LAB9 Observability window=1m category=db.stats.countCars count=1 sumNanos=284016180 avgNanos=284016180
zil-app                 | 2026-05-06T18:32:40.701Z  INFO 1 --- [   scheduling-1] r.observability.ObservabilityService     : LAB9 Observability window=1m category=web.CarController.getCars count=1 sumNanos=110972032 avgNanos=110972032
zil-app                 | 2026-05-06T18:32:40.701Z  INFO 1 --- [   scheduling-1] r.observability.ObservabilityService     : LAB9 Observability window=1m category=db.car.findAll count=1 sumNanos=110356988 avgNanos=110356988
zil-app                 | 2026-05-06T18:32:40.701Z  INFO 1 --- [   scheduling-1] r.observability.ObservabilityService     : LAB9 Observability window=1m category=web.StatsController.stats count=1 sumNanos=326605277 avgNanos=326605277
zil-app                 | 2026-05-06T18:32:45.702Z  INFO 1 --- [   scheduling-1] r.observability.ObservabilityService     : LAB9 Observability window=10s category=web.RentController.getRents count=107 sumNanos=3983630815 avgNanos=37230194
zil-app                 | 2026-05-06T18:32:45.702Z  INFO 1 --- [   scheduling-1] r.observability.ObservabilityService     : LAB9 Observability window=10s category=db.rent.findAll count=107 sumNanos=3982867674 avgNanos=37223062
zil-app                 | 2026-05-06T18:32:45.702Z  INFO 1 --- [   scheduling-1] r.observability.ObservabilityService     : LAB9 Observability window=30s category=web.RentController.getRents count=360 sumNanos=13402085325 avgNanos=37228014
zil-app                 | 2026-05-06T18:32:45.702Z  INFO 1 --- [   scheduling-1] r.observability.ObservabilityService     : LAB9 Observability window=30s category=db.rent.findAll count=360 sumNanos=13399194003 avgNanos=37219983
zil-app                 | 2026-05-06T18:32:45.703Z  INFO 1 --- [   scheduling-1] r.observability.ObservabilityService     : LAB9 Observability window=1m category=web.ClientController.getClients count=1 sumNanos=1568186603 avgNanos=1568186603
zil-app                 | 2026-05-06T18:32:45.703Z  INFO 1 --- [   scheduling-1] r.observability.ObservabilityService     : LAB9 Observability window=1m category=db.stats.countRents count=1 sumNanos=18691386 avgNanos=18691386
zil-app                 | 2026-05-06T18:32:45.703Z  INFO 1 --- [   scheduling-1] r.observability.ObservabilityService     : LAB9 Observability window=1m category=web.RentController.getRents count=465 sumNanos=18109184748 avgNanos=38944483
zil-app                 | 2026-05-06T18:32:45.703Z  INFO 1 --- [   scheduling-1] r.observability.ObservabilityService     : LAB9 Observability window=1m category=db.client.findAll count=1 sumNanos=1567909620 avgNanos=1567909620
zil-app                 | 2026-05-06T18:32:45.703Z  INFO 1 --- [   scheduling-1] r.observability.ObservabilityService     : LAB9 Observability window=1m category=db.rent.findAll count=465 sumNanos=18099479051 avgNanos=38923610
zil-app                 | 2026-05-06T18:32:45.703Z  INFO 1 --- [   scheduling-1] r.observability.ObservabilityService     : LAB9 Observability window=1m category=db.stats.countClients count=1 sumNanos=23015483 avgNanos=23015483
zil-app                 | 2026-05-06T18:32:45.703Z  INFO 1 --- [   scheduling-1] r.observability.ObservabilityService     : LAB9 Observability window=1m category=db.stats.countCars count=1 sumNanos=284016180 avgNanos=284016180
zil-app                 | 2026-05-06T18:32:45.703Z  INFO 1 --- [   scheduling-1] r.observability.ObservabilityService     : LAB9 Observability window=1m category=web.CarController.getCars count=1 sumNanos=110972032 avgNanos=110972032
zil-app                 | 2026-05-06T18:32:45.703Z  INFO 1 --- [   scheduling-1] r.observability.ObservabilityService     : LAB9 Observability window=1m category=db.car.findAll count=1 sumNanos=110356988 avgNanos=110356988
zil-additional-service  | 2026-05-06T18:32:29.430Z  INFO 1 --- [zil-additional-service] [   scheduling-1] r.a.observability.ObservabilityService   : LAB9 Observability window=10s category=http.main.rents count=128 sumNanos=5673081920 avgNanos=44320952
zil-additional-service  | 2026-05-06T18:32:29.431Z  INFO 1 --- [zil-additional-service] [   scheduling-1] r.a.observability.ObservabilityService   : LAB9 Observability window=30s category=additional.statsComputation.stats count=282 sumNanos=540138 avgNanos=1915
zil-additional-service  | 2026-05-06T18:32:29.431Z  INFO 1 --- [zil-additional-service] [   scheduling-1] r.a.observability.ObservabilityService   : LAB9 Observability window=30s category=web.additional.stats count=282 sumNanos=17175796098 avgNanos=60907078
zil-additional-service  | 2026-05-06T18:32:29.431Z  INFO 1 --- [zil-additional-service] [   scheduling-1] r.a.observability.ObservabilityService   : LAB9 Observability window=30s category=http.main.clients count=1 sumNanos=2571291234 avgNanos=2571291234
zil-additional-service  | 2026-05-06T18:32:29.431Z  INFO 1 --- [zil-additional-service] [   scheduling-1] r.a.observability.ObservabilityService   : LAB9 Observability window=30s category=http.main.rents count=282 sumNanos=14342156516 avgNanos=50858711
zil-additional-service  | 2026-05-06T18:32:29.431Z  INFO 1 --- [zil-additional-service] [   scheduling-1] r.a.observability.ObservabilityService   : LAB9 Observability window=30s category=http.main.cars count=1 sumNanos=199756542 avgNanos=199756542
zil-additional-service  | 2026-05-06T18:32:29.431Z  INFO 1 --- [zil-additional-service] [   scheduling-1] r.a.observability.ObservabilityService   : LAB9 Observability window=1m category=additional.statsComputation.stats count=282 sumNanos=540138 avgNanos=1915
zil-additional-service  | 2026-05-06T18:32:29.431Z  INFO 1 --- [zil-additional-service] [   scheduling-1] r.a.observability.ObservabilityService   : LAB9 Observability window=1m category=web.additional.stats count=282 sumNanos=17175796098 avgNanos=60907078
zil-additional-service  | 2026-05-06T18:32:29.432Z  INFO 1 --- [zil-additional-service] [   scheduling-1] r.a.observability.ObservabilityService   : LAB9 Observability window=1m category=http.main.clients count=1 sumNanos=2571291234 avgNanos=2571291234
zil-additional-service  | 2026-05-06T18:32:29.432Z  INFO 1 --- [zil-additional-service] [   scheduling-1] r.a.observability.ObservabilityService   : LAB9 Observability window=1m category=http.main.rents count=282 sumNanos=14342156516 avgNanos=50858711
zil-additional-service  | 2026-05-06T18:32:29.432Z  INFO 1 --- [zil-additional-service] [   scheduling-1] r.a.observability.ObservabilityService   : LAB9 Observability window=1m category=http.main.cars count=1 sumNanos=199756542 avgNanos=199756542
zil-additional-service  | 2026-05-06T18:32:34.432Z  INFO 1 --- [zil-additional-service] [   scheduling-1] r.a.observability.ObservabilityService   : LAB9 Observability window=10s category=additional.statsComputation.stats count=124 sumNanos=211571 avgNanos=1706
zil-additional-service  | 2026-05-06T18:32:34.433Z  INFO 1 --- [zil-additional-service] [   scheduling-1] r.a.observability.ObservabilityService   : LAB9 Observability window=10s category=web.additional.stats count=124 sumNanos=5465859443 avgNanos=44079511
zil-additional-service  | 2026-05-06T18:32:34.433Z  INFO 1 --- [zil-additional-service] [   scheduling-1] r.a.observability.ObservabilityService   : LAB9 Observability window=10s category=http.main.rents count=124 sumNanos=5463287858 avgNanos=44058773
zil-additional-service  | 2026-05-06T18:32:34.433Z  INFO 1 --- [zil-additional-service] [   scheduling-1] r.a.observability.ObservabilityService   : LAB9 Observability window=30s category=additional.statsComputation.stats count=343 sumNanos=644368 avgNanos=1878
zil-additional-service  | 2026-05-06T18:32:34.433Z  INFO 1 --- [zil-additional-service] [   scheduling-1] r.a.observability.ObservabilityService   : LAB9 Observability window=30s category=web.additional.stats count=343 sumNanos=19817310543 avgNanos=57776415
zil-additional-service  | 2026-05-06T18:32:34.433Z  INFO 1 --- [zil-additional-service] [   scheduling-1] r.a.observability.ObservabilityService   : LAB9 Observability window=30s category=http.main.clients count=1 sumNanos=2571291234 avgNanos=2571291234
zil-additional-service  | 2026-05-06T18:32:34.433Z  INFO 1 --- [zil-additional-service] [   scheduling-1] r.a.observability.ObservabilityService   : LAB9 Observability window=30s category=http.main.rents count=343 sumNanos=16982550382 avgNanos=49511808
zil-app                 | 2026-05-06T18:32:45.703Z  INFO 1 --- [   scheduling-1] r.observability.ObservabilityService     : LAB9 Observability window=1m category=web.StatsController.stats count=1 sumNanos=326605277 avgNanos=326605277
zil-app                 | 2026-05-06T18:32:50.704Z  INFO 1 --- [   scheduling-1] r.observability.ObservabilityService     : LAB9 Observability window=10s category=web.RentController.getRents count=102 sumNanos=3937424153 avgNanos=38602197
zil-app                 | 2026-05-06T18:32:50.704Z  INFO 1 --- [   scheduling-1] r.observability.ObservabilityService     : LAB9 Observability window=10s category=db.rent.findAll count=102 sumNanos=3936773157 avgNanos=38595815
zil-app                 | 2026-05-06T18:32:50.704Z  INFO 1 --- [   scheduling-1] r.observability.ObservabilityService     : LAB9 Observability window=30s category=web.RentController.getRents count=346 sumNanos=13103393967 avgNanos=37871080
zil-app                 | 2026-05-06T18:32:50.704Z  INFO 1 --- [   scheduling-1] r.observability.ObservabilityService     : LAB9 Observability window=30s category=db.rent.findAll count=346 sumNanos=13100689385 avgNanos=37863264
zil-app                 | 2026-05-06T18:32:50.704Z  INFO 1 --- [   scheduling-1] r.observability.ObservabilityService     : LAB9 Observability window=1m category=web.ClientController.getClients count=1 sumNanos=1568186603 avgNanos=1568186603
zil-app                 | 2026-05-06T18:32:50.704Z  INFO 1 --- [   scheduling-1] r.observability.ObservabilityService     : LAB9 Observability window=1m category=db.stats.countRents count=1 sumNanos=18691386 avgNanos=18691386
zil-app                 | 2026-05-06T18:32:50.704Z  INFO 1 --- [   scheduling-1] r.observability.ObservabilityService     : LAB9 Observability window=1m category=web.RentController.getRents count=518 sumNanos=20234975298 avgNanos=39063658
zil-app                 | 2026-05-06T18:32:50.704Z  INFO 1 --- [   scheduling-1] r.observability.ObservabilityService     : LAB9 Observability window=1m category=db.client.findAll count=1 sumNanos=1567909620 avgNanos=1567909620
zil-app                 | 2026-05-06T18:32:50.705Z  INFO 1 --- [   scheduling-1] r.observability.ObservabilityService     : LAB9 Observability window=1m category=db.rent.findAll count=518 sumNanos=20224931022 avgNanos=39044268
zil-app                 | 2026-05-06T18:32:50.705Z  INFO 1 --- [   scheduling-1] r.observability.ObservabilityService     : LAB9 Observability window=1m category=db.stats.countClients count=1 sumNanos=23015483 avgNanos=23015483
zil-app                 | 2026-05-06T18:32:50.705Z  INFO 1 --- [   scheduling-1] r.observability.ObservabilityService     : LAB9 Observability window=1m category=db.stats.countCars count=1 sumNanos=284016180 avgNanos=284016180
zil-app                 | 2026-05-06T18:32:50.705Z  INFO 1 --- [   scheduling-1] r.observability.ObservabilityService     : LAB9 Observability window=1m category=web.CarController.getCars count=1 sumNanos=110972032 avgNanos=110972032
zil-app                 | 2026-05-06T18:32:50.705Z  INFO 1 --- [   scheduling-1] r.observability.ObservabilityService     : LAB9 Observability window=1m category=db.car.findAll count=1 sumNanos=110356988 avgNanos=110356988
zil-app                 | 2026-05-06T18:32:50.705Z  INFO 1 --- [   scheduling-1] r.observability.ObservabilityService     : LAB9 Observability window=1m category=web.StatsController.stats count=1 sumNanos=326605277 avgNanos=326605277
zil-app                 | 2026-05-06T18:32:55.705Z  INFO 1 --- [   scheduling-1] r.observability.ObservabilityService     : LAB9 Observability window=10s category=web.RentController.getRents count=109 sumNanos=4190799008 avgNanos=38447697
zil-app                 | 2026-05-06T18:32:55.706Z  INFO 1 --- [   scheduling-1] r.observability.ObservabilityService     : LAB9 Observability window=10s category=db.rent.findAll count=109 sumNanos=4190078941 avgNanos=38441091
zil-app                 | 2026-05-06T18:32:55.706Z  INFO 1 --- [   scheduling-1] r.observability.ObservabilityService     : LAB9 Observability window=30s category=web.RentController.getRents count=337 sumNanos=12669633153 avgNanos=37595350
zil-app                 | 2026-05-06T18:32:55.706Z  INFO 1 --- [   scheduling-1] r.observability.ObservabilityService     : LAB9 Observability window=30s category=db.rent.findAll count=337 sumNanos=12666984204 avgNanos=37587490
zil-app                 | 2026-05-06T18:32:55.706Z  INFO 1 --- [   scheduling-1] r.observability.ObservabilityService     : LAB9 Observability window=1m category=web.ClientController.getClients count=1 sumNanos=1568186603 avgNanos=1568186603
zil-app                 | 2026-05-06T18:32:55.706Z  INFO 1 --- [   scheduling-1] r.observability.ObservabilityService     : LAB9 Observability window=1m category=db.stats.countRents count=1 sumNanos=18691386 avgNanos=18691386
zil-app                 | 2026-05-06T18:32:55.707Z  INFO 1 --- [   scheduling-1] r.observability.ObservabilityService     : LAB9 Observability window=1m category=web.RentController.getRents count=574 sumNanos=22299983756 avgNanos=38850145
zil-app                 | 2026-05-06T18:32:55.707Z  INFO 1 --- [   scheduling-1] r.observability.ObservabilityService     : LAB9 Observability window=1m category=db.client.findAll count=1 sumNanos=1567909620 avgNanos=1567909620
zil-app                 | 2026-05-06T18:32:55.707Z  INFO 1 --- [   scheduling-1] r.observability.ObservabilityService     : LAB9 Observability window=1m category=db.rent.findAll count=574 sumNanos=22289557992 avgNanos=38831982
zil-app                 | 2026-05-06T18:32:55.707Z  INFO 1 --- [   scheduling-1] r.observability.ObservabilityService     : LAB9 Observability window=1m category=db.stats.countClients count=1 sumNanos=23015483 avgNanos=23015483
zil-app                 | 2026-05-06T18:32:55.707Z  INFO 1 --- [   scheduling-1] r.observability.ObservabilityService     : LAB9 Observability window=1m category=db.stats.countCars count=1 sumNanos=284016180 avgNanos=284016180
zil-app                 | 2026-05-06T18:32:55.707Z  INFO 1 --- [   scheduling-1] r.observability.ObservabilityService     : LAB9 Observability window=1m category=web.CarController.getCars count=1 sumNanos=110972032 avgNanos=110972032
zil-app                 | 2026-05-06T18:32:55.707Z  INFO 1 --- [   scheduling-1] r.observability.ObservabilityService     : LAB9 Observability window=1m category=db.car.findAll count=1 sumNanos=110356988 avgNanos=110356988
zil-app                 | 2026-05-06T18:32:55.707Z  INFO 1 --- [   scheduling-1] r.observability.ObservabilityService     : LAB9 Observability window=1m category=web.StatsController.stats count=1 sumNanos=326605277 avgNanos=326605277
zil-app                 | 2026-05-06T18:33:00.707Z  INFO 1 --- [   scheduling-1] r.observability.ObservabilityService     : LAB9 Observability window=10s category=web.RentController.getRents count=112 sumNanos=4168318486 avgNanos=37217129
zil-app                 | 2026-05-06T18:33:00.708Z  INFO 1 --- [   scheduling-1] r.observability.ObservabilityService     : LAB9 Observability window=10s category=db.rent.findAll count=112 sumNanos=4167586395 avgNanos=37210592
zil-app                 | 2026-05-06T18:33:00.708Z  INFO 1 --- [   scheduling-1] r.observability.ObservabilityService     : LAB9 Observability window=30s category=web.RentController.getRents count=334 sumNanos=12627982453 avgNanos=37808330
zil-app                 | 2026-05-06T18:33:00.708Z  INFO 1 --- [   scheduling-1] r.observability.ObservabilityService     : LAB9 Observability window=30s category=db.rent.findAll count=334 sumNanos=12625618491 avgNanos=37801252
zil-app                 | 2026-05-06T18:33:00.708Z  INFO 1 --- [   scheduling-1] r.observability.ObservabilityService     : LAB9 Observability window=1m category=web.ClientController.getClients count=1 sumNanos=1568186603 avgNanos=1568186603
zil-app                 | 2026-05-06T18:33:00.708Z  INFO 1 --- [   scheduling-1] r.observability.ObservabilityService     : LAB9 Observability window=1m category=db.stats.countRents count=1 sumNanos=18691386 avgNanos=18691386
zil-app                 | 2026-05-06T18:33:00.708Z  INFO 1 --- [   scheduling-1] r.observability.ObservabilityService     : LAB9 Observability window=1m category=web.RentController.getRents count=630 sumNanos=24403293784 avgNanos=38735386
zil-app                 | 2026-05-06T18:33:00.708Z  INFO 1 --- [   scheduling-1] r.observability.ObservabilityService     : LAB9 Observability window=1m category=db.client.findAll count=1 sumNanos=1567909620 avgNanos=1567909620
zil-app                 | 2026-05-06T18:33:00.708Z  INFO 1 --- [   scheduling-1] r.observability.ObservabilityService     : LAB9 Observability window=1m category=db.rent.findAll count=630 sumNanos=24392517417 avgNanos=38718281
zil-app                 | 2026-05-06T18:33:00.708Z  INFO 1 --- [   scheduling-1] r.observability.ObservabilityService     : LAB9 Observability window=1m category=db.stats.countClients count=1 sumNanos=23015483 avgNanos=23015483
zil-app                 | 2026-05-06T18:33:00.708Z  INFO 1 --- [   scheduling-1] r.observability.ObservabilityService     : LAB9 Observability window=1m category=db.stats.countCars count=1 sumNanos=284016180 avgNanos=284016180
zil-app                 | 2026-05-06T18:33:00.709Z  INFO 1 --- [   scheduling-1] r.observability.ObservabilityService     : LAB9 Observability window=1m category=web.CarController.getCars count=1 sumNanos=110972032 avgNanos=110972032
zil-app                 | 2026-05-06T18:33:00.709Z  INFO 1 --- [   scheduling-1] r.observability.ObservabilityService     : LAB9 Observability window=1m category=db.car.findAll count=1 sumNanos=110356988 avgNanos=110356988
zil-app                 | 2026-05-06T18:33:00.709Z  INFO 1 --- [   scheduling-1] r.observability.ObservabilityService     : LAB9 Observability window=1m category=web.StatsController.stats count=1 sumNanos=326605277 avgNanos=326605277
zil-app                 | 2026-05-06T18:33:05.709Z  INFO 1 --- [   scheduling-1] r.observability.ObservabilityService     : LAB9 Observability window=10s category=web.RentController.getRents count=115 sumNanos=4303559348 avgNanos=37422255
zil-app                 | 2026-05-06T18:33:05.709Z  INFO 1 --- [   scheduling-1] r.observability.ObservabilityService     : LAB9 Observability window=10s category=db.rent.findAll count=115 sumNanos=4302824582 avgNanos=37415865
zil-app                 | 2026-05-06T18:33:05.710Z  INFO 1 --- [   scheduling-1] r.observability.ObservabilityService     : LAB9 Observability window=30s category=web.RentController.getRents count=331 sumNanos=12477989171 avgNanos=37697852
zil-app                 | 2026-05-06T18:33:05.710Z  INFO 1 --- [   scheduling-1] r.observability.ObservabilityService     : LAB9 Observability window=30s category=db.rent.findAll count=331 sumNanos=12475771197 avgNanos=37691151
zil-app                 | 2026-05-06T18:33:05.710Z  INFO 1 --- [   scheduling-1] r.observability.ObservabilityService     : LAB9 Observability window=1m category=web.ClientController.getClients count=1 sumNanos=1568186603 avgNanos=1568186603
zil-app                 | 2026-05-06T18:33:05.710Z  INFO 1 --- [   scheduling-1] r.observability.ObservabilityService     : LAB9 Observability window=1m category=web.RentController.getRents count=689 sumNanos=26603543104 avgNanos=38611818
zil-app                 | 2026-05-06T18:33:05.710Z  INFO 1 --- [   scheduling-1] r.observability.ObservabilityService     : LAB9 Observability window=1m category=db.client.findAll count=1 sumNanos=1567909620 avgNanos=1567909620
zil-app                 | 2026-05-06T18:33:05.711Z  INFO 1 --- [   scheduling-1] r.observability.ObservabilityService     : LAB9 Observability window=1m category=db.rent.findAll count=689 sumNanos=26592382574 avgNanos=38595620
zil-app                 | 2026-05-06T18:33:05.711Z  INFO 1 --- [   scheduling-1] r.observability.ObservabilityService     : LAB9 Observability window=1m category=web.CarController.getCars count=1 sumNanos=110972032 avgNanos=110972032
zil-app                 | 2026-05-06T18:33:05.711Z  INFO 1 --- [   scheduling-1] r.observability.ObservabilityService     : LAB9 Observability window=1m category=db.car.findAll count=1 sumNanos=110356988 avgNanos=110356988
zil-app                 | 2026-05-06T18:33:10.712Z  INFO 1 --- [   scheduling-1] r.observability.ObservabilityService     : LAB9 Observability window=10s category=web.RentController.getRents count=120 sumNanos=4397261013 avgNanos=36643841
zil-app                 | 2026-05-06T18:33:10.712Z  INFO 1 --- [   scheduling-1] r.observability.ObservabilityService     : LAB9 Observability window=10s category=db.rent.findAll count=120 sumNanos=4396558046 avgNanos=36637983
zil-app                 | 2026-05-06T18:33:10.712Z  INFO 1 --- [   scheduling-1] r.observability.ObservabilityService     : LAB9 Observability window=30s category=web.RentController.getRents count=333 sumNanos=12457074853 avgNanos=37408633
zil-app                 | 2026-05-06T18:33:10.712Z  INFO 1 --- [   scheduling-1] r.observability.ObservabilityService     : LAB9 Observability window=30s category=db.rent.findAll count=333 sumNanos=12454994235 avgNanos=37402385
zil-app                 | 2026-05-06T18:33:10.713Z  INFO 1 --- [   scheduling-1] r.observability.ObservabilityService     : LAB9 Observability window=1m category=web.RentController.getRents count=710 sumNanos=26661428862 avgNanos=37551308
zil-app                 | 2026-05-06T18:33:10.713Z  INFO 1 --- [   scheduling-1] r.observability.ObservabilityService     : LAB9 Observability window=1m category=db.rent.findAll count=710 sumNanos=26655813058 avgNanos=37543398
zil-app                 | 2026-05-06T18:33:15.713Z  INFO 1 --- [   scheduling-1] r.observability.ObservabilityService     : LAB9 Observability window=10s category=web.RentController.getRents count=122 sumNanos=4447083320 avgNanos=36451502
zil-app                 | 2026-05-06T18:33:15.714Z  INFO 1 --- [   scheduling-1] r.observability.ObservabilityService     : LAB9 Observability window=10s category=db.rent.findAll count=122 sumNanos=4446389132 avgNanos=36445812
zil-app                 | 2026-05-06T18:33:15.714Z  INFO 1 --- [   scheduling-1] r.observability.ObservabilityService     : LAB9 Observability window=30s category=web.RentController.getRents count=347 sumNanos=12985857583 avgNanos=37423220
zil-app                 | 2026-05-06T18:33:15.714Z  INFO 1 --- [   scheduling-1] r.observability.ObservabilityService     : LAB9 Observability window=30s category=db.rent.findAll count=347 sumNanos=12983704385 avgNanos=37417015
zil-app                 | 2026-05-06T18:33:15.714Z  INFO 1 --- [   scheduling-1] r.observability.ObservabilityService     : LAB9 Observability window=1m category=web.RentController.getRents count=707 sumNanos=26387942908 avgNanos=37323823
zil-app                 | 2026-05-06T18:33:15.714Z  INFO 1 --- [   scheduling-1] r.observability.ObservabilityService     : LAB9 Observability window=1m category=db.rent.findAll count=707 sumNanos=26382898388 avgNanos=37316687
zil-app                 | 2026-05-06T18:33:20.715Z  INFO 1 --- [   scheduling-1] r.observability.ObservabilityService     : LAB9 Observability window=10s category=web.RentController.getRents count=124 sumNanos=4574090235 avgNanos=36887824
zil-app                 | 2026-05-06T18:33:20.715Z  INFO 1 --- [   scheduling-1] r.observability.ObservabilityService     : LAB9 Observability window=10s category=db.rent.findAll count=124 sumNanos=4573425963 avgNanos=36882467
zil-app                 | 2026-05-06T18:33:20.715Z  INFO 1 --- [   scheduling-1] r.observability.ObservabilityService     : LAB9 Observability window=30s category=web.RentController.getRents count=356 sumNanos=13139669734 avgNanos=36909184
zil-app                 | 2026-05-06T18:33:20.715Z  INFO 1 --- [   scheduling-1] r.observability.ObservabilityService     : LAB9 Observability window=30s category=db.rent.findAll count=356 sumNanos=13137570404 avgNanos=36903287
zil-app                 | 2026-05-06T18:33:20.715Z  INFO 1 --- [   scheduling-1] r.observability.ObservabilityService     : LAB9 Observability window=1m category=web.RentController.getRents count=699 sumNanos=26105150164 avgNanos=37346423
zil-app                 | 2026-05-06T18:33:20.716Z  INFO 1 --- [   scheduling-1] r.observability.ObservabilityService     : LAB9 Observability window=1m category=db.rent.findAll count=699 sumNanos=26100362859 avgNanos=37339574
zil-app                 | 2026-05-06T18:33:25.716Z  INFO 1 --- [   scheduling-1] r.observability.ObservabilityService     : LAB9 Observability window=10s category=web.RentController.getRents count=124 sumNanos=4546558151 avgNanos=36665791
zil-app                 | 2026-05-06T18:33:25.716Z  INFO 1 --- [   scheduling-1] r.observability.ObservabilityService     : LAB9 Observability window=10s category=db.rent.findAll count=124 sumNanos=4546021637 avgNanos=36661464
zil-app                 | 2026-05-06T18:33:25.717Z  INFO 1 --- [   scheduling-1] r.observability.ObservabilityService     : LAB9 Observability window=30s category=web.RentController.getRents count=362 sumNanos=13341616726 avgNanos=36855294
zil-app                 | 2026-05-06T18:33:25.717Z  INFO 1 --- [   scheduling-1] r.observability.ObservabilityService     : LAB9 Observability window=30s category=db.rent.findAll count=362 sumNanos=13339647081 avgNanos=36849853
zil-app                 | 2026-05-06T18:33:25.717Z  INFO 1 --- [   scheduling-1] r.observability.ObservabilityService     : LAB9 Observability window=1m category=web.RentController.getRents count=699 sumNanos=26011249879 avgNanos=37212088
zil-app                 | 2026-05-06T18:33:25.718Z  INFO 1 --- [   scheduling-1] r.observability.ObservabilityService     : LAB9 Observability window=1m category=db.rent.findAll count=699 sumNanos=26006631285 avgNanos=37205481
zil-app                 | 2026-05-06T18:33:30.719Z  INFO 1 --- [   scheduling-1] r.observability.ObservabilityService     : LAB9 Observability window=10s category=web.RentController.getRents count=120 sumNanos=4472715883 avgNanos=37272632
zil-app                 | 2026-05-06T18:33:30.719Z  INFO 1 --- [   scheduling-1] r.observability.ObservabilityService     : LAB9 Observability window=10s category=db.rent.findAll count=120 sumNanos=4472207089 avgNanos=37268392
zil-app                 | 2026-05-06T18:33:30.719Z  INFO 1 --- [   scheduling-1] r.observability.ObservabilityService     : LAB9 Observability window=30s category=web.RentController.getRents count=364 sumNanos=13444067131 avgNanos=36934250
zil-app                 | 2026-05-06T18:33:30.719Z  INFO 1 --- [   scheduling-1] r.observability.ObservabilityService     : LAB9 Observability window=30s category=db.rent.findAll count=364 sumNanos=13442191098 avgNanos=36929096
zil-app                 | 2026-05-06T18:33:30.720Z  INFO 1 --- [   scheduling-1] r.observability.ObservabilityService     : LAB9 Observability window=1m category=web.RentController.getRents count=698 sumNanos=26072049584 avgNanos=37352506
zil-app                 | 2026-05-06T18:33:30.720Z  INFO 1 --- [   scheduling-1] r.observability.ObservabilityService     : LAB9 Observability window=1m category=db.rent.findAll count=698 sumNanos=26067809589 avgNanos=37346432
zil-app                 | 2026-05-06T18:33:35.721Z  INFO 1 --- [   scheduling-1] r.observability.ObservabilityService     : LAB9 Observability window=10s category=web.RentController.getRents count=125 sumNanos=4696204456 avgNanos=37569635
zil-app                 | 2026-05-06T18:33:35.721Z  INFO 1 --- [   scheduling-1] r.observability.ObservabilityService     : LAB9 Observability window=10s category=db.rent.findAll count=125 sumNanos=4695691932 avgNanos=37565535
zil-app                 | 2026-05-06T18:33:35.722Z  INFO 1 --- [   scheduling-1] r.observability.ObservabilityService     : LAB9 Observability window=30s category=web.RentController.getRents count=371 sumNanos=13689845927 avgNanos=36899854
zil-app                 | 2026-05-06T18:33:35.722Z  INFO 1 --- [   scheduling-1] r.observability.ObservabilityService     : LAB9 Observability window=30s category=db.rent.findAll count=371 sumNanos=13688102701 avgNanos=36895155
zil-app                 | 2026-05-06T18:33:35.722Z  INFO 1 --- [   scheduling-1] r.observability.ObservabilityService     : LAB9 Observability window=1m category=web.RentController.getRents count=703 sumNanos=26212251005 avgNanos=37286274
zil-app                 | 2026-05-06T18:33:35.722Z  INFO 1 --- [   scheduling-1] r.observability.ObservabilityService     : LAB9 Observability window=1m category=db.rent.findAll count=703 sumNanos=26208285628 avgNanos=37280633
zil-app                 | 2026-05-06T18:33:40.723Z  INFO 1 --- [   scheduling-1] r.observability.ObservabilityService     : LAB9 Observability window=10s category=web.RentController.getRents count=134 sumNanos=4819421889 avgNanos=35965834
zil-app                 | 2026-05-06T18:33:40.723Z  INFO 1 --- [   scheduling-1] r.observability.ObservabilityService     : LAB9 Observability window=10s category=db.rent.findAll count=134 sumNanos=4818911127 avgNanos=35962023
zil-app                 | 2026-05-06T18:33:40.723Z  INFO 1 --- [   scheduling-1] r.observability.ObservabilityService     : LAB9 Observability window=30s category=web.RentController.getRents count=378 sumNanos=13866228007 avgNanos=36683142
zil-app                 | 2026-05-06T18:33:40.723Z  INFO 1 --- [   scheduling-1] r.observability.ObservabilityService     : LAB9 Observability window=30s category=db.rent.findAll count=378 sumNanos=13864544179 avgNanos=36678688
zil-app                 | 2026-05-06T18:33:40.723Z  INFO 1 --- [   scheduling-1] r.observability.ObservabilityService     : LAB9 Observability window=1m category=web.RentController.getRents count=711 sumNanos=26323302860 avgNanos=37022929
zil-app                 | 2026-05-06T18:33:40.723Z  INFO 1 --- [   scheduling-1] r.observability.ObservabilityService     : LAB9 Observability window=1m category=db.rent.findAll count=711 sumNanos=26319538414 avgNanos=37017634
zil-app                 | 2026-05-06T18:33:45.724Z  INFO 1 --- [   scheduling-1] r.observability.ObservabilityService     : LAB9 Observability window=10s category=web.RentController.getRents count=140 sumNanos=5055449653 avgNanos=36110354
zil-app                 | 2026-05-06T18:33:45.724Z  INFO 1 --- [   scheduling-1] r.observability.ObservabilityService     : LAB9 Observability window=10s category=db.rent.findAll count=140 sumNanos=5054930356 avgNanos=36106645
zil-app                 | 2026-05-06T18:33:45.725Z  INFO 1 --- [   scheduling-1] r.observability.ObservabilityService     : LAB9 Observability window=30s category=web.RentController.getRents count=389 sumNanos=14298212260 avgNanos=36756329
zil-app                 | 2026-05-06T18:33:45.725Z  INFO 1 --- [   scheduling-1] r.observability.ObservabilityService     : LAB9 Observability window=30s category=db.rent.findAll count=389 sumNanos=14296643925 avgNanos=36752298
zil-app                 | 2026-05-06T18:33:45.726Z  INFO 1 --- [   scheduling-1] r.observability.ObservabilityService     : LAB9 Observability window=1m category=web.RentController.getRents count=736 sumNanos=27284069843 avgNanos=37070747
zil-app                 | 2026-05-06T18:33:45.727Z  INFO 1 --- [   scheduling-1] r.observability.ObservabilityService     : LAB9 Observability window=1m category=db.rent.findAll count=736 sumNanos=27280348310 avgNanos=37065690
zil-app                 | 2026-05-06T18:33:50.728Z  INFO 1 --- [   scheduling-1] r.observability.ObservabilityService     : LAB9 Observability window=10s category=web.RentController.getRents count=140 sumNanos=5311946513 avgNanos=37942475
zil-app                 | 2026-05-06T18:33:50.728Z  INFO 1 --- [   scheduling-1] r.observability.ObservabilityService     : LAB9 Observability window=10s category=db.rent.findAll count=140 sumNanos=5311427792 avgNanos=37938769
zil-app                 | 2026-05-06T18:33:50.728Z  INFO 1 --- [   scheduling-1] r.observability.ObservabilityService     : LAB9 Observability window=30s category=web.RentController.getRents count=394 sumNanos=14604084285 avgNanos=37066203
zil-app                 | 2026-05-06T18:33:50.728Z  INFO 1 --- [   scheduling-1] r.observability.ObservabilityService     : LAB9 Observability window=30s category=db.rent.findAll count=394 sumNanos=14602546008 avgNanos=37062299
zil-app                 | 2026-05-06T18:33:50.728Z  INFO 1 --- [   scheduling-1] r.observability.ObservabilityService     : LAB9 Observability window=1m category=web.RentController.getRents count=750 sumNanos=27743754019 avgNanos=36991672
zil-app                 | 2026-05-06T18:33:50.728Z  INFO 1 --- [   scheduling-1] r.observability.ObservabilityService     : LAB9 Observability window=1m category=db.rent.findAll count=750 sumNanos=27740116412 avgNanos=36986821
zil-additional-service  | 2026-05-06T18:32:34.434Z  INFO 1 --- [zil-additional-service] [   scheduling-1] r.a.observability.ObservabilityService   : LAB9 Observability window=30s category=http.main.cars count=1 sumNanos=199756542 avgNanos=199756542
zil-additional-service  | 2026-05-06T18:32:34.434Z  INFO 1 --- [zil-additional-service] [   scheduling-1] r.a.observability.ObservabilityService   : LAB9 Observability window=1m category=additional.statsComputation.stats count=343 sumNanos=644368 avgNanos=1878
zil-additional-service  | 2026-05-06T18:32:34.434Z  INFO 1 --- [zil-additional-service] [   scheduling-1] r.a.observability.ObservabilityService   : LAB9 Observability window=1m category=web.additional.stats count=343 sumNanos=19817310543 avgNanos=57776415
zil-additional-service  | 2026-05-06T18:32:34.434Z  INFO 1 --- [zil-additional-service] [   scheduling-1] r.a.observability.ObservabilityService   : LAB9 Observability window=1m category=http.main.clients count=1 sumNanos=2571291234 avgNanos=2571291234
zil-additional-service  | 2026-05-06T18:32:34.434Z  INFO 1 --- [zil-additional-service] [   scheduling-1] r.a.observability.ObservabilityService   : LAB9 Observability window=1m category=http.main.rents count=343 sumNanos=16982550382 avgNanos=49511808
zil-additional-service  | 2026-05-06T18:32:34.434Z  INFO 1 --- [zil-additional-service] [   scheduling-1] r.a.observability.ObservabilityService   : LAB9 Observability window=1m category=http.main.cars count=1 sumNanos=199756542 avgNanos=199756542
zil-additional-service  | 2026-05-06T18:32:39.355Z  INFO 1 --- [zil-additional-service] [   scheduling-1] r.additional.service.ClientCacheService  : [client-cache-statistics] Client cache size=48848
zil-additional-service  | 2026-05-06T18:32:39.356Z  INFO 1 --- [zil-additional-service] [   scheduling-1] r.additional.service.CarCacheService     : [car-cache-statistics] Car cache size=1000
zil-additional-service  | 2026-05-06T18:32:39.435Z  INFO 1 --- [zil-additional-service] [   scheduling-1] r.a.observability.ObservabilityService   : LAB9 Observability window=10s category=additional.statsComputation.stats count=119 sumNanos=207773 avgNanos=1745
zil-additional-service  | 2026-05-06T18:32:39.435Z  INFO 1 --- [zil-additional-service] [   scheduling-1] r.a.observability.ObservabilityService   : LAB9 Observability window=10s category=web.additional.stats count=119 sumNanos=5191896999 avgNanos=43629386
zil-additional-service  | 2026-05-06T18:32:39.436Z  INFO 1 --- [zil-additional-service] [   scheduling-1] r.a.observability.ObservabilityService   : LAB9 Observability window=10s category=http.main.rents count=119 sumNanos=5189540276 avgNanos=43609582
zil-additional-service  | 2026-05-06T18:32:39.436Z  INFO 1 --- [zil-additional-service] [   scheduling-1] r.a.observability.ObservabilityService   : LAB9 Observability window=30s category=additional.statsComputation.stats count=378 sumNanos=666762 avgNanos=1763
zil-additional-service  | 2026-05-06T18:32:39.436Z  INFO 1 --- [zil-additional-service] [   scheduling-1] r.a.observability.ObservabilityService   : LAB9 Observability window=30s category=web.additional.stats count=378 sumNanos=17141452315 avgNanos=45347757
zil-additional-service  | 2026-05-06T18:32:39.436Z  INFO 1 --- [zil-additional-service] [   scheduling-1] r.a.observability.ObservabilityService   : LAB9 Observability window=30s category=http.main.rents count=378 sumNanos=17130867152 avgNanos=45319754
zil-additional-service  | 2026-05-06T18:32:39.437Z  INFO 1 --- [zil-additional-service] [   scheduling-1] r.a.observability.ObservabilityService   : LAB9 Observability window=1m category=additional.statsComputation.stats count=401 sumNanos=747911 avgNanos=1865
zil-additional-service  | 2026-05-06T18:32:39.437Z  INFO 1 --- [zil-additional-service] [   scheduling-1] r.a.observability.ObservabilityService   : LAB9 Observability window=1m category=web.additional.stats count=401 sumNanos=22367693097 avgNanos=55779783
zil-additional-service  | 2026-05-06T18:32:39.437Z  INFO 1 --- [zil-additional-service] [   scheduling-1] r.a.observability.ObservabilityService   : LAB9 Observability window=1m category=http.main.clients count=1 sumNanos=2571291234 avgNanos=2571291234
zil-additional-service  | 2026-05-06T18:32:39.437Z  INFO 1 --- [zil-additional-service] [   scheduling-1] r.a.observability.ObservabilityService   : LAB9 Observability window=1m category=http.main.rents count=401 sumNanos=19531696792 avgNanos=48707473
zil-additional-service  | 2026-05-06T18:32:39.437Z  INFO 1 --- [zil-additional-service] [   scheduling-1] r.a.observability.ObservabilityService   : LAB9 Observability window=1m category=http.main.cars count=1 sumNanos=199756542 avgNanos=199756542
zil-additional-service  | 2026-05-06T18:32:44.438Z  INFO 1 --- [zil-additional-service] [   scheduling-1] r.a.observability.ObservabilityService   : LAB9 Observability window=10s category=additional.statsComputation.stats count=104 sumNanos=145817 avgNanos=1402
zil-additional-service  | 2026-05-06T18:32:44.438Z  INFO 1 --- [zil-additional-service] [   scheduling-1] r.a.observability.ObservabilityService   : LAB9 Observability window=10s category=web.additional.stats count=104 sumNanos=4551614194 avgNanos=43765521
zil-additional-service  | 2026-05-06T18:32:44.438Z  INFO 1 --- [zil-additional-service] [   scheduling-1] r.a.observability.ObservabilityService   : LAB9 Observability window=10s category=http.main.rents count=104 sumNanos=4549474226 avgNanos=43744944
zil-additional-service  | 2026-05-06T18:32:44.439Z  INFO 1 --- [zil-additional-service] [   scheduling-1] r.a.observability.ObservabilityService   : LAB9 Observability window=30s category=additional.statsComputation.stats count=358 sumNanos=585069 avgNanos=1634
zil-additional-service  | 2026-05-06T18:32:44.439Z  INFO 1 --- [zil-additional-service] [   scheduling-1] r.a.observability.ObservabilityService   : LAB9 Observability window=30s category=web.additional.stats count=358 sumNanos=15768961135 avgNanos=44047377
zil-additional-service  | 2026-05-06T18:32:44.439Z  INFO 1 --- [zil-additional-service] [   scheduling-1] r.a.observability.ObservabilityService   : LAB9 Observability window=30s category=http.main.rents count=358 sumNanos=15760050679 avgNanos=44022487
zil-additional-service  | 2026-05-06T18:32:44.439Z  INFO 1 --- [zil-additional-service] [   scheduling-1] r.a.observability.ObservabilityService   : LAB9 Observability window=1m category=additional.statsComputation.stats count=447 sumNanos=790185 avgNanos=1767
zil-additional-service  | 2026-05-06T18:32:44.439Z  INFO 1 --- [zil-additional-service] [   scheduling-1] r.a.observability.ObservabilityService   : LAB9 Observability window=1m category=web.additional.stats count=447 sumNanos=24368924737 avgNanos=54516610
zil-additional-service  | 2026-05-06T18:32:44.439Z  INFO 1 --- [zil-additional-service] [   scheduling-1] r.a.observability.ObservabilityService   : LAB9 Observability window=1m category=http.main.clients count=1 sumNanos=2571291234 avgNanos=2571291234
zil-additional-service  | 2026-05-06T18:32:44.439Z  INFO 1 --- [zil-additional-service] [   scheduling-1] r.a.observability.ObservabilityService   : LAB9 Observability window=1m category=http.main.rents count=447 sumNanos=21532024608 avgNanos=48170077
zil-additional-service  | 2026-05-06T18:32:44.440Z  INFO 1 --- [zil-additional-service] [   scheduling-1] r.a.observability.ObservabilityService   : LAB9 Observability window=1m category=http.main.cars count=1 sumNanos=199756542 avgNanos=199756542
zil-additional-service  | 2026-05-06T18:32:49.355Z  INFO 1 --- [zil-additional-service] [   scheduling-1] r.additional.service.ClientCacheService  : [client-cache-statistics] Client cache size=48848
zil-additional-service  | 2026-05-06T18:32:49.356Z  INFO 1 --- [zil-additional-service] [   scheduling-1] r.additional.service.CarCacheService     : [car-cache-statistics] Car cache size=1000
zil-additional-service  | 2026-05-06T18:32:49.441Z  INFO 1 --- [zil-additional-service] [   scheduling-1] r.a.observability.ObservabilityService   : LAB9 Observability window=10s category=additional.statsComputation.stats count=102 sumNanos=88631 avgNanos=868
zil-additional-service  | 2026-05-06T18:32:49.441Z  INFO 1 --- [zil-additional-service] [   scheduling-1] r.a.observability.ObservabilityService   : LAB9 Observability window=10s category=web.additional.stats count=102 sumNanos=4441576608 avgNanos=43544868
zil-additional-service  | 2026-05-06T18:32:49.442Z  INFO 1 --- [zil-additional-service] [   scheduling-1] r.a.observability.ObservabilityService   : LAB9 Observability window=10s category=http.main.rents count=102 sumNanos=4439561139 avgNanos=43525109
zil-additional-service  | 2026-05-06T18:32:49.442Z  INFO 1 --- [zil-additional-service] [   scheduling-1] r.a.observability.ObservabilityService   : LAB9 Observability window=30s category=additional.statsComputation.stats count=349 sumNanos=518140 avgNanos=1484
zil-additional-service  | 2026-05-06T18:32:49.442Z  INFO 1 --- [zil-additional-service] [   scheduling-1] r.a.observability.ObservabilityService   : LAB9 Observability window=30s category=web.additional.stats count=349 sumNanos=15309378446 avgNanos=43866413
zil-additional-service  | 2026-05-06T18:32:49.442Z  INFO 1 --- [zil-additional-service] [   scheduling-1] r.a.observability.ObservabilityService   : LAB9 Observability window=30s category=http.main.rents count=349 sumNanos=15302183335 avgNanos=43845797
zil-additional-service  | 2026-05-06T18:32:49.443Z  INFO 1 --- [zil-additional-service] [   scheduling-1] r.a.observability.ObservabilityService   : LAB9 Observability window=1m category=additional.statsComputation.stats count=503 sumNanos=836542 avgNanos=1663
zil-additional-service  | 2026-05-06T18:32:49.443Z  INFO 1 --- [zil-additional-service] [   scheduling-1] r.a.observability.ObservabilityService   : LAB9 Observability window=1m category=web.additional.stats count=503 sumNanos=26809269705 avgNanos=53298746
zil-additional-service  | 2026-05-06T18:32:49.443Z  INFO 1 --- [zil-additional-service] [   scheduling-1] r.a.observability.ObservabilityService   : LAB9 Observability window=1m category=http.main.clients count=1 sumNanos=2571291234 avgNanos=2571291234
zil-additional-service  | 2026-05-06T18:32:49.443Z  INFO 1 --- [zil-additional-service] [   scheduling-1] r.a.observability.ObservabilityService   : LAB9 Observability window=1m category=http.main.rents count=503 sumNanos=23971257931 avgNanos=47656576
zil-additional-service  | 2026-05-06T18:32:49.443Z  INFO 1 --- [zil-additional-service] [   scheduling-1] r.a.observability.ObservabilityService   : LAB9 Observability window=1m category=http.main.cars count=1 sumNanos=199756542 avgNanos=199756542
zil-additional-service  | 2026-05-06T18:32:54.444Z  INFO 1 --- [zil-additional-service] [   scheduling-1] r.a.observability.ObservabilityService   : LAB9 Observability window=10s category=additional.statsComputation.stats count=116 sumNanos=97574 avgNanos=841
zil-additional-service  | 2026-05-06T18:32:54.444Z  INFO 1 --- [zil-additional-service] [   scheduling-1] r.a.observability.ObservabilityService   : LAB9 Observability window=10s category=web.additional.stats count=116 sumNanos=5142678413 avgNanos=44333434
zil-additional-service  | 2026-05-06T18:32:54.444Z  INFO 1 --- [zil-additional-service] [   scheduling-1] r.a.observability.ObservabilityService   : LAB9 Observability window=10s category=http.main.rents count=116 sumNanos=5140180948 avgNanos=44311904
zil-additional-service  | 2026-05-06T18:32:54.444Z  INFO 1 --- [zil-additional-service] [   scheduling-1] r.a.observability.ObservabilityService   : LAB9 Observability window=30s category=additional.statsComputation.stats count=343 sumNanos=453414 avgNanos=1321
zil-additional-service  | 2026-05-06T18:32:54.445Z  INFO 1 --- [zil-additional-service] [   scheduling-1] r.a.observability.ObservabilityService   : LAB9 Observability window=30s category=web.additional.stats count=343 sumNanos=15109703388 avgNanos=44051613
zil-additional-service  | 2026-05-06T18:32:54.445Z  INFO 1 --- [zil-additional-service] [   scheduling-1] r.a.observability.ObservabilityService   : LAB9 Observability window=30s category=http.main.rents count=343 sumNanos=15102514390 avgNanos=44030654
zil-additional-service  | 2026-05-06T18:32:54.445Z  INFO 1 --- [zil-additional-service] [   scheduling-1] r.a.observability.ObservabilityService   : LAB9 Observability window=1m category=additional.statsComputation.stats count=563 sumNanos=887759 avgNanos=1576
zil-additional-service  | 2026-05-06T18:32:54.445Z  INFO 1 --- [zil-additional-service] [   scheduling-1] r.a.observability.ObservabilityService   : LAB9 Observability window=1m category=web.additional.stats count=563 sumNanos=29511603150 avgNanos=52418478
zil-additional-service  | 2026-05-06T18:32:54.446Z  INFO 1 --- [zil-additional-service] [   scheduling-1] r.a.observability.ObservabilityService   : LAB9 Observability window=1m category=http.main.clients count=1 sumNanos=2571291234 avgNanos=2571291234
zil-additional-service  | 2026-05-06T18:32:54.446Z  INFO 1 --- [zil-additional-service] [   scheduling-1] r.a.observability.ObservabilityService   : LAB9 Observability window=1m category=http.main.rents count=563 sumNanos=26672205556 avgNanos=47375143
zil-additional-service  | 2026-05-06T18:32:54.446Z  INFO 1 --- [zil-additional-service] [   scheduling-1] r.a.observability.ObservabilityService   : LAB9 Observability window=1m category=http.main.cars count=1 sumNanos=199756542 avgNanos=199756542
zil-additional-service  | 2026-05-06T18:32:59.355Z  INFO 1 --- [zil-additional-service] [   scheduling-1] r.additional.service.ClientCacheService  : [client-cache-statistics] Client cache size=48848
zil-additional-service  | 2026-05-06T18:32:59.356Z  INFO 1 --- [zil-additional-service] [   scheduling-1] r.additional.service.CarCacheService     : [car-cache-statistics] Car cache size=1000
zil-additional-service  | 2026-05-06T18:32:59.447Z  INFO 1 --- [zil-additional-service] [   scheduling-1] r.a.observability.ObservabilityService   : LAB9 Observability window=10s category=additional.statsComputation.stats count=113 sumNanos=95571 avgNanos=845
zil-additional-service  | 2026-05-06T18:32:59.447Z  INFO 1 --- [zil-additional-service] [   scheduling-1] r.a.observability.ObservabilityService   : LAB9 Observability window=10s category=web.additional.stats count=113 sumNanos=5046598619 avgNanos=44660164
zil-additional-service  | 2026-05-06T18:32:59.447Z  INFO 1 --- [zil-additional-service] [   scheduling-1] r.a.observability.ObservabilityService   : LAB9 Observability window=10s category=http.main.rents count=113 sumNanos=5043973719 avgNanos=44636935
zil-additional-service  | 2026-05-06T18:32:59.448Z  INFO 1 --- [zil-additional-service] [   scheduling-1] r.a.observability.ObservabilityService   : LAB9 Observability window=30s category=additional.statsComputation.stats count=334 sumNanos=391975 avgNanos=1173
zil-additional-service  | 2026-05-06T18:32:59.448Z  INFO 1 --- [zil-additional-service] [   scheduling-1] r.a.observability.ObservabilityService   : LAB9 Observability window=30s category=web.additional.stats count=334 sumNanos=14680072226 avgNanos=43952312
zil-additional-service  | 2026-05-06T18:32:59.448Z  INFO 1 --- [zil-additional-service] [   scheduling-1] r.a.observability.ObservabilityService   : LAB9 Observability window=30s category=http.main.rents count=334 sumNanos=14673075134 avgNanos=43931362
zil-additional-service  | 2026-05-06T18:32:59.449Z  INFO 1 --- [zil-additional-service] [   scheduling-1] r.a.observability.ObservabilityService   : LAB9 Observability window=1m category=additional.statsComputation.stats count=616 sumNanos=932113 avgNanos=1513
zil-additional-service  | 2026-05-06T18:32:59.449Z  INFO 1 --- [zil-additional-service] [   scheduling-1] r.a.observability.ObservabilityService   : LAB9 Observability window=1m category=web.additional.stats count=616 sumNanos=31855868324 avgNanos=51714071
zil-additional-service  | 2026-05-06T18:32:59.449Z  INFO 1 --- [zil-additional-service] [   scheduling-1] r.a.observability.ObservabilityService   : LAB9 Observability window=1m category=http.main.clients count=1 sumNanos=2571291234 avgNanos=2571291234
zil-additional-service  | 2026-05-06T18:32:59.449Z  INFO 1 --- [zil-additional-service] [   scheduling-1] r.a.observability.ObservabilityService   : LAB9 Observability window=1m category=http.main.rents count=616 sumNanos=29015231650 avgNanos=47102648
zil-additional-service  | 2026-05-06T18:32:59.449Z  INFO 1 --- [zil-additional-service] [   scheduling-1] r.a.observability.ObservabilityService   : LAB9 Observability window=1m category=http.main.cars count=1 sumNanos=199756542 avgNanos=199756542
zil-additional-service  | 2026-05-06T18:33:04.451Z  INFO 1 --- [zil-additional-service] [   scheduling-1] r.a.observability.ObservabilityService   : LAB9 Observability window=10s category=additional.statsComputation.stats count=109 sumNanos=107199 avgNanos=983
zil-additional-service  | 2026-05-06T18:33:04.451Z  INFO 1 --- [zil-additional-service] [   scheduling-1] r.a.observability.ObservabilityService   : LAB9 Observability window=10s category=web.additional.stats count=109 sumNanos=4723374292 avgNanos=43333709
zil-additional-service  | 2026-05-06T18:33:04.451Z  INFO 1 --- [zil-additional-service] [   scheduling-1] r.a.observability.ObservabilityService   : LAB9 Observability window=10s category=http.main.rents count=109 sumNanos=4720753335 avgNanos=43309663
zil-additional-service  | 2026-05-06T18:33:04.452Z  INFO 1 --- [zil-additional-service] [   scheduling-1] r.a.observability.ObservabilityService   : LAB9 Observability window=30s category=additional.statsComputation.stats count=329 sumNanos=350590 avgNanos=1065
zil-additional-service  | 2026-05-06T18:33:04.452Z  INFO 1 --- [zil-additional-service] [   scheduling-1] r.a.observability.ObservabilityService   : LAB9 Observability window=30s category=web.additional.stats count=329 sumNanos=14417666899 avgNanos=43822695
zil-additional-service  | 2026-05-06T18:33:04.452Z  INFO 1 --- [zil-additional-service] [   scheduling-1] r.a.observability.ObservabilityService   : LAB9 Observability window=30s category=http.main.rents count=329 sumNanos=14410408509 avgNanos=43800633
zil-additional-service  | 2026-05-06T18:33:04.452Z  INFO 1 --- [zil-additional-service] [   scheduling-1] r.a.observability.ObservabilityService   : LAB9 Observability window=1m category=additional.statsComputation.stats count=672 sumNanos=994958 avgNanos=1480
zil-additional-service  | 2026-05-06T18:33:04.452Z  INFO 1 --- [zil-additional-service] [   scheduling-1] r.a.observability.ObservabilityService   : LAB9 Observability window=1m category=web.additional.stats count=672 sumNanos=34234977442 avgNanos=50944906
zil-additional-service  | 2026-05-06T18:33:04.452Z  INFO 1 --- [zil-additional-service] [   scheduling-1] r.a.observability.ObservabilityService   : LAB9 Observability window=1m category=http.main.clients count=1 sumNanos=2571291234 avgNanos=2571291234
zil-additional-service  | 2026-05-06T18:33:04.452Z  INFO 1 --- [zil-additional-service] [   scheduling-1] r.a.observability.ObservabilityService   : LAB9 Observability window=1m category=http.main.rents count=672 sumNanos=31392958891 avgNanos=46715712
zil-additional-service  | 2026-05-06T18:33:04.453Z  INFO 1 --- [zil-additional-service] [   scheduling-1] r.a.observability.ObservabilityService   : LAB9 Observability window=1m category=http.main.cars count=1 sumNanos=199756542 avgNanos=199756542
zil-additional-service  | 2026-05-06T18:33:09.355Z  INFO 1 --- [zil-additional-service] [   scheduling-1] r.additional.service.ClientCacheService  : [client-cache-statistics] Client cache size=48848
zil-app                 | 2026-05-06T18:33:55.729Z  INFO 1 --- [   scheduling-1] r.observability.ObservabilityService     : LAB9 Observability window=10s category=web.RentController.getRents count=147 sumNanos=5689938654 avgNanos=38707065
zil-app                 | 2026-05-06T18:33:55.729Z  INFO 1 --- [   scheduling-1] r.observability.ObservabilityService     : LAB9 Observability window=10s category=db.rent.findAll count=147 sumNanos=5685630390 avgNanos=38677757
zil-app                 | 2026-05-06T18:33:55.729Z  INFO 1 --- [   scheduling-1] r.observability.ObservabilityService     : LAB9 Observability window=30s category=web.RentController.getRents count=412 sumNanos=15441592763 avgNanos=37479594
zil-app                 | 2026-05-06T18:33:55.729Z  INFO 1 --- [   scheduling-1] r.observability.ObservabilityService     : LAB9 Observability window=30s category=db.rent.findAll count=412 sumNanos=15436252678 avgNanos=37466632
zil-app                 | 2026-05-06T18:33:55.729Z  INFO 1 --- [   scheduling-1] r.observability.ObservabilityService     : LAB9 Observability window=1m category=web.RentController.getRents count=773 sumNanos=28757324140 avgNanos=37202230
zil-app                 | 2026-05-06T18:33:55.729Z  INFO 1 --- [   scheduling-1] r.observability.ObservabilityService     : LAB9 Observability window=1m category=db.rent.findAll count=773 sumNanos=28750020739 avgNanos=37192782
zil-app                 | 2026-05-06T18:34:00.730Z  INFO 1 --- [   scheduling-1] r.observability.ObservabilityService     : LAB9 Observability window=10s category=web.RentController.getRents count=148 sumNanos=5574933771 avgNanos=37668471
zil-app                 | 2026-05-06T18:34:00.731Z  INFO 1 --- [   scheduling-1] r.observability.ObservabilityService     : LAB9 Observability window=10s category=db.rent.findAll count=148 sumNanos=5570636893 avgNanos=37639438
zil-app                 | 2026-05-06T18:34:00.732Z  INFO 1 --- [   scheduling-1] r.observability.ObservabilityService     : LAB9 Observability window=30s category=web.RentController.getRents count=422 sumNanos=15706302173 avgNanos=37218725
zil-app                 | 2026-05-06T18:34:00.732Z  INFO 1 --- [   scheduling-1] r.observability.ObservabilityService     : LAB9 Observability window=30s category=db.rent.findAll count=422 sumNanos=15700975812 avgNanos=37206103
zil-app                 | 2026-05-06T18:34:00.732Z  INFO 1 --- [   scheduling-1] r.observability.ObservabilityService     : LAB9 Observability window=1m category=web.RentController.getRents count=786 sumNanos=29150369304 avgNanos=37086983
zil-app                 | 2026-05-06T18:34:00.732Z  INFO 1 --- [   scheduling-1] r.observability.ObservabilityService     : LAB9 Observability window=1m category=db.rent.findAll count=786 sumNanos=29143166910 avgNanos=37077820
zil-app                 | 2026-05-06T18:34:05.732Z  INFO 1 --- [   scheduling-1] r.observability.ObservabilityService     : LAB9 Observability window=10s category=web.RentController.getRents count=122 sumNanos=4606965424 avgNanos=37762011
zil-app                 | 2026-05-06T18:34:05.732Z  INFO 1 --- [   scheduling-1] r.observability.ObservabilityService     : LAB9 Observability window=10s category=db.rent.findAll count=122 sumNanos=4606501443 avgNanos=37758208
zil-app                 | 2026-05-06T18:34:05.733Z  INFO 1 --- [   scheduling-1] r.observability.ObservabilityService     : LAB9 Observability window=30s category=web.RentController.getRents count=409 sumNanos=15352353731 avgNanos=37536317
zil-app                 | 2026-05-06T18:34:05.733Z  INFO 1 --- [   scheduling-1] r.observability.ObservabilityService     : LAB9 Observability window=30s category=db.rent.findAll count=409 sumNanos=15347062189 avgNanos=37523379
zil-app                 | 2026-05-06T18:34:05.733Z  INFO 1 --- [   scheduling-1] r.observability.ObservabilityService     : LAB9 Observability window=1m category=web.RentController.getRents count=780 sumNanos=29042199658 avgNanos=37233589
zil-app                 | 2026-05-06T18:34:05.733Z  INFO 1 --- [   scheduling-1] r.observability.ObservabilityService     : LAB9 Observability window=1m category=db.rent.findAll count=780 sumNanos=29035164890 avgNanos=37224570
zil-app                 | 2026-05-06T18:34:10.733Z  INFO 1 --- [   scheduling-1] r.observability.ObservabilityService     : LAB9 Observability window=10s category=web.RentController.getRents count=123 sumNanos=4787532912 avgNanos=38923031
zil-app                 | 2026-05-06T18:34:10.734Z  INFO 1 --- [   scheduling-1] r.observability.ObservabilityService     : LAB9 Observability window=10s category=db.rent.findAll count=123 sumNanos=4786997190 avgNanos=38918676
zil-app                 | 2026-05-06T18:34:10.734Z  INFO 1 --- [   scheduling-1] r.observability.ObservabilityService     : LAB9 Observability window=30s category=web.RentController.getRents count=411 sumNanos=15674413196 avgNanos=38137258
zil-app                 | 2026-05-06T18:34:10.734Z  INFO 1 --- [   scheduling-1] r.observability.ObservabilityService     : LAB9 Observability window=30s category=db.rent.findAll count=411 sumNanos=15669061875 avgNanos=38124238
zil-app                 | 2026-05-06T18:34:10.734Z  INFO 1 --- [   scheduling-1] r.observability.ObservabilityService     : LAB9 Observability window=1m category=web.RentController.getRents count=789 sumNanos=29540641203 avgNanos=37440609
zil-app                 | 2026-05-06T18:34:10.734Z  INFO 1 --- [   scheduling-1] r.observability.ObservabilityService     : LAB9 Observability window=1m category=db.rent.findAll count=789 sumNanos=29533606054 avgNanos=37431693
zil-app                 | 2026-05-06T18:34:15.735Z  INFO 1 --- [   scheduling-1] r.observability.ObservabilityService     : LAB9 Observability window=10s category=web.RentController.getRents count=142 sumNanos=5500111191 avgNanos=38733177
zil-app                 | 2026-05-06T18:34:15.735Z  INFO 1 --- [   scheduling-1] r.observability.ObservabilityService     : LAB9 Observability window=10s category=db.rent.findAll count=142 sumNanos=5499531585 avgNanos=38729095
zil-app                 | 2026-05-06T18:34:15.735Z  INFO 1 --- [   scheduling-1] r.observability.ObservabilityService     : LAB9 Observability window=30s category=web.RentController.getRents count=411 sumNanos=15797015269 avgNanos=38435560
zil-app                 | 2026-05-06T18:34:15.735Z  INFO 1 --- [   scheduling-1] r.observability.ObservabilityService     : LAB9 Observability window=30s category=db.rent.findAll count=411 sumNanos=15791663418 avgNanos=38422538
zil-app                 | 2026-05-06T18:34:15.735Z  INFO 1 --- [   scheduling-1] r.observability.ObservabilityService     : LAB9 Observability window=1m category=web.RentController.getRents count=800 sumNanos=30095227529 avgNanos=37619034
zil-app                 | 2026-05-06T18:34:15.735Z  INFO 1 --- [   scheduling-1] r.observability.ObservabilityService     : LAB9 Observability window=1m category=db.rent.findAll count=800 sumNanos=30088307343 avgNanos=37610384
zil-app                 | 2026-05-06T18:34:20.736Z  INFO 1 --- [   scheduling-1] r.observability.ObservabilityService     : LAB9 Observability window=10s category=web.RentController.getRents count=130 sumNanos=5032503872 avgNanos=38711568
zil-app                 | 2026-05-06T18:34:20.736Z  INFO 1 --- [   scheduling-1] r.observability.ObservabilityService     : LAB9 Observability window=10s category=db.rent.findAll count=130 sumNanos=5032032289 avgNanos=38707940
zil-app                 | 2026-05-06T18:34:20.736Z  INFO 1 --- [   scheduling-1] r.observability.ObservabilityService     : LAB9 Observability window=30s category=web.RentController.getRents count=401 sumNanos=15394970555 avgNanos=38391447
zil-app                 | 2026-05-06T18:34:20.736Z  INFO 1 --- [   scheduling-1] r.observability.ObservabilityService     : LAB9 Observability window=30s category=db.rent.findAll count=401 sumNanos=15389666372 avgNanos=38378220
zil-app                 | 2026-05-06T18:34:20.736Z  INFO 1 --- [   scheduling-1] r.observability.ObservabilityService     : LAB9 Observability window=1m category=web.RentController.getRents count=795 sumNanos=29999054840 avgNanos=37734660
zil-app                 | 2026-05-06T18:34:20.736Z  INFO 1 --- [   scheduling-1] r.observability.ObservabilityService     : LAB9 Observability window=1m category=db.rent.findAll count=795 sumNanos=29992212380 avgNanos=37726053
zil-app                 | 2026-05-06T18:34:25.736Z  INFO 1 --- [   scheduling-1] r.observability.ObservabilityService     : LAB9 Observability window=10s category=web.RentController.getRents count=111 sumNanos=4355711830 avgNanos=39240647
zil-app                 | 2026-05-06T18:34:25.737Z  INFO 1 --- [   scheduling-1] r.observability.ObservabilityService     : LAB9 Observability window=10s category=db.rent.findAll count=111 sumNanos=4355312000 avgNanos=39237045
zil-app                 | 2026-05-06T18:34:25.737Z  INFO 1 --- [   scheduling-1] r.observability.ObservabilityService     : LAB9 Observability window=30s category=web.RentController.getRents count=375 sumNanos=14462788445 avgNanos=38567435
zil-app                 | 2026-05-06T18:34:25.737Z  INFO 1 --- [   scheduling-1] r.observability.ObservabilityService     : LAB9 Observability window=30s category=db.rent.findAll count=375 sumNanos=14461345028 avgNanos=38563586
zil-app                 | 2026-05-06T18:34:25.737Z  INFO 1 --- [   scheduling-1] r.observability.ObservabilityService     : LAB9 Observability window=1m category=web.RentController.getRents count=787 sumNanos=29904381208 avgNanos=37997943
zil-app                 | 2026-05-06T18:34:25.737Z  INFO 1 --- [   scheduling-1] r.observability.ObservabilityService     : LAB9 Observability window=1m category=db.rent.findAll count=787 sumNanos=29897597706 avgNanos=37989323
zil-app                 | 2026-05-06T18:34:30.738Z  INFO 1 --- [   scheduling-1] r.observability.ObservabilityService     : LAB9 Observability window=10s category=web.RentController.getRents count=115 sumNanos=4613341994 avgNanos=40116017
zil-app                 | 2026-05-06T18:34:30.738Z  INFO 1 --- [   scheduling-1] r.observability.ObservabilityService     : LAB9 Observability window=10s category=db.rent.findAll count=115 sumNanos=4612945129 avgNanos=40112566
zil-app                 | 2026-05-06T18:34:30.738Z  INFO 1 --- [   scheduling-1] r.observability.ObservabilityService     : LAB9 Observability window=30s category=web.RentController.getRents count=368 sumNanos=14433378778 avgNanos=39221137
zil-app                 | 2026-05-06T18:34:30.738Z  INFO 1 --- [   scheduling-1] r.observability.ObservabilityService     : LAB9 Observability window=30s category=db.rent.findAll count=368 sumNanos=14431974608 avgNanos=39217322
zil-app                 | 2026-05-06T18:34:30.742Z  INFO 1 --- [   scheduling-1] r.observability.ObservabilityService     : LAB9 Observability window=1m category=web.RentController.getRents count=788 sumNanos=30061239494 avgNanos=38148781
zil-app                 | 2026-05-06T18:34:30.742Z  INFO 1 --- [   scheduling-1] r.observability.ObservabilityService     : LAB9 Observability window=1m category=db.rent.findAll count=788 sumNanos=30054518237 avgNanos=38140251
zil-app                 | 2026-05-06T18:34:35.742Z  INFO 1 --- [   scheduling-1] r.observability.ObservabilityService     : LAB9 Observability window=10s category=web.RentController.getRents count=123 sumNanos=4629476479 avgNanos=37638020
zil-app                 | 2026-05-06T18:34:35.743Z  INFO 1 --- [   scheduling-1] r.observability.ObservabilityService     : LAB9 Observability window=10s category=db.rent.findAll count=123 sumNanos=4629046694 avgNanos=37634525
zil-app                 | 2026-05-06T18:34:35.743Z  INFO 1 --- [   scheduling-1] r.observability.ObservabilityService     : LAB9 Observability window=30s category=web.RentController.getRents count=376 sumNanos=14485299500 avgNanos=38524732
zil-app                 | 2026-05-06T18:34:35.743Z  INFO 1 --- [   scheduling-1] r.observability.ObservabilityService     : LAB9 Observability window=30s category=db.rent.findAll count=376 sumNanos=14483890279 avgNanos=38520984
zil-additional-service  | 2026-05-06T18:33:09.355Z  INFO 1 --- [zil-additional-service] [   scheduling-1] r.additional.service.CarCacheService     : [car-cache-statistics] Car cache size=1000
zil-additional-service  | 2026-05-06T18:33:09.453Z  INFO 1 --- [zil-additional-service] [   scheduling-1] r.a.observability.ObservabilityService   : LAB9 Observability window=10s category=additional.statsComputation.stats count=120 sumNanos=123038 avgNanos=1025
zil-additional-service  | 2026-05-06T18:33:09.454Z  INFO 1 --- [zil-additional-service] [   scheduling-1] r.a.observability.ObservabilityService   : LAB9 Observability window=10s category=web.additional.stats count=120 sumNanos=5121999586 avgNanos=42683329
zil-additional-service  | 2026-05-06T18:33:09.454Z  INFO 1 --- [zil-additional-service] [   scheduling-1] r.a.observability.ObservabilityService   : LAB9 Observability window=10s category=http.main.rents count=120 sumNanos=5119247429 avgNanos=42660395
zil-additional-service  | 2026-05-06T18:33:09.454Z  INFO 1 --- [zil-additional-service] [   scheduling-1] r.a.observability.ObservabilityService   : LAB9 Observability window=30s category=additional.statsComputation.stats count=335 sumNanos=307240 avgNanos=917
zil-additional-service  | 2026-05-06T18:33:09.454Z  INFO 1 --- [zil-additional-service] [   scheduling-1] r.a.observability.ObservabilityService   : LAB9 Observability window=30s category=web.additional.stats count=335 sumNanos=14610174813 avgNanos=43612462
zil-additional-service  | 2026-05-06T18:33:09.455Z  INFO 1 --- [zil-additional-service] [   scheduling-1] r.a.observability.ObservabilityService   : LAB9 Observability window=30s category=http.main.rents count=335 sumNanos=14602782287 avgNanos=43590394
zil-additional-service  | 2026-05-06T18:33:09.457Z  INFO 1 --- [zil-additional-service] [   scheduling-1] r.a.observability.ObservabilityService   : LAB9 Observability window=1m category=additional.statsComputation.stats count=713 sumNanos=974002 avgNanos=1366
zil-additional-service  | 2026-05-06T18:33:09.457Z  INFO 1 --- [zil-additional-service] [   scheduling-1] r.a.observability.ObservabilityService   : LAB9 Observability window=1m category=web.additional.stats count=713 sumNanos=31751627128 avgNanos=44532436
zil-additional-service  | 2026-05-06T18:33:09.457Z  INFO 1 --- [zil-additional-service] [   scheduling-1] r.a.observability.ObservabilityService   : LAB9 Observability window=1m category=http.main.rents count=713 sumNanos=31733649439 avgNanos=44507222
zil-additional-service  | 2026-05-06T18:33:14.458Z  INFO 1 --- [zil-additional-service] [   scheduling-1] r.a.observability.ObservabilityService   : LAB9 Observability window=10s category=additional.statsComputation.stats count=125 sumNanos=108295 avgNanos=866
zil-additional-service  | 2026-05-06T18:33:14.458Z  INFO 1 --- [zil-additional-service] [   scheduling-1] r.a.observability.ObservabilityService   : LAB9 Observability window=10s category=web.additional.stats count=125 sumNanos=5448812237 avgNanos=43590497
zil-additional-service  | 2026-05-06T18:33:14.458Z  INFO 1 --- [zil-additional-service] [   scheduling-1] r.a.observability.ObservabilityService   : LAB9 Observability window=10s category=http.main.rents count=125 sumNanos=5446200051 avgNanos=43569600
zil-additional-service  | 2026-05-06T18:33:14.459Z  INFO 1 --- [zil-additional-service] [   scheduling-1] r.a.observability.ObservabilityService   : LAB9 Observability window=30s category=additional.statsComputation.stats count=350 sumNanos=313068 avgNanos=894
zil-additional-service  | 2026-05-06T18:33:14.459Z  INFO 1 --- [zil-additional-service] [   scheduling-1] r.a.observability.ObservabilityService   : LAB9 Observability window=30s category=web.additional.stats count=350 sumNanos=15314864942 avgNanos=43756756
zil-additional-service  | 2026-05-06T18:33:14.459Z  INFO 1 --- [zil-additional-service] [   scheduling-1] r.a.observability.ObservabilityService   : LAB9 Observability window=30s category=http.main.rents count=350 sumNanos=15307134334 avgNanos=43734669
zil-additional-service  | 2026-05-06T18:33:14.459Z  INFO 1 --- [zil-additional-service] [   scheduling-1] r.a.observability.ObservabilityService   : LAB9 Observability window=1m category=additional.statsComputation.stats count=708 sumNanos=898137 avgNanos=1268
zil-additional-service  | 2026-05-06T18:33:14.459Z  INFO 1 --- [zil-additional-service] [   scheduling-1] r.a.observability.ObservabilityService   : LAB9 Observability window=1m category=web.additional.stats count=708 sumNanos=31083826077 avgNanos=43903709
zil-additional-service  | 2026-05-06T18:33:14.459Z  INFO 1 --- [zil-additional-service] [   scheduling-1] r.a.observability.ObservabilityService   : LAB9 Observability window=1m category=http.main.rents count=708 sumNanos=31067185013 avgNanos=43880204
zil-additional-service  | 2026-05-06T18:33:19.355Z  INFO 1 --- [zil-additional-service] [   scheduling-1] r.additional.service.ClientCacheService  : [client-cache-statistics] Client cache size=48848
zil-additional-service  | 2026-05-06T18:33:19.355Z  INFO 1 --- [zil-additional-service] [   scheduling-1] r.additional.service.CarCacheService     : [car-cache-statistics] Car cache size=1000
zil-additional-service  | 2026-05-06T18:33:19.460Z  INFO 1 --- [zil-additional-service] [   scheduling-1] r.a.observability.ObservabilityService   : LAB9 Observability window=10s category=additional.statsComputation.stats count=122 sumNanos=101955 avgNanos=835
zil-additional-service  | 2026-05-06T18:33:19.460Z  INFO 1 --- [zil-additional-service] [   scheduling-1] r.a.observability.ObservabilityService   : LAB9 Observability window=10s category=web.additional.stats count=122 sumNanos=5212916876 avgNanos=42728826
zil-additional-service  | 2026-05-06T18:33:19.461Z  INFO 1 --- [zil-additional-service] [   scheduling-1] r.a.observability.ObservabilityService   : LAB9 Observability window=10s category=http.main.rents count=122 sumNanos=5210424959 avgNanos=42708401
zil-additional-service  | 2026-05-06T18:33:19.461Z  INFO 1 --- [zil-additional-service] [   scheduling-1] r.a.observability.ObservabilityService   : LAB9 Observability window=30s category=additional.statsComputation.stats count=355 sumNanos=320564 avgNanos=902
zil-additional-service  | 2026-05-06T18:33:19.461Z  INFO 1 --- [zil-additional-service] [   scheduling-1] r.a.observability.ObservabilityService   : LAB9 Observability window=30s category=web.additional.stats count=355 sumNanos=15381515081 avgNanos=43328211
zil-additional-service  | 2026-05-06T18:33:19.461Z  INFO 1 --- [zil-additional-service] [   scheduling-1] r.a.observability.ObservabilityService   : LAB9 Observability window=30s category=http.main.rents count=355 sumNanos=15373646107 avgNanos=43306045
zil-additional-service  | 2026-05-06T18:33:19.462Z  INFO 1 --- [zil-additional-service] [   scheduling-1] r.a.observability.ObservabilityService   : LAB9 Observability window=1m category=additional.statsComputation.stats count=703 sumNanos=836976 avgNanos=1190
zil-additional-service  | 2026-05-06T18:33:19.462Z  INFO 1 --- [zil-additional-service] [   scheduling-1] r.a.observability.ObservabilityService   : LAB9 Observability window=1m category=web.additional.stats count=703 sumNanos=30659341925 avgNanos=43612150
zil-additional-service  | 2026-05-06T18:33:19.462Z  INFO 1 --- [zil-additional-service] [   scheduling-1] r.a.observability.ObservabilityService   : LAB9 Observability window=1m category=http.main.rents count=703 sumNanos=30644296097 avgNanos=43590748
zil-app                 | 2026-05-06T18:34:35.743Z  INFO 1 --- [   scheduling-1] r.observability.ObservabilityService     : LAB9 Observability window=1m category=web.RentController.getRents count=785 sumNanos=29837653231 avgNanos=38009749
zil-app                 | 2026-05-06T18:34:35.743Z  INFO 1 --- [   scheduling-1] r.observability.ObservabilityService     : LAB9 Observability window=1m category=db.rent.findAll count=785 sumNanos=29830952468 avgNanos=38001213
zil-app                 | 2026-05-06T18:34:40.743Z  INFO 1 --- [   scheduling-1] r.observability.ObservabilityService     : LAB9 Observability window=10s category=web.RentController.getRents count=113 sumNanos=4139311448 avgNanos=36631074
zil-app                 | 2026-05-06T18:34:40.743Z  INFO 1 --- [   scheduling-1] r.observability.ObservabilityService     : LAB9 Observability window=10s category=db.rent.findAll count=113 sumNanos=4138901015 avgNanos=36627442
zil-app                 | 2026-05-06T18:34:40.746Z  INFO 1 --- [   scheduling-1] r.observability.ObservabilityService     : LAB9 Observability window=30s category=web.RentController.getRents count=358 sumNanos=13785157314 avgNanos=38506026
zil-app                 | 2026-05-06T18:34:40.746Z  INFO 1 --- [   scheduling-1] r.observability.ObservabilityService     : LAB9 Observability window=30s category=db.rent.findAll count=358 sumNanos=13783878433 avgNanos=38502453
zil-app                 | 2026-05-06T18:34:40.746Z  INFO 1 --- [   scheduling-1] r.observability.ObservabilityService     : LAB9 Observability window=1m category=web.RentController.getRents count=769 sumNanos=29459570510 avgNanos=38308934
zil-app                 | 2026-05-06T18:34:40.746Z  INFO 1 --- [   scheduling-1] r.observability.ObservabilityService     : LAB9 Observability window=1m category=db.rent.findAll count=769 sumNanos=29452940308 avgNanos=38300312
zil-app                 | 2026-05-06T18:34:45.747Z  INFO 1 --- [   scheduling-1] r.observability.ObservabilityService     : LAB9 Observability window=10s category=web.RentController.getRents count=114 sumNanos=4492147286 avgNanos=39404800
zil-app                 | 2026-05-06T18:34:45.747Z  INFO 1 --- [   scheduling-1] r.observability.ObservabilityService     : LAB9 Observability window=10s category=db.rent.findAll count=114 sumNanos=4491751811 avgNanos=39401331
zil-app                 | 2026-05-06T18:34:45.747Z  INFO 1 --- [   scheduling-1] r.observability.ObservabilityService     : LAB9 Observability window=30s category=web.RentController.getRents count=348 sumNanos=13477335595 avgNanos=38727975
zil-app                 | 2026-05-06T18:34:45.747Z  INFO 1 --- [   scheduling-1] r.observability.ObservabilityService     : LAB9 Observability window=30s category=db.rent.findAll count=348 sumNanos=13476110505 avgNanos=38724455
zil-app                 | 2026-05-06T18:34:45.747Z  INFO 1 --- [   scheduling-1] r.observability.ObservabilityService     : LAB9 Observability window=1m category=web.RentController.getRents count=759 sumNanos=29274350864 avgNanos=38569632
zil-app                 | 2026-05-06T18:34:45.747Z  INFO 1 --- [   scheduling-1] r.observability.ObservabilityService     : LAB9 Observability window=1m category=db.rent.findAll count=759 sumNanos=29267773923 avgNanos=38560966
zil-app                 | 2026-05-06T18:34:50.747Z  INFO 1 --- [   scheduling-1] r.observability.ObservabilityService     : LAB9 Observability window=10s category=web.RentController.getRents count=127 sumNanos=4921238114 avgNanos=38749906
zil-app                 | 2026-05-06T18:34:50.748Z  INFO 1 --- [   scheduling-1] r.observability.ObservabilityService     : LAB9 Observability window=10s category=db.rent.findAll count=127 sumNanos=4920811578 avgNanos=38746547
zil-app                 | 2026-05-06T18:34:50.748Z  INFO 1 --- [   scheduling-1] r.observability.ObservabilityService     : LAB9 Observability window=30s category=web.RentController.getRents count=355 sumNanos=13673891556 avgNanos=38518004
zil-app                 | 2026-05-06T18:34:50.748Z  INFO 1 --- [   scheduling-1] r.observability.ObservabilityService     : LAB9 Observability window=30s category=db.rent.findAll count=355 sumNanos=13672657722 avgNanos=38514528
zil-app                 | 2026-05-06T18:34:50.748Z  INFO 1 --- [   scheduling-1] r.observability.ObservabilityService     : LAB9 Observability window=1m category=web.RentController.getRents count=756 sumNanos=29068862111 avgNanos=38450875
zil-app                 | 2026-05-06T18:34:50.748Z  INFO 1 --- [   scheduling-1] r.observability.ObservabilityService     : LAB9 Observability window=1m category=db.rent.findAll count=756 sumNanos=29062324094 avgNanos=38442227
zil-app                 | 2026-05-06T18:34:55.748Z  INFO 1 --- [   scheduling-1] r.observability.ObservabilityService     : LAB9 Observability window=10s category=web.RentController.getRents count=151 sumNanos=5771260065 avgNanos=38220265
zil-app                 | 2026-05-06T18:34:55.749Z  INFO 1 --- [   scheduling-1] r.observability.ObservabilityService     : LAB9 Observability window=10s category=db.rent.findAll count=151 sumNanos=5770772565 avgNanos=38217036
zil-app                 | 2026-05-06T18:34:55.750Z  INFO 1 --- [   scheduling-1] r.observability.ObservabilityService     : LAB9 Observability window=30s category=web.RentController.getRents count=388 sumNanos=14892883830 avgNanos=38383721
zil-app                 | 2026-05-06T18:34:55.751Z  INFO 1 --- [   scheduling-1] r.observability.ObservabilityService     : LAB9 Observability window=30s category=db.rent.findAll count=388 sumNanos=14891571070 avgNanos=38380337
zil-app                 | 2026-05-06T18:34:55.754Z  INFO 1 --- [   scheduling-1] r.observability.ObservabilityService     : LAB9 Observability window=1m category=web.RentController.getRents count=763 sumNanos=29355672275 avgNanos=38474013
zil-app                 | 2026-05-06T18:34:55.754Z  INFO 1 --- [   scheduling-1] r.observability.ObservabilityService     : LAB9 Observability window=1m category=db.rent.findAll count=763 sumNanos=29352916098 avgNanos=38470401
zil-app                 | 2026-05-06T18:35:00.754Z  INFO 1 --- [   scheduling-1] r.observability.ObservabilityService     : LAB9 Observability window=10s category=web.RentController.getRents count=152 sumNanos=5919173803 avgNanos=38941932
zil-app                 | 2026-05-06T18:35:00.755Z  INFO 1 --- [   scheduling-1] r.observability.ObservabilityService     : LAB9 Observability window=10s category=db.rent.findAll count=152 sumNanos=5918696111 avgNanos=38938790
zil-app                 | 2026-05-06T18:35:00.755Z  INFO 1 --- [   scheduling-1] r.observability.ObservabilityService     : LAB9 Observability window=30s category=web.RentController.getRents count=392 sumNanos=14979723365 avgNanos=38213580
zil-app                 | 2026-05-06T18:35:00.755Z  INFO 1 --- [   scheduling-1] r.observability.ObservabilityService     : LAB9 Observability window=30s category=db.rent.findAll count=392 sumNanos=14978408704 avgNanos=38210226
zil-app                 | 2026-05-06T18:35:00.755Z  INFO 1 --- [   scheduling-1] r.observability.ObservabilityService     : LAB9 Observability window=1m category=web.RentController.getRents count=760 sumNanos=29413102143 avgNanos=38701450
zil-app                 | 2026-05-06T18:35:00.755Z  INFO 1 --- [   scheduling-1] r.observability.ObservabilityService     : LAB9 Observability window=1m category=db.rent.findAll count=760 sumNanos=29410383312 avgNanos=38697872
zil-app                 | 2026-05-06T18:35:05.755Z  INFO 1 --- [   scheduling-1] r.observability.ObservabilityService     : LAB9 Observability window=10s category=web.RentController.getRents count=134 sumNanos=5414420512 avgNanos=40406123
zil-app                 | 2026-05-06T18:35:05.755Z  INFO 1 --- [   scheduling-1] r.observability.ObservabilityService     : LAB9 Observability window=10s category=db.rent.findAll count=134 sumNanos=5413990956 avgNanos=40402917
zil-app                 | 2026-05-06T18:35:05.755Z  INFO 1 --- [   scheduling-1] r.observability.ObservabilityService     : LAB9 Observability window=30s category=web.RentController.getRents count=399 sumNanos=15677827863 avgNanos=39292801
zil-app                 | 2026-05-06T18:35:05.756Z  INFO 1 --- [   scheduling-1] r.observability.ObservabilityService     : LAB9 Observability window=30s category=db.rent.findAll count=399 sumNanos=15676515332 avgNanos=39289512
zil-app                 | 2026-05-06T18:35:05.756Z  INFO 1 --- [   scheduling-1] r.observability.ObservabilityService     : LAB9 Observability window=1m category=web.RentController.getRents count=775 sumNanos=30163127363 avgNanos=38920164
zil-app                 | 2026-05-06T18:35:05.756Z  INFO 1 --- [   scheduling-1] r.observability.ObservabilityService     : LAB9 Observability window=1m category=db.rent.findAll count=775 sumNanos=30160405611 avgNanos=38916652
zil-additional-service  | 2026-05-06T18:33:24.463Z  INFO 1 --- [zil-additional-service] [   scheduling-1] r.a.observability.ObservabilityService   : LAB9 Observability window=10s category=additional.statsComputation.stats count=124 sumNanos=101020 avgNanos=814
zil-additional-service  | 2026-05-06T18:33:24.463Z  INFO 1 --- [zil-additional-service] [   scheduling-1] r.a.observability.ObservabilityService   : LAB9 Observability window=10s category=web.additional.stats count=124 sumNanos=5205013367 avgNanos=41975914
zil-additional-service  | 2026-05-06T18:33:24.463Z  INFO 1 --- [zil-additional-service] [   scheduling-1] r.a.observability.ObservabilityService   : LAB9 Observability window=10s category=http.main.rents count=124 sumNanos=5200606375 avgNanos=41940373
zil-additional-service  | 2026-05-06T18:33:24.464Z  INFO 1 --- [zil-additional-service] [   scheduling-1] r.a.observability.ObservabilityService   : LAB9 Observability window=30s category=additional.statsComputation.stats count=358 sumNanos=316514 avgNanos=884
zil-additional-service  | 2026-05-06T18:33:24.464Z  INFO 1 --- [zil-additional-service] [   scheduling-1] r.a.observability.ObservabilityService   : LAB9 Observability window=30s category=web.additional.stats count=358 sumNanos=15377199896 avgNanos=42953072
zil-additional-service  | 2026-05-06T18:33:24.464Z  INFO 1 --- [zil-additional-service] [   scheduling-1] r.a.observability.ObservabilityService   : LAB9 Observability window=30s category=http.main.rents count=358 sumNanos=15367559761 avgNanos=42926144
zil-additional-service  | 2026-05-06T18:33:24.464Z  INFO 1 --- [zil-additional-service] [   scheduling-1] r.a.observability.ObservabilityService   : LAB9 Observability window=1m category=additional.statsComputation.stats count=699 sumNanos=767023 avgNanos=1097
zil-additional-service  | 2026-05-06T18:33:24.464Z  INFO 1 --- [zil-additional-service] [   scheduling-1] r.a.observability.ObservabilityService   : LAB9 Observability window=1m category=web.additional.stats count=699 sumNanos=30356882524 avgNanos=43429016
zil-additional-service  | 2026-05-06T18:33:24.464Z  INFO 1 --- [zil-additional-service] [   scheduling-1] r.a.observability.ObservabilityService   : LAB9 Observability window=1m category=http.main.rents count=699 sumNanos=30340081676 avgNanos=43404980
zil-additional-service  | 2026-05-06T18:33:29.355Z  INFO 1 --- [zil-additional-service] [   scheduling-1] r.additional.service.ClientCacheService  : [client-cache-statistics] Client cache size=48848
zil-additional-service  | 2026-05-06T18:33:29.355Z  INFO 1 --- [zil-additional-service] [   scheduling-1] r.additional.service.CarCacheService     : [car-cache-statistics] Car cache size=1000
zil-additional-service  | 2026-05-06T18:33:29.465Z  INFO 1 --- [zil-additional-service] [   scheduling-1] r.a.observability.ObservabilityService   : LAB9 Observability window=10s category=additional.statsComputation.stats count=122 sumNanos=92279 avgNanos=756
zil-additional-service  | 2026-05-06T18:33:29.465Z  INFO 1 --- [zil-additional-service] [   scheduling-1] r.a.observability.ObservabilityService   : LAB9 Observability window=10s category=web.additional.stats count=122 sumNanos=5192550896 avgNanos=42561892
zil-additional-service  | 2026-05-06T18:33:29.465Z  INFO 1 --- [zil-additional-service] [   scheduling-1] r.a.observability.ObservabilityService   : LAB9 Observability window=10s category=http.main.rents count=122 sumNanos=5188075351 avgNanos=42525207
zil-additional-service  | 2026-05-06T18:33:29.466Z  INFO 1 --- [zil-additional-service] [   scheduling-1] r.a.observability.ObservabilityService   : LAB9 Observability window=30s category=additional.statsComputation.stats count=363 sumNanos=316224 avgNanos=871
zil-additional-service  | 2026-05-06T18:33:29.466Z  INFO 1 --- [zil-additional-service] [   scheduling-1] r.a.observability.ObservabilityService   : LAB9 Observability window=30s category=web.additional.stats count=363 sumNanos=15491971403 avgNanos=42677607
zil-additional-service  | 2026-05-06T18:33:29.466Z  INFO 1 --- [zil-additional-service] [   scheduling-1] r.a.observability.ObservabilityService   : LAB9 Observability window=30s category=http.main.rents count=363 sumNanos=15482290128 avgNanos=42650936
zil-additional-service  | 2026-05-06T18:33:29.467Z  INFO 1 --- [zil-additional-service] [   scheduling-1] r.a.observability.ObservabilityService   : LAB9 Observability window=1m category=additional.statsComputation.stats count=697 sumNanos=707340 avgNanos=1014
zil-additional-service  | 2026-05-06T18:33:29.467Z  INFO 1 --- [zil-additional-service] [   scheduling-1] r.a.observability.ObservabilityService   : LAB9 Observability window=1m category=web.additional.stats count=697 sumNanos=30174436239 avgNanos=43291874
zil-additional-service  | 2026-05-06T18:33:29.467Z  INFO 1 --- [zil-additional-service] [   scheduling-1] r.a.observability.ObservabilityService   : LAB9 Observability window=1m category=http.main.rents count=697 sumNanos=30157738983 avgNanos=43267918
zil-additional-service  | 2026-05-06T18:33:34.468Z  INFO 1 --- [zil-additional-service] [   scheduling-1] r.a.observability.ObservabilityService   : LAB9 Observability window=10s category=additional.statsComputation.stats count=126 sumNanos=92921 avgNanos=737
zil-additional-service  | 2026-05-06T18:33:34.468Z  INFO 1 --- [zil-additional-service] [   scheduling-1] r.a.observability.ObservabilityService   : LAB9 Observability window=10s category=web.additional.stats count=126 sumNanos=5428057703 avgNanos=43079823
zil-additional-service  | 2026-05-06T18:33:34.468Z  INFO 1 --- [zil-additional-service] [   scheduling-1] r.a.observability.ObservabilityService   : LAB9 Observability window=10s category=http.main.rents count=126 sumNanos=5421784339 avgNanos=43030034
zil-additional-service  | 2026-05-06T18:33:34.468Z  INFO 1 --- [zil-additional-service] [   scheduling-1] r.a.observability.ObservabilityService   : LAB9 Observability window=30s category=additional.statsComputation.stats count=375 sumNanos=302236 avgNanos=805
zil-additional-service  | 2026-05-06T18:33:34.468Z  INFO 1 --- [zil-additional-service] [   scheduling-1] r.a.observability.ObservabilityService   : LAB9 Observability window=30s category=web.additional.stats count=375 sumNanos=16081883307 avgNanos=42885022
zil-additional-service  | 2026-05-06T18:33:34.468Z  INFO 1 --- [zil-additional-service] [   scheduling-1] r.a.observability.ObservabilityService   : LAB9 Observability window=30s category=http.main.rents count=375 sumNanos=16068590765 avgNanos=42849575
zil-additional-service  | 2026-05-06T18:33:34.468Z  INFO 1 --- [zil-additional-service] [   scheduling-1] r.a.observability.ObservabilityService   : LAB9 Observability window=1m category=additional.statsComputation.stats count=704 sumNanos=652826 avgNanos=927
zil-additional-service  | 2026-05-06T18:33:34.468Z  INFO 1 --- [zil-additional-service] [   scheduling-1] r.a.observability.ObservabilityService   : LAB9 Observability window=1m category=web.additional.stats count=704 sumNanos=30499550206 avgNanos=43323224
zil-additional-service  | 2026-05-06T18:33:34.469Z  INFO 1 --- [zil-additional-service] [   scheduling-1] r.a.observability.ObservabilityService   : LAB9 Observability window=1m category=http.main.rents count=704 sumNanos=30478999274 avgNanos=43294033
zil-additional-service  | 2026-05-06T18:33:39.355Z  INFO 1 --- [zil-additional-service] [   scheduling-1] r.additional.service.ClientCacheService  : [client-cache-statistics] Client cache size=48848
zil-additional-service  | 2026-05-06T18:33:39.356Z  INFO 1 --- [zil-additional-service] [   scheduling-1] r.additional.service.CarCacheService     : [car-cache-statistics] Car cache size=1000
zil-additional-service  | 2026-05-06T18:33:39.469Z  INFO 1 --- [zil-additional-service] [   scheduling-1] r.a.observability.ObservabilityService   : LAB9 Observability window=10s category=additional.statsComputation.stats count=134 sumNanos=101660 avgNanos=758
zil-additional-service  | 2026-05-06T18:33:39.470Z  INFO 1 --- [zil-additional-service] [   scheduling-1] r.a.observability.ObservabilityService   : LAB9 Observability window=10s category=web.additional.stats count=134 sumNanos=5567832515 avgNanos=41550988
zil-additional-service  | 2026-05-06T18:33:39.470Z  INFO 1 --- [zil-additional-service] [   scheduling-1] r.a.observability.ObservabilityService   : LAB9 Observability window=10s category=http.main.rents count=134 sumNanos=5562084949 avgNanos=41508096
zil-additional-service  | 2026-05-06T18:33:39.470Z  INFO 1 --- [zil-additional-service] [   scheduling-1] r.a.observability.ObservabilityService   : LAB9 Observability window=30s category=additional.statsComputation.stats count=378 sumNanos=295894 avgNanos=782
zil-additional-service  | 2026-05-06T18:33:39.470Z  INFO 1 --- [zil-additional-service] [   scheduling-1] r.a.observability.ObservabilityService   : LAB9 Observability window=30s category=web.additional.stats count=378 sumNanos=15973300287 avgNanos=42257408
zil-additional-service  | 2026-05-06T18:33:39.470Z  INFO 1 --- [zil-additional-service] [   scheduling-1] r.a.observability.ObservabilityService   : LAB9 Observability window=30s category=http.main.rents count=378 sumNanos=15960585259 avgNanos=42223770
zil-additional-service  | 2026-05-06T18:33:39.470Z  INFO 1 --- [zil-additional-service] [   scheduling-1] r.a.observability.ObservabilityService   : LAB9 Observability window=1m category=additional.statsComputation.stats count=713 sumNanos=603134 avgNanos=845
zil-additional-service  | 2026-05-06T18:33:39.470Z  INFO 1 --- [zil-additional-service] [   scheduling-1] r.a.observability.ObservabilityService   : LAB9 Observability window=1m category=web.additional.stats count=713 sumNanos=30583475100 avgNanos=42894074
zil-additional-service  | 2026-05-06T18:33:39.470Z  INFO 1 --- [zil-additional-service] [   scheduling-1] r.a.observability.ObservabilityService   : LAB9 Observability window=1m category=http.main.rents count=713 sumNanos=30563367546 avgNanos=42865873
zil-additional-service  | 2026-05-06T18:33:44.471Z  INFO 1 --- [zil-additional-service] [   scheduling-1] r.a.observability.ObservabilityService   : LAB9 Observability window=10s category=additional.statsComputation.stats count=136 sumNanos=110165 avgNanos=810
zil-additional-service  | 2026-05-06T18:33:44.471Z  INFO 1 --- [zil-additional-service] [   scheduling-1] r.a.observability.ObservabilityService   : LAB9 Observability window=10s category=web.additional.stats count=136 sumNanos=5619594253 avgNanos=41320545
zil-additional-service  | 2026-05-06T18:33:44.471Z  INFO 1 --- [zil-additional-service] [   scheduling-1] r.a.observability.ObservabilityService   : LAB9 Observability window=10s category=http.main.rents count=136 sumNanos=5618043656 avgNanos=41309144
zil-additional-service  | 2026-05-06T18:33:44.471Z  INFO 1 --- [zil-additional-service] [   scheduling-1] r.a.observability.ObservabilityService   : LAB9 Observability window=30s category=additional.statsComputation.stats count=385 sumNanos=303365 avgNanos=787
zil-additional-service  | 2026-05-06T18:33:44.471Z  INFO 1 --- [zil-additional-service] [   scheduling-1] r.a.observability.ObservabilityService   : LAB9 Observability window=30s category=web.additional.stats count=385 sumNanos=16222262988 avgNanos=42135748
zil-additional-service  | 2026-05-06T18:33:44.471Z  INFO 1 --- [zil-additional-service] [   scheduling-1] r.a.observability.ObservabilityService   : LAB9 Observability window=30s category=http.main.rents count=385 sumNanos=16210050638 avgNanos=42104027
zil-additional-service  | 2026-05-06T18:33:44.472Z  INFO 1 --- [zil-additional-service] [   scheduling-1] r.a.observability.ObservabilityService   : LAB9 Observability window=1m category=additional.statsComputation.stats count=735 sumNanos=616310 avgNanos=838
zil-additional-service  | 2026-05-06T18:33:44.472Z  INFO 1 --- [zil-additional-service] [   scheduling-1] r.a.observability.ObservabilityService   : LAB9 Observability window=1m category=web.additional.stats count=735 sumNanos=31520186778 avgNanos=42884607
zil-additional-service  | 2026-05-06T18:33:44.472Z  INFO 1 --- [zil-additional-service] [   scheduling-1] r.a.observability.ObservabilityService   : LAB9 Observability window=1m category=http.main.rents count=735 sumNanos=31500243837 avgNanos=42857474
zil-additional-service  | 2026-05-06T18:33:49.355Z  INFO 1 --- [zil-additional-service] [   scheduling-1] r.additional.service.ClientCacheService  : [client-cache-statistics] Client cache size=48848
zil-additional-service  | 2026-05-06T18:33:49.356Z  INFO 1 --- [zil-additional-service] [   scheduling-1] r.additional.service.CarCacheService     : [car-cache-statistics] Car cache size=1000
zil-additional-service  | 2026-05-06T18:33:49.472Z  INFO 1 --- [zil-additional-service] [   scheduling-1] r.a.observability.ObservabilityService   : LAB9 Observability window=10s category=additional.statsComputation.stats count=140 sumNanos=115005 avgNanos=821
zil-additional-service  | 2026-05-06T18:33:49.473Z  INFO 1 --- [zil-additional-service] [   scheduling-1] r.a.observability.ObservabilityService   : LAB9 Observability window=10s category=web.additional.stats count=140 sumNanos=6024922007 avgNanos=43035157
zil-additional-service  | 2026-05-06T18:33:49.473Z  INFO 1 --- [zil-additional-service] [   scheduling-1] r.a.observability.ObservabilityService   : LAB9 Observability window=10s category=http.main.rents count=140 sumNanos=6023289498 avgNanos=43023496
zil-additional-service  | 2026-05-06T18:33:49.473Z  INFO 1 --- [zil-additional-service] [   scheduling-1] r.a.observability.ObservabilityService   : LAB9 Observability window=30s category=additional.statsComputation.stats count=396 sumNanos=308944 avgNanos=780
zil-additional-service  | 2026-05-06T18:33:49.473Z  INFO 1 --- [zil-additional-service] [   scheduling-1] r.a.observability.ObservabilityService   : LAB9 Observability window=30s category=web.additional.stats count=396 sumNanos=16785305418 avgNanos=42387134
zil-additional-service  | 2026-05-06T18:33:49.473Z  INFO 1 --- [zil-additional-service] [   scheduling-1] r.a.observability.ObservabilityService   : LAB9 Observability window=30s category=http.main.rents count=396 sumNanos=16773449798 avgNanos=42357196
zil-additional-service  | 2026-05-06T18:33:49.473Z  INFO 1 --- [zil-additional-service] [   scheduling-1] r.a.observability.ObservabilityService   : LAB9 Observability window=1m category=additional.statsComputation.stats count=751 sumNanos=629508 avgNanos=838
zil-additional-service  | 2026-05-06T18:33:49.473Z  INFO 1 --- [zil-additional-service] [   scheduling-1] r.a.observability.ObservabilityService   : LAB9 Observability window=1m category=web.additional.stats count=751 sumNanos=32166820499 avgNanos=42831984
zil-additional-service  | 2026-05-06T18:33:49.473Z  INFO 1 --- [zil-additional-service] [   scheduling-1] r.a.observability.ObservabilityService   : LAB9 Observability window=1m category=http.main.rents count=751 sumNanos=32147095905 avgNanos=42805720
zil-additional-service  | 2026-05-06T18:33:54.474Z  INFO 1 --- [zil-additional-service] [   scheduling-1] r.a.observability.ObservabilityService   : LAB9 Observability window=10s category=additional.statsComputation.stats count=148 sumNanos=116355 avgNanos=786
zil-additional-service  | 2026-05-06T18:33:54.474Z  INFO 1 --- [zil-additional-service] [   scheduling-1] r.a.observability.ObservabilityService   : LAB9 Observability window=10s category=web.additional.stats count=148 sumNanos=6402764257 avgNanos=43261920
zil-additional-service  | 2026-05-06T18:33:54.474Z  INFO 1 --- [zil-additional-service] [   scheduling-1] r.a.observability.ObservabilityService   : LAB9 Observability window=10s category=http.main.rents count=148 sumNanos=6400956293 avgNanos=43249704
zil-additional-service  | 2026-05-06T18:33:54.475Z  INFO 1 --- [zil-additional-service] [   scheduling-1] r.a.observability.ObservabilityService   : LAB9 Observability window=30s category=additional.statsComputation.stats count=411 sumNanos=319746 avgNanos=777
zil-additional-service  | 2026-05-06T18:33:54.475Z  INFO 1 --- [zil-additional-service] [   scheduling-1] r.a.observability.ObservabilityService   : LAB9 Observability window=30s category=web.additional.stats count=411 sumNanos=17503411162 avgNanos=42587375
zil-additional-service  | 2026-05-06T18:33:54.475Z  INFO 1 --- [zil-additional-service] [   scheduling-1] r.a.observability.ObservabilityService   : LAB9 Observability window=30s category=http.main.rents count=411 sumNanos=17493771677 avgNanos=42563921
zil-additional-service  | 2026-05-06T18:33:54.475Z  INFO 1 --- [zil-additional-service] [   scheduling-1] r.a.observability.ObservabilityService   : LAB9 Observability window=1m category=additional.statsComputation.stats count=769 sumNanos=636260 avgNanos=827
zil-additional-service  | 2026-05-06T18:33:54.475Z  INFO 1 --- [zil-additional-service] [   scheduling-1] r.a.observability.ObservabilityService   : LAB9 Observability window=1m category=web.additional.stats count=769 sumNanos=32880611058 avgNanos=42757621
zil-additional-service  | 2026-05-06T18:33:54.475Z  INFO 1 --- [zil-additional-service] [   scheduling-1] r.a.observability.ObservabilityService   : LAB9 Observability window=1m category=http.main.rents count=769 sumNanos=32861331438 avgNanos=42732550
zil-additional-service  | 2026-05-06T18:33:59.355Z  INFO 1 --- [zil-additional-service] [   scheduling-1] r.additional.service.ClientCacheService  : [client-cache-statistics] Client cache size=48848
zil-additional-service  | 2026-05-06T18:33:59.355Z  INFO 1 --- [zil-additional-service] [   scheduling-1] r.additional.service.CarCacheService     : [car-cache-statistics] Car cache size=1000
zil-additional-service  | 2026-05-06T18:33:59.476Z  INFO 1 --- [zil-additional-service] [   scheduling-1] r.a.observability.ObservabilityService   : LAB9 Observability window=10s category=additional.statsComputation.stats count=144 sumNanos=118266 avgNanos=821
zil-additional-service  | 2026-05-06T18:33:59.476Z  INFO 1 --- [zil-additional-service] [   scheduling-1] r.a.observability.ObservabilityService   : LAB9 Observability window=10s category=web.additional.stats count=144 sumNanos=6243595149 avgNanos=43358299
zil-additional-service  | 2026-05-06T18:33:59.477Z  INFO 1 --- [zil-additional-service] [   scheduling-1] r.a.observability.ObservabilityService   : LAB9 Observability window=10s category=http.main.rents count=144 sumNanos=6241842256 avgNanos=43346126
zil-additional-service  | 2026-05-06T18:33:59.477Z  INFO 1 --- [zil-additional-service] [   scheduling-1] r.a.observability.ObservabilityService   : LAB9 Observability window=30s category=additional.statsComputation.stats count=418 sumNanos=334931 avgNanos=801
zil-additional-service  | 2026-05-06T18:33:59.477Z  INFO 1 --- [zil-additional-service] [   scheduling-1] r.a.observability.ObservabilityService   : LAB9 Observability window=30s category=web.additional.stats count=418 sumNanos=17836349671 avgNanos=42670692
zil-additional-service  | 2026-05-06T18:33:59.477Z  INFO 1 --- [zil-additional-service] [   scheduling-1] r.a.observability.ObservabilityService   : LAB9 Observability window=30s category=http.main.rents count=418 sumNanos=17827216703 avgNanos=42648843
zil-additional-service  | 2026-05-06T18:33:59.477Z  INFO 1 --- [zil-additional-service] [   scheduling-1] r.a.observability.ObservabilityService   : LAB9 Observability window=1m category=additional.statsComputation.stats count=781 sumNanos=651155 avgNanos=833
zil-additional-service  | 2026-05-06T18:33:59.477Z  INFO 1 --- [zil-additional-service] [   scheduling-1] r.a.observability.ObservabilityService   : LAB9 Observability window=1m category=web.additional.stats count=781 sumNanos=33328321074 avgNanos=42673906
zil-additional-service  | 2026-05-06T18:33:59.477Z  INFO 1 --- [zil-additional-service] [   scheduling-1] r.a.observability.ObservabilityService   : LAB9 Observability window=1m category=http.main.rents count=781 sumNanos=33309506831 avgNanos=42649816
zil-additional-service  | 2026-05-06T18:34:04.478Z  INFO 1 --- [zil-additional-service] [   scheduling-1] r.a.observability.ObservabilityService   : LAB9 Observability window=10s category=additional.statsComputation.stats count=120 sumNanos=542953 avgNanos=4524
zil-additional-service  | 2026-05-06T18:34:04.478Z  INFO 1 --- [zil-additional-service] [   scheduling-1] r.a.observability.ObservabilityService   : LAB9 Observability window=10s category=web.additional.stats count=120 sumNanos=5132363355 avgNanos=42769694
zil-additional-service  | 2026-05-06T18:34:04.482Z  INFO 1 --- [zil-additional-service] [   scheduling-1] r.a.observability.ObservabilityService   : LAB9 Observability window=10s category=http.main.rents count=120 sumNanos=5130454460 avgNanos=42753787
zil-additional-service  | 2026-05-06T18:34:04.482Z  INFO 1 --- [zil-additional-service] [   scheduling-1] r.a.observability.ObservabilityService   : LAB9 Observability window=30s category=additional.statsComputation.stats count=405 sumNanos=769778 avgNanos=1900
zil-additional-service  | 2026-05-06T18:34:04.482Z  INFO 1 --- [zil-additional-service] [   scheduling-1] r.a.observability.ObservabilityService   : LAB9 Observability window=30s category=web.additional.stats count=405 sumNanos=17207716814 avgNanos=42488189
zil-additional-service  | 2026-05-06T18:34:04.482Z  INFO 1 --- [zil-additional-service] [   scheduling-1] r.a.observability.ObservabilityService   : LAB9 Observability window=30s category=http.main.rents count=405 sumNanos=17202441798 avgNanos=42475164
zil-additional-service  | 2026-05-06T18:34:04.482Z  INFO 1 --- [zil-additional-service] [   scheduling-1] r.a.observability.ObservabilityService   : LAB9 Observability window=1m category=additional.statsComputation.stats count=779 sumNanos=1071343 avgNanos=1375
zil-additional-service  | 2026-05-06T18:34:04.482Z  INFO 1 --- [zil-additional-service] [   scheduling-1] r.a.observability.ObservabilityService   : LAB9 Observability window=1m category=web.additional.stats count=779 sumNanos=33231585728 avgNanos=42659288
zil-additional-service  | 2026-05-06T18:34:04.482Z  INFO 1 --- [zil-additional-service] [   scheduling-1] r.a.observability.ObservabilityService   : LAB9 Observability window=1m category=http.main.rents count=779 sumNanos=33213039579 avgNanos=42635480
zil-additional-service  | 2026-05-06T18:34:09.355Z  INFO 1 --- [zil-additional-service] [   scheduling-1] r.additional.service.ClientCacheService  : [client-cache-statistics] Client cache size=48848
zil-additional-service  | 2026-05-06T18:34:09.356Z  INFO 1 --- [zil-additional-service] [   scheduling-1] r.additional.service.CarCacheService     : [car-cache-statistics] Car cache size=1000
zil-additional-service  | 2026-05-06T18:34:09.483Z  INFO 1 --- [zil-additional-service] [   scheduling-1] r.a.observability.ObservabilityService   : LAB9 Observability window=10s category=additional.statsComputation.stats count=126 sumNanos=540293 avgNanos=4288
zil-additional-service  | 2026-05-06T18:34:09.484Z  INFO 1 --- [zil-additional-service] [   scheduling-1] r.a.observability.ObservabilityService   : LAB9 Observability window=10s category=web.additional.stats count=126 sumNanos=5520113936 avgNanos=43810428
zil-additional-service  | 2026-05-06T18:34:09.484Z  INFO 1 --- [zil-additional-service] [   scheduling-1] r.a.observability.ObservabilityService   : LAB9 Observability window=10s category=http.main.rents count=126 sumNanos=5518162591 avgNanos=43794941
zil-additional-service  | 2026-05-06T18:34:09.486Z  INFO 1 --- [zil-additional-service] [   scheduling-1] r.a.observability.ObservabilityService   : LAB9 Observability window=30s category=additional.statsComputation.stats count=411 sumNanos=774405 avgNanos=1884
zil-additional-service  | 2026-05-06T18:34:09.486Z  INFO 1 --- [zil-additional-service] [   scheduling-1] r.a.observability.ObservabilityService   : LAB9 Observability window=30s category=web.additional.stats count=411 sumNanos=17846852065 avgNanos=43422997
zil-additional-service  | 2026-05-06T18:34:09.486Z  INFO 1 --- [zil-additional-service] [   scheduling-1] r.a.observability.ObservabilityService   : LAB9 Observability window=30s category=http.main.rents count=411 sumNanos=17841505088 avgNanos=43409988
zil-additional-service  | 2026-05-06T18:34:09.486Z  INFO 1 --- [zil-additional-service] [   scheduling-1] r.a.observability.ObservabilityService   : LAB9 Observability window=1m category=additional.statsComputation.stats count=789 sumNanos=1070299 avgNanos=1356
zil-additional-service  | 2026-05-06T18:34:09.486Z  INFO 1 --- [zil-additional-service] [   scheduling-1] r.a.observability.ObservabilityService   : LAB9 Observability window=1m category=web.additional.stats count=789 sumNanos=33820152352 avgNanos=42864578
zil-additional-service  | 2026-05-06T18:34:09.486Z  INFO 1 --- [zil-additional-service] [   scheduling-1] r.a.observability.ObservabilityService   : LAB9 Observability window=1m category=http.main.rents count=789 sumNanos=33802090347 avgNanos=42841686
zil-additional-service  | 2026-05-06T18:34:14.487Z  INFO 1 --- [zil-additional-service] [   scheduling-1] r.a.observability.ObservabilityService   : LAB9 Observability window=10s category=additional.statsComputation.stats count=142 sumNanos=112585 avgNanos=792
zil-additional-service  | 2026-05-06T18:34:14.487Z  INFO 1 --- [zil-additional-service] [   scheduling-1] r.a.observability.ObservabilityService   : LAB9 Observability window=10s category=web.additional.stats count=142 sumNanos=6264896000 avgNanos=44118985
zil-additional-service  | 2026-05-06T18:34:14.487Z  INFO 1 --- [zil-additional-service] [   scheduling-1] r.a.observability.ObservabilityService   : LAB9 Observability window=10s category=http.main.rents count=142 sumNanos=6263218026 avgNanos=44107169
zil-additional-service  | 2026-05-06T18:34:14.487Z  INFO 1 --- [zil-additional-service] [   scheduling-1] r.a.observability.ObservabilityService   : LAB9 Observability window=30s category=additional.statsComputation.stats count=409 sumNanos=770941 avgNanos=1884
zil-additional-service  | 2026-05-06T18:34:14.487Z  INFO 1 --- [zil-additional-service] [   scheduling-1] r.a.observability.ObservabilityService   : LAB9 Observability window=30s category=web.additional.stats count=409 sumNanos=17765850908 avgNanos=43437288
zil-additional-service  | 2026-05-06T18:34:14.487Z  INFO 1 --- [zil-additional-service] [   scheduling-1] r.a.observability.ObservabilityService   : LAB9 Observability window=30s category=http.main.rents count=409 sumNanos=17760467805 avgNanos=43424126
zil-additional-service  | 2026-05-06T18:34:14.487Z  INFO 1 --- [zil-additional-service] [   scheduling-1] r.a.observability.ObservabilityService   : LAB9 Observability window=1m category=additional.statsComputation.stats count=796 sumNanos=1075563 avgNanos=1351
zil-additional-service  | 2026-05-06T18:34:14.488Z  INFO 1 --- [zil-additional-service] [   scheduling-1] r.a.observability.ObservabilityService   : LAB9 Observability window=1m category=web.additional.stats count=796 sumNanos=34075281549 avgNanos=42808142
zil-additional-service  | 2026-05-06T18:34:14.488Z  INFO 1 --- [zil-additional-service] [   scheduling-1] r.a.observability.ObservabilityService   : LAB9 Observability window=1m category=http.main.rents count=796 sumNanos=34057666806 avgNanos=42786013
zil-additional-service  | 2026-05-06T18:34:19.355Z  INFO 1 --- [zil-additional-service] [   scheduling-1] r.additional.service.ClientCacheService  : [client-cache-statistics] Client cache size=48848
zil-additional-service  | 2026-05-06T18:34:19.356Z  INFO 1 --- [zil-additional-service] [   scheduling-1] r.additional.service.CarCacheService     : [car-cache-statistics] Car cache size=1000
zil-additional-service  | 2026-05-06T18:34:19.488Z  INFO 1 --- [zil-additional-service] [   scheduling-1] r.a.observability.ObservabilityService   : LAB9 Observability window=10s category=additional.statsComputation.stats count=129 sumNanos=104255 avgNanos=808
zil-additional-service  | 2026-05-06T18:34:19.488Z  INFO 1 --- [zil-additional-service] [   scheduling-1] r.a.observability.ObservabilityService   : LAB9 Observability window=10s category=web.additional.stats count=129 sumNanos=5615901738 avgNanos=43534122
zil-additional-service  | 2026-05-06T18:34:19.489Z  INFO 1 --- [zil-additional-service] [   scheduling-1] r.a.observability.ObservabilityService   : LAB9 Observability window=10s category=http.main.rents count=129 sumNanos=5614399944 avgNanos=43522480
zil-additional-service  | 2026-05-06T18:34:19.489Z  INFO 1 --- [zil-additional-service] [   scheduling-1] r.a.observability.ObservabilityService   : LAB9 Observability window=30s category=additional.statsComputation.stats count=399 sumNanos=762732 avgNanos=1911
zil-additional-service  | 2026-05-06T18:34:19.489Z  INFO 1 --- [zil-additional-service] [   scheduling-1] r.a.observability.ObservabilityService   : LAB9 Observability window=30s category=web.additional.stats count=399 sumNanos=17404846270 avgNanos=43621168
zil-additional-service  | 2026-05-06T18:34:19.489Z  INFO 1 --- [zil-additional-service] [   scheduling-1] r.a.observability.ObservabilityService   : LAB9 Observability window=30s category=http.main.rents count=399 sumNanos=17399641826 avgNanos=43608124
zil-additional-service  | 2026-05-06T18:34:19.489Z  INFO 1 --- [zil-additional-service] [   scheduling-1] r.a.observability.ObservabilityService   : LAB9 Observability window=1m category=additional.statsComputation.stats count=796 sumNanos=1072599 avgNanos=1347
zil-additional-service  | 2026-05-06T18:34:19.489Z  INFO 1 --- [zil-additional-service] [   scheduling-1] r.a.observability.ObservabilityService   : LAB9 Observability window=1m category=web.additional.stats count=796 sumNanos=34223137214 avgNanos=42993890
zil-additional-service  | 2026-05-06T18:34:19.489Z  INFO 1 --- [zil-additional-service] [   scheduling-1] r.a.observability.ObservabilityService   : LAB9 Observability window=1m category=http.main.rents count=796 sumNanos=34206065332 avgNanos=42972443
zil-additional-service  | 2026-05-06T18:34:24.489Z  INFO 1 --- [zil-additional-service] [   scheduling-1] r.a.observability.ObservabilityService   : LAB9 Observability window=10s category=additional.statsComputation.stats count=114 sumNanos=107374 avgNanos=941
zil-additional-service  | 2026-05-06T18:34:24.490Z  INFO 1 --- [zil-additional-service] [   scheduling-1] r.a.observability.ObservabilityService   : LAB9 Observability window=10s category=web.additional.stats count=114 sumNanos=5036880972 avgNanos=44183166
zil-additional-service  | 2026-05-06T18:34:24.490Z  INFO 1 --- [zil-additional-service] [   scheduling-1] r.a.observability.ObservabilityService   : LAB9 Observability window=10s category=http.main.rents count=114 sumNanos=5034497383 avgNanos=44162257
zil-additional-service  | 2026-05-06T18:34:24.490Z  INFO 1 --- [zil-additional-service] [   scheduling-1] r.a.observability.ObservabilityService   : LAB9 Observability window=30s category=additional.statsComputation.stats count=376 sumNanos=762912 avgNanos=2029
zil-additional-service  | 2026-05-06T18:34:24.490Z  INFO 1 --- [zil-additional-service] [   scheduling-1] r.a.observability.ObservabilityService   : LAB9 Observability window=30s category=web.additional.stats count=376 sumNanos=16434140327 avgNanos=43707820
zil-additional-service  | 2026-05-06T18:34:24.490Z  INFO 1 --- [zil-additional-service] [   scheduling-1] r.a.observability.ObservabilityService   : LAB9 Observability window=30s category=http.main.rents count=376 sumNanos=16428169869 avgNanos=43691941
zil-additional-service  | 2026-05-06T18:34:24.491Z  INFO 1 --- [zil-additional-service] [   scheduling-1] r.a.observability.ObservabilityService   : LAB9 Observability window=1m category=additional.statsComputation.stats count=787 sumNanos=1082658 avgNanos=1375
zil-additional-service  | 2026-05-06T18:34:24.491Z  INFO 1 --- [zil-additional-service] [   scheduling-1] r.a.observability.ObservabilityService   : LAB9 Observability window=1m category=web.additional.stats count=787 sumNanos=33937551489 avgNanos=43122682
zil-additional-service  | 2026-05-06T18:34:24.491Z  INFO 1 --- [zil-additional-service] [   scheduling-1] r.a.observability.ObservabilityService   : LAB9 Observability window=1m category=http.main.rents count=787 sumNanos=33921941546 avgNanos=43102848
zil-additional-service  | 2026-05-06T18:34:29.355Z  INFO 1 --- [zil-additional-service] [   scheduling-1] r.additional.service.ClientCacheService  : [client-cache-statistics] Client cache size=48848
zil-additional-service  | 2026-05-06T18:34:29.355Z  INFO 1 --- [zil-additional-service] [   scheduling-1] r.additional.service.CarCacheService     : [car-cache-statistics] Car cache size=1000
zil-additional-service  | 2026-05-06T18:34:29.491Z  INFO 1 --- [zil-additional-service] [   scheduling-1] r.a.observability.ObservabilityService   : LAB9 Observability window=10s category=additional.statsComputation.stats count=117 sumNanos=104426 avgNanos=892
zil-additional-service  | 2026-05-06T18:34:29.492Z  INFO 1 --- [zil-additional-service] [   scheduling-1] r.a.observability.ObservabilityService   : LAB9 Observability window=10s category=web.additional.stats count=117 sumNanos=5311766253 avgNanos=45399711
zil-additional-service  | 2026-05-06T18:34:29.492Z  INFO 1 --- [zil-additional-service] [   scheduling-1] r.a.observability.ObservabilityService   : LAB9 Observability window=10s category=http.main.rents count=117 sumNanos=5309462142 avgNanos=45380018
zil-additional-service  | 2026-05-06T18:34:29.492Z  INFO 1 --- [zil-additional-service] [   scheduling-1] r.a.observability.ObservabilityService   : LAB9 Observability window=30s category=additional.statsComputation.stats count=373 sumNanos=749815 avgNanos=2010
zil-additional-service  | 2026-05-06T18:34:29.492Z  INFO 1 --- [zil-additional-service] [   scheduling-1] r.a.observability.ObservabilityService   : LAB9 Observability window=30s category=web.additional.stats count=373 sumNanos=16506002900 avgNanos=44252018
zil-additional-service  | 2026-05-06T18:34:29.492Z  INFO 1 --- [zil-additional-service] [   scheduling-1] r.a.observability.ObservabilityService   : LAB9 Observability window=30s category=http.main.rents count=373 sumNanos=16500235420 avgNanos=44236556
zil-additional-service  | 2026-05-06T18:34:29.492Z  INFO 1 --- [zil-additional-service] [   scheduling-1] r.a.observability.ObservabilityService   : LAB9 Observability window=1m category=additional.statsComputation.stats count=791 sumNanos=1084746 avgNanos=1371
zil-additional-service  | 2026-05-06T18:34:29.492Z  INFO 1 --- [zil-additional-service] [   scheduling-1] r.a.observability.ObservabilityService   : LAB9 Observability window=1m category=web.additional.stats count=791 sumNanos=34342352571 avgNanos=43416374
zil-additional-service  | 2026-05-06T18:34:29.493Z  INFO 1 --- [zil-additional-service] [   scheduling-1] r.a.observability.ObservabilityService   : LAB9 Observability window=1m category=http.main.rents count=791 sumNanos=34327452123 avgNanos=43397537
zil-additional-service  | 2026-05-06T18:34:34.493Z  INFO 1 --- [zil-additional-service] [   scheduling-1] r.a.observability.ObservabilityService   : LAB9 Observability window=10s category=additional.statsComputation.stats count=126 sumNanos=105434 avgNanos=836
zil-additional-service  | 2026-05-06T18:34:34.493Z  INFO 1 --- [zil-additional-service] [   scheduling-1] r.a.observability.ObservabilityService   : LAB9 Observability window=10s category=web.additional.stats count=126 sumNanos=5416217535 avgNanos=42985853
zil-additional-service  | 2026-05-06T18:34:34.493Z  INFO 1 --- [zil-additional-service] [   scheduling-1] r.a.observability.ObservabilityService   : LAB9 Observability window=10s category=http.main.rents count=126 sumNanos=5415109232 avgNanos=42977057
zil-additional-service  | 2026-05-06T18:34:34.494Z  INFO 1 --- [zil-additional-service] [   scheduling-1] r.a.observability.ObservabilityService   : LAB9 Observability window=30s category=additional.statsComputation.stats count=382 sumNanos=325393 avgNanos=851
zil-additional-service  | 2026-05-06T18:34:34.494Z  INFO 1 --- [zil-additional-service] [   scheduling-1] r.a.observability.ObservabilityService   : LAB9 Observability window=30s category=web.additional.stats count=382 sumNanos=16717994507 avgNanos=43764383
zil-additional-service  | 2026-05-06T18:34:34.494Z  INFO 1 --- [zil-additional-service] [   scheduling-1] r.a.observability.ObservabilityService   : LAB9 Observability window=30s category=http.main.rents count=382 sumNanos=16712824641 avgNanos=43750849
zil-additional-service  | 2026-05-06T18:34:34.494Z  INFO 1 --- [zil-additional-service] [   scheduling-1] r.a.observability.ObservabilityService   : LAB9 Observability window=1m category=additional.statsComputation.stats count=787 sumNanos=1095171 avgNanos=1391
zil-additional-service  | 2026-05-06T18:34:34.494Z  INFO 1 --- [zil-additional-service] [   scheduling-1] r.a.observability.ObservabilityService   : LAB9 Observability window=1m category=web.additional.stats count=787 sumNanos=33925711321 avgNanos=43107638
zil-additional-service  | 2026-05-06T18:34:34.494Z  INFO 1 --- [zil-additional-service] [   scheduling-1] r.a.observability.ObservabilityService   : LAB9 Observability window=1m category=http.main.rents count=787 sumNanos=33915266439 avgNanos=43094366
zil-additional-service  | 2026-05-06T18:34:39.355Z  INFO 1 --- [zil-additional-service] [   scheduling-1] r.additional.service.ClientCacheService  : [client-cache-statistics] Client cache size=48848
zil-additional-service  | 2026-05-06T18:34:39.355Z  INFO 1 --- [zil-additional-service] [   scheduling-1] r.additional.service.CarCacheService     : [car-cache-statistics] Car cache size=1000
zil-additional-service  | 2026-05-06T18:34:39.495Z  INFO 1 --- [zil-additional-service] [   scheduling-1] r.a.observability.ObservabilityService   : LAB9 Observability window=10s category=additional.statsComputation.stats count=116 sumNanos=106999 avgNanos=922
zil-additional-service  | 2026-05-06T18:34:39.495Z  INFO 1 --- [zil-additional-service] [   scheduling-1] r.a.observability.ObservabilityService   : LAB9 Observability window=10s category=web.additional.stats count=116 sumNanos=4777578321 avgNanos=41186020
zil-additional-service  | 2026-05-06T18:34:39.495Z  INFO 1 --- [zil-additional-service] [   scheduling-1] r.a.observability.ObservabilityService   : LAB9 Observability window=10s category=http.main.rents count=116 sumNanos=4776691630 avgNanos=41178376
zil-additional-service  | 2026-05-06T18:34:39.495Z  INFO 1 --- [zil-additional-service] [   scheduling-1] r.a.observability.ObservabilityService   : LAB9 Observability window=30s category=additional.statsComputation.stats count=361 sumNanos=315247 avgNanos=873
zil-additional-service  | 2026-05-06T18:34:39.495Z  INFO 1 --- [zil-additional-service] [   scheduling-1] r.a.observability.ObservabilityService   : LAB9 Observability window=30s category=web.additional.stats count=361 sumNanos=15635337201 avgNanos=43311183
zil-additional-service  | 2026-05-06T18:34:39.495Z  INFO 1 --- [zil-additional-service] [   scheduling-1] r.a.observability.ObservabilityService   : LAB9 Observability window=30s category=http.main.rents count=361 sumNanos=15630653556 avgNanos=43298209
zil-additional-service  | 2026-05-06T18:34:39.496Z  INFO 1 --- [zil-additional-service] [   scheduling-1] r.a.observability.ObservabilityService   : LAB9 Observability window=1m category=additional.statsComputation.stats count=773 sumNanos=1090085 avgNanos=1410
zil-additional-service  | 2026-05-06T18:34:39.496Z  INFO 1 --- [zil-additional-service] [   scheduling-1] r.a.observability.ObservabilityService   : LAB9 Observability window=1m category=web.additional.stats count=773 sumNanos=33552098377 avgNanos=43405043
zil-additional-service  | 2026-05-06T18:34:39.496Z  INFO 1 --- [zil-additional-service] [   scheduling-1] r.a.observability.ObservabilityService   : LAB9 Observability window=1m category=http.main.rents count=773 sumNanos=33542058804 avgNanos=43392055
zil-additional-service  | 2026-05-06T18:34:44.496Z  INFO 1 --- [zil-additional-service] [   scheduling-1] r.a.observability.ObservabilityService   : LAB9 Observability window=10s category=additional.statsComputation.stats count=107 sumNanos=96134 avgNanos=898
zil-additional-service  | 2026-05-06T18:34:44.496Z  INFO 1 --- [zil-additional-service] [   scheduling-1] r.a.observability.ObservabilityService   : LAB9 Observability window=10s category=web.additional.stats count=107 sumNanos=4733285468 avgNanos=44236312
zil-additional-service  | 2026-05-06T18:34:44.496Z  INFO 1 --- [zil-additional-service] [   scheduling-1] r.a.observability.ObservabilityService   : LAB9 Observability window=10s category=http.main.rents count=107 sumNanos=4732441962 avgNanos=44228429
zil-additional-service  | 2026-05-06T18:34:44.497Z  INFO 1 --- [zil-additional-service] [   scheduling-1] r.a.observability.ObservabilityService   : LAB9 Observability window=30s category=additional.statsComputation.stats count=347 sumNanos=308942 avgNanos=890
zil-additional-service  | 2026-05-06T18:34:44.497Z  INFO 1 --- [zil-additional-service] [   scheduling-1] r.a.observability.ObservabilityService   : LAB9 Observability window=30s category=web.additional.stats count=347 sumNanos=15186383975 avgNanos=43764795
zil-additional-service  | 2026-05-06T18:34:44.497Z  INFO 1 --- [zil-additional-service] [   scheduling-1] r.a.observability.ObservabilityService   : LAB9 Observability window=30s category=http.main.rents count=347 sumNanos=15182048577 avgNanos=43752301
zil-additional-service  | 2026-05-06T18:34:44.497Z  INFO 1 --- [zil-additional-service] [   scheduling-1] r.a.observability.ObservabilityService   : LAB9 Observability window=1m category=additional.statsComputation.stats count=755 sumNanos=1079609 avgNanos=1429
zil-additional-service  | 2026-05-06T18:34:44.497Z  INFO 1 --- [zil-additional-service] [   scheduling-1] r.a.observability.ObservabilityService   : LAB9 Observability window=1m category=web.additional.stats count=755 sumNanos=32897835227 avgNanos=43573291
zil-additional-service  | 2026-05-06T18:34:44.497Z  INFO 1 --- [zil-additional-service] [   scheduling-1] r.a.observability.ObservabilityService   : LAB9 Observability window=1m category=http.main.rents count=755 sumNanos=32888133987 avgNanos=43560442
zil-additional-service  | 2026-05-06T18:34:49.355Z  INFO 1 --- [zil-additional-service] [   scheduling-1] r.additional.service.ClientCacheService  : [client-cache-statistics] Client cache size=48848
zil-additional-service  | 2026-05-06T18:34:49.356Z  INFO 1 --- [zil-additional-service] [   scheduling-1] r.additional.service.CarCacheService     : [car-cache-statistics] Car cache size=1000
zil-additional-service  | 2026-05-06T18:34:49.497Z  INFO 1 --- [zil-additional-service] [   scheduling-1] r.a.observability.ObservabilityService   : LAB9 Observability window=10s category=additional.statsComputation.stats count=119 sumNanos=98447 avgNanos=827
zil-additional-service  | 2026-05-06T18:34:49.498Z  INFO 1 --- [zil-additional-service] [   scheduling-1] r.a.observability.ObservabilityService   : LAB9 Observability window=10s category=web.additional.stats count=119 sumNanos=5211385876 avgNanos=43793158
zil-additional-service  | 2026-05-06T18:34:49.498Z  INFO 1 --- [zil-additional-service] [   scheduling-1] r.a.observability.ObservabilityService   : LAB9 Observability window=10s category=http.main.rents count=119 sumNanos=5210505773 avgNanos=43785762
zil-additional-service  | 2026-05-06T18:34:49.498Z  INFO 1 --- [zil-additional-service] [   scheduling-1] r.a.observability.ObservabilityService   : LAB9 Observability window=30s category=additional.statsComputation.stats count=352 sumNanos=309872 avgNanos=880
zil-additional-service  | 2026-05-06T18:34:49.498Z  INFO 1 --- [zil-additional-service] [   scheduling-1] r.a.observability.ObservabilityService   : LAB9 Observability window=30s category=web.additional.stats count=352 sumNanos=15300730450 avgNanos=43467984
zil-additional-service  | 2026-05-06T18:34:49.498Z  INFO 1 --- [zil-additional-service] [   scheduling-1] r.a.observability.ObservabilityService   : LAB9 Observability window=30s category=http.main.rents count=352 sumNanos=15296659545 avgNanos=43456419
zil-additional-service  | 2026-05-06T18:34:49.498Z  INFO 1 --- [zil-additional-service] [   scheduling-1] r.a.observability.ObservabilityService   : LAB9 Observability window=1m category=additional.statsComputation.stats count=751 sumNanos=1072604 avgNanos=1428
zil-additional-service  | 2026-05-06T18:34:49.498Z  INFO 1 --- [zil-additional-service] [   scheduling-1] r.a.observability.ObservabilityService   : LAB9 Observability window=1m category=web.additional.stats count=751 sumNanos=32705576720 avgNanos=43549369
zil-additional-service  | 2026-05-06T18:34:49.498Z  INFO 1 --- [zil-additional-service] [   scheduling-1] r.a.observability.ObservabilityService   : LAB9 Observability window=1m category=http.main.rents count=751 sumNanos=32696301371 avgNanos=43537019
zil-additional-service  | 2026-05-06T18:34:54.499Z  INFO 1 --- [zil-additional-service] [   scheduling-1] r.a.observability.ObservabilityService   : LAB9 Observability window=10s category=additional.statsComputation.stats count=158 sumNanos=121200 avgNanos=767
zil-additional-service  | 2026-05-06T18:34:54.499Z  INFO 1 --- [zil-additional-service] [   scheduling-1] r.a.observability.ObservabilityService   : LAB9 Observability window=10s category=web.additional.stats count=158 sumNanos=6833953529 avgNanos=43252870
zil-additional-service  | 2026-05-06T18:34:54.499Z  INFO 1 --- [zil-additional-service] [   scheduling-1] r.a.observability.ObservabilityService   : LAB9 Observability window=10s category=http.main.rents count=158 sumNanos=6831001336 avgNanos=43234185
zil-additional-service  | 2026-05-06T18:34:54.499Z  INFO 1 --- [zil-additional-service] [   scheduling-1] r.a.observability.ObservabilityService   : LAB9 Observability window=30s category=additional.statsComputation.stats count=391 sumNanos=322768 avgNanos=825
zil-additional-service  | 2026-05-06T18:34:54.499Z  INFO 1 --- [zil-additional-service] [   scheduling-1] r.a.observability.ObservabilityService   : LAB9 Observability window=30s category=web.additional.stats count=391 sumNanos=16983456532 avgNanos=43435950
zil-additional-service  | 2026-05-06T18:34:54.499Z  INFO 1 --- [zil-additional-service] [   scheduling-1] r.a.observability.ObservabilityService   : LAB9 Observability window=30s category=http.main.rents count=391 sumNanos=16978552530 avgNanos=43423408
zil-additional-service  | 2026-05-06T18:34:54.499Z  INFO 1 --- [zil-additional-service] [   scheduling-1] r.a.observability.ObservabilityService   : LAB9 Observability window=1m category=additional.statsComputation.stats count=767 sumNanos=1085680 avgNanos=1415
zil-additional-service  | 2026-05-06T18:34:54.499Z  INFO 1 --- [zil-additional-service] [   scheduling-1] r.a.observability.ObservabilityService   : LAB9 Observability window=1m category=web.additional.stats count=767 sumNanos=33417596859 avgNanos=43569226
zil-additional-service  | 2026-05-06T18:34:54.499Z  INFO 1 --- [zil-additional-service] [   scheduling-1] r.a.observability.ObservabilityService   : LAB9 Observability window=1m category=http.main.rents count=767 sumNanos=33406722399 avgNanos=43555048
zil-additional-service  | 2026-05-06T18:34:59.355Z  INFO 1 --- [zil-additional-service] [   scheduling-1] r.additional.service.ClientCacheService  : [client-cache-statistics] Client cache size=48848
zil-additional-service  | 2026-05-06T18:34:59.355Z  INFO 1 --- [zil-additional-service] [   scheduling-1] r.additional.service.CarCacheService     : [car-cache-statistics] Car cache size=1000
zil-additional-service  | 2026-05-06T18:34:59.500Z  INFO 1 --- [zil-additional-service] [   scheduling-1] r.a.observability.ObservabilityService   : LAB9 Observability window=10s category=additional.statsComputation.stats count=158 sumNanos=156315 avgNanos=989
zil-additional-service  | 2026-05-06T18:34:59.500Z  INFO 1 --- [zil-additional-service] [   scheduling-1] r.a.observability.ObservabilityService   : LAB9 Observability window=10s category=web.additional.stats count=158 sumNanos=6866759146 avgNanos=43460500
zil-additional-service  | 2026-05-06T18:34:59.500Z  INFO 1 --- [zil-additional-service] [   scheduling-1] r.a.observability.ObservabilityService   : LAB9 Observability window=10s category=http.main.rents count=158 sumNanos=6863781913 avgNanos=43441657
zil-additional-service  | 2026-05-06T18:34:59.500Z  INFO 1 --- [zil-additional-service] [   scheduling-1] r.a.observability.ObservabilityService   : LAB9 Observability window=30s category=additional.statsComputation.stats count=393 sumNanos=361761 avgNanos=920
zil-additional-service  | 2026-05-06T18:34:59.500Z  INFO 1 --- [zil-additional-service] [   scheduling-1] r.a.observability.ObservabilityService   : LAB9 Observability window=30s category=web.additional.stats count=393 sumNanos=16855723343 avgNanos=42889881
zil-additional-service  | 2026-05-06T18:34:59.500Z  INFO 1 --- [zil-additional-service] [   scheduling-1] r.a.observability.ObservabilityService   : LAB9 Observability window=30s category=http.main.rents count=393 sumNanos=16850979316 avgNanos=42877809
zil-additional-service  | 2026-05-06T18:34:59.500Z  INFO 1 --- [zil-additional-service] [   scheduling-1] r.a.observability.ObservabilityService   : LAB9 Observability window=1m category=additional.statsComputation.stats count=766 sumNanos=1111576 avgNanos=1451
zil-additional-service  | 2026-05-06T18:34:59.500Z  INFO 1 --- [zil-additional-service] [   scheduling-1] r.a.observability.ObservabilityService   : LAB9 Observability window=1m category=web.additional.stats count=766 sumNanos=33361726243 avgNanos=43553167
zil-additional-service  | 2026-05-06T18:34:59.500Z  INFO 1 --- [zil-additional-service] [   scheduling-1] r.a.observability.ObservabilityService   : LAB9 Observability window=1m category=http.main.rents count=766 sumNanos=33351214736 avgNanos=43539444
zil-additional-service  | 2026-05-06T18:35:04.501Z  INFO 1 --- [zil-additional-service] [   scheduling-1] r.a.observability.ObservabilityService   : LAB9 Observability window=10s category=additional.statsComputation.stats count=124 sumNanos=137890 avgNanos=1112
zil-additional-service  | 2026-05-06T18:35:04.501Z  INFO 1 --- [zil-additional-service] [   scheduling-1] r.a.observability.ObservabilityService   : LAB9 Observability window=10s category=web.additional.stats count=124 sumNanos=5566348974 avgNanos=44889911
zil-additional-service  | 2026-05-06T18:35:04.501Z  INFO 1 --- [zil-additional-service] [   scheduling-1] r.a.observability.ObservabilityService   : LAB9 Observability window=10s category=http.main.rents count=124 sumNanos=5565493180 avgNanos=44883009
zil-additional-service  | 2026-05-06T18:35:04.501Z  INFO 1 --- [zil-additional-service] [   scheduling-1] r.a.observability.ObservabilityService   : LAB9 Observability window=30s category=additional.statsComputation.stats count=389 sumNanos=355224 avgNanos=913
zil-additional-service  | 2026-05-06T18:35:04.501Z  INFO 1 --- [zil-additional-service] [   scheduling-1] r.a.observability.ObservabilityService   : LAB9 Observability window=30s category=web.additional.stats count=389 sumNanos=17133587971 avgNanos=44045213
zil-additional-service  | 2026-05-06T18:35:04.501Z  INFO 1 --- [zil-additional-service] [   scheduling-1] r.a.observability.ObservabilityService   : LAB9 Observability window=30s category=http.main.rents count=389 sumNanos=17128936478 avgNanos=44033255
zil-additional-service  | 2026-05-06T18:35:04.501Z  INFO 1 --- [zil-additional-service] [   scheduling-1] r.a.observability.ObservabilityService   : LAB9 Observability window=1m category=additional.statsComputation.stats count=771 sumNanos=680617 avgNanos=882
zil-additional-service  | 2026-05-06T18:35:04.502Z  INFO 1 --- [zil-additional-service] [   scheduling-1] r.a.observability.ObservabilityService   : LAB9 Observability window=1m category=web.additional.stats count=771 sumNanos=33851582478 avgNanos=43906073
zil-additional-service  | 2026-05-06T18:35:04.502Z  INFO 1 --- [zil-additional-service] [   scheduling-1] r.a.observability.ObservabilityService   : LAB9 Observability window=1m category=http.main.rents count=771 sumNanos=33841761119 avgNanos=43893334
