zil-app  | 
zil-app  |   .   ____          _            __ _ _
zil-app  |  /\\ / ___'_ __ _ _(_)_ __  __ _ \ \ \ \
zil-additional-service  | 
zil-additional-service  |   .   ____          _            __ _ _
zil-additional-service  |  /\\ / ___'_ __ _ _(_)_ __  __ _ \ \ \ \
zil-additional-service  | ( ( )\___ | '_ | '_| | '_ \/ _` | \ \ \ \
zil-additional-service  |  \\/  ___)| |_)| | | | | || (_| |  ) ) ) )
zil-additional-service  |   '  |____| .__|_| |_|_| |_\__, | / / / /
zil-additional-service  |  =========|_|==============|___/=/_/_/_/
zil-additional-service  | 
zil-additional-service  |  :: Spring Boot ::                (v4.0.6)
zil-additional-service  | 
zil-additional-service  | 2026-05-05T00:22:21.321Z  INFO 1 --- [zil-additional-service] [           main] r.a.ZilAdditionalServiceApplication      : Starting ZilAdditionalServiceApplication v0.0.1-SNAPSHOT using Java 25.0.3 with PID 1 (/app/app.jar started by root in /app)
zil-additional-service  | 2026-05-05T00:22:21.342Z  INFO 1 --- [zil-additional-service] [           main] r.a.ZilAdditionalServiceApplication      : No active profile set, falling back to 1 default profile: "default"
zil-app                 | ( ( )\___ | '_ | '_| | '_ \/ _` | \ \ \ \
zil-app                 |  \\/  ___)| |_)| | | | | || (_| |  ) ) ) )
zil-app                 |   '  |____| .__|_| |_|_| |_\__, | / / / /
zil-app                 |  =========|_|==============|___/=/_/_/_/
zil-app                 | 
zil-app                 |  :: Spring Boot ::                (v4.0.3)
zil-app                 | 
zil-app                 | 2026-05-05T00:22:21.318Z  INFO 1 --- [           main] rental.Application                       : Starting Application v1.0-SNAPSHOT using Java 25.0.3 with PID 1 (/app/app.jar started by root in /app)
zil-app                 | 2026-05-05T00:22:21.331Z  INFO 1 --- [           main] rental.Application                       : No active profile set, falling back to 1 default profile: "default"
zil-app                 | 2026-05-05T00:22:24.329Z  INFO 1 --- [           main] .s.d.r.c.RepositoryConfigurationDelegate : Bootstrapping Spring Data JPA repositories in DEFAULT mode.
zil-app                 | 2026-05-05T00:22:24.532Z  INFO 1 --- [           main] .s.d.r.c.RepositoryConfigurationDelegate : Finished Spring Data repository scanning in 170 ms. Found 3 JPA repository interfaces.
zil-app                 | 2026-05-05T00:22:26.595Z  INFO 1 --- [           main] o.s.boot.tomcat.TomcatWebServer          : Tomcat initialized with port 8083 (http)
zil-app                 | 2026-05-05T00:22:26.629Z  INFO 1 --- [           main] o.apache.catalina.core.StandardService   : Starting service [Tomcat]
zil-app                 | 2026-05-05T00:22:26.633Z  INFO 1 --- [           main] o.apache.catalina.core.StandardEngine    : Starting Servlet engine: [Apache Tomcat/11.0.18]
zil-app                 | 2026-05-05T00:22:26.923Z  INFO 1 --- [           main] b.w.c.s.WebApplicationContextInitializer : Root WebApplicationContext: initialization completed in 5392 ms
zil-app                 | 2026-05-05T00:22:28.986Z  INFO 1 --- [           main] com.zaxxer.hikari.HikariDataSource       : HikariPool-1 - Starting...
zil-app                 | 2026-05-05T00:22:29.488Z  INFO 1 --- [           main] com.zaxxer.hikari.pool.HikariPool        : HikariPool-1 - Added connection org.postgresql.jdbc.PgConnection@16029e2f
zil-app                 | 2026-05-05T00:22:29.491Z  INFO 1 --- [           main] com.zaxxer.hikari.HikariDataSource       : HikariPool-1 - Start completed.
zil-app                 | 2026-05-05T00:22:29.578Z  INFO 1 --- [           main] org.flywaydb.core.FlywayExecutor         : Database: jdbc:postgresql://hl12.zil:5433/hl7?currentSchema=hl7 (PostgreSQL 16.13)
zil-app                 | 2026-05-05T00:22:29.871Z  INFO 1 --- [           main] o.f.core.internal.command.DbValidate     : Successfully validated 3 migrations (execution time 00:00.114s)
zil-app                 | 2026-05-05T00:22:30.000Z  INFO 1 --- [           main] o.f.core.internal.command.DbMigrate      : Current version of schema "hl7": 2
zil-app                 | 2026-05-05T00:22:30.050Z  INFO 1 --- [           main] o.f.core.internal.command.DbMigrate      : Schema "hl7" is up to date. No migration necessary.
zil-app                 | 2026-05-05T00:22:30.575Z  INFO 1 --- [           main] org.hibernate.orm.jpa                    : HHH008540: Processing PersistenceUnitInfo [name: default]
zil-app                 | 2026-05-05T00:22:30.796Z  INFO 1 --- [           main] org.hibernate.orm.core                   : HHH000001: Hibernate ORM core version 7.2.4.Final
zil-app                 | 2026-05-05T00:22:32.585Z  INFO 1 --- [           main] o.s.o.j.p.SpringPersistenceUnitInfo      : No LoadTimeWeaver setup: ignoring JPA class transformer
zil-app                 | 2026-05-05T00:22:32.889Z  INFO 1 --- [           main] org.hibernate.orm.connections.pooling    : HHH10001005: Database info:
zil-app                 | 	Database JDBC URL [jdbc:postgresql://hl12.zil:5433/hl7?currentSchema=hl7]
zil-app                 | 	Database driver: PostgreSQL JDBC Driver
zil-app                 | 	Database dialect: PostgreSQLDialect
zil-app                 | 	Database version: 16.13
zil-app                 | 	Default catalog/schema: hl7/hl7
zil-app                 | 	Autocommit mode: undefined/unknown
zil-app                 | 	Isolation level: READ_COMMITTED [default READ_COMMITTED]
zil-app                 | 	JDBC fetch size: none
zil-app                 | 	Pool: DataSourceConnectionProvider
zil-app                 | 	Minimum pool size: undefined/unknown
zil-app                 | 	Maximum pool size: undefined/unknown
zil-app                 | 2026-05-05T00:22:36.190Z  INFO 1 --- [           main] org.hibernate.orm.core                   : HHH000489: No JTA platform available (set 'hibernate.transaction.jta.platform' to enable JTA platform integration)
zil-app                 | 2026-05-05T00:22:36.315Z  INFO 1 --- [           main] j.LocalContainerEntityManagerFactoryBean : Initialized JPA EntityManagerFactory for persistence unit 'default'
zil-app                 | 2026-05-05T00:22:36.572Z  INFO 1 --- [           main] o.s.d.j.r.query.QueryEnhancerFactories   : Hibernate is in classpath; If applicable, HQL parser will be used.
zil-app                 | 2026-05-05T00:22:40.663Z  INFO 1 --- [           main] o.s.boot.tomcat.TomcatWebServer          : Tomcat started on port 8083 (http) with context path '/'
zil-app                 | 2026-05-05T00:22:40.680Z  INFO 1 --- [           main] rental.Application                       : Started Application in 20.778 seconds (process running for 22.45)
zil-app                 | 2026-05-05T00:23:03.574Z  INFO 1 --- [nio-8083-exec-1] o.a.c.c.C.[Tomcat].[localhost].[/]       : Initializing Spring DispatcherServlet 'dispatcherServlet'
zil-app                 | 2026-05-05T00:23:03.574Z  INFO 1 --- [nio-8083-exec-1] o.s.web.servlet.DispatcherServlet        : Initializing Servlet 'dispatcherServlet'
zil-app                 | 2026-05-05T00:23:03.576Z  INFO 1 --- [nio-8083-exec-1] o.s.web.servlet.DispatcherServlet        : Completed initialization in 1 ms
zil-app                 | 2026-05-05T00:23:05.682Z  INFO 1 --- [   scheduling-1] r.observability.ObservabilityService     : LAB9 Observability window=10s category=web.ClientController.getClients count=1 sumNanos=345668609 avgNanos=345668609
zil-app                 | 2026-05-05T00:23:05.682Z  INFO 1 --- [   scheduling-1] r.observability.ObservabilityService     : LAB9 Observability window=10s category=db.stats.countRents count=1 sumNanos=14398053 avgNanos=14398053
zil-app                 | 2026-05-05T00:23:05.682Z  INFO 1 --- [   scheduling-1] r.observability.ObservabilityService     : LAB9 Observability window=10s category=web.RentController.getRents count=1 sumNanos=161012195 avgNanos=161012195
zil-app                 | 2026-05-05T00:23:05.683Z  INFO 1 --- [   scheduling-1] r.observability.ObservabilityService     : LAB9 Observability window=10s category=db.client.findAll count=1 sumNanos=345352965 avgNanos=345352965
zil-app                 | 2026-05-05T00:23:05.683Z  INFO 1 --- [   scheduling-1] r.observability.ObservabilityService     : LAB9 Observability window=10s category=db.rent.findAll count=1 sumNanos=160739029 avgNanos=160739029
zil-app                 | 2026-05-05T00:23:05.683Z  INFO 1 --- [   scheduling-1] r.observability.ObservabilityService     : LAB9 Observability window=10s category=db.stats.countClients count=1 sumNanos=15020908 avgNanos=15020908
zil-app                 | 2026-05-05T00:23:05.683Z  INFO 1 --- [   scheduling-1] r.observability.ObservabilityService     : LAB9 Observability window=10s category=db.stats.countCars count=1 sumNanos=310208593 avgNanos=310208593
zil-app                 | 2026-05-05T00:23:05.683Z  INFO 1 --- [   scheduling-1] r.observability.ObservabilityService     : LAB9 Observability window=10s category=web.CarController.getCars count=1 sumNanos=125257312 avgNanos=125257312
zil-app                 | 2026-05-05T00:23:05.683Z  INFO 1 --- [   scheduling-1] r.observability.ObservabilityService     : LAB9 Observability window=10s category=db.car.findAll count=1 sumNanos=125003664 avgNanos=125003664
zil-app                 | 2026-05-05T00:23:05.683Z  INFO 1 --- [   scheduling-1] r.observability.ObservabilityService     : LAB9 Observability window=10s category=web.StatsController.stats count=1 sumNanos=340475947 avgNanos=340475947
zil-app                 | 2026-05-05T00:23:05.683Z  INFO 1 --- [   scheduling-1] r.observability.ObservabilityService     : LAB9 Observability window=30s category=web.ClientController.getClients count=1 sumNanos=345668609 avgNanos=345668609
zil-app                 | 2026-05-05T00:23:05.683Z  INFO 1 --- [   scheduling-1] r.observability.ObservabilityService     : LAB9 Observability window=30s category=db.stats.countRents count=1 sumNanos=14398053 avgNanos=14398053
zil-app                 | 2026-05-05T00:23:05.683Z  INFO 1 --- [   scheduling-1] r.observability.ObservabilityService     : LAB9 Observability window=30s category=web.RentController.getRents count=1 sumNanos=161012195 avgNanos=161012195
zil-app                 | 2026-05-05T00:23:05.683Z  INFO 1 --- [   scheduling-1] r.observability.ObservabilityService     : LAB9 Observability window=30s category=db.client.findAll count=1 sumNanos=345352965 avgNanos=345352965
zil-app                 | 2026-05-05T00:23:05.683Z  INFO 1 --- [   scheduling-1] r.observability.ObservabilityService     : LAB9 Observability window=30s category=db.rent.findAll count=1 sumNanos=160739029 avgNanos=160739029
zil-app                 | 2026-05-05T00:23:05.683Z  INFO 1 --- [   scheduling-1] r.observability.ObservabilityService     : LAB9 Observability window=30s category=db.stats.countClients count=1 sumNanos=15020908 avgNanos=15020908
zil-app                 | 2026-05-05T00:23:05.683Z  INFO 1 --- [   scheduling-1] r.observability.ObservabilityService     : LAB9 Observability window=30s category=db.stats.countCars count=1 sumNanos=310208593 avgNanos=310208593
zil-app                 | 2026-05-05T00:23:05.684Z  INFO 1 --- [   scheduling-1] r.observability.ObservabilityService     : LAB9 Observability window=30s category=web.CarController.getCars count=1 sumNanos=125257312 avgNanos=125257312
zil-app                 | 2026-05-05T00:23:05.684Z  INFO 1 --- [   scheduling-1] r.observability.ObservabilityService     : LAB9 Observability window=30s category=db.car.findAll count=1 sumNanos=125003664 avgNanos=125003664
zil-app                 | 2026-05-05T00:23:05.684Z  INFO 1 --- [   scheduling-1] r.observability.ObservabilityService     : LAB9 Observability window=30s category=web.StatsController.stats count=1 sumNanos=340475947 avgNanos=340475947
zil-app                 | 2026-05-05T00:23:05.684Z  INFO 1 --- [   scheduling-1] r.observability.ObservabilityService     : LAB9 Observability window=1m category=web.ClientController.getClients count=1 sumNanos=345668609 avgNanos=345668609
zil-app                 | 2026-05-05T00:23:05.684Z  INFO 1 --- [   scheduling-1] r.observability.ObservabilityService     : LAB9 Observability window=1m category=db.stats.countRents count=1 sumNanos=14398053 avgNanos=14398053
zil-app                 | 2026-05-05T00:23:05.684Z  INFO 1 --- [   scheduling-1] r.observability.ObservabilityService     : LAB9 Observability window=1m category=web.RentController.getRents count=1 sumNanos=161012195 avgNanos=161012195
zil-app                 | 2026-05-05T00:23:05.684Z  INFO 1 --- [   scheduling-1] r.observability.ObservabilityService     : LAB9 Observability window=1m category=db.client.findAll count=1 sumNanos=345352965 avgNanos=345352965
zil-app                 | 2026-05-05T00:23:05.684Z  INFO 1 --- [   scheduling-1] r.observability.ObservabilityService     : LAB9 Observability window=1m category=db.rent.findAll count=1 sumNanos=160739029 avgNanos=160739029
zil-app                 | 2026-05-05T00:23:05.684Z  INFO 1 --- [   scheduling-1] r.observability.ObservabilityService     : LAB9 Observability window=1m category=db.stats.countClients count=1 sumNanos=15020908 avgNanos=15020908
zil-app                 | 2026-05-05T00:23:05.684Z  INFO 1 --- [   scheduling-1] r.observability.ObservabilityService     : LAB9 Observability window=1m category=db.stats.countCars count=1 sumNanos=310208593 avgNanos=310208593
zil-app                 | 2026-05-05T00:23:05.684Z  INFO 1 --- [   scheduling-1] r.observability.ObservabilityService     : LAB9 Observability window=1m category=web.CarController.getCars count=1 sumNanos=125257312 avgNanos=125257312
zil-app                 | 2026-05-05T00:23:05.684Z  INFO 1 --- [   scheduling-1] r.observability.ObservabilityService     : LAB9 Observability window=1m category=db.car.findAll count=1 sumNanos=125003664 avgNanos=125003664
zil-app                 | 2026-05-05T00:23:05.684Z  INFO 1 --- [   scheduling-1] r.observability.ObservabilityService     : LAB9 Observability window=1m category=web.StatsController.stats count=1 sumNanos=340475947 avgNanos=340475947
zil-app                 | 2026-05-05T00:23:10.709Z  INFO 1 --- [   scheduling-1] r.observability.ObservabilityService     : LAB9 Observability window=10s category=web.ClientController.getClients count=1 sumNanos=345668609 avgNanos=345668609
zil-app                 | 2026-05-05T00:23:10.709Z  INFO 1 --- [   scheduling-1] r.observability.ObservabilityService     : LAB9 Observability window=10s category=db.stats.countRents count=1 sumNanos=14398053 avgNanos=14398053
zil-app                 | 2026-05-05T00:23:10.709Z  INFO 1 --- [   scheduling-1] r.observability.ObservabilityService     : LAB9 Observability window=10s category=web.RentController.getRents count=73 sumNanos=38310648957 avgNanos=524803410
zil-app                 | 2026-05-05T00:23:10.709Z  INFO 1 --- [   scheduling-1] r.observability.ObservabilityService     : LAB9 Observability window=10s category=db.client.findAll count=1 sumNanos=345352965 avgNanos=345352965
zil-app                 | 2026-05-05T00:23:10.709Z  INFO 1 --- [   scheduling-1] r.observability.ObservabilityService     : LAB9 Observability window=10s category=db.rent.findAll count=73 sumNanos=38309401469 avgNanos=524786321
zil-app                 | 2026-05-05T00:23:10.710Z  INFO 1 --- [   scheduling-1] r.observability.ObservabilityService     : LAB9 Observability window=10s category=db.stats.countClients count=1 sumNanos=15020908 avgNanos=15020908
zil-app                 | 2026-05-05T00:23:10.710Z  INFO 1 --- [   scheduling-1] r.observability.ObservabilityService     : LAB9 Observability window=10s category=db.stats.countCars count=1 sumNanos=310208593 avgNanos=310208593
zil-app                 | 2026-05-05T00:23:10.710Z  INFO 1 --- [   scheduling-1] r.observability.ObservabilityService     : LAB9 Observability window=10s category=web.CarController.getCars count=79 sumNanos=28344464446 avgNanos=358790689
zil-app                 | 2026-05-05T00:23:10.710Z  INFO 1 --- [   scheduling-1] r.observability.ObservabilityService     : LAB9 Observability window=10s category=db.car.findAll count=79 sumNanos=28315521006 avgNanos=358424316
zil-app                 | 2026-05-05T00:23:10.710Z  INFO 1 --- [   scheduling-1] r.observability.ObservabilityService     : LAB9 Observability window=10s category=web.StatsController.stats count=1 sumNanos=340475947 avgNanos=340475947
zil-app                 | 2026-05-05T00:23:10.710Z  INFO 1 --- [   scheduling-1] r.observability.ObservabilityService     : LAB9 Observability window=30s category=web.ClientController.getClients count=1 sumNanos=345668609 avgNanos=345668609
zil-app                 | 2026-05-05T00:23:10.710Z  INFO 1 --- [   scheduling-1] r.observability.ObservabilityService     : LAB9 Observability window=30s category=db.stats.countRents count=1 sumNanos=14398053 avgNanos=14398053
zil-app                 | 2026-05-05T00:23:10.710Z  INFO 1 --- [   scheduling-1] r.observability.ObservabilityService     : LAB9 Observability window=30s category=web.RentController.getRents count=73 sumNanos=38310648957 avgNanos=524803410
zil-app                 | 2026-05-05T00:23:10.710Z  INFO 1 --- [   scheduling-1] r.observability.ObservabilityService     : LAB9 Observability window=30s category=db.client.findAll count=1 sumNanos=345352965 avgNanos=345352965
zil-app                 | 2026-05-05T00:23:10.710Z  INFO 1 --- [   scheduling-1] r.observability.ObservabilityService     : LAB9 Observability window=30s category=db.rent.findAll count=73 sumNanos=38309401469 avgNanos=524786321
zil-app                 | 2026-05-05T00:23:10.710Z  INFO 1 --- [   scheduling-1] r.observability.ObservabilityService     : LAB9 Observability window=30s category=db.stats.countClients count=1 sumNanos=15020908 avgNanos=15020908
zil-app                 | 2026-05-05T00:23:10.710Z  INFO 1 --- [   scheduling-1] r.observability.ObservabilityService     : LAB9 Observability window=30s category=db.stats.countCars count=1 sumNanos=310208593 avgNanos=310208593
zil-additional-service  | 2026-05-05T00:22:25.240Z  INFO 1 --- [zil-additional-service] [           main] o.s.boot.tomcat.TomcatWebServer          : Tomcat initialized with port 8084 (http)
zil-additional-service  | 2026-05-05T00:22:25.277Z  INFO 1 --- [zil-additional-service] [           main] o.apache.catalina.core.StandardService   : Starting service [Tomcat]
zil-additional-service  | 2026-05-05T00:22:25.278Z  INFO 1 --- [zil-additional-service] [           main] o.apache.catalina.core.StandardEngine    : Starting Servlet engine: [Apache Tomcat/11.0.21]
zil-additional-service  | 2026-05-05T00:22:25.521Z  INFO 1 --- [zil-additional-service] [           main] b.w.c.s.WebApplicationContextInitializer : Root WebApplicationContext: initialization completed in 3980 ms
zil-additional-service  | 2026-05-05T00:22:28.518Z  INFO 1 --- [zil-additional-service] [           main] o.s.b.a.e.web.EndpointLinksResolver      : Exposing 1 endpoint beneath base path '/actuator'
zil-additional-service  | 2026-05-05T00:22:28.844Z  INFO 1 --- [zil-additional-service] [           main] o.s.boot.tomcat.TomcatWebServer          : Tomcat started on port 8084 (http) with context path '/'
zil-additional-service  | 2026-05-05T00:22:28.878Z  INFO 1 --- [zil-additional-service] [           main] r.a.ZilAdditionalServiceApplication      : Started ZilAdditionalServiceApplication in 8.948 seconds (process running for 10.448)
zil-additional-service  | 2026-05-05T00:22:28.938Z  INFO 1 --- [zil-additional-service] [   scheduling-1] r.additional.service.ClientCacheService  : [client-cache-statistics] Client cache size=0
zil-additional-service  | 2026-05-05T00:22:38.866Z  INFO 1 --- [zil-additional-service] [   scheduling-1] r.additional.service.ClientCacheService  : [client-cache-statistics] Client cache size=0
zil-additional-service  | 2026-05-05T00:22:48.862Z  INFO 1 --- [zil-additional-service] [   scheduling-1] r.additional.service.ClientCacheService  : [client-cache-statistics] Client cache size=0
zil-additional-service  | 2026-05-05T00:22:58.862Z  INFO 1 --- [zil-additional-service] [   scheduling-1] r.additional.service.ClientCacheService  : [client-cache-statistics] Client cache size=0
zil-additional-service  | 2026-05-05T00:23:04.260Z  INFO 1 --- [zil-additional-service] [nio-8084-exec-1] o.a.c.c.C.[Tomcat].[localhost].[/]       : Initializing Spring DispatcherServlet 'dispatcherServlet'
zil-additional-service  | 2026-05-05T00:23:04.266Z  INFO 1 --- [zil-additional-service] [nio-8084-exec-1] o.s.web.servlet.DispatcherServlet        : Initializing Servlet 'dispatcherServlet'
zil-additional-service  | 2026-05-05T00:23:04.268Z  INFO 1 --- [zil-additional-service] [nio-8084-exec-1] o.s.web.servlet.DispatcherServlet        : Completed initialization in 1 ms
zil-additional-service  | 2026-05-05T00:23:08.866Z  INFO 1 --- [zil-additional-service] [   scheduling-1] r.additional.service.ClientCacheService  : [client-cache-statistics] Client cache size=1000
zil-additional-service  | 2026-05-05T00:23:08.951Z  INFO 1 --- [zil-additional-service] [   scheduling-1] r.a.observability.ObservabilityService   : LAB9 Observability window=10s category=additional.statsComputation.stats count=3 sumNanos=42413 avgNanos=14137
zil-additional-service  | 2026-05-05T00:23:08.954Z  INFO 1 --- [zil-additional-service] [   scheduling-1] r.a.observability.ObservabilityService   : LAB9 Observability window=10s category=web.additional.stats count=3 sumNanos=3571549274 avgNanos=1190516424
zil-additional-service  | 2026-05-05T00:23:08.956Z  INFO 1 --- [zil-additional-service] [   scheduling-1] r.a.observability.ObservabilityService   : LAB9 Observability window=10s category=http.main.clients count=1 sumNanos=879422181 avgNanos=879422181
zil-additional-service  | 2026-05-05T00:23:08.956Z  INFO 1 --- [zil-additional-service] [   scheduling-1] r.a.observability.ObservabilityService   : LAB9 Observability window=10s category=http.main.rents count=38 sumNanos=30017286452 avgNanos=789928590
zil-additional-service  | 2026-05-05T00:23:08.959Z  INFO 1 --- [zil-additional-service] [   scheduling-1] r.a.observability.ObservabilityService   : LAB9 Observability window=10s category=http.main.cars count=47 sumNanos=21439849403 avgNanos=456167008
zil-additional-service  | 2026-05-05T00:23:08.959Z  INFO 1 --- [zil-additional-service] [   scheduling-1] r.a.observability.ObservabilityService   : LAB9 Observability window=10s category=web.additional.availability_new count=35 sumNanos=45426074598 avgNanos=1297887845
zil-additional-service  | 2026-05-05T00:23:08.959Z  INFO 1 --- [zil-additional-service] [   scheduling-1] r.a.observability.ObservabilityService   : LAB9 Observability window=10s category=additional.statsComputation.availability.allCitiesAllDates count=35 sumNanos=68761983 avgNanos=1964628
zil-additional-service  | 2026-05-05T00:23:08.960Z  INFO 1 --- [zil-additional-service] [   scheduling-1] r.a.observability.ObservabilityService   : LAB9 Observability window=30s category=additional.statsComputation.stats count=3 sumNanos=42413 avgNanos=14137
zil-additional-service  | 2026-05-05T00:23:08.961Z  INFO 1 --- [zil-additional-service] [   scheduling-1] r.a.observability.ObservabilityService   : LAB9 Observability window=30s category=web.additional.stats count=3 sumNanos=3571549274 avgNanos=1190516424
zil-additional-service  | 2026-05-05T00:23:08.965Z  INFO 1 --- [zil-additional-service] [   scheduling-1] r.a.observability.ObservabilityService   : LAB9 Observability window=30s category=http.main.clients count=1 sumNanos=879422181 avgNanos=879422181
zil-additional-service  | 2026-05-05T00:23:08.967Z  INFO 1 --- [zil-additional-service] [   scheduling-1] r.a.observability.ObservabilityService   : LAB9 Observability window=30s category=http.main.rents count=38 sumNanos=30017286452 avgNanos=789928590
zil-additional-service  | 2026-05-05T00:23:08.968Z  INFO 1 --- [zil-additional-service] [   scheduling-1] r.a.observability.ObservabilityService   : LAB9 Observability window=30s category=http.main.cars count=47 sumNanos=21439849403 avgNanos=456167008
zil-additional-service  | 2026-05-05T00:23:08.969Z  INFO 1 --- [zil-additional-service] [   scheduling-1] r.a.observability.ObservabilityService   : LAB9 Observability window=30s category=web.additional.availability_new count=35 sumNanos=45426074598 avgNanos=1297887845
zil-additional-service  | 2026-05-05T00:23:08.969Z  INFO 1 --- [zil-additional-service] [   scheduling-1] r.a.observability.ObservabilityService   : LAB9 Observability window=30s category=additional.statsComputation.availability.allCitiesAllDates count=35 sumNanos=68761983 avgNanos=1964628
zil-additional-service  | 2026-05-05T00:23:08.969Z  INFO 1 --- [zil-additional-service] [   scheduling-1] r.a.observability.ObservabilityService   : LAB9 Observability window=1m category=additional.statsComputation.stats count=3 sumNanos=42413 avgNanos=14137
zil-additional-service  | 2026-05-05T00:23:08.969Z  INFO 1 --- [zil-additional-service] [   scheduling-1] r.a.observability.ObservabilityService   : LAB9 Observability window=1m category=web.additional.stats count=3 sumNanos=3571549274 avgNanos=1190516424
zil-additional-service  | 2026-05-05T00:23:08.969Z  INFO 1 --- [zil-additional-service] [   scheduling-1] r.a.observability.ObservabilityService   : LAB9 Observability window=1m category=http.main.clients count=1 sumNanos=879422181 avgNanos=879422181
zil-additional-service  | 2026-05-05T00:23:08.969Z  INFO 1 --- [zil-additional-service] [   scheduling-1] r.a.observability.ObservabilityService   : LAB9 Observability window=1m category=http.main.rents count=38 sumNanos=30017286452 avgNanos=789928590
zil-additional-service  | 2026-05-05T00:23:08.969Z  INFO 1 --- [zil-additional-service] [   scheduling-1] r.a.observability.ObservabilityService   : LAB9 Observability window=1m category=http.main.cars count=47 sumNanos=21439849403 avgNanos=456167008
zil-additional-service  | 2026-05-05T00:23:08.969Z  INFO 1 --- [zil-additional-service] [   scheduling-1] r.a.observability.ObservabilityService   : LAB9 Observability window=1m category=web.additional.availability_new count=35 sumNanos=45426074598 avgNanos=1297887845
zil-additional-service  | 2026-05-05T00:23:08.969Z  INFO 1 --- [zil-additional-service] [   scheduling-1] r.a.observability.ObservabilityService   : LAB9 Observability window=1m category=additional.statsComputation.availability.allCitiesAllDates count=35 sumNanos=68761983 avgNanos=1964628
zil-additional-service  | 2026-05-05T00:23:14.022Z  INFO 1 --- [zil-additional-service] [   scheduling-1] r.a.observability.ObservabilityService   : LAB9 Observability window=10s category=additional.statsComputation.stats count=4 sumNanos=44184 avgNanos=11046
zil-additional-service  | 2026-05-05T00:23:14.023Z  INFO 1 --- [zil-additional-service] [   scheduling-1] r.a.observability.ObservabilityService   : LAB9 Observability window=10s category=web.additional.stats count=4 sumNanos=4767517637 avgNanos=1191879409
zil-additional-service  | 2026-05-05T00:23:14.023Z  INFO 1 --- [zil-additional-service] [   scheduling-1] r.a.observability.ObservabilityService   : LAB9 Observability window=10s category=http.main.clients count=1 sumNanos=879422181 avgNanos=879422181
zil-additional-service  | 2026-05-05T00:23:14.023Z  INFO 1 --- [zil-additional-service] [   scheduling-1] r.a.observability.ObservabilityService   : LAB9 Observability window=10s category=http.main.rents count=160 sumNanos=81389679127 avgNanos=508685494
zil-additional-service  | 2026-05-05T00:23:14.023Z  INFO 1 --- [zil-additional-service] [   scheduling-1] r.a.observability.ObservabilityService   : LAB9 Observability window=10s category=http.main.cars count=167 sumNanos=66097403967 avgNanos=395792838
zil-additional-service  | 2026-05-05T00:23:14.023Z  INFO 1 --- [zil-additional-service] [   scheduling-1] r.a.observability.ObservabilityService   : LAB9 Observability window=10s category=web.additional.availability_new count=156 sumNanos=141909599812 avgNanos=909676921
zil-additional-service  | 2026-05-05T00:23:14.023Z  INFO 1 --- [zil-additional-service] [   scheduling-1] r.a.observability.ObservabilityService   : LAB9 Observability window=10s category=additional.statsComputation.availability.allCitiesAllDates count=156 sumNanos=138363598 avgNanos=886946
zil-additional-service  | 2026-05-05T00:23:14.023Z  INFO 1 --- [zil-additional-service] [   scheduling-1] r.a.observability.ObservabilityService   : LAB9 Observability window=30s category=additional.statsComputation.stats count=4 sumNanos=44184 avgNanos=11046
zil-additional-service  | 2026-05-05T00:23:14.023Z  INFO 1 --- [zil-additional-service] [   scheduling-1] r.a.observability.ObservabilityService   : LAB9 Observability window=30s category=web.additional.stats count=4 sumNanos=4767517637 avgNanos=1191879409
zil-additional-service  | 2026-05-05T00:23:14.023Z  INFO 1 --- [zil-additional-service] [   scheduling-1] r.a.observability.ObservabilityService   : LAB9 Observability window=30s category=http.main.clients count=1 sumNanos=879422181 avgNanos=879422181
zil-additional-service  | 2026-05-05T00:23:14.024Z  INFO 1 --- [zil-additional-service] [   scheduling-1] r.a.observability.ObservabilityService   : LAB9 Observability window=30s category=http.main.rents count=160 sumNanos=81389679127 avgNanos=508685494
zil-additional-service  | 2026-05-05T00:23:14.024Z  INFO 1 --- [zil-additional-service] [   scheduling-1] r.a.observability.ObservabilityService   : LAB9 Observability window=30s category=http.main.cars count=167 sumNanos=66097403967 avgNanos=395792838
zil-additional-service  | 2026-05-05T00:23:14.024Z  INFO 1 --- [zil-additional-service] [   scheduling-1] r.a.observability.ObservabilityService   : LAB9 Observability window=30s category=web.additional.availability_new count=156 sumNanos=141909599812 avgNanos=909676921
zil-additional-service  | 2026-05-05T00:23:14.024Z  INFO 1 --- [zil-additional-service] [   scheduling-1] r.a.observability.ObservabilityService   : LAB9 Observability window=30s category=additional.statsComputation.availability.allCitiesAllDates count=156 sumNanos=138363598 avgNanos=886946
zil-additional-service  | 2026-05-05T00:23:14.024Z  INFO 1 --- [zil-additional-service] [   scheduling-1] r.a.observability.ObservabilityService   : LAB9 Observability window=1m category=additional.statsComputation.stats count=4 sumNanos=44184 avgNanos=11046
zil-additional-service  | 2026-05-05T00:23:14.024Z  INFO 1 --- [zil-additional-service] [   scheduling-1] r.a.observability.ObservabilityService   : LAB9 Observability window=1m category=web.additional.stats count=4 sumNanos=4767517637 avgNanos=1191879409
zil-additional-service  | 2026-05-05T00:23:14.024Z  INFO 1 --- [zil-additional-service] [   scheduling-1] r.a.observability.ObservabilityService   : LAB9 Observability window=1m category=http.main.clients count=1 sumNanos=879422181 avgNanos=879422181
zil-additional-service  | 2026-05-05T00:23:14.024Z  INFO 1 --- [zil-additional-service] [   scheduling-1] r.a.observability.ObservabilityService   : LAB9 Observability window=1m category=http.main.rents count=160 sumNanos=81389679127 avgNanos=508685494
zil-additional-service  | 2026-05-05T00:23:14.024Z  INFO 1 --- [zil-additional-service] [   scheduling-1] r.a.observability.ObservabilityService   : LAB9 Observability window=1m category=http.main.cars count=167 sumNanos=66097403967 avgNanos=395792838
zil-additional-service  | 2026-05-05T00:23:14.024Z  INFO 1 --- [zil-additional-service] [   scheduling-1] r.a.observability.ObservabilityService   : LAB9 Observability window=1m category=web.additional.availability_new count=156 sumNanos=141909599812 avgNanos=909676921
zil-additional-service  | 2026-05-05T00:23:14.025Z  INFO 1 --- [zil-additional-service] [   scheduling-1] r.a.observability.ObservabilityService   : LAB9 Observability window=1m category=additional.statsComputation.availability.allCitiesAllDates count=156 sumNanos=138363598 avgNanos=886946
zil-additional-service  | 2026-05-05T00:23:18.865Z  INFO 1 --- [zil-additional-service] [   scheduling-1] r.additional.service.ClientCacheService  : [client-cache-statistics] Client cache size=1000
zil-additional-service  | 2026-05-05T00:23:19.034Z  INFO 1 --- [zil-additional-service] [   scheduling-1] r.a.observability.ObservabilityService   : LAB9 Observability window=10s category=additional.statsComputation.stats count=11 sumNanos=23377 avgNanos=2125
zil-additional-service  | 2026-05-05T00:23:19.035Z  INFO 1 --- [zil-additional-service] [   scheduling-1] r.a.observability.ObservabilityService   : LAB9 Observability window=10s category=web.additional.stats count=11 sumNanos=4890105470 avgNanos=444555042
zil-additional-service  | 2026-05-05T00:23:19.038Z  INFO 1 --- [zil-additional-service] [   scheduling-1] r.a.observability.ObservabilityService   : LAB9 Observability window=10s category=http.main.rents count=328 sumNanos=94563476394 avgNanos=288303281
zil-additional-service  | 2026-05-05T00:23:19.038Z  INFO 1 --- [zil-additional-service] [   scheduling-1] r.a.observability.ObservabilityService   : LAB9 Observability window=10s category=http.main.cars count=324 sumNanos=83016785314 avgNanos=256224646
zil-additional-service  | 2026-05-05T00:23:19.042Z  INFO 1 --- [zil-additional-service] [   scheduling-1] r.a.observability.ObservabilityService   : LAB9 Observability window=10s category=web.additional.availability_new count=317 sumNanos=176472551839 avgNanos=556695747
zil-additional-service  | 2026-05-05T00:23:19.042Z  INFO 1 --- [zil-additional-service] [   scheduling-1] r.a.observability.ObservabilityService   : LAB9 Observability window=10s category=additional.statsComputation.availability.allCitiesAllDates count=317 sumNanos=161681663 avgNanos=510036
zil-additional-service  | 2026-05-05T00:23:19.046Z  INFO 1 --- [zil-additional-service] [   scheduling-1] r.a.observability.ObservabilityService   : LAB9 Observability window=30s category=additional.statsComputation.stats count=14 sumNanos=65790 avgNanos=4699
zil-additional-service  | 2026-05-05T00:23:19.046Z  INFO 1 --- [zil-additional-service] [   scheduling-1] r.a.observability.ObservabilityService   : LAB9 Observability window=30s category=web.additional.stats count=14 sumNanos=8461654744 avgNanos=604403910
zil-additional-service  | 2026-05-05T00:23:19.046Z  INFO 1 --- [zil-additional-service] [   scheduling-1] r.a.observability.ObservabilityService   : LAB9 Observability window=30s category=http.main.clients count=1 sumNanos=879422181 avgNanos=879422181
zil-additional-service  | 2026-05-05T00:23:19.046Z  INFO 1 --- [zil-additional-service] [   scheduling-1] r.a.observability.ObservabilityService   : LAB9 Observability window=30s category=http.main.rents count=366 sumNanos=124580762846 avgNanos=340384597
zil-additional-service  | 2026-05-05T00:23:19.046Z  INFO 1 --- [zil-additional-service] [   scheduling-1] r.a.observability.ObservabilityService   : LAB9 Observability window=30s category=http.main.cars count=374 sumNanos=105323800069 avgNanos=281614438
zil-additional-service  | 2026-05-05T00:23:19.046Z  INFO 1 --- [zil-additional-service] [   scheduling-1] r.a.observability.ObservabilityService   : LAB9 Observability window=30s category=web.additional.availability_new count=352 sumNanos=221898626437 avgNanos=630393825
zil-additional-service  | 2026-05-05T00:23:19.047Z  INFO 1 --- [zil-additional-service] [   scheduling-1] r.a.observability.ObservabilityService   : LAB9 Observability window=30s category=additional.statsComputation.availability.allCitiesAllDates count=352 sumNanos=230443646 avgNanos=654669
zil-additional-service  | 2026-05-05T00:23:19.047Z  INFO 1 --- [zil-additional-service] [   scheduling-1] r.a.observability.ObservabilityService   : LAB9 Observability window=1m category=additional.statsComputation.stats count=14 sumNanos=65790 avgNanos=4699
zil-additional-service  | 2026-05-05T00:23:19.047Z  INFO 1 --- [zil-additional-service] [   scheduling-1] r.a.observability.ObservabilityService   : LAB9 Observability window=1m category=web.additional.stats count=14 sumNanos=8461654744 avgNanos=604403910
zil-additional-service  | 2026-05-05T00:23:19.047Z  INFO 1 --- [zil-additional-service] [   scheduling-1] r.a.observability.ObservabilityService   : LAB9 Observability window=1m category=http.main.clients count=1 sumNanos=879422181 avgNanos=879422181
zil-additional-service  | 2026-05-05T00:23:19.047Z  INFO 1 --- [zil-additional-service] [   scheduling-1] r.a.observability.ObservabilityService   : LAB9 Observability window=1m category=http.main.rents count=366 sumNanos=124580762846 avgNanos=340384597
zil-additional-service  | 2026-05-05T00:23:19.047Z  INFO 1 --- [zil-additional-service] [   scheduling-1] r.a.observability.ObservabilityService   : LAB9 Observability window=1m category=http.main.cars count=374 sumNanos=105323800069 avgNanos=281614438
zil-additional-service  | 2026-05-05T00:23:19.047Z  INFO 1 --- [zil-additional-service] [   scheduling-1] r.a.observability.ObservabilityService   : LAB9 Observability window=1m category=web.additional.availability_new count=352 sumNanos=221898626437 avgNanos=630393825
zil-additional-service  | 2026-05-05T00:23:19.047Z  INFO 1 --- [zil-additional-service] [   scheduling-1] r.a.observability.ObservabilityService   : LAB9 Observability window=1m category=additional.statsComputation.availability.allCitiesAllDates count=352 sumNanos=230443646 avgNanos=654669
zil-additional-service  | 2026-05-05T00:23:24.053Z  INFO 1 --- [zil-additional-service] [   scheduling-1] r.a.observability.ObservabilityService   : LAB9 Observability window=10s category=additional.statsComputation.stats count=19 sumNanos=44267 avgNanos=2329
zil-additional-service  | 2026-05-05T00:23:24.068Z  INFO 1 --- [zil-additional-service] [   scheduling-1] r.a.observability.ObservabilityService   : LAB9 Observability window=10s category=web.additional.stats count=19 sumNanos=6665319637 avgNanos=350806296
zil-additional-service  | 2026-05-05T00:23:24.069Z  INFO 1 --- [zil-additional-service] [   scheduling-1] r.a.observability.ObservabilityService   : LAB9 Observability window=10s category=http.main.rents count=440 sumNanos=83139921258 avgNanos=188954366
zil-additional-service  | 2026-05-05T00:23:24.069Z  INFO 1 --- [zil-additional-service] [   scheduling-1] r.a.observability.ObservabilityService   : LAB9 Observability window=10s category=http.main.cars count=445 sumNanos=76541716884 avgNanos=172003858
zil-additional-service  | 2026-05-05T00:23:24.070Z  INFO 1 --- [zil-additional-service] [   scheduling-1] r.a.observability.ObservabilityService   : LAB9 Observability window=10s category=web.additional.availability_new count=421 sumNanos=154106533993 avgNanos=366048774
zil-additional-service  | 2026-05-05T00:23:24.070Z  INFO 1 --- [zil-additional-service] [   scheduling-1] r.a.observability.ObservabilityService   : LAB9 Observability window=10s category=additional.statsComputation.availability.allCitiesAllDates count=421 sumNanos=226743228 avgNanos=538582
zil-additional-service  | 2026-05-05T00:23:24.071Z  INFO 1 --- [zil-additional-service] [   scheduling-1] r.a.observability.ObservabilityService   : LAB9 Observability window=30s category=additional.statsComputation.stats count=23 sumNanos=88451 avgNanos=3845
zil-additional-service  | 2026-05-05T00:23:24.077Z  INFO 1 --- [zil-additional-service] [   scheduling-1] r.a.observability.ObservabilityService   : LAB9 Observability window=30s category=web.additional.stats count=23 sumNanos=11432837274 avgNanos=497079881
zil-additional-service  | 2026-05-05T00:23:24.078Z  INFO 1 --- [zil-additional-service] [   scheduling-1] r.a.observability.ObservabilityService   : LAB9 Observability window=30s category=http.main.clients count=1 sumNanos=879422181 avgNanos=879422181
zil-additional-service  | 2026-05-05T00:23:24.078Z  INFO 1 --- [zil-additional-service] [   scheduling-1] r.a.observability.ObservabilityService   : LAB9 Observability window=30s category=http.main.rents count=601 sumNanos=164893370729 avgNanos=274365009
zil-additional-service  | 2026-05-05T00:23:24.078Z  INFO 1 --- [zil-additional-service] [   scheduling-1] r.a.observability.ObservabilityService   : LAB9 Observability window=30s category=http.main.cars count=613 sumNanos=142792742360 avgNanos=232940852
zil-additional-service  | 2026-05-05T00:23:24.078Z  INFO 1 --- [zil-additional-service] [   scheduling-1] r.a.observability.ObservabilityService   : LAB9 Observability window=30s category=web.additional.availability_new count=578 sumNanos=296605098227 avgNanos=513157609
zil-additional-service  | 2026-05-05T00:23:24.078Z  INFO 1 --- [zil-additional-service] [   scheduling-1] r.a.observability.ObservabilityService   : LAB9 Observability window=30s category=additional.statsComputation.availability.allCitiesAllDates count=578 sumNanos=365236907 avgNanos=631897
zil-additional-service  | 2026-05-05T00:23:24.079Z  INFO 1 --- [zil-additional-service] [   scheduling-1] r.a.observability.ObservabilityService   : LAB9 Observability window=1m category=additional.statsComputation.stats count=23 sumNanos=88451 avgNanos=3845
zil-additional-service  | 2026-05-05T00:23:24.079Z  INFO 1 --- [zil-additional-service] [   scheduling-1] r.a.observability.ObservabilityService   : LAB9 Observability window=1m category=web.additional.stats count=23 sumNanos=11432837274 avgNanos=497079881
zil-additional-service  | 2026-05-05T00:23:24.079Z  INFO 1 --- [zil-additional-service] [   scheduling-1] r.a.observability.ObservabilityService   : LAB9 Observability window=1m category=http.main.clients count=1 sumNanos=879422181 avgNanos=879422181
zil-additional-service  | 2026-05-05T00:23:24.079Z  INFO 1 --- [zil-additional-service] [   scheduling-1] r.a.observability.ObservabilityService   : LAB9 Observability window=1m category=http.main.rents count=601 sumNanos=164893370729 avgNanos=274365009
zil-additional-service  | 2026-05-05T00:23:24.079Z  INFO 1 --- [zil-additional-service] [   scheduling-1] r.a.observability.ObservabilityService   : LAB9 Observability window=1m category=http.main.cars count=613 sumNanos=142792742360 avgNanos=232940852
zil-additional-service  | 2026-05-05T00:23:24.079Z  INFO 1 --- [zil-additional-service] [   scheduling-1] r.a.observability.ObservabilityService   : LAB9 Observability window=1m category=web.additional.availability_new count=578 sumNanos=296605098227 avgNanos=513157609
zil-additional-service  | 2026-05-05T00:23:24.079Z  INFO 1 --- [zil-additional-service] [   scheduling-1] r.a.observability.ObservabilityService   : LAB9 Observability window=1m category=additional.statsComputation.availability.allCitiesAllDates count=578 sumNanos=365236907 avgNanos=631897
zil-additional-service  | 2026-05-05T00:23:28.862Z  INFO 1 --- [zil-additional-service] [   scheduling-1] r.additional.service.ClientCacheService  : [client-cache-statistics] Client cache size=1000
zil-additional-service  | 2026-05-05T00:23:29.085Z  INFO 1 --- [zil-additional-service] [   scheduling-1] r.a.observability.ObservabilityService   : LAB9 Observability window=10s category=additional.statsComputation.stats count=19 sumNanos=48338 avgNanos=2544
zil-additional-service  | 2026-05-05T00:23:29.085Z  INFO 1 --- [zil-additional-service] [   scheduling-1] r.a.observability.ObservabilityService   : LAB9 Observability window=10s category=web.additional.stats count=19 sumNanos=6090031629 avgNanos=320527980
zil-additional-service  | 2026-05-05T00:23:29.085Z  INFO 1 --- [zil-additional-service] [   scheduling-1] r.a.observability.ObservabilityService   : LAB9 Observability window=10s category=http.main.rents count=474 sumNanos=79619837159 avgNanos=167974339
zil-additional-service  | 2026-05-05T00:23:29.085Z  INFO 1 --- [zil-additional-service] [   scheduling-1] r.a.observability.ObservabilityService   : LAB9 Observability window=10s category=http.main.cars count=473 sumNanos=74591824540 avgNanos=157699417
zil-additional-service  | 2026-05-05T00:23:29.085Z  INFO 1 --- [zil-additional-service] [   scheduling-1] r.a.observability.ObservabilityService   : LAB9 Observability window=10s category=web.additional.availability_new count=455 sumNanos=148420779732 avgNanos=326199515
zil-additional-service  | 2026-05-05T00:23:29.086Z  INFO 1 --- [zil-additional-service] [   scheduling-1] r.a.observability.ObservabilityService   : LAB9 Observability window=10s category=additional.statsComputation.availability.allCitiesAllDates count=455 sumNanos=277872823 avgNanos=610709
zil-additional-service  | 2026-05-05T00:23:29.088Z  INFO 1 --- [zil-additional-service] [   scheduling-1] r.a.observability.ObservabilityService   : LAB9 Observability window=30s category=additional.statsComputation.stats count=33 sumNanos=114128 avgNanos=3458
zil-additional-service  | 2026-05-05T00:23:29.088Z  INFO 1 --- [zil-additional-service] [   scheduling-1] r.a.observability.ObservabilityService   : LAB9 Observability window=30s category=web.additional.stats count=33 sumNanos=14551686373 avgNanos=440960193
zil-additional-service  | 2026-05-05T00:23:29.088Z  INFO 1 --- [zil-additional-service] [   scheduling-1] r.a.observability.ObservabilityService   : LAB9 Observability window=30s category=http.main.clients count=1 sumNanos=879422181 avgNanos=879422181
zil-additional-service  | 2026-05-05T00:23:29.089Z  INFO 1 --- [zil-additional-service] [   scheduling-1] r.a.observability.ObservabilityService   : LAB9 Observability window=30s category=http.main.rents count=842 sumNanos=204509623745 avgNanos=242885538
zil-additional-service  | 2026-05-05T00:23:29.089Z  INFO 1 --- [zil-additional-service] [   scheduling-1] r.a.observability.ObservabilityService   : LAB9 Observability window=30s category=http.main.cars count=849 sumNanos=180133864311 avgNanos=212171807
zil-additional-service  | 2026-05-05T00:23:29.089Z  INFO 1 --- [zil-additional-service] [   scheduling-1] r.a.observability.ObservabilityService   : LAB9 Observability window=30s category=web.additional.availability_new count=809 sumNanos=371039184135 avgNanos=458639288
zil-additional-service  | 2026-05-05T00:23:29.090Z  INFO 1 --- [zil-additional-service] [   scheduling-1] r.a.observability.ObservabilityService   : LAB9 Observability window=30s category=additional.statsComputation.availability.allCitiesAllDates count=809 sumNanos=508506545 avgNanos=628561
zil-additional-service  | 2026-05-05T00:23:29.091Z  INFO 1 --- [zil-additional-service] [   scheduling-1] r.a.observability.ObservabilityService   : LAB9 Observability window=1m category=additional.statsComputation.stats count=33 sumNanos=114128 avgNanos=3458
zil-additional-service  | 2026-05-05T00:23:29.091Z  INFO 1 --- [zil-additional-service] [   scheduling-1] r.a.observability.ObservabilityService   : LAB9 Observability window=1m category=web.additional.stats count=33 sumNanos=14551686373 avgNanos=440960193
zil-additional-service  | 2026-05-05T00:23:29.091Z  INFO 1 --- [zil-additional-service] [   scheduling-1] r.a.observability.ObservabilityService   : LAB9 Observability window=1m category=http.main.clients count=1 sumNanos=879422181 avgNanos=879422181
zil-additional-service  | 2026-05-05T00:23:29.091Z  INFO 1 --- [zil-additional-service] [   scheduling-1] r.a.observability.ObservabilityService   : LAB9 Observability window=1m category=http.main.rents count=842 sumNanos=204509623745 avgNanos=242885538
zil-additional-service  | 2026-05-05T00:23:29.092Z  INFO 1 --- [zil-additional-service] [   scheduling-1] r.a.observability.ObservabilityService   : LAB9 Observability window=1m category=http.main.cars count=849 sumNanos=180133864311 avgNanos=212171807
zil-additional-service  | 2026-05-05T00:23:29.092Z  INFO 1 --- [zil-additional-service] [   scheduling-1] r.a.observability.ObservabilityService   : LAB9 Observability window=1m category=web.additional.availability_new count=809 sumNanos=371039184135 avgNanos=458639288
zil-additional-service  | 2026-05-05T00:23:29.092Z  INFO 1 --- [zil-additional-service] [   scheduling-1] r.a.observability.ObservabilityService   : LAB9 Observability window=1m category=additional.statsComputation.availability.allCitiesAllDates count=809 sumNanos=508506545 avgNanos=628561
zil-additional-service  | 2026-05-05T00:23:34.098Z  INFO 1 --- [zil-additional-service] [   scheduling-1] r.a.observability.ObservabilityService   : LAB9 Observability window=10s category=additional.statsComputation.stats count=17 sumNanos=43718 avgNanos=2571
zil-additional-service  | 2026-05-05T00:23:34.098Z  INFO 1 --- [zil-additional-service] [   scheduling-1] r.a.observability.ObservabilityService   : LAB9 Observability window=10s category=web.additional.stats count=17 sumNanos=6050777546 avgNanos=355928090
zil-additional-service  | 2026-05-05T00:23:34.105Z  INFO 1 --- [zil-additional-service] [   scheduling-1] r.a.observability.ObservabilityService   : LAB9 Observability window=10s category=http.main.rents count=468 sumNanos=79172941046 avgNanos=169172950
zil-additional-service  | 2026-05-05T00:23:34.105Z  INFO 1 --- [zil-additional-service] [   scheduling-1] r.a.observability.ObservabilityService   : LAB9 Observability window=10s category=http.main.cars count=467 sumNanos=75267574393 avgNanos=161172536
zil-additional-service  | 2026-05-05T00:23:34.105Z  INFO 1 --- [zil-additional-service] [   scheduling-1] r.a.observability.ObservabilityService   : LAB9 Observability window=10s category=web.additional.availability_new count=451 sumNanos=149079472787 avgNanos=330553154
zil-additional-service  | 2026-05-05T00:23:34.105Z  INFO 1 --- [zil-additional-service] [   scheduling-1] r.a.observability.ObservabilityService   : LAB9 Observability window=10s category=additional.statsComputation.availability.allCitiesAllDates count=451 sumNanos=221150344 avgNanos=490355
zil-additional-service  | 2026-05-05T00:23:34.106Z  INFO 1 --- [zil-additional-service] [   scheduling-1] r.a.observability.ObservabilityService   : LAB9 Observability window=30s category=additional.statsComputation.stats count=40 sumNanos=132169 avgNanos=3304
zil-additional-service  | 2026-05-05T00:23:34.107Z  INFO 1 --- [zil-additional-service] [   scheduling-1] r.a.observability.ObservabilityService   : LAB9 Observability window=30s category=web.additional.stats count=40 sumNanos=17483614820 avgNanos=437090370
zil-additional-service  | 2026-05-05T00:23:34.108Z  INFO 1 --- [zil-additional-service] [   scheduling-1] r.a.observability.ObservabilityService   : LAB9 Observability window=30s category=http.main.clients count=1 sumNanos=879422181 avgNanos=879422181
zil-additional-service  | 2026-05-05T00:23:34.111Z  INFO 1 --- [zil-additional-service] [   scheduling-1] r.a.observability.ObservabilityService   : LAB9 Observability window=30s category=http.main.rents count=1070 sumNanos=244201239109 avgNanos=228225457
zil-additional-service  | 2026-05-05T00:23:34.112Z  INFO 1 --- [zil-additional-service] [   scheduling-1] r.a.observability.ObservabilityService   : LAB9 Observability window=30s category=http.main.cars count=1080 sumNanos=218060316753 avgNanos=201907700
zil-additional-service  | 2026-05-05T00:23:34.112Z  INFO 1 --- [zil-additional-service] [   scheduling-1] r.a.observability.ObservabilityService   : LAB9 Observability window=30s category=web.additional.availability_new count=1030 sumNanos=445960623323 avgNanos=432971478
zil-additional-service  | 2026-05-05T00:23:34.112Z  INFO 1 --- [zil-additional-service] [   scheduling-1] r.a.observability.ObservabilityService   : LAB9 Observability window=30s category=additional.statsComputation.availability.allCitiesAllDates count=1030 sumNanos=586552732 avgNanos=569468
zil-additional-service  | 2026-05-05T00:23:34.114Z  INFO 1 --- [zil-additional-service] [   scheduling-1] r.a.observability.ObservabilityService   : LAB9 Observability window=1m category=additional.statsComputation.stats count=40 sumNanos=132169 avgNanos=3304
zil-additional-service  | 2026-05-05T00:23:34.115Z  INFO 1 --- [zil-additional-service] [   scheduling-1] r.a.observability.ObservabilityService   : LAB9 Observability window=1m category=web.additional.stats count=40 sumNanos=17483614820 avgNanos=437090370
zil-additional-service  | 2026-05-05T00:23:34.115Z  INFO 1 --- [zil-additional-service] [   scheduling-1] r.a.observability.ObservabilityService   : LAB9 Observability window=1m category=http.main.clients count=1 sumNanos=879422181 avgNanos=879422181
zil-additional-service  | 2026-05-05T00:23:34.116Z  INFO 1 --- [zil-additional-service] [   scheduling-1] r.a.observability.ObservabilityService   : LAB9 Observability window=1m category=http.main.rents count=1071 sumNanos=244352338793 avgNanos=228153444
zil-additional-service  | 2026-05-05T00:23:34.117Z  INFO 1 --- [zil-additional-service] [   scheduling-1] r.a.observability.ObservabilityService   : LAB9 Observability window=1m category=http.main.cars count=1080 sumNanos=218060316753 avgNanos=201907700
zil-additional-service  | 2026-05-05T00:23:34.123Z  INFO 1 --- [zil-additional-service] [   scheduling-1] r.a.observability.ObservabilityService   : LAB9 Observability window=1m category=web.additional.availability_new count=1030 sumNanos=445960623323 avgNanos=432971478
zil-additional-service  | 2026-05-05T00:23:34.123Z  INFO 1 --- [zil-additional-service] [   scheduling-1] r.a.observability.ObservabilityService   : LAB9 Observability window=1m category=additional.statsComputation.availability.allCitiesAllDates count=1030 sumNanos=586552732 avgNanos=569468
zil-additional-service  | 2026-05-05T00:23:38.897Z  INFO 1 --- [zil-additional-service] [   scheduling-1] r.additional.service.ClientCacheService  : [client-cache-statistics] Client cache size=1000
zil-additional-service  | 2026-05-05T00:23:39.127Z  INFO 1 --- [zil-additional-service] [   scheduling-1] r.a.observability.ObservabilityService   : LAB9 Observability window=10s category=additional.statsComputation.stats count=18 sumNanos=48731 avgNanos=2707
zil-additional-service  | 2026-05-05T00:23:39.130Z  INFO 1 --- [zil-additional-service] [   scheduling-1] r.a.observability.ObservabilityService   : LAB9 Observability window=10s category=web.additional.stats count=18 sumNanos=6573104513 avgNanos=365172472
zil-additional-service  | 2026-05-05T00:23:39.131Z  INFO 1 --- [zil-additional-service] [   scheduling-1] r.a.observability.ObservabilityService   : LAB9 Observability window=10s category=http.main.rents count=473 sumNanos=79667130766 avgNanos=168429451
zil-additional-service  | 2026-05-05T00:23:39.132Z  INFO 1 --- [zil-additional-service] [   scheduling-1] r.a.observability.ObservabilityService   : LAB9 Observability window=10s category=http.main.cars count=474 sumNanos=75338501372 avgNanos=158941986
zil-additional-service  | 2026-05-05T00:23:39.132Z  INFO 1 --- [zil-additional-service] [   scheduling-1] r.a.observability.ObservabilityService   : LAB9 Observability window=10s category=web.additional.availability_new count=455 sumNanos=149379236373 avgNanos=328306014
zil-additional-service  | 2026-05-05T00:23:39.133Z  INFO 1 --- [zil-additional-service] [   scheduling-1] r.a.observability.ObservabilityService   : LAB9 Observability window=10s category=additional.statsComputation.availability.allCitiesAllDates count=455 sumNanos=175500960 avgNanos=385716
zil-additional-service  | 2026-05-05T00:23:39.135Z  INFO 1 --- [zil-additional-service] [   scheduling-1] r.a.observability.ObservabilityService   : LAB9 Observability window=30s category=additional.statsComputation.stats count=48 sumNanos=120446 avgNanos=2509
zil-additional-service  | 2026-05-05T00:23:39.136Z  INFO 1 --- [zil-additional-service] [   scheduling-1] r.a.observability.ObservabilityService   : LAB9 Observability window=30s category=web.additional.stats count=48 sumNanos=17553241612 avgNanos=365692533
zil-additional-service  | 2026-05-05T00:23:39.136Z  INFO 1 --- [zil-additional-service] [   scheduling-1] r.a.observability.ObservabilityService   : LAB9 Observability window=30s category=http.main.rents count=1277 sumNanos=253612804565 avgNanos=198600473
zil-additional-service  | 2026-05-05T00:23:39.137Z  INFO 1 --- [zil-additional-service] [   scheduling-1] r.a.observability.ObservabilityService   : LAB9 Observability window=30s category=http.main.cars count=1275 sumNanos=233011000076 avgNanos=182753725
zil-additional-service  | 2026-05-05T00:23:39.138Z  INFO 1 --- [zil-additional-service] [   scheduling-1] r.a.observability.ObservabilityService   : LAB9 Observability window=30s category=web.additional.availability_new count=1229 sumNanos=474237069647 avgNanos=385872310
zil-additional-service  | 2026-05-05T00:23:39.139Z  INFO 1 --- [zil-additional-service] [   scheduling-1] r.a.observability.ObservabilityService   : LAB9 Observability window=30s category=additional.statsComputation.availability.allCitiesAllDates count=1229 sumNanos=615297704 avgNanos=500649
zil-additional-service  | 2026-05-05T00:23:39.142Z  INFO 1 --- [zil-additional-service] [   scheduling-1] r.a.observability.ObservabilityService   : LAB9 Observability window=1m category=additional.statsComputation.stats count=51 sumNanos=162859 avgNanos=3193
zil-additional-service  | 2026-05-05T00:23:39.142Z  INFO 1 --- [zil-additional-service] [   scheduling-1] r.a.observability.ObservabilityService   : LAB9 Observability window=1m category=web.additional.stats count=51 sumNanos=21124790886 avgNanos=414211586
zil-additional-service  | 2026-05-05T00:23:39.142Z  INFO 1 --- [zil-additional-service] [   scheduling-1] r.a.observability.ObservabilityService   : LAB9 Observability window=1m category=http.main.clients count=1 sumNanos=879422181 avgNanos=879422181
zil-additional-service  | 2026-05-05T00:23:39.142Z  INFO 1 --- [zil-additional-service] [   scheduling-1] r.a.observability.ObservabilityService   : LAB9 Observability window=1m category=http.main.rents count=1316 sumNanos=284335748223 avgNanos=216060598
zil-additional-service  | 2026-05-05T00:23:39.142Z  INFO 1 --- [zil-additional-service] [   scheduling-1] r.a.observability.ObservabilityService   : LAB9 Observability window=1m category=http.main.cars count=1325 sumNanos=255746648236 avgNanos=193016338
zil-additional-service  | 2026-05-05T00:23:39.143Z  INFO 1 --- [zil-additional-service] [   scheduling-1] r.a.observability.ObservabilityService   : LAB9 Observability window=1m category=web.additional.availability_new count=1265 sumNanos=520768887009 avgNanos=411675009
zil-additional-service  | 2026-05-05T00:23:39.143Z  INFO 1 --- [zil-additional-service] [   scheduling-1] r.a.observability.ObservabilityService   : LAB9 Observability window=1m category=additional.statsComputation.availability.allCitiesAllDates count=1265 sumNanos=684218320 avgNanos=540884
zil-additional-service  | 2026-05-05T00:23:44.145Z  INFO 1 --- [zil-additional-service] [   scheduling-1] r.a.observability.ObservabilityService   : LAB9 Observability window=10s category=additional.statsComputation.stats count=24 sumNanos=66305 avgNanos=2762
zil-additional-service  | 2026-05-05T00:23:44.148Z  INFO 1 --- [zil-additional-service] [   scheduling-1] r.a.observability.ObservabilityService   : LAB9 Observability window=10s category=web.additional.stats count=24 sumNanos=7517636940 avgNanos=313234872
zil-additional-service  | 2026-05-05T00:23:44.149Z  INFO 1 --- [zil-additional-service] [   scheduling-1] r.a.observability.ObservabilityService   : LAB9 Observability window=10s category=http.main.rents count=481 sumNanos=78808635654 avgNanos=163843317
zil-additional-service  | 2026-05-05T00:23:44.149Z  INFO 1 --- [zil-additional-service] [   scheduling-1] r.a.observability.ObservabilityService   : LAB9 Observability window=10s category=http.main.cars count=482 sumNanos=74987945593 avgNanos=155576650
zil-additional-service  | 2026-05-05T00:23:44.150Z  INFO 1 --- [zil-additional-service] [   scheduling-1] r.a.observability.ObservabilityService   : LAB9 Observability window=10s category=web.additional.availability_new count=457 sumNanos=146434817404 avgNanos=320426296
zil-additional-service  | 2026-05-05T00:23:44.150Z  INFO 1 --- [zil-additional-service] [   scheduling-1] r.a.observability.ObservabilityService   : LAB9 Observability window=10s category=additional.statsComputation.availability.allCitiesAllDates count=457 sumNanos=176521758 avgNanos=386262
zil-additional-service  | 2026-05-05T00:23:44.151Z  INFO 1 --- [zil-additional-service] [   scheduling-1] r.a.observability.ObservabilityService   : LAB9 Observability window=30s category=additional.statsComputation.stats count=60 sumNanos=154290 avgNanos=2571
zil-additional-service  | 2026-05-05T00:23:44.153Z  INFO 1 --- [zil-additional-service] [   scheduling-1] r.a.observability.ObservabilityService   : LAB9 Observability window=30s category=web.additional.stats count=60 sumNanos=20233734123 avgNanos=337228902
zil-additional-service  | 2026-05-05T00:23:44.153Z  INFO 1 --- [zil-additional-service] [   scheduling-1] r.a.observability.ObservabilityService   : LAB9 Observability window=30s category=http.main.rents count=1392 sumNanos=241625865418 avgNanos=173581799
zil-additional-service  | 2026-05-05T00:23:44.153Z  INFO 1 --- [zil-additional-service] [   scheduling-1] r.a.observability.ObservabilityService   : LAB9 Observability window=30s category=http.main.cars count=1396 sumNanos=227374035256 avgNanos=162875383
zil-additional-service  | 2026-05-05T00:23:44.153Z  INFO 1 --- [zil-additional-service] [   scheduling-1] r.a.observability.ObservabilityService   : LAB9 Observability window=30s category=web.additional.availability_new count=1332 sumNanos=450416741140 avgNanos=338150706
zil-additional-service  | 2026-05-05T00:23:44.155Z  INFO 1 --- [zil-additional-service] [   scheduling-1] r.a.observability.ObservabilityService   : LAB9 Observability window=30s category=additional.statsComputation.availability.allCitiesAllDates count=1332 sumNanos=624798139 avgNanos=469067
zil-additional-service  | 2026-05-05T00:23:44.158Z  INFO 1 --- [zil-additional-service] [   scheduling-1] r.a.observability.ObservabilityService   : LAB9 Observability window=1m category=additional.statsComputation.stats count=64 sumNanos=198474 avgNanos=3101
zil-app                 | 2026-05-05T00:23:10.710Z  INFO 1 --- [   scheduling-1] r.observability.ObservabilityService     : LAB9 Observability window=30s category=web.CarController.getCars count=79 sumNanos=28344464446 avgNanos=358790689
zil-additional-service  | 2026-05-05T00:23:44.159Z  INFO 1 --- [zil-additional-service] [   scheduling-1] r.a.observability.ObservabilityService   : LAB9 Observability window=1m category=web.additional.stats count=64 sumNanos=25001251760 avgNanos=390644558
zil-additional-service  | 2026-05-05T00:23:44.159Z  INFO 1 --- [zil-additional-service] [   scheduling-1] r.a.observability.ObservabilityService   : LAB9 Observability window=1m category=http.main.clients count=1 sumNanos=879422181 avgNanos=879422181
zil-additional-service  | 2026-05-05T00:23:44.159Z  INFO 1 --- [zil-additional-service] [   scheduling-1] r.a.observability.ObservabilityService   : LAB9 Observability window=1m category=http.main.rents count=1555 sumNanos=323627373663 avgNanos=208120497
zil-additional-service  | 2026-05-05T00:23:44.159Z  INFO 1 --- [zil-additional-service] [   scheduling-1] r.a.observability.ObservabilityService   : LAB9 Observability window=1m category=http.main.cars count=1565 sumNanos=293749521277 avgNanos=187699374
zil-additional-service  | 2026-05-05T00:23:44.159Z  INFO 1 --- [zil-additional-service] [   scheduling-1] r.a.observability.ObservabilityService   : LAB9 Observability window=1m category=web.additional.availability_new count=1491 sumNanos=593714225436 avgNanos=398198675
zil-additional-service  | 2026-05-05T00:23:44.159Z  INFO 1 --- [zil-additional-service] [   scheduling-1] r.a.observability.ObservabilityService   : LAB9 Observability window=1m category=additional.statsComputation.availability.allCitiesAllDates count=1491 sumNanos=763548920 avgNanos=512105
zil-additional-service  | 2026-05-05T00:23:48.864Z  INFO 1 --- [zil-additional-service] [   scheduling-1] r.additional.service.ClientCacheService  : [client-cache-statistics] Client cache size=1000
zil-additional-service  | 2026-05-05T00:23:49.163Z  INFO 1 --- [zil-additional-service] [   scheduling-1] r.a.observability.ObservabilityService   : LAB9 Observability window=10s category=additional.statsComputation.stats count=21 sumNanos=68855 avgNanos=3278
zil-additional-service  | 2026-05-05T00:23:49.164Z  INFO 1 --- [zil-additional-service] [   scheduling-1] r.a.observability.ObservabilityService   : LAB9 Observability window=10s category=web.additional.stats count=21 sumNanos=6442038761 avgNanos=306763750
zil-additional-service  | 2026-05-05T00:23:49.166Z  INFO 1 --- [zil-additional-service] [   scheduling-1] r.a.observability.ObservabilityService   : LAB9 Observability window=10s category=http.main.rents count=477 sumNanos=79001488296 avgNanos=165621568
zil-additional-service  | 2026-05-05T00:23:49.168Z  INFO 1 --- [zil-additional-service] [   scheduling-1] r.a.observability.ObservabilityService   : LAB9 Observability window=10s category=http.main.cars count=475 sumNanos=76494153216 avgNanos=161040322
zil-additional-service  | 2026-05-05T00:23:49.169Z  INFO 1 --- [zil-additional-service] [   scheduling-1] r.a.observability.ObservabilityService   : LAB9 Observability window=10s category=web.additional.availability_new count=456 sumNanos=149489712451 avgNanos=327828316
zil-additional-service  | 2026-05-05T00:23:49.175Z  INFO 1 --- [zil-additional-service] [   scheduling-1] r.a.observability.ObservabilityService   : LAB9 Observability window=10s category=additional.statsComputation.availability.allCitiesAllDates count=456 sumNanos=131311582 avgNanos=287963
zil-additional-service  | 2026-05-05T00:23:49.176Z  INFO 1 --- [zil-additional-service] [   scheduling-1] r.a.observability.ObservabilityService   : LAB9 Observability window=30s category=additional.statsComputation.stats count=58 sumNanos=165924 avgNanos=2860
zil-additional-service  | 2026-05-05T00:23:49.177Z  INFO 1 --- [zil-additional-service] [   scheduling-1] r.a.observability.ObservabilityService   : LAB9 Observability window=30s category=web.additional.stats count=58 sumNanos=19105174903 avgNanos=329399567
zil-additional-service  | 2026-05-05T00:23:49.179Z  INFO 1 --- [zil-additional-service] [   scheduling-1] r.a.observability.ObservabilityService   : LAB9 Observability window=30s category=http.main.rents count=1425 sumNanos=238462861912 avgNanos=167342359
zil-additional-service  | 2026-05-05T00:23:49.180Z  INFO 1 --- [zil-additional-service] [   scheduling-1] r.a.observability.ObservabilityService   : LAB9 Observability window=30s category=http.main.cars count=1422 sumNanos=226436373611 avgNanos=159237956
zil-additional-service  | 2026-05-05T00:23:49.182Z  INFO 1 --- [zil-additional-service] [   scheduling-1] r.a.observability.ObservabilityService   : LAB9 Observability window=30s category=web.additional.availability_new count=1366 sumNanos=447288476176 avgNanos=327443979
zil-additional-service  | 2026-05-05T00:23:49.183Z  INFO 1 --- [zil-additional-service] [   scheduling-1] r.a.observability.ObservabilityService   : LAB9 Observability window=30s category=additional.statsComputation.availability.allCitiesAllDates count=1366 sumNanos=584613727 avgNanos=427974
zil-additional-service  | 2026-05-05T00:23:49.183Z  INFO 1 --- [zil-additional-service] [   scheduling-1] r.a.observability.ObservabilityService   : LAB9 Observability window=1m category=additional.statsComputation.stats count=72 sumNanos=231714 avgNanos=3218
zil-additional-service  | 2026-05-05T00:23:49.183Z  INFO 1 --- [zil-additional-service] [   scheduling-1] r.a.observability.ObservabilityService   : LAB9 Observability window=1m category=web.additional.stats count=72 sumNanos=27566829647 avgNanos=382872633
zil-additional-service  | 2026-05-05T00:23:49.183Z  INFO 1 --- [zil-additional-service] [   scheduling-1] r.a.observability.ObservabilityService   : LAB9 Observability window=1m category=http.main.clients count=1 sumNanos=879422181 avgNanos=879422181
zil-additional-service  | 2026-05-05T00:23:49.183Z  INFO 1 --- [zil-additional-service] [   scheduling-1] r.a.observability.ObservabilityService   : LAB9 Observability window=1m category=http.main.rents count=1795 sumNanos=363619551024 avgNanos=202573566
zil-additional-service  | 2026-05-05T00:23:49.183Z  INFO 1 --- [zil-additional-service] [   scheduling-1] r.a.observability.ObservabilityService   : LAB9 Observability window=1m category=http.main.cars count=1801 sumNanos=332373235912 avgNanos=184549270
zil-additional-service  | 2026-05-05T00:23:49.183Z  INFO 1 --- [zil-additional-service] [   scheduling-1] r.a.observability.ObservabilityService   : LAB9 Observability window=1m category=web.additional.availability_new count=1722 sumNanos=670558784379 avgNanos=389406959
zil-additional-service  | 2026-05-05T00:23:49.184Z  INFO 1 --- [zil-additional-service] [   scheduling-1] r.a.observability.ObservabilityService   : LAB9 Observability window=1m category=additional.statsComputation.availability.allCitiesAllDates count=1722 sumNanos=815623354 avgNanos=473648
zil-additional-service  | 2026-05-05T00:23:54.192Z  INFO 1 --- [zil-additional-service] [   scheduling-1] r.a.observability.ObservabilityService   : LAB9 Observability window=10s category=additional.statsComputation.stats count=21 sumNanos=84064 avgNanos=4003
zil-additional-service  | 2026-05-05T00:23:54.201Z  INFO 1 --- [zil-additional-service] [   scheduling-1] r.a.observability.ObservabilityService   : LAB9 Observability window=10s category=web.additional.stats count=21 sumNanos=6575322382 avgNanos=313110589
zil-additional-service  | 2026-05-05T00:23:54.202Z  INFO 1 --- [zil-additional-service] [   scheduling-1] r.a.observability.ObservabilityService   : LAB9 Observability window=10s category=http.main.rents count=483 sumNanos=78612605004 avgNanos=162759016
zil-additional-service  | 2026-05-05T00:23:54.202Z  INFO 1 --- [zil-additional-service] [   scheduling-1] r.a.observability.ObservabilityService   : LAB9 Observability window=10s category=http.main.cars count=479 sumNanos=76283847553 avgNanos=159256466
zil-additional-service  | 2026-05-05T00:23:54.202Z  INFO 1 --- [zil-additional-service] [   scheduling-1] r.a.observability.ObservabilityService   : LAB9 Observability window=10s category=web.additional.availability_new count=462 sumNanos=149686233372 avgNanos=323996176
zil-additional-service  | 2026-05-05T00:23:54.203Z  INFO 1 --- [zil-additional-service] [   scheduling-1] r.a.observability.ObservabilityService   : LAB9 Observability window=10s category=additional.statsComputation.availability.allCitiesAllDates count=462 sumNanos=122584551 avgNanos=265334
zil-additional-service  | 2026-05-05T00:23:54.204Z  INFO 1 --- [zil-additional-service] [   scheduling-1] r.a.observability.ObservabilityService   : LAB9 Observability window=30s category=additional.statsComputation.stats count=62 sumNanos=194087 avgNanos=3130
zil-additional-service  | 2026-05-05T00:23:54.204Z  INFO 1 --- [zil-additional-service] [   scheduling-1] r.a.observability.ObservabilityService   : LAB9 Observability window=30s category=web.additional.stats count=62 sumNanos=20143736868 avgNanos=324898981
zil-additional-service  | 2026-05-05T00:23:54.204Z  INFO 1 --- [zil-additional-service] [   scheduling-1] r.a.observability.ObservabilityService   : LAB9 Observability window=30s category=http.main.rents count=1434 sumNanos=236868934416 avgNanos=165180567
zil-additional-service  | 2026-05-05T00:23:54.204Z  INFO 1 --- [zil-additional-service] [   scheduling-1] r.a.observability.ObservabilityService   : LAB9 Observability window=30s category=http.main.cars count=1430 sumNanos=226945881693 avgNanos=158703413
zil-additional-service  | 2026-05-05T00:23:54.204Z  INFO 1 --- [zil-additional-service] [   scheduling-1] r.a.observability.ObservabilityService   : LAB9 Observability window=30s category=web.additional.availability_new count=1372 sumNanos=445844582702 avgNanos=324959608
zil-additional-service  | 2026-05-05T00:23:54.204Z  INFO 1 --- [zil-additional-service] [   scheduling-1] r.a.observability.ObservabilityService   : LAB9 Observability window=30s category=additional.statsComputation.availability.allCitiesAllDates count=1372 sumNanos=517531454 avgNanos=377209
zil-additional-service  | 2026-05-05T00:23:54.205Z  INFO 1 --- [zil-additional-service] [   scheduling-1] r.a.observability.ObservabilityService   : LAB9 Observability window=1m category=additional.statsComputation.stats count=85 sumNanos=282538 avgNanos=3323
zil-additional-service  | 2026-05-05T00:23:54.205Z  INFO 1 --- [zil-additional-service] [   scheduling-1] r.a.observability.ObservabilityService   : LAB9 Observability window=1m category=web.additional.stats count=85 sumNanos=31576574142 avgNanos=371489107
zil-additional-service  | 2026-05-05T00:23:54.205Z  INFO 1 --- [zil-additional-service] [   scheduling-1] r.a.observability.ObservabilityService   : LAB9 Observability window=1m category=http.main.clients count=1 sumNanos=879422181 avgNanos=879422181
zil-additional-service  | 2026-05-05T00:23:54.205Z  INFO 1 --- [zil-additional-service] [   scheduling-1] r.a.observability.ObservabilityService   : LAB9 Observability window=1m category=http.main.rents count=2041 sumNanos=402708103669 avgNanos=197309212
zil-additional-service  | 2026-05-05T00:23:54.205Z  INFO 1 --- [zil-additional-service] [   scheduling-1] r.a.observability.ObservabilityService   : LAB9 Observability window=1m category=http.main.cars count=2046 sumNanos=370311485855 avgNanos=180992906
zil-additional-service  | 2026-05-05T00:23:54.205Z  INFO 1 --- [zil-additional-service] [   scheduling-1] r.a.observability.ObservabilityService   : LAB9 Observability window=1m category=web.additional.availability_new count=1956 sumNanos=744283377392 avgNanos=380512974
zil-additional-service  | 2026-05-05T00:23:54.205Z  INFO 1 --- [zil-additional-service] [   scheduling-1] r.a.observability.ObservabilityService   : LAB9 Observability window=1m category=additional.statsComputation.availability.allCitiesAllDates count=1956 sumNanos=886483959 avgNanos=453212
zil-additional-service  | 2026-05-05T00:23:58.862Z  INFO 1 --- [zil-additional-service] [   scheduling-1] r.additional.service.ClientCacheService  : [client-cache-statistics] Client cache size=1000
zil-additional-service  | 2026-05-05T00:23:59.207Z  INFO 1 --- [zil-additional-service] [   scheduling-1] r.a.observability.ObservabilityService   : LAB9 Observability window=10s category=additional.statsComputation.stats count=28 sumNanos=106956 avgNanos=3819
zil-additional-service  | 2026-05-05T00:23:59.209Z  INFO 1 --- [zil-additional-service] [   scheduling-1] r.a.observability.ObservabilityService   : LAB9 Observability window=10s category=web.additional.stats count=28 sumNanos=8804988161 avgNanos=314463862
zil-additional-service  | 2026-05-05T00:23:59.210Z  INFO 1 --- [zil-additional-service] [   scheduling-1] r.a.observability.ObservabilityService   : LAB9 Observability window=10s category=http.main.rents count=482 sumNanos=77787520753 avgNanos=161384897
zil-additional-service  | 2026-05-05T00:23:59.210Z  INFO 1 --- [zil-additional-service] [   scheduling-1] r.a.observability.ObservabilityService   : LAB9 Observability window=10s category=http.main.cars count=484 sumNanos=76287521932 avgNanos=157618846
zil-additional-service  | 2026-05-05T00:23:59.211Z  INFO 1 --- [zil-additional-service] [   scheduling-1] r.a.observability.ObservabilityService   : LAB9 Observability window=10s category=web.additional.availability_new count=454 sumNanos=145214747097 avgNanos=319856271
zil-additional-service  | 2026-05-05T00:23:59.212Z  INFO 1 --- [zil-additional-service] [   scheduling-1] r.a.observability.ObservabilityService   : LAB9 Observability window=10s category=additional.statsComputation.availability.allCitiesAllDates count=454 sumNanos=162436059 avgNanos=357788
zil-additional-service  | 2026-05-05T00:23:59.213Z  INFO 1 --- [zil-additional-service] [   scheduling-1] r.a.observability.ObservabilityService   : LAB9 Observability window=30s category=additional.statsComputation.stats count=67 sumNanos=224542 avgNanos=3351
zil-additional-service  | 2026-05-05T00:23:59.217Z  INFO 1 --- [zil-additional-service] [   scheduling-1] r.a.observability.ObservabilityService   : LAB9 Observability window=30s category=web.additional.stats count=67 sumNanos=21820131435 avgNanos=325673603
zil-additional-service  | 2026-05-05T00:23:59.218Z  INFO 1 --- [zil-additional-service] [   scheduling-1] r.a.observability.ObservabilityService   : LAB9 Observability window=30s category=http.main.rents count=1432 sumNanos=236324476108 avgNanos=165031058
zil-additional-service  | 2026-05-05T00:23:59.218Z  INFO 1 --- [zil-additional-service] [   scheduling-1] r.a.observability.ObservabilityService   : LAB9 Observability window=30s category=http.main.cars count=1432 sumNanos=227806075408 avgNanos=159082454
zil-additional-service  | 2026-05-05T00:23:59.218Z  INFO 1 --- [zil-additional-service] [   scheduling-1] r.a.observability.ObservabilityService   : LAB9 Observability window=30s category=web.additional.availability_new count=1365 sumNanos=444009525025 avgNanos=325281703
zil-additional-service  | 2026-05-05T00:23:59.221Z  INFO 1 --- [zil-additional-service] [   scheduling-1] r.a.observability.ObservabilityService   : LAB9 Observability window=30s category=additional.statsComputation.availability.allCitiesAllDates count=1365 sumNanos=469540263 avgNanos=343985
zil-additional-service  | 2026-05-05T00:23:59.222Z  INFO 1 --- [zil-additional-service] [   scheduling-1] r.a.observability.ObservabilityService   : LAB9 Observability window=1m category=additional.statsComputation.stats count=100 sumNanos=338670 avgNanos=3386
zil-additional-service  | 2026-05-05T00:23:59.222Z  INFO 1 --- [zil-additional-service] [   scheduling-1] r.a.observability.ObservabilityService   : LAB9 Observability window=1m category=web.additional.stats count=100 sumNanos=36371817808 avgNanos=363718178
zil-additional-service  | 2026-05-05T00:23:59.222Z  INFO 1 --- [zil-additional-service] [   scheduling-1] r.a.observability.ObservabilityService   : LAB9 Observability window=1m category=http.main.clients count=1 sumNanos=879422181 avgNanos=879422181
zil-additional-service  | 2026-05-05T00:23:59.222Z  INFO 1 --- [zil-additional-service] [   scheduling-1] r.a.observability.ObservabilityService   : LAB9 Observability window=1m category=http.main.rents count=2278 sumNanos=441549662523 avgNanos=193832160
zil-additional-service  | 2026-05-05T00:23:59.223Z  INFO 1 --- [zil-additional-service] [   scheduling-1] r.a.observability.ObservabilityService   : LAB9 Observability window=1m category=http.main.cars count=2287 sumNanos=408967710922 avgNanos=178822785
zil-additional-service  | 2026-05-05T00:23:59.223Z  INFO 1 --- [zil-additional-service] [   scheduling-1] r.a.observability.ObservabilityService   : LAB9 Observability window=1m category=web.additional.availability_new count=2178 sumNanos=816446584342 avgNanos=374860690
zil-additional-service  | 2026-05-05T00:23:59.223Z  INFO 1 --- [zil-additional-service] [   scheduling-1] r.a.observability.ObservabilityService   : LAB9 Observability window=1m category=additional.statsComputation.availability.allCitiesAllDates count=2178 sumNanos=978467916 avgNanos=449250
zil-additional-service  | 2026-05-05T00:24:04.231Z  INFO 1 --- [zil-additional-service] [   scheduling-1] r.a.observability.ObservabilityService   : LAB9 Observability window=10s category=additional.statsComputation.stats count=24 sumNanos=81219 avgNanos=3384
zil-additional-service  | 2026-05-05T00:24:04.232Z  INFO 1 --- [zil-additional-service] [   scheduling-1] r.a.observability.ObservabilityService   : LAB9 Observability window=10s category=web.additional.stats count=24 sumNanos=7705678824 avgNanos=321069951
zil-additional-service  | 2026-05-05T00:24:04.232Z  INFO 1 --- [zil-additional-service] [   scheduling-1] r.a.observability.ObservabilityService   : LAB9 Observability window=10s category=http.main.rents count=476 sumNanos=77973616744 avgNanos=163810119
zil-additional-service  | 2026-05-05T00:24:04.233Z  INFO 1 --- [zil-additional-service] [   scheduling-1] r.a.observability.ObservabilityService   : LAB9 Observability window=10s category=http.main.cars count=475 sumNanos=77135491171 avgNanos=162390507
zil-additional-service  | 2026-05-05T00:24:04.233Z  INFO 1 --- [zil-additional-service] [   scheduling-1] r.a.observability.ObservabilityService   : LAB9 Observability window=10s category=web.additional.availability_new count=452 sumNanos=148071033954 avgNanos=327590783
zil-additional-service  | 2026-05-05T00:24:04.236Z  INFO 1 --- [zil-additional-service] [   scheduling-1] r.a.observability.ObservabilityService   : LAB9 Observability window=10s category=additional.statsComputation.availability.allCitiesAllDates count=452 sumNanos=209865163 avgNanos=464303
zil-additional-service  | 2026-05-05T00:24:04.238Z  INFO 1 --- [zil-additional-service] [   scheduling-1] r.a.observability.ObservabilityService   : LAB9 Observability window=30s category=additional.statsComputation.stats count=69 sumNanos=231588 avgNanos=3356
zil-additional-service  | 2026-05-05T00:24:04.242Z  INFO 1 --- [zil-additional-service] [   scheduling-1] r.a.observability.ObservabilityService   : LAB9 Observability window=30s category=web.additional.stats count=69 sumNanos=21798638146 avgNanos=315922291
zil-additional-service  | 2026-05-05T00:24:04.242Z  INFO 1 --- [zil-additional-service] [   scheduling-1] r.a.observability.ObservabilityService   : LAB9 Observability window=30s category=http.main.rents count=1440 sumNanos=235474828764 avgNanos=163524186
zil-additional-service  | 2026-05-05T00:24:04.243Z  INFO 1 --- [zil-additional-service] [   scheduling-1] r.a.observability.ObservabilityService   : LAB9 Observability window=30s category=http.main.cars count=1438 sumNanos=228697217256 avgNanos=159038398
zil-additional-service  | 2026-05-05T00:24:04.243Z  INFO 1 --- [zil-additional-service] [   scheduling-1] r.a.observability.ObservabilityService   : LAB9 Observability window=30s category=web.additional.availability_new count=1371 sumNanos=444267346724 avgNanos=324046204
zil-additional-service  | 2026-05-05T00:24:04.244Z  INFO 1 --- [zil-additional-service] [   scheduling-1] r.a.observability.ObservabilityService   : LAB9 Observability window=30s category=additional.statsComputation.availability.allCitiesAllDates count=1371 sumNanos=508604447 avgNanos=370973
zil-additional-service  | 2026-05-05T00:24:04.247Z  INFO 1 --- [zil-additional-service] [   scheduling-1] r.a.observability.ObservabilityService   : LAB9 Observability window=1m category=additional.statsComputation.stats count=109 sumNanos=363757 avgNanos=3337
zil-additional-service  | 2026-05-05T00:24:04.248Z  INFO 1 --- [zil-additional-service] [   scheduling-1] r.a.observability.ObservabilityService   : LAB9 Observability window=1m category=web.additional.stats count=109 sumNanos=39282252966 avgNanos=360387641
zil-additional-service  | 2026-05-05T00:24:04.249Z  INFO 1 --- [zil-additional-service] [   scheduling-1] r.a.observability.ObservabilityService   : LAB9 Observability window=1m category=http.main.clients count=1 sumNanos=879422181 avgNanos=879422181
zil-additional-service  | 2026-05-05T00:24:04.249Z  INFO 1 --- [zil-additional-service] [   scheduling-1] r.a.observability.ObservabilityService   : LAB9 Observability window=1m category=http.main.rents count=2517 sumNanos=480681720413 avgNanos=190974064
zil-app                 | 2026-05-05T00:23:10.710Z  INFO 1 --- [   scheduling-1] r.observability.ObservabilityService     : LAB9 Observability window=30s category=db.car.findAll count=79 sumNanos=28315521006 avgNanos=358424316
zil-app                 | 2026-05-05T00:23:10.711Z  INFO 1 --- [   scheduling-1] r.observability.ObservabilityService     : LAB9 Observability window=30s category=web.StatsController.stats count=1 sumNanos=340475947 avgNanos=340475947
zil-app                 | 2026-05-05T00:23:10.711Z  INFO 1 --- [   scheduling-1] r.observability.ObservabilityService     : LAB9 Observability window=1m category=web.ClientController.getClients count=1 sumNanos=345668609 avgNanos=345668609
zil-app                 | 2026-05-05T00:23:10.711Z  INFO 1 --- [   scheduling-1] r.observability.ObservabilityService     : LAB9 Observability window=1m category=db.stats.countRents count=1 sumNanos=14398053 avgNanos=14398053
zil-app                 | 2026-05-05T00:23:10.711Z  INFO 1 --- [   scheduling-1] r.observability.ObservabilityService     : LAB9 Observability window=1m category=web.RentController.getRents count=73 sumNanos=38310648957 avgNanos=524803410
zil-app                 | 2026-05-05T00:23:10.711Z  INFO 1 --- [   scheduling-1] r.observability.ObservabilityService     : LAB9 Observability window=1m category=db.client.findAll count=1 sumNanos=345352965 avgNanos=345352965
zil-app                 | 2026-05-05T00:23:10.711Z  INFO 1 --- [   scheduling-1] r.observability.ObservabilityService     : LAB9 Observability window=1m category=db.rent.findAll count=73 sumNanos=38309401469 avgNanos=524786321
zil-app                 | 2026-05-05T00:23:10.711Z  INFO 1 --- [   scheduling-1] r.observability.ObservabilityService     : LAB9 Observability window=1m category=db.stats.countClients count=1 sumNanos=15020908 avgNanos=15020908
zil-app                 | 2026-05-05T00:23:10.711Z  INFO 1 --- [   scheduling-1] r.observability.ObservabilityService     : LAB9 Observability window=1m category=db.stats.countCars count=1 sumNanos=310208593 avgNanos=310208593
zil-additional-service  | 2026-05-05T00:24:04.250Z  INFO 1 --- [zil-additional-service] [   scheduling-1] r.a.observability.ObservabilityService   : LAB9 Observability window=1m category=http.main.cars count=2524 sumNanos=447917525389 avgNanos=177463361
zil-additional-service  | 2026-05-05T00:24:04.256Z  INFO 1 --- [zil-additional-service] [   scheduling-1] r.a.observability.ObservabilityService   : LAB9 Observability window=1m category=web.additional.availability_new count=2408 sumNanos=892354411346 avgNanos=370579074
zil-additional-service  | 2026-05-05T00:24:04.256Z  INFO 1 --- [zil-additional-service] [   scheduling-1] r.a.observability.ObservabilityService   : LAB9 Observability window=1m category=additional.statsComputation.availability.allCitiesAllDates count=2408 sumNanos=1096349122 avgNanos=455294
zil-additional-service  | 2026-05-05T00:24:08.865Z  INFO 1 --- [zil-additional-service] [   scheduling-1] r.additional.service.ClientCacheService  : [client-cache-statistics] Client cache size=1000
zil-additional-service  | 2026-05-05T00:24:09.264Z  INFO 1 --- [zil-additional-service] [   scheduling-1] r.a.observability.ObservabilityService   : LAB9 Observability window=10s category=additional.statsComputation.stats count=22 sumNanos=63886 avgNanos=2903
zil-additional-service  | 2026-05-05T00:24:09.268Z  INFO 1 --- [zil-additional-service] [   scheduling-1] r.a.observability.ObservabilityService   : LAB9 Observability window=10s category=web.additional.stats count=22 sumNanos=7184619100 avgNanos=326573595
zil-additional-service  | 2026-05-05T00:24:09.269Z  INFO 1 --- [zil-additional-service] [   scheduling-1] r.a.observability.ObservabilityService   : LAB9 Observability window=10s category=http.main.rents count=476 sumNanos=78734008364 avgNanos=165407580
zil-additional-service  | 2026-05-05T00:24:09.269Z  INFO 1 --- [zil-additional-service] [   scheduling-1] r.a.observability.ObservabilityService   : LAB9 Observability window=10s category=http.main.cars count=474 sumNanos=77042474289 avgNanos=162536865
zil-additional-service  | 2026-05-05T00:24:09.269Z  INFO 1 --- [zil-additional-service] [   scheduling-1] r.a.observability.ObservabilityService   : LAB9 Observability window=10s category=web.additional.availability_new count=454 sumNanos=149203143434 avgNanos=328641285
zil-additional-service  | 2026-05-05T00:24:09.269Z  INFO 1 --- [zil-additional-service] [   scheduling-1] r.a.observability.ObservabilityService   : LAB9 Observability window=10s category=additional.statsComputation.availability.allCitiesAllDates count=454 sumNanos=216817381 avgNanos=477571
zil-additional-service  | 2026-05-05T00:24:09.269Z  INFO 1 --- [zil-additional-service] [   scheduling-1] r.a.observability.ObservabilityService   : LAB9 Observability window=30s category=additional.statsComputation.stats count=70 sumNanos=237245 avgNanos=3389
zil-additional-service  | 2026-05-05T00:24:09.269Z  INFO 1 --- [zil-additional-service] [   scheduling-1] r.a.observability.ObservabilityService   : LAB9 Observability window=30s category=web.additional.stats count=70 sumNanos=22092758095 avgNanos=315610829
zil-additional-service  | 2026-05-05T00:24:09.274Z  INFO 1 --- [zil-additional-service] [   scheduling-1] r.a.observability.ObservabilityService   : LAB9 Observability window=30s category=http.main.rents count=1435 sumNanos=235483046761 avgNanos=164099684
zil-additional-service  | 2026-05-05T00:24:09.275Z  INFO 1 --- [zil-additional-service] [   scheduling-1] r.a.observability.ObservabilityService   : LAB9 Observability window=30s category=http.main.cars count=1434 sumNanos=229945951370 avgNanos=160352825
zil-additional-service  | 2026-05-05T00:24:09.275Z  INFO 1 --- [zil-additional-service] [   scheduling-1] r.a.observability.ObservabilityService   : LAB9 Observability window=30s category=web.additional.availability_new count=1365 sumNanos=444520858345 avgNanos=325656306
zil-additional-service  | 2026-05-05T00:24:09.275Z  INFO 1 --- [zil-additional-service] [   scheduling-1] r.a.observability.ObservabilityService   : LAB9 Observability window=30s category=additional.statsComputation.availability.allCitiesAllDates count=1365 sumNanos=510900968 avgNanos=374286
zil-additional-service  | 2026-05-05T00:24:09.276Z  INFO 1 --- [zil-additional-service] [   scheduling-1] r.a.observability.ObservabilityService   : LAB9 Observability window=1m category=additional.statsComputation.stats count=118 sumNanos=358372 avgNanos=3037
zil-additional-service  | 2026-05-05T00:24:09.276Z  INFO 1 --- [zil-additional-service] [   scheduling-1] r.a.observability.ObservabilityService   : LAB9 Observability window=1m category=web.additional.stats count=118 sumNanos=38788919271 avgNanos=328719654
zil-additional-service  | 2026-05-05T00:24:09.276Z  INFO 1 --- [zil-additional-service] [   scheduling-1] r.a.observability.ObservabilityService   : LAB9 Observability window=1m category=http.main.rents count=2717 sumNanos=488873453919 avgNanos=179931341
zil-additional-service  | 2026-05-05T00:24:09.277Z  INFO 1 --- [zil-additional-service] [   scheduling-1] r.a.observability.ObservabilityService   : LAB9 Observability window=1m category=http.main.cars count=2711 sumNanos=462118370407 avgNanos=170460483
zil-additional-service  | 2026-05-05T00:24:09.277Z  INFO 1 --- [zil-additional-service] [   scheduling-1] r.a.observability.ObservabilityService   : LAB9 Observability window=1m category=web.additional.availability_new count=2599 sumNanos=919273871112 avgNanos=353702913
zil-additional-service  | 2026-05-05T00:24:09.277Z  INFO 1 --- [zil-additional-service] [   scheduling-1] r.a.observability.ObservabilityService   : LAB9 Observability window=1m category=additional.statsComputation.availability.allCitiesAllDates count=2599 sumNanos=1126824146 avgNanos=433560
zil-additional-service  | 2026-05-05T00:24:14.281Z  INFO 1 --- [zil-additional-service] [   scheduling-1] r.a.observability.ObservabilityService   : LAB9 Observability window=10s category=additional.statsComputation.stats count=25 sumNanos=140956 avgNanos=5638
zil-additional-service  | 2026-05-05T00:24:14.283Z  INFO 1 --- [zil-additional-service] [   scheduling-1] r.a.observability.ObservabilityService   : LAB9 Observability window=10s category=web.additional.stats count=25 sumNanos=8013667325 avgNanos=320546693
zil-additional-service  | 2026-05-05T00:24:14.283Z  INFO 1 --- [zil-additional-service] [   scheduling-1] r.a.observability.ObservabilityService   : LAB9 Observability window=10s category=http.main.rents count=477 sumNanos=78374424541 avgNanos=164306969
zil-additional-service  | 2026-05-05T00:24:14.284Z  INFO 1 --- [zil-additional-service] [   scheduling-1] r.a.observability.ObservabilityService   : LAB9 Observability window=10s category=http.main.cars count=476 sumNanos=76829863447 avgNanos=161407276
zil-additional-service  | 2026-05-05T00:24:14.284Z  INFO 1 --- [zil-additional-service] [   scheduling-1] r.a.observability.ObservabilityService   : LAB9 Observability window=10s category=web.additional.availability_new count=452 sumNanos=147777644136 avgNanos=326941690
zil-additional-service  | 2026-05-05T00:24:14.284Z  INFO 1 --- [zil-additional-service] [   scheduling-1] r.a.observability.ObservabilityService   : LAB9 Observability window=10s category=additional.statsComputation.availability.allCitiesAllDates count=452 sumNanos=202307065 avgNanos=447582
zil-additional-service  | 2026-05-05T00:24:14.285Z  INFO 1 --- [zil-additional-service] [   scheduling-1] r.a.observability.ObservabilityService   : LAB9 Observability window=30s category=additional.statsComputation.stats count=70 sumNanos=306239 avgNanos=4374
zil-additional-service  | 2026-05-05T00:24:14.285Z  INFO 1 --- [zil-additional-service] [   scheduling-1] r.a.observability.ObservabilityService   : LAB9 Observability window=30s category=web.additional.stats count=70 sumNanos=22294668531 avgNanos=318495264
zil-additional-service  | 2026-05-05T00:24:14.286Z  INFO 1 --- [zil-additional-service] [   scheduling-1] r.a.observability.ObservabilityService   : LAB9 Observability window=30s category=http.main.rents count=1435 sumNanos=234760364900 avgNanos=163596073
zil-additional-service  | 2026-05-05T00:24:14.286Z  INFO 1 --- [zil-additional-service] [   scheduling-1] r.a.observability.ObservabilityService   : LAB9 Observability window=30s category=http.main.cars count=1435 sumNanos=230996054881 avgNanos=160972860
zil-additional-service  | 2026-05-05T00:24:14.286Z  INFO 1 --- [zil-additional-service] [   scheduling-1] r.a.observability.ObservabilityService   : LAB9 Observability window=30s category=web.additional.availability_new count=1365 sumNanos=444934116950 avgNanos=325959060
zil-additional-service  | 2026-05-05T00:24:14.286Z  INFO 1 --- [zil-additional-service] [   scheduling-1] r.a.observability.ObservabilityService   : LAB9 Observability window=30s category=additional.statsComputation.availability.allCitiesAllDates count=1365 sumNanos=534308441 avgNanos=391434
zil-additional-service  | 2026-05-05T00:24:14.287Z  INFO 1 --- [zil-additional-service] [   scheduling-1] r.a.observability.ObservabilityService   : LAB9 Observability window=1m category=additional.statsComputation.stats count=130 sumNanos=460529 avgNanos=3542
zil-additional-service  | 2026-05-05T00:24:14.287Z  INFO 1 --- [zil-additional-service] [   scheduling-1] r.a.observability.ObservabilityService   : LAB9 Observability window=1m category=web.additional.stats count=130 sumNanos=42528402654 avgNanos=327141558
zil-additional-service  | 2026-05-05T00:24:14.287Z  INFO 1 --- [zil-additional-service] [   scheduling-1] r.a.observability.ObservabilityService   : LAB9 Observability window=1m category=http.main.rents count=2829 sumNanos=476576353774 avgNanos=168461065
zil-additional-service  | 2026-05-05T00:24:14.288Z  INFO 1 --- [zil-additional-service] [   scheduling-1] r.a.observability.ObservabilityService   : LAB9 Observability window=1m category=http.main.cars count=2827 sumNanos=457985609599 avgNanos=162004106
zil-additional-service  | 2026-05-05T00:24:14.288Z  INFO 1 --- [zil-additional-service] [   scheduling-1] r.a.observability.ObservabilityService   : LAB9 Observability window=1m category=web.additional.availability_new count=2699 sumNanos=895427161370 avgNanos=331762564
zil-additional-service  | 2026-05-05T00:24:14.288Z  INFO 1 --- [zil-additional-service] [   scheduling-1] r.a.observability.ObservabilityService   : LAB9 Observability window=1m category=additional.statsComputation.availability.allCitiesAllDates count=2699 sumNanos=1158640612 avgNanos=429285
zil-additional-service  | 2026-05-05T00:24:18.862Z  INFO 1 --- [zil-additional-service] [   scheduling-1] r.additional.service.ClientCacheService  : [client-cache-statistics] Client cache size=1000
zil-additional-service  | 2026-05-05T00:24:19.295Z  INFO 1 --- [zil-additional-service] [   scheduling-1] r.a.observability.ObservabilityService   : LAB9 Observability window=10s category=additional.statsComputation.stats count=19 sumNanos=128124 avgNanos=6743
zil-additional-service  | 2026-05-05T00:24:19.295Z  INFO 1 --- [zil-additional-service] [   scheduling-1] r.a.observability.ObservabilityService   : LAB9 Observability window=10s category=web.additional.stats count=19 sumNanos=6074211025 avgNanos=319695317
zil-additional-service  | 2026-05-05T00:24:19.295Z  INFO 1 --- [zil-additional-service] [   scheduling-1] r.a.observability.ObservabilityService   : LAB9 Observability window=10s category=http.main.rents count=475 sumNanos=77958222732 avgNanos=164122574
zil-additional-service  | 2026-05-05T00:24:19.295Z  INFO 1 --- [zil-additional-service] [   scheduling-1] r.a.observability.ObservabilityService   : LAB9 Observability window=10s category=http.main.cars count=477 sumNanos=77169337943 avgNanos=161780582
zil-additional-service  | 2026-05-05T00:24:19.295Z  INFO 1 --- [zil-additional-service] [   scheduling-1] r.a.observability.ObservabilityService   : LAB9 Observability window=10s category=web.additional.availability_new count=455 sumNanos=149004840228 avgNanos=327483165
zil-additional-service  | 2026-05-05T00:24:19.295Z  INFO 1 --- [zil-additional-service] [   scheduling-1] r.a.observability.ObservabilityService   : LAB9 Observability window=10s category=additional.statsComputation.availability.allCitiesAllDates count=455 sumNanos=192588094 avgNanos=423270
zil-additional-service  | 2026-05-05T00:24:19.296Z  INFO 1 --- [zil-additional-service] [   scheduling-1] r.a.observability.ObservabilityService   : LAB9 Observability window=30s category=additional.statsComputation.stats count=69 sumNanos=298966 avgNanos=4332
zil-additional-service  | 2026-05-05T00:24:19.296Z  INFO 1 --- [zil-additional-service] [   scheduling-1] r.a.observability.ObservabilityService   : LAB9 Observability window=30s category=web.additional.stats count=69 sumNanos=22063818286 avgNanos=319765482
zil-additional-service  | 2026-05-05T00:24:19.296Z  INFO 1 --- [zil-additional-service] [   scheduling-1] r.a.observability.ObservabilityService   : LAB9 Observability window=30s category=http.main.rents count=1434 sumNanos=234679875868 avgNanos=163654027
zil-additional-service  | 2026-05-05T00:24:19.296Z  INFO 1 --- [zil-additional-service] [   scheduling-1] r.a.observability.ObservabilityService   : LAB9 Observability window=30s category=http.main.cars count=1433 sumNanos=230402964496 avgNanos=160783645
zil-additional-service  | 2026-05-05T00:24:19.296Z  INFO 1 --- [zil-additional-service] [   scheduling-1] r.a.observability.ObservabilityService   : LAB9 Observability window=30s category=web.additional.availability_new count=1364 sumNanos=443898623135 avgNanos=325438873
zil-additional-service  | 2026-05-05T00:24:19.296Z  INFO 1 --- [zil-additional-service] [   scheduling-1] r.a.observability.ObservabilityService   : LAB9 Observability window=30s category=additional.statsComputation.availability.allCitiesAllDates count=1364 sumNanos=571845123 avgNanos=419241
zil-additional-service  | 2026-05-05T00:24:19.296Z  INFO 1 --- [zil-additional-service] [   scheduling-1] r.a.observability.ObservabilityService   : LAB9 Observability window=1m category=additional.statsComputation.stats count=127 sumNanos=464890 avgNanos=3660
zil-additional-service  | 2026-05-05T00:24:19.297Z  INFO 1 --- [zil-additional-service] [   scheduling-1] r.a.observability.ObservabilityService   : LAB9 Observability window=1m category=web.additional.stats count=127 sumNanos=41168993189 avgNanos=324165300
zil-additional-service  | 2026-05-05T00:24:19.297Z  INFO 1 --- [zil-additional-service] [   scheduling-1] r.a.observability.ObservabilityService   : LAB9 Observability window=1m category=http.main.rents count=2857 sumNanos=472702970400 avgNanos=165454312
zil-additional-service  | 2026-05-05T00:24:19.297Z  INFO 1 --- [zil-additional-service] [   scheduling-1] r.a.observability.ObservabilityService   : LAB9 Observability window=1m category=http.main.cars count=2854 sumNanos=456474720747 avgNanos=159942088
zil-additional-service  | 2026-05-05T00:24:19.297Z  INFO 1 --- [zil-additional-service] [   scheduling-1] r.a.observability.ObservabilityService   : LAB9 Observability window=1m category=web.additional.availability_new count=2729 sumNanos=890970388516 avgNanos=326482370
zil-additional-service  | 2026-05-05T00:24:19.297Z  INFO 1 --- [zil-additional-service] [   scheduling-1] r.a.observability.ObservabilityService   : LAB9 Observability window=1m category=additional.statsComputation.availability.allCitiesAllDates count=2729 sumNanos=1144282015 avgNanos=419304
zil-additional-service  | 2026-05-05T00:24:24.305Z  INFO 1 --- [zil-additional-service] [   scheduling-1] r.a.observability.ObservabilityService   : LAB9 Observability window=10s category=additional.statsComputation.stats count=24 sumNanos=2315293 avgNanos=96470
zil-additional-service  | 2026-05-05T00:24:24.305Z  INFO 1 --- [zil-additional-service] [   scheduling-1] r.a.observability.ObservabilityService   : LAB9 Observability window=10s category=web.additional.stats count=24 sumNanos=7698934339 avgNanos=320788930
zil-additional-service  | 2026-05-05T00:24:24.305Z  INFO 1 --- [zil-additional-service] [   scheduling-1] r.a.observability.ObservabilityService   : LAB9 Observability window=10s category=http.main.rents count=481 sumNanos=79710109751 avgNanos=165717483
zil-additional-service  | 2026-05-05T00:24:24.305Z  INFO 1 --- [zil-additional-service] [   scheduling-1] r.a.observability.ObservabilityService   : LAB9 Observability window=10s category=http.main.cars count=479 sumNanos=76502721218 avgNanos=159713405
zil-additional-service  | 2026-05-05T00:24:24.305Z  INFO 1 --- [zil-additional-service] [   scheduling-1] r.a.observability.ObservabilityService   : LAB9 Observability window=10s category=web.additional.availability_new count=457 sumNanos=149412053733 avgNanos=326941036
zil-additional-service  | 2026-05-05T00:24:24.305Z  INFO 1 --- [zil-additional-service] [   scheduling-1] r.a.observability.ObservabilityService   : LAB9 Observability window=10s category=additional.statsComputation.availability.allCitiesAllDates count=457 sumNanos=125549184 avgNanos=274724
zil-additional-service  | 2026-05-05T00:24:24.306Z  INFO 1 --- [zil-additional-service] [   scheduling-1] r.a.observability.ObservabilityService   : LAB9 Observability window=30s category=additional.statsComputation.stats count=72 sumNanos=2534027 avgNanos=35194
zil-additional-service  | 2026-05-05T00:24:24.306Z  INFO 1 --- [zil-additional-service] [   scheduling-1] r.a.observability.ObservabilityService   : LAB9 Observability window=30s category=web.additional.stats count=72 sumNanos=23130633983 avgNanos=321258805
zil-additional-service  | 2026-05-05T00:24:24.306Z  INFO 1 --- [zil-additional-service] [   scheduling-1] r.a.observability.ObservabilityService   : LAB9 Observability window=30s category=http.main.rents count=1430 sumNanos=235538646105 avgNanos=164712339
zil-additional-service  | 2026-05-05T00:24:24.307Z  INFO 1 --- [zil-additional-service] [   scheduling-1] r.a.observability.ObservabilityService   : LAB9 Observability window=30s category=http.main.cars count=1431 sumNanos=230815125036 avgNanos=161296383
zil-additional-service  | 2026-05-05T00:24:24.307Z  INFO 1 --- [zil-additional-service] [   scheduling-1] r.a.observability.ObservabilityService   : LAB9 Observability window=30s category=web.additional.availability_new count=1358 sumNanos=444451125375 avgNanos=327283597
zil-additional-service  | 2026-05-05T00:24:24.309Z  INFO 1 --- [zil-additional-service] [   scheduling-1] r.a.observability.ObservabilityService   : LAB9 Observability window=30s category=additional.statsComputation.availability.allCitiesAllDates count=1358 sumNanos=536773773 avgNanos=395267
zil-additional-service  | 2026-05-05T00:24:24.309Z  INFO 1 --- [zil-additional-service] [   scheduling-1] r.a.observability.ObservabilityService   : LAB9 Observability window=1m category=additional.statsComputation.stats count=135 sumNanos=2731555 avgNanos=20233
zil-additional-service  | 2026-05-05T00:24:24.309Z  INFO 1 --- [zil-additional-service] [   scheduling-1] r.a.observability.ObservabilityService   : LAB9 Observability window=1m category=web.additional.stats count=135 sumNanos=43562017356 avgNanos=322681610
zil-additional-service  | 2026-05-05T00:24:24.309Z  INFO 1 --- [zil-additional-service] [   scheduling-1] r.a.observability.ObservabilityService   : LAB9 Observability window=1m category=http.main.rents count=2862 sumNanos=471797538295 avgNanos=164848895
zil-additional-service  | 2026-05-05T00:24:24.309Z  INFO 1 --- [zil-additional-service] [   scheduling-1] r.a.observability.ObservabilityService   : LAB9 Observability window=1m category=http.main.cars count=2862 sumNanos=457815060413 avgNanos=159963333
zil-app                 | 2026-05-05T00:23:10.711Z  INFO 1 --- [   scheduling-1] r.observability.ObservabilityService     : LAB9 Observability window=1m category=web.CarController.getCars count=79 sumNanos=28344464446 avgNanos=358790689
zil-app                 | 2026-05-05T00:23:10.711Z  INFO 1 --- [   scheduling-1] r.observability.ObservabilityService     : LAB9 Observability window=1m category=db.car.findAll count=79 sumNanos=28315521006 avgNanos=358424316
zil-app                 | 2026-05-05T00:23:10.711Z  INFO 1 --- [   scheduling-1] r.observability.ObservabilityService     : LAB9 Observability window=1m category=web.StatsController.stats count=1 sumNanos=340475947 avgNanos=340475947
zil-app                 | 2026-05-05T00:23:15.725Z  INFO 1 --- [   scheduling-1] r.observability.ObservabilityService     : LAB9 Observability window=10s category=web.RentController.getRents count=226 sumNanos=72995461616 avgNanos=322988768
zil-app                 | 2026-05-05T00:23:15.725Z  INFO 1 --- [   scheduling-1] r.observability.ObservabilityService     : LAB9 Observability window=10s category=db.rent.findAll count=226 sumNanos=72993552044 avgNanos=322980318
zil-app                 | 2026-05-05T00:23:15.725Z  INFO 1 --- [   scheduling-1] r.observability.ObservabilityService     : LAB9 Observability window=10s category=web.CarController.getCars count=231 sumNanos=59326218307 avgNanos=256823455
zil-app                 | 2026-05-05T00:23:15.725Z  INFO 1 --- [   scheduling-1] r.observability.ObservabilityService     : LAB9 Observability window=10s category=db.car.findAll count=231 sumNanos=59295968819 avgNanos=256692505
zil-app                 | 2026-05-05T00:23:15.726Z  INFO 1 --- [   scheduling-1] r.observability.ObservabilityService     : LAB9 Observability window=30s category=web.ClientController.getClients count=1 sumNanos=345668609 avgNanos=345668609
zil-app                 | 2026-05-05T00:23:15.726Z  INFO 1 --- [   scheduling-1] r.observability.ObservabilityService     : LAB9 Observability window=30s category=db.stats.countRents count=1 sumNanos=14398053 avgNanos=14398053
zil-app                 | 2026-05-05T00:23:15.726Z  INFO 1 --- [   scheduling-1] r.observability.ObservabilityService     : LAB9 Observability window=30s category=web.RentController.getRents count=227 sumNanos=73156473811 avgNanos=322275215
zil-app                 | 2026-05-05T00:23:15.726Z  INFO 1 --- [   scheduling-1] r.observability.ObservabilityService     : LAB9 Observability window=30s category=db.client.findAll count=1 sumNanos=345352965 avgNanos=345352965
zil-app                 | 2026-05-05T00:23:15.726Z  INFO 1 --- [   scheduling-1] r.observability.ObservabilityService     : LAB9 Observability window=30s category=db.rent.findAll count=227 sumNanos=73154291073 avgNanos=322265599
zil-app                 | 2026-05-05T00:23:15.726Z  INFO 1 --- [   scheduling-1] r.observability.ObservabilityService     : LAB9 Observability window=30s category=db.stats.countClients count=1 sumNanos=15020908 avgNanos=15020908
zil-app                 | 2026-05-05T00:23:15.726Z  INFO 1 --- [   scheduling-1] r.observability.ObservabilityService     : LAB9 Observability window=30s category=db.stats.countCars count=1 sumNanos=310208593 avgNanos=310208593
zil-app                 | 2026-05-05T00:23:15.726Z  INFO 1 --- [   scheduling-1] r.observability.ObservabilityService     : LAB9 Observability window=30s category=web.CarController.getCars count=232 sumNanos=59451475619 avgNanos=256256360
zil-app                 | 2026-05-05T00:23:15.726Z  INFO 1 --- [   scheduling-1] r.observability.ObservabilityService     : LAB9 Observability window=30s category=db.car.findAll count=232 sumNanos=59420972483 avgNanos=256124881
zil-app                 | 2026-05-05T00:23:15.726Z  INFO 1 --- [   scheduling-1] r.observability.ObservabilityService     : LAB9 Observability window=30s category=web.StatsController.stats count=1 sumNanos=340475947 avgNanos=340475947
zil-app                 | 2026-05-05T00:23:15.726Z  INFO 1 --- [   scheduling-1] r.observability.ObservabilityService     : LAB9 Observability window=1m category=web.ClientController.getClients count=1 sumNanos=345668609 avgNanos=345668609
zil-app                 | 2026-05-05T00:23:15.727Z  INFO 1 --- [   scheduling-1] r.observability.ObservabilityService     : LAB9 Observability window=1m category=db.stats.countRents count=1 sumNanos=14398053 avgNanos=14398053
zil-app                 | 2026-05-05T00:23:15.727Z  INFO 1 --- [   scheduling-1] r.observability.ObservabilityService     : LAB9 Observability window=1m category=web.RentController.getRents count=227 sumNanos=73156473811 avgNanos=322275215
zil-app                 | 2026-05-05T00:23:15.770Z  INFO 1 --- [   scheduling-1] r.observability.ObservabilityService     : LAB9 Observability window=1m category=db.client.findAll count=1 sumNanos=345352965 avgNanos=345352965
zil-app                 | 2026-05-05T00:23:15.771Z  INFO 1 --- [   scheduling-1] r.observability.ObservabilityService     : LAB9 Observability window=1m category=db.rent.findAll count=227 sumNanos=73154291073 avgNanos=322265599
zil-app                 | 2026-05-05T00:23:15.771Z  INFO 1 --- [   scheduling-1] r.observability.ObservabilityService     : LAB9 Observability window=1m category=db.stats.countClients count=1 sumNanos=15020908 avgNanos=15020908
zil-app                 | 2026-05-05T00:23:15.771Z  INFO 1 --- [   scheduling-1] r.observability.ObservabilityService     : LAB9 Observability window=1m category=db.stats.countCars count=1 sumNanos=310208593 avgNanos=310208593
zil-app                 | 2026-05-05T00:23:15.771Z  INFO 1 --- [   scheduling-1] r.observability.ObservabilityService     : LAB9 Observability window=1m category=web.CarController.getCars count=232 sumNanos=59451475619 avgNanos=256256360
zil-app                 | 2026-05-05T00:23:15.772Z  INFO 1 --- [   scheduling-1] r.observability.ObservabilityService     : LAB9 Observability window=1m category=db.car.findAll count=232 sumNanos=59420972483 avgNanos=256124881
zil-app                 | 2026-05-05T00:23:15.772Z  INFO 1 --- [   scheduling-1] r.observability.ObservabilityService     : LAB9 Observability window=1m category=web.StatsController.stats count=1 sumNanos=340475947 avgNanos=340475947
zil-app                 | 2026-05-05T00:23:20.780Z  INFO 1 --- [   scheduling-1] r.observability.ObservabilityService     : LAB9 Observability window=10s category=web.RentController.getRents count=373 sumNanos=63989154202 avgNanos=171552692
zil-app                 | 2026-05-05T00:23:20.782Z  INFO 1 --- [   scheduling-1] r.observability.ObservabilityService     : LAB9 Observability window=10s category=db.rent.findAll count=373 sumNanos=63987142085 avgNanos=171547297
zil-app                 | 2026-05-05T00:23:20.783Z  INFO 1 --- [   scheduling-1] r.observability.ObservabilityService     : LAB9 Observability window=10s category=web.CarController.getCars count=374 sumNanos=59195938245 avgNanos=158277909
zil-app                 | 2026-05-05T00:23:20.783Z  INFO 1 --- [   scheduling-1] r.observability.ObservabilityService     : LAB9 Observability window=10s category=db.car.findAll count=374 sumNanos=59191645910 avgNanos=158266432
zil-app                 | 2026-05-05T00:23:20.785Z  INFO 1 --- [   scheduling-1] r.observability.ObservabilityService     : LAB9 Observability window=30s category=web.ClientController.getClients count=1 sumNanos=345668609 avgNanos=345668609
zil-app                 | 2026-05-05T00:23:20.785Z  INFO 1 --- [   scheduling-1] r.observability.ObservabilityService     : LAB9 Observability window=30s category=db.stats.countRents count=1 sumNanos=14398053 avgNanos=14398053
zil-app                 | 2026-05-05T00:23:20.786Z  INFO 1 --- [   scheduling-1] r.observability.ObservabilityService     : LAB9 Observability window=30s category=web.RentController.getRents count=447 sumNanos=102613577732 avgNanos=229560576
zil-app                 | 2026-05-05T00:23:20.786Z  INFO 1 --- [   scheduling-1] r.observability.ObservabilityService     : LAB9 Observability window=30s category=db.client.findAll count=1 sumNanos=345352965 avgNanos=345352965
zil-app                 | 2026-05-05T00:23:20.787Z  INFO 1 --- [   scheduling-1] r.observability.ObservabilityService     : LAB9 Observability window=30s category=db.rent.findAll count=447 sumNanos=102610303540 avgNanos=229553251
zil-app                 | 2026-05-05T00:23:20.787Z  INFO 1 --- [   scheduling-1] r.observability.ObservabilityService     : LAB9 Observability window=30s category=db.stats.countClients count=1 sumNanos=15020908 avgNanos=15020908
zil-app                 | 2026-05-05T00:23:20.788Z  INFO 1 --- [   scheduling-1] r.observability.ObservabilityService     : LAB9 Observability window=30s category=db.stats.countCars count=1 sumNanos=310208593 avgNanos=310208593
zil-app                 | 2026-05-05T00:23:20.788Z  INFO 1 --- [   scheduling-1] r.observability.ObservabilityService     : LAB9 Observability window=30s category=web.CarController.getCars count=455 sumNanos=87997662684 avgNanos=193401456
zil-app                 | 2026-05-05T00:23:20.789Z  INFO 1 --- [   scheduling-1] r.observability.ObservabilityService     : LAB9 Observability window=30s category=db.car.findAll count=455 sumNanos=87964417005 avgNanos=193328389
zil-app                 | 2026-05-05T00:23:20.790Z  INFO 1 --- [   scheduling-1] r.observability.ObservabilityService     : LAB9 Observability window=30s category=web.StatsController.stats count=1 sumNanos=340475947 avgNanos=340475947
zil-app                 | 2026-05-05T00:23:20.793Z  INFO 1 --- [   scheduling-1] r.observability.ObservabilityService     : LAB9 Observability window=1m category=web.ClientController.getClients count=1 sumNanos=345668609 avgNanos=345668609
zil-app                 | 2026-05-05T00:23:20.793Z  INFO 1 --- [   scheduling-1] r.observability.ObservabilityService     : LAB9 Observability window=1m category=db.stats.countRents count=1 sumNanos=14398053 avgNanos=14398053
zil-app                 | 2026-05-05T00:23:20.793Z  INFO 1 --- [   scheduling-1] r.observability.ObservabilityService     : LAB9 Observability window=1m category=web.RentController.getRents count=448 sumNanos=102739928214 avgNanos=229330196
zil-app                 | 2026-05-05T00:23:20.793Z  INFO 1 --- [   scheduling-1] r.observability.ObservabilityService     : LAB9 Observability window=1m category=db.client.findAll count=1 sumNanos=345352965 avgNanos=345352965
zil-app                 | 2026-05-05T00:23:20.793Z  INFO 1 --- [   scheduling-1] r.observability.ObservabilityService     : LAB9 Observability window=1m category=db.rent.findAll count=448 sumNanos=102736650154 avgNanos=229322879
zil-app                 | 2026-05-05T00:23:20.793Z  INFO 1 --- [   scheduling-1] r.observability.ObservabilityService     : LAB9 Observability window=1m category=db.stats.countClients count=1 sumNanos=15020908 avgNanos=15020908
zil-app                 | 2026-05-05T00:23:20.793Z  INFO 1 --- [   scheduling-1] r.observability.ObservabilityService     : LAB9 Observability window=1m category=db.stats.countCars count=1 sumNanos=310208593 avgNanos=310208593
zil-app                 | 2026-05-05T00:23:20.793Z  INFO 1 --- [   scheduling-1] r.observability.ObservabilityService     : LAB9 Observability window=1m category=web.CarController.getCars count=455 sumNanos=87997662684 avgNanos=193401456
zil-app                 | 2026-05-05T00:23:20.793Z  INFO 1 --- [   scheduling-1] r.observability.ObservabilityService     : LAB9 Observability window=1m category=db.car.findAll count=455 sumNanos=87964417005 avgNanos=193328389
zil-app                 | 2026-05-05T00:23:20.793Z  INFO 1 --- [   scheduling-1] r.observability.ObservabilityService     : LAB9 Observability window=1m category=web.StatsController.stats count=1 sumNanos=340475947 avgNanos=340475947
zil-app                 | 2026-05-05T00:23:25.794Z  INFO 1 --- [   scheduling-1] r.observability.ObservabilityService     : LAB9 Observability window=10s category=web.RentController.getRents count=458 sumNanos=60762274782 avgNanos=132668722
zil-app                 | 2026-05-05T00:23:25.802Z  INFO 1 --- [   scheduling-1] r.observability.ObservabilityService     : LAB9 Observability window=10s category=db.rent.findAll count=458 sumNanos=60759958533 avgNanos=132663664
zil-app                 | 2026-05-05T00:23:25.810Z  INFO 1 --- [   scheduling-1] r.observability.ObservabilityService     : LAB9 Observability window=10s category=web.CarController.getCars count=456 sumNanos=57929030230 avgNanos=127037346
zil-app                 | 2026-05-05T00:23:25.810Z  INFO 1 --- [   scheduling-1] r.observability.ObservabilityService     : LAB9 Observability window=10s category=db.car.findAll count=456 sumNanos=57923252978 avgNanos=127024677
zil-app                 | 2026-05-05T00:23:25.813Z  INFO 1 --- [   scheduling-1] r.observability.ObservabilityService     : LAB9 Observability window=30s category=web.ClientController.getClients count=1 sumNanos=345668609 avgNanos=345668609
zil-app                 | 2026-05-05T00:23:25.813Z  INFO 1 --- [   scheduling-1] r.observability.ObservabilityService     : LAB9 Observability window=30s category=db.stats.countRents count=1 sumNanos=14398053 avgNanos=14398053
zil-app                 | 2026-05-05T00:23:25.814Z  INFO 1 --- [   scheduling-1] r.observability.ObservabilityService     : LAB9 Observability window=30s category=web.RentController.getRents count=687 sumNanos=134179223217 avgNanos=195311824
zil-app                 | 2026-05-05T00:23:25.816Z  INFO 1 --- [   scheduling-1] r.observability.ObservabilityService     : LAB9 Observability window=30s category=db.client.findAll count=1 sumNanos=345352965 avgNanos=345352965
zil-app                 | 2026-05-05T00:23:25.816Z  INFO 1 --- [   scheduling-1] r.observability.ObservabilityService     : LAB9 Observability window=30s category=db.rent.findAll count=687 sumNanos=134174716598 avgNanos=195305264
zil-app                 | 2026-05-05T00:23:25.816Z  INFO 1 --- [   scheduling-1] r.observability.ObservabilityService     : LAB9 Observability window=30s category=db.stats.countClients count=1 sumNanos=15020908 avgNanos=15020908
zil-app                 | 2026-05-05T00:23:25.816Z  INFO 1 --- [   scheduling-1] r.observability.ObservabilityService     : LAB9 Observability window=30s category=db.stats.countCars count=1 sumNanos=310208593 avgNanos=310208593
zil-app                 | 2026-05-05T00:23:25.817Z  INFO 1 --- [   scheduling-1] r.observability.ObservabilityService     : LAB9 Observability window=30s category=web.CarController.getCars count=693 sumNanos=118206084337 avgNanos=170571550
zil-app                 | 2026-05-05T00:23:25.818Z  INFO 1 --- [   scheduling-1] r.observability.ObservabilityService     : LAB9 Observability window=30s category=db.car.findAll count=693 sumNanos=118169784964 avgNanos=170519170
zil-app                 | 2026-05-05T00:23:25.828Z  INFO 1 --- [   scheduling-1] r.observability.ObservabilityService     : LAB9 Observability window=30s category=web.StatsController.stats count=1 sumNanos=340475947 avgNanos=340475947
zil-app                 | 2026-05-05T00:23:25.838Z  INFO 1 --- [   scheduling-1] r.observability.ObservabilityService     : LAB9 Observability window=1m category=web.ClientController.getClients count=1 sumNanos=345668609 avgNanos=345668609
zil-app                 | 2026-05-05T00:23:25.838Z  INFO 1 --- [   scheduling-1] r.observability.ObservabilityService     : LAB9 Observability window=1m category=db.stats.countRents count=1 sumNanos=14398053 avgNanos=14398053
zil-app                 | 2026-05-05T00:23:25.838Z  INFO 1 --- [   scheduling-1] r.observability.ObservabilityService     : LAB9 Observability window=1m category=web.RentController.getRents count=688 sumNanos=134323132058 avgNanos=195237110
zil-app                 | 2026-05-05T00:23:25.838Z  INFO 1 --- [   scheduling-1] r.observability.ObservabilityService     : LAB9 Observability window=1m category=db.client.findAll count=1 sumNanos=345352965 avgNanos=345352965
zil-app                 | 2026-05-05T00:23:25.839Z  INFO 1 --- [   scheduling-1] r.observability.ObservabilityService     : LAB9 Observability window=1m category=db.rent.findAll count=688 sumNanos=134318620221 avgNanos=195230552
zil-app                 | 2026-05-05T00:23:25.839Z  INFO 1 --- [   scheduling-1] r.observability.ObservabilityService     : LAB9 Observability window=1m category=db.stats.countClients count=1 sumNanos=15020908 avgNanos=15020908
zil-app                 | 2026-05-05T00:23:25.839Z  INFO 1 --- [   scheduling-1] r.observability.ObservabilityService     : LAB9 Observability window=1m category=db.stats.countCars count=1 sumNanos=310208593 avgNanos=310208593
zil-app                 | 2026-05-05T00:23:25.839Z  INFO 1 --- [   scheduling-1] r.observability.ObservabilityService     : LAB9 Observability window=1m category=web.CarController.getCars count=694 sumNanos=118453090258 avgNanos=170681686
zil-app                 | 2026-05-05T00:23:25.839Z  INFO 1 --- [   scheduling-1] r.observability.ObservabilityService     : LAB9 Observability window=1m category=db.car.findAll count=694 sumNanos=118416786804 avgNanos=170629375
zil-app                 | 2026-05-05T00:23:25.839Z  INFO 1 --- [   scheduling-1] r.observability.ObservabilityService     : LAB9 Observability window=1m category=web.StatsController.stats count=1 sumNanos=340475947 avgNanos=340475947
zil-app                 | 2026-05-05T00:23:30.843Z  INFO 1 --- [   scheduling-1] r.observability.ObservabilityService     : LAB9 Observability window=10s category=web.RentController.getRents count=471 sumNanos=64741737584 avgNanos=137455918
zil-app                 | 2026-05-05T00:23:30.845Z  INFO 1 --- [   scheduling-1] r.observability.ObservabilityService     : LAB9 Observability window=10s category=db.rent.findAll count=471 sumNanos=64720984914 avgNanos=137411857
zil-app                 | 2026-05-05T00:23:30.852Z  INFO 1 --- [   scheduling-1] r.observability.ObservabilityService     : LAB9 Observability window=10s category=web.CarController.getCars count=471 sumNanos=63700613956 avgNanos=135245464
zil-app                 | 2026-05-05T00:23:30.852Z  INFO 1 --- [   scheduling-1] r.observability.ObservabilityService     : LAB9 Observability window=10s category=db.car.findAll count=471 sumNanos=63696098405 avgNanos=135235877
zil-app                 | 2026-05-05T00:23:30.853Z  INFO 1 --- [   scheduling-1] r.observability.ObservabilityService     : LAB9 Observability window=30s category=web.ClientController.getClients count=1 sumNanos=345668609 avgNanos=345668609
zil-app                 | 2026-05-05T00:23:30.853Z  INFO 1 --- [   scheduling-1] r.observability.ObservabilityService     : LAB9 Observability window=30s category=db.stats.countRents count=1 sumNanos=14398053 avgNanos=14398053
zil-app                 | 2026-05-05T00:23:30.853Z  INFO 1 --- [   scheduling-1] r.observability.ObservabilityService     : LAB9 Observability window=30s category=web.RentController.getRents count=919 sumNanos=167481665798 avgNanos=182243379
zil-app                 | 2026-05-05T00:23:30.853Z  INFO 1 --- [   scheduling-1] r.observability.ObservabilityService     : LAB9 Observability window=30s category=db.client.findAll count=1 sumNanos=345352965 avgNanos=345352965
zil-app                 | 2026-05-05T00:23:30.853Z  INFO 1 --- [   scheduling-1] r.observability.ObservabilityService     : LAB9 Observability window=30s category=db.rent.findAll count=919 sumNanos=167457635068 avgNanos=182217230
zil-app                 | 2026-05-05T00:23:30.853Z  INFO 1 --- [   scheduling-1] r.observability.ObservabilityService     : LAB9 Observability window=30s category=db.stats.countClients count=1 sumNanos=15020908 avgNanos=15020908
zil-app                 | 2026-05-05T00:23:30.853Z  INFO 1 --- [   scheduling-1] r.observability.ObservabilityService     : LAB9 Observability window=30s category=db.stats.countCars count=1 sumNanos=310208593 avgNanos=310208593
zil-app                 | 2026-05-05T00:23:30.853Z  INFO 1 --- [   scheduling-1] r.observability.ObservabilityService     : LAB9 Observability window=30s category=web.CarController.getCars count=929 sumNanos=152034292423 avgNanos=163653705
zil-app                 | 2026-05-05T00:23:30.853Z  INFO 1 --- [   scheduling-1] r.observability.ObservabilityService     : LAB9 Observability window=30s category=db.car.findAll count=929 sumNanos=151996520585 avgNanos=163613046
zil-app                 | 2026-05-05T00:23:30.853Z  INFO 1 --- [   scheduling-1] r.observability.ObservabilityService     : LAB9 Observability window=30s category=web.StatsController.stats count=1 sumNanos=340475947 avgNanos=340475947
zil-app                 | 2026-05-05T00:23:30.872Z  INFO 1 --- [   scheduling-1] r.observability.ObservabilityService     : LAB9 Observability window=1m category=web.ClientController.getClients count=1 sumNanos=345668609 avgNanos=345668609
zil-app                 | 2026-05-05T00:23:30.881Z  INFO 1 --- [   scheduling-1] r.observability.ObservabilityService     : LAB9 Observability window=1m category=db.stats.countRents count=1 sumNanos=14398053 avgNanos=14398053
zil-app                 | 2026-05-05T00:23:30.881Z  INFO 1 --- [   scheduling-1] r.observability.ObservabilityService     : LAB9 Observability window=1m category=web.RentController.getRents count=921 sumNanos=167871934862 avgNanos=182271373
zil-app                 | 2026-05-05T00:23:30.882Z  INFO 1 --- [   scheduling-1] r.observability.ObservabilityService     : LAB9 Observability window=1m category=db.client.findAll count=1 sumNanos=345352965 avgNanos=345352965
zil-app                 | 2026-05-05T00:23:30.882Z  INFO 1 --- [   scheduling-1] r.observability.ObservabilityService     : LAB9 Observability window=1m category=db.rent.findAll count=921 sumNanos=167847890365 avgNanos=182245266
zil-app                 | 2026-05-05T00:23:30.882Z  INFO 1 --- [   scheduling-1] r.observability.ObservabilityService     : LAB9 Observability window=1m category=db.stats.countClients count=1 sumNanos=15020908 avgNanos=15020908
zil-app                 | 2026-05-05T00:23:30.882Z  INFO 1 --- [   scheduling-1] r.observability.ObservabilityService     : LAB9 Observability window=1m category=db.stats.countCars count=1 sumNanos=310208593 avgNanos=310208593
zil-app                 | 2026-05-05T00:23:30.882Z  INFO 1 --- [   scheduling-1] r.observability.ObservabilityService     : LAB9 Observability window=1m category=web.CarController.getCars count=929 sumNanos=152034292423 avgNanos=163653705
zil-app                 | 2026-05-05T00:23:30.882Z  INFO 1 --- [   scheduling-1] r.observability.ObservabilityService     : LAB9 Observability window=1m category=db.car.findAll count=929 sumNanos=151996520585 avgNanos=163613046
zil-app                 | 2026-05-05T00:23:30.882Z  INFO 1 --- [   scheduling-1] r.observability.ObservabilityService     : LAB9 Observability window=1m category=web.StatsController.stats count=1 sumNanos=340475947 avgNanos=340475947
zil-app                 | 2026-05-05T00:23:35.887Z  INFO 1 --- [   scheduling-1] r.observability.ObservabilityService     : LAB9 Observability window=10s category=web.RentController.getRents count=467 sumNanos=66384810688 avgNanos=142151628
zil-app                 | 2026-05-05T00:23:35.891Z  INFO 1 --- [   scheduling-1] r.observability.ObservabilityService     : LAB9 Observability window=10s category=db.rent.findAll count=467 sumNanos=66356509834 avgNanos=142091027
zil-app                 | 2026-05-05T00:23:35.893Z  INFO 1 --- [   scheduling-1] r.observability.ObservabilityService     : LAB9 Observability window=10s category=web.CarController.getCars count=466 sumNanos=64738667399 avgNanos=138924178
zil-app                 | 2026-05-05T00:23:35.893Z  INFO 1 --- [   scheduling-1] r.observability.ObservabilityService     : LAB9 Observability window=10s category=db.car.findAll count=466 sumNanos=64735439247 avgNanos=138917251
zil-app                 | 2026-05-05T00:23:35.896Z  INFO 1 --- [   scheduling-1] r.observability.ObservabilityService     : LAB9 Observability window=30s category=web.RentController.getRents count=1157 sumNanos=200979691316 avgNanos=173707598
zil-app                 | 2026-05-05T00:23:35.921Z  INFO 1 --- [   scheduling-1] r.observability.ObservabilityService     : LAB9 Observability window=30s category=db.rent.findAll count=1157 sumNanos=200946857733 avgNanos=173679220
zil-app                 | 2026-05-05T00:23:35.922Z  INFO 1 --- [   scheduling-1] r.observability.ObservabilityService     : LAB9 Observability window=30s category=web.CarController.getCars count=1165 sumNanos=184048415444 avgNanos=157981472
zil-app                 | 2026-05-05T00:23:35.923Z  INFO 1 --- [   scheduling-1] r.observability.ObservabilityService     : LAB9 Observability window=30s category=db.car.findAll count=1165 sumNanos=184009117628 avgNanos=157947740
zil-app                 | 2026-05-05T00:23:35.936Z  INFO 1 --- [   scheduling-1] r.observability.ObservabilityService     : LAB9 Observability window=1m category=web.ClientController.getClients count=1 sumNanos=345668609 avgNanos=345668609
zil-app                 | 2026-05-05T00:23:35.937Z  INFO 1 --- [   scheduling-1] r.observability.ObservabilityService     : LAB9 Observability window=1m category=db.stats.countRents count=1 sumNanos=14398053 avgNanos=14398053
zil-app                 | 2026-05-05T00:23:35.937Z  INFO 1 --- [   scheduling-1] r.observability.ObservabilityService     : LAB9 Observability window=1m category=web.RentController.getRents count=1160 sumNanos=201395409697 avgNanos=173616732
zil-app                 | 2026-05-05T00:23:35.941Z  INFO 1 --- [   scheduling-1] r.observability.ObservabilityService     : LAB9 Observability window=1m category=db.client.findAll count=1 sumNanos=345352965 avgNanos=345352965
zil-app                 | 2026-05-05T00:23:35.946Z  INFO 1 --- [   scheduling-1] r.observability.ObservabilityService     : LAB9 Observability window=1m category=db.rent.findAll count=1160 sumNanos=201362294578 avgNanos=173588184
zil-app                 | 2026-05-05T00:23:35.947Z  INFO 1 --- [   scheduling-1] r.observability.ObservabilityService     : LAB9 Observability window=1m category=db.stats.countClients count=1 sumNanos=15020908 avgNanos=15020908
zil-app                 | 2026-05-05T00:23:35.947Z  INFO 1 --- [   scheduling-1] r.observability.ObservabilityService     : LAB9 Observability window=1m category=db.stats.countCars count=1 sumNanos=310208593 avgNanos=310208593
zil-app                 | 2026-05-05T00:23:35.948Z  INFO 1 --- [   scheduling-1] r.observability.ObservabilityService     : LAB9 Observability window=1m category=web.CarController.getCars count=1168 sumNanos=184457878456 avgNanos=157926265
zil-app                 | 2026-05-05T00:23:35.948Z  INFO 1 --- [   scheduling-1] r.observability.ObservabilityService     : LAB9 Observability window=1m category=db.car.findAll count=1168 sumNanos=184418320762 avgNanos=157892397
zil-app                 | 2026-05-05T00:23:35.948Z  INFO 1 --- [   scheduling-1] r.observability.ObservabilityService     : LAB9 Observability window=1m category=web.StatsController.stats count=1 sumNanos=340475947 avgNanos=340475947
zil-app                 | 2026-05-05T00:23:40.952Z  INFO 1 --- [   scheduling-1] r.observability.ObservabilityService     : LAB9 Observability window=10s category=web.RentController.getRents count=478 sumNanos=67533582137 avgNanos=141283644
zil-app                 | 2026-05-05T00:23:40.961Z  INFO 1 --- [   scheduling-1] r.observability.ObservabilityService     : LAB9 Observability window=10s category=db.rent.findAll count=478 sumNanos=67522793070 avgNanos=141261073
zil-app                 | 2026-05-05T00:23:40.962Z  INFO 1 --- [   scheduling-1] r.observability.ObservabilityService     : LAB9 Observability window=10s category=web.CarController.getCars count=477 sumNanos=65105831261 avgNanos=136490212
zil-app                 | 2026-05-05T00:23:40.962Z  INFO 1 --- [   scheduling-1] r.observability.ObservabilityService     : LAB9 Observability window=10s category=db.car.findAll count=477 sumNanos=65101679755 avgNanos=136481508
zil-app                 | 2026-05-05T00:23:40.965Z  INFO 1 --- [   scheduling-1] r.observability.ObservabilityService     : LAB9 Observability window=30s category=web.RentController.getRents count=1327 sumNanos=196675413023 avgNanos=148210559
zil-app                 | 2026-05-05T00:23:40.967Z  INFO 1 --- [   scheduling-1] r.observability.ObservabilityService     : LAB9 Observability window=30s category=db.rent.findAll count=1327 sumNanos=196641834532 avgNanos=148185255
zil-app                 | 2026-05-05T00:23:40.968Z  INFO 1 --- [   scheduling-1] r.observability.ObservabilityService     : LAB9 Observability window=30s category=web.CarController.getCars count=1325 sumNanos=186875705675 avgNanos=141038268
zil-app                 | 2026-05-05T00:23:40.969Z  INFO 1 --- [   scheduling-1] r.observability.ObservabilityService     : LAB9 Observability window=30s category=db.car.findAll count=1325 sumNanos=186862768108 avgNanos=141028504
zil-app                 | 2026-05-05T00:23:40.973Z  INFO 1 --- [   scheduling-1] r.observability.ObservabilityService     : LAB9 Observability window=1m category=web.ClientController.getClients count=1 sumNanos=345668609 avgNanos=345668609
zil-app                 | 2026-05-05T00:23:40.974Z  INFO 1 --- [   scheduling-1] r.observability.ObservabilityService     : LAB9 Observability window=1m category=db.stats.countRents count=1 sumNanos=14398053 avgNanos=14398053
zil-app                 | 2026-05-05T00:23:40.974Z  INFO 1 --- [   scheduling-1] r.observability.ObservabilityService     : LAB9 Observability window=1m category=web.RentController.getRents count=1404 sumNanos=236096576793 avgNanos=168159954
zil-app                 | 2026-05-05T00:23:40.975Z  INFO 1 --- [   scheduling-1] r.observability.ObservabilityService     : LAB9 Observability window=1m category=db.client.findAll count=1 sumNanos=345352965 avgNanos=345352965
zil-app                 | 2026-05-05T00:23:40.977Z  INFO 1 --- [   scheduling-1] r.observability.ObservabilityService     : LAB9 Observability window=1m category=db.rent.findAll count=1404 sumNanos=236061718296 avgNanos=168135126
zil-app                 | 2026-05-05T00:23:40.979Z  INFO 1 --- [   scheduling-1] r.observability.ObservabilityService     : LAB9 Observability window=1m category=db.stats.countClients count=1 sumNanos=15020908 avgNanos=15020908
zil-app                 | 2026-05-05T00:23:40.980Z  INFO 1 --- [   scheduling-1] r.observability.ObservabilityService     : LAB9 Observability window=1m category=db.stats.countCars count=1 sumNanos=310208593 avgNanos=310208593
zil-app                 | 2026-05-05T00:23:40.981Z  INFO 1 --- [   scheduling-1] r.observability.ObservabilityService     : LAB9 Observability window=1m category=web.CarController.getCars count=1412 sumNanos=217926075532 avgNanos=154338580
zil-app                 | 2026-05-05T00:23:40.983Z  INFO 1 --- [   scheduling-1] r.observability.ObservabilityService     : LAB9 Observability window=1m category=db.car.findAll count=1412 sumNanos=217884128911 avgNanos=154308873
zil-app                 | 2026-05-05T00:23:40.984Z  INFO 1 --- [   scheduling-1] r.observability.ObservabilityService     : LAB9 Observability window=1m category=web.StatsController.stats count=1 sumNanos=340475947 avgNanos=340475947
zil-app                 | 2026-05-05T00:23:45.987Z  INFO 1 --- [   scheduling-1] r.observability.ObservabilityService     : LAB9 Observability window=10s category=web.RentController.getRents count=475 sumNanos=70076562094 avgNanos=147529604
zil-app                 | 2026-05-05T00:23:45.996Z  INFO 1 --- [   scheduling-1] r.observability.ObservabilityService     : LAB9 Observability window=10s category=db.rent.findAll count=475 sumNanos=70070990659 avgNanos=147517875
zil-app                 | 2026-05-05T00:23:45.999Z  INFO 1 --- [   scheduling-1] r.observability.ObservabilityService     : LAB9 Observability window=10s category=web.CarController.getCars count=476 sumNanos=69109437719 avgNanos=145187894
zil-app                 | 2026-05-05T00:23:46.000Z  INFO 1 --- [   scheduling-1] r.observability.ObservabilityService     : LAB9 Observability window=10s category=db.car.findAll count=476 sumNanos=69105610156 avgNanos=145179853
zil-app                 | 2026-05-05T00:23:46.005Z  INFO 1 --- [   scheduling-1] r.observability.ObservabilityService     : LAB9 Observability window=30s category=web.RentController.getRents count=1405 sumNanos=198141053234 avgNanos=141025660
zil-app                 | 2026-05-05T00:23:46.014Z  INFO 1 --- [   scheduling-1] r.observability.ObservabilityService     : LAB9 Observability window=30s category=db.rent.findAll count=1405 sumNanos=198104558541 avgNanos=140999685
zil-app                 | 2026-05-05T00:23:46.014Z  INFO 1 --- [   scheduling-1] r.observability.ObservabilityService     : LAB9 Observability window=30s category=web.CarController.getCars count=1403 sumNanos=193036756071 avgNanos=137588564
zil-app                 | 2026-05-05T00:23:46.014Z  INFO 1 --- [   scheduling-1] r.observability.ObservabilityService     : LAB9 Observability window=30s category=db.car.findAll count=1403 sumNanos=193023910733 avgNanos=137579408
zil-app                 | 2026-05-05T00:23:46.015Z  INFO 1 --- [   scheduling-1] r.observability.ObservabilityService     : LAB9 Observability window=1m category=web.ClientController.getClients count=1 sumNanos=345668609 avgNanos=345668609
zil-app                 | 2026-05-05T00:23:46.015Z  INFO 1 --- [   scheduling-1] r.observability.ObservabilityService     : LAB9 Observability window=1m category=db.stats.countRents count=1 sumNanos=14398053 avgNanos=14398053
zil-app                 | 2026-05-05T00:23:46.015Z  INFO 1 --- [   scheduling-1] r.observability.ObservabilityService     : LAB9 Observability window=1m category=web.RentController.getRents count=1642 sumNanos=272585544618 avgNanos=166008248
zil-app                 | 2026-05-05T00:23:46.015Z  INFO 1 --- [   scheduling-1] r.observability.ObservabilityService     : LAB9 Observability window=1m category=db.client.findAll count=1 sumNanos=345352965 avgNanos=345352965
zil-app                 | 2026-05-05T00:23:46.015Z  INFO 1 --- [   scheduling-1] r.observability.ObservabilityService     : LAB9 Observability window=1m category=db.rent.findAll count=1642 sumNanos=272546830861 avgNanos=165984671
zil-app                 | 2026-05-05T00:23:46.015Z  INFO 1 --- [   scheduling-1] r.observability.ObservabilityService     : LAB9 Observability window=1m category=db.stats.countClients count=1 sumNanos=15020908 avgNanos=15020908
zil-app                 | 2026-05-05T00:23:46.015Z  INFO 1 --- [   scheduling-1] r.observability.ObservabilityService     : LAB9 Observability window=1m category=db.stats.countCars count=1 sumNanos=310208593 avgNanos=310208593
zil-app                 | 2026-05-05T00:23:46.015Z  INFO 1 --- [   scheduling-1] r.observability.ObservabilityService     : LAB9 Observability window=1m category=web.CarController.getCars count=1647 sumNanos=254031489996 avgNanos=154238913
zil-app                 | 2026-05-05T00:23:46.015Z  INFO 1 --- [   scheduling-1] r.observability.ObservabilityService     : LAB9 Observability window=1m category=db.car.findAll count=1647 sumNanos=253988096896 avgNanos=154212566
zil-app                 | 2026-05-05T00:23:46.015Z  INFO 1 --- [   scheduling-1] r.observability.ObservabilityService     : LAB9 Observability window=1m category=web.StatsController.stats count=1 sumNanos=340475947 avgNanos=340475947
zil-app                 | 2026-05-05T00:23:51.017Z  INFO 1 --- [   scheduling-1] r.observability.ObservabilityService     : LAB9 Observability window=10s category=web.RentController.getRents count=477 sumNanos=71179120349 avgNanos=149222474
zil-app                 | 2026-05-05T00:23:51.020Z  INFO 1 --- [   scheduling-1] r.observability.ObservabilityService     : LAB9 Observability window=10s category=db.rent.findAll count=477 sumNanos=71173701116 avgNanos=149211113
zil-app                 | 2026-05-05T00:23:51.020Z  INFO 1 --- [   scheduling-1] r.observability.ObservabilityService     : LAB9 Observability window=10s category=web.CarController.getCars count=480 sumNanos=71507740503 avgNanos=148974459
zil-app                 | 2026-05-05T00:23:51.020Z  INFO 1 --- [   scheduling-1] r.observability.ObservabilityService     : LAB9 Observability window=10s category=db.car.findAll count=480 sumNanos=71505179073 avgNanos=148969123
zil-app                 | 2026-05-05T00:23:51.020Z  INFO 1 --- [   scheduling-1] r.observability.ObservabilityService     : LAB9 Observability window=30s category=web.RentController.getRents count=1427 sumNanos=203809749785 avgNanos=142823931
zil-app                 | 2026-05-05T00:23:51.020Z  INFO 1 --- [   scheduling-1] r.observability.ObservabilityService     : LAB9 Observability window=30s category=db.rent.findAll count=1427 sumNanos=203772771038 avgNanos=142798017
zil-app                 | 2026-05-05T00:23:51.020Z  INFO 1 --- [   scheduling-1] r.observability.ObservabilityService     : LAB9 Observability window=30s category=web.CarController.getCars count=1428 sumNanos=200562276745 avgNanos=140449773
zil-app                 | 2026-05-05T00:23:51.020Z  INFO 1 --- [   scheduling-1] r.observability.ObservabilityService     : LAB9 Observability window=30s category=db.car.findAll count=1428 sumNanos=200550725200 avgNanos=140441684
zil-additional-service  | 2026-05-05T00:24:24.309Z  INFO 1 --- [zil-additional-service] [   scheduling-1] r.a.observability.ObservabilityService   : LAB9 Observability window=1m category=web.additional.availability_new count=2727 sumNanos=889097771983 avgNanos=326035119
zil-additional-service  | 2026-05-05T00:24:24.309Z  INFO 1 --- [zil-additional-service] [   scheduling-1] r.a.observability.ObservabilityService   : LAB9 Observability window=1m category=additional.statsComputation.availability.allCitiesAllDates count=2727 sumNanos=1049102516 avgNanos=384709
zil-additional-service  | 2026-05-05T00:24:28.862Z  INFO 1 --- [zil-additional-service] [   scheduling-1] r.additional.service.ClientCacheService  : [client-cache-statistics] Client cache size=1000
zil-additional-service  | 2026-05-05T00:24:29.313Z  INFO 1 --- [zil-additional-service] [   scheduling-1] r.a.observability.ObservabilityService   : LAB9 Observability window=10s category=additional.statsComputation.stats count=30 sumNanos=2327876 avgNanos=77595
zil-app                 | 2026-05-05T00:23:51.021Z  INFO 1 --- [   scheduling-1] r.observability.ObservabilityService     : LAB9 Observability window=1m category=web.ClientController.getClients count=1 sumNanos=345668609 avgNanos=345668609
zil-app                 | 2026-05-05T00:23:51.021Z  INFO 1 --- [   scheduling-1] r.observability.ObservabilityService     : LAB9 Observability window=1m category=db.stats.countRents count=1 sumNanos=14398053 avgNanos=14398053
zil-app                 | 2026-05-05T00:23:51.021Z  INFO 1 --- [   scheduling-1] r.observability.ObservabilityService     : LAB9 Observability window=1m category=web.RentController.getRents count=1883 sumNanos=307604811332 avgNanos=163358901
zil-app                 | 2026-05-05T00:23:51.021Z  INFO 1 --- [   scheduling-1] r.observability.ObservabilityService     : LAB9 Observability window=1m category=db.client.findAll count=1 sumNanos=345352965 avgNanos=345352965
zil-app                 | 2026-05-05T00:23:51.021Z  INFO 1 --- [   scheduling-1] r.observability.ObservabilityService     : LAB9 Observability window=1m category=db.rent.findAll count=1883 sumNanos=307564525104 avgNanos=163337506
zil-app                 | 2026-05-05T00:23:51.022Z  INFO 1 --- [   scheduling-1] r.observability.ObservabilityService     : LAB9 Observability window=1m category=db.stats.countClients count=1 sumNanos=15020908 avgNanos=15020908
zil-app                 | 2026-05-05T00:23:51.022Z  INFO 1 --- [   scheduling-1] r.observability.ObservabilityService     : LAB9 Observability window=1m category=db.stats.countCars count=1 sumNanos=310208593 avgNanos=310208593
zil-app                 | 2026-05-05T00:23:51.022Z  INFO 1 --- [   scheduling-1] r.observability.ObservabilityService     : LAB9 Observability window=1m category=web.CarController.getCars count=1894 sumNanos=289767722303 avgNanos=152992461
zil-app                 | 2026-05-05T00:23:51.022Z  INFO 1 --- [   scheduling-1] r.observability.ObservabilityService     : LAB9 Observability window=1m category=db.car.findAll count=1894 sumNanos=289722878838 avgNanos=152968785
zil-app                 | 2026-05-05T00:23:51.023Z  INFO 1 --- [   scheduling-1] r.observability.ObservabilityService     : LAB9 Observability window=1m category=web.StatsController.stats count=1 sumNanos=340475947 avgNanos=340475947
zil-app                 | 2026-05-05T00:23:56.032Z  INFO 1 --- [   scheduling-1] r.observability.ObservabilityService     : LAB9 Observability window=10s category=web.RentController.getRents count=487 sumNanos=70667747373 avgNanos=145108310
zil-app                 | 2026-05-05T00:23:56.036Z  INFO 1 --- [   scheduling-1] r.observability.ObservabilityService     : LAB9 Observability window=10s category=db.rent.findAll count=487 sumNanos=70665573610 avgNanos=145103847
zil-app                 | 2026-05-05T00:23:56.036Z  INFO 1 --- [   scheduling-1] r.observability.ObservabilityService     : LAB9 Observability window=10s category=web.CarController.getCars count=488 sumNanos=69717708913 avgNanos=142864157
zil-app                 | 2026-05-05T00:23:56.036Z  INFO 1 --- [   scheduling-1] r.observability.ObservabilityService     : LAB9 Observability window=10s category=db.car.findAll count=488 sumNanos=69714950904 avgNanos=142858505
zil-app                 | 2026-05-05T00:23:56.037Z  INFO 1 --- [   scheduling-1] r.observability.ObservabilityService     : LAB9 Observability window=30s category=web.RentController.getRents count=1433 sumNanos=207793930825 avgNanos=145006232
zil-app                 | 2026-05-05T00:23:56.037Z  INFO 1 --- [   scheduling-1] r.observability.ObservabilityService     : LAB9 Observability window=30s category=db.rent.findAll count=1433 sumNanos=207757875252 avgNanos=144981071
zil-app                 | 2026-05-05T00:23:56.037Z  INFO 1 --- [   scheduling-1] r.observability.ObservabilityService     : LAB9 Observability window=30s category=web.CarController.getCars count=1430 sumNanos=203658493990 avgNanos=142418527
zil-app                 | 2026-05-05T00:23:56.037Z  INFO 1 --- [   scheduling-1] r.observability.ObservabilityService     : LAB9 Observability window=30s category=db.car.findAll count=1430 sumNanos=203648689494 avgNanos=142411670
zil-app                 | 2026-05-05T00:23:56.037Z  INFO 1 --- [   scheduling-1] r.observability.ObservabilityService     : LAB9 Observability window=1m category=web.ClientController.getClients count=1 sumNanos=345668609 avgNanos=345668609
zil-app                 | 2026-05-05T00:23:56.037Z  INFO 1 --- [   scheduling-1] r.observability.ObservabilityService     : LAB9 Observability window=1m category=db.stats.countRents count=1 sumNanos=14398053 avgNanos=14398053
zil-app                 | 2026-05-05T00:23:56.037Z  INFO 1 --- [   scheduling-1] r.observability.ObservabilityService     : LAB9 Observability window=1m category=web.RentController.getRents count=2129 sumNanos=343253291991 avgNanos=161227473
zil-app                 | 2026-05-05T00:23:56.037Z  INFO 1 --- [   scheduling-1] r.observability.ObservabilityService     : LAB9 Observability window=1m category=db.client.findAll count=1 sumNanos=345352965 avgNanos=345352965
zil-app                 | 2026-05-05T00:23:56.038Z  INFO 1 --- [   scheduling-1] r.observability.ObservabilityService     : LAB9 Observability window=1m category=db.rent.findAll count=2129 sumNanos=343212404471 avgNanos=161208268
zil-app                 | 2026-05-05T00:23:56.041Z  INFO 1 --- [   scheduling-1] r.observability.ObservabilityService     : LAB9 Observability window=1m category=db.stats.countClients count=1 sumNanos=15020908 avgNanos=15020908
zil-app                 | 2026-05-05T00:23:56.042Z  INFO 1 --- [   scheduling-1] r.observability.ObservabilityService     : LAB9 Observability window=1m category=db.stats.countCars count=1 sumNanos=310208593 avgNanos=310208593
zil-app                 | 2026-05-05T00:23:56.042Z  INFO 1 --- [   scheduling-1] r.observability.ObservabilityService     : LAB9 Observability window=1m category=web.CarController.getCars count=2136 sumNanos=323920694044 avgNanos=151648265
zil-app                 | 2026-05-05T00:23:56.042Z  INFO 1 --- [   scheduling-1] r.observability.ObservabilityService     : LAB9 Observability window=1m category=db.car.findAll count=2136 sumNanos=323874539858 avgNanos=151626657
zil-app                 | 2026-05-05T00:23:56.042Z  INFO 1 --- [   scheduling-1] r.observability.ObservabilityService     : LAB9 Observability window=1m category=web.StatsController.stats count=1 sumNanos=340475947 avgNanos=340475947
zil-app                 | 2026-05-05T00:24:01.047Z  INFO 1 --- [   scheduling-1] r.observability.ObservabilityService     : LAB9 Observability window=10s category=web.RentController.getRents count=478 sumNanos=70245164407 avgNanos=146956410
zil-app                 | 2026-05-05T00:24:01.048Z  INFO 1 --- [   scheduling-1] r.observability.ObservabilityService     : LAB9 Observability window=10s category=db.rent.findAll count=478 sumNanos=70244056856 avgNanos=146954093
zil-app                 | 2026-05-05T00:24:01.048Z  INFO 1 --- [   scheduling-1] r.observability.ObservabilityService     : LAB9 Observability window=10s category=web.CarController.getCars count=476 sumNanos=69716087469 avgNanos=146462368
zil-app                 | 2026-05-05T00:24:01.049Z  INFO 1 --- [   scheduling-1] r.observability.ObservabilityService     : LAB9 Observability window=10s category=db.car.findAll count=476 sumNanos=69714231371 avgNanos=146458469
zil-app                 | 2026-05-05T00:24:01.054Z  INFO 1 --- [   scheduling-1] r.observability.ObservabilityService     : LAB9 Observability window=30s category=web.RentController.getRents count=1432 sumNanos=208766028805 avgNanos=145786332
zil-app                 | 2026-05-05T00:24:01.055Z  INFO 1 --- [   scheduling-1] r.observability.ObservabilityService     : LAB9 Observability window=30s category=db.rent.findAll count=1432 sumNanos=208748726603 avgNanos=145774250
zil-app                 | 2026-05-05T00:24:01.056Z  INFO 1 --- [   scheduling-1] r.observability.ObservabilityService     : LAB9 Observability window=30s category=web.CarController.getCars count=1435 sumNanos=206616578127 avgNanos=143983678
zil-app                 | 2026-05-05T00:24:01.057Z  INFO 1 --- [   scheduling-1] r.observability.ObservabilityService     : LAB9 Observability window=30s category=db.car.findAll count=1435 sumNanos=206607676639 avgNanos=143977475
zil-app                 | 2026-05-05T00:24:01.062Z  INFO 1 --- [   scheduling-1] r.observability.ObservabilityService     : LAB9 Observability window=1m category=web.ClientController.getClients count=1 sumNanos=345668609 avgNanos=345668609
zil-app                 | 2026-05-05T00:24:01.062Z  INFO 1 --- [   scheduling-1] r.observability.ObservabilityService     : LAB9 Observability window=1m category=db.stats.countRents count=1 sumNanos=14398053 avgNanos=14398053
zil-app                 | 2026-05-05T00:24:01.063Z  INFO 1 --- [   scheduling-1] r.observability.ObservabilityService     : LAB9 Observability window=1m category=web.RentController.getRents count=2362 sumNanos=377979989634 avgNanos=160025397
zil-app                 | 2026-05-05T00:24:01.064Z  INFO 1 --- [   scheduling-1] r.observability.ObservabilityService     : LAB9 Observability window=1m category=db.client.findAll count=1 sumNanos=345352965 avgNanos=345352965
zil-app                 | 2026-05-05T00:24:01.064Z  INFO 1 --- [   scheduling-1] r.observability.ObservabilityService     : LAB9 Observability window=1m category=db.rent.findAll count=2362 sumNanos=377938593881 avgNanos=160007872
zil-app                 | 2026-05-05T00:24:01.064Z  INFO 1 --- [   scheduling-1] r.observability.ObservabilityService     : LAB9 Observability window=1m category=db.stats.countClients count=1 sumNanos=15020908 avgNanos=15020908
zil-app                 | 2026-05-05T00:24:01.064Z  INFO 1 --- [   scheduling-1] r.observability.ObservabilityService     : LAB9 Observability window=1m category=db.stats.countCars count=1 sumNanos=310208593 avgNanos=310208593
zil-app                 | 2026-05-05T00:24:01.064Z  INFO 1 --- [   scheduling-1] r.observability.ObservabilityService     : LAB9 Observability window=1m category=web.CarController.getCars count=2371 sumNanos=359652933281 avgNanos=151688289
zil-app                 | 2026-05-05T00:24:01.064Z  INFO 1 --- [   scheduling-1] r.observability.ObservabilityService     : LAB9 Observability window=1m category=db.car.findAll count=2371 sumNanos=359606232413 avgNanos=151668592
zil-app                 | 2026-05-05T00:24:01.064Z  INFO 1 --- [   scheduling-1] r.observability.ObservabilityService     : LAB9 Observability window=1m category=web.StatsController.stats count=1 sumNanos=340475947 avgNanos=340475947
zil-app                 | 2026-05-05T00:24:06.072Z  INFO 1 --- [   scheduling-1] r.observability.ObservabilityService     : LAB9 Observability window=10s category=web.RentController.getRents count=477 sumNanos=68944432826 avgNanos=144537595
zil-app                 | 2026-05-05T00:24:06.085Z  INFO 1 --- [   scheduling-1] r.observability.ObservabilityService     : LAB9 Observability window=10s category=db.rent.findAll count=477 sumNanos=68943360311 avgNanos=144535346
zil-app                 | 2026-05-05T00:24:06.094Z  INFO 1 --- [   scheduling-1] r.observability.ObservabilityService     : LAB9 Observability window=10s category=web.CarController.getCars count=472 sumNanos=70744155756 avgNanos=149881685
zil-app                 | 2026-05-05T00:24:06.094Z  INFO 1 --- [   scheduling-1] r.observability.ObservabilityService     : LAB9 Observability window=10s category=db.car.findAll count=472 sumNanos=70739652306 avgNanos=149872144
zil-app                 | 2026-05-05T00:24:06.095Z  INFO 1 --- [   scheduling-1] r.observability.ObservabilityService     : LAB9 Observability window=30s category=web.RentController.getRents count=1439 sumNanos=209816686094 avgNanos=145807287
zil-app                 | 2026-05-05T00:24:06.096Z  INFO 1 --- [   scheduling-1] r.observability.ObservabilityService     : LAB9 Observability window=30s category=db.rent.findAll count=1439 sumNanos=209807894524 avgNanos=145801177
zil-app                 | 2026-05-05T00:24:06.097Z  INFO 1 --- [   scheduling-1] r.observability.ObservabilityService     : LAB9 Observability window=30s category=web.CarController.getCars count=1441 sumNanos=210476273713 avgNanos=146062646
zil-app                 | 2026-05-05T00:24:06.100Z  INFO 1 --- [   scheduling-1] r.observability.ObservabilityService     : LAB9 Observability window=30s category=db.car.findAll count=1441 sumNanos=210465178811 avgNanos=146054947
zil-app                 | 2026-05-05T00:24:06.100Z  INFO 1 --- [   scheduling-1] r.observability.ObservabilityService     : LAB9 Observability window=1m category=web.RentController.getRents count=2606 sumNanos=412144067881 avgNanos=158151983
zil-app                 | 2026-05-05T00:24:06.101Z  INFO 1 --- [   scheduling-1] r.observability.ObservabilityService     : LAB9 Observability window=1m category=db.rent.findAll count=2606 sumNanos=412102379190 avgNanos=158135985
zil-app                 | 2026-05-05T00:24:06.105Z  INFO 1 --- [   scheduling-1] r.observability.ObservabilityService     : LAB9 Observability window=1m category=web.CarController.getCars count=2612 sumNanos=395324416768 avgNanos=151349317
zil-app                 | 2026-05-05T00:24:06.105Z  INFO 1 --- [   scheduling-1] r.observability.ObservabilityService     : LAB9 Observability window=1m category=db.car.findAll count=2612 sumNanos=395274004804 avgNanos=151330017
zil-app                 | 2026-05-05T00:24:11.108Z  INFO 1 --- [   scheduling-1] r.observability.ObservabilityService     : LAB9 Observability window=10s category=web.RentController.getRents count=479 sumNanos=68657362709 avgNanos=143334786
zil-app                 | 2026-05-05T00:24:11.108Z  INFO 1 --- [   scheduling-1] r.observability.ObservabilityService     : LAB9 Observability window=10s category=db.rent.findAll count=479 sumNanos=68656371909 avgNanos=143332717
zil-app                 | 2026-05-05T00:24:11.108Z  INFO 1 --- [   scheduling-1] r.observability.ObservabilityService     : LAB9 Observability window=10s category=web.CarController.getCars count=480 sumNanos=69311460975 avgNanos=144398877
zil-app                 | 2026-05-05T00:24:11.108Z  INFO 1 --- [   scheduling-1] r.observability.ObservabilityService     : LAB9 Observability window=10s category=db.car.findAll count=480 sumNanos=69307094706 avgNanos=144389780
zil-app                 | 2026-05-05T00:24:11.108Z  INFO 1 --- [   scheduling-1] r.observability.ObservabilityService     : LAB9 Observability window=30s category=web.RentController.getRents count=1435 sumNanos=210199324810 avgNanos=146480365
zil-app                 | 2026-05-05T00:24:11.108Z  INFO 1 --- [   scheduling-1] r.observability.ObservabilityService     : LAB9 Observability window=30s category=db.rent.findAll count=1435 sumNanos=210191840809 avgNanos=146475150
zil-app                 | 2026-05-05T00:24:11.108Z  INFO 1 --- [   scheduling-1] r.observability.ObservabilityService     : LAB9 Observability window=30s category=web.CarController.getCars count=1433 sumNanos=210411832273 avgNanos=146833099
zil-app                 | 2026-05-05T00:24:11.108Z  INFO 1 --- [   scheduling-1] r.observability.ObservabilityService     : LAB9 Observability window=30s category=db.car.findAll count=1433 sumNanos=210403068840 avgNanos=146826984
zil-app                 | 2026-05-05T00:24:11.108Z  INFO 1 --- [   scheduling-1] r.observability.ObservabilityService     : LAB9 Observability window=1m category=web.RentController.getRents count=2766 sumNanos=406904317850 avgNanos=147109297
zil-app                 | 2026-05-05T00:24:11.108Z  INFO 1 --- [   scheduling-1] r.observability.ObservabilityService     : LAB9 Observability window=1m category=db.rent.findAll count=2766 sumNanos=406863228124 avgNanos=147094442
zil-app                 | 2026-05-05T00:24:11.108Z  INFO 1 --- [   scheduling-1] r.observability.ObservabilityService     : LAB9 Observability window=1m category=web.CarController.getCars count=2762 sumNanos=397017790533 avgNanos=143742864
zil-app                 | 2026-05-05T00:24:11.108Z  INFO 1 --- [   scheduling-1] r.observability.ObservabilityService     : LAB9 Observability window=1m category=db.car.findAll count=2762 sumNanos=396995759446 avgNanos=143734887
zil-app                 | 2026-05-05T00:24:16.112Z  INFO 1 --- [   scheduling-1] r.observability.ObservabilityService     : LAB9 Observability window=10s category=web.RentController.getRents count=470 sumNanos=69129801490 avgNanos=147084684
zil-app                 | 2026-05-05T00:24:16.114Z  INFO 1 --- [   scheduling-1] r.observability.ObservabilityService     : LAB9 Observability window=10s category=db.rent.findAll count=470 sumNanos=69128812170 avgNanos=147082579
zil-app                 | 2026-05-05T00:24:16.115Z  INFO 1 --- [   scheduling-1] r.observability.ObservabilityService     : LAB9 Observability window=10s category=web.CarController.getCars count=471 sumNanos=69452844371 avgNanos=147458268
zil-app                 | 2026-05-05T00:24:16.115Z  INFO 1 --- [   scheduling-1] r.observability.ObservabilityService     : LAB9 Observability window=10s category=db.car.findAll count=471 sumNanos=69451929908 avgNanos=147456326
zil-app                 | 2026-05-05T00:24:16.117Z  INFO 1 --- [   scheduling-1] r.observability.ObservabilityService     : LAB9 Observability window=30s category=web.RentController.getRents count=1433 sumNanos=208640288542 avgNanos=145596851
zil-app                 | 2026-05-05T00:24:16.117Z  INFO 1 --- [   scheduling-1] r.observability.ObservabilityService     : LAB9 Observability window=30s category=db.rent.findAll count=1433 sumNanos=208636062988 avgNanos=145593902
zil-app                 | 2026-05-05T00:24:16.118Z  INFO 1 --- [   scheduling-1] r.observability.ObservabilityService     : LAB9 Observability window=30s category=web.CarController.getCars count=1435 sumNanos=210597008866 avgNanos=146757497
zil-app                 | 2026-05-05T00:24:16.118Z  INFO 1 --- [   scheduling-1] r.observability.ObservabilityService     : LAB9 Observability window=30s category=db.car.findAll count=1435 sumNanos=210588830226 avgNanos=146751798
zil-app                 | 2026-05-05T00:24:16.119Z  INFO 1 --- [   scheduling-1] r.observability.ObservabilityService     : LAB9 Observability window=1m category=web.RentController.getRents count=2838 sumNanos=406788335807 avgNanos=143336270
zil-app                 | 2026-05-05T00:24:16.120Z  INFO 1 --- [   scheduling-1] r.observability.ObservabilityService     : LAB9 Observability window=1m category=db.rent.findAll count=2838 sumNanos=406747614638 avgNanos=143321922
zil-app                 | 2026-05-05T00:24:16.121Z  INFO 1 --- [   scheduling-1] r.observability.ObservabilityService     : LAB9 Observability window=1m category=web.CarController.getCars count=2836 sumNanos=403186573830 avgNanos=142167339
zil-app                 | 2026-05-05T00:24:16.123Z  INFO 1 --- [   scheduling-1] r.observability.ObservabilityService     : LAB9 Observability window=1m category=db.car.findAll count=2836 sumNanos=403165560344 avgNanos=142159929
zil-app                 | 2026-05-05T00:24:21.125Z  INFO 1 --- [   scheduling-1] r.observability.ObservabilityService     : LAB9 Observability window=10s category=web.RentController.getRents count=475 sumNanos=70888563436 avgNanos=149239080
zil-app                 | 2026-05-05T00:24:21.126Z  INFO 1 --- [   scheduling-1] r.observability.ObservabilityService     : LAB9 Observability window=10s category=db.rent.findAll count=475 sumNanos=70887138194 avgNanos=149236080
zil-app                 | 2026-05-05T00:24:21.126Z  INFO 1 --- [   scheduling-1] r.observability.ObservabilityService     : LAB9 Observability window=10s category=web.CarController.getCars count=476 sumNanos=70469193570 avgNanos=148044524
zil-app                 | 2026-05-05T00:24:21.126Z  INFO 1 --- [   scheduling-1] r.observability.ObservabilityService     : LAB9 Observability window=10s category=db.car.findAll count=476 sumNanos=70468174255 avgNanos=148042382
zil-app                 | 2026-05-05T00:24:21.127Z  INFO 1 --- [   scheduling-1] r.observability.ObservabilityService     : LAB9 Observability window=30s category=web.RentController.getRents count=1432 sumNanos=209690112670 avgNanos=146431642
zil-app                 | 2026-05-05T00:24:21.127Z  INFO 1 --- [   scheduling-1] r.observability.ObservabilityService     : LAB9 Observability window=30s category=db.rent.findAll count=1432 sumNanos=209686584970 avgNanos=146429179
zil-app                 | 2026-05-05T00:24:21.127Z  INFO 1 --- [   scheduling-1] r.observability.ObservabilityService     : LAB9 Observability window=30s category=web.CarController.getCars count=1429 sumNanos=209126158167 avgNanos=146344407
zil-app                 | 2026-05-05T00:24:21.127Z  INFO 1 --- [   scheduling-1] r.observability.ObservabilityService     : LAB9 Observability window=30s category=db.car.findAll count=1429 sumNanos=209118921209 avgNanos=146339343
zil-app                 | 2026-05-05T00:24:21.127Z  INFO 1 --- [   scheduling-1] r.observability.ObservabilityService     : LAB9 Observability window=1m category=web.RentController.getRents count=2858 sumNanos=413369398797 avgNanos=144635898
zil-app                 | 2026-05-05T00:24:21.127Z  INFO 1 --- [   scheduling-1] r.observability.ObservabilityService     : LAB9 Observability window=1m category=db.rent.findAll count=2858 sumNanos=413328904083 avgNanos=144621729
zil-additional-service  | 2026-05-05T00:24:29.314Z  INFO 1 --- [zil-additional-service] [   scheduling-1] r.a.observability.ObservabilityService   : LAB9 Observability window=10s category=web.additional.stats count=30 sumNanos=9471762666 avgNanos=315725422
zil-app                 | 2026-05-05T00:24:21.128Z  INFO 1 --- [   scheduling-1] r.observability.ObservabilityService     : LAB9 Observability window=1m category=web.CarController.getCars count=2861 sumNanos=410322242863 avgNanos=143419169
zil-app                 | 2026-05-05T00:24:21.128Z  INFO 1 --- [   scheduling-1] r.observability.ObservabilityService     : LAB9 Observability window=1m category=db.car.findAll count=2861 sumNanos=410303453759 avgNanos=143412601
zil-app                 | 2026-05-05T00:24:26.131Z  INFO 1 --- [   scheduling-1] r.observability.ObservabilityService     : LAB9 Observability window=10s category=web.RentController.getRents count=483 sumNanos=72455215850 avgNanos=150010798
zil-app                 | 2026-05-05T00:24:26.133Z  INFO 1 --- [   scheduling-1] r.observability.ObservabilityService     : LAB9 Observability window=10s category=db.rent.findAll count=483 sumNanos=72450542594 avgNanos=150001123
zil-app                 | 2026-05-05T00:24:26.134Z  INFO 1 --- [   scheduling-1] r.observability.ObservabilityService     : LAB9 Observability window=10s category=web.CarController.getCars count=486 sumNanos=69723736165 avgNanos=143464477
zil-additional-service  | 2026-05-05T00:24:29.314Z  INFO 1 --- [zil-additional-service] [   scheduling-1] r.a.observability.ObservabilityService   : LAB9 Observability window=10s category=http.main.rents count=475 sumNanos=79049493536 avgNanos=166419986
zil-additional-service  | 2026-05-05T00:24:29.314Z  INFO 1 --- [zil-additional-service] [   scheduling-1] r.a.observability.ObservabilityService   : LAB9 Observability window=10s category=http.main.cars count=470 sumNanos=75846439991 avgNanos=161375404
zil-additional-service  | 2026-05-05T00:24:29.314Z  INFO 1 --- [zil-additional-service] [   scheduling-1] r.a.observability.ObservabilityService   : LAB9 Observability window=10s category=web.additional.availability_new count=445 sumNanos=146204588963 avgNanos=328549638
zil-additional-service  | 2026-05-05T00:24:29.314Z  INFO 1 --- [zil-additional-service] [   scheduling-1] r.a.observability.ObservabilityService   : LAB9 Observability window=10s category=additional.statsComputation.availability.allCitiesAllDates count=445 sumNanos=97739335 avgNanos=219638
zil-additional-service  | 2026-05-05T00:24:29.314Z  INFO 1 --- [zil-additional-service] [   scheduling-1] r.a.observability.ObservabilityService   : LAB9 Observability window=30s category=additional.statsComputation.stats count=71 sumNanos=2519886 avgNanos=35491
zil-additional-service  | 2026-05-05T00:24:29.314Z  INFO 1 --- [zil-additional-service] [   scheduling-1] r.a.observability.ObservabilityService   : LAB9 Observability window=30s category=web.additional.stats count=71 sumNanos=22730592791 avgNanos=320149194
zil-additional-service  | 2026-05-05T00:24:29.314Z  INFO 1 --- [zil-additional-service] [   scheduling-1] r.a.observability.ObservabilityService   : LAB9 Observability window=30s category=http.main.rents count=1427 sumNanos=235897447693 avgNanos=165310054
zil-additional-service  | 2026-05-05T00:24:29.314Z  INFO 1 --- [zil-additional-service] [   scheduling-1] r.a.observability.ObservabilityService   : LAB9 Observability window=30s category=http.main.cars count=1423 sumNanos=230412531701 avgNanos=161920261
zil-additional-service  | 2026-05-05T00:24:29.315Z  INFO 1 --- [zil-additional-service] [   scheduling-1] r.a.observability.ObservabilityService   : LAB9 Observability window=30s category=web.additional.availability_new count=1356 sumNanos=445083636122 avgNanos=328232770
zil-additional-service  | 2026-05-05T00:24:29.315Z  INFO 1 --- [zil-additional-service] [   scheduling-1] r.a.observability.ObservabilityService   : LAB9 Observability window=30s category=additional.statsComputation.availability.allCitiesAllDates count=1356 sumNanos=507276715 avgNanos=374097
zil-additional-service  | 2026-05-05T00:24:29.315Z  INFO 1 --- [zil-additional-service] [   scheduling-1] r.a.observability.ObservabilityService   : LAB9 Observability window=1m category=additional.statsComputation.stats count=137 sumNanos=2741781 avgNanos=20013
zil-additional-service  | 2026-05-05T00:24:29.315Z  INFO 1 --- [zil-additional-service] [   scheduling-1] r.a.observability.ObservabilityService   : LAB9 Observability window=1m category=web.additional.stats count=137 sumNanos=43927342987 avgNanos=320637540
zil-additional-service  | 2026-05-05T00:24:29.315Z  INFO 1 --- [zil-additional-service] [   scheduling-1] r.a.observability.ObservabilityService   : LAB9 Observability window=1m category=http.main.rents count=2859 sumNanos=472071435028 avgNanos=165117675
zil-additional-service  | 2026-05-05T00:24:29.315Z  INFO 1 --- [zil-additional-service] [   scheduling-1] r.a.observability.ObservabilityService   : LAB9 Observability window=1m category=http.main.cars count=2855 sumNanos=457956113966 avgNanos=160404943
zil-additional-service  | 2026-05-05T00:24:29.315Z  INFO 1 --- [zil-additional-service] [   scheduling-1] r.a.observability.ObservabilityService   : LAB9 Observability window=1m category=web.additional.availability_new count=2722 sumNanos=889272174241 avgNanos=326698080
zil-additional-service  | 2026-05-05T00:24:29.315Z  INFO 1 --- [zil-additional-service] [   scheduling-1] r.a.observability.ObservabilityService   : LAB9 Observability window=1m category=additional.statsComputation.availability.allCitiesAllDates count=2722 sumNanos=977234664 avgNanos=359013
zil-additional-service  | 2026-05-05T00:24:34.320Z  INFO 1 --- [zil-additional-service] [   scheduling-1] r.a.observability.ObservabilityService   : LAB9 Observability window=10s category=additional.statsComputation.stats count=24 sumNanos=70038 avgNanos=2918
zil-additional-service  | 2026-05-05T00:24:34.320Z  INFO 1 --- [zil-additional-service] [   scheduling-1] r.a.observability.ObservabilityService   : LAB9 Observability window=10s category=web.additional.stats count=24 sumNanos=7776978513 avgNanos=324040771
zil-additional-service  | 2026-05-05T00:24:34.321Z  INFO 1 --- [zil-additional-service] [   scheduling-1] r.a.observability.ObservabilityService   : LAB9 Observability window=10s category=http.main.rents count=472 sumNanos=79014395936 avgNanos=167403381
zil-additional-service  | 2026-05-05T00:24:34.321Z  INFO 1 --- [zil-additional-service] [   scheduling-1] r.a.observability.ObservabilityService   : LAB9 Observability window=10s category=http.main.cars count=470 sumNanos=76455015900 avgNanos=162670246
zil-additional-service  | 2026-05-05T00:24:34.322Z  INFO 1 --- [zil-additional-service] [   scheduling-1] r.a.observability.ObservabilityService   : LAB9 Observability window=10s category=web.additional.availability_new count=448 sumNanos=148347659376 avgNanos=331133168
zil-app                 | 2026-05-05T00:24:26.135Z  INFO 1 --- [   scheduling-1] r.observability.ObservabilityService     : LAB9 Observability window=10s category=db.car.findAll count=486 sumNanos=69722029723 avgNanos=143460966
zil-app                 | 2026-05-05T00:24:26.135Z  INFO 1 --- [   scheduling-1] r.observability.ObservabilityService     : LAB9 Observability window=30s category=web.RentController.getRents count=1433 sumNanos=211012698443 avgNanos=147252406
zil-app                 | 2026-05-05T00:24:26.135Z  INFO 1 --- [   scheduling-1] r.observability.ObservabilityService     : LAB9 Observability window=30s category=db.rent.findAll count=1433 sumNanos=211005959132 avgNanos=147247703
zil-app                 | 2026-05-05T00:24:26.135Z  INFO 1 --- [   scheduling-1] r.observability.ObservabilityService     : LAB9 Observability window=30s category=web.CarController.getCars count=1430 sumNanos=210099596614 avgNanos=146922794
zil-app                 | 2026-05-05T00:24:26.135Z  INFO 1 --- [   scheduling-1] r.observability.ObservabilityService     : LAB9 Observability window=30s category=db.car.findAll count=1430 sumNanos=210092471040 avgNanos=146917811
zil-app                 | 2026-05-05T00:24:26.135Z  INFO 1 --- [   scheduling-1] r.observability.ObservabilityService     : LAB9 Observability window=1m category=web.RentController.getRents count=2862 sumNanos=418143453254 avgNanos=146101835
zil-app                 | 2026-05-05T00:24:26.135Z  INFO 1 --- [   scheduling-1] r.observability.ObservabilityService     : LAB9 Observability window=1m category=db.rent.findAll count=2862 sumNanos=418100679407 avgNanos=146086890
zil-app                 | 2026-05-05T00:24:26.135Z  INFO 1 --- [   scheduling-1] r.observability.ObservabilityService     : LAB9 Observability window=1m category=web.CarController.getCars count=2860 sumNanos=413862022481 avgNanos=144707000
zil-app                 | 2026-05-05T00:24:26.135Z  INFO 1 --- [   scheduling-1] r.observability.ObservabilityService     : LAB9 Observability window=1m category=db.car.findAll count=2860 sumNanos=413845103859 avgNanos=144701085
zil-app                 | 2026-05-05T00:24:31.141Z  INFO 1 --- [   scheduling-1] r.observability.ObservabilityService     : LAB9 Observability window=10s category=web.RentController.getRents count=471 sumNanos=71261190034 avgNanos=151297643
zil-app                 | 2026-05-05T00:24:31.146Z  INFO 1 --- [   scheduling-1] r.observability.ObservabilityService     : LAB9 Observability window=10s category=db.rent.findAll count=471 sumNanos=71256989439 avgNanos=151288724
zil-app                 | 2026-05-05T00:24:31.146Z  INFO 1 --- [   scheduling-1] r.observability.ObservabilityService     : LAB9 Observability window=10s category=web.CarController.getCars count=472 sumNanos=69725456238 avgNanos=147723424
zil-app                 | 2026-05-05T00:24:31.146Z  INFO 1 --- [   scheduling-1] r.observability.ObservabilityService     : LAB9 Observability window=10s category=db.car.findAll count=472 sumNanos=69723762266 avgNanos=147719835
zil-app                 | 2026-05-05T00:24:31.146Z  INFO 1 --- [   scheduling-1] r.observability.ObservabilityService     : LAB9 Observability window=30s category=web.RentController.getRents count=1424 sumNanos=210686063990 avgNanos=147953696
zil-app                 | 2026-05-05T00:24:31.146Z  INFO 1 --- [   scheduling-1] r.observability.ObservabilityService     : LAB9 Observability window=30s category=db.rent.findAll count=1424 sumNanos=210679449623 avgNanos=147949051
zil-app                 | 2026-05-05T00:24:31.146Z  INFO 1 --- [   scheduling-1] r.observability.ObservabilityService     : LAB9 Observability window=30s category=web.CarController.getCars count=1427 sumNanos=209316380061 avgNanos=146682817
zil-app                 | 2026-05-05T00:24:31.146Z  INFO 1 --- [   scheduling-1] r.observability.ObservabilityService     : LAB9 Observability window=30s category=db.car.findAll count=1427 sumNanos=209309303537 avgNanos=146677858
zil-app                 | 2026-05-05T00:24:31.146Z  INFO 1 --- [   scheduling-1] r.observability.ObservabilityService     : LAB9 Observability window=1m category=web.RentController.getRents count=2858 sumNanos=419627111208 avgNanos=146825441
zil-app                 | 2026-05-05T00:24:31.146Z  INFO 1 --- [   scheduling-1] r.observability.ObservabilityService     : LAB9 Observability window=1m category=db.rent.findAll count=2858 sumNanos=419603220149 avgNanos=146817081
zil-app                 | 2026-05-05T00:24:31.146Z  INFO 1 --- [   scheduling-1] r.observability.ObservabilityService     : LAB9 Observability window=1m category=web.CarController.getCars count=2859 sumNanos=415765403813 avgNanos=145423366
zil-app                 | 2026-05-05T00:24:31.146Z  INFO 1 --- [   scheduling-1] r.observability.ObservabilityService     : LAB9 Observability window=1m category=db.car.findAll count=2859 sumNanos=415749446824 avgNanos=145417784
zil-app                 | 2026-05-05T00:24:36.153Z  INFO 1 --- [   scheduling-1] r.observability.ObservabilityService     : LAB9 Observability window=10s category=web.RentController.getRents count=471 sumNanos=70538303703 avgNanos=149762852
zil-app                 | 2026-05-05T00:24:36.153Z  INFO 1 --- [   scheduling-1] r.observability.ObservabilityService     : LAB9 Observability window=10s category=db.rent.findAll count=471 sumNanos=70537341076 avgNanos=149760809
zil-app                 | 2026-05-05T00:24:36.153Z  INFO 1 --- [   scheduling-1] r.observability.ObservabilityService     : LAB9 Observability window=10s category=web.CarController.getCars count=472 sumNanos=71001549506 avgNanos=150427011
zil-app                 | 2026-05-05T00:24:36.153Z  INFO 1 --- [   scheduling-1] r.observability.ObservabilityService     : LAB9 Observability window=10s category=db.car.findAll count=472 sumNanos=70999896209 avgNanos=150423508
zil-app                 | 2026-05-05T00:24:36.153Z  INFO 1 --- [   scheduling-1] r.observability.ObservabilityService     : LAB9 Observability window=30s category=web.RentController.getRents count=1427 sumNanos=212705500537 avgNanos=149057813
zil-app                 | 2026-05-05T00:24:36.153Z  INFO 1 --- [   scheduling-1] r.observability.ObservabilityService     : LAB9 Observability window=30s category=db.rent.findAll count=1427 sumNanos=212698871788 avgNanos=149053168
zil-app                 | 2026-05-05T00:24:36.153Z  INFO 1 --- [   scheduling-1] r.observability.ObservabilityService     : LAB9 Observability window=30s category=web.CarController.getCars count=1427 sumNanos=209888657392 avgNanos=147083852
zil-app                 | 2026-05-05T00:24:36.153Z  INFO 1 --- [   scheduling-1] r.observability.ObservabilityService     : LAB9 Observability window=30s category=db.car.findAll count=1427 sumNanos=209884386855 avgNanos=147080859
zil-app                 | 2026-05-05T00:24:36.154Z  INFO 1 --- [   scheduling-1] r.observability.ObservabilityService     : LAB9 Observability window=1m category=web.RentController.getRents count=2865 sumNanos=422542269476 avgNanos=147484212
zil-app                 | 2026-05-05T00:24:36.154Z  INFO 1 --- [   scheduling-1] r.observability.ObservabilityService     : LAB9 Observability window=1m category=db.rent.findAll count=2865 sumNanos=422526861373 avgNanos=147478834
zil-app                 | 2026-05-05T00:24:36.154Z  INFO 1 --- [   scheduling-1] r.observability.ObservabilityService     : LAB9 Observability window=1m category=web.CarController.getCars count=2864 sumNanos=419863593379 avgNanos=146600416
zil-app                 | 2026-05-05T00:24:36.154Z  INFO 1 --- [   scheduling-1] r.observability.ObservabilityService     : LAB9 Observability window=1m category=db.car.findAll count=2864 sumNanos=419848244196 avgNanos=146595057
zil-app                 | 2026-05-05T00:24:41.158Z  INFO 1 --- [   scheduling-1] r.observability.ObservabilityService     : LAB9 Observability window=10s category=web.RentController.getRents count=481 sumNanos=69186564875 avgNanos=143839012
zil-app                 | 2026-05-05T00:24:41.159Z  INFO 1 --- [   scheduling-1] r.observability.ObservabilityService     : LAB9 Observability window=10s category=db.rent.findAll count=481 sumNanos=69185580241 avgNanos=143836965
zil-app                 | 2026-05-05T00:24:41.160Z  INFO 1 --- [   scheduling-1] r.observability.ObservabilityService     : LAB9 Observability window=10s category=web.CarController.getCars count=481 sumNanos=73172452467 avgNanos=152125680
zil-app                 | 2026-05-05T00:24:41.160Z  INFO 1 --- [   scheduling-1] r.observability.ObservabilityService     : LAB9 Observability window=10s category=db.car.findAll count=481 sumNanos=73170539504 avgNanos=152121703
zil-app                 | 2026-05-05T00:24:41.160Z  INFO 1 --- [   scheduling-1] r.observability.ObservabilityService     : LAB9 Observability window=30s category=web.RentController.getRents count=1427 sumNanos=211309447900 avgNanos=148079500
zil-app                 | 2026-05-05T00:24:41.162Z  INFO 1 --- [   scheduling-1] r.observability.ObservabilityService     : LAB9 Observability window=30s category=db.rent.findAll count=1427 sumNanos=211302837803 avgNanos=148074868
zil-app                 | 2026-05-05T00:24:41.162Z  INFO 1 --- [   scheduling-1] r.observability.ObservabilityService     : LAB9 Observability window=30s category=web.CarController.getCars count=1429 sumNanos=213378899850 avgNanos=149320433
zil-app                 | 2026-05-05T00:24:41.164Z  INFO 1 --- [   scheduling-1] r.observability.ObservabilityService     : LAB9 Observability window=30s category=db.car.findAll count=1429 sumNanos=213374275380 avgNanos=149317197
zil-app                 | 2026-05-05T00:24:41.164Z  INFO 1 --- [   scheduling-1] r.observability.ObservabilityService     : LAB9 Observability window=1m category=web.RentController.getRents count=2861 sumNanos=421399692249 avgNanos=147291049
zil-app                 | 2026-05-05T00:24:41.165Z  INFO 1 --- [   scheduling-1] r.observability.ObservabilityService     : LAB9 Observability window=1m category=db.rent.findAll count=2861 sumNanos=421385606047 avgNanos=147286125
zil-app                 | 2026-05-05T00:24:41.165Z  INFO 1 --- [   scheduling-1] r.observability.ObservabilityService     : LAB9 Observability window=1m category=web.CarController.getCars count=2863 sumNanos=423911230937 avgNanos=148065396
zil-app                 | 2026-05-05T00:24:41.165Z  INFO 1 --- [   scheduling-1] r.observability.ObservabilityService     : LAB9 Observability window=1m category=db.car.findAll count=2863 sumNanos=423897839744 avgNanos=148060719
zil-app                 | 2026-05-05T00:24:46.166Z  INFO 1 --- [   scheduling-1] r.observability.ObservabilityService     : LAB9 Observability window=10s category=web.RentController.getRents count=474 sumNanos=69725162873 avgNanos=147099499
zil-app                 | 2026-05-05T00:24:46.166Z  INFO 1 --- [   scheduling-1] r.observability.ObservabilityService     : LAB9 Observability window=10s category=db.rent.findAll count=474 sumNanos=69724303228 avgNanos=147097686
zil-app                 | 2026-05-05T00:24:46.166Z  INFO 1 --- [   scheduling-1] r.observability.ObservabilityService     : LAB9 Observability window=10s category=web.CarController.getCars count=474 sumNanos=73753655643 avgNanos=155598429
zil-app                 | 2026-05-05T00:24:46.168Z  INFO 1 --- [   scheduling-1] r.observability.ObservabilityService     : LAB9 Observability window=10s category=db.car.findAll count=474 sumNanos=73752426756 avgNanos=155595837
zil-app                 | 2026-05-05T00:24:46.169Z  INFO 1 --- [   scheduling-1] r.observability.ObservabilityService     : LAB9 Observability window=30s category=web.RentController.getRents count=1429 sumNanos=213004447765 avgNanos=149058395
zil-app                 | 2026-05-05T00:24:46.169Z  INFO 1 --- [   scheduling-1] r.observability.ObservabilityService     : LAB9 Observability window=30s category=db.rent.findAll count=1429 sumNanos=212997951026 avgNanos=149053849
zil-app                 | 2026-05-05T00:24:46.169Z  INFO 1 --- [   scheduling-1] r.observability.ObservabilityService     : LAB9 Observability window=30s category=web.CarController.getCars count=1430 sumNanos=214306701508 avgNanos=149864826
zil-app                 | 2026-05-05T00:24:46.170Z  INFO 1 --- [   scheduling-1] r.observability.ObservabilityService     : LAB9 Observability window=30s category=db.car.findAll count=1430 sumNanos=214302164020 avgNanos=149861653
zil-app                 | 2026-05-05T00:24:46.170Z  INFO 1 --- [   scheduling-1] r.observability.ObservabilityService     : LAB9 Observability window=1m category=web.RentController.getRents count=2865 sumNanos=422103475188 avgNanos=147331055
zil-app                 | 2026-05-05T00:24:46.171Z  INFO 1 --- [   scheduling-1] r.observability.ObservabilityService     : LAB9 Observability window=1m category=db.rent.findAll count=2865 sumNanos=422092749031 avgNanos=147327312
zil-app                 | 2026-05-05T00:24:46.174Z  INFO 1 --- [   scheduling-1] r.observability.ObservabilityService     : LAB9 Observability window=1m category=web.CarController.getCars count=2863 sumNanos=424526923317 avgNanos=148280448
zil-app                 | 2026-05-05T00:24:46.174Z  INFO 1 --- [   scheduling-1] r.observability.ObservabilityService     : LAB9 Observability window=1m category=db.car.findAll count=2863 sumNanos=424514168130 avgNanos=148275993
zil-app                 | 2026-05-05T00:24:51.175Z  INFO 1 --- [   scheduling-1] r.observability.ObservabilityService     : LAB9 Observability window=10s category=web.RentController.getRents count=479 sumNanos=73576808826 avgNanos=153605028
zil-app                 | 2026-05-05T00:24:51.175Z  INFO 1 --- [   scheduling-1] r.observability.ObservabilityService     : LAB9 Observability window=10s category=db.rent.findAll count=479 sumNanos=73575274296 avgNanos=153601825
zil-app                 | 2026-05-05T00:24:51.175Z  INFO 1 --- [   scheduling-1] r.observability.ObservabilityService     : LAB9 Observability window=10s category=web.CarController.getCars count=477 sumNanos=73048241841 avgNanos=153140968
zil-app                 | 2026-05-05T00:24:51.175Z  INFO 1 --- [   scheduling-1] r.observability.ObservabilityService     : LAB9 Observability window=10s category=db.car.findAll count=477 sumNanos=73046878967 avgNanos=153138111
zil-app                 | 2026-05-05T00:24:51.175Z  INFO 1 --- [   scheduling-1] r.observability.ObservabilityService     : LAB9 Observability window=30s category=web.RentController.getRents count=1429 sumNanos=213717691880 avgNanos=149557517
zil-app                 | 2026-05-05T00:24:51.175Z  INFO 1 --- [   scheduling-1] r.observability.ObservabilityService     : LAB9 Observability window=30s category=db.rent.findAll count=1429 sumNanos=213710976131 avgNanos=149552817
zil-app                 | 2026-05-05T00:24:51.175Z  INFO 1 --- [   scheduling-1] r.observability.ObservabilityService     : LAB9 Observability window=30s category=web.CarController.getCars count=1433 sumNanos=216371332432 avgNanos=150991857
zil-app                 | 2026-05-05T00:24:51.175Z  INFO 1 --- [   scheduling-1] r.observability.ObservabilityService     : LAB9 Observability window=30s category=db.car.findAll count=1433 sumNanos=216366358436 avgNanos=150988386
zil-app                 | 2026-05-05T00:24:51.176Z  INFO 1 --- [   scheduling-1] r.observability.ObservabilityService     : LAB9 Observability window=1m category=web.RentController.getRents count=2862 sumNanos=423625631181 avgNanos=148017341
zil-app                 | 2026-05-05T00:24:51.176Z  INFO 1 --- [   scheduling-1] r.observability.ObservabilityService     : LAB9 Observability window=1m category=db.rent.findAll count=2862 sumNanos=423615385202 avgNanos=148013761
zil-app                 | 2026-05-05T00:24:51.176Z  INFO 1 --- [   scheduling-1] r.observability.ObservabilityService     : LAB9 Observability window=1m category=web.CarController.getCars count=2863 sumNanos=425639293406 avgNanos=148668981
zil-app                 | 2026-05-05T00:24:51.176Z  INFO 1 --- [   scheduling-1] r.observability.ObservabilityService     : LAB9 Observability window=1m category=db.car.findAll count=2863 sumNanos=425627080816 avgNanos=148664715
zil-app                 | 2026-05-05T00:24:56.178Z  INFO 1 --- [   scheduling-1] r.observability.ObservabilityService     : LAB9 Observability window=10s category=web.RentController.getRents count=484 sumNanos=73004221595 avgNanos=150835168
zil-app                 | 2026-05-05T00:24:56.179Z  INFO 1 --- [   scheduling-1] r.observability.ObservabilityService     : LAB9 Observability window=10s category=db.rent.findAll count=484 sumNanos=73002213751 avgNanos=150831020
zil-app                 | 2026-05-05T00:24:56.179Z  INFO 1 --- [   scheduling-1] r.observability.ObservabilityService     : LAB9 Observability window=10s category=web.CarController.getCars count=488 sumNanos=71893989966 avgNanos=147323749
zil-app                 | 2026-05-05T00:24:56.179Z  INFO 1 --- [   scheduling-1] r.observability.ObservabilityService     : LAB9 Observability window=10s category=db.car.findAll count=488 sumNanos=71892558018 avgNanos=147320815
zil-app                 | 2026-05-05T00:24:56.179Z  INFO 1 --- [   scheduling-1] r.observability.ObservabilityService     : LAB9 Observability window=30s category=web.RentController.getRents count=1429 sumNanos=213414526346 avgNanos=149345364
zil-app                 | 2026-05-05T00:24:56.179Z  INFO 1 --- [   scheduling-1] r.observability.ObservabilityService     : LAB9 Observability window=30s category=db.rent.findAll count=1429 sumNanos=213410696025 avgNanos=149342684
zil-app                 | 2026-05-05T00:24:56.179Z  INFO 1 --- [   scheduling-1] r.observability.ObservabilityService     : LAB9 Observability window=30s category=web.CarController.getCars count=1432 sumNanos=216362443446 avgNanos=151091091
zil-app                 | 2026-05-05T00:24:56.179Z  INFO 1 --- [   scheduling-1] r.observability.ObservabilityService     : LAB9 Observability window=30s category=db.car.findAll count=1432 sumNanos=216358133379 avgNanos=151088081
zil-app                 | 2026-05-05T00:24:56.179Z  INFO 1 --- [   scheduling-1] r.observability.ObservabilityService     : LAB9 Observability window=1m category=web.RentController.getRents count=2862 sumNanos=424470213984 avgNanos=148312443
zil-app                 | 2026-05-05T00:24:56.180Z  INFO 1 --- [   scheduling-1] r.observability.ObservabilityService     : LAB9 Observability window=1m category=db.rent.findAll count=2862 sumNanos=424459646610 avgNanos=148308751
zil-app                 | 2026-05-05T00:24:56.180Z  INFO 1 --- [   scheduling-1] r.observability.ObservabilityService     : LAB9 Observability window=1m category=web.CarController.getCars count=2860 sumNanos=426160551399 avgNanos=149007185
zil-app                 | 2026-05-05T00:24:56.180Z  INFO 1 --- [   scheduling-1] r.observability.ObservabilityService     : LAB9 Observability window=1m category=db.car.findAll count=2860 sumNanos=426149119745 avgNanos=149003188
zil-app                 | 2026-05-05T00:25:01.181Z  INFO 1 --- [   scheduling-1] r.observability.ObservabilityService     : LAB9 Observability window=10s category=web.RentController.getRents count=478 sumNanos=71455011616 avgNanos=149487472
zil-app                 | 2026-05-05T00:25:01.183Z  INFO 1 --- [   scheduling-1] r.observability.ObservabilityService     : LAB9 Observability window=10s category=db.rent.findAll count=478 sumNanos=71453475504 avgNanos=149484258
zil-app                 | 2026-05-05T00:25:01.184Z  INFO 1 --- [   scheduling-1] r.observability.ObservabilityService     : LAB9 Observability window=10s category=web.CarController.getCars count=474 sumNanos=71829120909 avgNanos=151538229
zil-app                 | 2026-05-05T00:25:01.184Z  INFO 1 --- [   scheduling-1] r.observability.ObservabilityService     : LAB9 Observability window=10s category=db.car.findAll count=474 sumNanos=71828064434 avgNanos=151536000
zil-app                 | 2026-05-05T00:25:01.185Z  INFO 1 --- [   scheduling-1] r.observability.ObservabilityService     : LAB9 Observability window=30s category=web.RentController.getRents count=1436 sumNanos=213929349574 avgNanos=148975870
zil-app                 | 2026-05-05T00:25:01.185Z  INFO 1 --- [   scheduling-1] r.observability.ObservabilityService     : LAB9 Observability window=30s category=db.rent.findAll count=1436 sumNanos=213925298015 avgNanos=148973048
zil-app                 | 2026-05-05T00:25:01.186Z  INFO 1 --- [   scheduling-1] r.observability.ObservabilityService     : LAB9 Observability window=30s category=web.CarController.getCars count=1435 sumNanos=218484503521 avgNanos=152254009
zil-app                 | 2026-05-05T00:25:01.186Z  INFO 1 --- [   scheduling-1] r.observability.ObservabilityService     : LAB9 Observability window=30s category=db.car.findAll count=1435 sumNanos=218480166896 avgNanos=152250987
zil-app                 | 2026-05-05T00:25:01.187Z  INFO 1 --- [   scheduling-1] r.observability.ObservabilityService     : LAB9 Observability window=1m category=web.RentController.getRents count=2860 sumNanos=424537567101 avgNanos=148439708
zil-app                 | 2026-05-05T00:25:01.188Z  INFO 1 --- [   scheduling-1] r.observability.ObservabilityService     : LAB9 Observability window=1m category=db.rent.findAll count=2860 sumNanos=424526901464 avgNanos=148435979
zil-app                 | 2026-05-05T00:25:01.188Z  INFO 1 --- [   scheduling-1] r.observability.ObservabilityService     : LAB9 Observability window=1m category=web.CarController.getCars count=2860 sumNanos=427607383922 avgNanos=149513071
zil-app                 | 2026-05-05T00:25:01.188Z  INFO 1 --- [   scheduling-1] r.observability.ObservabilityService     : LAB9 Observability window=1m category=db.car.findAll count=2860 sumNanos=427595974578 avgNanos=149509082
zil-app                 | 2026-05-05T00:25:06.189Z  INFO 1 --- [   scheduling-1] r.observability.ObservabilityService     : LAB9 Observability window=10s category=web.RentController.getRents count=477 sumNanos=72681449139 avgNanos=152372010
zil-app                 | 2026-05-05T00:25:06.190Z  INFO 1 --- [   scheduling-1] r.observability.ObservabilityService     : LAB9 Observability window=10s category=db.rent.findAll count=477 sumNanos=72680436064 avgNanos=152369886
zil-app                 | 2026-05-05T00:25:06.190Z  INFO 1 --- [   scheduling-1] r.observability.ObservabilityService     : LAB9 Observability window=10s category=web.CarController.getCars count=473 sumNanos=73008704457 avgNanos=154352440
zil-app                 | 2026-05-05T00:25:06.190Z  INFO 1 --- [   scheduling-1] r.observability.ObservabilityService     : LAB9 Observability window=10s category=db.car.findAll count=473 sumNanos=73007781485 avgNanos=154350489
zil-app                 | 2026-05-05T00:25:06.190Z  INFO 1 --- [   scheduling-1] r.observability.ObservabilityService     : LAB9 Observability window=30s category=web.RentController.getRents count=1435 sumNanos=215456049372 avgNanos=150143588
zil-app                 | 2026-05-05T00:25:06.191Z  INFO 1 --- [   scheduling-1] r.observability.ObservabilityService     : LAB9 Observability window=30s category=db.rent.findAll count=1435 sumNanos=215452168551 avgNanos=150140884
zil-app                 | 2026-05-05T00:25:06.192Z  INFO 1 --- [   scheduling-1] r.observability.ObservabilityService     : LAB9 Observability window=30s category=web.CarController.getCars count=1435 sumNanos=218656350066 avgNanos=152373763
zil-app                 | 2026-05-05T00:25:06.192Z  INFO 1 --- [   scheduling-1] r.observability.ObservabilityService     : LAB9 Observability window=30s category=db.car.findAll count=1435 sumNanos=218652766259 avgNanos=152371265
zil-app                 | 2026-05-05T00:25:06.192Z  INFO 1 --- [   scheduling-1] r.observability.ObservabilityService     : LAB9 Observability window=1m category=web.RentController.getRents count=2863 sumNanos=428407535919 avgNanos=149635884
zil-app                 | 2026-05-05T00:25:06.193Z  INFO 1 --- [   scheduling-1] r.observability.ObservabilityService     : LAB9 Observability window=1m category=db.rent.findAll count=2863 sumNanos=428397024655 avgNanos=149632212
zil-app                 | 2026-05-05T00:25:06.193Z  INFO 1 --- [   scheduling-1] r.observability.ObservabilityService     : LAB9 Observability window=1m category=web.CarController.getCars count=2859 sumNanos=428234262222 avgNanos=149784631
zil-app                 | 2026-05-05T00:25:06.193Z  INFO 1 --- [   scheduling-1] r.observability.ObservabilityService     : LAB9 Observability window=1m category=db.car.findAll count=2859 sumNanos=428226412645 avgNanos=149781886
zil-app                 | 2026-05-05T00:25:11.193Z  INFO 1 --- [   scheduling-1] r.observability.ObservabilityService     : LAB9 Observability window=10s category=web.RentController.getRents count=481 sumNanos=72142011406 avgNanos=149983391
zil-app                 | 2026-05-05T00:25:11.193Z  INFO 1 --- [   scheduling-1] r.observability.ObservabilityService     : LAB9 Observability window=10s category=db.rent.findAll count=481 sumNanos=72136015266 avgNanos=149970925
zil-app                 | 2026-05-05T00:25:11.193Z  INFO 1 --- [   scheduling-1] r.observability.ObservabilityService     : LAB9 Observability window=10s category=web.CarController.getCars count=484 sumNanos=73989401603 avgNanos=152870664
zil-app                 | 2026-05-05T00:25:11.193Z  INFO 1 --- [   scheduling-1] r.observability.ObservabilityService     : LAB9 Observability window=10s category=db.car.findAll count=484 sumNanos=73987855780 avgNanos=152867470
zil-app                 | 2026-05-05T00:25:11.194Z  INFO 1 --- [   scheduling-1] r.observability.ObservabilityService     : LAB9 Observability window=30s category=web.RentController.getRents count=1436 sumNanos=216890575984 avgNanos=151038005
zil-app                 | 2026-05-05T00:25:11.194Z  INFO 1 --- [   scheduling-1] r.observability.ObservabilityService     : LAB9 Observability window=30s category=db.rent.findAll count=1436 sumNanos=216881512396 avgNanos=151031693
zil-app                 | 2026-05-05T00:25:11.194Z  INFO 1 --- [   scheduling-1] r.observability.ObservabilityService     : LAB9 Observability window=30s category=web.CarController.getCars count=1434 sumNanos=218703876084 avgNanos=152513163
zil-app                 | 2026-05-05T00:25:11.194Z  INFO 1 --- [   scheduling-1] r.observability.ObservabilityService     : LAB9 Observability window=30s category=db.car.findAll count=1434 sumNanos=218699911980 avgNanos=152510398
zil-app                 | 2026-05-05T00:25:11.194Z  INFO 1 --- [   scheduling-1] r.observability.ObservabilityService     : LAB9 Observability window=1m category=web.RentController.getRents count=2863 sumNanos=428250044683 avgNanos=149580874
zil-app                 | 2026-05-05T00:25:11.194Z  INFO 1 --- [   scheduling-1] r.observability.ObservabilityService     : LAB9 Observability window=1m category=db.rent.findAll count=2863 sumNanos=428234371342 avgNanos=149575400
zil-app                 | 2026-05-05T00:25:11.194Z  INFO 1 --- [   scheduling-1] r.observability.ObservabilityService     : LAB9 Observability window=1m category=web.CarController.getCars count=2863 sumNanos=432115851109 avgNanos=150931139
zil-app                 | 2026-05-05T00:25:11.194Z  INFO 1 --- [   scheduling-1] r.observability.ObservabilityService     : LAB9 Observability window=1m category=db.car.findAll count=2863 sumNanos=432107263068 avgNanos=150928139
zil-app                 | 2026-05-05T00:25:16.196Z  INFO 1 --- [   scheduling-1] r.observability.ObservabilityService     : LAB9 Observability window=10s category=web.RentController.getRents count=473 sumNanos=71719547458 avgNanos=151626950
zil-app                 | 2026-05-05T00:25:16.196Z  INFO 1 --- [   scheduling-1] r.observability.ObservabilityService     : LAB9 Observability window=10s category=db.rent.findAll count=473 sumNanos=71713536752 avgNanos=151614242
zil-app                 | 2026-05-05T00:25:16.196Z  INFO 1 --- [   scheduling-1] r.observability.ObservabilityService     : LAB9 Observability window=10s category=web.CarController.getCars count=475 sumNanos=75014205754 avgNanos=157924643
zil-app                 | 2026-05-05T00:25:16.196Z  INFO 1 --- [   scheduling-1] r.observability.ObservabilityService     : LAB9 Observability window=10s category=db.car.findAll count=475 sumNanos=75012609428 avgNanos=157921283
zil-app                 | 2026-05-05T00:25:16.196Z  INFO 1 --- [   scheduling-1] r.observability.ObservabilityService     : LAB9 Observability window=30s category=web.RentController.getRents count=1434 sumNanos=217443070826 avgNanos=151633940
zil-app                 | 2026-05-05T00:25:16.196Z  INFO 1 --- [   scheduling-1] r.observability.ObservabilityService     : LAB9 Observability window=30s category=db.rent.findAll count=1434 sumNanos=217434038751 avgNanos=151627642
zil-app                 | 2026-05-05T00:25:16.196Z  INFO 1 --- [   scheduling-1] r.observability.ObservabilityService     : LAB9 Observability window=30s category=web.CarController.getCars count=1435 sumNanos=219753574782 avgNanos=153138379
zil-app                 | 2026-05-05T00:25:16.196Z  INFO 1 --- [   scheduling-1] r.observability.ObservabilityService     : LAB9 Observability window=30s category=db.car.findAll count=1435 sumNanos=219749649536 avgNanos=153135644
zil-app                 | 2026-05-05T00:25:16.196Z  INFO 1 --- [   scheduling-1] r.observability.ObservabilityService     : LAB9 Observability window=1m category=web.RentController.getRents count=2864 sumNanos=430691170416 avgNanos=150380995
zil-app                 | 2026-05-05T00:25:16.197Z  INFO 1 --- [   scheduling-1] r.observability.ObservabilityService     : LAB9 Observability window=1m category=db.rent.findAll count=2864 sumNanos=430675639877 avgNanos=150375572
zil-app                 | 2026-05-05T00:25:16.197Z  INFO 1 --- [   scheduling-1] r.observability.ObservabilityService     : LAB9 Observability window=1m category=web.CarController.getCars count=2862 sumNanos=433706868368 avgNanos=151539786
zil-app                 | 2026-05-05T00:25:16.197Z  INFO 1 --- [   scheduling-1] r.observability.ObservabilityService     : LAB9 Observability window=1m category=db.car.findAll count=2862 sumNanos=433698384603 avgNanos=151536822
zil-app                 | 2026-05-05T00:25:21.203Z  INFO 1 --- [   scheduling-1] r.observability.ObservabilityService     : LAB9 Observability window=10s category=web.RentController.getRents count=474 sumNanos=73404295255 avgNanos=154861382
zil-app                 | 2026-05-05T00:25:21.207Z  INFO 1 --- [   scheduling-1] r.observability.ObservabilityService     : LAB9 Observability window=10s category=db.rent.findAll count=474 sumNanos=73403674532 avgNanos=154860072
zil-app                 | 2026-05-05T00:25:21.207Z  INFO 1 --- [   scheduling-1] r.observability.ObservabilityService     : LAB9 Observability window=10s category=web.CarController.getCars count=474 sumNanos=74006829726 avgNanos=156132552
zil-app                 | 2026-05-05T00:25:21.207Z  INFO 1 --- [   scheduling-1] r.observability.ObservabilityService     : LAB9 Observability window=10s category=db.car.findAll count=474 sumNanos=74005632506 avgNanos=156130026
zil-app                 | 2026-05-05T00:25:21.207Z  INFO 1 --- [   scheduling-1] r.observability.ObservabilityService     : LAB9 Observability window=30s category=web.RentController.getRents count=1434 sumNanos=217150840550 avgNanos=151430153
zil-app                 | 2026-05-05T00:25:21.207Z  INFO 1 --- [   scheduling-1] r.observability.ObservabilityService     : LAB9 Observability window=30s category=db.rent.findAll count=1434 sumNanos=217142686510 avgNanos=151424467
zil-app                 | 2026-05-05T00:25:21.207Z  INFO 1 --- [   scheduling-1] r.observability.ObservabilityService     : LAB9 Observability window=30s category=web.CarController.getCars count=1432 sumNanos=219825352238 avgNanos=153509324
zil-app                 | 2026-05-05T00:25:21.207Z  INFO 1 --- [   scheduling-1] r.observability.ObservabilityService     : LAB9 Observability window=30s category=db.car.findAll count=1432 sumNanos=219821552720 avgNanos=153506670
zil-app                 | 2026-05-05T00:25:21.208Z  INFO 1 --- [   scheduling-1] r.observability.ObservabilityService     : LAB9 Observability window=1m category=web.RentController.getRents count=2862 sumNanos=430729595649 avgNanos=150499509
zil-app                 | 2026-05-05T00:25:21.208Z  INFO 1 --- [   scheduling-1] r.observability.ObservabilityService     : LAB9 Observability window=1m category=db.rent.findAll count=2862 sumNanos=430714726759 avgNanos=150494314
zil-app                 | 2026-05-05T00:25:21.208Z  INFO 1 --- [   scheduling-1] r.observability.ObservabilityService     : LAB9 Observability window=1m category=web.CarController.getCars count=2862 sumNanos=435559433041 avgNanos=152187083
zil-app                 | 2026-05-05T00:25:21.208Z  INFO 1 --- [   scheduling-1] r.observability.ObservabilityService     : LAB9 Observability window=1m category=db.car.findAll count=2862 sumNanos=435550664362 avgNanos=152184019
zil-app                 | 2026-05-05T00:25:26.208Z  INFO 1 --- [   scheduling-1] r.observability.ObservabilityService     : LAB9 Observability window=10s category=web.RentController.getRents count=486 sumNanos=73240451758 avgNanos=150700518
zil-app                 | 2026-05-05T00:25:26.209Z  INFO 1 --- [   scheduling-1] r.observability.ObservabilityService     : LAB9 Observability window=10s category=db.rent.findAll count=486 sumNanos=73240020591 avgNanos=150699630
zil-app                 | 2026-05-05T00:25:26.209Z  INFO 1 --- [   scheduling-1] r.observability.ObservabilityService     : LAB9 Observability window=10s category=web.CarController.getCars count=487 sumNanos=72553289286 avgNanos=148980060
zil-app                 | 2026-05-05T00:25:26.209Z  INFO 1 --- [   scheduling-1] r.observability.ObservabilityService     : LAB9 Observability window=10s category=db.car.findAll count=487 sumNanos=72552126082 avgNanos=148977671
zil-app                 | 2026-05-05T00:25:26.209Z  INFO 1 --- [   scheduling-1] r.observability.ObservabilityService     : LAB9 Observability window=30s category=web.RentController.getRents count=1436 sumNanos=217717475878 avgNanos=151613841
zil-app                 | 2026-05-05T00:25:26.209Z  INFO 1 --- [   scheduling-1] r.observability.ObservabilityService     : LAB9 Observability window=30s category=db.rent.findAll count=1436 sumNanos=217710020388 avgNanos=151608649
zil-app                 | 2026-05-05T00:25:26.209Z  INFO 1 --- [   scheduling-1] r.observability.ObservabilityService     : LAB9 Observability window=30s category=web.CarController.getCars count=1436 sumNanos=220716239801 avgNanos=153702116
zil-app                 | 2026-05-05T00:25:26.209Z  INFO 1 --- [   scheduling-1] r.observability.ObservabilityService     : LAB9 Observability window=30s category=db.car.findAll count=1436 sumNanos=220712554853 avgNanos=153699550
zil-app                 | 2026-05-05T00:25:26.209Z  INFO 1 --- [   scheduling-1] r.observability.ObservabilityService     : LAB9 Observability window=1m category=web.RentController.getRents count=2865 sumNanos=431117839555 avgNanos=150477430
zil-app                 | 2026-05-05T00:25:26.209Z  INFO 1 --- [   scheduling-1] r.observability.ObservabilityService     : LAB9 Observability window=1m category=db.rent.findAll count=2865 sumNanos=431106554266 avgNanos=150473491
zil-app                 | 2026-05-05T00:25:26.209Z  INFO 1 --- [   scheduling-1] r.observability.ObservabilityService     : LAB9 Observability window=1m category=web.CarController.getCars count=2867 sumNanos=436965559569 avgNanos=152412124
zil-app                 | 2026-05-05T00:25:26.209Z  INFO 1 --- [   scheduling-1] r.observability.ObservabilityService     : LAB9 Observability window=1m category=db.car.findAll count=2867 sumNanos=436957566030 avgNanos=152409335
zil-app                 | 2026-05-05T00:25:31.213Z  INFO 1 --- [   scheduling-1] r.observability.ObservabilityService     : LAB9 Observability window=10s category=web.RentController.getRents count=474 sumNanos=74155049273 avgNanos=156445251
zil-app                 | 2026-05-05T00:25:31.215Z  INFO 1 --- [   scheduling-1] r.observability.ObservabilityService     : LAB9 Observability window=10s category=db.rent.findAll count=474 sumNanos=74154484579 avgNanos=156444060
zil-app                 | 2026-05-05T00:25:31.215Z  INFO 1 --- [   scheduling-1] r.observability.ObservabilityService     : LAB9 Observability window=10s category=web.CarController.getCars count=483 sumNanos=72812744277 avgNanos=150751023
zil-app                 | 2026-05-05T00:25:31.216Z  INFO 1 --- [   scheduling-1] r.observability.ObservabilityService     : LAB9 Observability window=10s category=db.car.findAll count=483 sumNanos=72811711424 avgNanos=150748884
zil-app                 | 2026-05-05T00:25:31.216Z  INFO 1 --- [   scheduling-1] r.observability.ObservabilityService     : LAB9 Observability window=30s category=web.RentController.getRents count=1434 sumNanos=220423277843 avgNanos=153712188
zil-app                 | 2026-05-05T00:25:31.217Z  INFO 1 --- [   scheduling-1] r.observability.ObservabilityService     : LAB9 Observability window=30s category=db.rent.findAll count=1434 sumNanos=220416091495 avgNanos=153707176
zil-app                 | 2026-05-05T00:25:31.218Z  INFO 1 --- [   scheduling-1] r.observability.ObservabilityService     : LAB9 Observability window=30s category=web.CarController.getCars count=1441 sumNanos=220808975606 avgNanos=153233154
zil-app                 | 2026-05-05T00:25:31.218Z  INFO 1 --- [   scheduling-1] r.observability.ObservabilityService     : LAB9 Observability window=30s category=db.car.findAll count=1441 sumNanos=220805199710 avgNanos=153230534
zil-app                 | 2026-05-05T00:25:31.219Z  INFO 1 --- [   scheduling-1] r.observability.ObservabilityService     : LAB9 Observability window=1m category=web.RentController.getRents count=2869 sumNanos=434204999012 avgNanos=151343673
zil-app                 | 2026-05-05T00:25:31.219Z  INFO 1 --- [   scheduling-1] r.observability.ObservabilityService     : LAB9 Observability window=1m category=db.rent.findAll count=2869 sumNanos=434193763292 avgNanos=151339757
zil-app                 | 2026-05-05T00:25:31.219Z  INFO 1 --- [   scheduling-1] r.observability.ObservabilityService     : LAB9 Observability window=1m category=web.CarController.getCars count=2876 sumNanos=439293479127 avgNanos=152744603
zil-app                 | 2026-05-05T00:25:31.219Z  INFO 1 --- [   scheduling-1] r.observability.ObservabilityService     : LAB9 Observability window=1m category=db.car.findAll count=2876 sumNanos=439285366606 avgNanos=152741782
zil-app                 | 2026-05-05T00:25:36.221Z  INFO 1 --- [   scheduling-1] r.observability.ObservabilityService     : LAB9 Observability window=10s category=web.RentController.getRents count=475 sumNanos=74726163724 avgNanos=157318239
zil-app                 | 2026-05-05T00:25:36.223Z  INFO 1 --- [   scheduling-1] r.observability.ObservabilityService     : LAB9 Observability window=10s category=db.rent.findAll count=475 sumNanos=74724438599 avgNanos=157314607
zil-app                 | 2026-05-05T00:25:36.224Z  INFO 1 --- [   scheduling-1] r.observability.ObservabilityService     : LAB9 Observability window=10s category=web.CarController.getCars count=475 sumNanos=73449602971 avgNanos=154630743
zil-app                 | 2026-05-05T00:25:36.224Z  INFO 1 --- [   scheduling-1] r.observability.ObservabilityService     : LAB9 Observability window=10s category=db.car.findAll count=475 sumNanos=73440178282 avgNanos=154610901
zil-app                 | 2026-05-05T00:25:36.224Z  INFO 1 --- [   scheduling-1] r.observability.ObservabilityService     : LAB9 Observability window=30s category=web.RentController.getRents count=1434 sumNanos=219644192233 avgNanos=153168892
zil-app                 | 2026-05-05T00:25:36.228Z  INFO 1 --- [   scheduling-1] r.observability.ObservabilityService     : LAB9 Observability window=30s category=db.rent.findAll count=1434 sumNanos=219636026485 avgNanos=153163198
zil-app                 | 2026-05-05T00:25:36.229Z  INFO 1 --- [   scheduling-1] r.observability.ObservabilityService     : LAB9 Observability window=30s category=web.CarController.getCars count=1439 sumNanos=221304470401 avgNanos=153790458
zil-app                 | 2026-05-05T00:25:36.240Z  INFO 1 --- [   scheduling-1] r.observability.ObservabilityService     : LAB9 Observability window=30s category=db.car.findAll count=1439 sumNanos=221292282570 avgNanos=153781989
zil-app                 | 2026-05-05T00:25:36.241Z  INFO 1 --- [   scheduling-1] r.observability.ObservabilityService     : LAB9 Observability window=1m category=web.RentController.getRents count=2872 sumNanos=435494152236 avgNanos=151634454
zil-app                 | 2026-05-05T00:25:36.241Z  INFO 1 --- [   scheduling-1] r.observability.ObservabilityService     : LAB9 Observability window=1m category=db.rent.findAll count=2872 sumNanos=435482101639 avgNanos=151630258
zil-app                 | 2026-05-05T00:25:36.241Z  INFO 1 --- [   scheduling-1] r.observability.ObservabilityService     : LAB9 Observability window=1m category=web.CarController.getCars count=2876 sumNanos=440175674176 avgNanos=153051347
zil-app                 | 2026-05-05T00:25:36.241Z  INFO 1 --- [   scheduling-1] r.observability.ObservabilityService     : LAB9 Observability window=1m category=db.car.findAll count=2876 sumNanos=440159899347 avgNanos=153045862
zil-app                 | 2026-05-05T00:25:41.241Z  INFO 1 --- [   scheduling-1] r.observability.ObservabilityService     : LAB9 Observability window=10s category=web.RentController.getRents count=487 sumNanos=73321111884 avgNanos=150556697
zil-app                 | 2026-05-05T00:25:41.242Z  INFO 1 --- [   scheduling-1] r.observability.ObservabilityService     : LAB9 Observability window=10s category=db.rent.findAll count=487 sumNanos=73318910482 avgNanos=150552177
zil-app                 | 2026-05-05T00:25:41.242Z  INFO 1 --- [   scheduling-1] r.observability.ObservabilityService     : LAB9 Observability window=10s category=web.CarController.getCars count=484 sumNanos=73757380864 avgNanos=152391282
zil-app                 | 2026-05-05T00:25:41.242Z  INFO 1 --- [   scheduling-1] r.observability.ObservabilityService     : LAB9 Observability window=10s category=db.car.findAll count=484 sumNanos=73747866504 avgNanos=152371625
zil-app                 | 2026-05-05T00:25:41.242Z  INFO 1 --- [   scheduling-1] r.observability.ObservabilityService     : LAB9 Observability window=30s category=web.RentController.getRents count=1439 sumNanos=221448606570 avgNanos=153890623
zil-app                 | 2026-05-05T00:25:41.242Z  INFO 1 --- [   scheduling-1] r.observability.ObservabilityService     : LAB9 Observability window=30s category=db.rent.findAll count=1439 sumNanos=221445205044 avgNanos=153888259
zil-app                 | 2026-05-05T00:25:41.244Z  INFO 1 --- [   scheduling-1] r.observability.ObservabilityService     : LAB9 Observability window=30s category=web.CarController.getCars count=1440 sumNanos=220499290135 avgNanos=153124507
zil-app                 | 2026-05-05T00:25:41.244Z  INFO 1 --- [   scheduling-1] r.observability.ObservabilityService     : LAB9 Observability window=30s category=db.car.findAll count=1440 sumNanos=220487547231 avgNanos=153116352
zil-app                 | 2026-05-05T00:25:41.245Z  INFO 1 --- [   scheduling-1] r.observability.ObservabilityService     : LAB9 Observability window=1m category=web.RentController.getRents count=2876 sumNanos=438330621755 avgNanos=152409812
zil-app                 | 2026-05-05T00:25:41.245Z  INFO 1 --- [   scheduling-1] r.observability.ObservabilityService     : LAB9 Observability window=1m category=db.rent.findAll count=2876 sumNanos=438318155050 avgNanos=152405478
zil-app                 | 2026-05-05T00:25:41.245Z  INFO 1 --- [   scheduling-1] r.observability.ObservabilityService     : LAB9 Observability window=1m category=web.CarController.getCars count=2875 sumNanos=439280830951 avgNanos=152793332
zil-app                 | 2026-05-05T00:25:41.245Z  INFO 1 --- [   scheduling-1] r.observability.ObservabilityService     : LAB9 Observability window=1m category=db.car.findAll count=2875 sumNanos=439265122414 avgNanos=152787868
zil-app                 | 2026-05-05T00:25:46.248Z  INFO 1 --- [   scheduling-1] r.observability.ObservabilityService     : LAB9 Observability window=10s category=web.RentController.getRents count=480 sumNanos=73390418624 avgNanos=152896705
zil-app                 | 2026-05-05T00:25:46.248Z  INFO 1 --- [   scheduling-1] r.observability.ObservabilityService     : LAB9 Observability window=10s category=db.rent.findAll count=480 sumNanos=73389372491 avgNanos=152894526
zil-app                 | 2026-05-05T00:25:46.248Z  INFO 1 --- [   scheduling-1] r.observability.ObservabilityService     : LAB9 Observability window=10s category=web.CarController.getCars count=477 sumNanos=73625963189 avgNanos=154352124
zil-app                 | 2026-05-05T00:25:46.249Z  INFO 1 --- [   scheduling-1] r.observability.ObservabilityService     : LAB9 Observability window=10s category=db.car.findAll count=477 sumNanos=73621522389 avgNanos=154342814
zil-app                 | 2026-05-05T00:25:46.249Z  INFO 1 --- [   scheduling-1] r.observability.ObservabilityService     : LAB9 Observability window=30s category=web.RentController.getRents count=1443 sumNanos=221637402620 avgNanos=153594873
zil-app                 | 2026-05-05T00:25:46.249Z  INFO 1 --- [   scheduling-1] r.observability.ObservabilityService     : LAB9 Observability window=30s category=db.rent.findAll count=1443 sumNanos=221634198741 avgNanos=153592653
zil-app                 | 2026-05-05T00:25:46.249Z  INFO 1 --- [   scheduling-1] r.observability.ObservabilityService     : LAB9 Observability window=30s category=web.CarController.getCars count=1441 sumNanos=219896596034 avgNanos=152599997
zil-app                 | 2026-05-05T00:25:46.249Z  INFO 1 --- [   scheduling-1] r.observability.ObservabilityService     : LAB9 Observability window=30s category=db.car.findAll count=1441 sumNanos=219881564484 avgNanos=152589565
zil-app                 | 2026-05-05T00:25:46.250Z  INFO 1 --- [   scheduling-1] r.observability.ObservabilityService     : LAB9 Observability window=1m category=web.RentController.getRents count=2877 sumNanos=439037411513 avgNanos=152602506
zil-app                 | 2026-05-05T00:25:46.250Z  INFO 1 --- [   scheduling-1] r.observability.ObservabilityService     : LAB9 Observability window=1m category=db.rent.findAll count=2877 sumNanos=439025177351 avgNanos=152598254
zil-app                 | 2026-05-05T00:25:46.250Z  INFO 1 --- [   scheduling-1] r.observability.ObservabilityService     : LAB9 Observability window=1m category=web.CarController.getCars count=2875 sumNanos=439448513516 avgNanos=152851656
zil-app                 | 2026-05-05T00:25:46.250Z  INFO 1 --- [   scheduling-1] r.observability.ObservabilityService     : LAB9 Observability window=1m category=db.car.findAll count=2875 sumNanos=439429557717 avgNanos=152845063
zil-app                 | 2026-05-05T00:25:51.251Z  INFO 1 --- [   scheduling-1] r.observability.ObservabilityService     : LAB9 Observability window=10s category=web.RentController.getRents count=482 sumNanos=72937569169 avgNanos=151322757
zil-app                 | 2026-05-05T00:25:51.252Z  INFO 1 --- [   scheduling-1] r.observability.ObservabilityService     : LAB9 Observability window=10s category=db.rent.findAll count=482 sumNanos=72937128909 avgNanos=151321844
zil-app                 | 2026-05-05T00:25:51.252Z  INFO 1 --- [   scheduling-1] r.observability.ObservabilityService     : LAB9 Observability window=10s category=web.CarController.getCars count=481 sumNanos=74683383265 avgNanos=155266909
zil-app                 | 2026-05-05T00:25:51.254Z  INFO 1 --- [   scheduling-1] r.observability.ObservabilityService     : LAB9 Observability window=10s category=db.car.findAll count=481 sumNanos=74679376583 avgNanos=155258579
zil-app                 | 2026-05-05T00:25:51.256Z  INFO 1 --- [   scheduling-1] r.observability.ObservabilityService     : LAB9 Observability window=30s category=web.RentController.getRents count=1445 sumNanos=220702271097 avgNanos=152735135
zil-app                 | 2026-05-05T00:25:51.256Z  INFO 1 --- [   scheduling-1] r.observability.ObservabilityService     : LAB9 Observability window=30s category=db.rent.findAll count=1445 sumNanos=220699050457 avgNanos=152732906
zil-app                 | 2026-05-05T00:25:51.256Z  INFO 1 --- [   scheduling-1] r.observability.ObservabilityService     : LAB9 Observability window=30s category=web.CarController.getCars count=1446 sumNanos=220961942966 avgNanos=152809089
zil-app                 | 2026-05-05T00:25:51.256Z  INFO 1 --- [   scheduling-1] r.observability.ObservabilityService     : LAB9 Observability window=30s category=db.car.findAll count=1446 sumNanos=220947392253 avgNanos=152799026
zil-app                 | 2026-05-05T00:25:51.256Z  INFO 1 --- [   scheduling-1] r.observability.ObservabilityService     : LAB9 Observability window=1m category=web.RentController.getRents count=2879 sumNanos=437797320481 avgNanos=152065759
zil-app                 | 2026-05-05T00:25:51.256Z  INFO 1 --- [   scheduling-1] r.observability.ObservabilityService     : LAB9 Observability window=1m category=db.rent.findAll count=2879 sumNanos=437785947148 avgNanos=152061808
zil-app                 | 2026-05-05T00:25:51.256Z  INFO 1 --- [   scheduling-1] r.observability.ObservabilityService     : LAB9 Observability window=1m category=web.CarController.getCars count=2878 sumNanos=440765322764 avgNanos=153149868
zil-app                 | 2026-05-05T00:25:51.256Z  INFO 1 --- [   scheduling-1] r.observability.ObservabilityService     : LAB9 Observability window=1m category=db.car.findAll count=2878 sumNanos=440746972252 avgNanos=153143492
zil-app                 | 2026-05-05T00:25:56.257Z  INFO 1 --- [   scheduling-1] r.observability.ObservabilityService     : LAB9 Observability window=10s category=web.RentController.getRents count=482 sumNanos=72907277294 avgNanos=151259911
zil-app                 | 2026-05-05T00:25:56.257Z  INFO 1 --- [   scheduling-1] r.observability.ObservabilityService     : LAB9 Observability window=10s category=db.rent.findAll count=482 sumNanos=72906812943 avgNanos=151258948
zil-app                 | 2026-05-05T00:25:56.257Z  INFO 1 --- [   scheduling-1] r.observability.ObservabilityService     : LAB9 Observability window=10s category=web.CarController.getCars count=484 sumNanos=73135872736 avgNanos=151107175
zil-app                 | 2026-05-05T00:25:56.257Z  INFO 1 --- [   scheduling-1] r.observability.ObservabilityService     : LAB9 Observability window=10s category=db.car.findAll count=484 sumNanos=73135392936 avgNanos=151106183
zil-app                 | 2026-05-05T00:25:56.261Z  INFO 1 --- [   scheduling-1] r.observability.ObservabilityService     : LAB9 Observability window=30s category=web.RentController.getRents count=1438 sumNanos=221057191890 avgNanos=153725446
zil-app                 | 2026-05-05T00:25:56.263Z  INFO 1 --- [   scheduling-1] r.observability.ObservabilityService     : LAB9 Observability window=30s category=db.rent.findAll count=1438 sumNanos=221053955239 avgNanos=153723195
zil-app                 | 2026-05-05T00:25:56.263Z  INFO 1 --- [   scheduling-1] r.observability.ObservabilityService     : LAB9 Observability window=30s category=web.CarController.getCars count=1440 sumNanos=220783239721 avgNanos=153321694
zil-app                 | 2026-05-05T00:25:56.263Z  INFO 1 --- [   scheduling-1] r.observability.ObservabilityService     : LAB9 Observability window=30s category=db.car.findAll count=1440 sumNanos=220768889292 avgNanos=153311728
zil-app                 | 2026-05-05T00:25:56.265Z  INFO 1 --- [   scheduling-1] r.observability.ObservabilityService     : LAB9 Observability window=1m category=web.RentController.getRents count=2874 sumNanos=438741039032 avgNanos=152658677
zil-app                 | 2026-05-05T00:25:56.265Z  INFO 1 --- [   scheduling-1] r.observability.ObservabilityService     : LAB9 Observability window=1m category=db.rent.findAll count=2874 sumNanos=438730348749 avgNanos=152654957
zil-app                 | 2026-05-05T00:25:56.265Z  INFO 1 --- [   scheduling-1] r.observability.ObservabilityService     : LAB9 Observability window=1m category=web.CarController.getCars count=2877 sumNanos=441649957880 avgNanos=153510586
zil-app                 | 2026-05-05T00:25:56.265Z  INFO 1 --- [   scheduling-1] r.observability.ObservabilityService     : LAB9 Observability window=1m category=db.car.findAll count=2877 sumNanos=441631922221 avgNanos=153504317
zil-app                 | 2026-05-05T00:26:01.266Z  INFO 1 --- [   scheduling-1] r.observability.ObservabilityService     : LAB9 Observability window=10s category=web.RentController.getRents count=475 sumNanos=74463527030 avgNanos=156765320
zil-app                 | 2026-05-05T00:26:01.266Z  INFO 1 --- [   scheduling-1] r.observability.ObservabilityService     : LAB9 Observability window=10s category=db.rent.findAll count=475 sumNanos=74463045458 avgNanos=156764306
zil-app                 | 2026-05-05T00:26:01.266Z  INFO 1 --- [   scheduling-1] r.observability.ObservabilityService     : LAB9 Observability window=10s category=web.CarController.getCars count=477 sumNanos=72277576237 avgNanos=151525317
zil-app                 | 2026-05-05T00:26:01.266Z  INFO 1 --- [   scheduling-1] r.observability.ObservabilityService     : LAB9 Observability window=10s category=db.car.findAll count=477 sumNanos=72277163201 avgNanos=151524451
zil-app                 | 2026-05-05T00:26:01.267Z  INFO 1 --- [   scheduling-1] r.observability.ObservabilityService     : LAB9 Observability window=30s category=web.RentController.getRents count=1440 sumNanos=220070947953 avgNanos=152827047
zil-app                 | 2026-05-05T00:26:01.267Z  INFO 1 --- [   scheduling-1] r.observability.ObservabilityService     : LAB9 Observability window=30s category=db.rent.findAll count=1440 sumNanos=220067827806 avgNanos=152824880
zil-app                 | 2026-05-05T00:26:01.267Z  INFO 1 --- [   scheduling-1] r.observability.ObservabilityService     : LAB9 Observability window=30s category=web.CarController.getCars count=1442 sumNanos=220718340366 avgNanos=153064036
zil-app                 | 2026-05-05T00:26:01.267Z  INFO 1 --- [   scheduling-1] r.observability.ObservabilityService     : LAB9 Observability window=30s category=db.car.findAll count=1442 sumNanos=220704406288 avgNanos=153054373
zil-app                 | 2026-05-05T00:26:01.267Z  INFO 1 --- [   scheduling-1] r.observability.ObservabilityService     : LAB9 Observability window=1m category=web.RentController.getRents count=2878 sumNanos=441172059253 avgNanos=153291195
zil-app                 | 2026-05-05T00:26:01.267Z  INFO 1 --- [   scheduling-1] r.observability.ObservabilityService     : LAB9 Observability window=1m category=db.rent.findAll count=2878 sumNanos=441161738407 avgNanos=153287608
zil-app                 | 2026-05-05T00:26:01.267Z  INFO 1 --- [   scheduling-1] r.observability.ObservabilityService     : LAB9 Observability window=1m category=web.CarController.getCars count=2879 sumNanos=440974222622 avgNanos=153169233
zil-app                 | 2026-05-05T00:26:01.267Z  INFO 1 --- [   scheduling-1] r.observability.ObservabilityService     : LAB9 Observability window=1m category=db.car.findAll count=2879 sumNanos=440956518395 avgNanos=153163083
zil-app                 | 2026-05-05T00:26:06.268Z  INFO 1 --- [   scheduling-1] r.observability.ObservabilityService     : LAB9 Observability window=10s category=web.RentController.getRents count=480 sumNanos=74318350652 avgNanos=154829897
zil-app                 | 2026-05-05T00:26:06.269Z  INFO 1 --- [   scheduling-1] r.observability.ObservabilityService     : LAB9 Observability window=10s category=db.rent.findAll count=480 sumNanos=74317846231 avgNanos=154828846
zil-app                 | 2026-05-05T00:26:06.269Z  INFO 1 --- [   scheduling-1] r.observability.ObservabilityService     : LAB9 Observability window=10s category=web.CarController.getCars count=471 sumNanos=71374556711 avgNanos=151538336
zil-app                 | 2026-05-05T00:26:06.269Z  INFO 1 --- [   scheduling-1] r.observability.ObservabilityService     : LAB9 Observability window=10s category=db.car.findAll count=471 sumNanos=71373929263 avgNanos=151537004
zil-app                 | 2026-05-05T00:26:06.269Z  INFO 1 --- [   scheduling-1] r.observability.ObservabilityService     : LAB9 Observability window=30s category=web.RentController.getRents count=1443 sumNanos=221000314275 avgNanos=153153370
zil-app                 | 2026-05-05T00:26:06.269Z  INFO 1 --- [   scheduling-1] r.observability.ObservabilityService     : LAB9 Observability window=30s category=db.rent.findAll count=1443 sumNanos=220998298577 avgNanos=153151974
zil-app                 | 2026-05-05T00:26:06.269Z  INFO 1 --- [   scheduling-1] r.observability.ObservabilityService     : LAB9 Observability window=30s category=web.CarController.getCars count=1434 sumNanos=218426376892 avgNanos=152319649
zil-app                 | 2026-05-05T00:26:06.269Z  INFO 1 --- [   scheduling-1] r.observability.ObservabilityService     : LAB9 Observability window=30s category=db.car.findAll count=1434 sumNanos=218420827263 avgNanos=152315779
zil-app                 | 2026-05-05T00:26:06.269Z  INFO 1 --- [   scheduling-1] r.observability.ObservabilityService     : LAB9 Observability window=1m category=web.RentController.getRents count=2880 sumNanos=441052267558 avgNanos=153143148
zil-app                 | 2026-05-05T00:26:06.269Z  INFO 1 --- [   scheduling-1] r.observability.ObservabilityService     : LAB9 Observability window=1m category=db.rent.findAll count=2880 sumNanos=441042083579 avgNanos=153139612
zil-app                 | 2026-05-05T00:26:06.270Z  INFO 1 --- [   scheduling-1] r.observability.ObservabilityService     : LAB9 Observability window=1m category=web.CarController.getCars count=2874 sumNanos=439875995309 avgNanos=153053582
zil-app                 | 2026-05-05T00:26:06.270Z  INFO 1 --- [   scheduling-1] r.observability.ObservabilityService     : LAB9 Observability window=1m category=db.car.findAll count=2874 sumNanos=439858256074 avgNanos=153047409
zil-app                 | 2026-05-05T00:26:11.270Z  INFO 1 --- [   scheduling-1] r.observability.ObservabilityService     : LAB9 Observability window=10s category=web.RentController.getRents count=244 sumNanos=37198127014 avgNanos=152451340
zil-app                 | 2026-05-05T00:26:11.270Z  INFO 1 --- [   scheduling-1] r.observability.ObservabilityService     : LAB9 Observability window=10s category=db.rent.findAll count=244 sumNanos=37197867868 avgNanos=152450278
zil-app                 | 2026-05-05T00:26:11.270Z  INFO 1 --- [   scheduling-1] r.observability.ObservabilityService     : LAB9 Observability window=10s category=web.CarController.getCars count=235 sumNanos=35104377818 avgNanos=149380331
zil-app                 | 2026-05-05T00:26:11.270Z  INFO 1 --- [   scheduling-1] r.observability.ObservabilityService     : LAB9 Observability window=10s category=db.car.findAll count=235 sumNanos=35103941032 avgNanos=149378472
zil-app                 | 2026-05-05T00:26:11.271Z  INFO 1 --- [   scheduling-1] r.observability.ObservabilityService     : LAB9 Observability window=30s category=web.RentController.getRents count=1200 sumNanos=184397456886 avgNanos=153664547
zil-app                 | 2026-05-05T00:26:11.271Z  INFO 1 --- [   scheduling-1] r.observability.ObservabilityService     : LAB9 Observability window=30s category=db.rent.findAll count=1200 sumNanos=184396276688 avgNanos=153663563
zil-app                 | 2026-05-05T00:26:11.271Z  INFO 1 --- [   scheduling-1] r.observability.ObservabilityService     : LAB9 Observability window=30s category=web.CarController.getCars count=1191 sumNanos=181770792329 avgNanos=152620312
zil-app                 | 2026-05-05T00:26:11.271Z  INFO 1 --- [   scheduling-1] r.observability.ObservabilityService     : LAB9 Observability window=30s category=db.car.findAll count=1191 sumNanos=181765939848 avgNanos=152616238
zil-app                 | 2026-05-05T00:26:11.271Z  INFO 1 --- [   scheduling-1] r.observability.ObservabilityService     : LAB9 Observability window=1m category=web.RentController.getRents count=2638 sumNanos=405766423907 avgNanos=153815930
zil-app                 | 2026-05-05T00:26:11.271Z  INFO 1 --- [   scheduling-1] r.observability.ObservabilityService     : LAB9 Observability window=1m category=db.rent.findAll count=2638 sumNanos=405761844495 avgNanos=153814194
zil-app                 | 2026-05-05T00:26:11.271Z  INFO 1 --- [   scheduling-1] r.observability.ObservabilityService     : LAB9 Observability window=1m category=web.CarController.getCars count=2632 sumNanos=402394597252 avgNanos=152885485
zil-app                 | 2026-05-05T00:26:11.271Z  INFO 1 --- [   scheduling-1] r.observability.ObservabilityService     : LAB9 Observability window=1m category=db.car.findAll count=2632 sumNanos=402377999594 avgNanos=152879179
zil-additional-service  | 2026-05-05T00:24:34.326Z  INFO 1 --- [zil-additional-service] [   scheduling-1] r.a.observability.ObservabilityService   : LAB9 Observability window=10s category=additional.statsComputation.availability.allCitiesAllDates count=448 sumNanos=154511065 avgNanos=344890
zil-additional-service  | 2026-05-05T00:24:34.326Z  INFO 1 --- [zil-additional-service] [   scheduling-1] r.a.observability.ObservabilityService   : LAB9 Observability window=30s category=additional.statsComputation.stats count=73 sumNanos=2526287 avgNanos=34606
zil-additional-service  | 2026-05-05T00:24:34.326Z  INFO 1 --- [zil-additional-service] [   scheduling-1] r.a.observability.ObservabilityService   : LAB9 Observability window=30s category=web.additional.stats count=73 sumNanos=23489580177 avgNanos=321775070
zil-additional-service  | 2026-05-05T00:24:34.327Z  INFO 1 --- [zil-additional-service] [   scheduling-1] r.a.observability.ObservabilityService   : LAB9 Observability window=30s category=http.main.rents count=1427 sumNanos=236596878153 avgNanos=165800194
zil-additional-service  | 2026-05-05T00:24:34.328Z  INFO 1 --- [zil-additional-service] [   scheduling-1] r.a.observability.ObservabilityService   : LAB9 Observability window=30s category=http.main.cars count=1424 sumNanos=229651535145 avgNanos=161272145
zil-additional-service  | 2026-05-05T00:24:34.328Z  INFO 1 --- [zil-additional-service] [   scheduling-1] r.a.observability.ObservabilityService   : LAB9 Observability window=30s category=web.additional.availability_new count=1354 sumNanos=444644348223 avgNanos=328393167
zil-additional-service  | 2026-05-05T00:24:34.328Z  INFO 1 --- [zil-additional-service] [   scheduling-1] r.a.observability.ObservabilityService   : LAB9 Observability window=30s category=additional.statsComputation.availability.allCitiesAllDates count=1354 sumNanos=482150721 avgNanos=356093
zil-additional-service  | 2026-05-05T00:24:34.328Z  INFO 1 --- [zil-additional-service] [   scheduling-1] r.a.observability.ObservabilityService   : LAB9 Observability window=1m category=additional.statsComputation.stats count=142 sumNanos=2757875 avgNanos=19421
zil-additional-service  | 2026-05-05T00:24:34.329Z  INFO 1 --- [zil-additional-service] [   scheduling-1] r.a.observability.ObservabilityService   : LAB9 Observability window=1m category=web.additional.stats count=142 sumNanos=45288218323 avgNanos=318931114
zil-additional-service  | 2026-05-05T00:24:34.329Z  INFO 1 --- [zil-additional-service] [   scheduling-1] r.a.observability.ObservabilityService   : LAB9 Observability window=1m category=http.main.rents count=2864 sumNanos=471571127661 avgNanos=164654723
zil-additional-service  | 2026-05-05T00:24:34.329Z  INFO 1 --- [zil-additional-service] [   scheduling-1] r.a.observability.ObservabilityService   : LAB9 Observability window=1m category=http.main.cars count=2864 sumNanos=458792253177 avgNanos=160192825
zil-additional-service  | 2026-05-05T00:24:34.329Z  INFO 1 --- [zil-additional-service] [   scheduling-1] r.a.observability.ObservabilityService   : LAB9 Observability window=1m category=web.additional.availability_new count=2722 sumNanos=887710385178 avgNanos=326124314
zil-additional-service  | 2026-05-05T00:24:34.329Z  INFO 1 --- [zil-additional-service] [   scheduling-1] r.a.observability.ObservabilityService   : LAB9 Observability window=1m category=additional.statsComputation.availability.allCitiesAllDates count=2722 sumNanos=990375069 avgNanos=363840
zil-additional-service  | 2026-05-05T00:24:38.862Z  INFO 1 --- [zil-additional-service] [   scheduling-1] r.additional.service.ClientCacheService  : [client-cache-statistics] Client cache size=1000
zil-additional-service  | 2026-05-05T00:24:39.332Z  INFO 1 --- [zil-additional-service] [   scheduling-1] r.a.observability.ObservabilityService   : LAB9 Observability window=10s category=additional.statsComputation.stats count=19 sumNanos=52922 avgNanos=2785
zil-additional-service  | 2026-05-05T00:24:39.332Z  INFO 1 --- [zil-additional-service] [   scheduling-1] r.a.observability.ObservabilityService   : LAB9 Observability window=10s category=web.additional.stats count=19 sumNanos=6095019208 avgNanos=320790484
zil-additional-service  | 2026-05-05T00:24:39.333Z  INFO 1 --- [zil-additional-service] [   scheduling-1] r.a.observability.ObservabilityService   : LAB9 Observability window=10s category=http.main.rents count=475 sumNanos=77238220357 avgNanos=162606779
zil-additional-service  | 2026-05-05T00:24:39.333Z  INFO 1 --- [zil-additional-service] [   scheduling-1] r.a.observability.ObservabilityService   : LAB9 Observability window=10s category=http.main.cars count=479 sumNanos=78662265468 avgNanos=164221848
zil-additional-service  | 2026-05-05T00:24:39.333Z  INFO 1 --- [zil-additional-service] [   scheduling-1] r.a.observability.ObservabilityService   : LAB9 Observability window=10s category=web.additional.availability_new count=456 sumNanos=149752756056 avgNanos=328405166
zil-additional-service  | 2026-05-05T00:24:39.333Z  INFO 1 --- [zil-additional-service] [   scheduling-1] r.a.observability.ObservabilityService   : LAB9 Observability window=10s category=additional.statsComputation.availability.allCitiesAllDates count=456 sumNanos=148839303 avgNanos=326401
zil-additional-service  | 2026-05-05T00:24:39.336Z  INFO 1 --- [zil-additional-service] [   scheduling-1] r.a.observability.ObservabilityService   : LAB9 Observability window=30s category=additional.statsComputation.stats count=68 sumNanos=2508922 avgNanos=36895
zil-additional-service  | 2026-05-05T00:24:39.337Z  INFO 1 --- [zil-additional-service] [   scheduling-1] r.a.observability.ObservabilityService   : LAB9 Observability window=30s category=web.additional.stats count=68 sumNanos=21640992899 avgNanos=318249895
zil-additional-service  | 2026-05-05T00:24:39.338Z  INFO 1 --- [zil-additional-service] [   scheduling-1] r.a.observability.ObservabilityService   : LAB9 Observability window=30s category=http.main.rents count=1426 sumNanos=234404077641 avgNanos=164378736
zil-additional-service  | 2026-05-05T00:24:39.344Z  INFO 1 --- [zil-additional-service] [   scheduling-1] r.a.observability.ObservabilityService   : LAB9 Observability window=30s category=http.main.cars count=1428 sumNanos=231949565785 avgNanos=162429667
zil-additional-service  | 2026-05-05T00:24:39.345Z  INFO 1 --- [zil-additional-service] [   scheduling-1] r.a.observability.ObservabilityService   : LAB9 Observability window=30s category=web.additional.availability_new count=1358 sumNanos=445556633950 avgNanos=328097668
zil-additional-service  | 2026-05-05T00:24:39.346Z  INFO 1 --- [zil-additional-service] [   scheduling-1] r.a.observability.ObservabilityService   : LAB9 Observability window=30s category=additional.statsComputation.availability.allCitiesAllDates count=1358 sumNanos=439370012 avgNanos=323541
zil-additional-service  | 2026-05-05T00:24:39.346Z  INFO 1 --- [zil-additional-service] [   scheduling-1] r.a.observability.ObservabilityService   : LAB9 Observability window=1m category=additional.statsComputation.stats count=137 sumNanos=2743505 avgNanos=20025
zil-additional-service  | 2026-05-05T00:24:39.346Z  INFO 1 --- [zil-additional-service] [   scheduling-1] r.a.observability.ObservabilityService   : LAB9 Observability window=1m category=web.additional.stats count=137 sumNanos=43412349318 avgNanos=316878462
zil-additional-service  | 2026-05-05T00:24:39.346Z  INFO 1 --- [zil-additional-service] [   scheduling-1] r.a.observability.ObservabilityService   : LAB9 Observability window=1m category=http.main.rents count=2858 sumNanos=469470121881 avgNanos=164265263
zil-additional-service  | 2026-05-05T00:24:39.346Z  INFO 1 --- [zil-additional-service] [   scheduling-1] r.a.observability.ObservabilityService   : LAB9 Observability window=1m category=http.main.cars count=2860 sumNanos=461620958952 avgNanos=161405929
zil-additional-service  | 2026-05-05T00:24:39.346Z  INFO 1 --- [zil-additional-service] [   scheduling-1] r.a.observability.ObservabilityService   : LAB9 Observability window=1m category=web.additional.availability_new count=2721 sumNanos=889532203441 avgNanos=326913709
zil-additional-service  | 2026-05-05T00:24:39.347Z  INFO 1 --- [zil-additional-service] [   scheduling-1] r.a.observability.ObservabilityService   : LAB9 Observability window=1m category=additional.statsComputation.availability.allCitiesAllDates count=2721 sumNanos=949809131 avgNanos=349066
zil-additional-service  | 2026-05-05T00:24:44.348Z  INFO 1 --- [zil-additional-service] [   scheduling-1] r.a.observability.ObservabilityService   : LAB9 Observability window=10s category=additional.statsComputation.stats count=27 sumNanos=88878 avgNanos=3291
zil-additional-service  | 2026-05-05T00:24:44.349Z  INFO 1 --- [zil-additional-service] [   scheduling-1] r.a.observability.ObservabilityService   : LAB9 Observability window=10s category=web.additional.stats count=27 sumNanos=8353658276 avgNanos=309394750
zil-additional-service  | 2026-05-05T00:24:44.351Z  INFO 1 --- [zil-additional-service] [   scheduling-1] r.a.observability.ObservabilityService   : LAB9 Observability window=10s category=http.main.rents count=480 sumNanos=76533032525 avgNanos=159443817
zil-additional-service  | 2026-05-05T00:24:44.352Z  INFO 1 --- [zil-additional-service] [   scheduling-1] r.a.observability.ObservabilityService   : LAB9 Observability window=10s category=http.main.cars count=479 sumNanos=79311673603 avgNanos=165577606
zil-additional-service  | 2026-05-05T00:24:44.352Z  INFO 1 --- [zil-additional-service] [   scheduling-1] r.a.observability.ObservabilityService   : LAB9 Observability window=10s category=web.additional.availability_new count=453 sumNanos=147565234593 avgNanos=325751069
zil-additional-service  | 2026-05-05T00:24:44.352Z  INFO 1 --- [zil-additional-service] [   scheduling-1] r.a.observability.ObservabilityService   : LAB9 Observability window=10s category=additional.statsComputation.availability.allCitiesAllDates count=453 sumNanos=109986988 avgNanos=242796
zil-additional-service  | 2026-05-05T00:24:44.353Z  INFO 1 --- [zil-additional-service] [   scheduling-1] r.a.observability.ObservabilityService   : LAB9 Observability window=30s category=additional.statsComputation.stats count=75 sumNanos=2474209 avgNanos=32989
zil-additional-service  | 2026-05-05T00:24:44.353Z  INFO 1 --- [zil-additional-service] [   scheduling-1] r.a.observability.ObservabilityService   : LAB9 Observability window=30s category=web.additional.stats count=75 sumNanos=23829571128 avgNanos=317727615
zil-additional-service  | 2026-05-05T00:24:44.354Z  INFO 1 --- [zil-additional-service] [   scheduling-1] r.a.observability.ObservabilityService   : LAB9 Observability window=30s category=http.main.rents count=1429 sumNanos=234625805320 avgNanos=164188807
zil-additional-service  | 2026-05-05T00:24:44.354Z  INFO 1 --- [zil-additional-service] [   scheduling-1] r.a.observability.ObservabilityService   : LAB9 Observability window=30s category=http.main.cars count=1428 sumNanos=232220166089 avgNanos=162619163
zil-additional-service  | 2026-05-05T00:24:44.354Z  INFO 1 --- [zil-additional-service] [   scheduling-1] r.a.observability.ObservabilityService   : LAB9 Observability window=30s category=web.additional.availability_new count=1354 sumNanos=444044871612 avgNanos=327950422
zil-additional-service  | 2026-05-05T00:24:44.355Z  INFO 1 --- [zil-additional-service] [   scheduling-1] r.a.observability.ObservabilityService   : LAB9 Observability window=30s category=additional.statsComputation.availability.allCitiesAllDates count=1354 sumNanos=387611052 avgNanos=286271
zil-additional-service  | 2026-05-05T00:24:44.357Z  INFO 1 --- [zil-additional-service] [   scheduling-1] r.a.observability.ObservabilityService   : LAB9 Observability window=1m category=additional.statsComputation.stats count=145 sumNanos=2780448 avgNanos=19175
zil-additional-service  | 2026-05-05T00:24:44.357Z  INFO 1 --- [zil-additional-service] [   scheduling-1] r.a.observability.ObservabilityService   : LAB9 Observability window=1m category=web.additional.stats count=145 sumNanos=46124239659 avgNanos=318098204
zil-additional-service  | 2026-05-05T00:24:44.357Z  INFO 1 --- [zil-additional-service] [   scheduling-1] r.a.observability.ObservabilityService   : LAB9 Observability window=1m category=http.main.rents count=2866 sumNanos=469683964586 avgNanos=163881355
zil-additional-service  | 2026-05-05T00:24:44.357Z  INFO 1 --- [zil-additional-service] [   scheduling-1] r.a.observability.ObservabilityService   : LAB9 Observability window=1m category=http.main.cars count=2863 sumNanos=463243258814 avgNanos=161803443
zil-additional-service  | 2026-05-05T00:24:44.358Z  INFO 1 --- [zil-additional-service] [   scheduling-1] r.a.observability.ObservabilityService   : LAB9 Observability window=1m category=web.additional.availability_new count=2721 sumNanos=889644975706 avgNanos=326955154
zil-additional-service  | 2026-05-05T00:24:44.358Z  INFO 1 --- [zil-additional-service] [   scheduling-1] r.a.observability.ObservabilityService   : LAB9 Observability window=1m category=additional.statsComputation.availability.allCitiesAllDates count=2721 sumNanos=923978021 avgNanos=339572
zil-additional-service  | 2026-05-05T00:24:48.863Z  INFO 1 --- [zil-additional-service] [   scheduling-1] r.additional.service.ClientCacheService  : [client-cache-statistics] Client cache size=1000
zil-additional-service  | 2026-05-05T00:24:49.359Z  INFO 1 --- [zil-additional-service] [   scheduling-1] r.a.observability.ObservabilityService   : LAB9 Observability window=10s category=additional.statsComputation.stats count=30 sumNanos=100882 avgNanos=3362
zil-additional-service  | 2026-05-05T00:24:49.360Z  INFO 1 --- [zil-additional-service] [   scheduling-1] r.a.observability.ObservabilityService   : LAB9 Observability window=10s category=web.additional.stats count=30 sumNanos=9352335426 avgNanos=311744514
zil-additional-service  | 2026-05-05T00:24:49.360Z  INFO 1 --- [zil-additional-service] [   scheduling-1] r.a.observability.ObservabilityService   : LAB9 Observability window=10s category=http.main.rents count=479 sumNanos=77930083092 avgNanos=162693284
zil-additional-service  | 2026-05-05T00:24:49.361Z  INFO 1 --- [zil-additional-service] [   scheduling-1] r.a.observability.ObservabilityService   : LAB9 Observability window=10s category=http.main.cars count=478 sumNanos=78365041564 avgNanos=163943601
zil-additional-service  | 2026-05-05T00:24:49.361Z  INFO 1 --- [zil-additional-service] [   scheduling-1] r.a.observability.ObservabilityService   : LAB9 Observability window=10s category=web.additional.availability_new count=449 sumNanos=147633948042 avgNanos=328806120
zil-additional-service  | 2026-05-05T00:24:49.361Z  INFO 1 --- [zil-additional-service] [   scheduling-1] r.a.observability.ObservabilityService   : LAB9 Observability window=10s category=additional.statsComputation.availability.allCitiesAllDates count=449 sumNanos=110609200 avgNanos=246345
zil-additional-service  | 2026-05-05T00:24:49.362Z  INFO 1 --- [zil-additional-service] [   scheduling-1] r.a.observability.ObservabilityService   : LAB9 Observability window=30s category=additional.statsComputation.stats count=79 sumNanos=2481680 avgNanos=31413
zil-additional-service  | 2026-05-05T00:24:49.362Z  INFO 1 --- [zil-additional-service] [   scheduling-1] r.a.observability.ObservabilityService   : LAB9 Observability window=30s category=web.additional.stats count=79 sumNanos=24919117300 avgNanos=315431864
zil-additional-service  | 2026-05-05T00:24:49.362Z  INFO 1 --- [zil-additional-service] [   scheduling-1] r.a.observability.ObservabilityService   : LAB9 Observability window=30s category=http.main.rents count=1430 sumNanos=234379515186 avgNanos=163901758
zil-additional-service  | 2026-05-05T00:24:49.362Z  INFO 1 --- [zil-additional-service] [   scheduling-1] r.a.observability.ObservabilityService   : LAB9 Observability window=30s category=http.main.cars count=1426 sumNanos=232689211143 avgNanos=163176164
zil-additional-service  | 2026-05-05T00:24:49.362Z  INFO 1 --- [zil-additional-service] [   scheduling-1] r.a.observability.ObservabilityService   : LAB9 Observability window=30s category=web.additional.availability_new count=1351 sumNanos=443874635575 avgNanos=328552654
zil-additional-service  | 2026-05-05T00:24:49.362Z  INFO 1 --- [zil-additional-service] [   scheduling-1] r.a.observability.ObservabilityService   : LAB9 Observability window=30s category=additional.statsComputation.availability.allCitiesAllDates count=1351 sumNanos=357256533 avgNanos=264438
zil-additional-service  | 2026-05-05T00:24:49.362Z  INFO 1 --- [zil-additional-service] [   scheduling-1] r.a.observability.ObservabilityService   : LAB9 Observability window=1m category=additional.statsComputation.stats count=148 sumNanos=2780646 avgNanos=18788
zil-additional-service  | 2026-05-05T00:24:49.362Z  INFO 1 --- [zil-additional-service] [   scheduling-1] r.a.observability.ObservabilityService   : LAB9 Observability window=1m category=web.additional.stats count=148 sumNanos=46982935586 avgNanos=317452267
zil-additional-service  | 2026-05-05T00:24:49.362Z  INFO 1 --- [zil-additional-service] [   scheduling-1] r.a.observability.ObservabilityService   : LAB9 Observability window=1m category=http.main.rents count=2864 sumNanos=469037879402 avgNanos=163770209
zil-additional-service  | 2026-05-05T00:24:49.362Z  INFO 1 --- [zil-additional-service] [   scheduling-1] r.a.observability.ObservabilityService   : LAB9 Observability window=1m category=http.main.cars count=2860 sumNanos=463334537462 avgNanos=162005083
zil-additional-service  | 2026-05-05T00:24:49.362Z  INFO 1 --- [zil-additional-service] [   scheduling-1] r.a.observability.ObservabilityService   : LAB9 Observability window=1m category=web.additional.availability_new count=2716 sumNanos=888078143285 avgNanos=326980170
zil-additional-service  | 2026-05-05T00:24:49.362Z  INFO 1 --- [zil-additional-service] [   scheduling-1] r.a.observability.ObservabilityService   : LAB9 Observability window=1m category=additional.statsComputation.availability.allCitiesAllDates count=2716 sumNanos=929189540 avgNanos=342116
zil-additional-service  | 2026-05-05T00:24:54.369Z  INFO 1 --- [zil-additional-service] [   scheduling-1] r.a.observability.ObservabilityService   : LAB9 Observability window=10s category=additional.statsComputation.stats count=24 sumNanos=71955 avgNanos=2998
zil-additional-service  | 2026-05-05T00:24:54.373Z  INFO 1 --- [zil-additional-service] [   scheduling-1] r.a.observability.ObservabilityService   : LAB9 Observability window=10s category=web.additional.stats count=24 sumNanos=7313841638 avgNanos=304743401
zil-additional-service  | 2026-05-05T00:24:54.373Z  INFO 1 --- [zil-additional-service] [   scheduling-1] r.a.observability.ObservabilityService   : LAB9 Observability window=10s category=http.main.rents count=478 sumNanos=78501655782 avgNanos=164229405
zil-additional-service  | 2026-05-05T00:24:54.373Z  INFO 1 --- [zil-additional-service] [   scheduling-1] r.a.observability.ObservabilityService   : LAB9 Observability window=10s category=http.main.cars count=480 sumNanos=76386790062 avgNanos=159139145
zil-additional-service  | 2026-05-05T00:24:54.374Z  INFO 1 --- [zil-additional-service] [   scheduling-1] r.a.observability.ObservabilityService   : LAB9 Observability window=10s category=web.additional.availability_new count=454 sumNanos=147903864728 avgNanos=325779437
zil-additional-service  | 2026-05-05T00:24:54.375Z  INFO 1 --- [zil-additional-service] [   scheduling-1] r.a.observability.ObservabilityService   : LAB9 Observability window=10s category=additional.statsComputation.availability.allCitiesAllDates count=454 sumNanos=134452464 avgNanos=296150
zil-additional-service  | 2026-05-05T00:24:54.381Z  INFO 1 --- [zil-additional-service] [   scheduling-1] r.a.observability.ObservabilityService   : LAB9 Observability window=30s category=additional.statsComputation.stats count=75 sumNanos=230871 avgNanos=3078
zil-additional-service  | 2026-05-05T00:24:54.382Z  INFO 1 --- [zil-additional-service] [   scheduling-1] r.a.observability.ObservabilityService   : LAB9 Observability window=30s category=web.additional.stats count=75 sumNanos=23444478427 avgNanos=312593045
zil-additional-service  | 2026-05-05T00:24:54.384Z  INFO 1 --- [zil-additional-service] [   scheduling-1] r.a.observability.ObservabilityService   : LAB9 Observability window=30s category=http.main.rents count=1432 sumNanos=234359461559 avgNanos=163658841
zil-additional-service  | 2026-05-05T00:24:54.384Z  INFO 1 --- [zil-additional-service] [   scheduling-1] r.a.observability.ObservabilityService   : LAB9 Observability window=30s category=http.main.cars count=1433 sumNanos=232871699291 avgNanos=162506419
zil-additional-service  | 2026-05-05T00:24:54.384Z  INFO 1 --- [zil-additional-service] [   scheduling-1] r.a.observability.ObservabilityService   : LAB9 Observability window=30s category=web.additional.availability_new count=1357 sumNanos=444444166508 avgNanos=327519651
zil-additional-service  | 2026-05-05T00:24:54.384Z  INFO 1 --- [zil-additional-service] [   scheduling-1] r.a.observability.ObservabilityService   : LAB9 Observability window=30s category=additional.statsComputation.availability.allCitiesAllDates count=1357 sumNanos=399159916 avgNanos=294148
zil-additional-service  | 2026-05-05T00:24:54.385Z  INFO 1 --- [zil-additional-service] [   scheduling-1] r.a.observability.ObservabilityService   : LAB9 Observability window=1m category=additional.statsComputation.stats count=147 sumNanos=2764898 avgNanos=18808
zil-additional-service  | 2026-05-05T00:24:54.386Z  INFO 1 --- [zil-additional-service] [   scheduling-1] r.a.observability.ObservabilityService   : LAB9 Observability window=1m category=web.additional.stats count=147 sumNanos=46575112410 avgNanos=316837499
zil-additional-service  | 2026-05-05T00:24:54.386Z  INFO 1 --- [zil-additional-service] [   scheduling-1] r.a.observability.ObservabilityService   : LAB9 Observability window=1m category=http.main.rents count=2861 sumNanos=469733033166 avgNanos=164184911
zil-additional-service  | 2026-05-05T00:24:54.387Z  INFO 1 --- [zil-additional-service] [   scheduling-1] r.a.observability.ObservabilityService   : LAB9 Observability window=1m category=http.main.cars count=2862 sumNanos=463477177997 avgNanos=161941711
zil-additional-service  | 2026-05-05T00:24:54.388Z  INFO 1 --- [zil-additional-service] [   scheduling-1] r.a.observability.ObservabilityService   : LAB9 Observability window=1m category=web.additional.availability_new count=2714 sumNanos=888577450512 avgNanos=327405103
zil-additional-service  | 2026-05-05T00:24:54.388Z  INFO 1 --- [zil-additional-service] [   scheduling-1] r.a.observability.ObservabilityService   : LAB9 Observability window=1m category=additional.statsComputation.availability.allCitiesAllDates count=2714 sumNanos=935683188 avgNanos=344761
zil-additional-service  | 2026-05-05T00:24:58.862Z  INFO 1 --- [zil-additional-service] [   scheduling-1] r.additional.service.ClientCacheService  : [client-cache-statistics] Client cache size=1000
zil-additional-service  | 2026-05-05T00:24:59.409Z  INFO 1 --- [zil-additional-service] [   scheduling-1] r.a.observability.ObservabilityService   : LAB9 Observability window=10s category=additional.statsComputation.stats count=24 sumNanos=74547 avgNanos=3106
zil-additional-service  | 2026-05-05T00:24:59.410Z  INFO 1 --- [zil-additional-service] [   scheduling-1] r.a.observability.ObservabilityService   : LAB9 Observability window=10s category=web.additional.stats count=24 sumNanos=7661295525 avgNanos=319220646
zil-additional-service  | 2026-05-05T00:24:59.410Z  INFO 1 --- [zil-additional-service] [   scheduling-1] r.a.observability.ObservabilityService   : LAB9 Observability window=10s category=http.main.rents count=481 sumNanos=78472909069 avgNanos=163145341
zil-additional-service  | 2026-05-05T00:24:59.410Z  INFO 1 --- [zil-additional-service] [   scheduling-1] r.a.observability.ObservabilityService   : LAB9 Observability window=10s category=http.main.cars count=480 sumNanos=76319780067 avgNanos=158999541
zil-additional-service  | 2026-05-05T00:24:59.410Z  INFO 1 --- [zil-additional-service] [   scheduling-1] r.a.observability.ObservabilityService   : LAB9 Observability window=10s category=web.additional.availability_new count=457 sumNanos=147290656463 avgNanos=322299029
zil-additional-service  | 2026-05-05T00:24:59.410Z  INFO 1 --- [zil-additional-service] [   scheduling-1] r.a.observability.ObservabilityService   : LAB9 Observability window=10s category=additional.statsComputation.availability.allCitiesAllDates count=457 sumNanos=133239724 avgNanos=291553
zil-additional-service  | 2026-05-05T00:24:59.410Z  INFO 1 --- [zil-additional-service] [   scheduling-1] r.a.observability.ObservabilityService   : LAB9 Observability window=30s category=additional.statsComputation.stats count=73 sumNanos=228351 avgNanos=3128
zil-additional-service  | 2026-05-05T00:24:59.410Z  INFO 1 --- [zil-additional-service] [   scheduling-1] r.a.observability.ObservabilityService   : LAB9 Observability window=30s category=web.additional.stats count=73 sumNanos=23108650159 avgNanos=316556851
zil-additional-service  | 2026-05-05T00:24:59.410Z  INFO 1 --- [zil-additional-service] [   scheduling-1] r.a.observability.ObservabilityService   : LAB9 Observability window=30s category=http.main.rents count=1435 sumNanos=233562491098 avgNanos=162761317
zil-additional-service  | 2026-05-05T00:24:59.415Z  INFO 1 --- [zil-additional-service] [   scheduling-1] r.a.observability.ObservabilityService   : LAB9 Observability window=30s category=http.main.cars count=1435 sumNanos=232818762283 avgNanos=162243039
zil-additional-service  | 2026-05-05T00:24:59.415Z  INFO 1 --- [zil-additional-service] [   scheduling-1] r.a.observability.ObservabilityService   : LAB9 Observability window=30s category=web.additional.availability_new count=1363 sumNanos=444858278849 avgNanos=326381715
zil-additional-service  | 2026-05-05T00:24:59.415Z  INFO 1 --- [zil-additional-service] [   scheduling-1] r.a.observability.ObservabilityService   : LAB9 Observability window=30s category=additional.statsComputation.availability.allCitiesAllDates count=1363 sumNanos=392741310 avgNanos=288144
zil-additional-service  | 2026-05-05T00:24:59.416Z  INFO 1 --- [zil-additional-service] [   scheduling-1] r.a.observability.ObservabilityService   : LAB9 Observability window=1m category=additional.statsComputation.stats count=144 sumNanos=2748237 avgNanos=19084
zil-additional-service  | 2026-05-05T00:24:59.418Z  INFO 1 --- [zil-additional-service] [   scheduling-1] r.a.observability.ObservabilityService   : LAB9 Observability window=1m category=web.additional.stats count=144 sumNanos=45839242950 avgNanos=318328076
zil-additional-service  | 2026-05-05T00:24:59.418Z  INFO 1 --- [zil-additional-service] [   scheduling-1] r.a.observability.ObservabilityService   : LAB9 Observability window=1m category=http.main.rents count=2862 sumNanos=469497932963 avgNanos=164045399
zil-additional-service  | 2026-05-05T00:24:59.418Z  INFO 1 --- [zil-additional-service] [   scheduling-1] r.a.observability.ObservabilityService   : LAB9 Observability window=1m category=http.main.cars count=2859 sumNanos=463508092461 avgNanos=162122452
zil-additional-service  | 2026-05-05T00:24:59.418Z  INFO 1 --- [zil-additional-service] [   scheduling-1] r.a.observability.ObservabilityService   : LAB9 Observability window=1m category=web.additional.availability_new count=2718 sumNanos=889627066801 avgNanos=327309443
zil-additional-service  | 2026-05-05T00:24:59.418Z  INFO 1 --- [zil-additional-service] [   scheduling-1] r.a.observability.ObservabilityService   : LAB9 Observability window=1m category=additional.statsComputation.availability.allCitiesAllDates count=2718 sumNanos=900008746 avgNanos=331129
zil-additional-service  | 2026-05-05T00:25:04.419Z  INFO 1 --- [zil-additional-service] [   scheduling-1] r.a.observability.ObservabilityService   : LAB9 Observability window=10s category=additional.statsComputation.stats count=25 sumNanos=150233 avgNanos=6009
zil-additional-service  | 2026-05-05T00:25:04.420Z  INFO 1 --- [zil-additional-service] [   scheduling-1] r.a.observability.ObservabilityService   : LAB9 Observability window=10s category=web.additional.stats count=25 sumNanos=8511894905 avgNanos=340475796
zil-additional-service  | 2026-05-05T00:25:04.420Z  INFO 1 --- [zil-additional-service] [   scheduling-1] r.a.observability.ObservabilityService   : LAB9 Observability window=10s category=http.main.rents count=479 sumNanos=78346396634 avgNanos=163562414
zil-additional-service  | 2026-05-05T00:25:04.420Z  INFO 1 --- [zil-additional-service] [   scheduling-1] r.a.observability.ObservabilityService   : LAB9 Observability window=10s category=http.main.cars count=474 sumNanos=77675596964 avgNanos=163872567
zil-additional-service  | 2026-05-05T00:25:04.420Z  INFO 1 --- [zil-additional-service] [   scheduling-1] r.a.observability.ObservabilityService   : LAB9 Observability window=10s category=web.additional.availability_new count=454 sumNanos=148681626800 avgNanos=327492570
zil-additional-service  | 2026-05-05T00:25:04.420Z  INFO 1 --- [zil-additional-service] [   scheduling-1] r.a.observability.ObservabilityService   : LAB9 Observability window=10s category=additional.statsComputation.availability.allCitiesAllDates count=454 sumNanos=111624813 avgNanos=245869
zil-additional-service  | 2026-05-05T00:25:04.420Z  INFO 1 --- [zil-additional-service] [   scheduling-1] r.a.observability.ObservabilityService   : LAB9 Observability window=30s category=additional.statsComputation.stats count=75 sumNanos=308595 avgNanos=4114
zil-additional-service  | 2026-05-05T00:25:04.420Z  INFO 1 --- [zil-additional-service] [   scheduling-1] r.a.observability.ObservabilityService   : LAB9 Observability window=30s category=web.additional.stats count=75 sumNanos=23856625907 avgNanos=318088345
zil-additional-service  | 2026-05-05T00:25:04.420Z  INFO 1 --- [zil-additional-service] [   scheduling-1] r.a.observability.ObservabilityService   : LAB9 Observability window=30s category=http.main.rents count=1437 sumNanos=233367238090 avgNanos=162398913
zil-additional-service  | 2026-05-05T00:25:04.420Z  INFO 1 --- [zil-additional-service] [   scheduling-1] r.a.observability.ObservabilityService   : LAB9 Observability window=30s category=http.main.cars count=1435 sumNanos=233644292770 avgNanos=162818322
zil-additional-service  | 2026-05-05T00:25:04.420Z  INFO 1 --- [zil-additional-service] [   scheduling-1] r.a.observability.ObservabilityService   : LAB9 Observability window=30s category=web.additional.availability_new count=1362 sumNanos=444501778542 avgNanos=326359602
zil-additional-service  | 2026-05-05T00:25:04.420Z  INFO 1 --- [zil-additional-service] [   scheduling-1] r.a.observability.ObservabilityService   : LAB9 Observability window=30s category=additional.statsComputation.availability.allCitiesAllDates count=1362 sumNanos=356209231 avgNanos=261533
zil-additional-service  | 2026-05-05T00:25:04.420Z  INFO 1 --- [zil-additional-service] [   scheduling-1] r.a.observability.ObservabilityService   : LAB9 Observability window=1m category=additional.statsComputation.stats count=148 sumNanos=2834489 avgNanos=19151
zil-additional-service  | 2026-05-05T00:25:04.420Z  INFO 1 --- [zil-additional-service] [   scheduling-1] r.a.observability.ObservabilityService   : LAB9 Observability window=1m category=web.additional.stats count=148 sumNanos=47347201786 avgNanos=319913525
zil-additional-service  | 2026-05-05T00:25:04.420Z  INFO 1 --- [zil-additional-service] [   scheduling-1] r.a.observability.ObservabilityService   : LAB9 Observability window=1m category=http.main.rents count=2858 sumNanos=469095358347 avgNanos=164134135
zil-additional-service  | 2026-05-05T00:25:04.420Z  INFO 1 --- [zil-additional-service] [   scheduling-1] r.a.observability.ObservabilityService   : LAB9 Observability window=1m category=http.main.cars count=2862 sumNanos=463977743920 avgNanos=162116612
zil-additional-service  | 2026-05-05T00:25:04.421Z  INFO 1 --- [zil-additional-service] [   scheduling-1] r.a.observability.ObservabilityService   : LAB9 Observability window=1m category=web.additional.availability_new count=2710 sumNanos=887217070024 avgNanos=327386372
zil-additional-service  | 2026-05-05T00:25:04.421Z  INFO 1 --- [zil-additional-service] [   scheduling-1] r.a.observability.ObservabilityService   : LAB9 Observability window=1m category=additional.statsComputation.availability.allCitiesAllDates count=2710 sumNanos=837600870 avgNanos=309077
zil-additional-service  | 2026-05-05T00:25:08.862Z  INFO 1 --- [zil-additional-service] [   scheduling-1] r.additional.service.ClientCacheService  : [client-cache-statistics] Client cache size=1000
zil-additional-service  | 2026-05-05T00:25:09.425Z  INFO 1 --- [zil-additional-service] [   scheduling-1] r.a.observability.ObservabilityService   : LAB9 Observability window=10s category=additional.statsComputation.stats count=23 sumNanos=123659 avgNanos=5376
zil-additional-service  | 2026-05-05T00:25:09.427Z  INFO 1 --- [zil-additional-service] [   scheduling-1] r.a.observability.ObservabilityService   : LAB9 Observability window=10s category=web.additional.stats count=23 sumNanos=8006598186 avgNanos=348112964
zil-additional-service  | 2026-05-05T00:25:09.427Z  INFO 1 --- [zil-additional-service] [   scheduling-1] r.a.observability.ObservabilityService   : LAB9 Observability window=10s category=http.main.rents count=478 sumNanos=78289413535 avgNanos=163785383
zil-additional-service  | 2026-05-05T00:25:09.428Z  INFO 1 --- [zil-additional-service] [   scheduling-1] r.a.observability.ObservabilityService   : LAB9 Observability window=10s category=http.main.cars count=478 sumNanos=78651243337 avgNanos=164542350
zil-additional-service  | 2026-05-05T00:25:09.429Z  INFO 1 --- [zil-additional-service] [   scheduling-1] r.a.observability.ObservabilityService   : LAB9 Observability window=10s category=web.additional.availability_new count=455 sumNanos=149223586906 avgNanos=327963927
zil-additional-service  | 2026-05-05T00:25:09.429Z  INFO 1 --- [zil-additional-service] [   scheduling-1] r.a.observability.ObservabilityService   : LAB9 Observability window=10s category=additional.statsComputation.availability.allCitiesAllDates count=455 sumNanos=164184958 avgNanos=360846
zil-additional-service  | 2026-05-05T00:25:09.429Z  INFO 1 --- [zil-additional-service] [   scheduling-1] r.a.observability.ObservabilityService   : LAB9 Observability window=30s category=additional.statsComputation.stats count=77 sumNanos=299088 avgNanos=3884
zil-additional-service  | 2026-05-05T00:25:09.429Z  INFO 1 --- [zil-additional-service] [   scheduling-1] r.a.observability.ObservabilityService   : LAB9 Observability window=30s category=web.additional.stats count=77 sumNanos=25020229137 avgNanos=324938040
zil-additional-service  | 2026-05-05T00:25:09.429Z  INFO 1 --- [zil-additional-service] [   scheduling-1] r.a.observability.ObservabilityService   : LAB9 Observability window=30s category=http.main.rents count=1438 sumNanos=234590149456 avgNanos=163136404
zil-additional-service  | 2026-05-05T00:25:09.430Z  INFO 1 --- [zil-additional-service] [   scheduling-1] r.a.observability.ObservabilityService   : LAB9 Observability window=30s category=http.main.cars count=1437 sumNanos=233338851107 avgNanos=162379158
zil-additional-service  | 2026-05-05T00:25:09.434Z  INFO 1 --- [zil-additional-service] [   scheduling-1] r.a.observability.ObservabilityService   : LAB9 Observability window=30s category=web.additional.availability_new count=1361 sumNanos=444108307402 avgNanos=326310291
zil-additional-service  | 2026-05-05T00:25:09.434Z  INFO 1 --- [zil-additional-service] [   scheduling-1] r.a.observability.ObservabilityService   : LAB9 Observability window=30s category=additional.statsComputation.availability.allCitiesAllDates count=1361 sumNanos=408076515 avgNanos=299835
zil-additional-service  | 2026-05-05T00:25:09.435Z  INFO 1 --- [zil-additional-service] [   scheduling-1] r.a.observability.ObservabilityService   : LAB9 Observability window=1m category=additional.statsComputation.stats count=144 sumNanos=2805326 avgNanos=19481
zil-additional-service  | 2026-05-05T00:25:09.438Z  INFO 1 --- [zil-additional-service] [   scheduling-1] r.a.observability.ObservabilityService   : LAB9 Observability window=1m category=web.additional.stats count=144 sumNanos=46329563051 avgNanos=321733076
zil-additional-service  | 2026-05-05T00:25:09.438Z  INFO 1 --- [zil-additional-service] [   scheduling-1] r.a.observability.ObservabilityService   : LAB9 Observability window=1m category=http.main.rents count=2862 sumNanos=468740067847 avgNanos=163780596
zil-additional-service  | 2026-05-05T00:25:09.438Z  INFO 1 --- [zil-additional-service] [   scheduling-1] r.a.observability.ObservabilityService   : LAB9 Observability window=1m category=http.main.cars count=2862 sumNanos=465083528092 avgNanos=162502979
zil-additional-service  | 2026-05-05T00:25:09.438Z  INFO 1 --- [zil-additional-service] [   scheduling-1] r.a.observability.ObservabilityService   : LAB9 Observability window=1m category=web.additional.availability_new count=2718 sumNanos=889309726925 avgNanos=327192688
zil-additional-service  | 2026-05-05T00:25:09.438Z  INFO 1 --- [zil-additional-service] [   scheduling-1] r.a.observability.ObservabilityService   : LAB9 Observability window=1m category=additional.statsComputation.availability.allCitiesAllDates count=2718 sumNanos=847239975 avgNanos=311714
zil-additional-service  | 2026-05-05T00:25:14.445Z  INFO 1 --- [zil-additional-service] [   scheduling-1] r.a.observability.ObservabilityService   : LAB9 Observability window=10s category=additional.statsComputation.stats count=22 sumNanos=23458 avgNanos=1066
zil-additional-service  | 2026-05-05T00:25:14.445Z  INFO 1 --- [zil-additional-service] [   scheduling-1] r.a.observability.ObservabilityService   : LAB9 Observability window=10s category=web.additional.stats count=22 sumNanos=7128739037 avgNanos=324033592
zil-additional-service  | 2026-05-05T00:25:14.446Z  INFO 1 --- [zil-additional-service] [   scheduling-1] r.a.observability.ObservabilityService   : LAB9 Observability window=10s category=http.main.rents count=474 sumNanos=77086533363 avgNanos=162629817
zil-additional-service  | 2026-05-05T00:25:14.446Z  INFO 1 --- [zil-additional-service] [   scheduling-1] r.a.observability.ObservabilityService   : LAB9 Observability window=10s category=http.main.cars count=476 sumNanos=78146931302 avgNanos=164174225
zil-additional-service  | 2026-05-05T00:25:14.447Z  INFO 1 --- [zil-additional-service] [   scheduling-1] r.a.observability.ObservabilityService   : LAB9 Observability window=10s category=web.additional.availability_new count=452 sumNanos=148087389170 avgNanos=327626967
zil-additional-service  | 2026-05-05T00:25:14.448Z  INFO 1 --- [zil-additional-service] [   scheduling-1] r.a.observability.ObservabilityService   : LAB9 Observability window=10s category=additional.statsComputation.availability.allCitiesAllDates count=452 sumNanos=158902922 avgNanos=351555
zil-additional-service  | 2026-05-05T00:25:14.449Z  INFO 1 --- [zil-additional-service] [   scheduling-1] r.a.observability.ObservabilityService   : LAB9 Observability window=30s category=additional.statsComputation.stats count=71 sumNanos=245646 avgNanos=3459
zil-additional-service  | 2026-05-05T00:25:14.449Z  INFO 1 --- [zil-additional-service] [   scheduling-1] r.a.observability.ObservabilityService   : LAB9 Observability window=30s category=web.additional.stats count=71 sumNanos=22954475580 avgNanos=323302472
zil-additional-service  | 2026-05-05T00:25:14.449Z  INFO 1 --- [zil-additional-service] [   scheduling-1] r.a.observability.ObservabilityService   : LAB9 Observability window=30s category=http.main.rents count=1432 sumNanos=234221151275 avgNanos=163562256
zil-additional-service  | 2026-05-05T00:25:14.449Z  INFO 1 --- [zil-additional-service] [   scheduling-1] r.a.observability.ObservabilityService   : LAB9 Observability window=30s category=http.main.cars count=1433 sumNanos=232783822006 avgNanos=162445095
zil-additional-service  | 2026-05-05T00:25:14.449Z  INFO 1 --- [zil-additional-service] [   scheduling-1] r.a.observability.ObservabilityService   : LAB9 Observability window=30s category=web.additional.availability_new count=1361 sumNanos=444906241294 avgNanos=326896576
zil-additional-service  | 2026-05-05T00:25:14.449Z  INFO 1 --- [zil-additional-service] [   scheduling-1] r.a.observability.ObservabilityService   : LAB9 Observability window=30s category=additional.statsComputation.availability.allCitiesAllDates count=1361 sumNanos=405095223 avgNanos=297645
zil-additional-service  | 2026-05-05T00:25:14.449Z  INFO 1 --- [zil-additional-service] [   scheduling-1] r.a.observability.ObservabilityService   : LAB9 Observability window=1m category=additional.statsComputation.stats count=146 sumNanos=2719855 avgNanos=18629
zil-additional-service  | 2026-05-05T00:25:14.459Z  INFO 1 --- [zil-additional-service] [   scheduling-1] r.a.observability.ObservabilityService   : LAB9 Observability window=1m category=web.additional.stats count=146 sumNanos=46784046708 avgNanos=320438676
zil-additional-service  | 2026-05-05T00:25:14.459Z  INFO 1 --- [zil-additional-service] [   scheduling-1] r.a.observability.ObservabilityService   : LAB9 Observability window=1m category=http.main.rents count=2860 sumNanos=468495356990 avgNanos=163809565
zil-additional-service  | 2026-05-05T00:25:14.459Z  INFO 1 --- [zil-additional-service] [   scheduling-1] r.a.observability.ObservabilityService   : LAB9 Observability window=1m category=http.main.cars count=2863 sumNanos=465364748965 avgNanos=162544446
zil-additional-service  | 2026-05-05T00:25:14.460Z  INFO 1 --- [zil-additional-service] [   scheduling-1] r.a.observability.ObservabilityService   : LAB9 Observability window=1m category=web.additional.availability_new count=2714 sumNanos=888585029034 avgNanos=327407895
zil-additional-service  | 2026-05-05T00:25:14.460Z  INFO 1 --- [zil-additional-service] [   scheduling-1] r.a.observability.ObservabilityService   : LAB9 Observability window=1m category=additional.statsComputation.availability.allCitiesAllDates count=2714 sumNanos=792554484 avgNanos=292024
zil-additional-service  | 2026-05-05T00:25:18.862Z  INFO 1 --- [zil-additional-service] [   scheduling-1] r.additional.service.ClientCacheService  : [client-cache-statistics] Client cache size=1000
zil-additional-service  | 2026-05-05T00:25:19.461Z  INFO 1 --- [zil-additional-service] [   scheduling-1] r.a.observability.ObservabilityService   : LAB9 Observability window=10s category=additional.statsComputation.stats count=19 sumNanos=22243 avgNanos=1170
zil-additional-service  | 2026-05-05T00:25:19.461Z  INFO 1 --- [zil-additional-service] [   scheduling-1] r.a.observability.ObservabilityService   : LAB9 Observability window=10s category=web.additional.stats count=19 sumNanos=6375287523 avgNanos=335541448
zil-additional-service  | 2026-05-05T00:25:19.461Z  INFO 1 --- [zil-additional-service] [   scheduling-1] r.a.observability.ObservabilityService   : LAB9 Observability window=10s category=http.main.rents count=479 sumNanos=78587692871 avgNanos=164066164
zil-additional-service  | 2026-05-05T00:25:19.461Z  INFO 1 --- [zil-additional-service] [   scheduling-1] r.a.observability.ObservabilityService   : LAB9 Observability window=10s category=http.main.cars count=478 sumNanos=78209274046 avgNanos=163617728
zil-additional-service  | 2026-05-05T00:25:19.462Z  INFO 1 --- [zil-additional-service] [   scheduling-1] r.a.observability.ObservabilityService   : LAB9 Observability window=10s category=web.additional.availability_new count=460 sumNanos=151122518086 avgNanos=328527213
zil-additional-service  | 2026-05-05T00:25:19.463Z  INFO 1 --- [zil-additional-service] [   scheduling-1] r.a.observability.ObservabilityService   : LAB9 Observability window=10s category=additional.statsComputation.availability.allCitiesAllDates count=460 sumNanos=95488961 avgNanos=207584
zil-additional-service  | 2026-05-05T00:25:19.464Z  INFO 1 --- [zil-additional-service] [   scheduling-1] r.a.observability.ObservabilityService   : LAB9 Observability window=30s category=additional.statsComputation.stats count=65 sumNanos=217255 avgNanos=3342
zil-additional-service  | 2026-05-05T00:25:19.464Z  INFO 1 --- [zil-additional-service] [   scheduling-1] r.a.observability.ObservabilityService   : LAB9 Observability window=30s category=web.additional.stats count=65 sumNanos=21766447415 avgNanos=334868421
zil-additional-service  | 2026-05-05T00:25:19.464Z  INFO 1 --- [zil-additional-service] [   scheduling-1] r.a.observability.ObservabilityService   : LAB9 Observability window=30s category=http.main.rents count=1436 sumNanos=234819828614 avgNanos=163523557
zil-additional-service  | 2026-05-05T00:25:19.464Z  INFO 1 --- [zil-additional-service] [   scheduling-1] r.a.observability.ObservabilityService   : LAB9 Observability window=30s category=http.main.cars count=1434 sumNanos=232949522488 avgNanos=162447365
zil-additional-service  | 2026-05-05T00:25:19.464Z  INFO 1 --- [zil-additional-service] [   scheduling-1] r.a.observability.ObservabilityService   : LAB9 Observability window=30s category=web.additional.availability_new count=1371 sumNanos=447146356052 avgNanos=326146138
zil-additional-service  | 2026-05-05T00:25:19.464Z  INFO 1 --- [zil-additional-service] [   scheduling-1] r.a.observability.ObservabilityService   : LAB9 Observability window=30s category=additional.statsComputation.availability.allCitiesAllDates count=1371 sumNanos=392759932 avgNanos=286476
zil-additional-service  | 2026-05-05T00:25:19.464Z  INFO 1 --- [zil-additional-service] [   scheduling-1] r.a.observability.ObservabilityService   : LAB9 Observability window=1m category=additional.statsComputation.stats count=145 sumNanos=2702129 avgNanos=18635
zil-additional-service  | 2026-05-05T00:25:19.465Z  INFO 1 --- [zil-additional-service] [   scheduling-1] r.a.observability.ObservabilityService   : LAB9 Observability window=1m category=web.additional.stats count=145 sumNanos=46962298534 avgNanos=323877920
zil-additional-service  | 2026-05-05T00:25:19.465Z  INFO 1 --- [zil-additional-service] [   scheduling-1] r.a.observability.ObservabilityService   : LAB9 Observability window=1m category=http.main.rents count=2864 sumNanos=468934168572 avgNanos=163733997
zil-additional-service  | 2026-05-05T00:25:19.465Z  INFO 1 --- [zil-additional-service] [   scheduling-1] r.a.observability.ObservabilityService   : LAB9 Observability window=1m category=http.main.cars count=2862 sumNanos=465833542017 avgNanos=162765039
zil-additional-service  | 2026-05-05T00:25:19.466Z  INFO 1 --- [zil-additional-service] [   scheduling-1] r.a.observability.ObservabilityService   : LAB9 Observability window=1m category=web.additional.availability_new count=2719 sumNanos=890189880640 avgNanos=327396057
zil-additional-service  | 2026-05-05T00:25:19.466Z  INFO 1 --- [zil-additional-service] [   scheduling-1] r.a.observability.ObservabilityService   : LAB9 Observability window=1m category=additional.statsComputation.availability.allCitiesAllDates count=2719 sumNanos=749421381 avgNanos=275623
zil-additional-service  | 2026-05-05T00:25:24.468Z  INFO 1 --- [zil-additional-service] [   scheduling-1] r.a.observability.ObservabilityService   : LAB9 Observability window=10s category=additional.statsComputation.stats count=17 sumNanos=21841 avgNanos=1284
zil-additional-service  | 2026-05-05T00:25:24.469Z  INFO 1 --- [zil-additional-service] [   scheduling-1] r.a.observability.ObservabilityService   : LAB9 Observability window=10s category=web.additional.stats count=17 sumNanos=6000374533 avgNanos=352963207
zil-additional-service  | 2026-05-05T00:25:24.470Z  INFO 1 --- [zil-additional-service] [   scheduling-1] r.a.observability.ObservabilityService   : LAB9 Observability window=10s category=http.main.rents count=482 sumNanos=78395542241 avgNanos=162646353
zil-additional-service  | 2026-05-05T00:25:24.470Z  INFO 1 --- [zil-additional-service] [   scheduling-1] r.a.observability.ObservabilityService   : LAB9 Observability window=10s category=http.main.cars count=486 sumNanos=77918368221 avgNanos=160325860
zil-additional-service  | 2026-05-05T00:25:24.470Z  INFO 1 --- [zil-additional-service] [   scheduling-1] r.a.observability.ObservabilityService   : LAB9 Observability window=10s category=web.additional.availability_new count=465 sumNanos=150094088920 avgNanos=322782986
zil-additional-service  | 2026-05-05T00:25:24.470Z  INFO 1 --- [zil-additional-service] [   scheduling-1] r.a.observability.ObservabilityService   : LAB9 Observability window=10s category=additional.statsComputation.availability.allCitiesAllDates count=465 sumNanos=86602305 avgNanos=186241
zil-additional-service  | 2026-05-05T00:25:24.472Z  INFO 1 --- [zil-additional-service] [   scheduling-1] r.a.observability.ObservabilityService   : LAB9 Observability window=30s category=additional.statsComputation.stats count=63 sumNanos=192252 avgNanos=3051
zil-additional-service  | 2026-05-05T00:25:24.472Z  INFO 1 --- [zil-additional-service] [   scheduling-1] r.a.observability.ObservabilityService   : LAB9 Observability window=30s category=web.additional.stats count=63 sumNanos=21323536391 avgNanos=338468831
zil-additional-service  | 2026-05-05T00:25:24.472Z  INFO 1 --- [zil-additional-service] [   scheduling-1] r.a.observability.ObservabilityService   : LAB9 Observability window=30s category=http.main.rents count=1438 sumNanos=234667148570 avgNanos=163189950
zil-additional-service  | 2026-05-05T00:25:24.472Z  INFO 1 --- [zil-additional-service] [   scheduling-1] r.a.observability.ObservabilityService   : LAB9 Observability window=30s category=http.main.cars count=1437 sumNanos=233957811716 avgNanos=162809889
zil-additional-service  | 2026-05-05T00:25:24.472Z  INFO 1 --- [zil-additional-service] [   scheduling-1] r.a.observability.ObservabilityService   : LAB9 Observability window=30s category=web.additional.availability_new count=1375 sumNanos=448447191694 avgNanos=326143412
zil-additional-service  | 2026-05-05T00:25:24.472Z  INFO 1 --- [zil-additional-service] [   scheduling-1] r.a.observability.ObservabilityService   : LAB9 Observability window=30s category=additional.statsComputation.availability.allCitiesAllDates count=1375 sumNanos=357709295 avgNanos=260152
zil-additional-service  | 2026-05-05T00:25:24.472Z  INFO 1 --- [zil-additional-service] [   scheduling-1] r.a.observability.ObservabilityService   : LAB9 Observability window=1m category=additional.statsComputation.stats count=139 sumNanos=426403 avgNanos=3067
zil-additional-service  | 2026-05-05T00:25:24.472Z  INFO 1 --- [zil-additional-service] [   scheduling-1] r.a.observability.ObservabilityService   : LAB9 Observability window=1m category=web.additional.stats count=139 sumNanos=45085486902 avgNanos=324356020
zil-additional-service  | 2026-05-05T00:25:24.472Z  INFO 1 --- [zil-additional-service] [   scheduling-1] r.a.observability.ObservabilityService   : LAB9 Observability window=1m category=http.main.rents count=2866 sumNanos=468092133229 avgNanos=163325936
zil-additional-service  | 2026-05-05T00:25:24.472Z  INFO 1 --- [zil-additional-service] [   scheduling-1] r.a.observability.ObservabilityService   : LAB9 Observability window=1m category=http.main.cars count=2868 sumNanos=466465234121 avgNanos=162644781
zil-additional-service  | 2026-05-05T00:25:24.472Z  INFO 1 --- [zil-additional-service] [   scheduling-1] r.a.observability.ObservabilityService   : LAB9 Observability window=1m category=web.additional.availability_new count=2727 sumNanos=891208802442 avgNanos=326809241
zil-additional-service  | 2026-05-05T00:25:24.472Z  INFO 1 --- [zil-additional-service] [   scheduling-1] r.a.observability.ObservabilityService   : LAB9 Observability window=1m category=additional.statsComputation.availability.allCitiesAllDates count=2727 sumNanos=756554860 avgNanos=277431
zil-additional-service  | 2026-05-05T00:25:28.874Z  INFO 1 --- [zil-additional-service] [   scheduling-1] r.additional.service.ClientCacheService  : [client-cache-statistics] Client cache size=1000
zil-additional-service  | 2026-05-05T00:25:29.473Z  INFO 1 --- [zil-additional-service] [   scheduling-1] r.a.observability.ObservabilityService   : LAB9 Observability window=10s category=additional.statsComputation.stats count=26 sumNanos=52377 avgNanos=2014
zil-additional-service  | 2026-05-05T00:25:29.474Z  INFO 1 --- [zil-additional-service] [   scheduling-1] r.a.observability.ObservabilityService   : LAB9 Observability window=10s category=web.additional.stats count=26 sumNanos=8286804798 avgNanos=318723261
zil-additional-service  | 2026-05-05T00:25:29.474Z  INFO 1 --- [zil-additional-service] [   scheduling-1] r.a.observability.ObservabilityService   : LAB9 Observability window=10s category=http.main.rents count=484 sumNanos=80128446000 avgNanos=165554640
zil-additional-service  | 2026-05-05T00:25:29.474Z  INFO 1 --- [zil-additional-service] [   scheduling-1] r.a.observability.ObservabilityService   : LAB9 Observability window=10s category=http.main.cars count=479 sumNanos=75862684148 avgNanos=158377211
zil-additional-service  | 2026-05-05T00:25:29.474Z  INFO 1 --- [zil-additional-service] [   scheduling-1] r.a.observability.ObservabilityService   : LAB9 Observability window=10s category=web.additional.availability_new count=458 sumNanos=148536345651 avgNanos=324315165
zil-additional-service  | 2026-05-05T00:25:29.474Z  INFO 1 --- [zil-additional-service] [   scheduling-1] r.a.observability.ObservabilityService   : LAB9 Observability window=10s category=additional.statsComputation.availability.allCitiesAllDates count=458 sumNanos=128634339 avgNanos=280861
zil-additional-service  | 2026-05-05T00:25:29.475Z  INFO 1 --- [zil-additional-service] [   scheduling-1] r.a.observability.ObservabilityService   : LAB9 Observability window=30s category=additional.statsComputation.stats count=67 sumNanos=195258 avgNanos=2914
zil-additional-service  | 2026-05-05T00:25:29.475Z  INFO 1 --- [zil-additional-service] [   scheduling-1] r.a.observability.ObservabilityService   : LAB9 Observability window=30s category=web.additional.stats count=67 sumNanos=22346259302 avgNanos=333526258
zil-additional-service  | 2026-05-05T00:25:29.475Z  INFO 1 --- [zil-additional-service] [   scheduling-1] r.a.observability.ObservabilityService   : LAB9 Observability window=30s category=http.main.rents count=1438 sumNanos=236446954316 avgNanos=164427645
zil-additional-service  | 2026-05-05T00:25:29.475Z  INFO 1 --- [zil-additional-service] [   scheduling-1] r.a.observability.ObservabilityService   : LAB9 Observability window=30s category=http.main.cars count=1434 sumNanos=232385356040 avgNanos=162053944
zil-additional-service  | 2026-05-05T00:25:29.475Z  INFO 1 --- [zil-additional-service] [   scheduling-1] r.a.observability.ObservabilityService   : LAB9 Observability window=30s category=web.additional.availability_new count=1371 sumNanos=448153636604 avgNanos=326880843
zil-additional-service  | 2026-05-05T00:25:29.475Z  INFO 1 --- [zil-additional-service] [   scheduling-1] r.a.observability.ObservabilityService   : LAB9 Observability window=30s category=additional.statsComputation.availability.allCitiesAllDates count=1371 sumNanos=388114878 avgNanos=283088
zil-additional-service  | 2026-05-05T00:25:29.476Z  INFO 1 --- [zil-additional-service] [   scheduling-1] r.a.observability.ObservabilityService   : LAB9 Observability window=1m category=additional.statsComputation.stats count=141 sumNanos=426630 avgNanos=3025
zil-additional-service  | 2026-05-05T00:25:29.476Z  INFO 1 --- [zil-additional-service] [   scheduling-1] r.a.observability.ObservabilityService   : LAB9 Observability window=1m category=web.additional.stats count=141 sumNanos=45777340666 avgNanos=324661990
zil-additional-service  | 2026-05-05T00:25:29.476Z  INFO 1 --- [zil-additional-service] [   scheduling-1] r.a.observability.ObservabilityService   : LAB9 Observability window=1m category=http.main.rents count=2876 sumNanos=470584966438 avgNanos=163624814
zil-additional-service  | 2026-05-05T00:25:29.476Z  INFO 1 --- [zil-additional-service] [   scheduling-1] r.a.observability.ObservabilityService   : LAB9 Observability window=1m category=http.main.cars count=2871 sumNanos=465794818190 avgNanos=162241315
zil-additional-service  | 2026-05-05T00:25:29.476Z  INFO 1 --- [zil-additional-service] [   scheduling-1] r.a.observability.ObservabilityService   : LAB9 Observability window=1m category=web.additional.availability_new count=2735 sumNanos=893445589505 avgNanos=326671147
zil-additional-service  | 2026-05-05T00:25:29.476Z  INFO 1 --- [zil-additional-service] [   scheduling-1] r.a.observability.ObservabilityService   : LAB9 Observability window=1m category=additional.statsComputation.availability.allCitiesAllDates count=2735 sumNanos=770984949 avgNanos=281895
zil-additional-service  | 2026-05-05T00:25:34.478Z  INFO 1 --- [zil-additional-service] [   scheduling-1] r.a.observability.ObservabilityService   : LAB9 Observability window=10s category=additional.statsComputation.stats count=31 sumNanos=59152 avgNanos=1908
zil-additional-service  | 2026-05-05T00:25:34.479Z  INFO 1 --- [zil-additional-service] [   scheduling-1] r.a.observability.ObservabilityService   : LAB9 Observability window=10s category=web.additional.stats count=31 sumNanos=9949048777 avgNanos=320937057
zil-additional-service  | 2026-05-05T00:25:34.480Z  INFO 1 --- [zil-additional-service] [   scheduling-1] r.a.observability.ObservabilityService   : LAB9 Observability window=10s category=http.main.rents count=477 sumNanos=80153983331 avgNanos=168037700
zil-additional-service  | 2026-05-05T00:25:34.480Z  INFO 1 --- [zil-additional-service] [   scheduling-1] r.a.observability.ObservabilityService   : LAB9 Observability window=10s category=http.main.cars count=476 sumNanos=77213824959 avgNanos=162213917
zil-additional-service  | 2026-05-05T00:25:34.480Z  INFO 1 --- [zil-additional-service] [   scheduling-1] r.a.observability.ObservabilityService   : LAB9 Observability window=10s category=web.additional.availability_new count=446 sumNanos=148007588083 avgNanos=331855578
zil-additional-service  | 2026-05-05T00:25:34.481Z  INFO 1 --- [zil-additional-service] [   scheduling-1] r.a.observability.ObservabilityService   : LAB9 Observability window=10s category=additional.statsComputation.availability.allCitiesAllDates count=446 sumNanos=113048438 avgNanos=253471
zil-additional-service  | 2026-05-05T00:25:34.481Z  INFO 1 --- [zil-additional-service] [   scheduling-1] r.a.observability.ObservabilityService   : LAB9 Observability window=30s category=additional.statsComputation.stats count=70 sumNanos=104451 avgNanos=1492
zil-additional-service  | 2026-05-05T00:25:34.481Z  INFO 1 --- [zil-additional-service] [   scheduling-1] r.a.observability.ObservabilityService   : LAB9 Observability window=30s category=web.additional.stats count=70 sumNanos=23078162347 avgNanos=329688033
zil-additional-service  | 2026-05-05T00:25:34.481Z  INFO 1 --- [zil-additional-service] [   scheduling-1] r.a.observability.ObservabilityService   : LAB9 Observability window=30s category=http.main.rents count=1436 sumNanos=236498843352 avgNanos=164692787
zil-additional-service  | 2026-05-05T00:25:34.481Z  INFO 1 --- [zil-additional-service] [   scheduling-1] r.a.observability.ObservabilityService   : LAB9 Observability window=30s category=http.main.cars count=1437 sumNanos=233137829086 avgNanos=162239268
zil-additional-service  | 2026-05-05T00:25:34.481Z  INFO 1 --- [zil-additional-service] [   scheduling-1] r.a.observability.ObservabilityService   : LAB9 Observability window=30s category=web.additional.availability_new count=1366 sumNanos=447530422370 avgNanos=327621099
zil-additional-service  | 2026-05-05T00:25:34.481Z  INFO 1 --- [zil-additional-service] [   scheduling-1] r.a.observability.ObservabilityService   : LAB9 Observability window=30s category=additional.statsComputation.availability.allCitiesAllDates count=1366 sumNanos=358948810 avgNanos=262773
zil-additional-service  | 2026-05-05T00:25:34.482Z  INFO 1 --- [zil-additional-service] [   scheduling-1] r.a.observability.ObservabilityService   : LAB9 Observability window=1m category=additional.statsComputation.stats count=145 sumNanos=413046 avgNanos=2848
zil-additional-service  | 2026-05-05T00:25:34.482Z  INFO 1 --- [zil-additional-service] [   scheduling-1] r.a.observability.ObservabilityService   : LAB9 Observability window=1m category=web.additional.stats count=145 sumNanos=46934788254 avgNanos=323688194
zil-additional-service  | 2026-05-05T00:25:34.482Z  INFO 1 --- [zil-additional-service] [   scheduling-1] r.a.observability.ObservabilityService   : LAB9 Observability window=1m category=http.main.rents count=2873 sumNanos=469885386993 avgNanos=163552170
zil-additional-service  | 2026-05-05T00:25:34.482Z  INFO 1 --- [zil-additional-service] [   scheduling-1] r.a.observability.ObservabilityService   : LAB9 Observability window=1m category=http.main.cars count=2870 sumNanos=466406573981 avgNanos=162511001
zil-additional-service  | 2026-05-05T00:25:34.482Z  INFO 1 --- [zil-additional-service] [   scheduling-1] r.a.observability.ObservabilityService   : LAB9 Observability window=1m category=web.additional.availability_new count=2728 sumNanos=892112726194 avgNanos=327020794
zil-additional-service  | 2026-05-05T00:25:34.482Z  INFO 1 --- [zil-additional-service] [   scheduling-1] r.a.observability.ObservabilityService   : LAB9 Observability window=1m category=additional.statsComputation.availability.allCitiesAllDates count=2728 sumNanos=715305113 avgNanos=262208
zil-additional-service  | 2026-05-05T00:25:38.862Z  INFO 1 --- [zil-additional-service] [   scheduling-1] r.additional.service.ClientCacheService  : [client-cache-statistics] Client cache size=1000
zil-additional-service  | 2026-05-05T00:25:39.483Z  INFO 1 --- [zil-additional-service] [   scheduling-1] r.a.observability.ObservabilityService   : LAB9 Observability window=10s category=additional.statsComputation.stats count=26 sumNanos=32729 avgNanos=1258
zil-additional-service  | 2026-05-05T00:25:39.484Z  INFO 1 --- [zil-additional-service] [   scheduling-1] r.a.observability.ObservabilityService   : LAB9 Observability window=10s category=web.additional.stats count=26 sumNanos=8650057784 avgNanos=332694530
zil-additional-service  | 2026-05-05T00:25:39.484Z  INFO 1 --- [zil-additional-service] [   scheduling-1] r.a.observability.ObservabilityService   : LAB9 Observability window=10s category=http.main.rents count=481 sumNanos=78894630781 avgNanos=164022101
zil-additional-service  | 2026-05-05T00:25:39.485Z  INFO 1 --- [zil-additional-service] [   scheduling-1] r.a.observability.ObservabilityService   : LAB9 Observability window=10s category=http.main.cars count=485 sumNanos=77914416847 avgNanos=160648282
zil-additional-service  | 2026-05-05T00:25:39.488Z  INFO 1 --- [zil-additional-service] [   scheduling-1] r.a.observability.ObservabilityService   : LAB9 Observability window=10s category=web.additional.availability_new count=455 sumNanos=148272603088 avgNanos=325873852
zil-additional-service  | 2026-05-05T00:25:39.488Z  INFO 1 --- [zil-additional-service] [   scheduling-1] r.a.observability.ObservabilityService   : LAB9 Observability window=10s category=additional.statsComputation.availability.allCitiesAllDates count=455 sumNanos=69783741 avgNanos=153370
zil-additional-service  | 2026-05-05T00:25:39.489Z  INFO 1 --- [zil-additional-service] [   scheduling-1] r.a.observability.ObservabilityService   : LAB9 Observability window=30s category=additional.statsComputation.stats count=71 sumNanos=107349 avgNanos=1511
zil-additional-service  | 2026-05-05T00:25:39.491Z  INFO 1 --- [zil-additional-service] [   scheduling-1] r.a.observability.ObservabilityService   : LAB9 Observability window=30s category=web.additional.stats count=71 sumNanos=23312150105 avgNanos=328340142
zil-additional-service  | 2026-05-05T00:25:39.491Z  INFO 1 --- [zil-additional-service] [   scheduling-1] r.a.observability.ObservabilityService   : LAB9 Observability window=30s category=http.main.rents count=1444 sumNanos=237610769652 avgNanos=164550394
zil-additional-service  | 2026-05-05T00:25:39.491Z  INFO 1 --- [zil-additional-service] [   scheduling-1] r.a.observability.ObservabilityService   : LAB9 Observability window=30s category=http.main.cars count=1442 sumNanos=231904421630 avgNanos=160821374
zil-additional-service  | 2026-05-05T00:25:39.491Z  INFO 1 --- [zil-additional-service] [   scheduling-1] r.a.observability.ObservabilityService   : LAB9 Observability window=30s category=web.additional.availability_new count=1373 sumNanos=447931466825 avgNanos=326242874
zil-additional-service  | 2026-05-05T00:25:39.491Z  INFO 1 --- [zil-additional-service] [   scheduling-1] r.a.observability.ObservabilityService   : LAB9 Observability window=30s category=additional.statsComputation.availability.allCitiesAllDates count=1373 sumNanos=293907041 avgNanos=214061
zil-additional-service  | 2026-05-05T00:25:39.492Z  INFO 1 --- [zil-additional-service] [   scheduling-1] r.a.observability.ObservabilityService   : LAB9 Observability window=1m category=additional.statsComputation.stats count=147 sumNanos=403515 avgNanos=2745
zil-additional-service  | 2026-05-05T00:25:39.493Z  INFO 1 --- [zil-additional-service] [   scheduling-1] r.a.observability.ObservabilityService   : LAB9 Observability window=1m category=web.additional.stats count=147 sumNanos=47939022829 avgNanos=326115801
zil-additional-service  | 2026-05-05T00:25:39.493Z  INFO 1 --- [zil-additional-service] [   scheduling-1] r.a.observability.ObservabilityService   : LAB9 Observability window=1m category=http.main.rents count=2879 sumNanos=471664309280 avgNanos=163829214
zil-additional-service  | 2026-05-05T00:25:39.494Z  INFO 1 --- [zil-additional-service] [   scheduling-1] r.a.observability.ObservabilityService   : LAB9 Observability window=1m category=http.main.cars count=2879 sumNanos=465208757346 avgNanos=161586925
zil-additional-service  | 2026-05-05T00:25:39.494Z  INFO 1 --- [zil-additional-service] [   scheduling-1] r.a.observability.ObservabilityService   : LAB9 Observability window=1m category=web.additional.availability_new count=2732 sumNanos=891256497453 avgNanos=326228586
zil-additional-service  | 2026-05-05T00:25:39.494Z  INFO 1 --- [zil-additional-service] [   scheduling-1] r.a.observability.ObservabilityService   : LAB9 Observability window=1m category=additional.statsComputation.availability.allCitiesAllDates count=2732 sumNanos=701997800 avgNanos=256953
zil-additional-service  | 2026-05-05T00:25:44.495Z  INFO 1 --- [zil-additional-service] [   scheduling-1] r.a.observability.ObservabilityService   : LAB9 Observability window=10s category=additional.statsComputation.stats count=26 sumNanos=34940 avgNanos=1343
zil-additional-service  | 2026-05-05T00:25:44.495Z  INFO 1 --- [zil-additional-service] [   scheduling-1] r.a.observability.ObservabilityService   : LAB9 Observability window=10s category=web.additional.stats count=26 sumNanos=8719830314 avgNanos=335378089
zil-additional-service  | 2026-05-05T00:25:44.495Z  INFO 1 --- [zil-additional-service] [   scheduling-1] r.a.observability.ObservabilityService   : LAB9 Observability window=10s category=http.main.rents count=483 sumNanos=78707756068 avgNanos=162956016
zil-additional-service  | 2026-05-05T00:25:44.495Z  INFO 1 --- [zil-additional-service] [   scheduling-1] r.a.observability.ObservabilityService   : LAB9 Observability window=10s category=http.main.cars count=481 sumNanos=77454709029 avgNanos=161028501
zil-additional-service  | 2026-05-05T00:25:44.495Z  INFO 1 --- [zil-additional-service] [   scheduling-1] r.a.observability.ObservabilityService   : LAB9 Observability window=10s category=web.additional.availability_new count=457 sumNanos=147653718094 avgNanos=323093475
zil-additional-service  | 2026-05-05T00:25:44.495Z  INFO 1 --- [zil-additional-service] [   scheduling-1] r.a.observability.ObservabilityService   : LAB9 Observability window=10s category=additional.statsComputation.availability.allCitiesAllDates count=457 sumNanos=83922708 avgNanos=183638
zil-additional-service  | 2026-05-05T00:25:44.496Z  INFO 1 --- [zil-additional-service] [   scheduling-1] r.a.observability.ObservabilityService   : LAB9 Observability window=30s category=additional.statsComputation.stats count=74 sumNanos=115933 avgNanos=1566
zil-additional-service  | 2026-05-05T00:25:44.496Z  INFO 1 --- [zil-additional-service] [   scheduling-1] r.a.observability.ObservabilityService   : LAB9 Observability window=30s category=web.additional.stats count=74 sumNanos=24669253624 avgNanos=333368292
zil-additional-service  | 2026-05-05T00:25:44.496Z  INFO 1 --- [zil-additional-service] [   scheduling-1] r.a.observability.ObservabilityService   : LAB9 Observability window=30s category=http.main.rents count=1443 sumNanos=237407765576 avgNanos=164523746
zil-additional-service  | 2026-05-05T00:25:44.499Z  INFO 1 --- [zil-additional-service] [   scheduling-1] r.a.observability.ObservabilityService   : LAB9 Observability window=30s category=http.main.cars count=1441 sumNanos=232181588763 avgNanos=161125321
zil-additional-service  | 2026-05-05T00:25:44.499Z  INFO 1 --- [zil-additional-service] [   scheduling-1] r.a.observability.ObservabilityService   : LAB9 Observability window=30s category=web.additional.availability_new count=1369 sumNanos=446030754168 avgNanos=325807709
zil-additional-service  | 2026-05-05T00:25:44.500Z  INFO 1 --- [zil-additional-service] [   scheduling-1] r.a.observability.ObservabilityService   : LAB9 Observability window=30s category=additional.statsComputation.availability.allCitiesAllDates count=1369 sumNanos=283642663 avgNanos=207189
zil-additional-service  | 2026-05-05T00:25:44.500Z  INFO 1 --- [zil-additional-service] [   scheduling-1] r.a.observability.ObservabilityService   : LAB9 Observability window=1m category=additional.statsComputation.stats count=145 sumNanos=361579 avgNanos=2493
zil-additional-service  | 2026-05-05T00:25:44.500Z  INFO 1 --- [zil-additional-service] [   scheduling-1] r.a.observability.ObservabilityService   : LAB9 Observability window=1m category=web.additional.stats count=145 sumNanos=47623729204 avgNanos=328439511
zil-additional-service  | 2026-05-05T00:25:44.500Z  INFO 1 --- [zil-additional-service] [   scheduling-1] r.a.observability.ObservabilityService   : LAB9 Observability window=1m category=http.main.rents count=2878 sumNanos=472411868865 avgNanos=164145889
zil-additional-service  | 2026-05-05T00:25:44.500Z  INFO 1 --- [zil-additional-service] [   scheduling-1] r.a.observability.ObservabilityService   : LAB9 Observability window=1m category=http.main.cars count=2873 sumNanos=464850264606 avgNanos=161799604
zil-additional-service  | 2026-05-05T00:25:44.500Z  INFO 1 --- [zil-additional-service] [   scheduling-1] r.a.observability.ObservabilityService   : LAB9 Observability window=1m category=web.additional.availability_new count=2733 sumNanos=892151979179 avgNanos=326436874
zil-additional-service  | 2026-05-05T00:25:44.500Z  INFO 1 --- [zil-additional-service] [   scheduling-1] r.a.observability.ObservabilityService   : LAB9 Observability window=1m category=additional.statsComputation.availability.allCitiesAllDates count=2733 sumNanos=685996815 avgNanos=251005
zil-additional-service  | 2026-05-05T00:25:48.862Z  INFO 1 --- [zil-additional-service] [   scheduling-1] r.additional.service.ClientCacheService  : [client-cache-statistics] Client cache size=1000
zil-additional-service  | 2026-05-05T00:25:49.502Z  INFO 1 --- [zil-additional-service] [   scheduling-1] r.a.observability.ObservabilityService   : LAB9 Observability window=10s category=additional.statsComputation.stats count=29 sumNanos=41522 avgNanos=1431
zil-additional-service  | 2026-05-05T00:25:49.502Z  INFO 1 --- [zil-additional-service] [   scheduling-1] r.a.observability.ObservabilityService   : LAB9 Observability window=10s category=web.additional.stats count=29 sumNanos=9647529066 avgNanos=332673416
zil-additional-service  | 2026-05-05T00:25:49.502Z  INFO 1 --- [zil-additional-service] [   scheduling-1] r.a.observability.ObservabilityService   : LAB9 Observability window=10s category=http.main.rents count=481 sumNanos=78351993206 avgNanos=162893956
zil-additional-service  | 2026-05-05T00:25:49.503Z  INFO 1 --- [zil-additional-service] [   scheduling-1] r.a.observability.ObservabilityService   : LAB9 Observability window=10s category=http.main.cars count=480 sumNanos=78496078334 avgNanos=163533496
zil-additional-service  | 2026-05-05T00:25:49.503Z  INFO 1 --- [zil-additional-service] [   scheduling-1] r.a.observability.ObservabilityService   : LAB9 Observability window=10s category=web.additional.availability_new count=452 sumNanos=147229034894 avgNanos=325727953
zil-additional-service  | 2026-05-05T00:25:49.503Z  INFO 1 --- [zil-additional-service] [   scheduling-1] r.a.observability.ObservabilityService   : LAB9 Observability window=10s category=additional.statsComputation.availability.allCitiesAllDates count=452 sumNanos=86710141 avgNanos=191836
zil-additional-service  | 2026-05-05T00:25:49.504Z  INFO 1 --- [zil-additional-service] [   scheduling-1] r.a.observability.ObservabilityService   : LAB9 Observability window=30s category=additional.statsComputation.stats count=80 sumNanos=125388 avgNanos=1567
zil-additional-service  | 2026-05-05T00:25:49.504Z  INFO 1 --- [zil-additional-service] [   scheduling-1] r.a.observability.ObservabilityService   : LAB9 Observability window=30s category=web.additional.stats count=80 sumNanos=26347895245 avgNanos=329348690
zil-additional-service  | 2026-05-05T00:25:49.504Z  INFO 1 --- [zil-additional-service] [   scheduling-1] r.a.observability.ObservabilityService   : LAB9 Observability window=30s category=http.main.rents count=1445 sumNanos=237213639674 avgNanos=164161688
zil-additional-service  | 2026-05-05T00:25:49.504Z  INFO 1 --- [zil-additional-service] [   scheduling-1] r.a.observability.ObservabilityService   : LAB9 Observability window=30s category=http.main.cars count=1442 sumNanos=232026940153 avgNanos=160906338
zil-additional-service  | 2026-05-05T00:25:49.504Z  INFO 1 --- [zil-additional-service] [   scheduling-1] r.a.observability.ObservabilityService   : LAB9 Observability window=30s category=web.additional.availability_new count=1365 sumNanos=443986811825 avgNanos=325265063
zil-additional-service  | 2026-05-05T00:25:49.504Z  INFO 1 --- [zil-additional-service] [   scheduling-1] r.a.observability.ObservabilityService   : LAB9 Observability window=30s category=additional.statsComputation.availability.allCitiesAllDates count=1365 sumNanos=285340304 avgNanos=209040
zil-additional-service  | 2026-05-05T00:25:49.505Z  INFO 1 --- [zil-additional-service] [   scheduling-1] r.a.observability.ObservabilityService   : LAB9 Observability window=1m category=additional.statsComputation.stats count=146 sumNanos=343883 avgNanos=2355
zil-additional-service  | 2026-05-05T00:25:49.505Z  INFO 1 --- [zil-additional-service] [   scheduling-1] r.a.observability.ObservabilityService   : LAB9 Observability window=1m category=web.additional.stats count=146 sumNanos=48350839063 avgNanos=331170130
zil-additional-service  | 2026-05-05T00:25:49.505Z  INFO 1 --- [zil-additional-service] [   scheduling-1] r.a.observability.ObservabilityService   : LAB9 Observability window=1m category=http.main.rents count=2882 sumNanos=472190091369 avgNanos=163841114
zil-additional-service  | 2026-05-05T00:25:49.505Z  INFO 1 --- [zil-additional-service] [   scheduling-1] r.a.observability.ObservabilityService   : LAB9 Observability window=1m category=http.main.cars count=2878 sumNanos=465183935235 avgNanos=161634445
zil-additional-service  | 2026-05-05T00:25:49.505Z  INFO 1 --- [zil-additional-service] [   scheduling-1] r.a.observability.ObservabilityService   : LAB9 Observability window=1m category=web.additional.availability_new count=2736 sumNanos=891246276851 avgNanos=325747908
zil-additional-service  | 2026-05-05T00:25:49.505Z  INFO 1 --- [zil-additional-service] [   scheduling-1] r.a.observability.ObservabilityService   : LAB9 Observability window=1m category=additional.statsComputation.availability.allCitiesAllDates count=2736 sumNanos=678096962 avgNanos=247842
zil-additional-service  | 2026-05-05T00:25:54.506Z  INFO 1 --- [zil-additional-service] [   scheduling-1] r.a.observability.ObservabilityService   : LAB9 Observability window=10s category=additional.statsComputation.stats count=26 sumNanos=37633 avgNanos=1447
zil-additional-service  | 2026-05-05T00:25:54.507Z  INFO 1 --- [zil-additional-service] [   scheduling-1] r.a.observability.ObservabilityService   : LAB9 Observability window=10s category=web.additional.stats count=26 sumNanos=8805558963 avgNanos=338675344
zil-additional-service  | 2026-05-05T00:25:54.509Z  INFO 1 --- [zil-additional-service] [   scheduling-1] r.a.observability.ObservabilityService   : LAB9 Observability window=10s category=http.main.rents count=479 sumNanos=78462549540 avgNanos=163804905
zil-additional-service  | 2026-05-05T00:25:54.510Z  INFO 1 --- [zil-additional-service] [   scheduling-1] r.a.observability.ObservabilityService   : LAB9 Observability window=10s category=http.main.cars count=483 sumNanos=77517582188 avgNanos=160491888
zil-additional-service  | 2026-05-05T00:25:54.510Z  INFO 1 --- [zil-additional-service] [   scheduling-1] r.a.observability.ObservabilityService   : LAB9 Observability window=10s category=web.additional.availability_new count=453 sumNanos=147016081199 avgNanos=324538810
zil-additional-service  | 2026-05-05T00:25:54.511Z  INFO 1 --- [zil-additional-service] [   scheduling-1] r.a.observability.ObservabilityService   : LAB9 Observability window=10s category=additional.statsComputation.availability.allCitiesAllDates count=453 sumNanos=119642765 avgNanos=264112
zil-additional-service  | 2026-05-05T00:25:54.513Z  INFO 1 --- [zil-additional-service] [   scheduling-1] r.a.observability.ObservabilityService   : LAB9 Observability window=30s category=additional.statsComputation.stats count=83 sumNanos=131725 avgNanos=1587
zil-additional-service  | 2026-05-05T00:25:54.513Z  INFO 1 --- [zil-additional-service] [   scheduling-1] r.a.observability.ObservabilityService   : LAB9 Observability window=30s category=web.additional.stats count=83 sumNanos=27474438054 avgNanos=331017325
zil-additional-service  | 2026-05-05T00:25:54.513Z  INFO 1 --- [zil-additional-service] [   scheduling-1] r.a.observability.ObservabilityService   : LAB9 Observability window=30s category=http.main.rents count=1438 sumNanos=237234930437 avgNanos=164975612
zil-additional-service  | 2026-05-05T00:25:54.513Z  INFO 1 --- [zil-additional-service] [   scheduling-1] r.a.observability.ObservabilityService   : LAB9 Observability window=30s category=http.main.cars count=1438 sumNanos=231860264998 avgNanos=161238014
zil-additional-service  | 2026-05-05T00:25:54.513Z  INFO 1 --- [zil-additional-service] [   scheduling-1] r.a.observability.ObservabilityService   : LAB9 Observability window=30s category=web.additional.availability_new count=1355 sumNanos=442413237221 avgNanos=326504234
zil-additional-service  | 2026-05-05T00:25:54.514Z  INFO 1 --- [zil-additional-service] [   scheduling-1] r.a.observability.ObservabilityService   : LAB9 Observability window=30s category=additional.statsComputation.availability.allCitiesAllDates count=1355 sumNanos=316620881 avgNanos=233668
zil-additional-service  | 2026-05-05T00:25:54.514Z  INFO 1 --- [zil-additional-service] [   scheduling-1] r.a.observability.ObservabilityService   : LAB9 Observability window=1m category=additional.statsComputation.stats count=146 sumNanos=323977 avgNanos=2219
zil-additional-service  | 2026-05-05T00:25:54.514Z  INFO 1 --- [zil-additional-service] [   scheduling-1] r.a.observability.ObservabilityService   : LAB9 Observability window=1m category=web.additional.stats count=146 sumNanos=48797974445 avgNanos=334232701
zil-additional-service  | 2026-05-05T00:25:54.514Z  INFO 1 --- [zil-additional-service] [   scheduling-1] r.a.observability.ObservabilityService   : LAB9 Observability window=1m category=http.main.rents count=2877 sumNanos=472054195542 avgNanos=164078622
zil-additional-service  | 2026-05-05T00:25:54.514Z  INFO 1 --- [zil-additional-service] [   scheduling-1] r.a.observability.ObservabilityService   : LAB9 Observability window=1m category=http.main.cars count=2877 sumNanos=466143927892 avgNanos=162024305
zil-additional-service  | 2026-05-05T00:25:54.514Z  INFO 1 --- [zil-additional-service] [   scheduling-1] r.a.observability.ObservabilityService   : LAB9 Observability window=1m category=web.additional.availability_new count=2730 sumNanos=890869791492 avgNanos=326325930
zil-additional-service  | 2026-05-05T00:25:54.515Z  INFO 1 --- [zil-additional-service] [   scheduling-1] r.a.observability.ObservabilityService   : LAB9 Observability window=1m category=additional.statsComputation.availability.allCitiesAllDates count=2730 sumNanos=673811468 avgNanos=246817
zil-additional-service  | 2026-05-05T00:25:58.867Z  INFO 1 --- [zil-additional-service] [   scheduling-1] r.additional.service.ClientCacheService  : [client-cache-statistics] Client cache size=1000
zil-additional-service  | 2026-05-05T00:25:59.519Z  INFO 1 --- [zil-additional-service] [   scheduling-1] r.a.observability.ObservabilityService   : LAB9 Observability window=10s category=additional.statsComputation.stats count=26 sumNanos=34252 avgNanos=1317
zil-additional-service  | 2026-05-05T00:25:59.519Z  INFO 1 --- [zil-additional-service] [   scheduling-1] r.a.observability.ObservabilityService   : LAB9 Observability window=10s category=web.additional.stats count=26 sumNanos=8649135600 avgNanos=332659061
zil-additional-service  | 2026-05-05T00:25:59.520Z  INFO 1 --- [zil-additional-service] [   scheduling-1] r.a.observability.ObservabilityService   : LAB9 Observability window=10s category=http.main.rents count=479 sumNanos=79522569031 avgNanos=166017889
zil-additional-service  | 2026-05-05T00:25:59.522Z  INFO 1 --- [zil-additional-service] [   scheduling-1] r.a.observability.ObservabilityService   : LAB9 Observability window=10s category=http.main.cars count=479 sumNanos=75989393726 avgNanos=158641740
zil-additional-service  | 2026-05-05T00:25:59.522Z  INFO 1 --- [zil-additional-service] [   scheduling-1] r.a.observability.ObservabilityService   : LAB9 Observability window=10s category=web.additional.availability_new count=453 sumNanos=147092468267 avgNanos=324707435
zil-additional-service  | 2026-05-05T00:25:59.524Z  INFO 1 --- [zil-additional-service] [   scheduling-1] r.a.observability.ObservabilityService   : LAB9 Observability window=10s category=additional.statsComputation.availability.allCitiesAllDates count=453 sumNanos=100470502 avgNanos=221789
zil-additional-service  | 2026-05-05T00:25:59.524Z  INFO 1 --- [zil-additional-service] [   scheduling-1] r.a.observability.ObservabilityService   : LAB9 Observability window=30s category=additional.statsComputation.stats count=81 sumNanos=108503 avgNanos=1339
zil-additional-service  | 2026-05-05T00:25:59.524Z  INFO 1 --- [zil-additional-service] [   scheduling-1] r.a.observability.ObservabilityService   : LAB9 Observability window=30s category=web.additional.stats count=81 sumNanos=26946722450 avgNanos=332675585
zil-additional-service  | 2026-05-05T00:25:59.524Z  INFO 1 --- [zil-additional-service] [   scheduling-1] r.a.observability.ObservabilityService   : LAB9 Observability window=30s category=http.main.rents count=1441 sumNanos=236704311762 avgNanos=164263922
zil-additional-service  | 2026-05-05T00:25:59.524Z  INFO 1 --- [zil-additional-service] [   scheduling-1] r.a.observability.ObservabilityService   : LAB9 Observability window=30s category=http.main.cars count=1443 sumNanos=232271867648 avgNanos=160964565
zil-additional-service  | 2026-05-05T00:25:59.524Z  INFO 1 --- [zil-additional-service] [   scheduling-1] r.a.observability.ObservabilityService   : LAB9 Observability window=30s category=web.additional.availability_new count=1360 sumNanos=442510334438 avgNanos=325375245
zil-additional-service  | 2026-05-05T00:25:59.524Z  INFO 1 --- [zil-additional-service] [   scheduling-1] r.a.observability.ObservabilityService   : LAB9 Observability window=30s category=additional.statsComputation.availability.allCitiesAllDates count=1360 sumNanos=257133678 avgNanos=189068
zil-additional-service  | 2026-05-05T00:25:59.524Z  INFO 1 --- [zil-additional-service] [   scheduling-1] r.a.observability.ObservabilityService   : LAB9 Observability window=1m category=additional.statsComputation.stats count=148 sumNanos=303761 avgNanos=2052
zil-additional-service  | 2026-05-05T00:25:59.524Z  INFO 1 --- [zil-additional-service] [   scheduling-1] r.a.observability.ObservabilityService   : LAB9 Observability window=1m category=web.additional.stats count=148 sumNanos=49292981752 avgNanos=333060687
zil-additional-service  | 2026-05-05T00:25:59.524Z  INFO 1 --- [zil-additional-service] [   scheduling-1] r.a.observability.ObservabilityService   : LAB9 Observability window=1m category=http.main.rents count=2879 sumNanos=473221037064 avgNanos=164369932
zil-additional-service  | 2026-05-05T00:25:59.524Z  INFO 1 --- [zil-additional-service] [   scheduling-1] r.a.observability.ObservabilityService   : LAB9 Observability window=1m category=http.main.cars count=2878 sumNanos=464785244947 avgNanos=161495915
zil-additional-service  | 2026-05-05T00:25:59.524Z  INFO 1 --- [zil-additional-service] [   scheduling-1] r.a.observability.ObservabilityService   : LAB9 Observability window=1m category=web.additional.availability_new count=2731 sumNanos=890743276071 avgNanos=326160115
zil-additional-service  | 2026-05-05T00:25:59.524Z  INFO 1 --- [zil-additional-service] [   scheduling-1] r.a.observability.ObservabilityService   : LAB9 Observability window=1m category=additional.statsComputation.availability.allCitiesAllDates count=2731 sumNanos=645138719 avgNanos=236228
zil-additional-service  | 2026-05-05T00:26:04.526Z  INFO 1 --- [zil-additional-service] [   scheduling-1] r.a.observability.ObservabilityService   : LAB9 Observability window=10s category=additional.statsComputation.stats count=28 sumNanos=56263 avgNanos=2009
zil-additional-service  | 2026-05-05T00:26:04.527Z  INFO 1 --- [zil-additional-service] [   scheduling-1] r.a.observability.ObservabilityService   : LAB9 Observability window=10s category=web.additional.stats count=28 sumNanos=9246474007 avgNanos=330231214
zil-additional-service  | 2026-05-05T00:26:04.527Z  INFO 1 --- [zil-additional-service] [   scheduling-1] r.a.observability.ObservabilityService   : LAB9 Observability window=10s category=http.main.rents count=477 sumNanos=80103649598 avgNanos=167932179
zil-additional-service  | 2026-05-05T00:26:04.527Z  INFO 1 --- [zil-additional-service] [   scheduling-1] r.a.observability.ObservabilityService   : LAB9 Observability window=10s category=http.main.cars count=479 sumNanos=76460000303 avgNanos=159624217
zil-additional-service  | 2026-05-05T00:26:04.527Z  INFO 1 --- [zil-additional-service] [   scheduling-1] r.a.observability.ObservabilityService   : LAB9 Observability window=10s category=web.additional.availability_new count=449 sumNanos=147377263519 avgNanos=328234439
zil-additional-service  | 2026-05-05T00:26:04.527Z  INFO 1 --- [zil-additional-service] [   scheduling-1] r.a.observability.ObservabilityService   : LAB9 Observability window=10s category=additional.statsComputation.availability.allCitiesAllDates count=449 sumNanos=73109450 avgNanos=162827
zil-additional-service  | 2026-05-05T00:26:04.527Z  INFO 1 --- [zil-additional-service] [   scheduling-1] r.a.observability.ObservabilityService   : LAB9 Observability window=30s category=additional.statsComputation.stats count=80 sumNanos=128836 avgNanos=1610
zil-additional-service  | 2026-05-05T00:26:04.527Z  INFO 1 --- [zil-additional-service] [   scheduling-1] r.a.observability.ObservabilityService   : LAB9 Observability window=30s category=web.additional.stats count=80 sumNanos=26771863284 avgNanos=334648291
zil-additional-service  | 2026-05-05T00:26:04.527Z  INFO 1 --- [zil-additional-service] [   scheduling-1] r.a.observability.ObservabilityService   : LAB9 Observability window=30s category=http.main.rents count=1440 sumNanos=237452904467 avgNanos=164897850
zil-additional-service  | 2026-05-05T00:26:04.527Z  INFO 1 --- [zil-additional-service] [   scheduling-1] r.a.observability.ObservabilityService   : LAB9 Observability window=30s category=http.main.cars count=1442 sumNanos=231229555261 avgNanos=160353367
zil-additional-service  | 2026-05-05T00:26:04.527Z  INFO 1 --- [zil-additional-service] [   scheduling-1] r.a.observability.ObservabilityService   : LAB9 Observability window=30s category=web.additional.availability_new count=1360 sumNanos=442446735451 avgNanos=325328481
zil-additional-service  | 2026-05-05T00:26:04.527Z  INFO 1 --- [zil-additional-service] [   scheduling-1] r.a.observability.ObservabilityService   : LAB9 Observability window=30s category=additional.statsComputation.availability.allCitiesAllDates count=1360 sumNanos=276913204 avgNanos=203612
zil-additional-service  | 2026-05-05T00:26:04.527Z  INFO 1 --- [zil-additional-service] [   scheduling-1] r.a.observability.ObservabilityService   : LAB9 Observability window=1m category=additional.statsComputation.stats count=150 sumNanos=233287 avgNanos=1555
zil-additional-service  | 2026-05-05T00:26:04.527Z  INFO 1 --- [zil-additional-service] [   scheduling-1] r.a.observability.ObservabilityService   : LAB9 Observability window=1m category=web.additional.stats count=150 sumNanos=49850025631 avgNanos=332333504
zil-additional-service  | 2026-05-05T00:26:04.527Z  INFO 1 --- [zil-additional-service] [   scheduling-1] r.a.observability.ObservabilityService   : LAB9 Observability window=1m category=http.main.rents count=2876 sumNanos=473961672179 avgNanos=164798912
zil-additional-service  | 2026-05-05T00:26:04.527Z  INFO 1 --- [zil-additional-service] [   scheduling-1] r.a.observability.ObservabilityService   : LAB9 Observability window=1m category=http.main.cars count=2878 sumNanos=464219888343 avgNanos=161299474
zil-additional-service  | 2026-05-05T00:26:04.527Z  INFO 1 --- [zil-additional-service] [   scheduling-1] r.a.observability.ObservabilityService   : LAB9 Observability window=1m category=web.additional.availability_new count=2726 sumNanos=889884647999 avgNanos=326443377
zil-additional-service  | 2026-05-05T00:26:04.527Z  INFO 1 --- [zil-additional-service] [   scheduling-1] r.a.observability.ObservabilityService   : LAB9 Observability window=1m category=additional.statsComputation.availability.allCitiesAllDates count=2726 sumNanos=635829151 avgNanos=233246
zil-additional-service  | 2026-05-05T00:26:08.862Z  INFO 1 --- [zil-additional-service] [   scheduling-1] r.additional.service.ClientCacheService  : [client-cache-statistics] Client cache size=1000
zil-additional-service  | 2026-05-05T00:26:09.529Z  INFO 1 --- [zil-additional-service] [   scheduling-1] r.a.observability.ObservabilityService   : LAB9 Observability window=10s category=additional.statsComputation.stats count=16 sumNanos=42277 avgNanos=2642
zil-additional-service  | 2026-05-05T00:26:09.529Z  INFO 1 --- [zil-additional-service] [   scheduling-1] r.a.observability.ObservabilityService   : LAB9 Observability window=10s category=web.additional.stats count=16 sumNanos=5249653797 avgNanos=328103362
zil-additional-service  | 2026-05-05T00:26:09.529Z  INFO 1 --- [zil-additional-service] [   scheduling-1] r.a.observability.ObservabilityService   : LAB9 Observability window=10s category=http.main.rents count=324 sumNanos=53662158881 avgNanos=165623947
zil-additional-service  | 2026-05-05T00:26:09.529Z  INFO 1 --- [zil-additional-service] [   scheduling-1] r.a.observability.ObservabilityService   : LAB9 Observability window=10s category=http.main.cars count=317 sumNanos=50576736413 avgNanos=159548064
zil-additional-service  | 2026-05-05T00:26:09.529Z  INFO 1 --- [zil-additional-service] [   scheduling-1] r.a.observability.ObservabilityService   : LAB9 Observability window=10s category=web.additional.availability_new count=308 sumNanos=100693329028 avgNanos=326926392
zil-additional-service  | 2026-05-05T00:26:09.529Z  INFO 1 --- [zil-additional-service] [   scheduling-1] r.a.observability.ObservabilityService   : LAB9 Observability window=10s category=additional.statsComputation.availability.allCitiesAllDates count=308 sumNanos=85359763 avgNanos=277142
zil-additional-service  | 2026-05-05T00:26:09.529Z  INFO 1 --- [zil-additional-service] [   scheduling-1] r.a.observability.ObservabilityService   : LAB9 Observability window=30s category=additional.statsComputation.stats count=71 sumNanos=118051 avgNanos=1662
zil-additional-service  | 2026-05-05T00:26:09.529Z  INFO 1 --- [zil-additional-service] [   scheduling-1] r.a.observability.ObservabilityService   : LAB9 Observability window=30s category=web.additional.stats count=71 sumNanos=23546318463 avgNanos=331638288
zil-additional-service  | 2026-05-05T00:26:09.529Z  INFO 1 --- [zil-additional-service] [   scheduling-1] r.a.observability.ObservabilityService   : LAB9 Observability window=30s category=http.main.rents count=1285 sumNanos=211712814880 avgNanos=164757054
zil-additional-service  | 2026-05-05T00:26:09.529Z  INFO 1 --- [zil-additional-service] [   scheduling-1] r.a.observability.ObservabilityService   : LAB9 Observability window=30s category=http.main.cars count=1277 sumNanos=205496440447 avgNanos=160921253
zil-additional-service  | 2026-05-05T00:26:09.529Z  INFO 1 --- [zil-additional-service] [   scheduling-1] r.a.observability.ObservabilityService   : LAB9 Observability window=30s category=web.additional.availability_new count=1214 sumNanos=395383378598 avgNanos=325686473
zil-additional-service  | 2026-05-05T00:26:09.529Z  INFO 1 --- [zil-additional-service] [   scheduling-1] r.a.observability.ObservabilityService   : LAB9 Observability window=30s category=additional.statsComputation.availability.allCitiesAllDates count=1214 sumNanos=272629275 avgNanos=224571
zil-additional-service  | 2026-05-05T00:26:09.530Z  INFO 1 --- [zil-additional-service] [   scheduling-1] r.a.observability.ObservabilityService   : LAB9 Observability window=1m category=additional.statsComputation.stats count=142 sumNanos=225400 avgNanos=1587
zil-additional-service  | 2026-05-05T00:26:09.530Z  INFO 1 --- [zil-additional-service] [   scheduling-1] r.a.observability.ObservabilityService   : LAB9 Observability window=1m category=web.additional.stats count=142 sumNanos=46858468568 avgNanos=329989215
zil-additional-service  | 2026-05-05T00:26:09.530Z  INFO 1 --- [zil-additional-service] [   scheduling-1] r.a.observability.ObservabilityService   : LAB9 Observability window=1m category=http.main.rents count=2727 sumNanos=448805270016 avgNanos=164578390
zil-additional-service  | 2026-05-05T00:26:09.530Z  INFO 1 --- [zil-additional-service] [   scheduling-1] r.a.observability.ObservabilityService   : LAB9 Observability window=1m category=http.main.cars count=2715 sumNanos=436638457953 avgNanos=160824478
zil-additional-service  | 2026-05-05T00:26:09.531Z  INFO 1 --- [zil-additional-service] [   scheduling-1] r.a.observability.ObservabilityService   : LAB9 Observability window=1m category=web.additional.availability_new count=2585 sumNanos=842419320491 avgNanos=325887551
zil-additional-service  | 2026-05-05T00:26:09.531Z  INFO 1 --- [zil-additional-service] [   scheduling-1] r.a.observability.ObservabilityService   : LAB9 Observability window=1m category=additional.statsComputation.availability.allCitiesAllDates count=2585 sumNanos=566616818 avgNanos=219194
