zil-app  | 
zil-app  |   .   ____          _            __ _ _
zil-app  |  /\\ / ___'_ __ _ _(_)_ __  __ _ \ \ \ \
zil-app  | ( ( )\___ | '_ | '_| | '_ \/ _` | \ \ \ \
zil-app  |  \\/  ___)| |_)| | | | | || (_| |  ) ) ) )
zil-app  |   '  |____| .__|_| |_|_| |_\__, | / / / /
zil-app  |  =========|_|==============|___/=/_/_/_/
zil-app  | 
zil-app  |  :: Spring Boot ::                (v4.0.3)
zil-app  | 
zil-app  | 2026-05-05T00:11:48.112Z  INFO 1 --- [           main] rental.Application                       : Starting Application v1.0-SNAPSHOT using Java 25.0.3 with PID 1 (/app/app.jar started by root in /app)
zil-app  | 2026-05-05T00:11:48.125Z  INFO 1 --- [           main] rental.Application                       : No active profile set, falling back to 1 default profile: "default"
zil-app  | 2026-05-05T00:11:54.428Z  INFO 1 --- [           main] .s.d.r.c.RepositoryConfigurationDelegate : Bootstrapping Spring Data JPA repositories in DEFAULT mode.
zil-app  | 2026-05-05T00:11:54.914Z  INFO 1 --- [           main] .s.d.r.c.RepositoryConfigurationDelegate : Finished Spring Data repository scanning in 395 ms. Found 3 JPA repository interfaces.
zil-app  | 2026-05-05T00:11:59.228Z  INFO 1 --- [           main] o.s.boot.tomcat.TomcatWebServer          : Tomcat initialized with port 8083 (http)
zil-app  | 2026-05-05T00:11:59.326Z  INFO 1 --- [           main] o.apache.catalina.core.StandardService   : Starting service [Tomcat]
zil-app  | 2026-05-05T00:11:59.326Z  INFO 1 --- [           main] o.apache.catalina.core.StandardEngine    : Starting Servlet engine: [Apache Tomcat/11.0.18]
zil-app  | 2026-05-05T00:11:59.729Z  INFO 1 --- [           main] b.w.c.s.WebApplicationContextInitializer : Root WebApplicationContext: initialization completed in 11022 ms
zil-app  | 2026-05-05T00:12:03.824Z  INFO 1 --- [           main] com.zaxxer.hikari.HikariDataSource       : HikariPool-1 - Starting...
zil-app  | 2026-05-05T00:12:05.031Z  INFO 1 --- [           main] com.zaxxer.hikari.pool.HikariPool        : HikariPool-1 - Added connection org.postgresql.jdbc.PgConnection@16029e2f
zil-app  | 2026-05-05T00:12:05.036Z  INFO 1 --- [           main] com.zaxxer.hikari.HikariDataSource       : HikariPool-1 - Start completed.
zil-app  | 2026-05-05T00:12:05.224Z  INFO 1 --- [           main] org.flywaydb.core.FlywayExecutor         : Database: jdbc:postgresql://hl12.zil:5433/hl7?currentSchema=hl7 (PostgreSQL 16.13)
zil-app  | 2026-05-05T00:12:05.816Z  INFO 1 --- [           main] o.f.core.internal.command.DbValidate     : Successfully validated 3 migrations (execution time 00:00.204s)
zil-app  | 2026-05-05T00:12:06.119Z  INFO 1 --- [           main] o.f.core.internal.command.DbMigrate      : Current version of schema "hl7": 2
zil-app  | 2026-05-05T00:12:06.133Z  INFO 1 --- [           main] o.f.core.internal.command.DbMigrate      : Schema "hl7" is up to date. No migration necessary.
zil-app  | 2026-05-05T00:12:07.224Z  INFO 1 --- [           main] org.hibernate.orm.jpa                    : HHH008540: Processing PersistenceUnitInfo [name: default]
zil-app  | 2026-05-05T00:12:07.712Z  INFO 1 --- [           main] org.hibernate.orm.core                   : HHH000001: Hibernate ORM core version 7.2.4.Final
zil-app  | 2026-05-05T00:12:11.406Z  INFO 1 --- [           main] o.s.o.j.p.SpringPersistenceUnitInfo      : No LoadTimeWeaver setup: ignoring JPA class transformer
zil-app  | 2026-05-05T00:12:12.019Z  INFO 1 --- [           main] org.hibernate.orm.connections.pooling    : HHH10001005: Database info:
zil-app  | 	Database JDBC URL [jdbc:postgresql://hl12.zil:5433/hl7?currentSchema=hl7]
zil-app  | 	Database driver: PostgreSQL JDBC Driver
zil-app  | 	Database dialect: PostgreSQLDialect
zil-app  | 	Database version: 16.13
zil-app  | 	Default catalog/schema: hl7/hl7
zil-app  | 	Autocommit mode: undefined/unknown
zil-app  | 	Isolation level: READ_COMMITTED [default READ_COMMITTED]
zil-app  | 	JDBC fetch size: none
zil-app  | 	Pool: DataSourceConnectionProvider
zil-app  | 	Minimum pool size: undefined/unknown
zil-app  | 	Maximum pool size: undefined/unknown
zil-app  | 2026-05-05T00:12:17.942Z  INFO 1 --- [           main] org.hibernate.orm.core                   : HHH000489: No JTA platform available (set 'hibernate.transaction.jta.platform' to enable JTA platform integration)
zil-app  | 2026-05-05T00:12:18.114Z  INFO 1 --- [           main] j.LocalContainerEntityManagerFactoryBean : Initialized JPA EntityManagerFactory for persistence unit 'default'
zil-app  | 2026-05-05T00:12:18.622Z  INFO 1 --- [           main] o.s.d.j.r.query.QueryEnhancerFactories   : Hibernate is in classpath; If applicable, HQL parser will be used.
zil-app  | 2026-05-05T00:12:26.607Z  INFO 1 --- [           main] o.s.boot.tomcat.TomcatWebServer          : Tomcat started on port 8083 (http) with context path '/'
zil-app  | 2026-05-05T00:12:26.624Z  INFO 1 --- [           main] rental.Application                       : Started Application in 41.41 seconds (process running for 44.926)
zil-app  | 2026-05-05T00:12:27.307Z  INFO 1 --- [nio-8083-exec-2] o.a.c.c.C.[Tomcat].[localhost].[/]       : Initializing Spring DispatcherServlet 'dispatcherServlet'
zil-app  | 2026-05-05T00:12:27.308Z  INFO 1 --- [nio-8083-exec-2] o.s.web.servlet.DispatcherServlet        : Initializing Servlet 'dispatcherServlet'
zil-app  | 2026-05-05T00:12:27.310Z  INFO 1 --- [nio-8083-exec-2] o.s.web.servlet.DispatcherServlet        : Completed initialization in 1 ms
zil-app  | 2026-05-05T00:12:31.630Z  INFO 1 --- [   scheduling-1] r.observability.ObservabilityService     : LAB9 Observability window=10s category=web.ClientController.getClients count=1 sumNanos=759993745 avgNanos=759993745
zil-app  | 2026-05-05T00:12:31.630Z  INFO 1 --- [   scheduling-1] r.observability.ObservabilityService     : LAB9 Observability window=10s category=db.stats.countRents count=1 sumNanos=77232537 avgNanos=77232537
zil-app  | 2026-05-05T00:12:31.630Z  INFO 1 --- [   scheduling-1] r.observability.ObservabilityService     : LAB9 Observability window=10s category=web.RentController.getRents count=1 sumNanos=276071639 avgNanos=276071639
zil-app  | 2026-05-05T00:12:31.630Z  INFO 1 --- [   scheduling-1] r.observability.ObservabilityService     : LAB9 Observability window=10s category=db.client.findAll count=1 sumNanos=759708475 avgNanos=759708475
zil-app  | 2026-05-05T00:12:31.631Z  INFO 1 --- [   scheduling-1] r.observability.ObservabilityService     : LAB9 Observability window=10s category=db.rent.findAll count=1 sumNanos=275760739 avgNanos=275760739
zil-app  | 2026-05-05T00:12:31.632Z  INFO 1 --- [   scheduling-1] r.observability.ObservabilityService     : LAB9 Observability window=10s category=db.stats.countClients count=1 sumNanos=20143329 avgNanos=20143329
zil-app  | 2026-05-05T00:12:31.632Z  INFO 1 --- [   scheduling-1] r.observability.ObservabilityService     : LAB9 Observability window=10s category=db.stats.countCars count=1 sumNanos=603653144 avgNanos=603653144
zil-app  | 2026-05-05T00:12:31.632Z  INFO 1 --- [   scheduling-1] r.observability.ObservabilityService     : LAB9 Observability window=10s category=web.CarController.getCars count=1 sumNanos=175148570 avgNanos=175148570
zil-app  | 2026-05-05T00:12:31.632Z  INFO 1 --- [   scheduling-1] r.observability.ObservabilityService     : LAB9 Observability window=10s category=db.car.findAll count=1 sumNanos=174881668 avgNanos=174881668
zil-app  | 2026-05-05T00:12:31.632Z  INFO 1 --- [   scheduling-1] r.observability.ObservabilityService     : LAB9 Observability window=10s category=web.StatsController.stats count=1 sumNanos=702117979 avgNanos=702117979
zil-app  | 2026-05-05T00:12:31.632Z  INFO 1 --- [   scheduling-1] r.observability.ObservabilityService     : LAB9 Observability window=30s category=web.ClientController.getClients count=1 sumNanos=759993745 avgNanos=759993745
zil-app  | 2026-05-05T00:12:31.632Z  INFO 1 --- [   scheduling-1] r.observability.ObservabilityService     : LAB9 Observability window=30s category=db.stats.countRents count=1 sumNanos=77232537 avgNanos=77232537
zil-app  | 2026-05-05T00:12:31.632Z  INFO 1 --- [   scheduling-1] r.observability.ObservabilityService     : LAB9 Observability window=30s category=web.RentController.getRents count=1 sumNanos=276071639 avgNanos=276071639
zil-app  | 2026-05-05T00:12:31.632Z  INFO 1 --- [   scheduling-1] r.observability.ObservabilityService     : LAB9 Observability window=30s category=db.client.findAll count=1 sumNanos=759708475 avgNanos=759708475
zil-app  | 2026-05-05T00:12:31.632Z  INFO 1 --- [   scheduling-1] r.observability.ObservabilityService     : LAB9 Observability window=30s category=db.rent.findAll count=1 sumNanos=275760739 avgNanos=275760739
zil-app  | 2026-05-05T00:12:31.632Z  INFO 1 --- [   scheduling-1] r.observability.ObservabilityService     : LAB9 Observability window=30s category=db.stats.countClients count=1 sumNanos=20143329 avgNanos=20143329
zil-app  | 2026-05-05T00:12:31.632Z  INFO 1 --- [   scheduling-1] r.observability.ObservabilityService     : LAB9 Observability window=30s category=db.stats.countCars count=1 sumNanos=603653144 avgNanos=603653144
zil-app  | 2026-05-05T00:12:31.632Z  INFO 1 --- [   scheduling-1] r.observability.ObservabilityService     : LAB9 Observability window=30s category=web.CarController.getCars count=1 sumNanos=175148570 avgNanos=175148570
zil-app  | 2026-05-05T00:12:31.632Z  INFO 1 --- [   scheduling-1] r.observability.ObservabilityService     : LAB9 Observability window=30s category=db.car.findAll count=1 sumNanos=174881668 avgNanos=174881668
zil-app  | 2026-05-05T00:12:31.632Z  INFO 1 --- [   scheduling-1] r.observability.ObservabilityService     : LAB9 Observability window=30s category=web.StatsController.stats count=1 sumNanos=702117979 avgNanos=702117979
zil-app  | 2026-05-05T00:12:31.633Z  INFO 1 --- [   scheduling-1] r.observability.ObservabilityService     : LAB9 Observability window=1m category=web.ClientController.getClients count=1 sumNanos=759993745 avgNanos=759993745
zil-app  | 2026-05-05T00:12:31.633Z  INFO 1 --- [   scheduling-1] r.observability.ObservabilityService     : LAB9 Observability window=1m category=db.stats.countRents count=1 sumNanos=77232537 avgNanos=77232537
zil-app  | 2026-05-05T00:12:31.633Z  INFO 1 --- [   scheduling-1] r.observability.ObservabilityService     : LAB9 Observability window=1m category=web.RentController.getRents count=1 sumNanos=276071639 avgNanos=276071639
zil-app  | 2026-05-05T00:12:31.633Z  INFO 1 --- [   scheduling-1] r.observability.ObservabilityService     : LAB9 Observability window=1m category=db.client.findAll count=1 sumNanos=759708475 avgNanos=759708475
zil-app  | 2026-05-05T00:12:31.633Z  INFO 1 --- [   scheduling-1] r.observability.ObservabilityService     : LAB9 Observability window=1m category=db.rent.findAll count=1 sumNanos=275760739 avgNanos=275760739
zil-additional-service  | 
zil-additional-service  |   .   ____          _            __ _ _
zil-additional-service  |  /\\ / ___'_ __ _ _(_)_ __  __ _ \ \ \ \
zil-additional-service  | ( ( )\___ | '_ | '_| | '_ \/ _` | \ \ \ \
zil-additional-service  |  \\/  ___)| |_)| | | | | || (_| |  ) ) ) )
zil-additional-service  |   '  |____| .__|_| |_|_| |_\__, | / / / /
zil-additional-service  |  =========|_|==============|___/=/_/_/_/
zil-additional-service  | 
zil-additional-service  |  :: Spring Boot ::                (v4.0.6)
zil-additional-service  | 
zil-additional-service  | 2026-05-05T00:11:48.048Z  INFO 1 --- [zil-additional-service] [           main] r.a.ZilAdditionalServiceApplication      : Starting ZilAdditionalServiceApplication v0.0.1-SNAPSHOT using Java 25.0.3 with PID 1 (/app/app.jar started by root in /app)
zil-additional-service  | 2026-05-05T00:11:48.054Z  INFO 1 --- [zil-additional-service] [           main] r.a.ZilAdditionalServiceApplication      : No active profile set, falling back to 1 default profile: "default"
zil-additional-service  | 2026-05-05T00:11:55.939Z  INFO 1 --- [zil-additional-service] [           main] o.s.boot.tomcat.TomcatWebServer          : Tomcat initialized with port 8084 (http)
zil-additional-service  | 2026-05-05T00:11:56.038Z  INFO 1 --- [zil-additional-service] [           main] o.apache.catalina.core.StandardService   : Starting service [Tomcat]
zil-additional-service  | 2026-05-05T00:11:56.039Z  INFO 1 --- [zil-additional-service] [           main] o.apache.catalina.core.StandardEngine    : Starting Servlet engine: [Apache Tomcat/11.0.21]
zil-additional-service  | 2026-05-05T00:11:56.458Z  INFO 1 --- [zil-additional-service] [           main] b.w.c.s.WebApplicationContextInitializer : Root WebApplicationContext: initialization completed in 7890 ms
zil-additional-service  | 2026-05-05T00:12:02.340Z  INFO 1 --- [zil-additional-service] [           main] o.s.b.a.e.web.EndpointLinksResolver      : Exposing 1 endpoint beneath base path '/actuator'
zil-additional-service  | 2026-05-05T00:12:02.948Z  INFO 1 --- [zil-additional-service] [           main] o.s.boot.tomcat.TomcatWebServer          : Tomcat started on port 8084 (http) with context path '/'
zil-additional-service  | 2026-05-05T00:12:02.965Z  INFO 1 --- [zil-additional-service] [           main] r.a.ZilAdditionalServiceApplication      : Started ZilAdditionalServiceApplication in 18.105 seconds (process running for 21.036)
zil-additional-service  | 2026-05-05T00:12:03.052Z  INFO 1 --- [zil-additional-service] [   scheduling-1] r.additional.service.ClientCacheService  : [client-cache-statistics] Client cache size=0
zil-additional-service  | 2026-05-05T00:12:12.959Z  INFO 1 --- [zil-additional-service] [   scheduling-1] r.additional.service.ClientCacheService  : [client-cache-statistics] Client cache size=0
zil-additional-service  | 2026-05-05T00:12:22.959Z  INFO 1 --- [zil-additional-service] [   scheduling-1] r.additional.service.ClientCacheService  : [client-cache-statistics] Client cache size=0
zil-additional-service  | 2026-05-05T00:12:28.577Z  INFO 1 --- [zil-additional-service] [nio-8084-exec-1] o.a.c.c.C.[Tomcat].[localhost].[/]       : Initializing Spring DispatcherServlet 'dispatcherServlet'
zil-additional-service  | 2026-05-05T00:12:28.582Z  INFO 1 --- [zil-additional-service] [nio-8084-exec-1] o.s.web.servlet.DispatcherServlet        : Initializing Servlet 'dispatcherServlet'
zil-additional-service  | 2026-05-05T00:12:28.640Z  INFO 1 --- [zil-additional-service] [nio-8084-exec-1] o.s.web.servlet.DispatcherServlet        : Completed initialization in 58 ms
zil-additional-service  | 2026-05-05T00:12:32.968Z  INFO 1 --- [zil-additional-service] [   scheduling-1] r.additional.service.ClientCacheService  : [client-cache-statistics] Client cache size=1000
zil-additional-service  | 2026-05-05T00:12:33.060Z  INFO 1 --- [zil-additional-service] [   scheduling-1] r.a.observability.ObservabilityService   : LAB9 Observability window=10s category=additional.statsComputation.stats count=1 sumNanos=48447 avgNanos=48447
zil-additional-service  | 2026-05-05T00:12:33.061Z  INFO 1 --- [zil-additional-service] [   scheduling-1] r.a.observability.ObservabilityService   : LAB9 Observability window=10s category=web.additional.stats count=1 sumNanos=2891189540 avgNanos=2891189540
zil-additional-service  | 2026-05-05T00:12:33.061Z  INFO 1 --- [zil-additional-service] [   scheduling-1] r.a.observability.ObservabilityService   : LAB9 Observability window=10s category=http.main.clients count=1 sumNanos=1977000469 avgNanos=1977000469
zil-additional-service  | 2026-05-05T00:12:33.062Z  INFO 1 --- [zil-additional-service] [   scheduling-1] r.a.observability.ObservabilityService   : LAB9 Observability window=10s category=http.main.rents count=1 sumNanos=600381007 avgNanos=600381007
zil-additional-service  | 2026-05-05T00:12:33.062Z  INFO 1 --- [zil-additional-service] [   scheduling-1] r.a.observability.ObservabilityService   : LAB9 Observability window=10s category=http.main.cars count=12 sumNanos=8781142750 avgNanos=731761895
zil-additional-service  | 2026-05-05T00:12:33.062Z  INFO 1 --- [zil-additional-service] [   scheduling-1] r.a.observability.ObservabilityService   : LAB9 Observability window=30s category=additional.statsComputation.stats count=1 sumNanos=48447 avgNanos=48447
zil-additional-service  | 2026-05-05T00:12:33.062Z  INFO 1 --- [zil-additional-service] [   scheduling-1] r.a.observability.ObservabilityService   : LAB9 Observability window=30s category=web.additional.stats count=1 sumNanos=2891189540 avgNanos=2891189540
zil-additional-service  | 2026-05-05T00:12:33.063Z  INFO 1 --- [zil-additional-service] [   scheduling-1] r.a.observability.ObservabilityService   : LAB9 Observability window=30s category=http.main.clients count=1 sumNanos=1977000469 avgNanos=1977000469
zil-additional-service  | 2026-05-05T00:12:33.066Z  INFO 1 --- [zil-additional-service] [   scheduling-1] r.a.observability.ObservabilityService   : LAB9 Observability window=30s category=http.main.rents count=1 sumNanos=600381007 avgNanos=600381007
zil-additional-service  | 2026-05-05T00:12:33.066Z  INFO 1 --- [zil-additional-service] [   scheduling-1] r.a.observability.ObservabilityService   : LAB9 Observability window=30s category=http.main.cars count=12 sumNanos=8781142750 avgNanos=731761895
zil-additional-service  | 2026-05-05T00:12:33.066Z  INFO 1 --- [zil-additional-service] [   scheduling-1] r.a.observability.ObservabilityService   : LAB9 Observability window=1m category=additional.statsComputation.stats count=1 sumNanos=48447 avgNanos=48447
zil-additional-service  | 2026-05-05T00:12:33.066Z  INFO 1 --- [zil-additional-service] [   scheduling-1] r.a.observability.ObservabilityService   : LAB9 Observability window=1m category=web.additional.stats count=1 sumNanos=2891189540 avgNanos=2891189540
zil-additional-service  | 2026-05-05T00:12:33.066Z  INFO 1 --- [zil-additional-service] [   scheduling-1] r.a.observability.ObservabilityService   : LAB9 Observability window=1m category=http.main.clients count=1 sumNanos=1977000469 avgNanos=1977000469
zil-additional-service  | 2026-05-05T00:12:33.066Z  INFO 1 --- [zil-additional-service] [   scheduling-1] r.a.observability.ObservabilityService   : LAB9 Observability window=1m category=http.main.rents count=1 sumNanos=600381007 avgNanos=600381007
zil-additional-service  | 2026-05-05T00:12:33.067Z  INFO 1 --- [zil-additional-service] [   scheduling-1] r.a.observability.ObservabilityService   : LAB9 Observability window=1m category=http.main.cars count=12 sumNanos=8781142750 avgNanos=731761895
zil-additional-service  | 2026-05-05T00:12:38.067Z  INFO 1 --- [zil-additional-service] [   scheduling-1] r.a.observability.ObservabilityService   : LAB9 Observability window=10s category=additional.statsComputation.stats count=3 sumNanos=52841 avgNanos=17613
zil-additional-service  | 2026-05-05T00:12:38.068Z  INFO 1 --- [zil-additional-service] [   scheduling-1] r.a.observability.ObservabilityService   : LAB9 Observability window=10s category=web.additional.stats count=3 sumNanos=6885408100 avgNanos=2295136033
zil-additional-service  | 2026-05-05T00:12:38.068Z  INFO 1 --- [zil-additional-service] [   scheduling-1] r.a.observability.ObservabilityService   : LAB9 Observability window=10s category=http.main.clients count=1 sumNanos=1977000469 avgNanos=1977000469
zil-additional-service  | 2026-05-05T00:12:38.068Z  INFO 1 --- [zil-additional-service] [   scheduling-1] r.a.observability.ObservabilityService   : LAB9 Observability window=10s category=http.main.rents count=42 sumNanos=56603024429 avgNanos=1347691057
zil-additional-service  | 2026-05-05T00:12:38.068Z  INFO 1 --- [zil-additional-service] [   scheduling-1] r.a.observability.ObservabilityService   : LAB9 Observability window=10s category=http.main.cars count=55 sumNanos=50972808198 avgNanos=926778330
zil-additional-service  | 2026-05-05T00:12:38.069Z  INFO 1 --- [zil-additional-service] [   scheduling-1] r.a.observability.ObservabilityService   : LAB9 Observability window=10s category=web.additional.availability_new count=39 sumNanos=90984382612 avgNanos=2332932887
zil-additional-service  | 2026-05-05T00:12:38.070Z  INFO 1 --- [zil-additional-service] [   scheduling-1] r.a.observability.ObservabilityService   : LAB9 Observability window=10s category=additional.statsComputation.availability.allCitiesAllDates count=39 sumNanos=35291217 avgNanos=904903
zil-additional-service  | 2026-05-05T00:12:38.071Z  INFO 1 --- [zil-additional-service] [   scheduling-1] r.a.observability.ObservabilityService   : LAB9 Observability window=30s category=additional.statsComputation.stats count=3 sumNanos=52841 avgNanos=17613
zil-additional-service  | 2026-05-05T00:12:38.071Z  INFO 1 --- [zil-additional-service] [   scheduling-1] r.a.observability.ObservabilityService   : LAB9 Observability window=30s category=web.additional.stats count=3 sumNanos=6885408100 avgNanos=2295136033
zil-additional-service  | 2026-05-05T00:12:38.071Z  INFO 1 --- [zil-additional-service] [   scheduling-1] r.a.observability.ObservabilityService   : LAB9 Observability window=30s category=http.main.clients count=1 sumNanos=1977000469 avgNanos=1977000469
zil-additional-service  | 2026-05-05T00:12:38.072Z  INFO 1 --- [zil-additional-service] [   scheduling-1] r.a.observability.ObservabilityService   : LAB9 Observability window=30s category=http.main.rents count=42 sumNanos=56603024429 avgNanos=1347691057
zil-additional-service  | 2026-05-05T00:12:38.072Z  INFO 1 --- [zil-additional-service] [   scheduling-1] r.a.observability.ObservabilityService   : LAB9 Observability window=30s category=http.main.cars count=55 sumNanos=50972808198 avgNanos=926778330
zil-additional-service  | 2026-05-05T00:12:38.072Z  INFO 1 --- [zil-additional-service] [   scheduling-1] r.a.observability.ObservabilityService   : LAB9 Observability window=30s category=web.additional.availability_new count=39 sumNanos=90984382612 avgNanos=2332932887
zil-additional-service  | 2026-05-05T00:12:38.073Z  INFO 1 --- [zil-additional-service] [   scheduling-1] r.a.observability.ObservabilityService   : LAB9 Observability window=30s category=additional.statsComputation.availability.allCitiesAllDates count=39 sumNanos=35291217 avgNanos=904903
zil-additional-service  | 2026-05-05T00:12:38.073Z  INFO 1 --- [zil-additional-service] [   scheduling-1] r.a.observability.ObservabilityService   : LAB9 Observability window=1m category=additional.statsComputation.stats count=3 sumNanos=52841 avgNanos=17613
zil-additional-service  | 2026-05-05T00:12:38.074Z  INFO 1 --- [zil-additional-service] [   scheduling-1] r.a.observability.ObservabilityService   : LAB9 Observability window=1m category=web.additional.stats count=3 sumNanos=6885408100 avgNanos=2295136033
zil-additional-service  | 2026-05-05T00:12:38.074Z  INFO 1 --- [zil-additional-service] [   scheduling-1] r.a.observability.ObservabilityService   : LAB9 Observability window=1m category=http.main.clients count=1 sumNanos=1977000469 avgNanos=1977000469
zil-additional-service  | 2026-05-05T00:12:38.074Z  INFO 1 --- [zil-additional-service] [   scheduling-1] r.a.observability.ObservabilityService   : LAB9 Observability window=1m category=http.main.rents count=42 sumNanos=56603024429 avgNanos=1347691057
zil-additional-service  | 2026-05-05T00:12:38.075Z  INFO 1 --- [zil-additional-service] [   scheduling-1] r.a.observability.ObservabilityService   : LAB9 Observability window=1m category=http.main.cars count=55 sumNanos=50972808198 avgNanos=926778330
zil-additional-service  | 2026-05-05T00:12:38.075Z  INFO 1 --- [zil-additional-service] [   scheduling-1] r.a.observability.ObservabilityService   : LAB9 Observability window=1m category=web.additional.availability_new count=39 sumNanos=90984382612 avgNanos=2332932887
zil-additional-service  | 2026-05-05T00:12:38.075Z  INFO 1 --- [zil-additional-service] [   scheduling-1] r.a.observability.ObservabilityService   : LAB9 Observability window=1m category=additional.statsComputation.availability.allCitiesAllDates count=39 sumNanos=35291217 avgNanos=904903
zil-additional-service  | 2026-05-05T00:12:42.959Z  INFO 1 --- [zil-additional-service] [   scheduling-1] r.additional.service.ClientCacheService  : [client-cache-statistics] Client cache size=1000
zil-additional-service  | 2026-05-05T00:12:43.078Z  INFO 1 --- [zil-additional-service] [   scheduling-1] r.a.observability.ObservabilityService   : LAB9 Observability window=10s category=additional.statsComputation.stats count=5 sumNanos=10734 avgNanos=2146
zil-additional-service  | 2026-05-05T00:12:43.079Z  INFO 1 --- [zil-additional-service] [   scheduling-1] r.a.observability.ObservabilityService   : LAB9 Observability window=10s category=web.additional.stats count=5 sumNanos=9522189478 avgNanos=1904437895
zil-additional-service  | 2026-05-05T00:12:43.080Z  INFO 1 --- [zil-additional-service] [   scheduling-1] r.a.observability.ObservabilityService   : LAB9 Observability window=10s category=http.main.rents count=97 sumNanos=110288410692 avgNanos=1136993924
zil-additional-service  | 2026-05-05T00:12:43.080Z  INFO 1 --- [zil-additional-service] [   scheduling-1] r.a.observability.ObservabilityService   : LAB9 Observability window=10s category=http.main.cars count=95 sumNanos=85707467185 avgNanos=902183865
zil-additional-service  | 2026-05-05T00:12:43.081Z  INFO 1 --- [zil-additional-service] [   scheduling-1] r.a.observability.ObservabilityService   : LAB9 Observability window=10s category=web.additional.availability_new count=92 sumNanos=188235009673 avgNanos=2046032713
zil-additional-service  | 2026-05-05T00:12:43.081Z  INFO 1 --- [zil-additional-service] [   scheduling-1] r.a.observability.ObservabilityService   : LAB9 Observability window=10s category=additional.statsComputation.availability.allCitiesAllDates count=92 sumNanos=70190129 avgNanos=762936
zil-additional-service  | 2026-05-05T00:12:43.081Z  INFO 1 --- [zil-additional-service] [   scheduling-1] r.a.observability.ObservabilityService   : LAB9 Observability window=30s category=additional.statsComputation.stats count=6 sumNanos=59181 avgNanos=9863
zil-additional-service  | 2026-05-05T00:12:43.081Z  INFO 1 --- [zil-additional-service] [   scheduling-1] r.a.observability.ObservabilityService   : LAB9 Observability window=30s category=web.additional.stats count=6 sumNanos=12413379018 avgNanos=2068896503
zil-additional-service  | 2026-05-05T00:12:43.082Z  INFO 1 --- [zil-additional-service] [   scheduling-1] r.a.observability.ObservabilityService   : LAB9 Observability window=30s category=http.main.clients count=1 sumNanos=1977000469 avgNanos=1977000469
zil-additional-service  | 2026-05-05T00:12:43.082Z  INFO 1 --- [zil-additional-service] [   scheduling-1] r.a.observability.ObservabilityService   : LAB9 Observability window=30s category=http.main.rents count=98 sumNanos=110888791699 avgNanos=1131518282
zil-additional-service  | 2026-05-05T00:12:43.082Z  INFO 1 --- [zil-additional-service] [   scheduling-1] r.a.observability.ObservabilityService   : LAB9 Observability window=30s category=http.main.cars count=107 sumNanos=94488609935 avgNanos=883071120
zil-additional-service  | 2026-05-05T00:12:43.082Z  INFO 1 --- [zil-additional-service] [   scheduling-1] r.a.observability.ObservabilityService   : LAB9 Observability window=30s category=web.additional.availability_new count=92 sumNanos=188235009673 avgNanos=2046032713
zil-additional-service  | 2026-05-05T00:12:43.082Z  INFO 1 --- [zil-additional-service] [   scheduling-1] r.a.observability.ObservabilityService   : LAB9 Observability window=30s category=additional.statsComputation.availability.allCitiesAllDates count=92 sumNanos=70190129 avgNanos=762936
zil-additional-service  | 2026-05-05T00:12:43.082Z  INFO 1 --- [zil-additional-service] [   scheduling-1] r.a.observability.ObservabilityService   : LAB9 Observability window=1m category=additional.statsComputation.stats count=6 sumNanos=59181 avgNanos=9863
zil-additional-service  | 2026-05-05T00:12:43.082Z  INFO 1 --- [zil-additional-service] [   scheduling-1] r.a.observability.ObservabilityService   : LAB9 Observability window=1m category=web.additional.stats count=6 sumNanos=12413379018 avgNanos=2068896503
zil-additional-service  | 2026-05-05T00:12:43.082Z  INFO 1 --- [zil-additional-service] [   scheduling-1] r.a.observability.ObservabilityService   : LAB9 Observability window=1m category=http.main.clients count=1 sumNanos=1977000469 avgNanos=1977000469
zil-additional-service  | 2026-05-05T00:12:43.082Z  INFO 1 --- [zil-additional-service] [   scheduling-1] r.a.observability.ObservabilityService   : LAB9 Observability window=1m category=http.main.rents count=98 sumNanos=110888791699 avgNanos=1131518282
zil-additional-service  | 2026-05-05T00:12:43.082Z  INFO 1 --- [zil-additional-service] [   scheduling-1] r.a.observability.ObservabilityService   : LAB9 Observability window=1m category=http.main.cars count=107 sumNanos=94488609935 avgNanos=883071120
zil-additional-service  | 2026-05-05T00:12:43.082Z  INFO 1 --- [zil-additional-service] [   scheduling-1] r.a.observability.ObservabilityService   : LAB9 Observability window=1m category=web.additional.availability_new count=92 sumNanos=188235009673 avgNanos=2046032713
zil-additional-service  | 2026-05-05T00:12:43.083Z  INFO 1 --- [zil-additional-service] [   scheduling-1] r.a.observability.ObservabilityService   : LAB9 Observability window=1m category=additional.statsComputation.availability.allCitiesAllDates count=92 sumNanos=70190129 avgNanos=762936
zil-additional-service  | 2026-05-05T00:12:48.083Z  INFO 1 --- [zil-additional-service] [   scheduling-1] r.a.observability.ObservabilityService   : LAB9 Observability window=10s category=additional.statsComputation.stats count=9 sumNanos=18381 avgNanos=2042
zil-additional-service  | 2026-05-05T00:12:48.084Z  INFO 1 --- [zil-additional-service] [   scheduling-1] r.a.observability.ObservabilityService   : LAB9 Observability window=10s category=web.additional.stats count=9 sumNanos=14093812297 avgNanos=1565979144
zil-additional-service  | 2026-05-05T00:12:48.084Z  INFO 1 --- [zil-additional-service] [   scheduling-1] r.a.observability.ObservabilityService   : LAB9 Observability window=10s category=http.main.rents count=129 sumNanos=106755620520 avgNanos=827562949
zil-additional-service  | 2026-05-05T00:12:48.084Z  INFO 1 --- [zil-additional-service] [   scheduling-1] r.a.observability.ObservabilityService   : LAB9 Observability window=10s category=http.main.cars count=125 sumNanos=88449722569 avgNanos=707597780
zil-additional-service  | 2026-05-05T00:12:48.085Z  INFO 1 --- [zil-additional-service] [   scheduling-1] r.a.observability.ObservabilityService   : LAB9 Observability window=10s category=web.additional.availability_new count=120 sumNanos=187671008376 avgNanos=1563925069
zil-additional-service  | 2026-05-05T00:12:48.085Z  INFO 1 --- [zil-additional-service] [   scheduling-1] r.a.observability.ObservabilityService   : LAB9 Observability window=10s category=additional.statsComputation.availability.allCitiesAllDates count=120 sumNanos=48703440 avgNanos=405862
zil-additional-service  | 2026-05-05T00:12:48.085Z  INFO 1 --- [zil-additional-service] [   scheduling-1] r.a.observability.ObservabilityService   : LAB9 Observability window=30s category=additional.statsComputation.stats count=12 sumNanos=71222 avgNanos=5935
zil-additional-service  | 2026-05-05T00:12:48.085Z  INFO 1 --- [zil-additional-service] [   scheduling-1] r.a.observability.ObservabilityService   : LAB9 Observability window=30s category=web.additional.stats count=12 sumNanos=20979220397 avgNanos=1748268366
zil-additional-service  | 2026-05-05T00:12:48.085Z  INFO 1 --- [zil-additional-service] [   scheduling-1] r.a.observability.ObservabilityService   : LAB9 Observability window=30s category=http.main.clients count=1 sumNanos=1977000469 avgNanos=1977000469
zil-additional-service  | 2026-05-05T00:12:48.086Z  INFO 1 --- [zil-additional-service] [   scheduling-1] r.a.observability.ObservabilityService   : LAB9 Observability window=30s category=http.main.rents count=171 sumNanos=163358644949 avgNanos=955313713
zil-additional-service  | 2026-05-05T00:12:48.086Z  INFO 1 --- [zil-additional-service] [   scheduling-1] r.a.observability.ObservabilityService   : LAB9 Observability window=30s category=http.main.cars count=180 sumNanos=139422530767 avgNanos=774569615
zil-additional-service  | 2026-05-05T00:12:48.086Z  INFO 1 --- [zil-additional-service] [   scheduling-1] r.a.observability.ObservabilityService   : LAB9 Observability window=30s category=web.additional.availability_new count=159 sumNanos=278655390988 avgNanos=1752549628
zil-additional-service  | 2026-05-05T00:12:48.086Z  INFO 1 --- [zil-additional-service] [   scheduling-1] r.a.observability.ObservabilityService   : LAB9 Observability window=30s category=additional.statsComputation.availability.allCitiesAllDates count=159 sumNanos=83994657 avgNanos=528268
zil-additional-service  | 2026-05-05T00:12:48.088Z  INFO 1 --- [zil-additional-service] [   scheduling-1] r.a.observability.ObservabilityService   : LAB9 Observability window=1m category=additional.statsComputation.stats count=12 sumNanos=71222 avgNanos=5935
zil-additional-service  | 2026-05-05T00:12:48.088Z  INFO 1 --- [zil-additional-service] [   scheduling-1] r.a.observability.ObservabilityService   : LAB9 Observability window=1m category=web.additional.stats count=12 sumNanos=20979220397 avgNanos=1748268366
zil-additional-service  | 2026-05-05T00:12:48.088Z  INFO 1 --- [zil-additional-service] [   scheduling-1] r.a.observability.ObservabilityService   : LAB9 Observability window=1m category=http.main.clients count=1 sumNanos=1977000469 avgNanos=1977000469
zil-additional-service  | 2026-05-05T00:12:48.088Z  INFO 1 --- [zil-additional-service] [   scheduling-1] r.a.observability.ObservabilityService   : LAB9 Observability window=1m category=http.main.rents count=171 sumNanos=163358644949 avgNanos=955313713
zil-additional-service  | 2026-05-05T00:12:48.088Z  INFO 1 --- [zil-additional-service] [   scheduling-1] r.a.observability.ObservabilityService   : LAB9 Observability window=1m category=http.main.cars count=180 sumNanos=139422530767 avgNanos=774569615
zil-app                 | 2026-05-05T00:12:31.633Z  INFO 1 --- [   scheduling-1] r.observability.ObservabilityService     : LAB9 Observability window=1m category=db.stats.countClients count=1 sumNanos=20143329 avgNanos=20143329
zil-app                 | 2026-05-05T00:12:31.633Z  INFO 1 --- [   scheduling-1] r.observability.ObservabilityService     : LAB9 Observability window=1m category=db.stats.countCars count=1 sumNanos=603653144 avgNanos=603653144
zil-app                 | 2026-05-05T00:12:31.633Z  INFO 1 --- [   scheduling-1] r.observability.ObservabilityService     : LAB9 Observability window=1m category=web.CarController.getCars count=1 sumNanos=175148570 avgNanos=175148570
zil-additional-service  | 2026-05-05T00:12:48.088Z  INFO 1 --- [zil-additional-service] [   scheduling-1] r.a.observability.ObservabilityService   : LAB9 Observability window=1m category=web.additional.availability_new count=159 sumNanos=278655390988 avgNanos=1752549628
zil-additional-service  | 2026-05-05T00:12:48.088Z  INFO 1 --- [zil-additional-service] [   scheduling-1] r.a.observability.ObservabilityService   : LAB9 Observability window=1m category=additional.statsComputation.availability.allCitiesAllDates count=159 sumNanos=83994657 avgNanos=528268
zil-additional-service  | 2026-05-05T00:12:52.959Z  INFO 1 --- [zil-additional-service] [   scheduling-1] r.additional.service.ClientCacheService  : [client-cache-statistics] Client cache size=1000
zil-additional-service  | 2026-05-05T00:12:53.089Z  INFO 1 --- [zil-additional-service] [   scheduling-1] r.a.observability.ObservabilityService   : LAB9 Observability window=10s category=additional.statsComputation.stats count=12 sumNanos=23364 avgNanos=1947
zil-app                 | 2026-05-05T00:12:31.634Z  INFO 1 --- [   scheduling-1] r.observability.ObservabilityService     : LAB9 Observability window=1m category=db.car.findAll count=1 sumNanos=174881668 avgNanos=174881668
zil-app                 | 2026-05-05T00:12:31.634Z  INFO 1 --- [   scheduling-1] r.observability.ObservabilityService     : LAB9 Observability window=1m category=web.StatsController.stats count=1 sumNanos=702117979 avgNanos=702117979
zil-app                 | 2026-05-05T00:12:36.723Z  INFO 1 --- [   scheduling-1] r.observability.ObservabilityService     : LAB9 Observability window=10s category=web.ClientController.getClients count=1 sumNanos=759993745 avgNanos=759993745
zil-app                 | 2026-05-05T00:12:36.723Z  INFO 1 --- [   scheduling-1] r.observability.ObservabilityService     : LAB9 Observability window=10s category=db.stats.countRents count=1 sumNanos=77232537 avgNanos=77232537
zil-app                 | 2026-05-05T00:12:36.723Z  INFO 1 --- [   scheduling-1] r.observability.ObservabilityService     : LAB9 Observability window=10s category=web.RentController.getRents count=33 sumNanos=33404659708 avgNanos=1012262415
zil-app                 | 2026-05-05T00:12:36.723Z  INFO 1 --- [   scheduling-1] r.observability.ObservabilityService     : LAB9 Observability window=10s category=db.client.findAll count=1 sumNanos=759708475 avgNanos=759708475
zil-app                 | 2026-05-05T00:12:36.723Z  INFO 1 --- [   scheduling-1] r.observability.ObservabilityService     : LAB9 Observability window=10s category=db.rent.findAll count=33 sumNanos=33403955649 avgNanos=1012241080
zil-app                 | 2026-05-05T00:12:36.724Z  INFO 1 --- [   scheduling-1] r.observability.ObservabilityService     : LAB9 Observability window=10s category=db.stats.countClients count=1 sumNanos=20143329 avgNanos=20143329
zil-app                 | 2026-05-05T00:12:36.724Z  INFO 1 --- [   scheduling-1] r.observability.ObservabilityService     : LAB9 Observability window=10s category=db.stats.countCars count=1 sumNanos=603653144 avgNanos=603653144
zil-app                 | 2026-05-05T00:12:36.724Z  INFO 1 --- [   scheduling-1] r.observability.ObservabilityService     : LAB9 Observability window=10s category=web.CarController.getCars count=40 sumNanos=27709607180 avgNanos=692740179
zil-app                 | 2026-05-05T00:12:36.726Z  INFO 1 --- [   scheduling-1] r.observability.ObservabilityService     : LAB9 Observability window=10s category=db.car.findAll count=40 sumNanos=27707564546 avgNanos=692689113
zil-app                 | 2026-05-05T00:12:36.726Z  INFO 1 --- [   scheduling-1] r.observability.ObservabilityService     : LAB9 Observability window=10s category=web.StatsController.stats count=1 sumNanos=702117979 avgNanos=702117979
zil-app                 | 2026-05-05T00:12:36.726Z  INFO 1 --- [   scheduling-1] r.observability.ObservabilityService     : LAB9 Observability window=30s category=web.ClientController.getClients count=1 sumNanos=759993745 avgNanos=759993745
zil-app                 | 2026-05-05T00:12:36.727Z  INFO 1 --- [   scheduling-1] r.observability.ObservabilityService     : LAB9 Observability window=30s category=db.stats.countRents count=1 sumNanos=77232537 avgNanos=77232537
zil-app                 | 2026-05-05T00:12:36.727Z  INFO 1 --- [   scheduling-1] r.observability.ObservabilityService     : LAB9 Observability window=30s category=web.RentController.getRents count=33 sumNanos=33404659708 avgNanos=1012262415
zil-app                 | 2026-05-05T00:12:36.727Z  INFO 1 --- [   scheduling-1] r.observability.ObservabilityService     : LAB9 Observability window=30s category=db.client.findAll count=1 sumNanos=759708475 avgNanos=759708475
zil-app                 | 2026-05-05T00:12:36.727Z  INFO 1 --- [   scheduling-1] r.observability.ObservabilityService     : LAB9 Observability window=30s category=db.rent.findAll count=33 sumNanos=33403955649 avgNanos=1012241080
zil-app                 | 2026-05-05T00:12:36.727Z  INFO 1 --- [   scheduling-1] r.observability.ObservabilityService     : LAB9 Observability window=30s category=db.stats.countClients count=1 sumNanos=20143329 avgNanos=20143329
zil-app                 | 2026-05-05T00:12:36.727Z  INFO 1 --- [   scheduling-1] r.observability.ObservabilityService     : LAB9 Observability window=30s category=db.stats.countCars count=1 sumNanos=603653144 avgNanos=603653144
zil-app                 | 2026-05-05T00:12:36.727Z  INFO 1 --- [   scheduling-1] r.observability.ObservabilityService     : LAB9 Observability window=30s category=web.CarController.getCars count=40 sumNanos=27709607180 avgNanos=692740179
zil-app                 | 2026-05-05T00:12:36.727Z  INFO 1 --- [   scheduling-1] r.observability.ObservabilityService     : LAB9 Observability window=30s category=db.car.findAll count=40 sumNanos=27707564546 avgNanos=692689113
zil-app                 | 2026-05-05T00:12:36.727Z  INFO 1 --- [   scheduling-1] r.observability.ObservabilityService     : LAB9 Observability window=30s category=web.StatsController.stats count=1 sumNanos=702117979 avgNanos=702117979
zil-app                 | 2026-05-05T00:12:36.727Z  INFO 1 --- [   scheduling-1] r.observability.ObservabilityService     : LAB9 Observability window=1m category=web.ClientController.getClients count=1 sumNanos=759993745 avgNanos=759993745
zil-app                 | 2026-05-05T00:12:36.727Z  INFO 1 --- [   scheduling-1] r.observability.ObservabilityService     : LAB9 Observability window=1m category=db.stats.countRents count=1 sumNanos=77232537 avgNanos=77232537
zil-app                 | 2026-05-05T00:12:36.727Z  INFO 1 --- [   scheduling-1] r.observability.ObservabilityService     : LAB9 Observability window=1m category=web.RentController.getRents count=33 sumNanos=33404659708 avgNanos=1012262415
zil-app                 | 2026-05-05T00:12:36.727Z  INFO 1 --- [   scheduling-1] r.observability.ObservabilityService     : LAB9 Observability window=1m category=db.client.findAll count=1 sumNanos=759708475 avgNanos=759708475
zil-app                 | 2026-05-05T00:12:36.727Z  INFO 1 --- [   scheduling-1] r.observability.ObservabilityService     : LAB9 Observability window=1m category=db.rent.findAll count=33 sumNanos=33403955649 avgNanos=1012241080
zil-app                 | 2026-05-05T00:12:36.727Z  INFO 1 --- [   scheduling-1] r.observability.ObservabilityService     : LAB9 Observability window=1m category=db.stats.countClients count=1 sumNanos=20143329 avgNanos=20143329
zil-app                 | 2026-05-05T00:12:36.727Z  INFO 1 --- [   scheduling-1] r.observability.ObservabilityService     : LAB9 Observability window=1m category=db.stats.countCars count=1 sumNanos=603653144 avgNanos=603653144
zil-app                 | 2026-05-05T00:12:36.727Z  INFO 1 --- [   scheduling-1] r.observability.ObservabilityService     : LAB9 Observability window=1m category=web.CarController.getCars count=40 sumNanos=27709607180 avgNanos=692740179
zil-app                 | 2026-05-05T00:12:36.727Z  INFO 1 --- [   scheduling-1] r.observability.ObservabilityService     : LAB9 Observability window=1m category=db.car.findAll count=40 sumNanos=27707564546 avgNanos=692689113
zil-app                 | 2026-05-05T00:12:36.728Z  INFO 1 --- [   scheduling-1] r.observability.ObservabilityService     : LAB9 Observability window=1m category=web.StatsController.stats count=1 sumNanos=702117979 avgNanos=702117979
zil-app                 | 2026-05-05T00:12:41.814Z  INFO 1 --- [   scheduling-1] r.observability.ObservabilityService     : LAB9 Observability window=10s category=web.RentController.getRents count=80 sumNanos=73896870973 avgNanos=923710887
zil-app                 | 2026-05-05T00:12:41.814Z  INFO 1 --- [   scheduling-1] r.observability.ObservabilityService     : LAB9 Observability window=10s category=db.rent.findAll count=80 sumNanos=73890287051 avgNanos=923628588
zil-app                 | 2026-05-05T00:12:41.815Z  INFO 1 --- [   scheduling-1] r.observability.ObservabilityService     : LAB9 Observability window=10s category=web.CarController.getCars count=92 sumNanos=65026864481 avgNanos=706813744
zil-app                 | 2026-05-05T00:12:41.815Z  INFO 1 --- [   scheduling-1] r.observability.ObservabilityService     : LAB9 Observability window=10s category=db.car.findAll count=92 sumNanos=65024500718 avgNanos=706788051
zil-app                 | 2026-05-05T00:12:41.815Z  INFO 1 --- [   scheduling-1] r.observability.ObservabilityService     : LAB9 Observability window=30s category=web.ClientController.getClients count=1 sumNanos=759993745 avgNanos=759993745
zil-app                 | 2026-05-05T00:12:41.815Z  INFO 1 --- [   scheduling-1] r.observability.ObservabilityService     : LAB9 Observability window=30s category=db.stats.countRents count=1 sumNanos=77232537 avgNanos=77232537
zil-app                 | 2026-05-05T00:12:41.815Z  INFO 1 --- [   scheduling-1] r.observability.ObservabilityService     : LAB9 Observability window=30s category=web.RentController.getRents count=81 sumNanos=74172942612 avgNanos=915715340
zil-app                 | 2026-05-05T00:12:41.815Z  INFO 1 --- [   scheduling-1] r.observability.ObservabilityService     : LAB9 Observability window=30s category=db.client.findAll count=1 sumNanos=759708475 avgNanos=759708475
zil-app                 | 2026-05-05T00:12:41.820Z  INFO 1 --- [   scheduling-1] r.observability.ObservabilityService     : LAB9 Observability window=30s category=db.rent.findAll count=81 sumNanos=74166047790 avgNanos=915630219
zil-app                 | 2026-05-05T00:12:41.820Z  INFO 1 --- [   scheduling-1] r.observability.ObservabilityService     : LAB9 Observability window=30s category=db.stats.countClients count=1 sumNanos=20143329 avgNanos=20143329
zil-app                 | 2026-05-05T00:12:41.820Z  INFO 1 --- [   scheduling-1] r.observability.ObservabilityService     : LAB9 Observability window=30s category=db.stats.countCars count=1 sumNanos=603653144 avgNanos=603653144
zil-app                 | 2026-05-05T00:12:41.820Z  INFO 1 --- [   scheduling-1] r.observability.ObservabilityService     : LAB9 Observability window=30s category=web.CarController.getCars count=93 sumNanos=65202013051 avgNanos=701096914
zil-app                 | 2026-05-05T00:12:41.820Z  INFO 1 --- [   scheduling-1] r.observability.ObservabilityService     : LAB9 Observability window=30s category=db.car.findAll count=93 sumNanos=65199382386 avgNanos=701068627
zil-app                 | 2026-05-05T00:12:41.820Z  INFO 1 --- [   scheduling-1] r.observability.ObservabilityService     : LAB9 Observability window=30s category=web.StatsController.stats count=1 sumNanos=702117979 avgNanos=702117979
zil-app                 | 2026-05-05T00:12:41.820Z  INFO 1 --- [   scheduling-1] r.observability.ObservabilityService     : LAB9 Observability window=1m category=web.ClientController.getClients count=1 sumNanos=759993745 avgNanos=759993745
zil-app                 | 2026-05-05T00:12:41.820Z  INFO 1 --- [   scheduling-1] r.observability.ObservabilityService     : LAB9 Observability window=1m category=db.stats.countRents count=1 sumNanos=77232537 avgNanos=77232537
zil-app                 | 2026-05-05T00:12:41.820Z  INFO 1 --- [   scheduling-1] r.observability.ObservabilityService     : LAB9 Observability window=1m category=web.RentController.getRents count=81 sumNanos=74172942612 avgNanos=915715340
zil-app                 | 2026-05-05T00:12:41.820Z  INFO 1 --- [   scheduling-1] r.observability.ObservabilityService     : LAB9 Observability window=1m category=db.client.findAll count=1 sumNanos=759708475 avgNanos=759708475
zil-app                 | 2026-05-05T00:12:41.820Z  INFO 1 --- [   scheduling-1] r.observability.ObservabilityService     : LAB9 Observability window=1m category=db.rent.findAll count=81 sumNanos=74166047790 avgNanos=915630219
zil-app                 | 2026-05-05T00:12:41.820Z  INFO 1 --- [   scheduling-1] r.observability.ObservabilityService     : LAB9 Observability window=1m category=db.stats.countClients count=1 sumNanos=20143329 avgNanos=20143329
zil-app                 | 2026-05-05T00:12:41.820Z  INFO 1 --- [   scheduling-1] r.observability.ObservabilityService     : LAB9 Observability window=1m category=db.stats.countCars count=1 sumNanos=603653144 avgNanos=603653144
zil-app                 | 2026-05-05T00:12:41.821Z  INFO 1 --- [   scheduling-1] r.observability.ObservabilityService     : LAB9 Observability window=1m category=web.CarController.getCars count=93 sumNanos=65202013051 avgNanos=701096914
zil-app                 | 2026-05-05T00:12:41.821Z  INFO 1 --- [   scheduling-1] r.observability.ObservabilityService     : LAB9 Observability window=1m category=db.car.findAll count=93 sumNanos=65199382386 avgNanos=701068627
zil-app                 | 2026-05-05T00:12:41.821Z  INFO 1 --- [   scheduling-1] r.observability.ObservabilityService     : LAB9 Observability window=1m category=web.StatsController.stats count=1 sumNanos=702117979 avgNanos=702117979
zil-app                 | 2026-05-05T00:12:46.826Z  INFO 1 --- [   scheduling-1] r.observability.ObservabilityService     : LAB9 Observability window=10s category=web.RentController.getRents count=119 sumNanos=85189661777 avgNanos=715879510
zil-app                 | 2026-05-05T00:12:46.826Z  INFO 1 --- [   scheduling-1] r.observability.ObservabilityService     : LAB9 Observability window=10s category=db.rent.findAll count=119 sumNanos=85188285625 avgNanos=715867946
zil-app                 | 2026-05-05T00:12:46.826Z  INFO 1 --- [   scheduling-1] r.observability.ObservabilityService     : LAB9 Observability window=10s category=web.CarController.getCars count=125 sumNanos=76138015137 avgNanos=609104121
zil-app                 | 2026-05-05T00:12:46.826Z  INFO 1 --- [   scheduling-1] r.observability.ObservabilityService     : LAB9 Observability window=10s category=db.car.findAll count=125 sumNanos=76136756350 avgNanos=609094050
zil-app                 | 2026-05-05T00:12:46.826Z  INFO 1 --- [   scheduling-1] r.observability.ObservabilityService     : LAB9 Observability window=30s category=web.ClientController.getClients count=1 sumNanos=759993745 avgNanos=759993745
zil-app                 | 2026-05-05T00:12:46.826Z  INFO 1 --- [   scheduling-1] r.observability.ObservabilityService     : LAB9 Observability window=30s category=db.stats.countRents count=1 sumNanos=77232537 avgNanos=77232537
zil-app                 | 2026-05-05T00:12:46.910Z  INFO 1 --- [   scheduling-1] r.observability.ObservabilityService     : LAB9 Observability window=30s category=web.RentController.getRents count=153 sumNanos=119704803831 avgNanos=782384338
zil-app                 | 2026-05-05T00:12:46.910Z  INFO 1 --- [   scheduling-1] r.observability.ObservabilityService     : LAB9 Observability window=30s category=db.client.findAll count=1 sumNanos=759708475 avgNanos=759708475
zil-app                 | 2026-05-05T00:12:46.922Z  INFO 1 --- [   scheduling-1] r.observability.ObservabilityService     : LAB9 Observability window=30s category=db.rent.findAll count=153 sumNanos=119697250674 avgNanos=782334971
zil-app                 | 2026-05-05T00:12:46.922Z  INFO 1 --- [   scheduling-1] r.observability.ObservabilityService     : LAB9 Observability window=30s category=db.stats.countClients count=1 sumNanos=20143329 avgNanos=20143329
zil-app                 | 2026-05-05T00:12:46.923Z  INFO 1 --- [   scheduling-1] r.observability.ObservabilityService     : LAB9 Observability window=30s category=db.stats.countCars count=1 sumNanos=603653144 avgNanos=603653144
zil-app                 | 2026-05-05T00:12:46.923Z  INFO 1 --- [   scheduling-1] r.observability.ObservabilityService     : LAB9 Observability window=30s category=web.CarController.getCars count=165 sumNanos=103847622317 avgNanos=629379529
zil-app                 | 2026-05-05T00:12:46.923Z  INFO 1 --- [   scheduling-1] r.observability.ObservabilityService     : LAB9 Observability window=30s category=db.car.findAll count=165 sumNanos=103844320896 avgNanos=629359520
zil-app                 | 2026-05-05T00:12:46.923Z  INFO 1 --- [   scheduling-1] r.observability.ObservabilityService     : LAB9 Observability window=30s category=web.StatsController.stats count=1 sumNanos=702117979 avgNanos=702117979
zil-app                 | 2026-05-05T00:12:46.923Z  INFO 1 --- [   scheduling-1] r.observability.ObservabilityService     : LAB9 Observability window=1m category=web.ClientController.getClients count=1 sumNanos=759993745 avgNanos=759993745
zil-app                 | 2026-05-05T00:12:46.924Z  INFO 1 --- [   scheduling-1] r.observability.ObservabilityService     : LAB9 Observability window=1m category=db.stats.countRents count=1 sumNanos=77232537 avgNanos=77232537
zil-app                 | 2026-05-05T00:12:46.924Z  INFO 1 --- [   scheduling-1] r.observability.ObservabilityService     : LAB9 Observability window=1m category=web.RentController.getRents count=155 sumNanos=120998558990 avgNanos=780635864
zil-app                 | 2026-05-05T00:12:46.924Z  INFO 1 --- [   scheduling-1] r.observability.ObservabilityService     : LAB9 Observability window=1m category=db.client.findAll count=1 sumNanos=759708475 avgNanos=759708475
zil-app                 | 2026-05-05T00:12:46.924Z  INFO 1 --- [   scheduling-1] r.observability.ObservabilityService     : LAB9 Observability window=1m category=db.rent.findAll count=155 sumNanos=120990988215 avgNanos=780587020
zil-app                 | 2026-05-05T00:12:46.924Z  INFO 1 --- [   scheduling-1] r.observability.ObservabilityService     : LAB9 Observability window=1m category=db.stats.countClients count=1 sumNanos=20143329 avgNanos=20143329
zil-app                 | 2026-05-05T00:12:46.924Z  INFO 1 --- [   scheduling-1] r.observability.ObservabilityService     : LAB9 Observability window=1m category=db.stats.countCars count=1 sumNanos=603653144 avgNanos=603653144
zil-app                 | 2026-05-05T00:12:46.924Z  INFO 1 --- [   scheduling-1] r.observability.ObservabilityService     : LAB9 Observability window=1m category=web.CarController.getCars count=167 sumNanos=104471054615 avgNanos=625575177
zil-app                 | 2026-05-05T00:12:46.924Z  INFO 1 --- [   scheduling-1] r.observability.ObservabilityService     : LAB9 Observability window=1m category=db.car.findAll count=167 sumNanos=104467722991 avgNanos=625555227
zil-app                 | 2026-05-05T00:12:46.924Z  INFO 1 --- [   scheduling-1] r.observability.ObservabilityService     : LAB9 Observability window=1m category=web.StatsController.stats count=1 sumNanos=702117979 avgNanos=702117979
zil-app                 | 2026-05-05T00:12:51.937Z  INFO 1 --- [   scheduling-1] r.observability.ObservabilityService     : LAB9 Observability window=10s category=web.RentController.getRents count=159 sumNanos=85550295546 avgNanos=538052173
zil-app                 | 2026-05-05T00:12:51.938Z  INFO 1 --- [   scheduling-1] r.observability.ObservabilityService     : LAB9 Observability window=10s category=db.rent.findAll count=159 sumNanos=85548475600 avgNanos=538040727
zil-app                 | 2026-05-05T00:12:51.938Z  INFO 1 --- [   scheduling-1] r.observability.ObservabilityService     : LAB9 Observability window=10s category=web.CarController.getCars count=157 sumNanos=70101199525 avgNanos=446504455
zil-app                 | 2026-05-05T00:12:51.939Z  INFO 1 --- [   scheduling-1] r.observability.ObservabilityService     : LAB9 Observability window=10s category=db.car.findAll count=157 sumNanos=70100049508 avgNanos=446497130
zil-app                 | 2026-05-05T00:12:51.940Z  INFO 1 --- [   scheduling-1] r.observability.ObservabilityService     : LAB9 Observability window=30s category=web.ClientController.getClients count=1 sumNanos=759993745 avgNanos=759993745
zil-app                 | 2026-05-05T00:12:51.940Z  INFO 1 --- [   scheduling-1] r.observability.ObservabilityService     : LAB9 Observability window=30s category=db.stats.countRents count=1 sumNanos=77232537 avgNanos=77232537
zil-app                 | 2026-05-05T00:12:51.940Z  INFO 1 --- [   scheduling-1] r.observability.ObservabilityService     : LAB9 Observability window=30s category=web.RentController.getRents count=243 sumNanos=162572380183 avgNanos=669022140
zil-app                 | 2026-05-05T00:12:51.940Z  INFO 1 --- [   scheduling-1] r.observability.ObservabilityService     : LAB9 Observability window=30s category=db.client.findAll count=1 sumNanos=759708475 avgNanos=759708475
zil-app                 | 2026-05-05T00:12:51.940Z  INFO 1 --- [   scheduling-1] r.observability.ObservabilityService     : LAB9 Observability window=30s category=db.rent.findAll count=243 sumNanos=162563633790 avgNanos=668986147
zil-app                 | 2026-05-05T00:12:51.940Z  INFO 1 --- [   scheduling-1] r.observability.ObservabilityService     : LAB9 Observability window=30s category=db.stats.countClients count=1 sumNanos=20143329 avgNanos=20143329
zil-app                 | 2026-05-05T00:12:51.940Z  INFO 1 --- [   scheduling-1] r.observability.ObservabilityService     : LAB9 Observability window=30s category=db.stats.countCars count=1 sumNanos=603653144 avgNanos=603653144
zil-app                 | 2026-05-05T00:12:51.940Z  INFO 1 --- [   scheduling-1] r.observability.ObservabilityService     : LAB9 Observability window=30s category=web.CarController.getCars count=252 sumNanos=136943873372 avgNanos=543428068
zil-app                 | 2026-05-05T00:12:51.940Z  INFO 1 --- [   scheduling-1] r.observability.ObservabilityService     : LAB9 Observability window=30s category=db.car.findAll count=252 sumNanos=136940074188 avgNanos=543412992
zil-app                 | 2026-05-05T00:12:51.940Z  INFO 1 --- [   scheduling-1] r.observability.ObservabilityService     : LAB9 Observability window=30s category=web.StatsController.stats count=1 sumNanos=702117979 avgNanos=702117979
zil-app                 | 2026-05-05T00:12:51.940Z  INFO 1 --- [   scheduling-1] r.observability.ObservabilityService     : LAB9 Observability window=1m category=web.ClientController.getClients count=1 sumNanos=759993745 avgNanos=759993745
zil-app                 | 2026-05-05T00:12:51.940Z  INFO 1 --- [   scheduling-1] r.observability.ObservabilityService     : LAB9 Observability window=1m category=db.stats.countRents count=1 sumNanos=77232537 avgNanos=77232537
zil-app                 | 2026-05-05T00:12:51.941Z  INFO 1 --- [   scheduling-1] r.observability.ObservabilityService     : LAB9 Observability window=1m category=web.RentController.getRents count=243 sumNanos=162572380183 avgNanos=669022140
zil-additional-service  | 2026-05-05T00:12:53.091Z  INFO 1 --- [zil-additional-service] [   scheduling-1] r.a.observability.ObservabilityService   : LAB9 Observability window=10s category=web.additional.stats count=12 sumNanos=14125484252 avgNanos=1177123687
zil-additional-service  | 2026-05-05T00:12:53.091Z  INFO 1 --- [zil-additional-service] [   scheduling-1] r.a.observability.ObservabilityService   : LAB9 Observability window=10s category=http.main.rents count=166 sumNanos=106686803938 avgNanos=642691589
zil-additional-service  | 2026-05-05T00:12:53.091Z  INFO 1 --- [zil-additional-service] [   scheduling-1] r.a.observability.ObservabilityService   : LAB9 Observability window=10s category=http.main.cars count=165 sumNanos=87115014309 avgNanos=527969783
zil-additional-service  | 2026-05-05T00:12:53.091Z  INFO 1 --- [zil-additional-service] [   scheduling-1] r.a.observability.ObservabilityService   : LAB9 Observability window=10s category=web.additional.availability_new count=154 sumNanos=183857477137 avgNanos=1193879721
zil-additional-service  | 2026-05-05T00:12:53.092Z  INFO 1 --- [zil-additional-service] [   scheduling-1] r.a.observability.ObservabilityService   : LAB9 Observability window=10s category=additional.statsComputation.availability.allCitiesAllDates count=154 sumNanos=36619405 avgNanos=237788
zil-additional-service  | 2026-05-05T00:12:53.092Z  INFO 1 --- [zil-additional-service] [   scheduling-1] r.a.observability.ObservabilityService   : LAB9 Observability window=30s category=additional.statsComputation.stats count=18 sumNanos=82545 avgNanos=4585
zil-additional-service  | 2026-05-05T00:12:53.093Z  INFO 1 --- [zil-additional-service] [   scheduling-1] r.a.observability.ObservabilityService   : LAB9 Observability window=30s category=web.additional.stats count=18 sumNanos=26538863270 avgNanos=1474381292
zil-additional-service  | 2026-05-05T00:12:53.094Z  INFO 1 --- [zil-additional-service] [   scheduling-1] r.a.observability.ObservabilityService   : LAB9 Observability window=30s category=http.main.clients count=1 sumNanos=1977000469 avgNanos=1977000469
zil-additional-service  | 2026-05-05T00:12:53.094Z  INFO 1 --- [zil-additional-service] [   scheduling-1] r.a.observability.ObservabilityService   : LAB9 Observability window=30s category=http.main.rents count=264 sumNanos=217575595637 avgNanos=824149983
zil-additional-service  | 2026-05-05T00:12:53.094Z  INFO 1 --- [zil-additional-service] [   scheduling-1] r.a.observability.ObservabilityService   : LAB9 Observability window=30s category=http.main.cars count=272 sumNanos=181603624244 avgNanos=667660383
zil-additional-service  | 2026-05-05T00:12:53.094Z  INFO 1 --- [zil-additional-service] [   scheduling-1] r.a.observability.ObservabilityService   : LAB9 Observability window=30s category=web.additional.availability_new count=246 sumNanos=372092486810 avgNanos=1512571084
zil-additional-service  | 2026-05-05T00:12:53.095Z  INFO 1 --- [zil-additional-service] [   scheduling-1] r.a.observability.ObservabilityService   : LAB9 Observability window=30s category=additional.statsComputation.availability.allCitiesAllDates count=246 sumNanos=106809534 avgNanos=434185
zil-additional-service  | 2026-05-05T00:12:53.096Z  INFO 1 --- [zil-additional-service] [   scheduling-1] r.a.observability.ObservabilityService   : LAB9 Observability window=1m category=additional.statsComputation.stats count=18 sumNanos=82545 avgNanos=4585
zil-additional-service  | 2026-05-05T00:12:53.096Z  INFO 1 --- [zil-additional-service] [   scheduling-1] r.a.observability.ObservabilityService   : LAB9 Observability window=1m category=web.additional.stats count=18 sumNanos=26538863270 avgNanos=1474381292
zil-additional-service  | 2026-05-05T00:12:53.096Z  INFO 1 --- [zil-additional-service] [   scheduling-1] r.a.observability.ObservabilityService   : LAB9 Observability window=1m category=http.main.clients count=1 sumNanos=1977000469 avgNanos=1977000469
zil-additional-service  | 2026-05-05T00:12:53.096Z  INFO 1 --- [zil-additional-service] [   scheduling-1] r.a.observability.ObservabilityService   : LAB9 Observability window=1m category=http.main.rents count=264 sumNanos=217575595637 avgNanos=824149983
zil-additional-service  | 2026-05-05T00:12:53.096Z  INFO 1 --- [zil-additional-service] [   scheduling-1] r.a.observability.ObservabilityService   : LAB9 Observability window=1m category=http.main.cars count=272 sumNanos=181603624244 avgNanos=667660383
zil-app                 | 2026-05-05T00:12:51.941Z  INFO 1 --- [   scheduling-1] r.observability.ObservabilityService     : LAB9 Observability window=1m category=db.client.findAll count=1 sumNanos=759708475 avgNanos=759708475
zil-app                 | 2026-05-05T00:12:51.941Z  INFO 1 --- [   scheduling-1] r.observability.ObservabilityService     : LAB9 Observability window=1m category=db.rent.findAll count=243 sumNanos=162563633790 avgNanos=668986147
zil-additional-service  | 2026-05-05T00:12:53.096Z  INFO 1 --- [zil-additional-service] [   scheduling-1] r.a.observability.ObservabilityService   : LAB9 Observability window=1m category=web.additional.availability_new count=246 sumNanos=372092486810 avgNanos=1512571084
zil-app                 | 2026-05-05T00:12:51.941Z  INFO 1 --- [   scheduling-1] r.observability.ObservabilityService     : LAB9 Observability window=1m category=db.stats.countClients count=1 sumNanos=20143329 avgNanos=20143329
zil-additional-service  | 2026-05-05T00:12:53.097Z  INFO 1 --- [zil-additional-service] [   scheduling-1] r.a.observability.ObservabilityService   : LAB9 Observability window=1m category=additional.statsComputation.availability.allCitiesAllDates count=246 sumNanos=106809534 avgNanos=434185
zil-app                 | 2026-05-05T00:12:52.030Z  INFO 1 --- [   scheduling-1] r.observability.ObservabilityService     : LAB9 Observability window=1m category=db.stats.countCars count=1 sumNanos=603653144 avgNanos=603653144
zil-additional-service  | 2026-05-05T00:12:58.146Z  INFO 1 --- [zil-additional-service] [   scheduling-1] r.a.observability.ObservabilityService   : LAB9 Observability window=10s category=additional.statsComputation.stats count=10 sumNanos=34787 avgNanos=3478
zil-app                 | 2026-05-05T00:12:52.030Z  INFO 1 --- [   scheduling-1] r.observability.ObservabilityService     : LAB9 Observability window=1m category=web.CarController.getCars count=253 sumNanos=137070052271 avgNanos=541778862
zil-additional-service  | 2026-05-05T00:12:58.146Z  INFO 1 --- [zil-additional-service] [   scheduling-1] r.a.observability.ObservabilityService   : LAB9 Observability window=10s category=web.additional.stats count=10 sumNanos=8647630110 avgNanos=864763011
zil-app                 | 2026-05-05T00:12:52.030Z  INFO 1 --- [   scheduling-1] r.observability.ObservabilityService     : LAB9 Observability window=1m category=db.car.findAll count=253 sumNanos=137066248875 avgNanos=541763829
zil-additional-service  | 2026-05-05T00:12:58.147Z  INFO 1 --- [zil-additional-service] [   scheduling-1] r.a.observability.ObservabilityService   : LAB9 Observability window=10s category=http.main.rents count=202 sumNanos=105548185245 avgNanos=522515768
zil-app                 | 2026-05-05T00:12:52.030Z  INFO 1 --- [   scheduling-1] r.observability.ObservabilityService     : LAB9 Observability window=1m category=web.StatsController.stats count=1 sumNanos=702117979 avgNanos=702117979
zil-additional-service  | 2026-05-05T00:12:58.147Z  INFO 1 --- [zil-additional-service] [   scheduling-1] r.a.observability.ObservabilityService   : LAB9 Observability window=10s category=http.main.cars count=201 sumNanos=83300581935 avgNanos=414430755
zil-app                 | 2026-05-05T00:12:57.031Z  INFO 1 --- [   scheduling-1] r.observability.ObservabilityService     : LAB9 Observability window=10s category=web.RentController.getRents count=192 sumNanos=80700796365 avgNanos=420316647
zil-additional-service  | 2026-05-05T00:12:58.147Z  INFO 1 --- [zil-additional-service] [   scheduling-1] r.a.observability.ObservabilityService   : LAB9 Observability window=10s category=web.additional.availability_new count=192 sumNanos=183818399573 avgNanos=957387497
zil-additional-service  | 2026-05-05T00:12:58.147Z  INFO 1 --- [zil-additional-service] [   scheduling-1] r.a.observability.ObservabilityService   : LAB9 Observability window=10s category=additional.statsComputation.availability.allCitiesAllDates count=192 sumNanos=40726970 avgNanos=212119
zil-additional-service  | 2026-05-05T00:12:58.148Z  INFO 1 --- [zil-additional-service] [   scheduling-1] r.a.observability.ObservabilityService   : LAB9 Observability window=30s category=additional.statsComputation.stats count=22 sumNanos=106009 avgNanos=4818
zil-additional-service  | 2026-05-05T00:12:58.148Z  INFO 1 --- [zil-additional-service] [   scheduling-1] r.a.observability.ObservabilityService   : LAB9 Observability window=30s category=web.additional.stats count=22 sumNanos=29626850507 avgNanos=1346675023
zil-additional-service  | 2026-05-05T00:12:58.148Z  INFO 1 --- [zil-additional-service] [   scheduling-1] r.a.observability.ObservabilityService   : LAB9 Observability window=30s category=http.main.clients count=1 sumNanos=1977000469 avgNanos=1977000469
zil-additional-service  | 2026-05-05T00:12:58.148Z  INFO 1 --- [zil-additional-service] [   scheduling-1] r.a.observability.ObservabilityService   : LAB9 Observability window=30s category=http.main.rents count=374 sumNanos=269136964958 avgNanos=719617553
zil-additional-service  | 2026-05-05T00:12:58.149Z  INFO 1 --- [zil-additional-service] [   scheduling-1] r.a.observability.ObservabilityService   : LAB9 Observability window=30s category=http.main.cars count=383 sumNanos=223728426776 avgNanos=584147328
zil-additional-service  | 2026-05-05T00:12:58.149Z  INFO 1 --- [zil-additional-service] [   scheduling-1] r.a.observability.ObservabilityService   : LAB9 Observability window=30s category=web.additional.availability_new count=351 sumNanos=462473790561 avgNanos=1317589146
zil-additional-service  | 2026-05-05T00:12:58.149Z  INFO 1 --- [zil-additional-service] [   scheduling-1] r.a.observability.ObservabilityService   : LAB9 Observability window=30s category=additional.statsComputation.availability.allCitiesAllDates count=351 sumNanos=124721627 avgNanos=355332
zil-additional-service  | 2026-05-05T00:12:58.149Z  INFO 1 --- [zil-additional-service] [   scheduling-1] r.a.observability.ObservabilityService   : LAB9 Observability window=1m category=additional.statsComputation.stats count=22 sumNanos=106009 avgNanos=4818
zil-additional-service  | 2026-05-05T00:12:58.150Z  INFO 1 --- [zil-additional-service] [   scheduling-1] r.a.observability.ObservabilityService   : LAB9 Observability window=1m category=web.additional.stats count=22 sumNanos=29626850507 avgNanos=1346675023
zil-additional-service  | 2026-05-05T00:12:58.150Z  INFO 1 --- [zil-additional-service] [   scheduling-1] r.a.observability.ObservabilityService   : LAB9 Observability window=1m category=http.main.clients count=1 sumNanos=1977000469 avgNanos=1977000469
zil-additional-service  | 2026-05-05T00:12:58.150Z  INFO 1 --- [zil-additional-service] [   scheduling-1] r.a.observability.ObservabilityService   : LAB9 Observability window=1m category=http.main.rents count=374 sumNanos=269136964958 avgNanos=719617553
zil-additional-service  | 2026-05-05T00:12:58.150Z  INFO 1 --- [zil-additional-service] [   scheduling-1] r.a.observability.ObservabilityService   : LAB9 Observability window=1m category=http.main.cars count=383 sumNanos=223728426776 avgNanos=584147328
zil-additional-service  | 2026-05-05T00:12:58.150Z  INFO 1 --- [zil-additional-service] [   scheduling-1] r.a.observability.ObservabilityService   : LAB9 Observability window=1m category=web.additional.availability_new count=352 sumNanos=462991628397 avgNanos=1315317126
zil-additional-service  | 2026-05-05T00:12:58.150Z  INFO 1 --- [zil-additional-service] [   scheduling-1] r.a.observability.ObservabilityService   : LAB9 Observability window=1m category=additional.statsComputation.availability.allCitiesAllDates count=352 sumNanos=124831466 avgNanos=354634
zil-additional-service  | 2026-05-05T00:13:02.959Z  INFO 1 --- [zil-additional-service] [   scheduling-1] r.additional.service.ClientCacheService  : [client-cache-statistics] Client cache size=1000
zil-additional-service  | 2026-05-05T00:13:03.152Z  INFO 1 --- [zil-additional-service] [   scheduling-1] r.a.observability.ObservabilityService   : LAB9 Observability window=10s category=additional.statsComputation.stats count=9 sumNanos=35133 avgNanos=3903
zil-additional-service  | 2026-05-05T00:13:03.153Z  INFO 1 --- [zil-additional-service] [   scheduling-1] r.a.observability.ObservabilityService   : LAB9 Observability window=10s category=web.additional.stats count=9 sumNanos=6810910521 avgNanos=756767835
zil-additional-service  | 2026-05-05T00:13:03.153Z  INFO 1 --- [zil-additional-service] [   scheduling-1] r.a.observability.ObservabilityService   : LAB9 Observability window=10s category=http.main.rents count=239 sumNanos=98001763699 avgNanos=410049220
zil-additional-service  | 2026-05-05T00:13:03.153Z  INFO 1 --- [zil-additional-service] [   scheduling-1] r.a.observability.ObservabilityService   : LAB9 Observability window=10s category=http.main.cars count=237 sumNanos=84965197418 avgNanos=358502942
zil-additional-service  | 2026-05-05T00:13:03.153Z  INFO 1 --- [zil-additional-service] [   scheduling-1] r.a.observability.ObservabilityService   : LAB9 Observability window=10s category=web.additional.availability_new count=230 sumNanos=177645665483 avgNanos=772372458
zil-additional-service  | 2026-05-05T00:13:03.153Z  INFO 1 --- [zil-additional-service] [   scheduling-1] r.a.observability.ObservabilityService   : LAB9 Observability window=10s category=additional.statsComputation.availability.allCitiesAllDates count=230 sumNanos=48062900 avgNanos=208969
zil-additional-service  | 2026-05-05T00:13:03.153Z  INFO 1 --- [zil-additional-service] [   scheduling-1] r.a.observability.ObservabilityService   : LAB9 Observability window=30s category=additional.statsComputation.stats count=26 sumNanos=69231 avgNanos=2662
zil-additional-service  | 2026-05-05T00:13:03.153Z  INFO 1 --- [zil-additional-service] [   scheduling-1] r.a.observability.ObservabilityService   : LAB9 Observability window=30s category=web.additional.stats count=26 sumNanos=30458584251 avgNanos=1171484009
zil-additional-service  | 2026-05-05T00:13:03.154Z  INFO 1 --- [zil-additional-service] [   scheduling-1] r.a.observability.ObservabilityService   : LAB9 Observability window=30s category=http.main.rents count=503 sumNanos=315464967879 avgNanos=627166934
zil-additional-service  | 2026-05-05T00:13:03.158Z  INFO 1 --- [zil-additional-service] [   scheduling-1] r.a.observability.ObservabilityService   : LAB9 Observability window=30s category=http.main.cars count=498 sumNanos=257371888081 avgNanos=516811020
zil-additional-service  | 2026-05-05T00:13:03.158Z  INFO 1 --- [zil-additional-service] [   scheduling-1] r.a.observability.ObservabilityService   : LAB9 Observability window=30s category=web.additional.availability_new count=477 sumNanos=550539537963 avgNanos=1154170939
zil-app                 | 2026-05-05T00:12:57.031Z  INFO 1 --- [   scheduling-1] r.observability.ObservabilityService     : LAB9 Observability window=10s category=db.rent.findAll count=192 sumNanos=80699125330 avgNanos=420307944
zil-additional-service  | 2026-05-05T00:13:03.158Z  INFO 1 --- [zil-additional-service] [   scheduling-1] r.a.observability.ObservabilityService   : LAB9 Observability window=30s category=additional.statsComputation.availability.allCitiesAllDates count=477 sumNanos=155013436 avgNanos=324975
zil-app                 | 2026-05-05T00:12:57.032Z  INFO 1 --- [   scheduling-1] r.observability.ObservabilityService     : LAB9 Observability window=10s category=web.CarController.getCars count=190 sumNanos=64038450432 avgNanos=337044475
zil-app                 | 2026-05-05T00:12:57.032Z  INFO 1 --- [   scheduling-1] r.observability.ObservabilityService     : LAB9 Observability window=10s category=db.car.findAll count=190 sumNanos=64037502886 avgNanos=337039488
zil-app                 | 2026-05-05T00:12:57.032Z  INFO 1 --- [   scheduling-1] r.observability.ObservabilityService     : LAB9 Observability window=30s category=web.ClientController.getClients count=1 sumNanos=759993745 avgNanos=759993745
zil-app                 | 2026-05-05T00:12:57.033Z  INFO 1 --- [   scheduling-1] r.observability.ObservabilityService     : LAB9 Observability window=30s category=db.stats.countRents count=1 sumNanos=77232537 avgNanos=77232537
zil-app                 | 2026-05-05T00:12:57.113Z  INFO 1 --- [   scheduling-1] r.observability.ObservabilityService     : LAB9 Observability window=30s category=web.RentController.getRents count=348 sumNanos=202221700467 avgNanos=581096840
zil-app                 | 2026-05-05T00:12:57.113Z  INFO 1 --- [   scheduling-1] r.observability.ObservabilityService     : LAB9 Observability window=30s category=db.client.findAll count=1 sumNanos=759708475 avgNanos=759708475
zil-app                 | 2026-05-05T00:12:57.115Z  INFO 1 --- [   scheduling-1] r.observability.ObservabilityService     : LAB9 Observability window=30s category=db.rent.findAll count=348 sumNanos=202212452548 avgNanos=581070265
zil-app                 | 2026-05-05T00:12:57.116Z  INFO 1 --- [   scheduling-1] r.observability.ObservabilityService     : LAB9 Observability window=30s category=db.stats.countClients count=1 sumNanos=20143329 avgNanos=20143329
zil-app                 | 2026-05-05T00:12:57.116Z  INFO 1 --- [   scheduling-1] r.observability.ObservabilityService     : LAB9 Observability window=30s category=db.stats.countCars count=1 sumNanos=603653144 avgNanos=603653144
zil-app                 | 2026-05-05T00:12:57.116Z  INFO 1 --- [   scheduling-1] r.observability.ObservabilityService     : LAB9 Observability window=30s category=web.CarController.getCars count=357 sumNanos=168509505047 avgNanos=472015420
zil-app                 | 2026-05-05T00:12:57.116Z  INFO 1 --- [   scheduling-1] r.observability.ObservabilityService     : LAB9 Observability window=30s category=db.car.findAll count=357 sumNanos=168505225877 avgNanos=472003433
zil-app                 | 2026-05-05T00:12:57.116Z  INFO 1 --- [   scheduling-1] r.observability.ObservabilityService     : LAB9 Observability window=30s category=web.StatsController.stats count=1 sumNanos=702117979 avgNanos=702117979
zil-app                 | 2026-05-05T00:12:57.116Z  INFO 1 --- [   scheduling-1] r.observability.ObservabilityService     : LAB9 Observability window=1m category=web.ClientController.getClients count=1 sumNanos=759993745 avgNanos=759993745
zil-app                 | 2026-05-05T00:12:57.116Z  INFO 1 --- [   scheduling-1] r.observability.ObservabilityService     : LAB9 Observability window=1m category=db.stats.countRents count=1 sumNanos=77232537 avgNanos=77232537
zil-app                 | 2026-05-05T00:12:57.116Z  INFO 1 --- [   scheduling-1] r.observability.ObservabilityService     : LAB9 Observability window=1m category=web.RentController.getRents count=349 sumNanos=202512808915 avgNanos=580265928
zil-app                 | 2026-05-05T00:12:57.116Z  INFO 1 --- [   scheduling-1] r.observability.ObservabilityService     : LAB9 Observability window=1m category=db.client.findAll count=1 sumNanos=759708475 avgNanos=759708475
zil-app                 | 2026-05-05T00:12:57.116Z  INFO 1 --- [   scheduling-1] r.observability.ObservabilityService     : LAB9 Observability window=1m category=db.rent.findAll count=349 sumNanos=202503557393 avgNanos=580239419
zil-app                 | 2026-05-05T00:12:57.116Z  INFO 1 --- [   scheduling-1] r.observability.ObservabilityService     : LAB9 Observability window=1m category=db.stats.countClients count=1 sumNanos=20143329 avgNanos=20143329
zil-app                 | 2026-05-05T00:12:57.116Z  INFO 1 --- [   scheduling-1] r.observability.ObservabilityService     : LAB9 Observability window=1m category=db.stats.countCars count=1 sumNanos=603653144 avgNanos=603653144
zil-app                 | 2026-05-05T00:12:57.116Z  INFO 1 --- [   scheduling-1] r.observability.ObservabilityService     : LAB9 Observability window=1m category=web.CarController.getCars count=359 sumNanos=169125353284 avgNanos=471101262
zil-app                 | 2026-05-05T00:12:57.116Z  INFO 1 --- [   scheduling-1] r.observability.ObservabilityService     : LAB9 Observability window=1m category=db.car.findAll count=359 sumNanos=169121066741 avgNanos=471089322
zil-app                 | 2026-05-05T00:12:57.116Z  INFO 1 --- [   scheduling-1] r.observability.ObservabilityService     : LAB9 Observability window=1m category=web.StatsController.stats count=1 sumNanos=702117979 avgNanos=702117979
zil-app                 | 2026-05-05T00:13:02.148Z  INFO 1 --- [   scheduling-1] r.observability.ObservabilityService     : LAB9 Observability window=10s category=web.RentController.getRents count=232 sumNanos=72666143363 avgNanos=313216135
zil-app                 | 2026-05-05T00:13:02.149Z  INFO 1 --- [   scheduling-1] r.observability.ObservabilityService     : LAB9 Observability window=10s category=db.rent.findAll count=232 sumNanos=72665058507 avgNanos=313211459
zil-app                 | 2026-05-05T00:13:02.149Z  INFO 1 --- [   scheduling-1] r.observability.ObservabilityService     : LAB9 Observability window=10s category=web.CarController.getCars count=230 sumNanos=63654847471 avgNanos=276760206
zil-app                 | 2026-05-05T00:13:02.149Z  INFO 1 --- [   scheduling-1] r.observability.ObservabilityService     : LAB9 Observability window=10s category=db.car.findAll count=230 sumNanos=63653842967 avgNanos=276755838
zil-app                 | 2026-05-05T00:13:02.149Z  INFO 1 --- [   scheduling-1] r.observability.ObservabilityService     : LAB9 Observability window=30s category=web.RentController.getRents count=476 sumNanos=235762815758 avgNanos=495300033
zil-app                 | 2026-05-05T00:13:02.149Z  INFO 1 --- [   scheduling-1] r.observability.ObservabilityService     : LAB9 Observability window=30s category=db.rent.findAll count=476 sumNanos=235753287763 avgNanos=495280016
zil-app                 | 2026-05-05T00:13:02.150Z  INFO 1 --- [   scheduling-1] r.observability.ObservabilityService     : LAB9 Observability window=30s category=web.CarController.getCars count=485 sumNanos=201671422765 avgNanos=415817366
zil-app                 | 2026-05-05T00:13:02.223Z  INFO 1 --- [   scheduling-1] r.observability.ObservabilityService     : LAB9 Observability window=30s category=db.car.findAll count=485 sumNanos=201666869406 avgNanos=415807978
zil-app                 | 2026-05-05T00:13:02.224Z  INFO 1 --- [   scheduling-1] r.observability.ObservabilityService     : LAB9 Observability window=1m category=web.ClientController.getClients count=1 sumNanos=759993745 avgNanos=759993745
zil-app                 | 2026-05-05T00:13:02.225Z  INFO 1 --- [   scheduling-1] r.observability.ObservabilityService     : LAB9 Observability window=1m category=db.stats.countRents count=1 sumNanos=77232537 avgNanos=77232537
zil-app                 | 2026-05-05T00:13:02.226Z  INFO 1 --- [   scheduling-1] r.observability.ObservabilityService     : LAB9 Observability window=1m category=web.RentController.getRents count=479 sumNanos=236515491620 avgNanos=493769293
zil-app                 | 2026-05-05T00:13:02.244Z  INFO 1 --- [   scheduling-1] r.observability.ObservabilityService     : LAB9 Observability window=1m category=db.client.findAll count=1 sumNanos=759708475 avgNanos=759708475
zil-app                 | 2026-05-05T00:13:02.244Z  INFO 1 --- [   scheduling-1] r.observability.ObservabilityService     : LAB9 Observability window=1m category=db.rent.findAll count=479 sumNanos=236505644510 avgNanos=493748735
zil-app                 | 2026-05-05T00:13:02.244Z  INFO 1 --- [   scheduling-1] r.observability.ObservabilityService     : LAB9 Observability window=1m category=db.stats.countClients count=1 sumNanos=20143329 avgNanos=20143329
zil-app                 | 2026-05-05T00:13:02.244Z  INFO 1 --- [   scheduling-1] r.observability.ObservabilityService     : LAB9 Observability window=1m category=db.stats.countCars count=1 sumNanos=603653144 avgNanos=603653144
zil-app                 | 2026-05-05T00:13:02.245Z  INFO 1 --- [   scheduling-1] r.observability.ObservabilityService     : LAB9 Observability window=1m category=web.CarController.getCars count=488 sumNanos=202329012512 avgNanos=414608632
zil-app                 | 2026-05-05T00:13:02.245Z  INFO 1 --- [   scheduling-1] r.observability.ObservabilityService     : LAB9 Observability window=1m category=db.car.findAll count=488 sumNanos=202324183898 avgNanos=414598737
zil-app                 | 2026-05-05T00:13:02.245Z  INFO 1 --- [   scheduling-1] r.observability.ObservabilityService     : LAB9 Observability window=1m category=web.StatsController.stats count=1 sumNanos=702117979 avgNanos=702117979
zil-app                 | 2026-05-05T00:13:07.316Z  INFO 1 --- [   scheduling-1] r.observability.ObservabilityService     : LAB9 Observability window=10s category=web.RentController.getRents count=266 sumNanos=64159093973 avgNanos=241199601
zil-app                 | 2026-05-05T00:13:07.317Z  INFO 1 --- [   scheduling-1] r.observability.ObservabilityService     : LAB9 Observability window=10s category=db.rent.findAll count=266 sumNanos=64157852702 avgNanos=241194934
zil-app                 | 2026-05-05T00:13:07.320Z  INFO 1 --- [   scheduling-1] r.observability.ObservabilityService     : LAB9 Observability window=10s category=web.CarController.getCars count=267 sumNanos=64477430145 avgNanos=241488502
zil-app                 | 2026-05-05T00:13:07.323Z  INFO 1 --- [   scheduling-1] r.observability.ObservabilityService     : LAB9 Observability window=10s category=db.car.findAll count=267 sumNanos=64476110608 avgNanos=241483560
zil-app                 | 2026-05-05T00:13:07.326Z  INFO 1 --- [   scheduling-1] r.observability.ObservabilityService     : LAB9 Observability window=30s category=web.RentController.getRents count=584 sumNanos=228948520325 avgNanos=392035137
zil-app                 | 2026-05-05T00:13:07.326Z  INFO 1 --- [   scheduling-1] r.observability.ObservabilityService     : LAB9 Observability window=30s category=db.rent.findAll count=584 sumNanos=228944212761 avgNanos=392027761
zil-app                 | 2026-05-05T00:13:07.326Z  INFO 1 --- [   scheduling-1] r.observability.ObservabilityService     : LAB9 Observability window=30s category=web.CarController.getCars count=585 sumNanos=202732596305 avgNanos=346551446
zil-app                 | 2026-05-05T00:13:07.326Z  INFO 1 --- [   scheduling-1] r.observability.ObservabilityService     : LAB9 Observability window=30s category=db.car.findAll count=585 sumNanos=202729073442 avgNanos=346545424
zil-app                 | 2026-05-05T00:13:07.327Z  INFO 1 --- [   scheduling-1] r.observability.ObservabilityService     : LAB9 Observability window=1m category=web.ClientController.getClients count=1 sumNanos=759993745 avgNanos=759993745
zil-app                 | 2026-05-05T00:13:07.327Z  INFO 1 --- [   scheduling-1] r.observability.ObservabilityService     : LAB9 Observability window=1m category=db.stats.countRents count=1 sumNanos=77232537 avgNanos=77232537
zil-app                 | 2026-05-05T00:13:07.327Z  INFO 1 --- [   scheduling-1] r.observability.ObservabilityService     : LAB9 Observability window=1m category=web.RentController.getRents count=622 sumNanos=268371613767 avgNanos=431465616
zil-app                 | 2026-05-05T00:13:07.327Z  INFO 1 --- [   scheduling-1] r.observability.ObservabilityService     : LAB9 Observability window=1m category=db.client.findAll count=1 sumNanos=759708475 avgNanos=759708475
zil-app                 | 2026-05-05T00:13:07.327Z  INFO 1 --- [   scheduling-1] r.observability.ObservabilityService     : LAB9 Observability window=1m category=db.rent.findAll count=622 sumNanos=268361081363 avgNanos=431448683
zil-app                 | 2026-05-05T00:13:07.327Z  INFO 1 --- [   scheduling-1] r.observability.ObservabilityService     : LAB9 Observability window=1m category=db.stats.countClients count=1 sumNanos=20143329 avgNanos=20143329
zil-app                 | 2026-05-05T00:13:07.327Z  INFO 1 --- [   scheduling-1] r.observability.ObservabilityService     : LAB9 Observability window=1m category=db.stats.countCars count=1 sumNanos=603653144 avgNanos=603653144
zil-app                 | 2026-05-05T00:13:07.327Z  INFO 1 --- [   scheduling-1] r.observability.ObservabilityService     : LAB9 Observability window=1m category=web.CarController.getCars count=631 sumNanos=235343317401 avgNanos=372968807
zil-app                 | 2026-05-05T00:13:07.327Z  INFO 1 --- [   scheduling-1] r.observability.ObservabilityService     : LAB9 Observability window=1m category=db.car.findAll count=631 sumNanos=235337692511 avgNanos=372959893
zil-app                 | 2026-05-05T00:13:07.327Z  INFO 1 --- [   scheduling-1] r.observability.ObservabilityService     : LAB9 Observability window=1m category=web.StatsController.stats count=1 sumNanos=702117979 avgNanos=702117979
zil-app                 | 2026-05-05T00:13:12.332Z  INFO 1 --- [   scheduling-1] r.observability.ObservabilityService     : LAB9 Observability window=10s category=web.RentController.getRents count=291 sumNanos=60758285821 avgNanos=208791360
zil-app                 | 2026-05-05T00:13:12.345Z  INFO 1 --- [   scheduling-1] r.observability.ObservabilityService     : LAB9 Observability window=10s category=db.rent.findAll count=291 sumNanos=60752945207 avgNanos=208773007
zil-app                 | 2026-05-05T00:13:12.349Z  INFO 1 --- [   scheduling-1] r.observability.ObservabilityService     : LAB9 Observability window=10s category=web.CarController.getCars count=294 sumNanos=60662178734 avgNanos=206333941
zil-app                 | 2026-05-05T00:13:12.407Z  INFO 1 --- [   scheduling-1] r.observability.ObservabilityService     : LAB9 Observability window=10s category=db.car.findAll count=294 sumNanos=60660603079 avgNanos=206328581
zil-app                 | 2026-05-05T00:13:12.408Z  INFO 1 --- [   scheduling-1] r.observability.ObservabilityService     : LAB9 Observability window=30s category=web.RentController.getRents count=687 sumNanos=216948919951 avgNanos=315791732
zil-app                 | 2026-05-05T00:13:12.410Z  INFO 1 --- [   scheduling-1] r.observability.ObservabilityService     : LAB9 Observability window=30s category=db.rent.findAll count=687 sumNanos=216940693248 avgNanos=315779757
zil-app                 | 2026-05-05T00:13:12.413Z  INFO 1 --- [   scheduling-1] r.observability.ObservabilityService     : LAB9 Observability window=30s category=web.CarController.getCars count=686 sumNanos=192771397226 avgNanos=281007867
zil-app                 | 2026-05-05T00:13:12.421Z  INFO 1 --- [   scheduling-1] r.observability.ObservabilityService     : LAB9 Observability window=30s category=db.car.findAll count=686 sumNanos=192767681376 avgNanos=281002450
zil-app                 | 2026-05-05T00:13:12.432Z  INFO 1 --- [   scheduling-1] r.observability.ObservabilityService     : LAB9 Observability window=1m category=web.ClientController.getClients count=1 sumNanos=759993745 avgNanos=759993745
zil-app                 | 2026-05-05T00:13:12.432Z  INFO 1 --- [   scheduling-1] r.observability.ObservabilityService     : LAB9 Observability window=1m category=db.stats.countRents count=1 sumNanos=77232537 avgNanos=77232537
zil-app                 | 2026-05-05T00:13:12.432Z  INFO 1 --- [   scheduling-1] r.observability.ObservabilityService     : LAB9 Observability window=1m category=web.RentController.getRents count=778 sumNanos=298989085721 avgNanos=384304737
zil-app                 | 2026-05-05T00:13:12.432Z  INFO 1 --- [   scheduling-1] r.observability.ObservabilityService     : LAB9 Observability window=1m category=db.client.findAll count=1 sumNanos=759708475 avgNanos=759708475
zil-app                 | 2026-05-05T00:13:12.432Z  INFO 1 --- [   scheduling-1] r.observability.ObservabilityService     : LAB9 Observability window=1m category=db.rent.findAll count=778 sumNanos=298973865025 avgNanos=384285173
zil-app                 | 2026-05-05T00:13:12.432Z  INFO 1 --- [   scheduling-1] r.observability.ObservabilityService     : LAB9 Observability window=1m category=db.stats.countClients count=1 sumNanos=20143329 avgNanos=20143329
zil-app                 | 2026-05-05T00:13:12.432Z  INFO 1 --- [   scheduling-1] r.observability.ObservabilityService     : LAB9 Observability window=1m category=db.stats.countCars count=1 sumNanos=603653144 avgNanos=603653144
zil-app                 | 2026-05-05T00:13:12.432Z  INFO 1 --- [   scheduling-1] r.observability.ObservabilityService     : LAB9 Observability window=1m category=web.CarController.getCars count=789 sumNanos=264495746467 avgNanos=335229082
zil-app                 | 2026-05-05T00:13:12.432Z  INFO 1 --- [   scheduling-1] r.observability.ObservabilityService     : LAB9 Observability window=1m category=db.car.findAll count=789 sumNanos=264489316469 avgNanos=335220933
zil-app                 | 2026-05-05T00:13:12.432Z  INFO 1 --- [   scheduling-1] r.observability.ObservabilityService     : LAB9 Observability window=1m category=web.StatsController.stats count=1 sumNanos=702117979 avgNanos=702117979
zil-app                 | 2026-05-05T00:13:17.439Z  INFO 1 --- [   scheduling-1] r.observability.ObservabilityService     : LAB9 Observability window=10s category=web.RentController.getRents count=325 sumNanos=60323870495 avgNanos=185611909
zil-app                 | 2026-05-05T00:13:17.507Z  INFO 1 --- [   scheduling-1] r.observability.ObservabilityService     : LAB9 Observability window=10s category=db.rent.findAll count=326 sumNanos=60429084319 avgNanos=185365289
zil-app                 | 2026-05-05T00:13:17.507Z  INFO 1 --- [   scheduling-1] r.observability.ObservabilityService     : LAB9 Observability window=10s category=web.CarController.getCars count=327 sumNanos=57797359068 avgNanos=176750333
zil-app                 | 2026-05-05T00:13:17.508Z  INFO 1 --- [   scheduling-1] r.observability.ObservabilityService     : LAB9 Observability window=10s category=db.car.findAll count=327 sumNanos=57794987287 avgNanos=176743080
zil-app                 | 2026-05-05T00:13:17.508Z  INFO 1 --- [   scheduling-1] r.observability.ObservabilityService     : LAB9 Observability window=30s category=web.RentController.getRents count=790 sumNanos=204679931126 avgNanos=259088520
zil-app                 | 2026-05-05T00:13:17.508Z  INFO 1 --- [   scheduling-1] r.observability.ObservabilityService     : LAB9 Observability window=30s category=db.rent.findAll count=791 sumNanos=204782203035 avgNanos=258890269
zil-app                 | 2026-05-05T00:13:17.508Z  INFO 1 --- [   scheduling-1] r.observability.ObservabilityService     : LAB9 Observability window=30s category=web.CarController.getCars count=788 sumNanos=186308279240 avgNanos=236431826
zil-app                 | 2026-05-05T00:13:17.508Z  INFO 1 --- [   scheduling-1] r.observability.ObservabilityService     : LAB9 Observability window=30s category=db.car.findAll count=788 sumNanos=186303630357 avgNanos=236425926
zil-app                 | 2026-05-05T00:13:17.513Z  INFO 1 --- [   scheduling-1] r.observability.ObservabilityService     : LAB9 Observability window=1m category=web.ClientController.getClients count=1 sumNanos=759993745 avgNanos=759993745
zil-app                 | 2026-05-05T00:13:17.513Z  INFO 1 --- [   scheduling-1] r.observability.ObservabilityService     : LAB9 Observability window=1m category=db.stats.countRents count=1 sumNanos=77232537 avgNanos=77232537
zil-app                 | 2026-05-05T00:13:17.513Z  INFO 1 --- [   scheduling-1] r.observability.ObservabilityService     : LAB9 Observability window=1m category=web.RentController.getRents count=953 sumNanos=330004452615 avgNanos=346279593
zil-app                 | 2026-05-05T00:13:17.514Z  INFO 1 --- [   scheduling-1] r.observability.ObservabilityService     : LAB9 Observability window=1m category=db.client.findAll count=1 sumNanos=759708475 avgNanos=759708475
zil-app                 | 2026-05-05T00:13:17.514Z  INFO 1 --- [   scheduling-1] r.observability.ObservabilityService     : LAB9 Observability window=1m category=db.rent.findAll count=954 sumNanos=330099090353 avgNanos=346015817
zil-app                 | 2026-05-05T00:13:17.514Z  INFO 1 --- [   scheduling-1] r.observability.ObservabilityService     : LAB9 Observability window=1m category=db.stats.countClients count=1 sumNanos=20143329 avgNanos=20143329
zil-app                 | 2026-05-05T00:13:17.514Z  INFO 1 --- [   scheduling-1] r.observability.ObservabilityService     : LAB9 Observability window=1m category=db.stats.countCars count=1 sumNanos=603653144 avgNanos=603653144
zil-app                 | 2026-05-05T00:13:17.515Z  INFO 1 --- [   scheduling-1] r.observability.ObservabilityService     : LAB9 Observability window=1m category=web.CarController.getCars count=959 sumNanos=293259722795 avgNanos=305797416
zil-app                 | 2026-05-05T00:13:17.516Z  INFO 1 --- [   scheduling-1] r.observability.ObservabilityService     : LAB9 Observability window=1m category=db.car.findAll count=959 sumNanos=293251721330 avgNanos=305789073
zil-app                 | 2026-05-05T00:13:17.517Z  INFO 1 --- [   scheduling-1] r.observability.ObservabilityService     : LAB9 Observability window=1m category=web.StatsController.stats count=1 sumNanos=702117979 avgNanos=702117979
zil-app                 | 2026-05-05T00:13:22.530Z  INFO 1 --- [   scheduling-1] r.observability.ObservabilityService     : LAB9 Observability window=10s category=web.RentController.getRents count=342 sumNanos=61946809168 avgNanos=181131020
zil-app                 | 2026-05-05T00:13:22.530Z  INFO 1 --- [   scheduling-1] r.observability.ObservabilityService     : LAB9 Observability window=10s category=db.rent.findAll count=342 sumNanos=61944678215 avgNanos=181124790
zil-app                 | 2026-05-05T00:13:22.530Z  INFO 1 --- [   scheduling-1] r.observability.ObservabilityService     : LAB9 Observability window=10s category=web.CarController.getCars count=344 sumNanos=60517058595 avgNanos=175921681
zil-app                 | 2026-05-05T00:13:22.530Z  INFO 1 --- [   scheduling-1] r.observability.ObservabilityService     : LAB9 Observability window=10s category=db.car.findAll count=344 sumNanos=60514760123 avgNanos=175915000
zil-app                 | 2026-05-05T00:13:22.531Z  INFO 1 --- [   scheduling-1] r.observability.ObservabilityService     : LAB9 Observability window=30s category=web.RentController.getRents count=873 sumNanos=196056542273 avgNanos=224577940
zil-app                 | 2026-05-05T00:13:22.531Z  INFO 1 --- [   scheduling-1] r.observability.ObservabilityService     : LAB9 Observability window=30s category=db.rent.findAll count=873 sumNanos=196047951297 avgNanos=224568099
zil-app                 | 2026-05-05T00:13:22.531Z  INFO 1 --- [   scheduling-1] r.observability.ObservabilityService     : LAB9 Observability window=30s category=web.CarController.getCars count=870 sumNanos=184132341905 avgNanos=211646370
zil-app                 | 2026-05-05T00:13:22.531Z  INFO 1 --- [   scheduling-1] r.observability.ObservabilityService     : LAB9 Observability window=30s category=db.car.findAll count=870 sumNanos=184127455453 avgNanos=211640753
zil-app                 | 2026-05-05T00:13:22.532Z  INFO 1 --- [   scheduling-1] r.observability.ObservabilityService     : LAB9 Observability window=1m category=web.ClientController.getClients count=1 sumNanos=759993745 avgNanos=759993745
zil-app                 | 2026-05-05T00:13:22.532Z  INFO 1 --- [   scheduling-1] r.observability.ObservabilityService     : LAB9 Observability window=1m category=db.stats.countRents count=1 sumNanos=77232537 avgNanos=77232537
zil-app                 | 2026-05-05T00:13:22.532Z  INFO 1 --- [   scheduling-1] r.observability.ObservabilityService     : LAB9 Observability window=1m category=web.RentController.getRents count=1124 sumNanos=361714280755 avgNanos=321809858
zil-app                 | 2026-05-05T00:13:22.532Z  INFO 1 --- [   scheduling-1] r.observability.ObservabilityService     : LAB9 Observability window=1m category=db.client.findAll count=1 sumNanos=759708475 avgNanos=759708475
zil-app                 | 2026-05-05T00:13:22.532Z  INFO 1 --- [   scheduling-1] r.observability.ObservabilityService     : LAB9 Observability window=1m category=db.rent.findAll count=1124 sumNanos=361696911273 avgNanos=321794405
zil-app                 | 2026-05-05T00:13:22.532Z  INFO 1 --- [   scheduling-1] r.observability.ObservabilityService     : LAB9 Observability window=1m category=db.stats.countClients count=1 sumNanos=20143329 avgNanos=20143329
zil-app                 | 2026-05-05T00:13:22.532Z  INFO 1 --- [   scheduling-1] r.observability.ObservabilityService     : LAB9 Observability window=1m category=db.stats.countCars count=1 sumNanos=603653144 avgNanos=603653144
zil-app                 | 2026-05-05T00:13:22.532Z  INFO 1 --- [   scheduling-1] r.observability.ObservabilityService     : LAB9 Observability window=1m category=web.CarController.getCars count=1134 sumNanos=325094839404 avgNanos=286679752
zil-app                 | 2026-05-05T00:13:22.533Z  INFO 1 --- [   scheduling-1] r.observability.ObservabilityService     : LAB9 Observability window=1m category=db.car.findAll count=1134 sumNanos=325086106480 avgNanos=286672051
zil-app                 | 2026-05-05T00:13:22.533Z  INFO 1 --- [   scheduling-1] r.observability.ObservabilityService     : LAB9 Observability window=1m category=web.StatsController.stats count=1 sumNanos=702117979 avgNanos=702117979
zil-app                 | 2026-05-05T00:13:27.549Z  INFO 1 --- [   scheduling-1] r.observability.ObservabilityService     : LAB9 Observability window=10s category=web.RentController.getRents count=338 sumNanos=63446268009 avgNanos=187710852
zil-app                 | 2026-05-05T00:13:27.549Z  INFO 1 --- [   scheduling-1] r.observability.ObservabilityService     : LAB9 Observability window=10s category=db.rent.findAll count=338 sumNanos=63441009437 avgNanos=187695294
zil-app                 | 2026-05-05T00:13:27.549Z  INFO 1 --- [   scheduling-1] r.observability.ObservabilityService     : LAB9 Observability window=10s category=web.CarController.getCars count=342 sumNanos=62346502324 avgNanos=182299714
zil-additional-service  | 2026-05-05T00:13:03.159Z  INFO 1 --- [zil-additional-service] [   scheduling-1] r.a.observability.ObservabilityService   : LAB9 Observability window=1m category=additional.statsComputation.stats count=27 sumNanos=117678 avgNanos=4358
zil-additional-service  | 2026-05-05T00:13:03.159Z  INFO 1 --- [zil-additional-service] [   scheduling-1] r.a.observability.ObservabilityService   : LAB9 Observability window=1m category=web.additional.stats count=27 sumNanos=33349773791 avgNanos=1235176807
zil-additional-service  | 2026-05-05T00:13:03.159Z  INFO 1 --- [zil-additional-service] [   scheduling-1] r.a.observability.ObservabilityService   : LAB9 Observability window=1m category=http.main.clients count=1 sumNanos=1977000469 avgNanos=1977000469
zil-additional-service  | 2026-05-05T00:13:03.159Z  INFO 1 --- [zil-additional-service] [   scheduling-1] r.a.observability.ObservabilityService   : LAB9 Observability window=1m category=http.main.rents count=504 sumNanos=316065348886 avgNanos=627113787
zil-additional-service  | 2026-05-05T00:13:03.160Z  INFO 1 --- [zil-additional-service] [   scheduling-1] r.a.observability.ObservabilityService   : LAB9 Observability window=1m category=http.main.cars count=511 sumNanos=267216326302 avgNanos=522928231
zil-additional-service  | 2026-05-05T00:13:03.160Z  INFO 1 --- [zil-additional-service] [   scheduling-1] r.a.observability.ObservabilityService   : LAB9 Observability window=1m category=web.additional.availability_new count=477 sumNanos=550539537963 avgNanos=1154170939
zil-additional-service  | 2026-05-05T00:13:03.160Z  INFO 1 --- [zil-additional-service] [   scheduling-1] r.a.observability.ObservabilityService   : LAB9 Observability window=1m category=additional.statsComputation.availability.allCitiesAllDates count=477 sumNanos=155013436 avgNanos=324975
zil-additional-service  | 2026-05-05T00:13:08.161Z  INFO 1 --- [zil-additional-service] [   scheduling-1] r.a.observability.ObservabilityService   : LAB9 Observability window=10s category=additional.statsComputation.stats count=13 sumNanos=33486 avgNanos=2575
zil-additional-service  | 2026-05-05T00:13:08.164Z  INFO 1 --- [zil-additional-service] [   scheduling-1] r.a.observability.ObservabilityService   : LAB9 Observability window=10s category=web.additional.stats count=13 sumNanos=8601324948 avgNanos=661640380
zil-additional-service  | 2026-05-05T00:13:08.164Z  INFO 1 --- [zil-additional-service] [   scheduling-1] r.a.observability.ObservabilityService   : LAB9 Observability window=10s category=http.main.rents count=270 sumNanos=91916407735 avgNanos=340431139
zil-additional-service  | 2026-05-05T00:13:08.164Z  INFO 1 --- [zil-additional-service] [   scheduling-1] r.a.observability.ObservabilityService   : LAB9 Observability window=10s category=http.main.cars count=268 sumNanos=88701285192 avgNanos=330974944
zil-additional-service  | 2026-05-05T00:13:08.164Z  INFO 1 --- [zil-additional-service] [   scheduling-1] r.a.observability.ObservabilityService   : LAB9 Observability window=10s category=web.additional.availability_new count=257 sumNanos=172362844947 avgNanos=670672548
zil-additional-service  | 2026-05-05T00:13:08.164Z  INFO 1 --- [zil-additional-service] [   scheduling-1] r.a.observability.ObservabilityService   : LAB9 Observability window=10s category=additional.statsComputation.availability.allCitiesAllDates count=257 sumNanos=57537936 avgNanos=223883
zil-additional-service  | 2026-05-05T00:13:08.164Z  INFO 1 --- [zil-additional-service] [   scheduling-1] r.a.observability.ObservabilityService   : LAB9 Observability window=30s category=additional.statsComputation.stats count=32 sumNanos=86654 avgNanos=2707
zil-additional-service  | 2026-05-05T00:13:08.164Z  INFO 1 --- [zil-additional-service] [   scheduling-1] r.a.observability.ObservabilityService   : LAB9 Observability window=30s category=web.additional.stats count=32 sumNanos=31342767355 avgNanos=979461479
zil-additional-service  | 2026-05-05T00:13:08.164Z  INFO 1 --- [zil-additional-service] [   scheduling-1] r.a.observability.ObservabilityService   : LAB9 Observability window=30s category=http.main.rents count=601 sumNanos=303453202376 avgNanos=504913814
zil-additional-service  | 2026-05-05T00:13:08.164Z  INFO 1 --- [zil-additional-service] [   scheduling-1] r.a.observability.ObservabilityService   : LAB9 Observability window=30s category=http.main.cars count=595 sumNanos=260417623478 avgNanos=437676678
zil-additional-service  | 2026-05-05T00:13:08.165Z  INFO 1 --- [zil-additional-service] [   scheduling-1] r.a.observability.ObservabilityService   : LAB9 Observability window=30s category=web.additional.availability_new count=569 sumNanos=542466536596 avgNanos=953368254
zil-additional-service  | 2026-05-05T00:13:08.165Z  INFO 1 --- [zil-additional-service] [   scheduling-1] r.a.observability.ObservabilityService   : LAB9 Observability window=30s category=additional.statsComputation.availability.allCitiesAllDates count=569 sumNanos=146916177 avgNanos=258200
zil-additional-service  | 2026-05-05T00:13:08.165Z  INFO 1 --- [zil-additional-service] [   scheduling-1] r.a.observability.ObservabilityService   : LAB9 Observability window=1m category=additional.statsComputation.stats count=35 sumNanos=139495 avgNanos=3985
zil-additional-service  | 2026-05-05T00:13:08.165Z  INFO 1 --- [zil-additional-service] [   scheduling-1] r.a.observability.ObservabilityService   : LAB9 Observability window=1m category=web.additional.stats count=35 sumNanos=38228175455 avgNanos=1092233584
zil-additional-service  | 2026-05-05T00:13:08.165Z  INFO 1 --- [zil-additional-service] [   scheduling-1] r.a.observability.ObservabilityService   : LAB9 Observability window=1m category=http.main.clients count=1 sumNanos=1977000469 avgNanos=1977000469
zil-additional-service  | 2026-05-05T00:13:08.165Z  INFO 1 --- [zil-additional-service] [   scheduling-1] r.a.observability.ObservabilityService   : LAB9 Observability window=1m category=http.main.rents count=644 sumNanos=361053372693 avgNanos=560641883
zil-additional-service  | 2026-05-05T00:13:08.165Z  INFO 1 --- [zil-additional-service] [   scheduling-1] r.a.observability.ObservabilityService   : LAB9 Observability window=1m category=http.main.cars count=651 sumNanos=312429711968 avgNanos=479922752
zil-additional-service  | 2026-05-05T00:13:08.165Z  INFO 1 --- [zil-additional-service] [   scheduling-1] r.a.observability.ObservabilityService   : LAB9 Observability window=1m category=web.additional.availability_new count=609 sumNanos=635354473344 avgNanos=1043274997
zil-additional-service  | 2026-05-05T00:13:08.165Z  INFO 1 --- [zil-additional-service] [   scheduling-1] r.a.observability.ObservabilityService   : LAB9 Observability window=1m category=additional.statsComputation.availability.allCitiesAllDates count=609 sumNanos=182369402 avgNanos=299457
zil-additional-service  | 2026-05-05T00:13:12.959Z  INFO 1 --- [zil-additional-service] [   scheduling-1] r.additional.service.ClientCacheService  : [client-cache-statistics] Client cache size=1000
zil-additional-service  | 2026-05-05T00:13:13.166Z  INFO 1 --- [zil-additional-service] [   scheduling-1] r.a.observability.ObservabilityService   : LAB9 Observability window=10s category=additional.statsComputation.stats count=16 sumNanos=43209 avgNanos=2700
zil-additional-service  | 2026-05-05T00:13:13.167Z  INFO 1 --- [zil-additional-service] [   scheduling-1] r.a.observability.ObservabilityService   : LAB9 Observability window=10s category=web.additional.stats count=16 sumNanos=10142654902 avgNanos=633915931
zil-additional-service  | 2026-05-05T00:13:13.167Z  INFO 1 --- [zil-additional-service] [   scheduling-1] r.a.observability.ObservabilityService   : LAB9 Observability window=10s category=http.main.rents count=299 sumNanos=89346556643 avgNanos=298817915
zil-additional-service  | 2026-05-05T00:13:13.167Z  INFO 1 --- [zil-additional-service] [   scheduling-1] r.a.observability.ObservabilityService   : LAB9 Observability window=10s category=http.main.cars count=304 sumNanos=87946665966 avgNanos=289298243
zil-additional-service  | 2026-05-05T00:13:13.167Z  INFO 1 --- [zil-additional-service] [   scheduling-1] r.a.observability.ObservabilityService   : LAB9 Observability window=10s category=web.additional.availability_new count=283 sumNanos=166883973635 avgNanos=589696019
zil-additional-service  | 2026-05-05T00:13:13.167Z  INFO 1 --- [zil-additional-service] [   scheduling-1] r.a.observability.ObservabilityService   : LAB9 Observability window=10s category=additional.statsComputation.availability.allCitiesAllDates count=283 sumNanos=63902377 avgNanos=225803
zil-additional-service  | 2026-05-05T00:13:13.167Z  INFO 1 --- [zil-additional-service] [   scheduling-1] r.a.observability.ObservabilityService   : LAB9 Observability window=30s category=additional.statsComputation.stats count=37 sumNanos=101706 avgNanos=2748
zil-additional-service  | 2026-05-05T00:13:13.167Z  INFO 1 --- [zil-additional-service] [   scheduling-1] r.a.observability.ObservabilityService   : LAB9 Observability window=30s category=web.additional.stats count=37 sumNanos=31079049675 avgNanos=839974315
zil-additional-service  | 2026-05-05T00:13:13.168Z  INFO 1 --- [zil-additional-service] [   scheduling-1] r.a.observability.ObservabilityService   : LAB9 Observability window=30s category=http.main.rents count=704 sumNanos=293306761009 avgNanos=416628921
zil-additional-service  | 2026-05-05T00:13:13.168Z  INFO 1 --- [zil-additional-service] [   scheduling-1] r.a.observability.ObservabilityService   : LAB9 Observability window=30s category=http.main.cars count=704 sumNanos=258548230585 avgNanos=367256009
zil-additional-service  | 2026-05-05T00:13:13.168Z  INFO 1 --- [zil-additional-service] [   scheduling-1] r.a.observability.ObservabilityService   : LAB9 Observability window=30s category=web.additional.availability_new count=667 sumNanos=527337910383 avgNanos=790611559
zil-additional-service  | 2026-05-05T00:13:13.168Z  INFO 1 --- [zil-additional-service] [   scheduling-1] r.a.observability.ObservabilityService   : LAB9 Observability window=30s category=additional.statsComputation.availability.allCitiesAllDates count=667 sumNanos=148603377 avgNanos=222793
zil-additional-service  | 2026-05-05T00:13:13.168Z  INFO 1 --- [zil-additional-service] [   scheduling-1] r.a.observability.ObservabilityService   : LAB9 Observability window=1m category=additional.statsComputation.stats count=43 sumNanos=160887 avgNanos=3741
zil-additional-service  | 2026-05-05T00:13:13.168Z  INFO 1 --- [zil-additional-service] [   scheduling-1] r.a.observability.ObservabilityService   : LAB9 Observability window=1m category=web.additional.stats count=43 sumNanos=43492428693 avgNanos=1011451830
zil-additional-service  | 2026-05-05T00:13:13.168Z  INFO 1 --- [zil-additional-service] [   scheduling-1] r.a.observability.ObservabilityService   : LAB9 Observability window=1m category=http.main.clients count=1 sumNanos=1977000469 avgNanos=1977000469
zil-additional-service  | 2026-05-05T00:13:13.168Z  INFO 1 --- [zil-additional-service] [   scheduling-1] r.a.observability.ObservabilityService   : LAB9 Observability window=1m category=http.main.rents count=803 sumNanos=405411905529 avgNanos=504871613
zil-additional-service  | 2026-05-05T00:13:13.169Z  INFO 1 --- [zil-additional-service] [   scheduling-1] r.a.observability.ObservabilityService   : LAB9 Observability window=1m category=http.main.cars count=815 sumNanos=355162992268 avgNanos=435782812
zil-additional-service  | 2026-05-05T00:13:13.169Z  INFO 1 --- [zil-additional-service] [   scheduling-1] r.a.observability.ObservabilityService   : LAB9 Observability window=1m category=web.additional.availability_new count=760 sumNanos=717423511598 avgNanos=943978304
zil-additional-service  | 2026-05-05T00:13:13.169Z  INFO 1 --- [zil-additional-service] [   scheduling-1] r.a.observability.ObservabilityService   : LAB9 Observability window=1m category=additional.statsComputation.availability.allCitiesAllDates count=760 sumNanos=218915813 avgNanos=288047
zil-additional-service  | 2026-05-05T00:13:18.170Z  INFO 1 --- [zil-additional-service] [   scheduling-1] r.a.observability.ObservabilityService   : LAB9 Observability window=10s category=additional.statsComputation.stats count=17 sumNanos=46638 avgNanos=2743
zil-additional-service  | 2026-05-05T00:13:18.170Z  INFO 1 --- [zil-additional-service] [   scheduling-1] r.a.observability.ObservabilityService   : LAB9 Observability window=10s category=web.additional.stats count=17 sumNanos=10053633572 avgNanos=591390210
zil-additional-service  | 2026-05-05T00:13:18.170Z  INFO 1 --- [zil-additional-service] [   scheduling-1] r.a.observability.ObservabilityService   : LAB9 Observability window=10s category=http.main.rents count=331 sumNanos=87970930277 avgNanos=265773203
zil-additional-service  | 2026-05-05T00:13:18.170Z  INFO 1 --- [zil-additional-service] [   scheduling-1] r.a.observability.ObservabilityService   : LAB9 Observability window=10s category=http.main.cars count=335 sumNanos=83874642183 avgNanos=250372066
zil-additional-service  | 2026-05-05T00:13:18.170Z  INFO 1 --- [zil-additional-service] [   scheduling-1] r.a.observability.ObservabilityService   : LAB9 Observability window=10s category=web.additional.availability_new count=314 sumNanos=162526773361 avgNanos=517601189
zil-additional-service  | 2026-05-05T00:13:18.170Z  INFO 1 --- [zil-additional-service] [   scheduling-1] r.a.observability.ObservabilityService   : LAB9 Observability window=10s category=additional.statsComputation.availability.allCitiesAllDates count=314 sumNanos=114606200 avgNanos=364987
zil-additional-service  | 2026-05-05T00:13:18.171Z  INFO 1 --- [zil-additional-service] [   scheduling-1] r.a.observability.ObservabilityService   : LAB9 Observability window=30s category=additional.statsComputation.stats count=40 sumNanos=114911 avgNanos=2872
zil-additional-service  | 2026-05-05T00:13:18.171Z  INFO 1 --- [zil-additional-service] [   scheduling-1] r.a.observability.ObservabilityService   : LAB9 Observability window=30s category=web.additional.stats count=40 sumNanos=27302588630 avgNanos=682564715
zil-additional-service  | 2026-05-05T00:13:18.171Z  INFO 1 --- [zil-additional-service] [   scheduling-1] r.a.observability.ObservabilityService   : LAB9 Observability window=30s category=http.main.rents count=804 sumNanos=285665658021 avgNanos=355305544
zil-additional-service  | 2026-05-05T00:13:18.172Z  INFO 1 --- [zil-additional-service] [   scheduling-1] r.a.observability.ObservabilityService   : LAB9 Observability window=30s category=http.main.cars count=804 sumNanos=255876509310 avgNanos=318254364
zil-additional-service  | 2026-05-05T00:13:18.172Z  INFO 1 --- [zil-additional-service] [   scheduling-1] r.a.observability.ObservabilityService   : LAB9 Observability window=30s category=web.additional.availability_new count=764 sumNanos=519225855717 avgNanos=679614994
zil-additional-service  | 2026-05-05T00:13:18.172Z  INFO 1 --- [zil-additional-service] [   scheduling-1] r.a.observability.ObservabilityService   : LAB9 Observability window=30s category=additional.statsComputation.availability.allCitiesAllDates count=764 sumNanos=212980945 avgNanos=278770
zil-additional-service  | 2026-05-05T00:13:18.173Z  INFO 1 --- [zil-additional-service] [   scheduling-1] r.a.observability.ObservabilityService   : LAB9 Observability window=1m category=additional.statsComputation.stats count=52 sumNanos=186133 avgNanos=3579
zil-additional-service  | 2026-05-05T00:13:18.174Z  INFO 1 --- [zil-additional-service] [   scheduling-1] r.a.observability.ObservabilityService   : LAB9 Observability window=1m category=web.additional.stats count=52 sumNanos=48281809027 avgNanos=928496327
zil-additional-service  | 2026-05-05T00:13:18.174Z  INFO 1 --- [zil-additional-service] [   scheduling-1] r.a.observability.ObservabilityService   : LAB9 Observability window=1m category=http.main.clients count=1 sumNanos=1977000469 avgNanos=1977000469
zil-additional-service  | 2026-05-05T00:13:18.174Z  INFO 1 --- [zil-additional-service] [   scheduling-1] r.a.observability.ObservabilityService   : LAB9 Observability window=1m category=http.main.rents count=975 sumNanos=449024302970 avgNanos=460537746
zil-additional-service  | 2026-05-05T00:13:18.174Z  INFO 1 --- [zil-additional-service] [   scheduling-1] r.a.observability.ObservabilityService   : LAB9 Observability window=1m category=http.main.cars count=986 sumNanos=396304354151 avgNanos=401931393
zil-additional-service  | 2026-05-05T00:13:18.174Z  INFO 1 --- [zil-additional-service] [   scheduling-1] r.a.observability.ObservabilityService   : LAB9 Observability window=1m category=web.additional.availability_new count=923 sumNanos=797881246705 avgNanos=864443387
zil-additional-service  | 2026-05-05T00:13:18.174Z  INFO 1 --- [zil-additional-service] [   scheduling-1] r.a.observability.ObservabilityService   : LAB9 Observability window=1m category=additional.statsComputation.availability.allCitiesAllDates count=923 sumNanos=296975602 avgNanos=321750
zil-additional-service  | 2026-05-05T00:13:22.984Z  INFO 1 --- [zil-additional-service] [   scheduling-1] r.additional.service.ClientCacheService  : [client-cache-statistics] Client cache size=1000
zil-additional-service  | 2026-05-05T00:13:23.176Z  INFO 1 --- [zil-additional-service] [   scheduling-1] r.a.observability.ObservabilityService   : LAB9 Observability window=10s category=additional.statsComputation.stats count=15 sumNanos=42103 avgNanos=2806
zil-additional-service  | 2026-05-05T00:13:23.177Z  INFO 1 --- [zil-additional-service] [   scheduling-1] r.a.observability.ObservabilityService   : LAB9 Observability window=10s category=web.additional.stats count=15 sumNanos=7488607849 avgNanos=499240523
zil-additional-service  | 2026-05-05T00:13:23.177Z  INFO 1 --- [zil-additional-service] [   scheduling-1] r.a.observability.ObservabilityService   : LAB9 Observability window=10s category=http.main.rents count=339 sumNanos=87715751667 avgNanos=258748529
zil-additional-service  | 2026-05-05T00:13:23.177Z  INFO 1 --- [zil-additional-service] [   scheduling-1] r.a.observability.ObservabilityService   : LAB9 Observability window=10s category=http.main.cars count=338 sumNanos=82260638983 avgNanos=243374671
zil-additional-service  | 2026-05-05T00:13:23.177Z  INFO 1 --- [zil-additional-service] [   scheduling-1] r.a.observability.ObservabilityService   : LAB9 Observability window=10s category=web.additional.availability_new count=324 sumNanos=162522538048 avgNanos=501612771
zil-additional-service  | 2026-05-05T00:13:23.177Z  INFO 1 --- [zil-additional-service] [   scheduling-1] r.a.observability.ObservabilityService   : LAB9 Observability window=10s category=additional.statsComputation.availability.allCitiesAllDates count=324 sumNanos=119313622 avgNanos=368251
zil-additional-service  | 2026-05-05T00:13:23.178Z  INFO 1 --- [zil-additional-service] [   scheduling-1] r.a.observability.ObservabilityService   : LAB9 Observability window=30s category=additional.statsComputation.stats count=40 sumNanos=120445 avgNanos=3011
zil-additional-service  | 2026-05-05T00:13:23.178Z  INFO 1 --- [zil-additional-service] [   scheduling-1] r.a.observability.ObservabilityService   : LAB9 Observability window=30s category=web.additional.stats count=40 sumNanos=24442173272 avgNanos=611054331
zil-additional-service  | 2026-05-05T00:13:23.178Z  INFO 1 --- [zil-additional-service] [   scheduling-1] r.a.observability.ObservabilityService   : LAB9 Observability window=30s category=http.main.rents count=877 sumNanos=275064072009 avgNanos=313642043
zil-additional-service  | 2026-05-05T00:13:23.179Z  INFO 1 --- [zil-additional-service] [   scheduling-1] r.a.observability.ObservabilityService   : LAB9 Observability window=30s category=http.main.cars count=879 sumNanos=255172502367 avgNanos=290298637
zil-additional-service  | 2026-05-05T00:13:23.179Z  INFO 1 --- [zil-additional-service] [   scheduling-1] r.a.observability.ObservabilityService   : LAB9 Observability window=30s category=web.additional.availability_new count=837 sumNanos=507052177166 avgNanos=605797105
zil-additional-service  | 2026-05-05T00:13:23.181Z  INFO 1 --- [zil-additional-service] [   scheduling-1] r.a.observability.ObservabilityService   : LAB9 Observability window=30s category=additional.statsComputation.availability.allCitiesAllDates count=837 sumNanos=231278899 avgNanos=276318
zil-additional-service  | 2026-05-05T00:13:23.182Z  INFO 1 --- [zil-additional-service] [   scheduling-1] r.a.observability.ObservabilityService   : LAB9 Observability window=1m category=additional.statsComputation.stats count=58 sumNanos=202990 avgNanos=3499
zil-additional-service  | 2026-05-05T00:13:23.183Z  INFO 1 --- [zil-additional-service] [   scheduling-1] r.a.observability.ObservabilityService   : LAB9 Observability window=1m category=web.additional.stats count=58 sumNanos=50981036542 avgNanos=878983388
zil-additional-service  | 2026-05-05T00:13:23.183Z  INFO 1 --- [zil-additional-service] [   scheduling-1] r.a.observability.ObservabilityService   : LAB9 Observability window=1m category=http.main.clients count=1 sumNanos=1977000469 avgNanos=1977000469
zil-additional-service  | 2026-05-05T00:13:23.183Z  INFO 1 --- [zil-additional-service] [   scheduling-1] r.a.observability.ObservabilityService   : LAB9 Observability window=1m category=http.main.rents count=1142 sumNanos=493127657196 avgNanos=431810557
zil-additional-service  | 2026-05-05T00:13:23.183Z  INFO 1 --- [zil-additional-service] [   scheduling-1] r.a.observability.ObservabilityService   : LAB9 Observability window=1m category=http.main.cars count=1153 sumNanos=437423631251 avgNanos=379378691
zil-additional-service  | 2026-05-05T00:13:23.183Z  INFO 1 --- [zil-additional-service] [   scheduling-1] r.a.observability.ObservabilityService   : LAB9 Observability window=1m category=web.additional.availability_new count=1084 sumNanos=879946049646 avgNanos=811758348
zil-additional-service  | 2026-05-05T00:13:23.183Z  INFO 1 --- [zil-additional-service] [   scheduling-1] r.a.observability.ObservabilityService   : LAB9 Observability window=1m category=additional.statsComputation.availability.allCitiesAllDates count=1084 sumNanos=338229435 avgNanos=312019
zil-additional-service  | 2026-05-05T00:13:28.186Z  INFO 1 --- [zil-additional-service] [   scheduling-1] r.a.observability.ObservabilityService   : LAB9 Observability window=10s category=additional.statsComputation.stats count=12 sumNanos=33732 avgNanos=2811
zil-additional-service  | 2026-05-05T00:13:28.189Z  INFO 1 --- [zil-additional-service] [   scheduling-1] r.a.observability.ObservabilityService   : LAB9 Observability window=10s category=web.additional.stats count=12 sumNanos=5255893646 avgNanos=437991137
zil-additional-service  | 2026-05-05T00:13:28.189Z  INFO 1 --- [zil-additional-service] [   scheduling-1] r.a.observability.ObservabilityService   : LAB9 Observability window=10s category=http.main.rents count=343 sumNanos=88853684516 avgNanos=259048642
zil-additional-service  | 2026-05-05T00:13:28.189Z  INFO 1 --- [zil-additional-service] [   scheduling-1] r.a.observability.ObservabilityService   : LAB9 Observability window=10s category=http.main.cars count=339 sumNanos=82930235026 avgNanos=244631961
zil-additional-service  | 2026-05-05T00:13:28.189Z  INFO 1 --- [zil-additional-service] [   scheduling-1] r.a.observability.ObservabilityService   : LAB9 Observability window=10s category=web.additional.availability_new count=331 sumNanos=167397768074 avgNanos=505733438
zil-additional-service  | 2026-05-05T00:13:28.189Z  INFO 1 --- [zil-additional-service] [   scheduling-1] r.a.observability.ObservabilityService   : LAB9 Observability window=10s category=additional.statsComputation.availability.allCitiesAllDates count=331 sumNanos=112873973 avgNanos=341008
zil-additional-service  | 2026-05-05T00:13:28.190Z  INFO 1 --- [zil-additional-service] [   scheduling-1] r.a.observability.ObservabilityService   : LAB9 Observability window=30s category=additional.statsComputation.stats count=42 sumNanos=113856 avgNanos=2710
zil-additional-service  | 2026-05-05T00:13:28.190Z  INFO 1 --- [zil-additional-service] [   scheduling-1] r.a.observability.ObservabilityService   : LAB9 Observability window=30s category=web.additional.stats count=42 sumNanos=23910852166 avgNanos=569306003
zil-additional-service  | 2026-05-05T00:13:28.190Z  INFO 1 --- [zil-additional-service] [   scheduling-1] r.a.observability.ObservabilityService   : LAB9 Observability window=30s category=http.main.rents count=944 sumNanos=268741022528 avgNanos=284683286
zil-additional-service  | 2026-05-05T00:13:28.191Z  INFO 1 --- [zil-additional-service] [   scheduling-1] r.a.observability.ObservabilityService   : LAB9 Observability window=30s category=http.main.cars count=942 sumNanos=255506162401 avgNanos=271237964
zil-additional-service  | 2026-05-05T00:13:28.191Z  INFO 1 --- [zil-additional-service] [   scheduling-1] r.a.observability.ObservabilityService   : LAB9 Observability window=30s category=web.additional.availability_new count=902 sumNanos=502287386382 avgNanos=556859630
zil-additional-service  | 2026-05-05T00:13:28.191Z  INFO 1 --- [zil-additional-service] [   scheduling-1] r.a.observability.ObservabilityService   : LAB9 Observability window=30s category=additional.statsComputation.availability.allCitiesAllDates count=902 sumNanos=285018109 avgNanos=315984
zil-additional-service  | 2026-05-05T00:13:28.191Z  INFO 1 --- [zil-additional-service] [   scheduling-1] r.a.observability.ObservabilityService   : LAB9 Observability window=1m category=additional.statsComputation.stats count=64 sumNanos=219865 avgNanos=3435
zil-additional-service  | 2026-05-05T00:13:28.192Z  INFO 1 --- [zil-additional-service] [   scheduling-1] r.a.observability.ObservabilityService   : LAB9 Observability window=1m category=web.additional.stats count=64 sumNanos=53537702673 avgNanos=836526604
zil-additional-service  | 2026-05-05T00:13:28.192Z  INFO 1 --- [zil-additional-service] [   scheduling-1] r.a.observability.ObservabilityService   : LAB9 Observability window=1m category=http.main.clients count=1 sumNanos=1977000469 avgNanos=1977000469
zil-additional-service  | 2026-05-05T00:13:28.192Z  INFO 1 --- [zil-additional-service] [   scheduling-1] r.a.observability.ObservabilityService   : LAB9 Observability window=1m category=http.main.rents count=1318 sumNanos=537877987486 avgNanos=408101659
zil-additional-service  | 2026-05-05T00:13:28.192Z  INFO 1 --- [zil-additional-service] [   scheduling-1] r.a.observability.ObservabilityService   : LAB9 Observability window=1m category=http.main.cars count=1325 sumNanos=479234589177 avgNanos=361686482
zil-additional-service  | 2026-05-05T00:13:28.192Z  INFO 1 --- [zil-additional-service] [   scheduling-1] r.a.observability.ObservabilityService   : LAB9 Observability window=1m category=web.additional.availability_new count=1254 sumNanos=965279014779 avgNanos=769759979
zil-additional-service  | 2026-05-05T00:13:28.192Z  INFO 1 --- [zil-additional-service] [   scheduling-1] r.a.observability.ObservabilityService   : LAB9 Observability window=1m category=additional.statsComputation.availability.allCitiesAllDates count=1254 sumNanos=409849575 avgNanos=326833
zil-additional-service  | 2026-05-05T00:13:32.959Z  INFO 1 --- [zil-additional-service] [   scheduling-1] r.additional.service.ClientCacheService  : [client-cache-statistics] Client cache size=1000
zil-additional-service  | 2026-05-05T00:13:33.193Z  INFO 1 --- [zil-additional-service] [   scheduling-1] r.a.observability.ObservabilityService   : LAB9 Observability window=10s category=additional.statsComputation.stats count=15 sumNanos=41442 avgNanos=2762
zil-additional-service  | 2026-05-05T00:13:33.194Z  INFO 1 --- [zil-additional-service] [   scheduling-1] r.a.observability.ObservabilityService   : LAB9 Observability window=10s category=web.additional.stats count=15 sumNanos=7697709429 avgNanos=513180628
zil-additional-service  | 2026-05-05T00:13:33.194Z  INFO 1 --- [zil-additional-service] [   scheduling-1] r.a.observability.ObservabilityService   : LAB9 Observability window=10s category=http.main.rents count=350 sumNanos=88783034269 avgNanos=253665812
zil-additional-service  | 2026-05-05T00:13:33.195Z  INFO 1 --- [zil-additional-service] [   scheduling-1] r.a.observability.ObservabilityService   : LAB9 Observability window=10s category=http.main.cars count=353 sumNanos=82845750115 avgNanos=234690510
zil-additional-service  | 2026-05-05T00:13:33.195Z  INFO 1 --- [zil-additional-service] [   scheduling-1] r.a.observability.ObservabilityService   : LAB9 Observability window=10s category=web.additional.availability_new count=335 sumNanos=164078814159 avgNanos=489787504
zil-additional-service  | 2026-05-05T00:13:33.195Z  INFO 1 --- [zil-additional-service] [   scheduling-1] r.a.observability.ObservabilityService   : LAB9 Observability window=10s category=additional.statsComputation.availability.allCitiesAllDates count=335 sumNanos=220280904 avgNanos=657554
zil-additional-service  | 2026-05-05T00:13:33.196Z  INFO 1 --- [zil-additional-service] [   scheduling-1] r.a.observability.ObservabilityService   : LAB9 Observability window=30s category=additional.statsComputation.stats count=46 sumNanos=126754 avgNanos=2755
zil-additional-service  | 2026-05-05T00:13:33.196Z  INFO 1 --- [zil-additional-service] [   scheduling-1] r.a.observability.ObservabilityService   : LAB9 Observability window=30s category=web.additional.stats count=46 sumNanos=25328972180 avgNanos=550629830
zil-additional-service  | 2026-05-05T00:13:33.196Z  INFO 1 --- [zil-additional-service] [   scheduling-1] r.a.observability.ObservabilityService   : LAB9 Observability window=30s category=http.main.rents count=988 sumNanos=265845342579 avgNanos=269074233
zil-additional-service  | 2026-05-05T00:13:33.196Z  INFO 1 --- [zil-additional-service] [   scheduling-1] r.a.observability.ObservabilityService   : LAB9 Observability window=30s category=http.main.cars count=995 sumNanos=253053055064 avgNanos=254324678
zil-additional-service  | 2026-05-05T00:13:33.197Z  INFO 1 --- [zil-additional-service] [   scheduling-1] r.a.observability.ObservabilityService   : LAB9 Observability window=30s category=web.additional.availability_new count=942 sumNanos=493485325842 avgNanos=523869772
zil-additional-service  | 2026-05-05T00:13:33.197Z  INFO 1 --- [zil-additional-service] [   scheduling-1] r.a.observability.ObservabilityService   : LAB9 Observability window=30s category=additional.statsComputation.availability.allCitiesAllDates count=942 sumNanos=403496903 avgNanos=428340
zil-additional-service  | 2026-05-05T00:13:33.197Z  INFO 1 --- [zil-additional-service] [   scheduling-1] r.a.observability.ObservabilityService   : LAB9 Observability window=1m category=additional.statsComputation.stats count=72 sumNanos=195985 avgNanos=2722
zil-additional-service  | 2026-05-05T00:13:33.197Z  INFO 1 --- [zil-additional-service] [   scheduling-1] r.a.observability.ObservabilityService   : LAB9 Observability window=1m category=web.additional.stats count=72 sumNanos=55787556431 avgNanos=774827172
zil-additional-service  | 2026-05-05T00:13:33.197Z  INFO 1 --- [zil-additional-service] [   scheduling-1] r.a.observability.ObservabilityService   : LAB9 Observability window=1m category=http.main.rents count=1491 sumNanos=581310310458 avgNanos=389879483
zil-additional-service  | 2026-05-05T00:13:33.197Z  INFO 1 --- [zil-additional-service] [   scheduling-1] r.a.observability.ObservabilityService   : LAB9 Observability window=1m category=http.main.cars count=1492 sumNanos=509320949287 avgNanos=341367928
zil-additional-service  | 2026-05-05T00:13:33.197Z  INFO 1 --- [zil-additional-service] [   scheduling-1] r.a.observability.ObservabilityService   : LAB9 Observability window=1m category=web.additional.availability_new count=1419 sumNanos=1044024863805 avgNanos=735746908
zil-additional-service  | 2026-05-05T00:13:33.197Z  INFO 1 --- [zil-additional-service] [   scheduling-1] r.a.observability.ObservabilityService   : LAB9 Observability window=1m category=additional.statsComputation.availability.allCitiesAllDates count=1419 sumNanos=558510339 avgNanos=393594
zil-additional-service  | 2026-05-05T00:13:38.249Z  INFO 1 --- [zil-additional-service] [   scheduling-1] r.a.observability.ObservabilityService   : LAB9 Observability window=10s category=additional.statsComputation.stats count=17 sumNanos=47630 avgNanos=2801
zil-additional-service  | 2026-05-05T00:13:38.254Z  INFO 1 --- [zil-additional-service] [   scheduling-1] r.a.observability.ObservabilityService   : LAB9 Observability window=10s category=web.additional.stats count=17 sumNanos=8864477135 avgNanos=521439831
zil-additional-service  | 2026-05-05T00:13:38.254Z  INFO 1 --- [zil-additional-service] [   scheduling-1] r.a.observability.ObservabilityService   : LAB9 Observability window=10s category=http.main.rents count=365 sumNanos=87139961877 avgNanos=238739621
zil-additional-service  | 2026-05-05T00:13:38.254Z  INFO 1 --- [zil-additional-service] [   scheduling-1] r.a.observability.ObservabilityService   : LAB9 Observability window=10s category=http.main.cars count=365 sumNanos=81315557536 avgNanos=222782349
zil-additional-service  | 2026-05-05T00:13:38.254Z  INFO 1 --- [zil-additional-service] [   scheduling-1] r.a.observability.ObservabilityService   : LAB9 Observability window=10s category=web.additional.availability_new count=348 sumNanos=160182263044 avgNanos=460293859
zil-additional-service  | 2026-05-05T00:13:38.254Z  INFO 1 --- [zil-additional-service] [   scheduling-1] r.a.observability.ObservabilityService   : LAB9 Observability window=10s category=additional.statsComputation.availability.allCitiesAllDates count=348 sumNanos=197524932 avgNanos=567600
zil-additional-service  | 2026-05-05T00:13:38.254Z  INFO 1 --- [zil-additional-service] [   scheduling-1] r.a.observability.ObservabilityService   : LAB9 Observability window=30s category=additional.statsComputation.stats count=46 sumNanos=128000 avgNanos=2782
zil-additional-service  | 2026-05-05T00:13:38.254Z  INFO 1 --- [zil-additional-service] [   scheduling-1] r.a.observability.ObservabilityService   : LAB9 Observability window=30s category=web.additional.stats count=46 sumNanos=24174004353 avgNanos=525521833
zil-additional-service  | 2026-05-05T00:13:38.254Z  INFO 1 --- [zil-additional-service] [   scheduling-1] r.a.observability.ObservabilityService   : LAB9 Observability window=30s category=http.main.rents count=1040 sumNanos=264126104135 avgNanos=253967407
zil-additional-service  | 2026-05-05T00:13:38.255Z  INFO 1 --- [zil-additional-service] [   scheduling-1] r.a.observability.ObservabilityService   : LAB9 Observability window=30s category=http.main.cars count=1035 sumNanos=246994113944 avgNanos=238641655
zil-additional-service  | 2026-05-05T00:13:38.255Z  INFO 1 --- [zil-additional-service] [   scheduling-1] r.a.observability.ObservabilityService   : LAB9 Observability window=30s category=web.additional.availability_new count=994 sumNanos=490341204720 avgNanos=493301010
zil-additional-service  | 2026-05-05T00:13:38.255Z  INFO 1 --- [zil-additional-service] [   scheduling-1] r.a.observability.ObservabilityService   : LAB9 Observability window=30s category=additional.statsComputation.availability.allCitiesAllDates count=994 sumNanos=425047498 avgNanos=427613
zil-additional-service  | 2026-05-05T00:13:38.255Z  INFO 1 --- [zil-additional-service] [   scheduling-1] r.a.observability.ObservabilityService   : LAB9 Observability window=1m category=additional.statsComputation.stats count=78 sumNanos=214654 avgNanos=2751
zil-additional-service  | 2026-05-05T00:13:38.255Z  INFO 1 --- [zil-additional-service] [   scheduling-1] r.a.observability.ObservabilityService   : LAB9 Observability window=1m category=web.additional.stats count=78 sumNanos=55516771708 avgNanos=711753483
zil-additional-service  | 2026-05-05T00:13:38.255Z  INFO 1 --- [zil-additional-service] [   scheduling-1] r.a.observability.ObservabilityService   : LAB9 Observability window=1m category=http.main.rents count=1643 sumNanos=567757835007 avgNanos=345561676
zil-app                 | 2026-05-05T00:13:27.549Z  INFO 1 --- [   scheduling-1] r.observability.ObservabilityService     : LAB9 Observability window=10s category=db.car.findAll count=342 sumNanos=62328587899 avgNanos=182247333
zil-app                 | 2026-05-05T00:13:27.568Z  INFO 1 --- [   scheduling-1] r.observability.ObservabilityService     : LAB9 Observability window=30s category=web.RentController.getRents count=935 sumNanos=188779342822 avgNanos=201903040
zil-app                 | 2026-05-05T00:13:27.640Z  INFO 1 --- [   scheduling-1] r.observability.ObservabilityService     : LAB9 Observability window=30s category=db.rent.findAll count=935 sumNanos=188767198294 avgNanos=201890051
zil-app                 | 2026-05-05T00:13:27.640Z  INFO 1 --- [   scheduling-1] r.observability.ObservabilityService     : LAB9 Observability window=30s category=web.CarController.getCars count=931 sumNanos=183300938207 avgNanos=196886077
zil-app                 | 2026-05-05T00:13:27.641Z  INFO 1 --- [   scheduling-1] r.observability.ObservabilityService     : LAB9 Observability window=30s category=db.car.findAll count=931 sumNanos=183279354344 avgNanos=196862894
zil-app                 | 2026-05-05T00:13:27.642Z  INFO 1 --- [   scheduling-1] r.observability.ObservabilityService     : LAB9 Observability window=1m category=web.ClientController.getClients count=1 sumNanos=759993745 avgNanos=759993745
zil-app                 | 2026-05-05T00:13:27.644Z  INFO 1 --- [   scheduling-1] r.observability.ObservabilityService     : LAB9 Observability window=1m category=db.stats.countRents count=1 sumNanos=77232537 avgNanos=77232537
zil-app                 | 2026-05-05T00:13:27.644Z  INFO 1 --- [   scheduling-1] r.observability.ObservabilityService     : LAB9 Observability window=1m category=web.RentController.getRents count=1298 sumNanos=394810278748 avgNanos=304168165
zil-app                 | 2026-05-05T00:13:27.644Z  INFO 1 --- [   scheduling-1] r.observability.ObservabilityService     : LAB9 Observability window=1m category=db.client.findAll count=1 sumNanos=759708475 avgNanos=759708475
zil-app                 | 2026-05-05T00:13:27.645Z  INFO 1 --- [   scheduling-1] r.observability.ObservabilityService     : LAB9 Observability window=1m category=db.rent.findAll count=1298 sumNanos=394788813034 avgNanos=304151627
zil-app                 | 2026-05-05T00:13:27.645Z  INFO 1 --- [   scheduling-1] r.observability.ObservabilityService     : LAB9 Observability window=1m category=db.stats.countClients count=1 sumNanos=20143329 avgNanos=20143329
zil-app                 | 2026-05-05T00:13:27.646Z  INFO 1 --- [   scheduling-1] r.observability.ObservabilityService     : LAB9 Observability window=1m category=db.stats.countCars count=1 sumNanos=603653144 avgNanos=603653144
zil-app                 | 2026-05-05T00:13:27.646Z  INFO 1 --- [   scheduling-1] r.observability.ObservabilityService     : LAB9 Observability window=1m category=web.CarController.getCars count=1306 sumNanos=356638887181 avgNanos=273077248
zil-app                 | 2026-05-05T00:13:27.650Z  INFO 1 --- [   scheduling-1] r.observability.ObservabilityService     : LAB9 Observability window=1m category=db.car.findAll count=1306 sumNanos=356612951748 avgNanos=273057390
zil-app                 | 2026-05-05T00:13:27.650Z  INFO 1 --- [   scheduling-1] r.observability.ObservabilityService     : LAB9 Observability window=1m category=web.StatsController.stats count=1 sumNanos=702117979 avgNanos=702117979
zil-app                 | 2026-05-05T00:13:32.716Z  INFO 1 --- [   scheduling-1] r.observability.ObservabilityService     : LAB9 Observability window=10s category=web.RentController.getRents count=350 sumNanos=66464459848 avgNanos=189898456
zil-app                 | 2026-05-05T00:13:32.722Z  INFO 1 --- [   scheduling-1] r.observability.ObservabilityService     : LAB9 Observability window=10s category=db.rent.findAll count=350 sumNanos=66457816405 avgNanos=189879475
zil-app                 | 2026-05-05T00:13:32.743Z  INFO 1 --- [   scheduling-1] r.observability.ObservabilityService     : LAB9 Observability window=10s category=web.CarController.getCars count=343 sumNanos=61978977679 avgNanos=180696727
zil-app                 | 2026-05-05T00:13:32.743Z  INFO 1 --- [   scheduling-1] r.observability.ObservabilityService     : LAB9 Observability window=10s category=db.car.findAll count=343 sumNanos=61960386154 avgNanos=180642525
zil-app                 | 2026-05-05T00:13:32.744Z  INFO 1 --- [   scheduling-1] r.observability.ObservabilityService     : LAB9 Observability window=30s category=web.RentController.getRents count=987 sumNanos=189736230409 avgNanos=192235289
zil-app                 | 2026-05-05T00:13:32.744Z  INFO 1 --- [   scheduling-1] r.observability.ObservabilityService     : LAB9 Observability window=30s category=db.rent.findAll count=987 sumNanos=189719578671 avgNanos=192218418
zil-app                 | 2026-05-05T00:13:32.744Z  INFO 1 --- [   scheduling-1] r.observability.ObservabilityService     : LAB9 Observability window=30s category=web.CarController.getCars count=988 sumNanos=184006922354 avgNanos=186241824
zil-app                 | 2026-05-05T00:13:32.744Z  INFO 1 --- [   scheduling-1] r.observability.ObservabilityService     : LAB9 Observability window=30s category=db.car.findAll count=988 sumNanos=183984443944 avgNanos=186219072
zil-app                 | 2026-05-05T00:13:32.810Z  INFO 1 --- [   scheduling-1] r.observability.ObservabilityService     : LAB9 Observability window=1m category=web.RentController.getRents count=1479 sumNanos=429259905971 avgNanos=290236582
zil-app                 | 2026-05-05T00:13:32.820Z  INFO 1 --- [   scheduling-1] r.observability.ObservabilityService     : LAB9 Observability window=1m category=db.rent.findAll count=1479 sumNanos=429233657048 avgNanos=290218835
zil-app                 | 2026-05-05T00:13:32.821Z  INFO 1 --- [   scheduling-1] r.observability.ObservabilityService     : LAB9 Observability window=1m category=web.CarController.getCars count=1480 sumNanos=385728916308 avgNanos=260627646
zil-app                 | 2026-05-05T00:13:32.821Z  INFO 1 --- [   scheduling-1] r.observability.ObservabilityService     : LAB9 Observability window=1m category=db.car.findAll count=1480 sumNanos=385701925159 avgNanos=260609408
zil-app                 | 2026-05-05T00:13:37.830Z  INFO 1 --- [   scheduling-1] r.observability.ObservabilityService     : LAB9 Observability window=10s category=web.RentController.getRents count=363 sumNanos=66068751435 avgNanos=182007579
zil-app                 | 2026-05-05T00:13:37.830Z  INFO 1 --- [   scheduling-1] r.observability.ObservabilityService     : LAB9 Observability window=10s category=db.rent.findAll count=363 sumNanos=66060151144 avgNanos=181983887
zil-app                 | 2026-05-05T00:13:37.830Z  INFO 1 --- [   scheduling-1] r.observability.ObservabilityService     : LAB9 Observability window=10s category=web.CarController.getCars count=368 sumNanos=64043175454 avgNanos=174030368
zil-app                 | 2026-05-05T00:13:37.830Z  INFO 1 --- [   scheduling-1] r.observability.ObservabilityService     : LAB9 Observability window=10s category=db.car.findAll count=368 sumNanos=64040611035 avgNanos=174023399
zil-app                 | 2026-05-05T00:13:37.831Z  INFO 1 --- [   scheduling-1] r.observability.ObservabilityService     : LAB9 Observability window=30s category=web.RentController.getRents count=1036 sumNanos=191531305958 avgNanos=184875777
zil-app                 | 2026-05-05T00:13:37.850Z  INFO 1 --- [   scheduling-1] r.observability.ObservabilityService     : LAB9 Observability window=30s category=db.rent.findAll count=1036 sumNanos=191511802232 avgNanos=184856951
zil-app                 | 2026-05-05T00:13:37.851Z  INFO 1 --- [   scheduling-1] r.observability.ObservabilityService     : LAB9 Observability window=30s category=web.CarController.getCars count=1033 sumNanos=183909021634 avgNanos=178033902
zil-app                 | 2026-05-05T00:13:37.858Z  INFO 1 --- [   scheduling-1] r.observability.ObservabilityService     : LAB9 Observability window=30s category=db.car.findAll count=1033 sumNanos=183886237994 avgNanos=178011847
zil-app                 | 2026-05-05T00:13:37.858Z  INFO 1 --- [   scheduling-1] r.observability.ObservabilityService     : LAB9 Observability window=1m category=web.RentController.getRents count=1630 sumNanos=420224815185 avgNanos=257806635
zil-app                 | 2026-05-05T00:13:37.862Z  INFO 1 --- [   scheduling-1] r.observability.ObservabilityService     : LAB9 Observability window=1m category=db.rent.findAll count=1630 sumNanos=420201062936 avgNanos=257792063
zil-app                 | 2026-05-05T00:13:37.862Z  INFO 1 --- [   scheduling-1] r.observability.ObservabilityService     : LAB9 Observability window=1m category=web.CarController.getCars count=1627 sumNanos=383317365710 avgNanos=235597643
zil-app                 | 2026-05-05T00:13:37.862Z  INFO 1 --- [   scheduling-1] r.observability.ObservabilityService     : LAB9 Observability window=1m category=db.car.findAll count=1627 sumNanos=383291037727 avgNanos=235581461
zil-app                 | 2026-05-05T00:13:42.912Z  INFO 1 --- [   scheduling-1] r.observability.ObservabilityService     : LAB9 Observability window=10s category=web.RentController.getRents count=378 sumNanos=63228107721 avgNanos=167270126
zil-app                 | 2026-05-05T00:13:42.919Z  INFO 1 --- [   scheduling-1] r.observability.ObservabilityService     : LAB9 Observability window=10s category=db.rent.findAll count=378 sumNanos=63223360557 avgNanos=167257567
zil-app                 | 2026-05-05T00:13:42.926Z  INFO 1 --- [   scheduling-1] r.observability.ObservabilityService     : LAB9 Observability window=10s category=web.CarController.getCars count=379 sumNanos=62322912398 avgNanos=164440402
zil-app                 | 2026-05-05T00:13:42.926Z  INFO 1 --- [   scheduling-1] r.observability.ObservabilityService     : LAB9 Observability window=10s category=db.car.findAll count=379 sumNanos=62320058209 avgNanos=164432871
zil-app                 | 2026-05-05T00:13:42.926Z  INFO 1 --- [   scheduling-1] r.observability.ObservabilityService     : LAB9 Observability window=30s category=web.RentController.getRents count=1070 sumNanos=191921147139 avgNanos=179365558
zil-app                 | 2026-05-05T00:13:42.926Z  INFO 1 --- [   scheduling-1] r.observability.ObservabilityService     : LAB9 Observability window=30s category=db.rent.findAll count=1070 sumNanos=191905101376 avgNanos=179350562
zil-app                 | 2026-05-05T00:13:42.926Z  INFO 1 --- [   scheduling-1] r.observability.ObservabilityService     : LAB9 Observability window=30s category=web.CarController.getCars count=1067 sumNanos=185235668044 avgNanos=173604187
zil-app                 | 2026-05-05T00:13:42.926Z  INFO 1 --- [   scheduling-1] r.observability.ObservabilityService     : LAB9 Observability window=30s category=db.car.findAll count=1067 sumNanos=185211967438 avgNanos=173581975
zil-app                 | 2026-05-05T00:13:42.927Z  INFO 1 --- [   scheduling-1] r.observability.ObservabilityService     : LAB9 Observability window=1m category=web.RentController.getRents count=1768 sumNanos=406969991887 avgNanos=230186646
zil-app                 | 2026-05-05T00:13:42.927Z  INFO 1 --- [   scheduling-1] r.observability.ObservabilityService     : LAB9 Observability window=1m category=db.rent.findAll count=1768 sumNanos=406945725991 avgNanos=230172921
zil-app                 | 2026-05-05T00:13:42.927Z  INFO 1 --- [   scheduling-1] r.observability.ObservabilityService     : LAB9 Observability window=1m category=web.CarController.getCars count=1765 sumNanos=378068543326 avgNanos=214203140
zil-app                 | 2026-05-05T00:13:42.927Z  INFO 1 --- [   scheduling-1] r.observability.ObservabilityService     : LAB9 Observability window=1m category=db.car.findAll count=1765 sumNanos=378041088293 avgNanos=214187585
zil-app                 | 2026-05-05T00:13:47.931Z  INFO 1 --- [   scheduling-1] r.observability.ObservabilityService     : LAB9 Observability window=10s category=web.RentController.getRents count=387 sumNanos=65550125395 avgNanos=169380168
zil-app                 | 2026-05-05T00:13:47.934Z  INFO 1 --- [   scheduling-1] r.observability.ObservabilityService     : LAB9 Observability window=10s category=db.rent.findAll count=387 sumNanos=65547631213 avgNanos=169373724
zil-app                 | 2026-05-05T00:13:47.940Z  INFO 1 --- [   scheduling-1] r.observability.ObservabilityService     : LAB9 Observability window=10s category=web.CarController.getCars count=392 sumNanos=63621585482 avgNanos=162299962
zil-app                 | 2026-05-05T00:13:47.951Z  INFO 1 --- [   scheduling-1] r.observability.ObservabilityService     : LAB9 Observability window=10s category=db.car.findAll count=392 sumNanos=63618233559 avgNanos=162291412
zil-app                 | 2026-05-05T00:13:47.951Z  INFO 1 --- [   scheduling-1] r.observability.ObservabilityService     : LAB9 Observability window=30s category=web.RentController.getRents count=1094 sumNanos=196746959653 avgNanos=179841827
zil-app                 | 2026-05-05T00:13:47.951Z  INFO 1 --- [   scheduling-1] r.observability.ObservabilityService     : LAB9 Observability window=30s category=db.rent.findAll count=1094 sumNanos=196730595132 avgNanos=179826869
zil-app                 | 2026-05-05T00:13:47.951Z  INFO 1 --- [   scheduling-1] r.observability.ObservabilityService     : LAB9 Observability window=30s category=web.CarController.getCars count=1101 sumNanos=190053014893 avgNanos=172618542
zil-app                 | 2026-05-05T00:13:47.951Z  INFO 1 --- [   scheduling-1] r.observability.ObservabilityService     : LAB9 Observability window=30s category=db.car.findAll count=1101 sumNanos=190029187181 avgNanos=172596900
zil-app                 | 2026-05-05T00:13:47.951Z  INFO 1 --- [   scheduling-1] r.observability.ObservabilityService     : LAB9 Observability window=1m category=web.RentController.getRents count=1894 sumNanos=399113441731 avgNanos=210725154
zil-app                 | 2026-05-05T00:13:47.951Z  INFO 1 --- [   scheduling-1] r.observability.ObservabilityService     : LAB9 Observability window=1m category=db.rent.findAll count=1894 sumNanos=399088493280 avgNanos=210711981
zil-app                 | 2026-05-05T00:13:47.951Z  INFO 1 --- [   scheduling-1] r.observability.ObservabilityService     : LAB9 Observability window=1m category=web.CarController.getCars count=1895 sumNanos=374768773733 avgNanos=197767162
zil-app                 | 2026-05-05T00:13:47.952Z  INFO 1 --- [   scheduling-1] r.observability.ObservabilityService     : LAB9 Observability window=1m category=db.car.findAll count=1895 sumNanos=374740302436 avgNanos=197752138
zil-app                 | 2026-05-05T00:13:53.034Z  INFO 1 --- [   scheduling-1] r.observability.ObservabilityService     : LAB9 Observability window=10s category=web.RentController.getRents count=421 sumNanos=68177259935 avgNanos=161941235
zil-app                 | 2026-05-05T00:13:53.036Z  INFO 1 --- [   scheduling-1] r.observability.ObservabilityService     : LAB9 Observability window=10s category=db.rent.findAll count=421 sumNanos=68174608744 avgNanos=161934937
zil-app                 | 2026-05-05T00:13:53.036Z  INFO 1 --- [   scheduling-1] r.observability.ObservabilityService     : LAB9 Observability window=10s category=web.CarController.getCars count=419 sumNanos=64831789883 avgNanos=154729808
zil-app                 | 2026-05-05T00:13:53.038Z  INFO 1 --- [   scheduling-1] r.observability.ObservabilityService     : LAB9 Observability window=10s category=db.car.findAll count=419 sumNanos=64829420014 avgNanos=154724152
zil-app                 | 2026-05-05T00:13:53.039Z  INFO 1 --- [   scheduling-1] r.observability.ObservabilityService     : LAB9 Observability window=30s category=web.RentController.getRents count=1146 sumNanos=196605923517 avgNanos=171558397
zil-app                 | 2026-05-05T00:13:53.039Z  INFO 1 --- [   scheduling-1] r.observability.ObservabilityService     : LAB9 Observability window=30s category=db.rent.findAll count=1146 sumNanos=196591910787 avgNanos=171546169
zil-app                 | 2026-05-05T00:13:53.041Z  INFO 1 --- [   scheduling-1] r.observability.ObservabilityService     : LAB9 Observability window=30s category=web.CarController.getCars count=1151 sumNanos=190602734627 avgNanos=165597510
zil-app                 | 2026-05-05T00:13:53.041Z  INFO 1 --- [   scheduling-1] r.observability.ObservabilityService     : LAB9 Observability window=30s category=db.car.findAll count=1151 sumNanos=190578884757 avgNanos=165576789
zil-app                 | 2026-05-05T00:13:53.042Z  INFO 1 --- [   scheduling-1] r.observability.ObservabilityService     : LAB9 Observability window=1m category=web.RentController.getRents count=2021 sumNanos=390417857764 avgNanos=193180533
zil-app                 | 2026-05-05T00:13:53.043Z  INFO 1 --- [   scheduling-1] r.observability.ObservabilityService     : LAB9 Observability window=1m category=db.rent.findAll count=2021 sumNanos=390392703722 avgNanos=193168086
zil-app                 | 2026-05-05T00:13:53.043Z  INFO 1 --- [   scheduling-1] r.observability.ObservabilityService     : LAB9 Observability window=1m category=web.CarController.getCars count=2023 sumNanos=374605379639 avgNanos=185173198
zil-app                 | 2026-05-05T00:13:53.043Z  INFO 1 --- [   scheduling-1] r.observability.ObservabilityService     : LAB9 Observability window=1m category=db.car.findAll count=2023 sumNanos=374576641193 avgNanos=185158992
zil-app                 | 2026-05-05T00:13:58.045Z  INFO 1 --- [   scheduling-1] r.observability.ObservabilityService     : LAB9 Observability window=10s category=web.RentController.getRents count=438 sumNanos=65869604289 avgNanos=150387224
zil-app                 | 2026-05-05T00:13:58.045Z  INFO 1 --- [   scheduling-1] r.observability.ObservabilityService     : LAB9 Observability window=10s category=db.rent.findAll count=438 sumNanos=65867668570 avgNanos=150382804
zil-app                 | 2026-05-05T00:13:58.045Z  INFO 1 --- [   scheduling-1] r.observability.ObservabilityService     : LAB9 Observability window=10s category=web.CarController.getCars count=437 sumNanos=65621143737 avgNanos=150162800
zil-app                 | 2026-05-05T00:13:58.045Z  INFO 1 --- [   scheduling-1] r.observability.ObservabilityService     : LAB9 Observability window=10s category=db.car.findAll count=437 sumNanos=65619281181 avgNanos=150158538
zil-app                 | 2026-05-05T00:13:58.046Z  INFO 1 --- [   scheduling-1] r.observability.ObservabilityService     : LAB9 Observability window=30s category=web.RentController.getRents count=1195 sumNanos=198895484450 avgNanos=166439735
zil-app                 | 2026-05-05T00:13:58.046Z  INFO 1 --- [   scheduling-1] r.observability.ObservabilityService     : LAB9 Observability window=30s category=db.rent.findAll count=1195 sumNanos=198882442376 avgNanos=166428822
zil-app                 | 2026-05-05T00:13:58.046Z  INFO 1 --- [   scheduling-1] r.observability.ObservabilityService     : LAB9 Observability window=30s category=web.CarController.getCars count=1192 sumNanos=192477329860 avgNanos=161474270
zil-app                 | 2026-05-05T00:13:58.046Z  INFO 1 --- [   scheduling-1] r.observability.ObservabilityService     : LAB9 Observability window=30s category=db.car.findAll count=1192 sumNanos=192469570858 avgNanos=161467760
zil-app                 | 2026-05-05T00:13:58.047Z  INFO 1 --- [   scheduling-1] r.observability.ObservabilityService     : LAB9 Observability window=1m category=web.RentController.getRents count=2131 sumNanos=385784437720 avgNanos=181034461
zil-app                 | 2026-05-05T00:13:58.047Z  INFO 1 --- [   scheduling-1] r.observability.ObservabilityService     : LAB9 Observability window=1m category=db.rent.findAll count=2131 sumNanos=385759237757 avgNanos=181022636
zil-app                 | 2026-05-05T00:13:58.047Z  INFO 1 --- [   scheduling-1] r.observability.ObservabilityService     : LAB9 Observability window=1m category=web.CarController.getCars count=2133 sumNanos=377162385052 avgNanos=176822496
zil-app                 | 2026-05-05T00:13:58.047Z  INFO 1 --- [   scheduling-1] r.observability.ObservabilityService     : LAB9 Observability window=1m category=db.car.findAll count=2133 sumNanos=377133013112 avgNanos=176808726
zil-app                 | 2026-05-05T00:14:03.059Z  INFO 1 --- [   scheduling-1] r.observability.ObservabilityService     : LAB9 Observability window=10s category=web.RentController.getRents count=417 sumNanos=68030604099 avgNanos=163142935
zil-app                 | 2026-05-05T00:14:03.059Z  INFO 1 --- [   scheduling-1] r.observability.ObservabilityService     : LAB9 Observability window=10s category=db.rent.findAll count=417 sumNanos=68025745772 avgNanos=163131284
zil-app                 | 2026-05-05T00:14:03.059Z  INFO 1 --- [   scheduling-1] r.observability.ObservabilityService     : LAB9 Observability window=10s category=web.CarController.getCars count=416 sumNanos=67917199135 avgNanos=163262497
zil-app                 | 2026-05-05T00:14:03.059Z  INFO 1 --- [   scheduling-1] r.observability.ObservabilityService     : LAB9 Observability window=10s category=db.car.findAll count=416 sumNanos=67915585562 avgNanos=163258619
zil-app                 | 2026-05-05T00:14:03.060Z  INFO 1 --- [   scheduling-1] r.observability.ObservabilityService     : LAB9 Observability window=30s category=web.RentController.getRents count=1211 sumNanos=198811367886 avgNanos=164171236
zil-app                 | 2026-05-05T00:14:03.060Z  INFO 1 --- [   scheduling-1] r.observability.ObservabilityService     : LAB9 Observability window=30s category=db.rent.findAll count=1211 sumNanos=198799148787 avgNanos=164161146
zil-app                 | 2026-05-05T00:14:03.060Z  INFO 1 --- [   scheduling-1] r.observability.ObservabilityService     : LAB9 Observability window=30s category=web.CarController.getCars count=1211 sumNanos=194377101300 avgNanos=160509579
zil-app                 | 2026-05-05T00:14:03.060Z  INFO 1 --- [   scheduling-1] r.observability.ObservabilityService     : LAB9 Observability window=30s category=db.car.findAll count=1211 sumNanos=194370272986 avgNanos=160503941
zil-app                 | 2026-05-05T00:14:03.060Z  INFO 1 --- [   scheduling-1] r.observability.ObservabilityService     : LAB9 Observability window=1m category=web.RentController.getRents count=2200 sumNanos=388084292662 avgNanos=176401951
zil-app                 | 2026-05-05T00:14:03.060Z  INFO 1 --- [   scheduling-1] r.observability.ObservabilityService     : LAB9 Observability window=1m category=db.rent.findAll count=2200 sumNanos=388055393527 avgNanos=176388815
zil-app                 | 2026-05-05T00:14:03.060Z  INFO 1 --- [   scheduling-1] r.observability.ObservabilityService     : LAB9 Observability window=1m category=web.CarController.getCars count=2198 sumNanos=377650889196 avgNanos=171815691
zil-app                 | 2026-05-05T00:14:03.060Z  INFO 1 --- [   scheduling-1] r.observability.ObservabilityService     : LAB9 Observability window=1m category=db.car.findAll count=2198 sumNanos=377621603603 avgNanos=171802367
zil-app                 | 2026-05-05T00:14:08.061Z  INFO 1 --- [   scheduling-1] r.observability.ObservabilityService     : LAB9 Observability window=10s category=web.RentController.getRents count=386 sumNanos=66151381267 avgNanos=171376635
zil-app                 | 2026-05-05T00:14:08.061Z  INFO 1 --- [   scheduling-1] r.observability.ObservabilityService     : LAB9 Observability window=10s category=db.rent.findAll count=386 sumNanos=66141989030 avgNanos=171352303
zil-app                 | 2026-05-05T00:14:08.061Z  INFO 1 --- [   scheduling-1] r.observability.ObservabilityService     : LAB9 Observability window=10s category=web.CarController.getCars count=386 sumNanos=63966481611 avgNanos=165716273
zil-app                 | 2026-05-05T00:14:08.062Z  INFO 1 --- [   scheduling-1] r.observability.ObservabilityService     : LAB9 Observability window=10s category=db.car.findAll count=386 sumNanos=63965607832 avgNanos=165714009
zil-app                 | 2026-05-05T00:14:08.063Z  INFO 1 --- [   scheduling-1] r.observability.ObservabilityService     : LAB9 Observability window=30s category=web.RentController.getRents count=1212 sumNanos=198260936929 avgNanos=163581631
zil-app                 | 2026-05-05T00:14:08.063Z  INFO 1 --- [   scheduling-1] r.observability.ObservabilityService     : LAB9 Observability window=30s category=db.rent.findAll count=1212 sumNanos=198247122264 avgNanos=163570232
zil-app                 | 2026-05-05T00:14:08.063Z  INFO 1 --- [   scheduling-1] r.observability.ObservabilityService     : LAB9 Observability window=30s category=web.CarController.getCars count=1214 sumNanos=193210429461 avgNanos=159151918
zil-app                 | 2026-05-05T00:14:08.063Z  INFO 1 --- [   scheduling-1] r.observability.ObservabilityService     : LAB9 Observability window=30s category=db.car.findAll count=1214 sumNanos=193204347795 avgNanos=159146909
zil-app                 | 2026-05-05T00:14:08.064Z  INFO 1 --- [   scheduling-1] r.observability.ObservabilityService     : LAB9 Observability window=1m category=web.RentController.getRents count=2250 sumNanos=388950951848 avgNanos=172867089
zil-app                 | 2026-05-05T00:14:08.065Z  INFO 1 --- [   scheduling-1] r.observability.ObservabilityService     : LAB9 Observability window=1m category=db.rent.findAll count=2250 sumNanos=388917632080 avgNanos=172852280
zil-app                 | 2026-05-05T00:14:08.066Z  INFO 1 --- [   scheduling-1] r.observability.ObservabilityService     : LAB9 Observability window=1m category=web.CarController.getCars count=2252 sumNanos=377594580866 avgNanos=167670773
zil-app                 | 2026-05-05T00:14:08.066Z  INFO 1 --- [   scheduling-1] r.observability.ObservabilityService     : LAB9 Observability window=1m category=db.car.findAll count=2252 sumNanos=377565704053 avgNanos=167657950
zil-app                 | 2026-05-05T00:14:13.068Z  INFO 1 --- [   scheduling-1] r.observability.ObservabilityService     : LAB9 Observability window=10s category=web.RentController.getRents count=409 sumNanos=65815848505 avgNanos=160918945
zil-app                 | 2026-05-05T00:14:13.069Z  INFO 1 --- [   scheduling-1] r.observability.ObservabilityService     : LAB9 Observability window=10s category=db.rent.findAll count=409 sumNanos=65809828304 avgNanos=160904225
zil-app                 | 2026-05-05T00:14:13.070Z  INFO 1 --- [   scheduling-1] r.observability.ObservabilityService     : LAB9 Observability window=10s category=web.CarController.getCars count=407 sumNanos=63771048633 avgNanos=156685623
zil-app                 | 2026-05-05T00:14:13.070Z  INFO 1 --- [   scheduling-1] r.observability.ObservabilityService     : LAB9 Observability window=10s category=db.car.findAll count=407 sumNanos=63768093094 avgNanos=156678361
zil-app                 | 2026-05-05T00:14:13.071Z  INFO 1 --- [   scheduling-1] r.observability.ObservabilityService     : LAB9 Observability window=30s category=web.RentController.getRents count=1243 sumNanos=201303199307 avgNanos=161949476
zil-app                 | 2026-05-05T00:14:13.072Z  INFO 1 --- [   scheduling-1] r.observability.ObservabilityService     : LAB9 Observability window=30s category=db.rent.findAll count=1243 sumNanos=201289684200 avgNanos=161938603
zil-app                 | 2026-05-05T00:14:13.072Z  INFO 1 --- [   scheduling-1] r.observability.ObservabilityService     : LAB9 Observability window=30s category=web.CarController.getCars count=1239 sumNanos=195901997533 avgNanos=158112992
zil-app                 | 2026-05-05T00:14:13.072Z  INFO 1 --- [   scheduling-1] r.observability.ObservabilityService     : LAB9 Observability window=30s category=db.car.findAll count=1239 sumNanos=195895068662 avgNanos=158107400
zil-app                 | 2026-05-05T00:14:13.073Z  INFO 1 --- [   scheduling-1] r.observability.ObservabilityService     : LAB9 Observability window=1m category=web.RentController.getRents count=2310 sumNanos=392735626160 avgNanos=170015422
zil-app                 | 2026-05-05T00:14:13.082Z  INFO 1 --- [   scheduling-1] r.observability.ObservabilityService     : LAB9 Observability window=1m category=db.rent.findAll count=2310 sumNanos=392706079213 avgNanos=170002631
zil-app                 | 2026-05-05T00:14:13.082Z  INFO 1 --- [   scheduling-1] r.observability.ObservabilityService     : LAB9 Observability window=1m category=web.CarController.getCars count=2306 sumNanos=381125516999 avgNanos=165275592
zil-app                 | 2026-05-05T00:14:13.082Z  INFO 1 --- [   scheduling-1] r.observability.ObservabilityService     : LAB9 Observability window=1m category=db.car.findAll count=2306 sumNanos=381094892543 avgNanos=165262312
zil-app                 | 2026-05-05T00:14:18.108Z  INFO 1 --- [   scheduling-1] r.observability.ObservabilityService     : LAB9 Observability window=10s category=web.RentController.getRents count=435 sumNanos=65981096249 avgNanos=151680681
zil-app                 | 2026-05-05T00:14:18.108Z  INFO 1 --- [   scheduling-1] r.observability.ObservabilityService     : LAB9 Observability window=10s category=db.rent.findAll count=435 sumNanos=65979711116 avgNanos=151677496
zil-app                 | 2026-05-05T00:14:18.108Z  INFO 1 --- [   scheduling-1] r.observability.ObservabilityService     : LAB9 Observability window=10s category=web.CarController.getCars count=431 sumNanos=66017770177 avgNanos=153173480
zil-app                 | 2026-05-05T00:14:18.108Z  INFO 1 --- [   scheduling-1] r.observability.ObservabilityService     : LAB9 Observability window=10s category=db.car.findAll count=431 sumNanos=66014752018 avgNanos=153166478
zil-app                 | 2026-05-05T00:14:18.109Z  INFO 1 --- [   scheduling-1] r.observability.ObservabilityService     : LAB9 Observability window=30s category=web.RentController.getRents count=1258 sumNanos=197691928810 avgNanos=157147797
zil-app                 | 2026-05-05T00:14:18.111Z  INFO 1 --- [   scheduling-1] r.observability.ObservabilityService     : LAB9 Observability window=30s category=db.rent.findAll count=1258 sumNanos=197679217505 avgNanos=157137692
zil-app                 | 2026-05-05T00:14:18.111Z  INFO 1 --- [   scheduling-1] r.observability.ObservabilityService     : LAB9 Observability window=30s category=web.CarController.getCars count=1256 sumNanos=195945306438 avgNanos=156007409
zil-app                 | 2026-05-05T00:14:18.112Z  INFO 1 --- [   scheduling-1] r.observability.ObservabilityService     : LAB9 Observability window=30s category=db.car.findAll count=1256 sumNanos=195939547386 avgNanos=156002824
zil-app                 | 2026-05-05T00:14:18.116Z  INFO 1 --- [   scheduling-1] r.observability.ObservabilityService     : LAB9 Observability window=1m category=web.RentController.getRents count=2356 sumNanos=395509792647 avgNanos=167873426
zil-app                 | 2026-05-05T00:14:18.116Z  INFO 1 --- [   scheduling-1] r.observability.ObservabilityService     : LAB9 Observability window=1m category=db.rent.findAll count=2356 sumNanos=395480713940 avgNanos=167861084
zil-app                 | 2026-05-05T00:14:18.117Z  INFO 1 --- [   scheduling-1] r.observability.ObservabilityService     : LAB9 Observability window=1m category=web.CarController.getCars count=2353 sumNanos=385499174439 avgNanos=163833053
zil-app                 | 2026-05-05T00:14:18.117Z  INFO 1 --- [   scheduling-1] r.observability.ObservabilityService     : LAB9 Observability window=1m category=db.car.findAll count=2353 sumNanos=385469605225 avgNanos=163820486
zil-app                 | 2026-05-05T00:14:23.118Z  INFO 1 --- [   scheduling-1] r.observability.ObservabilityService     : LAB9 Observability window=10s category=web.RentController.getRents count=403 sumNanos=63577905635 avgNanos=157761552
zil-app                 | 2026-05-05T00:14:23.118Z  INFO 1 --- [   scheduling-1] r.observability.ObservabilityService     : LAB9 Observability window=10s category=db.rent.findAll count=403 sumNanos=63576972880 avgNanos=157759237
zil-app                 | 2026-05-05T00:14:23.118Z  INFO 1 --- [   scheduling-1] r.observability.ObservabilityService     : LAB9 Observability window=10s category=web.CarController.getCars count=407 sumNanos=65661540788 avgNanos=161330567
zil-app                 | 2026-05-05T00:14:23.118Z  INFO 1 --- [   scheduling-1] r.observability.ObservabilityService     : LAB9 Observability window=10s category=db.car.findAll count=407 sumNanos=65660498426 avgNanos=161328005
zil-app                 | 2026-05-05T00:14:23.119Z  INFO 1 --- [   scheduling-1] r.observability.ObservabilityService     : LAB9 Observability window=30s category=web.RentController.getRents count=1231 sumNanos=197668734411 avgNanos=160575738
zil-app                 | 2026-05-05T00:14:23.119Z  INFO 1 --- [   scheduling-1] r.observability.ObservabilityService     : LAB9 Observability window=30s category=db.rent.findAll count=1231 sumNanos=197656919004 avgNanos=160566140
zil-app                 | 2026-05-05T00:14:23.119Z  INFO 1 --- [   scheduling-1] r.observability.ObservabilityService     : LAB9 Observability window=30s category=web.CarController.getCars count=1234 sumNanos=197798412705 avgNanos=160290447
zil-app                 | 2026-05-05T00:14:23.119Z  INFO 1 --- [   scheduling-1] r.observability.ObservabilityService     : LAB9 Observability window=30s category=db.car.findAll count=1234 sumNanos=197792793172 avgNanos=160285893
zil-app                 | 2026-05-05T00:14:23.121Z  INFO 1 --- [   scheduling-1] r.observability.ObservabilityService     : LAB9 Observability window=1m category=web.RentController.getRents count=2375 sumNanos=393966784214 avgNanos=165880751
zil-app                 | 2026-05-05T00:14:23.123Z  INFO 1 --- [   scheduling-1] r.observability.ObservabilityService     : LAB9 Observability window=1m category=db.rent.findAll count=2375 sumNanos=393940969134 avgNanos=165869881
zil-app                 | 2026-05-05T00:14:23.123Z  INFO 1 --- [   scheduling-1] r.observability.ObservabilityService     : LAB9 Observability window=1m category=web.CarController.getCars count=2377 sumNanos=386813845389 avgNanos=162731950
zil-app                 | 2026-05-05T00:14:23.124Z  INFO 1 --- [   scheduling-1] r.observability.ObservabilityService     : LAB9 Observability window=1m category=db.car.findAll count=2377 sumNanos=386784404119 avgNanos=162719564
zil-app                 | 2026-05-05T00:14:28.125Z  INFO 1 --- [   scheduling-1] r.observability.ObservabilityService     : LAB9 Observability window=10s category=web.RentController.getRents count=395 sumNanos=65169775855 avgNanos=164986774
zil-app                 | 2026-05-05T00:14:28.125Z  INFO 1 --- [   scheduling-1] r.observability.ObservabilityService     : LAB9 Observability window=10s category=db.rent.findAll count=395 sumNanos=65168784854 avgNanos=164984265
zil-app                 | 2026-05-05T00:14:28.125Z  INFO 1 --- [   scheduling-1] r.observability.ObservabilityService     : LAB9 Observability window=10s category=web.CarController.getCars count=392 sumNanos=63226942340 avgNanos=161293220
zil-app                 | 2026-05-05T00:14:28.125Z  INFO 1 --- [   scheduling-1] r.observability.ObservabilityService     : LAB9 Observability window=10s category=db.car.findAll count=392 sumNanos=63219162987 avgNanos=161273374
zil-app                 | 2026-05-05T00:14:28.126Z  INFO 1 --- [   scheduling-1] r.observability.ObservabilityService     : LAB9 Observability window=30s category=web.RentController.getRents count=1211 sumNanos=196393054487 avgNanos=162174281
zil-app                 | 2026-05-05T00:14:28.126Z  INFO 1 --- [   scheduling-1] r.observability.ObservabilityService     : LAB9 Observability window=30s category=db.rent.findAll count=1211 sumNanos=196381296660 avgNanos=162164571
zil-app                 | 2026-05-05T00:14:28.127Z  INFO 1 --- [   scheduling-1] r.observability.ObservabilityService     : LAB9 Observability window=30s category=web.CarController.getCars count=1209 sumNanos=193053842593 avgNanos=159680597
zil-app                 | 2026-05-05T00:14:28.127Z  INFO 1 --- [   scheduling-1] r.observability.ObservabilityService     : LAB9 Observability window=30s category=db.car.findAll count=1209 sumNanos=193042170070 avgNanos=159670942
zil-app                 | 2026-05-05T00:14:28.128Z  INFO 1 --- [   scheduling-1] r.observability.ObservabilityService     : LAB9 Observability window=1m category=web.RentController.getRents count=2408 sumNanos=395437384211 avgNanos=164218182
zil-app                 | 2026-05-05T00:14:28.128Z  INFO 1 --- [   scheduling-1] r.observability.ObservabilityService     : LAB9 Observability window=1m category=db.rent.findAll count=2408 sumNanos=395412589402 avgNanos=164207885
zil-app                 | 2026-05-05T00:14:28.128Z  INFO 1 --- [   scheduling-1] r.observability.ObservabilityService     : LAB9 Observability window=1m category=web.CarController.getCars count=2403 sumNanos=385832945710 avgNanos=160563023
zil-app                 | 2026-05-05T00:14:28.128Z  INFO 1 --- [   scheduling-1] r.observability.ObservabilityService     : LAB9 Observability window=1m category=db.car.findAll count=2403 sumNanos=385813525923 avgNanos=160554942
zil-app                 | 2026-05-05T00:14:33.134Z  INFO 1 --- [   scheduling-1] r.observability.ObservabilityService     : LAB9 Observability window=10s category=web.RentController.getRents count=387 sumNanos=64942133805 avgNanos=167809131
zil-app                 | 2026-05-05T00:14:33.145Z  INFO 1 --- [   scheduling-1] r.observability.ObservabilityService     : LAB9 Observability window=10s category=db.rent.findAll count=387 sumNanos=64935225544 avgNanos=167791280
zil-app                 | 2026-05-05T00:14:33.145Z  INFO 1 --- [   scheduling-1] r.observability.ObservabilityService     : LAB9 Observability window=10s category=web.CarController.getCars count=383 sumNanos=61501449791 avgNanos=160578197
zil-app                 | 2026-05-05T00:14:33.145Z  INFO 1 --- [   scheduling-1] r.observability.ObservabilityService     : LAB9 Observability window=10s category=db.car.findAll count=383 sumNanos=61493801530 avgNanos=160558228
zil-app                 | 2026-05-05T00:14:33.145Z  INFO 1 --- [   scheduling-1] r.observability.ObservabilityService     : LAB9 Observability window=30s category=web.RentController.getRents count=1201 sumNanos=194569640317 avgNanos=162006361
zil-app                 | 2026-05-05T00:14:33.146Z  INFO 1 --- [   scheduling-1] r.observability.ObservabilityService     : LAB9 Observability window=30s category=db.rent.findAll count=1201 sumNanos=194555774658 avgNanos=161994816
zil-app                 | 2026-05-05T00:14:33.148Z  INFO 1 --- [   scheduling-1] r.observability.ObservabilityService     : LAB9 Observability window=30s category=web.CarController.getCars count=1200 sumNanos=191163697587 avgNanos=159303081
zil-app                 | 2026-05-05T00:14:33.148Z  INFO 1 --- [   scheduling-1] r.observability.ObservabilityService     : LAB9 Observability window=30s category=db.car.findAll count=1200 sumNanos=191152044955 avgNanos=159293370
zil-app                 | 2026-05-05T00:14:33.149Z  INFO 1 --- [   scheduling-1] r.observability.ObservabilityService     : LAB9 Observability window=1m category=web.RentController.getRents count=2413 sumNanos=393679840050 avgNanos=163149540
zil-app                 | 2026-05-05T00:14:33.149Z  INFO 1 --- [   scheduling-1] r.observability.ObservabilityService     : LAB9 Observability window=1m category=db.rent.findAll count=2413 sumNanos=393653759513 avgNanos=163138731
zil-app                 | 2026-05-05T00:14:33.149Z  INFO 1 --- [   scheduling-1] r.observability.ObservabilityService     : LAB9 Observability window=1m category=web.CarController.getCars count=2410 sumNanos=385574231966 avgNanos=159989307
zil-app                 | 2026-05-05T00:14:33.149Z  INFO 1 --- [   scheduling-1] r.observability.ObservabilityService     : LAB9 Observability window=1m category=db.car.findAll count=2410 sumNanos=385555759105 avgNanos=159981642
zil-app                 | 2026-05-05T00:14:38.151Z  INFO 1 --- [   scheduling-1] r.observability.ObservabilityService     : LAB9 Observability window=10s category=web.RentController.getRents count=400 sumNanos=66901180275 avgNanos=167252950
zil-app                 | 2026-05-05T00:14:38.213Z  INFO 1 --- [   scheduling-1] r.observability.ObservabilityService     : LAB9 Observability window=10s category=db.rent.findAll count=400 sumNanos=66894213992 avgNanos=167235534
zil-app                 | 2026-05-05T00:14:38.232Z  INFO 1 --- [   scheduling-1] r.observability.ObservabilityService     : LAB9 Observability window=10s category=web.CarController.getCars count=400 sumNanos=64338604658 avgNanos=160846511
zil-app                 | 2026-05-05T00:14:38.232Z  INFO 1 --- [   scheduling-1] r.observability.ObservabilityService     : LAB9 Observability window=10s category=db.car.findAll count=400 sumNanos=64334789871 avgNanos=160836974
zil-app                 | 2026-05-05T00:14:38.232Z  INFO 1 --- [   scheduling-1] r.observability.ObservabilityService     : LAB9 Observability window=30s category=web.RentController.getRents count=1230 sumNanos=197981676995 avgNanos=160960713
zil-app                 | 2026-05-05T00:14:38.232Z  INFO 1 --- [   scheduling-1] r.observability.ObservabilityService     : LAB9 Observability window=30s category=db.rent.findAll count=1230 sumNanos=197972335520 avgNanos=160953118
zil-app                 | 2026-05-05T00:14:38.232Z  INFO 1 --- [   scheduling-1] r.observability.ObservabilityService     : LAB9 Observability window=30s category=web.CarController.getCars count=1225 sumNanos=194241949013 avgNanos=158564856
zil-app                 | 2026-05-05T00:14:38.232Z  INFO 1 --- [   scheduling-1] r.observability.ObservabilityService     : LAB9 Observability window=30s category=db.car.findAll count=1225 sumNanos=194227333031 avgNanos=158552924
zil-app                 | 2026-05-05T00:14:38.232Z  INFO 1 --- [   scheduling-1] r.observability.ObservabilityService     : LAB9 Observability window=1m category=web.RentController.getRents count=2441 sumNanos=396219602997 avgNanos=162318559
zil-app                 | 2026-05-05T00:14:38.232Z  INFO 1 --- [   scheduling-1] r.observability.ObservabilityService     : LAB9 Observability window=1m category=db.rent.findAll count=2441 sumNanos=396196461478 avgNanos=162309078
zil-app                 | 2026-05-05T00:14:38.232Z  INFO 1 --- [   scheduling-1] r.observability.ObservabilityService     : LAB9 Observability window=1m category=web.CarController.getCars count=2441 sumNanos=387787808693 avgNanos=158864321
zil-app                 | 2026-05-05T00:14:38.232Z  INFO 1 --- [   scheduling-1] r.observability.ObservabilityService     : LAB9 Observability window=1m category=db.car.findAll count=2441 sumNanos=387767110582 avgNanos=158855842
zil-app                 | 2026-05-05T00:14:43.233Z  INFO 1 --- [   scheduling-1] r.observability.ObservabilityService     : LAB9 Observability window=10s category=web.RentController.getRents count=426 sumNanos=67830993179 avgNanos=159227683
zil-app                 | 2026-05-05T00:14:43.233Z  INFO 1 --- [   scheduling-1] r.observability.ObservabilityService     : LAB9 Observability window=10s category=db.rent.findAll count=426 sumNanos=67830013021 avgNanos=159225382
zil-app                 | 2026-05-05T00:14:43.233Z  INFO 1 --- [   scheduling-1] r.observability.ObservabilityService     : LAB9 Observability window=10s category=web.CarController.getCars count=426 sumNanos=65884577947 avgNanos=154658633
zil-app                 | 2026-05-05T00:14:43.233Z  INFO 1 --- [   scheduling-1] r.observability.ObservabilityService     : LAB9 Observability window=10s category=db.car.findAll count=426 sumNanos=65880832675 avgNanos=154649841
zil-app                 | 2026-05-05T00:14:43.233Z  INFO 1 --- [   scheduling-1] r.observability.ObservabilityService     : LAB9 Observability window=30s category=web.RentController.getRents count=1216 sumNanos=196596858213 avgNanos=161675047
zil-app                 | 2026-05-05T00:14:43.233Z  INFO 1 --- [   scheduling-1] r.observability.ObservabilityService     : LAB9 Observability window=30s category=db.rent.findAll count=1216 sumNanos=196588037577 avgNanos=161667794
zil-app                 | 2026-05-05T00:14:43.233Z  INFO 1 --- [   scheduling-1] r.observability.ObservabilityService     : LAB9 Observability window=30s category=web.CarController.getCars count=1214 sumNanos=192829936627 avgNanos=158838498
zil-app                 | 2026-05-05T00:14:43.234Z  INFO 1 --- [   scheduling-1] r.observability.ObservabilityService     : LAB9 Observability window=30s category=db.car.findAll count=1214 sumNanos=192817503578 avgNanos=158828256
zil-app                 | 2026-05-05T00:14:43.238Z  INFO 1 --- [   scheduling-1] r.observability.ObservabilityService     : LAB9 Observability window=1m category=web.RentController.getRents count=2461 sumNanos=397610231378 avgNanos=161564498
zil-app                 | 2026-05-05T00:14:43.238Z  INFO 1 --- [   scheduling-1] r.observability.ObservabilityService     : LAB9 Observability window=1m category=db.rent.findAll count=2461 sumNanos=397587900393 avgNanos=161555424
zil-app                 | 2026-05-05T00:14:43.239Z  INFO 1 --- [   scheduling-1] r.observability.ObservabilityService     : LAB9 Observability window=1m category=web.CarController.getCars count=2457 sumNanos=388956777081 avgNanos=158305566
zil-app                 | 2026-05-05T00:14:43.239Z  INFO 1 --- [   scheduling-1] r.observability.ObservabilityService     : LAB9 Observability window=1m category=db.car.findAll count=2457 sumNanos=388937420288 avgNanos=158297688
zil-app                 | 2026-05-05T00:14:48.240Z  INFO 1 --- [   scheduling-1] r.observability.ObservabilityService     : LAB9 Observability window=10s category=web.RentController.getRents count=419 sumNanos=66233622099 avgNanos=158075470
zil-app                 | 2026-05-05T00:14:48.242Z  INFO 1 --- [   scheduling-1] r.observability.ObservabilityService     : LAB9 Observability window=10s category=db.rent.findAll count=419 sumNanos=66232856810 avgNanos=158073643
zil-app                 | 2026-05-05T00:14:48.243Z  INFO 1 --- [   scheduling-1] r.observability.ObservabilityService     : LAB9 Observability window=10s category=web.CarController.getCars count=421 sumNanos=67190947158 avgNanos=159598449
zil-app                 | 2026-05-05T00:14:48.245Z  INFO 1 --- [   scheduling-1] r.observability.ObservabilityService     : LAB9 Observability window=10s category=db.car.findAll count=421 sumNanos=67189971454 avgNanos=159596131
zil-app                 | 2026-05-05T00:14:48.245Z  INFO 1 --- [   scheduling-1] r.observability.ObservabilityService     : LAB9 Observability window=30s category=web.RentController.getRents count=1212 sumNanos=198182117062 avgNanos=163516598
zil-app                 | 2026-05-05T00:14:48.245Z  INFO 1 --- [   scheduling-1] r.observability.ObservabilityService     : LAB9 Observability window=30s category=db.rent.findAll count=1212 sumNanos=198173401221 avgNanos=163509406
zil-app                 | 2026-05-05T00:14:48.246Z  INFO 1 --- [   scheduling-1] r.observability.ObservabilityService     : LAB9 Observability window=30s category=web.CarController.getCars count=1211 sumNanos=194731948937 avgNanos=160802600
zil-app                 | 2026-05-05T00:14:48.246Z  INFO 1 --- [   scheduling-1] r.observability.ObservabilityService     : LAB9 Observability window=30s category=db.car.findAll count=1211 sumNanos=194719384210 avgNanos=160792224
zil-app                 | 2026-05-05T00:14:48.247Z  INFO 1 --- [   scheduling-1] r.observability.ObservabilityService     : LAB9 Observability window=1m category=web.RentController.getRents count=2470 sumNanos=395293720363 avgNanos=160037943
zil-app                 | 2026-05-05T00:14:48.247Z  INFO 1 --- [   scheduling-1] r.observability.ObservabilityService     : LAB9 Observability window=1m category=db.rent.findAll count=2470 sumNanos=395272293606 avgNanos=160029268
zil-app                 | 2026-05-05T00:14:48.248Z  INFO 1 --- [   scheduling-1] r.observability.ObservabilityService     : LAB9 Observability window=1m category=web.CarController.getCars count=2469 sumNanos=390789021492 avgNanos=158278259
zil-app                 | 2026-05-05T00:14:48.248Z  INFO 1 --- [   scheduling-1] r.observability.ObservabilityService     : LAB9 Observability window=1m category=db.car.findAll count=2469 sumNanos=390770715958 avgNanos=158270844
zil-app                 | 2026-05-05T00:14:53.317Z  INFO 1 --- [   scheduling-1] r.observability.ObservabilityService     : LAB9 Observability window=10s category=web.RentController.getRents count=411 sumNanos=70971599183 avgNanos=172680289
zil-app                 | 2026-05-05T00:14:53.317Z  INFO 1 --- [   scheduling-1] r.observability.ObservabilityService     : LAB9 Observability window=10s category=db.rent.findAll count=411 sumNanos=70970818860 avgNanos=172678391
zil-app                 | 2026-05-05T00:14:53.317Z  INFO 1 --- [   scheduling-1] r.observability.ObservabilityService     : LAB9 Observability window=10s category=web.CarController.getCars count=407 sumNanos=67262484458 avgNanos=165264089
zil-app                 | 2026-05-05T00:14:53.317Z  INFO 1 --- [   scheduling-1] r.observability.ObservabilityService     : LAB9 Observability window=10s category=db.car.findAll count=407 sumNanos=67261475580 avgNanos=165261610
zil-app                 | 2026-05-05T00:14:53.317Z  INFO 1 --- [   scheduling-1] r.observability.ObservabilityService     : LAB9 Observability window=30s category=web.RentController.getRents count=1219 sumNanos=202596302610 avgNanos=166198771
zil-app                 | 2026-05-05T00:14:53.317Z  INFO 1 --- [   scheduling-1] r.observability.ObservabilityService     : LAB9 Observability window=30s category=db.rent.findAll count=1219 sumNanos=202587643209 avgNanos=166191667
zil-app                 | 2026-05-05T00:14:53.317Z  INFO 1 --- [   scheduling-1] r.observability.ObservabilityService     : LAB9 Observability window=30s category=web.CarController.getCars count=1218 sumNanos=194759891858 avgNanos=159901389
zil-app                 | 2026-05-05T00:14:53.317Z  INFO 1 --- [   scheduling-1] r.observability.ObservabilityService     : LAB9 Observability window=30s category=db.car.findAll count=1218 sumNanos=194747486158 avgNanos=159891203
zil-app                 | 2026-05-05T00:14:53.317Z  INFO 1 --- [   scheduling-1] r.observability.ObservabilityService     : LAB9 Observability window=1m category=web.RentController.getRents count=2453 sumNanos=400784117806 avgNanos=163385290
zil-app                 | 2026-05-05T00:14:53.318Z  INFO 1 --- [   scheduling-1] r.observability.ObservabilityService     : LAB9 Observability window=1m category=db.rent.findAll count=2453 sumNanos=400763636626 avgNanos=163376941
zil-app                 | 2026-05-05T00:14:53.320Z  INFO 1 --- [   scheduling-1] r.observability.ObservabilityService     : LAB9 Observability window=1m category=web.CarController.getCars count=2449 sumNanos=392297753730 avgNanos=160186914
zil-app                 | 2026-05-05T00:14:53.321Z  INFO 1 --- [   scheduling-1] r.observability.ObservabilityService     : LAB9 Observability window=1m category=db.car.findAll count=2449 sumNanos=392279758486 avgNanos=160179566
zil-app                 | 2026-05-05T00:14:58.322Z  INFO 1 --- [   scheduling-1] r.observability.ObservabilityService     : LAB9 Observability window=10s category=web.RentController.getRents count=409 sumNanos=73329308139 avgNanos=179289261
zil-app                 | 2026-05-05T00:14:58.322Z  INFO 1 --- [   scheduling-1] r.observability.ObservabilityService     : LAB9 Observability window=10s category=db.rent.findAll count=409 sumNanos=73328259342 avgNanos=179286697
zil-app                 | 2026-05-05T00:14:58.322Z  INFO 1 --- [   scheduling-1] r.observability.ObservabilityService     : LAB9 Observability window=10s category=web.CarController.getCars count=406 sumNanos=63269003434 avgNanos=155834983
zil-app                 | 2026-05-05T00:14:58.322Z  INFO 1 --- [   scheduling-1] r.observability.ObservabilityService     : LAB9 Observability window=10s category=db.car.findAll count=406 sumNanos=63267267461 avgNanos=155830708
zil-app                 | 2026-05-05T00:14:58.323Z  INFO 1 --- [   scheduling-1] r.observability.ObservabilityService     : LAB9 Observability window=30s category=web.RentController.getRents count=1229 sumNanos=206528662654 avgNanos=168046104
zil-app                 | 2026-05-05T00:14:58.323Z  INFO 1 --- [   scheduling-1] r.observability.ObservabilityService     : LAB9 Observability window=30s category=db.rent.findAll count=1229 sumNanos=206519883445 avgNanos=168038961
zil-app                 | 2026-05-05T00:14:58.323Z  INFO 1 --- [   scheduling-1] r.observability.ObservabilityService     : LAB9 Observability window=30s category=web.CarController.getCars count=1227 sumNanos=195085926869 avgNanos=158994235
zil-app                 | 2026-05-05T00:14:58.323Z  INFO 1 --- [   scheduling-1] r.observability.ObservabilityService     : LAB9 Observability window=30s category=db.car.findAll count=1227 sumNanos=195079402877 avgNanos=158988918
zil-app                 | 2026-05-05T00:14:58.324Z  INFO 1 --- [   scheduling-1] r.observability.ObservabilityService     : LAB9 Observability window=1m category=web.RentController.getRents count=2438 sumNanos=402539014536 avgNanos=165110342
zil-app                 | 2026-05-05T00:14:58.325Z  INFO 1 --- [   scheduling-1] r.observability.ObservabilityService     : LAB9 Observability window=1m category=db.rent.findAll count=2438 sumNanos=402518483303 avgNanos=165101920
zil-app                 | 2026-05-05T00:14:58.325Z  INFO 1 --- [   scheduling-1] r.observability.ObservabilityService     : LAB9 Observability window=1m category=web.CarController.getCars count=2435 sumNanos=387892567993 avgNanos=159298795
zil-app                 | 2026-05-05T00:14:58.325Z  INFO 1 --- [   scheduling-1] r.observability.ObservabilityService     : LAB9 Observability window=1m category=db.car.findAll count=2435 sumNanos=387874374568 avgNanos=159291324
zil-app                 | 2026-05-05T00:15:03.326Z  INFO 1 --- [   scheduling-1] r.observability.ObservabilityService     : LAB9 Observability window=10s category=web.RentController.getRents count=422 sumNanos=68307749618 avgNanos=161866705
zil-app                 | 2026-05-05T00:15:03.329Z  INFO 1 --- [   scheduling-1] r.observability.ObservabilityService     : LAB9 Observability window=10s category=db.rent.findAll count=422 sumNanos=68306474807 avgNanos=161863684
zil-app                 | 2026-05-05T00:15:03.331Z  INFO 1 --- [   scheduling-1] r.observability.ObservabilityService     : LAB9 Observability window=10s category=web.CarController.getCars count=418 sumNanos=62706323018 avgNanos=150015126
zil-app                 | 2026-05-05T00:15:03.331Z  INFO 1 --- [   scheduling-1] r.observability.ObservabilityService     : LAB9 Observability window=10s category=db.car.findAll count=418 sumNanos=62704574238 avgNanos=150010943
zil-app                 | 2026-05-05T00:15:03.332Z  INFO 1 --- [   scheduling-1] r.observability.ObservabilityService     : LAB9 Observability window=30s category=web.RentController.getRents count=1258 sumNanos=206790634140 avgNanos=164380472
zil-app                 | 2026-05-05T00:15:03.332Z  INFO 1 --- [   scheduling-1] r.observability.ObservabilityService     : LAB9 Observability window=30s category=db.rent.findAll count=1258 sumNanos=206787601463 avgNanos=164378061
zil-app                 | 2026-05-05T00:15:03.332Z  INFO 1 --- [   scheduling-1] r.observability.ObservabilityService     : LAB9 Observability window=30s category=web.CarController.getCars count=1251 sumNanos=195480388439 avgNanos=156259303
zil-app                 | 2026-05-05T00:15:03.332Z  INFO 1 --- [   scheduling-1] r.observability.ObservabilityService     : LAB9 Observability window=30s category=db.car.findAll count=1251 sumNanos=195473890295 avgNanos=156254108
zil-app                 | 2026-05-05T00:15:03.333Z  INFO 1 --- [   scheduling-1] r.observability.ObservabilityService     : LAB9 Observability window=1m category=web.RentController.getRents count=2458 sumNanos=401290402169 avgNanos=163258910
zil-app                 | 2026-05-05T00:15:03.333Z  INFO 1 --- [   scheduling-1] r.observability.ObservabilityService     : LAB9 Observability window=1m category=db.rent.findAll count=2458 sumNanos=401273504755 avgNanos=163252036
zil-app                 | 2026-05-05T00:15:03.333Z  INFO 1 --- [   scheduling-1] r.observability.ObservabilityService     : LAB9 Observability window=1m category=web.CarController.getCars count=2452 sumNanos=386835886866 avgNanos=157763412
zil-app                 | 2026-05-05T00:15:03.333Z  INFO 1 --- [   scheduling-1] r.observability.ObservabilityService     : LAB9 Observability window=1m category=db.car.findAll count=2452 sumNanos=386817728759 avgNanos=157756006
zil-app                 | 2026-05-05T00:15:08.334Z  INFO 1 --- [   scheduling-1] r.observability.ObservabilityService     : LAB9 Observability window=10s category=web.RentController.getRents count=413 sumNanos=63163612013 avgNanos=152938527
zil-app                 | 2026-05-05T00:15:08.335Z  INFO 1 --- [   scheduling-1] r.observability.ObservabilityService     : LAB9 Observability window=10s category=db.rent.findAll count=413 sumNanos=63162572018 avgNanos=152936009
zil-app                 | 2026-05-05T00:15:08.335Z  INFO 1 --- [   scheduling-1] r.observability.ObservabilityService     : LAB9 Observability window=10s category=web.CarController.getCars count=414 sumNanos=63525013371 avgNanos=153442061
zil-app                 | 2026-05-05T00:15:08.335Z  INFO 1 --- [   scheduling-1] r.observability.ObservabilityService     : LAB9 Observability window=10s category=db.car.findAll count=414 sumNanos=63518199338 avgNanos=153425602
zil-app                 | 2026-05-05T00:15:08.336Z  INFO 1 --- [   scheduling-1] r.observability.ObservabilityService     : LAB9 Observability window=30s category=web.RentController.getRents count=1240 sumNanos=202422438916 avgNanos=163243902
zil-app                 | 2026-05-05T00:15:08.336Z  INFO 1 --- [   scheduling-1] r.observability.ObservabilityService     : LAB9 Observability window=30s category=db.rent.findAll count=1240 sumNanos=202419586401 avgNanos=163241601
zil-app                 | 2026-05-05T00:15:08.336Z  INFO 1 --- [   scheduling-1] r.observability.ObservabilityService     : LAB9 Observability window=30s category=web.CarController.getCars count=1240 sumNanos=193831516965 avgNanos=156315739
zil-app                 | 2026-05-05T00:15:08.336Z  INFO 1 --- [   scheduling-1] r.observability.ObservabilityService     : LAB9 Observability window=30s category=db.car.findAll count=1240 sumNanos=193821991825 avgNanos=156308057
zil-app                 | 2026-05-05T00:15:08.337Z  INFO 1 --- [   scheduling-1] r.observability.ObservabilityService     : LAB9 Observability window=1m category=web.RentController.getRents count=2463 sumNanos=399367961259 avgNanos=162146959
zil-app                 | 2026-05-05T00:15:08.337Z  INFO 1 --- [   scheduling-1] r.observability.ObservabilityService     : LAB9 Observability window=1m category=db.rent.findAll count=2463 sumNanos=399355787047 avgNanos=162142016
zil-app                 | 2026-05-05T00:15:08.337Z  INFO 1 --- [   scheduling-1] r.observability.ObservabilityService     : LAB9 Observability window=1m category=web.CarController.getCars count=2464 sumNanos=388058191945 avgNanos=157491149
zil-app                 | 2026-05-05T00:15:08.337Z  INFO 1 --- [   scheduling-1] r.observability.ObservabilityService     : LAB9 Observability window=1m category=db.car.findAll count=2464 sumNanos=388034058675 avgNanos=157481354
zil-app                 | 2026-05-05T00:15:13.348Z  INFO 1 --- [   scheduling-1] r.observability.ObservabilityService     : LAB9 Observability window=10s category=web.RentController.getRents count=430 sumNanos=60780129337 avgNanos=141349137
zil-app                 | 2026-05-05T00:15:13.349Z  INFO 1 --- [   scheduling-1] r.observability.ObservabilityService     : LAB9 Observability window=10s category=db.rent.findAll count=430 sumNanos=60779251202 avgNanos=141347095
zil-app                 | 2026-05-05T00:15:13.349Z  INFO 1 --- [   scheduling-1] r.observability.ObservabilityService     : LAB9 Observability window=10s category=web.CarController.getCars count=439 sumNanos=65707936131 avgNanos=149676392
zil-app                 | 2026-05-05T00:15:13.349Z  INFO 1 --- [   scheduling-1] r.observability.ObservabilityService     : LAB9 Observability window=10s category=db.car.findAll count=439 sumNanos=65700728627 avgNanos=149659974
zil-app                 | 2026-05-05T00:15:13.349Z  INFO 1 --- [   scheduling-1] r.observability.ObservabilityService     : LAB9 Observability window=30s category=web.RentController.getRents count=1260 sumNanos=199427751400 avgNanos=158275993
zil-app                 | 2026-05-05T00:15:13.349Z  INFO 1 --- [   scheduling-1] r.observability.ObservabilityService     : LAB9 Observability window=30s category=db.rent.findAll count=1260 sumNanos=199424825671 avgNanos=158273671
zil-app                 | 2026-05-05T00:15:13.349Z  INFO 1 --- [   scheduling-1] r.observability.ObservabilityService     : LAB9 Observability window=30s category=web.CarController.getCars count=1265 sumNanos=195699730146 avgNanos=154703343
zil-app                 | 2026-05-05T00:15:13.349Z  INFO 1 --- [   scheduling-1] r.observability.ObservabilityService     : LAB9 Observability window=30s category=db.car.findAll count=1265 sumNanos=195689761987 avgNanos=154695464
zil-app                 | 2026-05-05T00:15:13.349Z  INFO 1 --- [   scheduling-1] r.observability.ObservabilityService     : LAB9 Observability window=1m category=web.RentController.getRents count=2475 sumNanos=396012162461 avgNanos=160004914
zil-app                 | 2026-05-05T00:15:13.349Z  INFO 1 --- [   scheduling-1] r.observability.ObservabilityService     : LAB9 Observability window=1m category=db.rent.findAll count=2475 sumNanos=396000416161 avgNanos=160000168
zil-app                 | 2026-05-05T00:15:13.349Z  INFO 1 --- [   scheduling-1] r.observability.ObservabilityService     : LAB9 Observability window=1m category=web.CarController.getCars count=2481 sumNanos=388963074948 avgNanos=156776733
zil-app                 | 2026-05-05T00:15:13.349Z  INFO 1 --- [   scheduling-1] r.observability.ObservabilityService     : LAB9 Observability window=1m category=db.car.findAll count=2481 sumNanos=388940670436 avgNanos=156767702
zil-app                 | 2026-05-05T00:15:18.418Z  INFO 1 --- [   scheduling-1] r.observability.ObservabilityService     : LAB9 Observability window=10s category=web.RentController.getRents count=430 sumNanos=63308459954 avgNanos=147228976
zil-app                 | 2026-05-05T00:15:18.424Z  INFO 1 --- [   scheduling-1] r.observability.ObservabilityService     : LAB9 Observability window=10s category=db.rent.findAll count=430 sumNanos=63307652311 avgNanos=147227098
zil-app                 | 2026-05-05T00:15:18.424Z  INFO 1 --- [   scheduling-1] r.observability.ObservabilityService     : LAB9 Observability window=10s category=web.CarController.getCars count=430 sumNanos=65575646990 avgNanos=152501504
zil-app                 | 2026-05-05T00:15:18.424Z  INFO 1 --- [   scheduling-1] r.observability.ObservabilityService     : LAB9 Observability window=10s category=db.car.findAll count=430 sumNanos=65574161615 avgNanos=152498050
zil-additional-service  | 2026-05-05T00:13:38.255Z  INFO 1 --- [zil-additional-service] [   scheduling-1] r.a.observability.ObservabilityService   : LAB9 Observability window=1m category=http.main.cars count=1635 sumNanos=508824958987 avgNanos=311207925
zil-additional-service  | 2026-05-05T00:13:38.255Z  INFO 1 --- [zil-additional-service] [   scheduling-1] r.a.observability.ObservabilityService   : LAB9 Observability window=1m category=web.additional.availability_new count=1565 sumNanos=1033365795750 avgNanos=660297633
zil-additional-service  | 2026-05-05T00:13:38.255Z  INFO 1 --- [zil-additional-service] [   scheduling-1] r.a.observability.ObservabilityService   : LAB9 Observability window=1m category=additional.statsComputation.availability.allCitiesAllDates count=1565 sumNanos=572101410 avgNanos=365560
zil-additional-service  | 2026-05-05T00:13:42.959Z  INFO 1 --- [zil-additional-service] [   scheduling-1] r.additional.service.ClientCacheService  : [client-cache-statistics] Client cache size=1000
zil-additional-service  | 2026-05-05T00:13:43.256Z  INFO 1 --- [zil-additional-service] [   scheduling-1] r.a.observability.ObservabilityService   : LAB9 Observability window=10s category=additional.statsComputation.stats count=19 sumNanos=55352 avgNanos=2913
zil-additional-service  | 2026-05-05T00:13:43.258Z  INFO 1 --- [zil-additional-service] [   scheduling-1] r.a.observability.ObservabilityService   : LAB9 Observability window=10s category=web.additional.stats count=19 sumNanos=8909833026 avgNanos=468938580
zil-additional-service  | 2026-05-05T00:13:43.258Z  INFO 1 --- [zil-additional-service] [   scheduling-1] r.a.observability.ObservabilityService   : LAB9 Observability window=10s category=http.main.rents count=377 sumNanos=84739555456 avgNanos=224773356
zil-additional-service  | 2026-05-05T00:13:43.258Z  INFO 1 --- [zil-additional-service] [   scheduling-1] r.a.observability.ObservabilityService   : LAB9 Observability window=10s category=http.main.cars count=378 sumNanos=82578037889 avgNanos=218460417
zil-additional-service  | 2026-05-05T00:13:43.259Z  INFO 1 --- [zil-additional-service] [   scheduling-1] r.a.observability.ObservabilityService   : LAB9 Observability window=10s category=web.additional.availability_new count=358 sumNanos=158222938481 avgNanos=441963515
zil-additional-service  | 2026-05-05T00:13:43.259Z  INFO 1 --- [zil-additional-service] [   scheduling-1] r.a.observability.ObservabilityService   : LAB9 Observability window=10s category=additional.statsComputation.availability.allCitiesAllDates count=358 sumNanos=97808146 avgNanos=273207
zil-additional-service  | 2026-05-05T00:13:43.259Z  INFO 1 --- [zil-additional-service] [   scheduling-1] r.a.observability.ObservabilityService   : LAB9 Observability window=30s category=additional.statsComputation.stats count=48 sumNanos=136085 avgNanos=2835
zil-additional-service  | 2026-05-05T00:13:43.259Z  INFO 1 --- [zil-additional-service] [   scheduling-1] r.a.observability.ObservabilityService   : LAB9 Observability window=30s category=web.additional.stats count=48 sumNanos=23691542359 avgNanos=493573799
zil-additional-service  | 2026-05-05T00:13:43.260Z  INFO 1 --- [zil-additional-service] [   scheduling-1] r.a.observability.ObservabilityService   : LAB9 Observability window=30s category=http.main.rents count=1066 sumNanos=260815451274 avgNanos=244667402
zil-additional-service  | 2026-05-05T00:13:43.260Z  INFO 1 --- [zil-additional-service] [   scheduling-1] r.a.observability.ObservabilityService   : LAB9 Observability window=30s category=http.main.cars count=1068 sumNanos=247529785671 avgNanos=231769462
zil-additional-service  | 2026-05-05T00:13:43.260Z  INFO 1 --- [zil-additional-service] [   scheduling-1] r.a.observability.ObservabilityService   : LAB9 Observability window=30s category=web.additional.availability_new count=1018 sumNanos=484958313855 avgNanos=476383412
zil-additional-service  | 2026-05-05T00:13:43.260Z  INFO 1 --- [zil-additional-service] [   scheduling-1] r.a.observability.ObservabilityService   : LAB9 Observability window=30s category=additional.statsComputation.availability.allCitiesAllDates count=1018 sumNanos=437801118 avgNanos=430060
zil-additional-service  | 2026-05-05T00:13:43.260Z  INFO 1 --- [zil-additional-service] [   scheduling-1] r.a.observability.ObservabilityService   : LAB9 Observability window=1m category=additional.statsComputation.stats count=86 sumNanos=240603 avgNanos=2797
zil-additional-service  | 2026-05-05T00:13:43.260Z  INFO 1 --- [zil-additional-service] [   scheduling-1] r.a.observability.ObservabilityService   : LAB9 Observability window=1m category=web.additional.stats count=86 sumNanos=55175199979 avgNanos=641572092
zil-additional-service  | 2026-05-05T00:13:43.260Z  INFO 1 --- [zil-additional-service] [   scheduling-1] r.a.observability.ObservabilityService   : LAB9 Observability window=1m category=http.main.rents count=1774 sumNanos=555211534381 avgNanos=312971552
zil-additional-service  | 2026-05-05T00:13:43.260Z  INFO 1 --- [zil-additional-service] [   scheduling-1] r.a.observability.ObservabilityService   : LAB9 Observability window=1m category=http.main.cars count=1772 sumNanos=505042191111 avgNanos=285012523
zil-additional-service  | 2026-05-05T00:13:43.260Z  INFO 1 --- [zil-additional-service] [   scheduling-1] r.a.observability.ObservabilityService   : LAB9 Observability window=1m category=web.additional.availability_new count=1688 sumNanos=1013732911205 avgNanos=600552672
zil-additional-service  | 2026-05-05T00:13:43.260Z  INFO 1 --- [zil-additional-service] [   scheduling-1] r.a.observability.ObservabilityService   : LAB9 Observability window=1m category=additional.statsComputation.availability.allCitiesAllDates count=1688 sumNanos=586704240 avgNanos=347573
zil-additional-service  | 2026-05-05T00:13:48.261Z  INFO 1 --- [zil-additional-service] [   scheduling-1] r.a.observability.ObservabilityService   : LAB9 Observability window=10s category=additional.statsComputation.stats count=23 sumNanos=78385 avgNanos=3408
zil-additional-service  | 2026-05-05T00:13:48.262Z  INFO 1 --- [zil-additional-service] [   scheduling-1] r.a.observability.ObservabilityService   : LAB9 Observability window=10s category=web.additional.stats count=23 sumNanos=10033467995 avgNanos=436237738
zil-additional-service  | 2026-05-05T00:13:48.262Z  INFO 1 --- [zil-additional-service] [   scheduling-1] r.a.observability.ObservabilityService   : LAB9 Observability window=10s category=http.main.rents count=388 sumNanos=84486873799 avgNanos=217749674
zil-additional-service  | 2026-05-05T00:13:48.262Z  INFO 1 --- [zil-additional-service] [   scheduling-1] r.a.observability.ObservabilityService   : LAB9 Observability window=10s category=http.main.cars count=390 sumNanos=81314956597 avgNanos=208499888
zil-additional-service  | 2026-05-05T00:13:48.262Z  INFO 1 --- [zil-additional-service] [   scheduling-1] r.a.observability.ObservabilityService   : LAB9 Observability window=10s category=web.additional.availability_new count=365 sumNanos=155258312037 avgNanos=425365238
zil-additional-service  | 2026-05-05T00:13:48.262Z  INFO 1 --- [zil-additional-service] [   scheduling-1] r.a.observability.ObservabilityService   : LAB9 Observability window=10s category=additional.statsComputation.availability.allCitiesAllDates count=365 sumNanos=113627543 avgNanos=311308
zil-additional-service  | 2026-05-05T00:13:48.262Z  INFO 1 --- [zil-additional-service] [   scheduling-1] r.a.observability.ObservabilityService   : LAB9 Observability window=30s category=additional.statsComputation.stats count=52 sumNanos=159747 avgNanos=3072
zil-additional-service  | 2026-05-05T00:13:48.262Z  INFO 1 --- [zil-additional-service] [   scheduling-1] r.a.observability.ObservabilityService   : LAB9 Observability window=30s category=web.additional.stats count=52 sumNanos=24153838776 avgNanos=464496899
zil-additional-service  | 2026-05-05T00:13:48.262Z  INFO 1 --- [zil-additional-service] [   scheduling-1] r.a.observability.ObservabilityService   : LAB9 Observability window=30s category=http.main.rents count=1095 sumNanos=260842342765 avgNanos=238212185
zil-additional-service  | 2026-05-05T00:13:48.262Z  INFO 1 --- [zil-additional-service] [   scheduling-1] r.a.observability.ObservabilityService   : LAB9 Observability window=30s category=http.main.cars count=1096 sumNanos=246013585848 avgNanos=224464950
zil-additional-service  | 2026-05-05T00:13:48.262Z  INFO 1 --- [zil-additional-service] [   scheduling-1] r.a.observability.ObservabilityService   : LAB9 Observability window=30s category=web.additional.availability_new count=1043 sumNanos=483157348267 avgNanos=463238109
zil-additional-service  | 2026-05-05T00:13:48.262Z  INFO 1 --- [zil-additional-service] [   scheduling-1] r.a.observability.ObservabilityService   : LAB9 Observability window=30s category=additional.statsComputation.availability.allCitiesAllDates count=1043 sumNanos=423594077 avgNanos=406130
zil-additional-service  | 2026-05-05T00:13:48.263Z  INFO 1 --- [zil-additional-service] [   scheduling-1] r.a.observability.ObservabilityService   : LAB9 Observability window=1m category=additional.statsComputation.stats count=92 sumNanos=274658 avgNanos=2985
zil-additional-service  | 2026-05-05T00:13:48.263Z  INFO 1 --- [zil-additional-service] [   scheduling-1] r.a.observability.ObservabilityService   : LAB9 Observability window=1m category=web.additional.stats count=92 sumNanos=51456427406 avgNanos=559308993
zil-additional-service  | 2026-05-05T00:13:48.263Z  INFO 1 --- [zil-additional-service] [   scheduling-1] r.a.observability.ObservabilityService   : LAB9 Observability window=1m category=http.main.rents count=1903 sumNanos=546794026839 avgNanos=287332646
zil-additional-service  | 2026-05-05T00:13:48.263Z  INFO 1 --- [zil-additional-service] [   scheduling-1] r.a.observability.ObservabilityService   : LAB9 Observability window=1m category=http.main.cars count=1900 sumNanos=501444516480 avgNanos=263918166
zil-additional-service  | 2026-05-05T00:13:48.263Z  INFO 1 --- [zil-additional-service] [   scheduling-1] r.a.observability.ObservabilityService   : LAB9 Observability window=1m category=web.additional.availability_new count=1811 sumNanos=1003353860756 avgNanos=554033053
zil-additional-service  | 2026-05-05T00:13:48.263Z  INFO 1 --- [zil-additional-service] [   scheduling-1] r.a.observability.ObservabilityService   : LAB9 Observability window=1m category=additional.statsComputation.availability.allCitiesAllDates count=1811 sumNanos=637151695 avgNanos=351823
zil-additional-service  | 2026-05-05T00:13:52.959Z  INFO 1 --- [zil-additional-service] [   scheduling-1] r.additional.service.ClientCacheService  : [client-cache-statistics] Client cache size=1000
zil-additional-service  | 2026-05-05T00:13:53.265Z  INFO 1 --- [zil-additional-service] [   scheduling-1] r.a.observability.ObservabilityService   : LAB9 Observability window=10s category=additional.statsComputation.stats count=19 sumNanos=72269 avgNanos=3803
zil-additional-service  | 2026-05-05T00:13:53.266Z  INFO 1 --- [zil-additional-service] [   scheduling-1] r.a.observability.ObservabilityService   : LAB9 Observability window=10s category=web.additional.stats count=19 sumNanos=7360810445 avgNanos=387411076
zil-additional-service  | 2026-05-05T00:13:53.267Z  INFO 1 --- [zil-additional-service] [   scheduling-1] r.a.observability.ObservabilityService   : LAB9 Observability window=10s category=http.main.rents count=417 sumNanos=83263876432 avgNanos=199673564
zil-additional-service  | 2026-05-05T00:13:53.267Z  INFO 1 --- [zil-additional-service] [   scheduling-1] r.a.observability.ObservabilityService   : LAB9 Observability window=10s category=http.main.cars count=417 sumNanos=79282511574 avgNanos=190125927
zil-additional-service  | 2026-05-05T00:13:53.267Z  INFO 1 --- [zil-additional-service] [   scheduling-1] r.a.observability.ObservabilityService   : LAB9 Observability window=10s category=web.additional.availability_new count=398 sumNanos=156325957339 avgNanos=392778787
zil-additional-service  | 2026-05-05T00:13:53.268Z  INFO 1 --- [zil-additional-service] [   scheduling-1] r.a.observability.ObservabilityService   : LAB9 Observability window=10s category=additional.statsComputation.availability.allCitiesAllDates count=398 sumNanos=180079846 avgNanos=452461
zil-additional-service  | 2026-05-05T00:13:53.268Z  INFO 1 --- [zil-additional-service] [   scheduling-1] r.a.observability.ObservabilityService   : LAB9 Observability window=30s category=additional.statsComputation.stats count=53 sumNanos=169063 avgNanos=3189
zil-additional-service  | 2026-05-05T00:13:53.269Z  INFO 1 --- [zil-additional-service] [   scheduling-1] r.a.observability.ObservabilityService   : LAB9 Observability window=30s category=web.additional.stats count=53 sumNanos=23968352900 avgNanos=452233073
zil-additional-service  | 2026-05-05T00:13:53.269Z  INFO 1 --- [zil-additional-service] [   scheduling-1] r.a.observability.ObservabilityService   : LAB9 Observability window=30s category=http.main.rents count=1145 sumNanos=256751251441 avgNanos=224236900
zil-additional-service  | 2026-05-05T00:13:53.269Z  INFO 1 --- [zil-additional-service] [   scheduling-1] r.a.observability.ObservabilityService   : LAB9 Observability window=30s category=http.main.cars count=1147 sumNanos=244302496578 avgNanos=212992586
zil-additional-service  | 2026-05-05T00:13:53.270Z  INFO 1 --- [zil-additional-service] [   scheduling-1] r.a.observability.ObservabilityService   : LAB9 Observability window=30s category=web.additional.availability_new count=1092 sumNanos=478564099125 avgNanos=438245512
zil-additional-service  | 2026-05-05T00:13:53.270Z  INFO 1 --- [zil-additional-service] [   scheduling-1] r.a.observability.ObservabilityService   : LAB9 Observability window=30s category=additional.statsComputation.availability.allCitiesAllDates count=1092 sumNanos=498332012 avgNanos=456347
zil-additional-service  | 2026-05-05T00:13:53.271Z  INFO 1 --- [zil-additional-service] [   scheduling-1] r.a.observability.ObservabilityService   : LAB9 Observability window=1m category=additional.statsComputation.stats count=93 sumNanos=289508 avgNanos=3112
zil-additional-service  | 2026-05-05T00:13:53.271Z  INFO 1 --- [zil-additional-service] [   scheduling-1] r.a.observability.ObservabilityService   : LAB9 Observability window=1m category=web.additional.stats count=93 sumNanos=48410526172 avgNanos=520543292
zil-additional-service  | 2026-05-05T00:13:53.272Z  INFO 1 --- [zil-additional-service] [   scheduling-1] r.a.observability.ObservabilityService   : LAB9 Observability window=1m category=http.main.rents count=2025 sumNanos=532516970146 avgNanos=262971343
zil-additional-service  | 2026-05-05T00:13:53.272Z  INFO 1 --- [zil-additional-service] [   scheduling-1] r.a.observability.ObservabilityService   : LAB9 Observability window=1m category=http.main.cars count=2022 sumNanos=497764581532 avgNanos=246174372
zil-additional-service  | 2026-05-05T00:13:53.272Z  INFO 1 --- [zil-additional-service] [   scheduling-1] r.a.observability.ObservabilityService   : LAB9 Observability window=1m category=web.additional.availability_new count=1932 sumNanos=987250597279 avgNanos=510999273
zil-additional-service  | 2026-05-05T00:13:53.273Z  INFO 1 --- [zil-additional-service] [   scheduling-1] r.a.observability.ObservabilityService   : LAB9 Observability window=1m category=additional.statsComputation.availability.allCitiesAllDates count=1932 sumNanos=730145986 avgNanos=377922
zil-additional-service  | 2026-05-05T00:13:58.276Z  INFO 1 --- [zil-additional-service] [   scheduling-1] r.a.observability.ObservabilityService   : LAB9 Observability window=10s category=additional.statsComputation.stats count=21 sumNanos=67751 avgNanos=3226
zil-additional-service  | 2026-05-05T00:13:58.277Z  INFO 1 --- [zil-additional-service] [   scheduling-1] r.a.observability.ObservabilityService   : LAB9 Observability window=10s category=web.additional.stats count=21 sumNanos=7697599043 avgNanos=366552335
zil-additional-service  | 2026-05-05T00:13:58.277Z  INFO 1 --- [zil-additional-service] [   scheduling-1] r.a.observability.ObservabilityService   : LAB9 Observability window=10s category=http.main.rents count=441 sumNanos=80679822516 avgNanos=182947443
zil-additional-service  | 2026-05-05T00:13:58.277Z  INFO 1 --- [zil-additional-service] [   scheduling-1] r.a.observability.ObservabilityService   : LAB9 Observability window=10s category=http.main.cars count=440 sumNanos=79651820336 avgNanos=181026864
zil-additional-service  | 2026-05-05T00:13:58.277Z  INFO 1 --- [zil-additional-service] [   scheduling-1] r.a.observability.ObservabilityService   : LAB9 Observability window=10s category=web.additional.availability_new count=420 sumNanos=153597068222 avgNanos=365707305
zil-additional-service  | 2026-05-05T00:13:58.277Z  INFO 1 --- [zil-additional-service] [   scheduling-1] r.a.observability.ObservabilityService   : LAB9 Observability window=10s category=additional.statsComputation.availability.allCitiesAllDates count=420 sumNanos=170104245 avgNanos=405010
zil-additional-service  | 2026-05-05T00:13:58.278Z  INFO 1 --- [zil-additional-service] [   scheduling-1] r.a.observability.ObservabilityService   : LAB9 Observability window=30s category=additional.statsComputation.stats count=61 sumNanos=193766 avgNanos=3176
zil-additional-service  | 2026-05-05T00:13:58.278Z  INFO 1 --- [zil-additional-service] [   scheduling-1] r.a.observability.ObservabilityService   : LAB9 Observability window=30s category=web.additional.stats count=61 sumNanos=26595544173 avgNanos=435992527
zil-additional-service  | 2026-05-05T00:13:58.278Z  INFO 1 --- [zil-additional-service] [   scheduling-1] r.a.observability.ObservabilityService   : LAB9 Observability window=30s category=http.main.rents count=1194 sumNanos=252306658192 avgNanos=211312109
zil-additional-service  | 2026-05-05T00:13:58.278Z  INFO 1 --- [zil-additional-service] [   scheduling-1] r.a.observability.ObservabilityService   : LAB9 Observability window=30s category=http.main.cars count=1198 sumNanos=242852521205 avgNanos=202714959
zil-additional-service  | 2026-05-05T00:13:58.278Z  INFO 1 --- [zil-additional-service] [   scheduling-1] r.a.observability.ObservabilityService   : LAB9 Observability window=30s category=web.additional.availability_new count=1133 sumNanos=469037643303 avgNanos=413978502
zil-additional-service  | 2026-05-05T00:13:58.279Z  INFO 1 --- [zil-additional-service] [   scheduling-1] r.a.observability.ObservabilityService   : LAB9 Observability window=30s category=additional.statsComputation.availability.allCitiesAllDates count=1133 sumNanos=481256720 avgNanos=424763
zil-additional-service  | 2026-05-05T00:13:58.279Z  INFO 1 --- [zil-additional-service] [   scheduling-1] r.a.observability.ObservabilityService   : LAB9 Observability window=1m category=additional.statsComputation.stats count=103 sumNanos=307622 avgNanos=2986
zil-additional-service  | 2026-05-05T00:13:58.279Z  INFO 1 --- [zil-additional-service] [   scheduling-1] r.a.observability.ObservabilityService   : LAB9 Observability window=1m category=web.additional.stats count=103 sumNanos=50506396339 avgNanos=490353362
zil-additional-service  | 2026-05-05T00:13:58.279Z  INFO 1 --- [zil-additional-service] [   scheduling-1] r.a.observability.ObservabilityService   : LAB9 Observability window=1m category=http.main.rents count=2137 sumNanos=520195697265 avgNanos=243423349
zil-additional-service  | 2026-05-05T00:13:58.279Z  INFO 1 --- [zil-additional-service] [   scheduling-1] r.a.observability.ObservabilityService   : LAB9 Observability window=1m category=http.main.cars count=2137 sumNanos=497313849602 avgNanos=232715886
zil-additional-service  | 2026-05-05T00:13:58.280Z  INFO 1 --- [zil-additional-service] [   scheduling-1] r.a.observability.ObservabilityService   : LAB9 Observability window=1m category=web.additional.availability_new count=2034 sumNanos=970225556864 avgNanos=477003715
zil-additional-service  | 2026-05-05T00:13:58.280Z  INFO 1 --- [zil-additional-service] [   scheduling-1] r.a.observability.ObservabilityService   : LAB9 Observability window=1m category=additional.statsComputation.availability.allCitiesAllDates count=2034 sumNanos=765915087 avgNanos=376556
zil-additional-service  | 2026-05-05T00:14:02.965Z  INFO 1 --- [zil-additional-service] [   scheduling-1] r.additional.service.ClientCacheService  : [client-cache-statistics] Client cache size=1000
zil-additional-service  | 2026-05-05T00:14:03.281Z  INFO 1 --- [zil-additional-service] [   scheduling-1] r.a.observability.ObservabilityService   : LAB9 Observability window=10s category=additional.statsComputation.stats count=24 sumNanos=72372 avgNanos=3015
zil-additional-service  | 2026-05-05T00:14:03.282Z  INFO 1 --- [zil-additional-service] [   scheduling-1] r.a.observability.ObservabilityService   : LAB9 Observability window=10s category=web.additional.stats count=24 sumNanos=9506950483 avgNanos=396122936
zil-additional-service  | 2026-05-05T00:14:03.282Z  INFO 1 --- [zil-additional-service] [   scheduling-1] r.a.observability.ObservabilityService   : LAB9 Observability window=10s category=http.main.rents count=416 sumNanos=81876249335 avgNanos=196817907
zil-additional-service  | 2026-05-05T00:14:03.282Z  INFO 1 --- [zil-additional-service] [   scheduling-1] r.a.observability.ObservabilityService   : LAB9 Observability window=10s category=http.main.cars count=417 sumNanos=81602969902 avgNanos=195690575
zil-additional-service  | 2026-05-05T00:14:03.282Z  INFO 1 --- [zil-additional-service] [   scheduling-1] r.a.observability.ObservabilityService   : LAB9 Observability window=10s category=web.additional.availability_new count=392 sumNanos=153249000692 avgNanos=390941328
zil-additional-service  | 2026-05-05T00:14:03.282Z  INFO 1 --- [zil-additional-service] [   scheduling-1] r.a.observability.ObservabilityService   : LAB9 Observability window=10s category=additional.statsComputation.availability.allCitiesAllDates count=392 sumNanos=126243850 avgNanos=322050
zil-additional-service  | 2026-05-05T00:14:03.282Z  INFO 1 --- [zil-additional-service] [   scheduling-1] r.a.observability.ObservabilityService   : LAB9 Observability window=30s category=additional.statsComputation.stats count=62 sumNanos=199993 avgNanos=3225
zil-additional-service  | 2026-05-05T00:14:03.282Z  INFO 1 --- [zil-additional-service] [   scheduling-1] r.a.observability.ObservabilityService   : LAB9 Observability window=30s category=web.additional.stats count=62 sumNanos=25777593954 avgNanos=415767644
zil-additional-service  | 2026-05-05T00:14:03.283Z  INFO 1 --- [zil-additional-service] [   scheduling-1] r.a.observability.ObservabilityService   : LAB9 Observability window=30s category=http.main.rents count=1208 sumNanos=249501070673 avgNanos=206540621
zil-additional-service  | 2026-05-05T00:14:03.283Z  INFO 1 --- [zil-additional-service] [   scheduling-1] r.a.observability.ObservabilityService   : LAB9 Observability window=30s category=http.main.cars count=1212 sumNanos=243463519365 avgNanos=200877491
zil-additional-service  | 2026-05-05T00:14:03.283Z  INFO 1 --- [zil-additional-service] [   scheduling-1] r.a.observability.ObservabilityService   : LAB9 Observability window=30s category=web.additional.availability_new count=1146 sumNanos=467022948815 avgNanos=407524388
zil-additional-service  | 2026-05-05T00:14:03.283Z  INFO 1 --- [zil-additional-service] [   scheduling-1] r.a.observability.ObservabilityService   : LAB9 Observability window=30s category=additional.statsComputation.availability.allCitiesAllDates count=1146 sumNanos=403919552 avgNanos=352460
zil-additional-service  | 2026-05-05T00:14:03.283Z  INFO 1 --- [zil-additional-service] [   scheduling-1] r.a.observability.ObservabilityService   : LAB9 Observability window=1m category=additional.statsComputation.stats count=108 sumNanos=326747 avgNanos=3025
zil-additional-service  | 2026-05-05T00:14:03.283Z  INFO 1 --- [zil-additional-service] [   scheduling-1] r.a.observability.ObservabilityService   : LAB9 Observability window=1m category=web.additional.stats count=108 sumNanos=51106566134 avgNanos=473208945
zil-additional-service  | 2026-05-05T00:14:03.283Z  INFO 1 --- [zil-additional-service] [   scheduling-1] r.a.observability.ObservabilityService   : LAB9 Observability window=1m category=http.main.rents count=2199 sumNanos=515404230275 avgNanos=234381187
zil-additional-service  | 2026-05-05T00:14:03.283Z  INFO 1 --- [zil-additional-service] [   scheduling-1] r.a.observability.ObservabilityService   : LAB9 Observability window=1m category=http.main.cars count=2204 sumNanos=495163009617 avgNanos=224665612
zil-additional-service  | 2026-05-05T00:14:03.283Z  INFO 1 --- [zil-additional-service] [   scheduling-1] r.a.observability.ObservabilityService   : LAB9 Observability window=1m category=web.additional.availability_new count=2091 sumNanos=961101028012 avgNanos=459637029
zil-additional-service  | 2026-05-05T00:14:03.283Z  INFO 1 --- [zil-additional-service] [   scheduling-1] r.a.observability.ObservabilityService   : LAB9 Observability window=1m category=additional.statsComputation.availability.allCitiesAllDates count=2091 sumNanos=808048241 avgNanos=386441
zil-additional-service  | 2026-05-05T00:14:08.284Z  INFO 1 --- [zil-additional-service] [   scheduling-1] r.a.observability.ObservabilityService   : LAB9 Observability window=10s category=additional.statsComputation.stats count=26 sumNanos=265888 avgNanos=10226
zil-additional-service  | 2026-05-05T00:14:08.285Z  INFO 1 --- [zil-additional-service] [   scheduling-1] r.a.observability.ObservabilityService   : LAB9 Observability window=10s category=web.additional.stats count=26 sumNanos=10984347224 avgNanos=422474893
zil-additional-service  | 2026-05-05T00:14:08.286Z  INFO 1 --- [zil-additional-service] [   scheduling-1] r.a.observability.ObservabilityService   : LAB9 Observability window=10s category=http.main.rents count=387 sumNanos=84685609153 avgNanos=218825863
zil-additional-service  | 2026-05-05T00:14:08.362Z  INFO 1 --- [zil-additional-service] [   scheduling-1] r.a.observability.ObservabilityService   : LAB9 Observability window=10s category=http.main.cars count=385 sumNanos=80885619360 avgNanos=210092517
zil-additional-service  | 2026-05-05T00:14:08.362Z  INFO 1 --- [zil-additional-service] [   scheduling-1] r.a.observability.ObservabilityService   : LAB9 Observability window=10s category=web.additional.availability_new count=361 sumNanos=155664904968 avgNanos=431204722
zil-additional-service  | 2026-05-05T00:14:08.362Z  INFO 1 --- [zil-additional-service] [   scheduling-1] r.a.observability.ObservabilityService   : LAB9 Observability window=10s category=additional.statsComputation.availability.allCitiesAllDates count=361 sumNanos=263647128 avgNanos=730324
zil-additional-service  | 2026-05-05T00:14:08.362Z  INFO 1 --- [zil-additional-service] [   scheduling-1] r.a.observability.ObservabilityService   : LAB9 Observability window=30s category=additional.statsComputation.stats count=71 sumNanos=430665 avgNanos=6065
zil-additional-service  | 2026-05-05T00:14:08.362Z  INFO 1 --- [zil-additional-service] [   scheduling-1] r.a.observability.ObservabilityService   : LAB9 Observability window=30s category=web.additional.stats count=71 sumNanos=29049652361 avgNanos=409150033
zil-additional-service  | 2026-05-05T00:14:08.362Z  INFO 1 --- [zil-additional-service] [   scheduling-1] r.a.observability.ObservabilityService   : LAB9 Observability window=30s category=http.main.rents count=1216 sumNanos=249941518428 avgNanos=205544011
zil-additional-service  | 2026-05-05T00:14:08.363Z  INFO 1 --- [zil-additional-service] [   scheduling-1] r.a.observability.ObservabilityService   : LAB9 Observability window=30s category=http.main.cars count=1219 sumNanos=242552951970 avgNanos=198976990
zil-additional-service  | 2026-05-05T00:14:08.363Z  INFO 1 --- [zil-additional-service] [   scheduling-1] r.a.observability.ObservabilityService   : LAB9 Observability window=30s category=web.additional.availability_new count=1145 sumNanos=464368371955 avgNanos=405561896
zil-additional-service  | 2026-05-05T00:14:08.363Z  INFO 1 --- [zil-additional-service] [   scheduling-1] r.a.observability.ObservabilityService   : LAB9 Observability window=30s category=additional.statsComputation.availability.allCitiesAllDates count=1145 sumNanos=547086327 avgNanos=477804
zil-additional-service  | 2026-05-05T00:14:08.363Z  INFO 1 --- [zil-additional-service] [   scheduling-1] r.a.observability.ObservabilityService   : LAB9 Observability window=1m category=additional.statsComputation.stats count=117 sumNanos=558665 avgNanos=4774
zil-additional-service  | 2026-05-05T00:14:08.363Z  INFO 1 --- [zil-additional-service] [   scheduling-1] r.a.observability.ObservabilityService   : LAB9 Observability window=1m category=web.additional.stats count=117 sumNanos=53223656714 avgNanos=454903048
zil-additional-service  | 2026-05-05T00:14:08.363Z  INFO 1 --- [zil-additional-service] [   scheduling-1] r.a.observability.ObservabilityService   : LAB9 Observability window=1m category=http.main.rents count=2258 sumNanos=514379209310 avgNanos=227803015
zil-additional-service  | 2026-05-05T00:14:08.363Z  INFO 1 --- [zil-additional-service] [   scheduling-1] r.a.observability.ObservabilityService   : LAB9 Observability window=1m category=http.main.cars count=2257 sumNanos=490117252650 avgNanos=217154298
zil-additional-service  | 2026-05-05T00:14:08.363Z  INFO 1 --- [zil-additional-service] [   scheduling-1] r.a.observability.ObservabilityService   : LAB9 Observability window=1m category=web.additional.availability_new count=2141 sumNanos=955305567655 avgNanos=446195968
zil-additional-service  | 2026-05-05T00:14:08.363Z  INFO 1 --- [zil-additional-service] [   scheduling-1] r.a.observability.ObservabilityService   : LAB9 Observability window=1m category=additional.statsComputation.availability.allCitiesAllDates count=2141 sumNanos=972488717 avgNanos=454221
zil-additional-service  | 2026-05-05T00:14:12.959Z  INFO 1 --- [zil-additional-service] [   scheduling-1] r.additional.service.ClientCacheService  : [client-cache-statistics] Client cache size=1000
zil-additional-service  | 2026-05-05T00:14:13.365Z  INFO 1 --- [zil-additional-service] [   scheduling-1] r.a.observability.ObservabilityService   : LAB9 Observability window=10s category=additional.statsComputation.stats count=26 sumNanos=299030 avgNanos=11501
zil-additional-service  | 2026-05-05T00:14:13.367Z  INFO 1 --- [zil-additional-service] [   scheduling-1] r.a.observability.ObservabilityService   : LAB9 Observability window=10s category=web.additional.stats count=26 sumNanos=10214070384 avgNanos=392848860
zil-additional-service  | 2026-05-05T00:14:13.368Z  INFO 1 --- [zil-additional-service] [   scheduling-1] r.a.observability.ObservabilityService   : LAB9 Observability window=10s category=http.main.rents count=415 sumNanos=83430110337 avgNanos=201036410
zil-additional-service  | 2026-05-05T00:14:13.368Z  INFO 1 --- [zil-additional-service] [   scheduling-1] r.a.observability.ObservabilityService   : LAB9 Observability window=10s category=http.main.cars count=413 sumNanos=79466523164 avgNanos=192412889
zil-additional-service  | 2026-05-05T00:14:13.369Z  INFO 1 --- [zil-additional-service] [   scheduling-1] r.a.observability.ObservabilityService   : LAB9 Observability window=10s category=web.additional.availability_new count=391 sumNanos=155681917619 avgNanos=398163472
zil-additional-service  | 2026-05-05T00:14:13.369Z  INFO 1 --- [zil-additional-service] [   scheduling-1] r.a.observability.ObservabilityService   : LAB9 Observability window=10s category=additional.statsComputation.availability.allCitiesAllDates count=391 sumNanos=267127360 avgNanos=683190
zil-additional-service  | 2026-05-05T00:14:13.372Z  INFO 1 --- [zil-additional-service] [   scheduling-1] r.a.observability.ObservabilityService   : LAB9 Observability window=30s category=additional.statsComputation.stats count=69 sumNanos=443671 avgNanos=6430
zil-additional-service  | 2026-05-05T00:14:13.372Z  INFO 1 --- [zil-additional-service] [   scheduling-1] r.a.observability.ObservabilityService   : LAB9 Observability window=30s category=web.additional.stats count=69 sumNanos=27081831312 avgNanos=392490308
zil-additional-service  | 2026-05-05T00:14:13.372Z  INFO 1 --- [zil-additional-service] [   scheduling-1] r.a.observability.ObservabilityService   : LAB9 Observability window=30s category=http.main.rents count=1245 sumNanos=247658350971 avgNanos=198922370
zil-additional-service  | 2026-05-05T00:14:13.372Z  INFO 1 --- [zil-additional-service] [   scheduling-1] r.a.observability.ObservabilityService   : LAB9 Observability window=30s category=http.main.cars count=1244 sumNanos=239823344966 avgNanos=192784039
zil-additional-service  | 2026-05-05T00:14:13.372Z  INFO 1 --- [zil-additional-service] [   scheduling-1] r.a.observability.ObservabilityService   : LAB9 Observability window=30s category=web.additional.availability_new count=1176 sumNanos=462663441275 avgNanos=393421293
zil-additional-service  | 2026-05-05T00:14:13.372Z  INFO 1 --- [zil-additional-service] [   scheduling-1] r.a.observability.ObservabilityService   : LAB9 Observability window=30s category=additional.statsComputation.availability.allCitiesAllDates count=1176 sumNanos=572985059 avgNanos=487232
zil-additional-service  | 2026-05-05T00:14:13.372Z  INFO 1 --- [zil-additional-service] [   scheduling-1] r.a.observability.ObservabilityService   : LAB9 Observability window=1m category=additional.statsComputation.stats count=117 sumNanos=579756 avgNanos=4955
zil-additional-service  | 2026-05-05T00:14:13.372Z  INFO 1 --- [zil-additional-service] [   scheduling-1] r.a.observability.ObservabilityService   : LAB9 Observability window=1m category=web.additional.stats count=117 sumNanos=50773373671 avgNanos=433960458
zil-additional-service  | 2026-05-05T00:14:13.372Z  INFO 1 --- [zil-additional-service] [   scheduling-1] r.a.observability.ObservabilityService   : LAB9 Observability window=1m category=http.main.rents count=2311 sumNanos=508543385608 avgNanos=220053390
zil-additional-service  | 2026-05-05T00:14:13.372Z  INFO 1 --- [zil-additional-service] [   scheduling-1] r.a.observability.ObservabilityService   : LAB9 Observability window=1m category=http.main.cars count=2314 sumNanos=487535948301 avgNanos=210689692
zil-additional-service  | 2026-05-05T00:14:13.372Z  INFO 1 --- [zil-additional-service] [   scheduling-1] r.a.observability.ObservabilityService   : LAB9 Observability window=1m category=web.additional.availability_new count=2194 sumNanos=947793017539 avgNanos=431993171
zil-additional-service  | 2026-05-05T00:14:13.372Z  INFO 1 --- [zil-additional-service] [   scheduling-1] r.a.observability.ObservabilityService   : LAB9 Observability window=1m category=additional.statsComputation.availability.allCitiesAllDates count=2194 sumNanos=1009989193 avgNanos=460341
zil-additional-service  | 2026-05-05T00:14:18.373Z  INFO 1 --- [zil-additional-service] [   scheduling-1] r.a.observability.ObservabilityService   : LAB9 Observability window=10s category=additional.statsComputation.stats count=19 sumNanos=87745 avgNanos=4618
zil-additional-service  | 2026-05-05T00:14:18.373Z  INFO 1 --- [zil-additional-service] [   scheduling-1] r.a.observability.ObservabilityService   : LAB9 Observability window=10s category=web.additional.stats count=19 sumNanos=6678767381 avgNanos=351514072
zil-additional-service  | 2026-05-05T00:14:18.373Z  INFO 1 --- [zil-additional-service] [   scheduling-1] r.a.observability.ObservabilityService   : LAB9 Observability window=10s category=http.main.rents count=427 sumNanos=79006306661 avgNanos=185026479
zil-additional-service  | 2026-05-05T00:14:18.373Z  INFO 1 --- [zil-additional-service] [   scheduling-1] r.a.observability.ObservabilityService   : LAB9 Observability window=10s category=http.main.cars count=429 sumNanos=78874881940 avgNanos=183857533
zil-additional-service  | 2026-05-05T00:14:18.373Z  INFO 1 --- [zil-additional-service] [   scheduling-1] r.a.observability.ObservabilityService   : LAB9 Observability window=10s category=web.additional.availability_new count=408 sumNanos=150776656880 avgNanos=369550629
zil-additional-service  | 2026-05-05T00:14:18.373Z  INFO 1 --- [zil-additional-service] [   scheduling-1] r.a.observability.ObservabilityService   : LAB9 Observability window=10s category=additional.statsComputation.availability.allCitiesAllDates count=408 sumNanos=284177037 avgNanos=696512
zil-additional-service  | 2026-05-05T00:14:18.374Z  INFO 1 --- [zil-additional-service] [   scheduling-1] r.a.observability.ObservabilityService   : LAB9 Observability window=30s category=additional.statsComputation.stats count=67 sumNanos=440025 avgNanos=6567
zil-additional-service  | 2026-05-05T00:14:18.374Z  INFO 1 --- [zil-additional-service] [   scheduling-1] r.a.observability.ObservabilityService   : LAB9 Observability window=30s category=web.additional.stats count=67 sumNanos=25694951747 avgNanos=383506742
zil-additional-service  | 2026-05-05T00:14:18.374Z  INFO 1 --- [zil-additional-service] [   scheduling-1] r.a.observability.ObservabilityService   : LAB9 Observability window=30s category=http.main.rents count=1255 sumNanos=244322117813 avgNanos=194678978
zil-additional-service  | 2026-05-05T00:14:18.374Z  INFO 1 --- [zil-additional-service] [   scheduling-1] r.a.observability.ObservabilityService   : LAB9 Observability window=30s category=http.main.cars count=1254 sumNanos=239274171588 avgNanos=190808749
zil-additional-service  | 2026-05-05T00:14:18.374Z  INFO 1 --- [zil-additional-service] [   scheduling-1] r.a.observability.ObservabilityService   : LAB9 Observability window=30s category=web.additional.availability_new count=1188 sumNanos=459477276959 avgNanos=386765384
zil-additional-service  | 2026-05-05T00:14:18.374Z  INFO 1 --- [zil-additional-service] [   scheduling-1] r.a.observability.ObservabilityService   : LAB9 Observability window=30s category=additional.statsComputation.availability.allCitiesAllDates count=1188 sumNanos=717741603 avgNanos=604159
zil-additional-service  | 2026-05-05T00:14:18.374Z  INFO 1 --- [zil-additional-service] [   scheduling-1] r.a.observability.ObservabilityService   : LAB9 Observability window=1m category=additional.statsComputation.stats count=119 sumNanos=599772 avgNanos=5040
zil-additional-service  | 2026-05-05T00:14:18.374Z  INFO 1 --- [zil-additional-service] [   scheduling-1] r.a.observability.ObservabilityService   : LAB9 Observability window=1m category=web.additional.stats count=119 sumNanos=49848790523 avgNanos=418897399
zil-additional-service  | 2026-05-05T00:14:18.374Z  INFO 1 --- [zil-additional-service] [   scheduling-1] r.a.observability.ObservabilityService   : LAB9 Observability window=1m category=http.main.rents count=2350 sumNanos=505088076926 avgNanos=214931096
zil-additional-service  | 2026-05-05T00:14:18.374Z  INFO 1 --- [zil-additional-service] [   scheduling-1] r.a.observability.ObservabilityService   : LAB9 Observability window=1m category=http.main.cars count=2349 sumNanos=484937046171 avgNanos=206444038
zil-additional-service  | 2026-05-05T00:14:18.374Z  INFO 1 --- [zil-additional-service] [   scheduling-1] r.a.observability.ObservabilityService   : LAB9 Observability window=1m category=web.additional.availability_new count=2231 sumNanos=942793579200 avgNanos=422587888
zil-additional-service  | 2026-05-05T00:14:18.374Z  INFO 1 --- [zil-additional-service] [   scheduling-1] r.a.observability.ObservabilityService   : LAB9 Observability window=1m category=additional.statsComputation.availability.allCitiesAllDates count=2231 sumNanos=1141416724 avgNanos=511616
zil-additional-service  | 2026-05-05T00:14:22.959Z  INFO 1 --- [zil-additional-service] [   scheduling-1] r.additional.service.ClientCacheService  : [client-cache-statistics] Client cache size=1000
zil-additional-service  | 2026-05-05T00:14:23.375Z  INFO 1 --- [zil-additional-service] [   scheduling-1] r.a.observability.ObservabilityService   : LAB9 Observability window=10s category=additional.statsComputation.stats count=19 sumNanos=67788 avgNanos=3567
zil-additional-service  | 2026-05-05T00:14:23.378Z  INFO 1 --- [zil-additional-service] [   scheduling-1] r.a.observability.ObservabilityService   : LAB9 Observability window=10s category=web.additional.stats count=19 sumNanos=7733732919 avgNanos=407038574
zil-additional-service  | 2026-05-05T00:14:23.378Z  INFO 1 --- [zil-additional-service] [   scheduling-1] r.a.observability.ObservabilityService   : LAB9 Observability window=10s category=http.main.rents count=405 sumNanos=82961328960 avgNanos=204842787
zil-additional-service  | 2026-05-05T00:14:23.378Z  INFO 1 --- [zil-additional-service] [   scheduling-1] r.a.observability.ObservabilityService   : LAB9 Observability window=10s category=http.main.cars count=402 sumNanos=79757392831 avgNanos=198401474
zil-additional-service  | 2026-05-05T00:14:23.378Z  INFO 1 --- [zil-additional-service] [   scheduling-1] r.a.observability.ObservabilityService   : LAB9 Observability window=10s category=web.additional.availability_new count=386 sumNanos=155622259390 avgNanos=403166475
zil-additional-service  | 2026-05-05T00:14:23.378Z  INFO 1 --- [zil-additional-service] [   scheduling-1] r.a.observability.ObservabilityService   : LAB9 Observability window=10s category=additional.statsComputation.availability.allCitiesAllDates count=386 sumNanos=267232181 avgNanos=692311
zil-additional-service  | 2026-05-05T00:14:23.379Z  INFO 1 --- [zil-additional-service] [   scheduling-1] r.a.observability.ObservabilityService   : LAB9 Observability window=30s category=additional.statsComputation.stats count=69 sumNanos=439190 avgNanos=6365
zil-additional-service  | 2026-05-05T00:14:23.379Z  INFO 1 --- [zil-additional-service] [   scheduling-1] r.a.observability.ObservabilityService   : LAB9 Observability window=30s category=web.additional.stats count=69 sumNanos=27454753786 avgNanos=397894982
zil-additional-service  | 2026-05-05T00:14:23.379Z  INFO 1 --- [zil-additional-service] [   scheduling-1] r.a.observability.ObservabilityService   : LAB9 Observability window=30s category=http.main.rents count=1233 sumNanos=247423772996 avgNanos=200668104
zil-additional-service  | 2026-05-05T00:14:23.379Z  INFO 1 --- [zil-additional-service] [   scheduling-1] r.a.observability.ObservabilityService   : LAB9 Observability window=30s category=http.main.cars count=1230 sumNanos=240321346222 avgNanos=195383208
zil-additional-service  | 2026-05-05T00:14:23.379Z  INFO 1 --- [zil-additional-service] [   scheduling-1] r.a.observability.ObservabilityService   : LAB9 Observability window=30s category=web.additional.availability_new count=1164 sumNanos=462368373690 avgNanos=397223688
zil-additional-service  | 2026-05-05T00:14:23.379Z  INFO 1 --- [zil-additional-service] [   scheduling-1] r.a.observability.ObservabilityService   : LAB9 Observability window=30s category=additional.statsComputation.availability.allCitiesAllDates count=1164 sumNanos=660262585 avgNanos=567235
zil-additional-service  | 2026-05-05T00:14:23.380Z  INFO 1 --- [zil-additional-service] [   scheduling-1] r.a.observability.ObservabilityService   : LAB9 Observability window=1m category=additional.statsComputation.stats count=122 sumNanos=608253 avgNanos=4985
zil-additional-service  | 2026-05-05T00:14:23.380Z  INFO 1 --- [zil-additional-service] [   scheduling-1] r.a.observability.ObservabilityService   : LAB9 Observability window=1m category=web.additional.stats count=122 sumNanos=51423106686 avgNanos=421500874
zil-additional-service  | 2026-05-05T00:14:23.380Z  INFO 1 --- [zil-additional-service] [   scheduling-1] r.a.observability.ObservabilityService   : LAB9 Observability window=1m category=http.main.rents count=2380 sumNanos=504534139217 avgNanos=211989134
zil-additional-service  | 2026-05-05T00:14:23.380Z  INFO 1 --- [zil-additional-service] [   scheduling-1] r.a.observability.ObservabilityService   : LAB9 Observability window=1m category=http.main.cars count=2376 sumNanos=484119968266 avgNanos=203754195
zil-app                 | 2026-05-05T00:15:18.424Z  INFO 1 --- [   scheduling-1] r.observability.ObservabilityService     : LAB9 Observability window=30s category=web.RentController.getRents count=1252 sumNanos=199706130476 avgNanos=159509688
zil-app                 | 2026-05-05T00:15:18.424Z  INFO 1 --- [   scheduling-1] r.observability.ObservabilityService     : LAB9 Observability window=30s category=db.rent.findAll count=1252 sumNanos=199703235063 avgNanos=159507376
zil-app                 | 2026-05-05T00:15:18.424Z  INFO 1 --- [   scheduling-1] r.observability.ObservabilityService     : LAB9 Observability window=30s category=web.CarController.getCars count=1250 sumNanos=192197441671 avgNanos=153757953
zil-app                 | 2026-05-05T00:15:18.424Z  INFO 1 --- [   scheduling-1] r.observability.ObservabilityService     : LAB9 Observability window=30s category=db.car.findAll count=1250 sumNanos=192187407174 avgNanos=153749925
zil-app                 | 2026-05-05T00:15:18.425Z  INFO 1 --- [   scheduling-1] r.observability.ObservabilityService     : LAB9 Observability window=1m category=web.RentController.getRents count=2464 sumNanos=397880851385 avgNanos=161477618
zil-app                 | 2026-05-05T00:15:18.425Z  INFO 1 --- [   scheduling-1] r.observability.ObservabilityService     : LAB9 Observability window=1m category=db.rent.findAll count=2464 sumNanos=397869242867 avgNanos=161472907
zil-app                 | 2026-05-05T00:15:18.425Z  INFO 1 --- [   scheduling-1] r.observability.ObservabilityService     : LAB9 Observability window=1m category=web.CarController.getCars count=2462 sumNanos=387129697777 avgNanos=157241956
zil-app                 | 2026-05-05T00:15:18.425Z  INFO 1 --- [   scheduling-1] r.observability.ObservabilityService     : LAB9 Observability window=1m category=db.car.findAll count=2462 sumNanos=387107098816 avgNanos=157232777
zil-app                 | 2026-05-05T00:15:23.426Z  INFO 1 --- [   scheduling-1] r.observability.ObservabilityService     : LAB9 Observability window=10s category=web.RentController.getRents count=416 sumNanos=64857432903 avgNanos=155907290
zil-app                 | 2026-05-05T00:15:23.426Z  INFO 1 --- [   scheduling-1] r.observability.ObservabilityService     : LAB9 Observability window=10s category=db.rent.findAll count=416 sumNanos=64856749023 avgNanos=155905646
zil-app                 | 2026-05-05T00:15:23.426Z  INFO 1 --- [   scheduling-1] r.observability.ObservabilityService     : LAB9 Observability window=10s category=web.CarController.getCars count=412 sumNanos=62836356107 avgNanos=152515427
zil-app                 | 2026-05-05T00:15:23.427Z  INFO 1 --- [   scheduling-1] r.observability.ObservabilityService     : LAB9 Observability window=10s category=db.car.findAll count=412 sumNanos=62835016167 avgNanos=152512175
zil-app                 | 2026-05-05T00:15:23.427Z  INFO 1 --- [   scheduling-1] r.observability.ObservabilityService     : LAB9 Observability window=30s category=web.RentController.getRents count=1269 sumNanos=194260850177 avgNanos=153081836
zil-app                 | 2026-05-05T00:15:23.427Z  INFO 1 --- [   scheduling-1] r.observability.ObservabilityService     : LAB9 Observability window=30s category=db.rent.findAll count=1269 sumNanos=194258013287 avgNanos=153079600
zil-app                 | 2026-05-05T00:15:23.427Z  INFO 1 --- [   scheduling-1] r.observability.ObservabilityService     : LAB9 Observability window=30s category=web.CarController.getCars count=1264 sumNanos=190649802413 avgNanos=150830539
zil-app                 | 2026-05-05T00:15:23.427Z  INFO 1 --- [   scheduling-1] r.observability.ObservabilityService     : LAB9 Observability window=30s category=db.car.findAll count=1264 sumNanos=190639512817 avgNanos=150822399
zil-app                 | 2026-05-05T00:15:23.428Z  INFO 1 --- [   scheduling-1] r.observability.ObservabilityService     : LAB9 Observability window=1m category=web.RentController.getRents count=2488 sumNanos=396668901034 avgNanos=159432838
zil-app                 | 2026-05-05T00:15:23.428Z  INFO 1 --- [   scheduling-1] r.observability.ObservabilityService     : LAB9 Observability window=1m category=db.rent.findAll count=2488 sumNanos=396657404148 avgNanos=159428217
zil-app                 | 2026-05-05T00:15:23.428Z  INFO 1 --- [   scheduling-1] r.observability.ObservabilityService     : LAB9 Observability window=1m category=web.CarController.getCars count=2489 sumNanos=386175761556 avgNanos=155152977
zil-app                 | 2026-05-05T00:15:23.428Z  INFO 1 --- [   scheduling-1] r.observability.ObservabilityService     : LAB9 Observability window=1m category=db.car.findAll count=2489 sumNanos=386153057003 avgNanos=155143855
zil-app                 | 2026-05-05T00:15:28.429Z  INFO 1 --- [   scheduling-1] r.observability.ObservabilityService     : LAB9 Observability window=10s category=web.RentController.getRents count=438 sumNanos=65042200383 avgNanos=148498174
zil-app                 | 2026-05-05T00:15:28.429Z  INFO 1 --- [   scheduling-1] r.observability.ObservabilityService     : LAB9 Observability window=10s category=db.rent.findAll count=438 sumNanos=65040775517 avgNanos=148494921
zil-app                 | 2026-05-05T00:15:28.430Z  INFO 1 --- [   scheduling-1] r.observability.ObservabilityService     : LAB9 Observability window=10s category=web.CarController.getCars count=439 sumNanos=67384470460 avgNanos=153495376
zil-app                 | 2026-05-05T00:15:28.430Z  INFO 1 --- [   scheduling-1] r.observability.ObservabilityService     : LAB9 Observability window=10s category=db.car.findAll count=439 sumNanos=67383316217 avgNanos=153492747
zil-app                 | 2026-05-05T00:15:28.430Z  INFO 1 --- [   scheduling-1] r.observability.ObservabilityService     : LAB9 Observability window=30s category=web.RentController.getRents count=1280 sumNanos=191470067861 avgNanos=149585990
zil-app                 | 2026-05-05T00:15:28.430Z  INFO 1 --- [   scheduling-1] r.observability.ObservabilityService     : LAB9 Observability window=30s category=db.rent.findAll count=1280 sumNanos=191466798053 avgNanos=149583435
zil-app                 | 2026-05-05T00:15:28.431Z  INFO 1 --- [   scheduling-1] r.observability.ObservabilityService     : LAB9 Observability window=30s category=web.CarController.getCars count=1280 sumNanos=195921291565 avgNanos=153063509
zil-app                 | 2026-05-05T00:15:28.431Z  INFO 1 --- [   scheduling-1] r.observability.ObservabilityService     : LAB9 Observability window=30s category=db.car.findAll count=1280 sumNanos=195911845875 avgNanos=153056129
zil-app                 | 2026-05-05T00:15:28.431Z  INFO 1 --- [   scheduling-1] r.observability.ObservabilityService     : LAB9 Observability window=1m category=web.RentController.getRents count=2510 sumNanos=398090145324 avgNanos=158601651
zil-app                 | 2026-05-05T00:15:28.431Z  INFO 1 --- [   scheduling-1] r.observability.ObservabilityService     : LAB9 Observability window=1m category=db.rent.findAll count=2510 sumNanos=398078095723 avgNanos=158596850
zil-app                 | 2026-05-05T00:15:28.431Z  INFO 1 --- [   scheduling-1] r.observability.ObservabilityService     : LAB9 Observability window=1m category=web.CarController.getCars count=2510 sumNanos=391577764824 avgNanos=156007077
zil-app                 | 2026-05-05T00:15:28.432Z  INFO 1 --- [   scheduling-1] r.observability.ObservabilityService     : LAB9 Observability window=1m category=db.car.findAll count=2510 sumNanos=391561786854 avgNanos=156000711
zil-app                 | 2026-05-05T00:15:33.432Z  INFO 1 --- [   scheduling-1] r.observability.ObservabilityService     : LAB9 Observability window=10s category=web.RentController.getRents count=389 sumNanos=59265955197 avgNanos=152354640
zil-app                 | 2026-05-05T00:15:33.432Z  INFO 1 --- [   scheduling-1] r.observability.ObservabilityService     : LAB9 Observability window=10s category=db.rent.findAll count=389 sumNanos=59264467747 avgNanos=152350816
zil-app                 | 2026-05-05T00:15:33.432Z  INFO 1 --- [   scheduling-1] r.observability.ObservabilityService     : LAB9 Observability window=10s category=web.CarController.getCars count=382 sumNanos=61933463521 avgNanos=162129485
zil-app                 | 2026-05-05T00:15:33.433Z  INFO 1 --- [   scheduling-1] r.observability.ObservabilityService     : LAB9 Observability window=10s category=db.car.findAll count=382 sumNanos=61932726856 avgNanos=162127557
zil-app                 | 2026-05-05T00:15:33.433Z  INFO 1 --- [   scheduling-1] r.observability.ObservabilityService     : LAB9 Observability window=30s category=web.RentController.getRents count=1237 sumNanos=185382626184 avgNanos=149864693
zil-app                 | 2026-05-05T00:15:33.433Z  INFO 1 --- [   scheduling-1] r.observability.ObservabilityService     : LAB9 Observability window=30s category=db.rent.findAll count=1237 sumNanos=185379575235 avgNanos=149862227
zil-app                 | 2026-05-05T00:15:33.433Z  INFO 1 --- [   scheduling-1] r.observability.ObservabilityService     : LAB9 Observability window=30s category=web.CarController.getCars count=1230 sumNanos=190083109016 avgNanos=154539113
zil-app                 | 2026-05-05T00:15:33.433Z  INFO 1 --- [   scheduling-1] r.observability.ObservabilityService     : LAB9 Observability window=30s category=db.car.findAll count=1230 sumNanos=190073831592 avgNanos=154531570
zil-app                 | 2026-05-05T00:15:33.433Z  INFO 1 --- [   scheduling-1] r.observability.ObservabilityService     : LAB9 Observability window=1m category=web.RentController.getRents count=2492 sumNanos=391344986916 avgNanos=157040524
zil-app                 | 2026-05-05T00:15:33.433Z  INFO 1 --- [   scheduling-1] r.observability.ObservabilityService     : LAB9 Observability window=1m category=db.rent.findAll count=2492 sumNanos=391338909879 avgNanos=157038085
zil-app                 | 2026-05-05T00:15:33.433Z  INFO 1 --- [   scheduling-1] r.observability.ObservabilityService     : LAB9 Observability window=1m category=web.CarController.getCars count=2482 sumNanos=385547127888 avgNanos=155337279
zil-app                 | 2026-05-05T00:15:33.433Z  INFO 1 --- [   scheduling-1] r.observability.ObservabilityService     : LAB9 Observability window=1m category=db.car.findAll count=2482 sumNanos=385531350232 avgNanos=155330922
zil-app                 | 2026-05-05T00:15:38.434Z  INFO 1 --- [   scheduling-1] r.observability.ObservabilityService     : LAB9 Observability window=10s category=web.RentController.getRents count=167 sumNanos=26095922812 avgNanos=156263010
zil-app                 | 2026-05-05T00:15:38.434Z  INFO 1 --- [   scheduling-1] r.observability.ObservabilityService     : LAB9 Observability window=10s category=db.rent.findAll count=167 sumNanos=26095510925 avgNanos=156260544
zil-app                 | 2026-05-05T00:15:38.434Z  INFO 1 --- [   scheduling-1] r.observability.ObservabilityService     : LAB9 Observability window=10s category=web.CarController.getCars count=159 sumNanos=26031692366 avgNanos=163721335
zil-app                 | 2026-05-05T00:15:38.434Z  INFO 1 --- [   scheduling-1] r.observability.ObservabilityService     : LAB9 Observability window=10s category=db.car.findAll count=159 sumNanos=26031427946 avgNanos=163719672
zil-app                 | 2026-05-05T00:15:38.435Z  INFO 1 --- [   scheduling-1] r.observability.ObservabilityService     : LAB9 Observability window=30s category=web.RentController.getRents count=1033 sumNanos=154235483599 avgNanos=149308309
zil-app                 | 2026-05-05T00:15:38.435Z  INFO 1 --- [   scheduling-1] r.observability.ObservabilityService     : LAB9 Observability window=30s category=db.rent.findAll count=1033 sumNanos=154232842130 avgNanos=149305752
zil-app                 | 2026-05-05T00:15:38.435Z  INFO 1 --- [   scheduling-1] r.observability.ObservabilityService     : LAB9 Observability window=30s category=web.CarController.getCars count=1025 sumNanos=158512132196 avgNanos=154645982
zil-app                 | 2026-05-05T00:15:38.435Z  INFO 1 --- [   scheduling-1] r.observability.ObservabilityService     : LAB9 Observability window=30s category=db.car.findAll count=1025 sumNanos=158509232970 avgNanos=154643154
zil-app                 | 2026-05-05T00:15:38.435Z  INFO 1 --- [   scheduling-1] r.observability.ObservabilityService     : LAB9 Observability window=1m category=web.RentController.getRents count=2275 sumNanos=357024548018 avgNanos=156933867
zil-app                 | 2026-05-05T00:15:38.435Z  INFO 1 --- [   scheduling-1] r.observability.ObservabilityService     : LAB9 Observability window=1m category=db.rent.findAll count=2275 sumNanos=357019051722 avgNanos=156931451
zil-app                 | 2026-05-05T00:15:38.435Z  INFO 1 --- [   scheduling-1] r.observability.ObservabilityService     : LAB9 Observability window=1m category=web.CarController.getCars count=2265 sumNanos=352458625395 avgNanos=155610872
zil-app                 | 2026-05-05T00:15:38.435Z  INFO 1 --- [   scheduling-1] r.observability.ObservabilityService     : LAB9 Observability window=1m category=db.car.findAll count=2265 sumNanos=352446200227 avgNanos=155605386
zil-app                 | 2026-05-05T00:15:43.436Z  INFO 1 --- [   scheduling-1] r.observability.ObservabilityService     : LAB9 Observability window=30s category=web.RentController.getRents count=805 sumNanos=124101813257 avgNanos=154163743
zil-app                 | 2026-05-05T00:15:43.436Z  INFO 1 --- [   scheduling-1] r.observability.ObservabilityService     : LAB9 Observability window=30s category=db.rent.findAll count=805 sumNanos=124099642041 avgNanos=154161046
zil-app                 | 2026-05-05T00:15:43.436Z  INFO 1 --- [   scheduling-1] r.observability.ObservabilityService     : LAB9 Observability window=30s category=web.CarController.getCars count=794 sumNanos=124769819628 avgNanos=157140830
zil-app                 | 2026-05-05T00:15:43.436Z  INFO 1 --- [   scheduling-1] r.observability.ObservabilityService     : LAB9 Observability window=30s category=db.car.findAll count=794 sumNanos=124767743023 avgNanos=157138215
zil-app                 | 2026-05-05T00:15:43.436Z  INFO 1 --- [   scheduling-1] r.observability.ObservabilityService     : LAB9 Observability window=1m category=web.RentController.getRents count=2066 sumNanos=323893021596 avgNanos=156773001
zil-app                 | 2026-05-05T00:15:43.436Z  INFO 1 --- [   scheduling-1] r.observability.ObservabilityService     : LAB9 Observability window=1m category=db.rent.findAll count=2066 sumNanos=323887923835 avgNanos=156770534
zil-app                 | 2026-05-05T00:15:43.436Z  INFO 1 --- [   scheduling-1] r.observability.ObservabilityService     : LAB9 Observability window=1m category=web.CarController.getCars count=2057 sumNanos=319815725631 avgNanos=155476774
zil-app                 | 2026-05-05T00:15:43.436Z  INFO 1 --- [   scheduling-1] r.observability.ObservabilityService     : LAB9 Observability window=1m category=db.car.findAll count=2057 sumNanos=319803687424 avgNanos=155470922
zil-additional-service  | 2026-05-05T00:14:23.381Z  INFO 1 --- [zil-additional-service] [   scheduling-1] r.a.observability.ObservabilityService   : LAB9 Observability window=1m category=web.additional.availability_new count=2258 sumNanos=941279413957 avgNanos=416864222
zil-additional-service  | 2026-05-05T00:14:23.381Z  INFO 1 --- [zil-additional-service] [   scheduling-1] r.a.observability.ObservabilityService   : LAB9 Observability window=1m category=additional.statsComputation.availability.allCitiesAllDates count=2258 sumNanos=1158375351 avgNanos=513009
zil-additional-service  | 2026-05-05T00:14:28.466Z  INFO 1 --- [zil-additional-service] [   scheduling-1] r.a.observability.ObservabilityService   : LAB9 Observability window=10s category=additional.statsComputation.stats count=17 sumNanos=78520 avgNanos=4618
zil-additional-service  | 2026-05-05T00:14:28.466Z  INFO 1 --- [zil-additional-service] [   scheduling-1] r.a.observability.ObservabilityService   : LAB9 Observability window=10s category=web.additional.stats count=17 sumNanos=7741821674 avgNanos=455401274
zil-additional-service  | 2026-05-05T00:14:28.466Z  INFO 1 --- [zil-additional-service] [   scheduling-1] r.a.observability.ObservabilityService   : LAB9 Observability window=10s category=http.main.rents count=392 sumNanos=85636862952 avgNanos=218461385
zil-additional-service  | 2026-05-05T00:14:28.466Z  INFO 1 --- [zil-additional-service] [   scheduling-1] r.a.observability.ObservabilityService   : LAB9 Observability window=10s category=http.main.cars count=395 sumNanos=80165130225 avgNanos=202949696
zil-additional-service  | 2026-05-05T00:14:28.466Z  INFO 1 --- [zil-additional-service] [   scheduling-1] r.a.observability.ObservabilityService   : LAB9 Observability window=10s category=web.additional.availability_new count=375 sumNanos=157771594617 avgNanos=420724252
zil-additional-service  | 2026-05-05T00:14:28.466Z  INFO 1 --- [zil-additional-service] [   scheduling-1] r.a.observability.ObservabilityService   : LAB9 Observability window=10s category=additional.statsComputation.availability.allCitiesAllDates count=375 sumNanos=139986081 avgNanos=373296
zil-additional-service  | 2026-05-05T00:14:28.466Z  INFO 1 --- [zil-additional-service] [   scheduling-1] r.a.observability.ObservabilityService   : LAB9 Observability window=30s category=additional.statsComputation.stats count=63 sumNanos=450794 avgNanos=7155
zil-additional-service  | 2026-05-05T00:14:28.466Z  INFO 1 --- [zil-additional-service] [   scheduling-1] r.a.observability.ObservabilityService   : LAB9 Observability window=30s category=web.additional.stats count=63 sumNanos=25739174378 avgNanos=408558323
zil-additional-service  | 2026-05-05T00:14:28.466Z  INFO 1 --- [zil-additional-service] [   scheduling-1] r.a.observability.ObservabilityService   : LAB9 Observability window=30s category=http.main.rents count=1204 sumNanos=249149304714 avgNanos=206934638
zil-additional-service  | 2026-05-05T00:14:28.466Z  INFO 1 --- [zil-additional-service] [   scheduling-1] r.a.observability.ObservabilityService   : LAB9 Observability window=30s category=http.main.cars count=1205 sumNanos=239491463463 avgNanos=198748102
zil-additional-service  | 2026-05-05T00:14:28.466Z  INFO 1 --- [zil-additional-service] [   scheduling-1] r.a.observability.ObservabilityService   : LAB9 Observability window=30s category=web.additional.availability_new count=1141 sumNanos=463512325230 avgNanos=406233413
zil-additional-service  | 2026-05-05T00:14:28.466Z  INFO 1 --- [zil-additional-service] [   scheduling-1] r.a.observability.ObservabilityService   : LAB9 Observability window=30s category=additional.statsComputation.availability.allCitiesAllDates count=1141 sumNanos=687468375 avgNanos=602513
zil-additional-service  | 2026-05-05T00:14:28.467Z  INFO 1 --- [zil-additional-service] [   scheduling-1] r.a.observability.ObservabilityService   : LAB9 Observability window=1m category=additional.statsComputation.stats count=124 sumNanos=644560 avgNanos=5198
zil-additional-service  | 2026-05-05T00:14:28.467Z  INFO 1 --- [zil-additional-service] [   scheduling-1] r.a.observability.ObservabilityService   : LAB9 Observability window=1m category=web.additional.stats count=124 sumNanos=52334718551 avgNanos=422054181
zil-additional-service  | 2026-05-05T00:14:28.467Z  INFO 1 --- [zil-additional-service] [   scheduling-1] r.a.observability.ObservabilityService   : LAB9 Observability window=1m category=http.main.rents count=2401 sumNanos=502011484969 avgNanos=209084333
zil-additional-service  | 2026-05-05T00:14:28.467Z  INFO 1 --- [zil-additional-service] [   scheduling-1] r.a.observability.ObservabilityService   : LAB9 Observability window=1m category=http.main.cars count=2398 sumNanos=481189693926 avgNanos=200662924
zil-additional-service  | 2026-05-05T00:14:28.467Z  INFO 1 --- [zil-additional-service] [   scheduling-1] r.a.observability.ObservabilityService   : LAB9 Observability window=1m category=web.additional.availability_new count=2277 sumNanos=933580858917 avgNanos=410004768
zil-additional-service  | 2026-05-05T00:14:28.467Z  INFO 1 --- [zil-additional-service] [   scheduling-1] r.a.observability.ObservabilityService   : LAB9 Observability window=1m category=additional.statsComputation.availability.allCitiesAllDates count=2277 sumNanos=1168866812 avgNanos=513336
zil-additional-service  | 2026-05-05T00:14:32.959Z  INFO 1 --- [zil-additional-service] [   scheduling-1] r.additional.service.ClientCacheService  : [client-cache-statistics] Client cache size=1000
zil-additional-service  | 2026-05-05T00:14:33.468Z  INFO 1 --- [zil-additional-service] [   scheduling-1] r.a.observability.ObservabilityService   : LAB9 Observability window=10s category=additional.statsComputation.stats count=17 sumNanos=79961 avgNanos=4703
zil-additional-service  | 2026-05-05T00:14:33.469Z  INFO 1 --- [zil-additional-service] [   scheduling-1] r.a.observability.ObservabilityService   : LAB9 Observability window=10s category=web.additional.stats count=17 sumNanos=7332175941 avgNanos=431304467
zil-additional-service  | 2026-05-05T00:14:33.469Z  INFO 1 --- [zil-additional-service] [   scheduling-1] r.a.observability.ObservabilityService   : LAB9 Observability window=10s category=http.main.rents count=385 sumNanos=85843775381 avgNanos=222970845
zil-additional-service  | 2026-05-05T00:14:33.469Z  INFO 1 --- [zil-additional-service] [   scheduling-1] r.a.observability.ObservabilityService   : LAB9 Observability window=10s category=http.main.cars count=387 sumNanos=80415489768 avgNanos=207791963
zil-additional-service  | 2026-05-05T00:14:33.469Z  INFO 1 --- [zil-additional-service] [   scheduling-1] r.a.observability.ObservabilityService   : LAB9 Observability window=10s category=web.additional.availability_new count=368 sumNanos=158709196020 avgNanos=431274989
zil-additional-service  | 2026-05-05T00:14:33.469Z  INFO 1 --- [zil-additional-service] [   scheduling-1] r.a.observability.ObservabilityService   : LAB9 Observability window=10s category=additional.statsComputation.availability.allCitiesAllDates count=368 sumNanos=228632276 avgNanos=621283
zil-additional-service  | 2026-05-05T00:14:33.469Z  INFO 1 --- [zil-additional-service] [   scheduling-1] r.a.observability.ObservabilityService   : LAB9 Observability window=30s category=additional.statsComputation.stats count=62 sumNanos=446779 avgNanos=7206
zil-additional-service  | 2026-05-05T00:14:33.469Z  INFO 1 --- [zil-additional-service] [   scheduling-1] r.a.observability.ObservabilityService   : LAB9 Observability window=30s category=web.additional.stats count=62 sumNanos=25279979244 avgNanos=407741600
zil-additional-service  | 2026-05-05T00:14:33.469Z  INFO 1 --- [zil-additional-service] [   scheduling-1] r.a.observability.ObservabilityService   : LAB9 Observability window=30s category=http.main.rents count=1201 sumNanos=250832987825 avgNanos=208853445
zil-additional-service  | 2026-05-05T00:14:33.469Z  INFO 1 --- [zil-additional-service] [   scheduling-1] r.a.observability.ObservabilityService   : LAB9 Observability window=30s category=http.main.cars count=1201 sumNanos=239189692601 avgNanos=199158778
zil-additional-service  | 2026-05-05T00:14:33.469Z  INFO 1 --- [zil-additional-service] [   scheduling-1] r.a.observability.ObservabilityService   : LAB9 Observability window=30s category=web.additional.availability_new count=1139 sumNanos=466272003607 avgNanos=409369625
zil-additional-service  | 2026-05-05T00:14:33.469Z  INFO 1 --- [zil-additional-service] [   scheduling-1] r.a.observability.ObservabilityService   : LAB9 Observability window=30s category=additional.statsComputation.availability.allCitiesAllDates count=1139 sumNanos=614079669 avgNanos=539139
zil-additional-service  | 2026-05-05T00:14:33.470Z  INFO 1 --- [zil-additional-service] [   scheduling-1] r.a.observability.ObservabilityService   : LAB9 Observability window=1m category=additional.statsComputation.stats count=124 sumNanos=646772 avgNanos=5215
zil-additional-service  | 2026-05-05T00:14:33.470Z  INFO 1 --- [zil-additional-service] [   scheduling-1] r.a.observability.ObservabilityService   : LAB9 Observability window=1m category=web.additional.stats count=124 sumNanos=51057573198 avgNanos=411754622
zil-additional-service  | 2026-05-05T00:14:33.470Z  INFO 1 --- [zil-additional-service] [   scheduling-1] r.a.observability.ObservabilityService   : LAB9 Observability window=1m category=http.main.rents count=2409 sumNanos=500528187301 avgNanos=207774257
zil-additional-service  | 2026-05-05T00:14:33.470Z  INFO 1 --- [zil-additional-service] [   scheduling-1] r.a.observability.ObservabilityService   : LAB9 Observability window=1m category=http.main.cars count=2411 sumNanos=482416293620 avgNanos=200089711
zil-additional-service  | 2026-05-05T00:14:33.470Z  INFO 1 --- [zil-additional-service] [   scheduling-1] r.a.observability.ObservabilityService   : LAB9 Observability window=1m category=web.additional.availability_new count=2285 sumNanos=933833127657 avgNanos=408679705
zil-additional-service  | 2026-05-05T00:14:33.470Z  INFO 1 --- [zil-additional-service] [   scheduling-1] r.a.observability.ObservabilityService   : LAB9 Observability window=1m category=additional.statsComputation.availability.allCitiesAllDates count=2285 sumNanos=1166675030 avgNanos=510579
zil-additional-service  | 2026-05-05T00:14:38.473Z  INFO 1 --- [zil-additional-service] [   scheduling-1] r.a.observability.ObservabilityService   : LAB9 Observability window=10s category=additional.statsComputation.stats count=21 sumNanos=66836 avgNanos=3182
zil-additional-service  | 2026-05-05T00:14:38.474Z  INFO 1 --- [zil-additional-service] [   scheduling-1] r.a.observability.ObservabilityService   : LAB9 Observability window=10s category=web.additional.stats count=21 sumNanos=8570322235 avgNanos=408110582
zil-additional-service  | 2026-05-05T00:14:38.475Z  INFO 1 --- [zil-additional-service] [   scheduling-1] r.a.observability.ObservabilityService   : LAB9 Observability window=10s category=http.main.rents count=406 sumNanos=84911617522 avgNanos=209141915
zil-additional-service  | 2026-05-05T00:14:38.475Z  INFO 1 --- [zil-additional-service] [   scheduling-1] r.a.observability.ObservabilityService   : LAB9 Observability window=10s category=http.main.cars count=406 sumNanos=80585718130 avgNanos=198486990
zil-additional-service  | 2026-05-05T00:14:38.476Z  INFO 1 --- [zil-additional-service] [   scheduling-1] r.a.observability.ObservabilityService   : LAB9 Observability window=10s category=web.additional.availability_new count=385 sumNanos=158027911650 avgNanos=410462108
zil-additional-service  | 2026-05-05T00:14:38.476Z  INFO 1 --- [zil-additional-service] [   scheduling-1] r.a.observability.ObservabilityService   : LAB9 Observability window=10s category=additional.statsComputation.availability.allCitiesAllDates count=385 sumNanos=218004027 avgNanos=566244
zil-additional-service  | 2026-05-05T00:14:38.477Z  INFO 1 --- [zil-additional-service] [   scheduling-1] r.a.observability.ObservabilityService   : LAB9 Observability window=30s category=additional.statsComputation.stats count=56 sumNanos=229905 avgNanos=4105
zil-additional-service  | 2026-05-05T00:14:38.477Z  INFO 1 --- [zil-additional-service] [   scheduling-1] r.a.observability.ObservabilityService   : LAB9 Observability window=30s category=web.additional.stats count=56 sumNanos=22641933811 avgNanos=404320246
zil-additional-service  | 2026-05-05T00:14:38.477Z  INFO 1 --- [zil-additional-service] [   scheduling-1] r.a.observability.ObservabilityService   : LAB9 Observability window=30s category=http.main.rents count=1225 sumNanos=249762731651 avgNanos=203887944
zil-additional-service  | 2026-05-05T00:14:38.477Z  INFO 1 --- [zil-additional-service] [   scheduling-1] r.a.observability.ObservabilityService   : LAB9 Observability window=30s category=http.main.cars count=1229 sumNanos=239499307215 avgNanos=194873317
zil-additional-service  | 2026-05-05T00:14:38.477Z  INFO 1 --- [zil-additional-service] [   scheduling-1] r.a.observability.ObservabilityService   : LAB9 Observability window=30s category=web.additional.availability_new count=1169 sumNanos=467444450599 avgNanos=399866938
zil-additional-service  | 2026-05-05T00:14:38.477Z  INFO 1 --- [zil-additional-service] [   scheduling-1] r.a.observability.ObservabilityService   : LAB9 Observability window=30s category=additional.statsComputation.availability.allCitiesAllDates count=1169 sumNanos=642298095 avgNanos=549442
zil-additional-service  | 2026-05-05T00:14:38.479Z  INFO 1 --- [zil-additional-service] [   scheduling-1] r.a.observability.ObservabilityService   : LAB9 Observability window=1m category=additional.statsComputation.stats count=128 sumNanos=663766 avgNanos=5185
zil-additional-service  | 2026-05-05T00:14:38.480Z  INFO 1 --- [zil-additional-service] [   scheduling-1] r.a.observability.ObservabilityService   : LAB9 Observability window=1m category=web.additional.stats count=128 sumNanos=52040563651 avgNanos=406566903
zil-additional-service  | 2026-05-05T00:14:38.480Z  INFO 1 --- [zil-additional-service] [   scheduling-1] r.a.observability.ObservabilityService   : LAB9 Observability window=1m category=http.main.rents count=2442 sumNanos=499982598639 avgNanos=204743078
zil-additional-service  | 2026-05-05T00:14:38.480Z  INFO 1 --- [zil-additional-service] [   scheduling-1] r.a.observability.ObservabilityService   : LAB9 Observability window=1m category=http.main.cars count=2442 sumNanos=480967658869 avgNanos=196956453
zil-additional-service  | 2026-05-05T00:14:38.481Z  INFO 1 --- [zil-additional-service] [   scheduling-1] r.a.observability.ObservabilityService   : LAB9 Observability window=1m category=web.additional.availability_new count=2314 sumNanos=931806619052 avgNanos=402682203
zil-additional-service  | 2026-05-05T00:14:38.481Z  INFO 1 --- [zil-additional-service] [   scheduling-1] r.a.observability.ObservabilityService   : LAB9 Observability window=1m category=additional.statsComputation.availability.allCitiesAllDates count=2314 sumNanos=1184078674 avgNanos=511702
zil-additional-service  | 2026-05-05T00:14:42.962Z  INFO 1 --- [zil-additional-service] [   scheduling-1] r.additional.service.ClientCacheService  : [client-cache-statistics] Client cache size=1000
zil-additional-service  | 2026-05-05T00:14:43.482Z  INFO 1 --- [zil-additional-service] [   scheduling-1] r.a.observability.ObservabilityService   : LAB9 Observability window=10s category=additional.statsComputation.stats count=29 sumNanos=85209 avgNanos=2938
zil-additional-service  | 2026-05-05T00:14:43.486Z  INFO 1 --- [zil-additional-service] [   scheduling-1] r.a.observability.ObservabilityService   : LAB9 Observability window=10s category=web.additional.stats count=29 sumNanos=11130482629 avgNanos=383809745
zil-additional-service  | 2026-05-05T00:14:43.486Z  INFO 1 --- [zil-additional-service] [   scheduling-1] r.a.observability.ObservabilityService   : LAB9 Observability window=10s category=http.main.rents count=424 sumNanos=82612973907 avgNanos=194841919
zil-additional-service  | 2026-05-05T00:14:43.486Z  INFO 1 --- [zil-additional-service] [   scheduling-1] r.a.observability.ObservabilityService   : LAB9 Observability window=10s category=http.main.cars count=425 sumNanos=79117839187 avgNanos=186159621
zil-additional-service  | 2026-05-05T00:14:43.486Z  INFO 1 --- [zil-additional-service] [   scheduling-1] r.a.observability.ObservabilityService   : LAB9 Observability window=10s category=web.additional.availability_new count=395 sumNanos=151035038201 avgNanos=382367185
zil-additional-service  | 2026-05-05T00:14:43.486Z  INFO 1 --- [zil-additional-service] [   scheduling-1] r.a.observability.ObservabilityService   : LAB9 Observability window=10s category=additional.statsComputation.availability.allCitiesAllDates count=395 sumNanos=137828210 avgNanos=348932
zil-additional-service  | 2026-05-05T00:14:43.486Z  INFO 1 --- [zil-additional-service] [   scheduling-1] r.a.observability.ObservabilityService   : LAB9 Observability window=30s category=additional.statsComputation.stats count=64 sumNanos=230707 avgNanos=3604
zil-additional-service  | 2026-05-05T00:14:43.486Z  INFO 1 --- [zil-additional-service] [   scheduling-1] r.a.observability.ObservabilityService   : LAB9 Observability window=30s category=web.additional.stats count=64 sumNanos=25840990953 avgNanos=403765483
zil-additional-service  | 2026-05-05T00:14:43.486Z  INFO 1 --- [zil-additional-service] [   scheduling-1] r.a.observability.ObservabilityService   : LAB9 Observability window=30s category=http.main.rents count=1212 sumNanos=251152176786 avgNanos=207221267
zil-additional-service  | 2026-05-05T00:14:43.486Z  INFO 1 --- [zil-additional-service] [   scheduling-1] r.a.observability.ObservabilityService   : LAB9 Observability window=30s category=http.main.cars count=1215 sumNanos=239461513928 avgNanos=197087665
zil-additional-service  | 2026-05-05T00:14:43.486Z  INFO 1 --- [zil-additional-service] [   scheduling-1] r.a.observability.ObservabilityService   : LAB9 Observability window=30s category=web.additional.availability_new count=1148 sumNanos=465418512615 avgNanos=405416822
zil-additional-service  | 2026-05-05T00:14:43.486Z  INFO 1 --- [zil-additional-service] [   scheduling-1] r.a.observability.ObservabilityService   : LAB9 Observability window=30s category=additional.statsComputation.availability.allCitiesAllDates count=1148 sumNanos=633726026 avgNanos=552026
zil-additional-service  | 2026-05-05T00:14:43.487Z  INFO 1 --- [zil-additional-service] [   scheduling-1] r.a.observability.ObservabilityService   : LAB9 Observability window=1m category=additional.statsComputation.stats count=133 sumNanos=674045 avgNanos=5068
zil-additional-service  | 2026-05-05T00:14:43.487Z  INFO 1 --- [zil-additional-service] [   scheduling-1] r.a.observability.ObservabilityService   : LAB9 Observability window=1m category=web.additional.stats count=133 sumNanos=52794222739 avgNanos=396949043
zil-additional-service  | 2026-05-05T00:14:43.487Z  INFO 1 --- [zil-additional-service] [   scheduling-1] r.a.observability.ObservabilityService   : LAB9 Observability window=1m category=http.main.rents count=2456 sumNanos=498045569722 avgNanos=202787284
zil-additional-service  | 2026-05-05T00:14:43.487Z  INFO 1 --- [zil-additional-service] [   scheduling-1] r.a.observability.ObservabilityService   : LAB9 Observability window=1m category=http.main.cars count=2458 sumNanos=479324486929 avgNanos=195005893
zil-additional-service  | 2026-05-05T00:14:43.487Z  INFO 1 --- [zil-additional-service] [   scheduling-1] r.a.observability.ObservabilityService   : LAB9 Observability window=1m category=web.additional.availability_new count=2323 sumNanos=926601516803 avgNanos=398881410
zil-additional-service  | 2026-05-05T00:14:43.487Z  INFO 1 --- [zil-additional-service] [   scheduling-1] r.a.observability.ObservabilityService   : LAB9 Observability window=1m category=additional.statsComputation.availability.allCitiesAllDates count=2323 sumNanos=1206006731 avgNanos=519159
zil-additional-service  | 2026-05-05T00:14:48.488Z  INFO 1 --- [zil-additional-service] [   scheduling-1] r.a.observability.ObservabilityService   : LAB9 Observability window=10s category=additional.statsComputation.stats count=27 sumNanos=75650 avgNanos=2801
zil-additional-service  | 2026-05-05T00:14:48.488Z  INFO 1 --- [zil-additional-service] [   scheduling-1] r.a.observability.ObservabilityService   : LAB9 Observability window=10s category=web.additional.stats count=27 sumNanos=10023337803 avgNanos=371234733
zil-additional-service  | 2026-05-05T00:14:48.488Z  INFO 1 --- [zil-additional-service] [   scheduling-1] r.a.observability.ObservabilityService   : LAB9 Observability window=10s category=http.main.rents count=420 sumNanos=81571326998 avgNanos=194217445
zil-additional-service  | 2026-05-05T00:14:48.488Z  INFO 1 --- [zil-additional-service] [   scheduling-1] r.a.observability.ObservabilityService   : LAB9 Observability window=10s category=http.main.cars count=419 sumNanos=80943139378 avgNanos=193181716
zil-additional-service  | 2026-05-05T00:14:48.488Z  INFO 1 --- [zil-additional-service] [   scheduling-1] r.a.observability.ObservabilityService   : LAB9 Observability window=10s category=web.additional.availability_new count=393 sumNanos=152774901319 avgNanos=388740206
zil-additional-service  | 2026-05-05T00:14:48.488Z  INFO 1 --- [zil-additional-service] [   scheduling-1] r.a.observability.ObservabilityService   : LAB9 Observability window=10s category=additional.statsComputation.availability.allCitiesAllDates count=393 sumNanos=143728167 avgNanos=365720
zil-additional-service  | 2026-05-05T00:14:48.488Z  INFO 1 --- [zil-additional-service] [   scheduling-1] r.a.observability.ObservabilityService   : LAB9 Observability window=30s category=additional.statsComputation.stats count=65 sumNanos=221006 avgNanos=3400
zil-additional-service  | 2026-05-05T00:14:48.488Z  INFO 1 --- [zil-additional-service] [   scheduling-1] r.a.observability.ObservabilityService   : LAB9 Observability window=30s category=web.additional.stats count=65 sumNanos=26335481712 avgNanos=405161257
zil-additional-service  | 2026-05-05T00:14:48.488Z  INFO 1 --- [zil-additional-service] [   scheduling-1] r.a.observability.ObservabilityService   : LAB9 Observability window=30s category=http.main.rents count=1218 sumNanos=251968919658 avgNanos=206871034
zil-additional-service  | 2026-05-05T00:14:48.488Z  INFO 1 --- [zil-additional-service] [   scheduling-1] r.a.observability.ObservabilityService   : LAB9 Observability window=30s category=http.main.cars count=1216 sumNanos=240537155156 avgNanos=197810160
zil-additional-service  | 2026-05-05T00:14:48.488Z  INFO 1 --- [zil-additional-service] [   scheduling-1] r.a.observability.ObservabilityService   : LAB9 Observability window=30s category=web.additional.availability_new count=1153 sumNanos=468241819773 avgNanos=406107389
zil-additional-service  | 2026-05-05T00:14:48.488Z  INFO 1 --- [zil-additional-service] [   scheduling-1] r.a.observability.ObservabilityService   : LAB9 Observability window=30s category=additional.statsComputation.availability.allCitiesAllDates count=1153 sumNanos=501813130 avgNanos=435223
zil-additional-service  | 2026-05-05T00:14:48.489Z  INFO 1 --- [zil-additional-service] [   scheduling-1] r.a.observability.ObservabilityService   : LAB9 Observability window=1m category=additional.statsComputation.stats count=131 sumNanos=657940 avgNanos=5022
zil-additional-service  | 2026-05-05T00:14:48.489Z  INFO 1 --- [zil-additional-service] [   scheduling-1] r.a.observability.ObservabilityService   : LAB9 Observability window=1m category=web.additional.stats count=131 sumNanos=51597292661 avgNanos=393872463
zil-additional-service  | 2026-05-05T00:14:48.489Z  INFO 1 --- [zil-additional-service] [   scheduling-1] r.a.observability.ObservabilityService   : LAB9 Observability window=1m category=http.main.rents count=2469 sumNanos=495781288162 avgNanos=200802465
zil-additional-service  | 2026-05-05T00:14:48.489Z  INFO 1 --- [zil-additional-service] [   scheduling-1] r.a.observability.ObservabilityService   : LAB9 Observability window=1m category=http.main.cars count=2473 sumNanos=480628705563 avgNanos=194350467
zil-additional-service  | 2026-05-05T00:14:48.489Z  INFO 1 --- [zil-additional-service] [   scheduling-1] r.a.observability.ObservabilityService   : LAB9 Observability window=1m category=web.additional.availability_new count=2338 sumNanos=926934115047 avgNanos=396464548
zil-additional-service  | 2026-05-05T00:14:48.489Z  INFO 1 --- [zil-additional-service] [   scheduling-1] r.a.observability.ObservabilityService   : LAB9 Observability window=1m category=additional.statsComputation.availability.allCitiesAllDates count=2338 sumNanos=1194450031 avgNanos=510885
zil-additional-service  | 2026-05-05T00:14:52.959Z  INFO 1 --- [zil-additional-service] [   scheduling-1] r.additional.service.ClientCacheService  : [client-cache-statistics] Client cache size=1000
zil-additional-service  | 2026-05-05T00:14:53.490Z  INFO 1 --- [zil-additional-service] [   scheduling-1] r.a.observability.ObservabilityService   : LAB9 Observability window=10s category=additional.statsComputation.stats count=24 sumNanos=73503 avgNanos=3062
zil-additional-service  | 2026-05-05T00:14:53.490Z  INFO 1 --- [zil-additional-service] [   scheduling-1] r.a.observability.ObservabilityService   : LAB9 Observability window=10s category=web.additional.stats count=24 sumNanos=8961016886 avgNanos=373375703
zil-additional-service  | 2026-05-05T00:14:53.491Z  INFO 1 --- [zil-additional-service] [   scheduling-1] r.a.observability.ObservabilityService   : LAB9 Observability window=10s category=http.main.rents count=411 sumNanos=84778881554 avgNanos=206274650
zil-additional-service  | 2026-05-05T00:14:53.491Z  INFO 1 --- [zil-additional-service] [   scheduling-1] r.a.observability.ObservabilityService   : LAB9 Observability window=10s category=http.main.cars count=411 sumNanos=80541132867 avgNanos=195963826
zil-additional-service  | 2026-05-05T00:14:53.491Z  INFO 1 --- [zil-additional-service] [   scheduling-1] r.a.observability.ObservabilityService   : LAB9 Observability window=10s category=web.additional.availability_new count=387 sumNanos=156952978701 avgNanos=405563252
zil-additional-service  | 2026-05-05T00:14:53.491Z  INFO 1 --- [zil-additional-service] [   scheduling-1] r.a.observability.ObservabilityService   : LAB9 Observability window=10s category=additional.statsComputation.availability.allCitiesAllDates count=387 sumNanos=108747627 avgNanos=281001
zil-additional-service  | 2026-05-05T00:14:53.491Z  INFO 1 --- [zil-additional-service] [   scheduling-1] r.a.observability.ObservabilityService   : LAB9 Observability window=30s category=additional.statsComputation.stats count=70 sumNanos=238673 avgNanos=3409
zil-additional-service  | 2026-05-05T00:14:53.491Z  INFO 1 --- [zil-additional-service] [   scheduling-1] r.a.observability.ObservabilityService   : LAB9 Observability window=30s category=web.additional.stats count=70 sumNanos=27423675456 avgNanos=391766792
zil-additional-service  | 2026-05-05T00:14:53.491Z  INFO 1 --- [zil-additional-service] [   scheduling-1] r.a.observability.ObservabilityService   : LAB9 Observability window=30s category=http.main.rents count=1220 sumNanos=253239842586 avgNanos=207573641
zil-additional-service  | 2026-05-05T00:14:53.491Z  INFO 1 --- [zil-additional-service] [   scheduling-1] r.a.observability.ObservabilityService   : LAB9 Observability window=30s category=http.main.cars count=1220 sumNanos=239561808133 avgNanos=196362137
zil-additional-service  | 2026-05-05T00:14:53.491Z  INFO 1 --- [zil-additional-service] [   scheduling-1] r.a.observability.ObservabilityService   : LAB9 Observability window=30s category=web.additional.availability_new count=1150 sumNanos=466769326854 avgNanos=405886371
zil-additional-service  | 2026-05-05T00:14:53.491Z  INFO 1 --- [zil-additional-service] [   scheduling-1] r.a.observability.ObservabilityService   : LAB9 Observability window=30s category=additional.statsComputation.availability.allCitiesAllDates count=1150 sumNanos=475244412 avgNanos=413256
zil-additional-service  | 2026-05-05T00:14:53.492Z  INFO 1 --- [zil-additional-service] [   scheduling-1] r.a.observability.ObservabilityService   : LAB9 Observability window=1m category=additional.statsComputation.stats count=138 sumNanos=674638 avgNanos=4888
zil-additional-service  | 2026-05-05T00:14:53.492Z  INFO 1 --- [zil-additional-service] [   scheduling-1] r.a.observability.ObservabilityService   : LAB9 Observability window=1m category=web.additional.stats count=138 sumNanos=54365424272 avgNanos=393952349
zil-additional-service  | 2026-05-05T00:14:53.492Z  INFO 1 --- [zil-additional-service] [   scheduling-1] r.a.observability.ObservabilityService   : LAB9 Observability window=1m category=http.main.rents count=2450 sumNanos=499746271675 avgNanos=203978070
zil-additional-service  | 2026-05-05T00:14:53.492Z  INFO 1 --- [zil-additional-service] [   scheduling-1] r.a.observability.ObservabilityService   : LAB9 Observability window=1m category=http.main.cars count=2454 sumNanos=480527600058 avgNanos=195814017
zil-additional-service  | 2026-05-05T00:14:53.492Z  INFO 1 --- [zil-additional-service] [   scheduling-1] r.a.observability.ObservabilityService   : LAB9 Observability window=1m category=web.additional.availability_new count=2312 sumNanos=928082793196 avgNanos=401419893
zil-additional-service  | 2026-05-05T00:14:53.492Z  INFO 1 --- [zil-additional-service] [   scheduling-1] r.a.observability.ObservabilityService   : LAB9 Observability window=1m category=additional.statsComputation.availability.allCitiesAllDates count=2312 sumNanos=1135242066 avgNanos=491021
zil-additional-service  | 2026-05-05T00:14:58.493Z  INFO 1 --- [zil-additional-service] [   scheduling-1] r.a.observability.ObservabilityService   : LAB9 Observability window=10s category=additional.statsComputation.stats count=26 sumNanos=86369 avgNanos=3321
zil-additional-service  | 2026-05-05T00:14:58.493Z  INFO 1 --- [zil-additional-service] [   scheduling-1] r.a.observability.ObservabilityService   : LAB9 Observability window=10s category=web.additional.stats count=26 sumNanos=9926555560 avgNanos=381790598
zil-additional-service  | 2026-05-05T00:14:58.494Z  INFO 1 --- [zil-additional-service] [   scheduling-1] r.a.observability.ObservabilityService   : LAB9 Observability window=10s category=http.main.rents count=408 sumNanos=87965535496 avgNanos=215601802
zil-additional-service  | 2026-05-05T00:14:58.494Z  INFO 1 --- [zil-additional-service] [   scheduling-1] r.a.observability.ObservabilityService   : LAB9 Observability window=10s category=http.main.cars count=409 sumNanos=77471898155 avgNanos=189417843
zil-additional-service  | 2026-05-05T00:14:58.494Z  INFO 1 --- [zil-additional-service] [   scheduling-1] r.a.observability.ObservabilityService   : LAB9 Observability window=10s category=web.additional.availability_new count=382 sumNanos=155779554324 avgNanos=407799880
zil-additional-service  | 2026-05-05T00:14:58.494Z  INFO 1 --- [zil-additional-service] [   scheduling-1] r.a.observability.ObservabilityService   : LAB9 Observability window=10s category=additional.statsComputation.availability.allCitiesAllDates count=382 sumNanos=71376323 avgNanos=186849
zil-additional-service  | 2026-05-05T00:14:58.495Z  INFO 1 --- [zil-additional-service] [   scheduling-1] r.a.observability.ObservabilityService   : LAB9 Observability window=30s category=additional.statsComputation.stats count=74 sumNanos=228855 avgNanos=3092
zil-additional-service  | 2026-05-05T00:14:58.495Z  INFO 1 --- [zil-additional-service] [   scheduling-1] r.a.observability.ObservabilityService   : LAB9 Observability window=30s category=web.additional.stats count=74 sumNanos=28520215598 avgNanos=385408318
zil-additional-service  | 2026-05-05T00:14:58.495Z  INFO 1 --- [zil-additional-service] [   scheduling-1] r.a.observability.ObservabilityService   : LAB9 Observability window=30s category=http.main.rents count=1235 sumNanos=254595975088 avgNanos=206150587
zil-additional-service  | 2026-05-05T00:14:58.495Z  INFO 1 --- [zil-additional-service] [   scheduling-1] r.a.observability.ObservabilityService   : LAB9 Observability window=30s category=http.main.cars count=1234 sumNanos=239000755663 avgNanos=193679704
zil-additional-service  | 2026-05-05T00:14:58.495Z  INFO 1 --- [zil-additional-service] [   scheduling-1] r.a.observability.ObservabilityService   : LAB9 Observability window=30s category=web.additional.availability_new count=1161 sumNanos=466859842611 avgNanos=402118727
zil-additional-service  | 2026-05-05T00:14:58.495Z  INFO 1 --- [zil-additional-service] [   scheduling-1] r.a.observability.ObservabilityService   : LAB9 Observability window=30s category=additional.statsComputation.availability.allCitiesAllDates count=1161 sumNanos=433269124 avgNanos=373186
zil-additional-service  | 2026-05-05T00:14:58.495Z  INFO 1 --- [zil-additional-service] [   scheduling-1] r.a.observability.ObservabilityService   : LAB9 Observability window=1m category=additional.statsComputation.stats count=137 sumNanos=679649 avgNanos=4960
zil-additional-service  | 2026-05-05T00:14:58.495Z  INFO 1 --- [zil-additional-service] [   scheduling-1] r.a.observability.ObservabilityService   : LAB9 Observability window=1m category=web.additional.stats count=137 sumNanos=54259389976 avgNanos=396053941
zil-additional-service  | 2026-05-05T00:14:58.495Z  INFO 1 --- [zil-additional-service] [   scheduling-1] r.a.observability.ObservabilityService   : LAB9 Observability window=1m category=http.main.rents count=2439 sumNanos=503745279802 avgNanos=206537630
zil-additional-service  | 2026-05-05T00:14:58.495Z  INFO 1 --- [zil-additional-service] [   scheduling-1] r.a.observability.ObservabilityService   : LAB9 Observability window=1m category=http.main.cars count=2439 sumNanos=478492219126 avgNanos=196183771
zil-additional-service  | 2026-05-05T00:14:58.495Z  INFO 1 --- [zil-additional-service] [   scheduling-1] r.a.observability.ObservabilityService   : LAB9 Observability window=1m category=web.additional.availability_new count=2302 sumNanos=930372167841 avgNanos=404158196
zil-additional-service  | 2026-05-05T00:14:58.495Z  INFO 1 --- [zil-additional-service] [   scheduling-1] r.a.observability.ObservabilityService   : LAB9 Observability window=1m category=additional.statsComputation.availability.allCitiesAllDates count=2302 sumNanos=1120737499 avgNanos=486853
zil-additional-service  | 2026-05-05T00:15:02.968Z  INFO 1 --- [zil-additional-service] [   scheduling-1] r.additional.service.ClientCacheService  : [client-cache-statistics] Client cache size=1000
zil-additional-service  | 2026-05-05T00:15:03.559Z  INFO 1 --- [zil-additional-service] [   scheduling-1] r.a.observability.ObservabilityService   : LAB9 Observability window=10s category=additional.statsComputation.stats count=16 sumNanos=84436 avgNanos=5277
zil-additional-service  | 2026-05-05T00:15:03.567Z  INFO 1 --- [zil-additional-service] [   scheduling-1] r.a.observability.ObservabilityService   : LAB9 Observability window=10s category=web.additional.stats count=16 sumNanos=5548475382 avgNanos=346779711
zil-additional-service  | 2026-05-05T00:15:03.567Z  INFO 1 --- [zil-additional-service] [   scheduling-1] r.a.observability.ObservabilityService   : LAB9 Observability window=10s category=http.main.rents count=413 sumNanos=82897353821 avgNanos=200719985
zil-additional-service  | 2026-05-05T00:15:03.567Z  INFO 1 --- [zil-additional-service] [   scheduling-1] r.a.observability.ObservabilityService   : LAB9 Observability window=10s category=http.main.cars count=414 sumNanos=76247535258 avgNanos=184172790
zil-additional-service  | 2026-05-05T00:15:03.568Z  INFO 1 --- [zil-additional-service] [   scheduling-1] r.a.observability.ObservabilityService   : LAB9 Observability window=10s category=web.additional.availability_new count=397 sumNanos=153980271129 avgNanos=387859625
zil-additional-service  | 2026-05-05T00:15:03.568Z  INFO 1 --- [zil-additional-service] [   scheduling-1] r.a.observability.ObservabilityService   : LAB9 Observability window=10s category=additional.statsComputation.availability.allCitiesAllDates count=397 sumNanos=125900875 avgNanos=317130
zil-additional-service  | 2026-05-05T00:15:03.572Z  INFO 1 --- [zil-additional-service] [   scheduling-1] r.a.observability.ObservabilityService   : LAB9 Observability window=30s category=additional.statsComputation.stats count=70 sumNanos=246008 avgNanos=3514
zil-additional-service  | 2026-05-05T00:15:03.572Z  INFO 1 --- [zil-additional-service] [   scheduling-1] r.a.observability.ObservabilityService   : LAB9 Observability window=30s category=web.additional.stats count=70 sumNanos=26114348975 avgNanos=373062128
zil-additional-service  | 2026-05-05T00:15:03.573Z  INFO 1 --- [zil-additional-service] [   scheduling-1] r.a.observability.ObservabilityService   : LAB9 Observability window=30s category=http.main.rents count=1248 sumNanos=250150417987 avgNanos=200441040
zil-additional-service  | 2026-05-05T00:15:03.573Z  INFO 1 --- [zil-additional-service] [   scheduling-1] r.a.observability.ObservabilityService   : LAB9 Observability window=30s category=http.main.cars count=1253 sumNanos=236437747394 avgNanos=188697324
zil-additional-service  | 2026-05-05T00:15:03.573Z  INFO 1 --- [zil-additional-service] [   scheduling-1] r.a.observability.ObservabilityService   : LAB9 Observability window=30s category=web.additional.availability_new count=1178 sumNanos=461020019198 avgNanos=391358250
zil-additional-service  | 2026-05-05T00:15:03.573Z  INFO 1 --- [zil-additional-service] [   scheduling-1] r.a.observability.ObservabilityService   : LAB9 Observability window=30s category=additional.statsComputation.availability.allCitiesAllDates count=1178 sumNanos=368249600 avgNanos=312605
zil-additional-service  | 2026-05-05T00:15:03.657Z  INFO 1 --- [zil-additional-service] [   scheduling-1] r.a.observability.ObservabilityService   : LAB9 Observability window=1m category=additional.statsComputation.stats count=132 sumNanos=692787 avgNanos=5248
zil-additional-service  | 2026-05-05T00:15:03.669Z  INFO 1 --- [zil-additional-service] [   scheduling-1] r.a.observability.ObservabilityService   : LAB9 Observability window=1m category=web.additional.stats count=132 sumNanos=51394328219 avgNanos=389350971
zil-additional-service  | 2026-05-05T00:15:03.669Z  INFO 1 --- [zil-additional-service] [   scheduling-1] r.a.observability.ObservabilityService   : LAB9 Observability window=1m category=http.main.rents count=2451 sumNanos=501402026426 avgNanos=204570390
zil-additional-service  | 2026-05-05T00:15:03.669Z  INFO 1 --- [zil-additional-service] [   scheduling-1] r.a.observability.ObservabilityService   : LAB9 Observability window=1m category=http.main.cars count=2455 sumNanos=475966031926 avgNanos=193876184
zil-additional-service  | 2026-05-05T00:15:03.669Z  INFO 1 --- [zil-additional-service] [   scheduling-1] r.a.observability.ObservabilityService   : LAB9 Observability window=1m category=web.additional.availability_new count=2319 sumNanos=927781173142 avgNanos=400078125
zil-additional-service  | 2026-05-05T00:15:03.670Z  INFO 1 --- [zil-additional-service] [   scheduling-1] r.a.observability.ObservabilityService   : LAB9 Observability window=1m category=additional.statsComputation.availability.allCitiesAllDates count=2319 sumNanos=986184370 avgNanos=425262
zil-additional-service  | 2026-05-05T00:15:08.768Z  INFO 1 --- [zil-additional-service] [   scheduling-1] r.a.observability.ObservabilityService   : LAB9 Observability window=10s category=additional.statsComputation.stats count=15 sumNanos=73842 avgNanos=4922
zil-additional-service  | 2026-05-05T00:15:08.774Z  INFO 1 --- [zil-additional-service] [   scheduling-1] r.a.observability.ObservabilityService   : LAB9 Observability window=10s category=web.additional.stats count=15 sumNanos=5045052441 avgNanos=336336829
zil-additional-service  | 2026-05-05T00:15:08.777Z  INFO 1 --- [zil-additional-service] [   scheduling-1] r.a.observability.ObservabilityService   : LAB9 Observability window=10s category=http.main.rents count=407 sumNanos=80357344549 avgNanos=197438192
zil-additional-service  | 2026-05-05T00:15:08.778Z  INFO 1 --- [zil-additional-service] [   scheduling-1] r.a.observability.ObservabilityService   : LAB9 Observability window=10s category=http.main.cars count=408 sumNanos=78856364717 avgNanos=193275403
zil-additional-service  | 2026-05-05T00:15:08.778Z  INFO 1 --- [zil-additional-service] [   scheduling-1] r.a.observability.ObservabilityService   : LAB9 Observability window=10s category=web.additional.availability_new count=391 sumNanos=154550817033 avgNanos=395270631
zil-additional-service  | 2026-05-05T00:15:08.778Z  INFO 1 --- [zil-additional-service] [   scheduling-1] r.a.observability.ObservabilityService   : LAB9 Observability window=10s category=additional.statsComputation.availability.allCitiesAllDates count=391 sumNanos=301990851 avgNanos=772355
zil-additional-service  | 2026-05-05T00:15:08.782Z  INFO 1 --- [zil-additional-service] [   scheduling-1] r.a.observability.ObservabilityService   : LAB9 Observability window=30s category=additional.statsComputation.stats count=72 sumNanos=245680 avgNanos=3412
zil-additional-service  | 2026-05-05T00:15:08.782Z  INFO 1 --- [zil-additional-service] [   scheduling-1] r.a.observability.ObservabilityService   : LAB9 Observability window=30s category=web.additional.stats count=72 sumNanos=26272992410 avgNanos=364902672
zil-additional-service  | 2026-05-05T00:15:08.782Z  INFO 1 --- [zil-additional-service] [   scheduling-1] r.a.observability.ObservabilityService   : LAB9 Observability window=30s category=http.main.rents count=1245 sumNanos=251120444850 avgNanos=201703168
zil-additional-service  | 2026-05-05T00:15:08.782Z  INFO 1 --- [zil-additional-service] [   scheduling-1] r.a.observability.ObservabilityService   : LAB9 Observability window=30s category=http.main.cars count=1242 sumNanos=238340753567 avgNanos=191900767
zil-additional-service  | 2026-05-05T00:15:08.782Z  INFO 1 --- [zil-additional-service] [   scheduling-1] r.a.observability.ObservabilityService   : LAB9 Observability window=30s category=web.additional.availability_new count=1173 sumNanos=465376832182 avgNanos=396740692
zil-additional-service  | 2026-05-05T00:15:08.782Z  INFO 1 --- [zil-additional-service] [   scheduling-1] r.a.observability.ObservabilityService   : LAB9 Observability window=30s category=additional.statsComputation.availability.allCitiesAllDates count=1173 sumNanos=509721822 avgNanos=434545
zil-additional-service  | 2026-05-05T00:15:08.783Z  INFO 1 --- [zil-additional-service] [   scheduling-1] r.a.observability.ObservabilityService   : LAB9 Observability window=1m category=additional.statsComputation.stats count=128 sumNanos=475585 avgNanos=3715
zil-additional-service  | 2026-05-05T00:15:08.783Z  INFO 1 --- [zil-additional-service] [   scheduling-1] r.a.observability.ObservabilityService   : LAB9 Observability window=1m category=web.additional.stats count=128 sumNanos=48914926221 avgNanos=382147861
zil-additional-service  | 2026-05-05T00:15:08.783Z  INFO 1 --- [zil-additional-service] [   scheduling-1] r.a.observability.ObservabilityService   : LAB9 Observability window=1m category=http.main.rents count=2475 sumNanos=501812310887 avgNanos=202752448
zil-additional-service  | 2026-05-05T00:15:08.837Z  INFO 1 --- [zil-additional-service] [   scheduling-1] r.a.observability.ObservabilityService   : LAB9 Observability window=1m category=http.main.cars count=2470 sumNanos=476837481695 avgNanos=193051612
zil-additional-service  | 2026-05-05T00:15:08.837Z  INFO 1 --- [zil-additional-service] [   scheduling-1] r.a.observability.ObservabilityService   : LAB9 Observability window=1m category=web.additional.availability_new count=2347 sumNanos=934462688302 avgNanos=398151976
zil-additional-service  | 2026-05-05T00:15:08.837Z  INFO 1 --- [zil-additional-service] [   scheduling-1] r.a.observability.ObservabilityService   : LAB9 Observability window=1m category=additional.statsComputation.availability.allCitiesAllDates count=2347 sumNanos=1161383357 avgNanos=494837
zil-additional-service  | 2026-05-05T00:15:12.977Z  INFO 1 --- [zil-additional-service] [   scheduling-1] r.additional.service.ClientCacheService  : [client-cache-statistics] Client cache size=1000
zil-additional-service  | 2026-05-05T00:15:13.849Z  INFO 1 --- [zil-additional-service] [   scheduling-1] r.a.observability.ObservabilityService   : LAB9 Observability window=10s category=additional.statsComputation.stats count=24 sumNanos=73028 avgNanos=3042
zil-additional-service  | 2026-05-05T00:15:13.849Z  INFO 1 --- [zil-additional-service] [   scheduling-1] r.a.observability.ObservabilityService   : LAB9 Observability window=10s category=web.additional.stats count=24 sumNanos=8351046654 avgNanos=347960277
zil-additional-service  | 2026-05-05T00:15:13.849Z  INFO 1 --- [zil-additional-service] [   scheduling-1] r.a.observability.ObservabilityService   : LAB9 Observability window=10s category=http.main.rents count=438 sumNanos=78905566797 avgNanos=180149695
zil-additional-service  | 2026-05-05T00:15:13.849Z  INFO 1 --- [zil-additional-service] [   scheduling-1] r.a.observability.ObservabilityService   : LAB9 Observability window=10s category=http.main.cars count=441 sumNanos=79944197780 avgNanos=181279360
zil-additional-service  | 2026-05-05T00:15:13.849Z  INFO 1 --- [zil-additional-service] [   scheduling-1] r.a.observability.ObservabilityService   : LAB9 Observability window=10s category=web.additional.availability_new count=414 sumNanos=151168061358 avgNanos=365140244
zil-additional-service  | 2026-05-05T00:15:13.849Z  INFO 1 --- [zil-additional-service] [   scheduling-1] r.a.observability.ObservabilityService   : LAB9 Observability window=10s category=additional.statsComputation.availability.allCitiesAllDates count=414 sumNanos=225773727 avgNanos=545347
zil-additional-service  | 2026-05-05T00:15:13.849Z  INFO 1 --- [zil-additional-service] [   scheduling-1] r.a.observability.ObservabilityService   : LAB9 Observability window=30s category=additional.statsComputation.stats count=65 sumNanos=233827 avgNanos=3597
zil-additional-service  | 2026-05-05T00:15:13.849Z  INFO 1 --- [zil-additional-service] [   scheduling-1] r.a.observability.ObservabilityService   : LAB9 Observability window=30s category=web.additional.stats count=65 sumNanos=23334913000 avgNanos=358998661
zil-additional-service  | 2026-05-05T00:15:13.849Z  INFO 1 --- [zil-additional-service] [   scheduling-1] r.a.observability.ObservabilityService   : LAB9 Observability window=30s category=http.main.rents count=1262 sumNanos=246469210074 avgNanos=195300483
zil-additional-service  | 2026-05-05T00:15:13.849Z  INFO 1 --- [zil-additional-service] [   scheduling-1] r.a.observability.ObservabilityService   : LAB9 Observability window=30s category=http.main.cars count=1270 sumNanos=237794447340 avgNanos=187239722
zil-additional-service  | 2026-05-05T00:15:13.849Z  INFO 1 --- [zil-additional-service] [   scheduling-1] r.a.observability.ObservabilityService   : LAB9 Observability window=30s category=web.additional.availability_new count=1197 sumNanos=461301347563 avgNanos=385381242
zil-additional-service  | 2026-05-05T00:15:13.850Z  INFO 1 --- [zil-additional-service] [   scheduling-1] r.a.observability.ObservabilityService   : LAB9 Observability window=30s category=additional.statsComputation.availability.allCitiesAllDates count=1197 sumNanos=513757773 avgNanos=429204
zil-additional-service  | 2026-05-05T00:15:13.850Z  INFO 1 --- [zil-additional-service] [   scheduling-1] r.a.observability.ObservabilityService   : LAB9 Observability window=1m category=additional.statsComputation.stats count=128 sumNanos=461646 avgNanos=3606
zil-additional-service  | 2026-05-05T00:15:13.850Z  INFO 1 --- [zil-additional-service] [   scheduling-1] r.a.observability.ObservabilityService   : LAB9 Observability window=1m category=web.additional.stats count=128 sumNanos=48798033732 avgNanos=381234638
zil-additional-service  | 2026-05-05T00:15:13.850Z  INFO 1 --- [zil-additional-service] [   scheduling-1] r.a.observability.ObservabilityService   : LAB9 Observability window=1m category=http.main.rents count=2475 sumNanos=498210600505 avgNanos=201297212
zil-additional-service  | 2026-05-05T00:15:13.850Z  INFO 1 --- [zil-additional-service] [   scheduling-1] r.a.observability.ObservabilityService   : LAB9 Observability window=1m category=http.main.cars count=2480 sumNanos=476034547111 avgNanos=191949414
zil-additional-service  | 2026-05-05T00:15:13.850Z  INFO 1 --- [zil-additional-service] [   scheduling-1] r.a.observability.ObservabilityService   : LAB9 Observability window=1m category=web.additional.availability_new count=2347 sumNanos=927866828767 avgNanos=395341639
zil-additional-service  | 2026-05-05T00:15:13.862Z  INFO 1 --- [zil-additional-service] [   scheduling-1] r.a.observability.ObservabilityService   : LAB9 Observability window=1m category=additional.statsComputation.availability.allCitiesAllDates count=2347 sumNanos=1146489092 avgNanos=488491
zil-additional-service  | 2026-05-05T00:15:19.042Z  INFO 1 --- [zil-additional-service] [   scheduling-1] r.a.observability.ObservabilityService   : LAB9 Observability window=10s category=additional.statsComputation.stats count=24 sumNanos=77703 avgNanos=3237
zil-additional-service  | 2026-05-05T00:15:19.050Z  INFO 1 --- [zil-additional-service] [   scheduling-1] r.a.observability.ObservabilityService   : LAB9 Observability window=10s category=web.additional.stats count=24 sumNanos=9818276439 avgNanos=409094851
zil-additional-service  | 2026-05-05T00:15:19.050Z  INFO 1 --- [zil-additional-service] [   scheduling-1] r.a.observability.ObservabilityService   : LAB9 Observability window=10s category=http.main.rents count=413 sumNanos=78558418402 avgNanos=190214088
zil-additional-service  | 2026-05-05T00:15:19.053Z  INFO 1 --- [zil-additional-service] [   scheduling-1] r.a.observability.ObservabilityService   : LAB9 Observability window=10s category=http.main.cars count=414 sumNanos=76665378251 avgNanos=185182073
zil-additional-service  | 2026-05-05T00:15:19.053Z  INFO 1 --- [zil-additional-service] [   scheduling-1] r.a.observability.ObservabilityService   : LAB9 Observability window=10s category=web.additional.availability_new count=389 sumNanos=145216611082 avgNanos=373307483
zil-additional-service  | 2026-05-05T00:15:19.053Z  INFO 1 --- [zil-additional-service] [   scheduling-1] r.a.observability.ObservabilityService   : LAB9 Observability window=10s category=additional.statsComputation.availability.allCitiesAllDates count=389 sumNanos=129623814 avgNanos=333223
zil-additional-service  | 2026-05-05T00:15:19.058Z  INFO 1 --- [zil-additional-service] [   scheduling-1] r.a.observability.ObservabilityService   : LAB9 Observability window=30s category=additional.statsComputation.stats count=67 sumNanos=242449 avgNanos=3618
zil-additional-service  | 2026-05-05T00:15:19.061Z  INFO 1 --- [zil-additional-service] [   scheduling-1] r.a.observability.ObservabilityService   : LAB9 Observability window=30s category=web.additional.stats count=67 sumNanos=25286985750 avgNanos=377417697
zil-additional-service  | 2026-05-05T00:15:19.061Z  INFO 1 --- [zil-additional-service] [   scheduling-1] r.a.observability.ObservabilityService   : LAB9 Observability window=30s category=http.main.rents count=1237 sumNanos=247968700321 avgNanos=200459741
zil-additional-service  | 2026-05-05T00:15:19.061Z  INFO 1 --- [zil-additional-service] [   scheduling-1] r.a.observability.ObservabilityService   : LAB9 Observability window=30s category=http.main.cars count=1235 sumNanos=232950691831 avgNanos=188624041
zil-additional-service  | 2026-05-05T00:15:19.061Z  INFO 1 --- [zil-additional-service] [   scheduling-1] r.a.observability.ObservabilityService   : LAB9 Observability window=30s category=web.additional.availability_new count=1170 sumNanos=457705511074 avgNanos=391201291
zil-additional-service  | 2026-05-05T00:15:19.061Z  INFO 1 --- [zil-additional-service] [   scheduling-1] r.a.observability.ObservabilityService   : LAB9 Observability window=30s category=additional.statsComputation.availability.allCitiesAllDates count=1170 sumNanos=504010958 avgNanos=430778
zil-additional-service  | 2026-05-05T00:15:19.061Z  INFO 1 --- [zil-additional-service] [   scheduling-1] r.a.observability.ObservabilityService   : LAB9 Observability window=1m category=additional.statsComputation.stats count=132 sumNanos=463284 avgNanos=3509
zil-additional-service  | 2026-05-05T00:15:19.061Z  INFO 1 --- [zil-additional-service] [   scheduling-1] r.a.observability.ObservabilityService   : LAB9 Observability window=1m category=web.additional.stats count=132 sumNanos=51656837081 avgNanos=391339674
zil-additional-service  | 2026-05-05T00:15:19.065Z  INFO 1 --- [zil-additional-service] [   scheduling-1] r.a.observability.ObservabilityService   : LAB9 Observability window=1m category=http.main.rents count=2446 sumNanos=498416659524 avgNanos=203768053
zil-additional-service  | 2026-05-05T00:15:19.068Z  INFO 1 --- [zil-additional-service] [   scheduling-1] r.a.observability.ObservabilityService   : LAB9 Observability window=1m category=http.main.cars count=2449 sumNanos=474399052624 avgNanos=193711332
zil-additional-service  | 2026-05-05T00:15:19.069Z  INFO 1 --- [zil-additional-service] [   scheduling-1] r.a.observability.ObservabilityService   : LAB9 Observability window=1m category=web.additional.availability_new count=2314 sumNanos=922491926956 avgNanos=398656839
zil-additional-service  | 2026-05-05T00:15:19.070Z  INFO 1 --- [zil-additional-service] [   scheduling-1] r.a.observability.ObservabilityService   : LAB9 Observability window=1m category=additional.statsComputation.availability.allCitiesAllDates count=2314 sumNanos=998010839 avgNanos=431292
zil-additional-service  | 2026-05-05T00:15:22.959Z  INFO 1 --- [zil-additional-service] [   scheduling-1] r.additional.service.ClientCacheService  : [client-cache-statistics] Client cache size=1000
zil-additional-service  | 2026-05-05T00:15:24.071Z  INFO 1 --- [zil-additional-service] [   scheduling-1] r.a.observability.ObservabilityService   : LAB9 Observability window=10s category=additional.statsComputation.stats count=26 sumNanos=85097 avgNanos=3272
zil-additional-service  | 2026-05-05T00:15:24.071Z  INFO 1 --- [zil-additional-service] [   scheduling-1] r.a.observability.ObservabilityService   : LAB9 Observability window=10s category=web.additional.stats count=26 sumNanos=10233176314 avgNanos=393583704
zil-additional-service  | 2026-05-05T00:15:24.071Z  INFO 1 --- [zil-additional-service] [   scheduling-1] r.a.observability.ObservabilityService   : LAB9 Observability window=10s category=http.main.rents count=418 sumNanos=81398758355 avgNanos=194733871
zil-additional-service  | 2026-05-05T00:15:24.072Z  INFO 1 --- [zil-additional-service] [   scheduling-1] r.a.observability.ObservabilityService   : LAB9 Observability window=10s category=http.main.cars count=420 sumNanos=77810880366 avgNanos=185264000
zil-additional-service  | 2026-05-05T00:15:24.073Z  INFO 1 --- [zil-additional-service] [   scheduling-1] r.a.observability.ObservabilityService   : LAB9 Observability window=10s category=web.additional.availability_new count=392 sumNanos=149540762117 avgNanos=381481536
zil-additional-service  | 2026-05-05T00:15:24.073Z  INFO 1 --- [zil-additional-service] [   scheduling-1] r.a.observability.ObservabilityService   : LAB9 Observability window=10s category=additional.statsComputation.availability.allCitiesAllDates count=392 sumNanos=136504933 avgNanos=348226
zil-additional-service  | 2026-05-05T00:15:24.073Z  INFO 1 --- [zil-additional-service] [   scheduling-1] r.a.observability.ObservabilityService   : LAB9 Observability window=30s category=additional.statsComputation.stats count=67 sumNanos=245271 avgNanos=3660
zil-additional-service  | 2026-05-05T00:15:24.073Z  INFO 1 --- [zil-additional-service] [   scheduling-1] r.a.observability.ObservabilityService   : LAB9 Observability window=30s category=web.additional.stats count=67 sumNanos=24480536841 avgNanos=365381146
zil-additional-service  | 2026-05-05T00:15:24.074Z  INFO 1 --- [zil-additional-service] [   scheduling-1] r.a.observability.ObservabilityService   : LAB9 Observability window=30s category=http.main.rents count=1275 sumNanos=244712293200 avgNanos=191931210
zil-additional-service  | 2026-05-05T00:15:24.074Z  INFO 1 --- [zil-additional-service] [   scheduling-1] r.a.observability.ObservabilityService   : LAB9 Observability window=30s category=http.main.cars count=1272 sumNanos=233717667316 avgNanos=183740304
zil-additional-service  | 2026-05-05T00:15:24.074Z  INFO 1 --- [zil-additional-service] [   scheduling-1] r.a.observability.ObservabilityService   : LAB9 Observability window=30s category=web.additional.availability_new count=1208 sumNanos=457113219777 avgNanos=378404983
zil-additional-service  | 2026-05-05T00:15:24.074Z  INFO 1 --- [zil-additional-service] [   scheduling-1] r.a.observability.ObservabilityService   : LAB9 Observability window=30s category=additional.statsComputation.availability.allCitiesAllDates count=1208 sumNanos=550321779 avgNanos=455564
zil-additional-service  | 2026-05-05T00:15:24.074Z  INFO 1 --- [zil-additional-service] [   scheduling-1] r.a.observability.ObservabilityService   : LAB9 Observability window=1m category=additional.statsComputation.stats count=138 sumNanos=486804 avgNanos=3527
zil-additional-service  | 2026-05-05T00:15:24.074Z  INFO 1 --- [zil-additional-service] [   scheduling-1] r.a.observability.ObservabilityService   : LAB9 Observability window=1m category=web.additional.stats count=138 sumNanos=52378586375 avgNanos=379554973
zil-additional-service  | 2026-05-05T00:15:24.074Z  INFO 1 --- [zil-additional-service] [   scheduling-1] r.a.observability.ObservabilityService   : LAB9 Observability window=1m category=http.main.rents count=2493 sumNanos=497856800867 avgNanos=199701885
zil-additional-service  | 2026-05-05T00:15:24.074Z  INFO 1 --- [zil-additional-service] [   scheduling-1] r.a.observability.ObservabilityService   : LAB9 Observability window=1m category=http.main.cars count=2489 sumNanos=473012776257 avgNanos=190041292
zil-additional-service  | 2026-05-05T00:15:24.074Z  INFO 1 --- [zil-additional-service] [   scheduling-1] r.a.observability.ObservabilityService   : LAB9 Observability window=1m category=web.additional.availability_new count=2355 sumNanos=922899920097 avgNanos=391889562
zil-additional-service  | 2026-05-05T00:15:24.074Z  INFO 1 --- [zil-additional-service] [   scheduling-1] r.a.observability.ObservabilityService   : LAB9 Observability window=1m category=additional.statsComputation.availability.allCitiesAllDates count=2355 sumNanos=1021056105 avgNanos=433569
zil-additional-service  | 2026-05-05T00:15:29.076Z  INFO 1 --- [zil-additional-service] [   scheduling-1] r.a.observability.ObservabilityService   : LAB9 Observability window=10s category=additional.statsComputation.stats count=28 sumNanos=122580 avgNanos=4377
zil-additional-service  | 2026-05-05T00:15:29.076Z  INFO 1 --- [zil-additional-service] [   scheduling-1] r.a.observability.ObservabilityService   : LAB9 Observability window=10s category=web.additional.stats count=28 sumNanos=9055672571 avgNanos=323416877
zil-additional-service  | 2026-05-05T00:15:29.076Z  INFO 1 --- [zil-additional-service] [   scheduling-1] r.a.observability.ObservabilityService   : LAB9 Observability window=10s category=http.main.rents count=460 sumNanos=80900513550 avgNanos=175870681
zil-additional-service  | 2026-05-05T00:15:29.076Z  INFO 1 --- [zil-additional-service] [   scheduling-1] r.a.observability.ObservabilityService   : LAB9 Observability window=10s category=http.main.cars count=453 sumNanos=78920592667 avgNanos=174217643
zil-additional-service  | 2026-05-05T00:15:29.076Z  INFO 1 --- [zil-additional-service] [   scheduling-1] r.a.observability.ObservabilityService   : LAB9 Observability window=10s category=web.additional.availability_new count=432 sumNanos=154343774136 avgNanos=357277254
zil-additional-service  | 2026-05-05T00:15:29.076Z  INFO 1 --- [zil-additional-service] [   scheduling-1] r.a.observability.ObservabilityService   : LAB9 Observability window=10s category=additional.statsComputation.availability.allCitiesAllDates count=432 sumNanos=118969068 avgNanos=275391
zil-additional-service  | 2026-05-05T00:15:29.076Z  INFO 1 --- [zil-additional-service] [   scheduling-1] r.a.observability.ObservabilityService   : LAB9 Observability window=30s category=additional.statsComputation.stats count=68 sumNanos=248813 avgNanos=3659
zil-additional-service  | 2026-05-05T00:15:29.076Z  INFO 1 --- [zil-additional-service] [   scheduling-1] r.a.observability.ObservabilityService   : LAB9 Observability window=30s category=web.additional.stats count=68 sumNanos=24196861189 avgNanos=355836193
zil-additional-service  | 2026-05-05T00:15:29.076Z  INFO 1 --- [zil-additional-service] [   scheduling-1] r.a.observability.ObservabilityService   : LAB9 Observability window=30s category=http.main.rents count=1282 sumNanos=241060946513 avgNanos=188035059
zil-additional-service  | 2026-05-05T00:15:29.076Z  INFO 1 --- [zil-additional-service] [   scheduling-1] r.a.observability.ObservabilityService   : LAB9 Observability window=30s category=http.main.cars count=1281 sumNanos=236963674205 avgNanos=184983352
zil-additional-service  | 2026-05-05T00:15:29.076Z  INFO 1 --- [zil-additional-service] [   scheduling-1] r.a.observability.ObservabilityService   : LAB9 Observability window=30s category=web.additional.availability_new count=1214 sumNanos=456041619282 avgNanos=375652075
zil-additional-service  | 2026-05-05T00:15:29.076Z  INFO 1 --- [zil-additional-service] [   scheduling-1] r.a.observability.ObservabilityService   : LAB9 Observability window=30s category=additional.statsComputation.availability.allCitiesAllDates count=1214 sumNanos=549877364 avgNanos=452946
zil-additional-service  | 2026-05-05T00:15:29.079Z  INFO 1 --- [zil-additional-service] [   scheduling-1] r.a.observability.ObservabilityService   : LAB9 Observability window=1m category=additional.statsComputation.stats count=144 sumNanos=510148 avgNanos=3542
zil-additional-service  | 2026-05-05T00:15:29.079Z  INFO 1 --- [zil-additional-service] [   scheduling-1] r.a.observability.ObservabilityService   : LAB9 Observability window=1m category=web.additional.stats count=144 sumNanos=53336061766 avgNanos=370389317
zil-additional-service  | 2026-05-05T00:15:29.079Z  INFO 1 --- [zil-additional-service] [   scheduling-1] r.a.observability.ObservabilityService   : LAB9 Observability window=1m category=http.main.rents count=2524 sumNanos=494783631047 avgNanos=196031549
zil-additional-service  | 2026-05-05T00:15:29.080Z  INFO 1 --- [zil-additional-service] [   scheduling-1] r.a.observability.ObservabilityService   : LAB9 Observability window=1m category=http.main.cars count=2518 sumNanos=475101837471 avgNanos=188682222
zil-additional-service  | 2026-05-05T00:15:29.080Z  INFO 1 --- [zil-additional-service] [   scheduling-1] r.a.observability.ObservabilityService   : LAB9 Observability window=1m category=web.additional.availability_new count=2380 sumNanos=921732063732 avgNanos=387282379
zil-additional-service  | 2026-05-05T00:15:29.080Z  INFO 1 --- [zil-additional-service] [   scheduling-1] r.a.observability.ObservabilityService   : LAB9 Observability window=1m category=additional.statsComputation.availability.allCitiesAllDates count=2380 sumNanos=985382801 avgNanos=414026
zil-additional-service  | 2026-05-05T00:15:32.959Z  INFO 1 --- [zil-additional-service] [   scheduling-1] r.additional.service.ClientCacheService  : [client-cache-statistics] Client cache size=1000
zil-additional-service  | 2026-05-05T00:15:34.081Z  INFO 1 --- [zil-additional-service] [   scheduling-1] r.a.observability.ObservabilityService   : LAB9 Observability window=10s category=additional.statsComputation.stats count=30 sumNanos=127334 avgNanos=4244
zil-additional-service  | 2026-05-05T00:15:34.081Z  INFO 1 --- [zil-additional-service] [   scheduling-1] r.a.observability.ObservabilityService   : LAB9 Observability window=10s category=web.additional.stats count=30 sumNanos=10645966366 avgNanos=354865545
zil-additional-service  | 2026-05-05T00:15:34.081Z  INFO 1 --- [zil-additional-service] [   scheduling-1] r.a.observability.ObservabilityService   : LAB9 Observability window=10s category=http.main.rents count=357 sumNanos=65759194247 avgNanos=184199423
zil-additional-service  | 2026-05-05T00:15:34.081Z  INFO 1 --- [zil-additional-service] [   scheduling-1] r.a.observability.ObservabilityService   : LAB9 Observability window=10s category=http.main.cars count=351 sumNanos=66843381311 avgNanos=190436983
zil-additional-service  | 2026-05-05T00:15:34.081Z  INFO 1 --- [zil-additional-service] [   scheduling-1] r.a.observability.ObservabilityService   : LAB9 Observability window=10s category=web.additional.availability_new count=327 sumNanos=123063545073 avgNanos=376341116
zil-additional-service  | 2026-05-05T00:15:34.081Z  INFO 1 --- [zil-additional-service] [   scheduling-1] r.a.observability.ObservabilityService   : LAB9 Observability window=10s category=additional.statsComputation.availability.allCitiesAllDates count=327 sumNanos=80455209 avgNanos=246040
zil-additional-service  | 2026-05-05T00:15:34.082Z  INFO 1 --- [zil-additional-service] [   scheduling-1] r.a.observability.ObservabilityService   : LAB9 Observability window=30s category=additional.statsComputation.stats count=78 sumNanos=279327 avgNanos=3581
zil-additional-service  | 2026-05-05T00:15:34.082Z  INFO 1 --- [zil-additional-service] [   scheduling-1] r.a.observability.ObservabilityService   : LAB9 Observability window=30s category=web.additional.stats count=78 sumNanos=28663748372 avgNanos=367483953
zil-additional-service  | 2026-05-05T00:15:34.082Z  INFO 1 --- [zil-additional-service] [   scheduling-1] r.a.observability.ObservabilityService   : LAB9 Observability window=30s category=http.main.rents count=1214 sumNanos=226323559388 avgNanos=186427973
zil-additional-service  | 2026-05-05T00:15:34.082Z  INFO 1 --- [zil-additional-service] [   scheduling-1] r.a.observability.ObservabilityService   : LAB9 Observability window=30s category=http.main.cars count=1207 sumNanos=223752445630 avgNanos=185378993
zil-additional-service  | 2026-05-05T00:15:34.082Z  INFO 1 --- [zil-additional-service] [   scheduling-1] r.a.observability.ObservabilityService   : LAB9 Observability window=30s category=web.additional.availability_new count=1136 sumNanos=424300684574 avgNanos=373504123
zil-additional-service  | 2026-05-05T00:15:34.082Z  INFO 1 --- [zil-additional-service] [   scheduling-1] r.a.observability.ObservabilityService   : LAB9 Observability window=30s category=additional.statsComputation.availability.allCitiesAllDates count=1136 sumNanos=451011633 avgNanos=397017
zil-additional-service  | 2026-05-05T00:15:34.082Z  INFO 1 --- [zil-additional-service] [   scheduling-1] r.a.observability.ObservabilityService   : LAB9 Observability window=1m category=additional.statsComputation.stats count=150 sumNanos=531245 avgNanos=3541
zil-additional-service  | 2026-05-05T00:15:34.082Z  INFO 1 --- [zil-additional-service] [   scheduling-1] r.a.observability.ObservabilityService   : LAB9 Observability window=1m category=web.additional.stats count=150 sumNanos=55315315278 avgNanos=368768768
zil-additional-service  | 2026-05-05T00:15:34.082Z  INFO 1 --- [zil-additional-service] [   scheduling-1] r.a.observability.ObservabilityService   : LAB9 Observability window=1m category=http.main.rents count=2467 sumNanos=477458157690 avgNanos=193537964
zil-additional-service  | 2026-05-05T00:15:34.082Z  INFO 1 --- [zil-additional-service] [   scheduling-1] r.a.observability.ObservabilityService   : LAB9 Observability window=1m category=http.main.cars count=2459 sumNanos=460041579950 avgNanos=187084823
zil-additional-service  | 2026-05-05T00:15:34.082Z  INFO 1 --- [zil-additional-service] [   scheduling-1] r.a.observability.ObservabilityService   : LAB9 Observability window=1m category=web.additional.availability_new count=2317 sumNanos=886968400727 avgNanos=382808977
zil-additional-service  | 2026-05-05T00:15:34.082Z  INFO 1 --- [zil-additional-service] [   scheduling-1] r.a.observability.ObservabilityService   : LAB9 Observability window=1m category=additional.statsComputation.availability.allCitiesAllDates count=2317 sumNanos=874450512 avgNanos=377406
zil-additional-service  | 2026-05-05T00:15:39.083Z  INFO 1 --- [zil-additional-service] [   scheduling-1] r.a.observability.ObservabilityService   : LAB9 Observability window=10s category=additional.statsComputation.stats count=15 sumNanos=48157 avgNanos=3210
zil-additional-service  | 2026-05-05T00:15:39.083Z  INFO 1 --- [zil-additional-service] [   scheduling-1] r.a.observability.ObservabilityService   : LAB9 Observability window=10s category=web.additional.stats count=15 sumNanos=5839011090 avgNanos=389267406
zil-additional-service  | 2026-05-05T00:15:39.083Z  INFO 1 --- [zil-additional-service] [   scheduling-1] r.a.observability.ObservabilityService   : LAB9 Observability window=10s category=http.main.rents count=135 sumNanos=26201762754 avgNanos=194087131
zil-additional-service  | 2026-05-05T00:15:39.083Z  INFO 1 --- [zil-additional-service] [   scheduling-1] r.a.observability.ObservabilityService   : LAB9 Observability window=10s category=http.main.cars count=129 sumNanos=25464242220 avgNanos=197397226
zil-additional-service  | 2026-05-05T00:15:39.083Z  INFO 1 --- [zil-additional-service] [   scheduling-1] r.a.observability.ObservabilityService   : LAB9 Observability window=10s category=web.additional.availability_new count=120 sumNanos=47026874576 avgNanos=391890621
zil-additional-service  | 2026-05-05T00:15:39.083Z  INFO 1 --- [zil-additional-service] [   scheduling-1] r.a.observability.ObservabilityService   : LAB9 Observability window=10s category=additional.statsComputation.availability.allCitiesAllDates count=120 sumNanos=41241922 avgNanos=343682
zil-additional-service  | 2026-05-05T00:15:39.083Z  INFO 1 --- [zil-additional-service] [   scheduling-1] r.a.observability.ObservabilityService   : LAB9 Observability window=30s category=additional.statsComputation.stats count=67 sumNanos=248440 avgNanos=3708
zil-additional-service  | 2026-05-05T00:15:39.084Z  INFO 1 --- [zil-additional-service] [   scheduling-1] r.a.observability.ObservabilityService   : LAB9 Observability window=30s category=web.additional.stats count=67 sumNanos=24712960100 avgNanos=368850150
zil-additional-service  | 2026-05-05T00:15:39.084Z  INFO 1 --- [zil-additional-service] [   scheduling-1] r.a.observability.ObservabilityService   : LAB9 Observability window=30s category=http.main.rents count=1007 sumNanos=185895716579 avgNanos=184603492
zil-additional-service  | 2026-05-05T00:15:39.084Z  INFO 1 --- [zil-additional-service] [   scheduling-1] r.a.observability.ObservabilityService   : LAB9 Observability window=30s category=http.main.cars count=1001 sumNanos=183368150634 avgNanos=183184965
zil-additional-service  | 2026-05-05T00:15:39.084Z  INFO 1 --- [zil-additional-service] [   scheduling-1] r.a.observability.ObservabilityService   : LAB9 Observability window=30s category=web.additional.availability_new count=940 sumNanos=346736562399 avgNanos=368868683
zil-additional-service  | 2026-05-05T00:15:39.084Z  INFO 1 --- [zil-additional-service] [   scheduling-1] r.a.observability.ObservabilityService   : LAB9 Observability window=30s category=additional.statsComputation.availability.allCitiesAllDates count=940 sumNanos=289802722 avgNanos=308300
zil-additional-service  | 2026-05-05T00:15:39.084Z  INFO 1 --- [zil-additional-service] [   scheduling-1] r.a.observability.ObservabilityService   : LAB9 Observability window=1m category=additional.statsComputation.stats count=136 sumNanos=488678 avgNanos=3593
zil-additional-service  | 2026-05-05T00:15:39.084Z  INFO 1 --- [zil-additional-service] [   scheduling-1] r.a.observability.ObservabilityService   : LAB9 Observability window=1m category=web.additional.stats count=136 sumNanos=49707519844 avgNanos=365496469
zil-additional-service  | 2026-05-05T00:15:39.084Z  INFO 1 --- [zil-additional-service] [   scheduling-1] r.a.observability.ObservabilityService   : LAB9 Observability window=1m category=http.main.rents count=2248 sumNanos=435969921872 avgNanos=193936797
zil-additional-service  | 2026-05-05T00:15:39.084Z  INFO 1 --- [zil-additional-service] [   scheduling-1] r.a.observability.ObservabilityService   : LAB9 Observability window=1m category=http.main.cars count=2241 sumNanos=420764686897 avgNanos=187757557
zil-additional-service  | 2026-05-05T00:15:39.084Z  INFO 1 --- [zil-additional-service] [   scheduling-1] r.a.observability.ObservabilityService   : LAB9 Observability window=1m category=web.additional.availability_new count=2112 sumNanos=811362150476 avgNanos=384167684
zil-additional-service  | 2026-05-05T00:15:39.084Z  INFO 1 --- [zil-additional-service] [   scheduling-1] r.a.observability.ObservabilityService   : LAB9 Observability window=1m category=additional.statsComputation.availability.allCitiesAllDates count=2112 sumNanos=795123827 avgNanos=376479
zil-additional-service  | 2026-05-05T00:15:42.959Z  INFO 1 --- [zil-additional-service] [   scheduling-1] r.additional.service.ClientCacheService  : [client-cache-statistics] Client cache size=1000
zil-additional-service  | 2026-05-05T00:15:44.085Z  INFO 1 --- [zil-additional-service] [   scheduling-1] r.a.observability.ObservabilityService   : LAB9 Observability window=30s category=additional.statsComputation.stats count=56 sumNanos=212431 avgNanos=3793
zil-additional-service  | 2026-05-05T00:15:44.085Z  INFO 1 --- [zil-additional-service] [   scheduling-1] r.a.observability.ObservabilityService   : LAB9 Observability window=30s category=web.additional.stats count=56 sumNanos=20879142680 avgNanos=372841833
zil-additional-service  | 2026-05-05T00:15:44.085Z  INFO 1 --- [zil-additional-service] [   scheduling-1] r.a.observability.ObservabilityService   : LAB9 Observability window=30s category=http.main.rents count=776 sumNanos=147334700306 avgNanos=189864304
zil-additional-service  | 2026-05-05T00:15:44.085Z  INFO 1 --- [zil-additional-service] [   scheduling-1] r.a.observability.ObservabilityService   : LAB9 Observability window=30s category=http.main.cars count=771 sumNanos=144654261677 avgNanos=187619016
zil-additional-service  | 2026-05-05T00:15:44.085Z  INFO 1 --- [zil-additional-service] [   scheduling-1] r.a.observability.ObservabilityService   : LAB9 Observability window=30s category=web.additional.availability_new count=720 sumNanos=272960117521 avgNanos=379111274
zil-additional-service  | 2026-05-05T00:15:44.085Z  INFO 1 --- [zil-additional-service] [   scheduling-1] r.a.observability.ObservabilityService   : LAB9 Observability window=30s category=additional.statsComputation.availability.allCitiesAllDates count=720 sumNanos=217031947 avgNanos=301433
zil-additional-service  | 2026-05-05T00:15:44.085Z  INFO 1 --- [zil-additional-service] [   scheduling-1] r.a.observability.ObservabilityService   : LAB9 Observability window=1m category=additional.statsComputation.stats count=122 sumNanos=448968 avgNanos=3680
zil-additional-service  | 2026-05-05T00:15:44.085Z  INFO 1 --- [zil-additional-service] [   scheduling-1] r.a.observability.ObservabilityService   : LAB9 Observability window=1m category=web.additional.stats count=122 sumNanos=44561894171 avgNanos=365261427
zil-additional-service  | 2026-05-05T00:15:44.085Z  INFO 1 --- [zil-additional-service] [   scheduling-1] r.a.observability.ObservabilityService   : LAB9 Observability window=1m category=http.main.rents count=2044 sumNanos=394700322549 avgNanos=193101919
zil-additional-service  | 2026-05-05T00:15:44.085Z  INFO 1 --- [zil-additional-service] [   scheduling-1] r.a.observability.ObservabilityService   : LAB9 Observability window=1m category=http.main.cars count=2034 sumNanos=380128529447 avgNanos=186887182
zil-additional-service  | 2026-05-05T00:15:44.085Z  INFO 1 --- [zil-additional-service] [   scheduling-1] r.a.observability.ObservabilityService   : LAB9 Observability window=1m category=web.additional.availability_new count=1922 sumNanos=735934563759 avgNanos=382900397
zil-additional-service  | 2026-05-05T00:15:44.085Z  INFO 1 --- [zil-additional-service] [   scheduling-1] r.a.observability.ObservabilityService   : LAB9 Observability window=1m category=additional.statsComputation.availability.allCitiesAllDates count=1922 sumNanos=738111813 avgNanos=384033
