zil-app  | 
zil-app  |   .   ____          _            __ _ _
zil-app  |  /\\ / ___'_ __ _ _(_)_ __  __ _ \ \ \ \
zil-app  | ( ( )\___ | '_ | '_| | '_ \/ _` | \ \ \ \
zil-app  |  \\/  ___)| |_)| | | | | || (_| |  ) ) ) )
zil-app  |   '  |____| .__|_| |_|_| |_\__, | / / / /
zil-app  |  =========|_|==============|___/=/_/_/_/
zil-app  | 
zil-app  |  :: Spring Boot ::                (v4.0.3)
zil-app  | 
zil-app  | 2026-05-05T00:11:48.112Z  INFO 1 --- [           main] rental.Application                       : Starting Application v1.0-SNAPSHOT using Java 25.0.3 with PID 1 (/app/app.jar started by root in /app)
zil-app  | 2026-05-05T00:11:48.125Z  INFO 1 --- [           main] rental.Application                       : No active profile set, falling back to 1 default profile: "default"
zil-app  | 2026-05-05T00:11:54.428Z  INFO 1 --- [           main] .s.d.r.c.RepositoryConfigurationDelegate : Bootstrapping Spring Data JPA repositories in DEFAULT mode.
zil-app  | 2026-05-05T00:11:54.914Z  INFO 1 --- [           main] .s.d.r.c.RepositoryConfigurationDelegate : Finished Spring Data repository scanning in 395 ms. Found 3 JPA repository interfaces.
zil-app  | 2026-05-05T00:11:59.228Z  INFO 1 --- [           main] o.s.boot.tomcat.TomcatWebServer          : Tomcat initialized with port 8083 (http)
zil-app  | 2026-05-05T00:11:59.326Z  INFO 1 --- [           main] o.apache.catalina.core.StandardService   : Starting service [Tomcat]
zil-app  | 2026-05-05T00:11:59.326Z  INFO 1 --- [           main] o.apache.catalina.core.StandardEngine    : Starting Servlet engine: [Apache Tomcat/11.0.18]
zil-app  | 2026-05-05T00:11:59.729Z  INFO 1 --- [           main] b.w.c.s.WebApplicationContextInitializer : Root WebApplicationContext: initialization completed in 11022 ms
zil-app  | 2026-05-05T00:12:03.824Z  INFO 1 --- [           main] com.zaxxer.hikari.HikariDataSource       : HikariPool-1 - Starting...
zil-app  | 2026-05-05T00:12:05.031Z  INFO 1 --- [           main] com.zaxxer.hikari.pool.HikariPool        : HikariPool-1 - Added connection org.postgresql.jdbc.PgConnection@16029e2f
zil-app  | 2026-05-05T00:12:05.036Z  INFO 1 --- [           main] com.zaxxer.hikari.HikariDataSource       : HikariPool-1 - Start completed.
zil-app  | 2026-05-05T00:12:05.224Z  INFO 1 --- [           main] org.flywaydb.core.FlywayExecutor         : Database: jdbc:postgresql://hl12.zil:5433/hl7?currentSchema=hl7 (PostgreSQL 16.13)
zil-app  | 2026-05-05T00:12:05.816Z  INFO 1 --- [           main] o.f.core.internal.command.DbValidate     : Successfully validated 3 migrations (execution time 00:00.204s)
zil-app  | 2026-05-05T00:12:06.119Z  INFO 1 --- [           main] o.f.core.internal.command.DbMigrate      : Current version of schema "hl7": 2
zil-app  | 2026-05-05T00:12:06.133Z  INFO 1 --- [           main] o.f.core.internal.command.DbMigrate      : Schema "hl7" is up to date. No migration necessary.
zil-app  | 2026-05-05T00:12:07.224Z  INFO 1 --- [           main] org.hibernate.orm.jpa                    : HHH008540: Processing PersistenceUnitInfo [name: default]
zil-app  | 2026-05-05T00:12:07.712Z  INFO 1 --- [           main] org.hibernate.orm.core                   : HHH000001: Hibernate ORM core version 7.2.4.Final
zil-app  | 2026-05-05T00:12:11.406Z  INFO 1 --- [           main] o.s.o.j.p.SpringPersistenceUnitInfo      : No LoadTimeWeaver setup: ignoring JPA class transformer
zil-app  | 2026-05-05T00:12:12.019Z  INFO 1 --- [           main] org.hibernate.orm.connections.pooling    : HHH10001005: Database info:
zil-app  | 	Database JDBC URL [jdbc:postgresql://hl12.zil:5433/hl7?currentSchema=hl7]
zil-app  | 	Database driver: PostgreSQL JDBC Driver
zil-app  | 	Database dialect: PostgreSQLDialect
zil-app  | 	Database version: 16.13
zil-app  | 	Default catalog/schema: hl7/hl7
zil-app  | 	Autocommit mode: undefined/unknown
zil-app  | 	Isolation level: READ_COMMITTED [default READ_COMMITTED]
zil-app  | 	JDBC fetch size: none
zil-app  | 	Pool: DataSourceConnectionProvider
zil-app  | 	Minimum pool size: undefined/unknown
zil-app  | 	Maximum pool size: undefined/unknown
zil-app  | 2026-05-05T00:12:17.942Z  INFO 1 --- [           main] org.hibernate.orm.core                   : HHH000489: No JTA platform available (set 'hibernate.transaction.jta.platform' to enable JTA platform integration)
zil-app  | 2026-05-05T00:12:18.114Z  INFO 1 --- [           main] j.LocalContainerEntityManagerFactoryBean : Initialized JPA EntityManagerFactory for persistence unit 'default'
zil-app  | 2026-05-05T00:12:18.622Z  INFO 1 --- [           main] o.s.d.j.r.query.QueryEnhancerFactories   : Hibernate is in classpath; If applicable, HQL parser will be used.
zil-app  | 2026-05-05T00:12:26.607Z  INFO 1 --- [           main] o.s.boot.tomcat.TomcatWebServer          : Tomcat started on port 8083 (http) with context path '/'
zil-app  | 2026-05-05T00:12:26.624Z  INFO 1 --- [           main] rental.Application                       : Started Application in 41.41 seconds (process running for 44.926)
zil-app  | 2026-05-05T00:12:27.307Z  INFO 1 --- [nio-8083-exec-2] o.a.c.c.C.[Tomcat].[localhost].[/]       : Initializing Spring DispatcherServlet 'dispatcherServlet'
zil-app  | 2026-05-05T00:12:27.308Z  INFO 1 --- [nio-8083-exec-2] o.s.web.servlet.DispatcherServlet        : Initializing Servlet 'dispatcherServlet'
zil-app  | 2026-05-05T00:12:27.310Z  INFO 1 --- [nio-8083-exec-2] o.s.web.servlet.DispatcherServlet        : Completed initialization in 1 ms
zil-app  | 2026-05-05T00:12:31.630Z  INFO 1 --- [   scheduling-1] r.observability.ObservabilityService     : LAB9 Observability window=10s category=web.ClientController.getClients count=1 sumNanos=759993745 avgNanos=759993745
zil-app  | 2026-05-05T00:12:31.630Z  INFO 1 --- [   scheduling-1] r.observability.ObservabilityService     : LAB9 Observability window=10s category=db.stats.countRents count=1 sumNanos=77232537 avgNanos=77232537
zil-app  | 2026-05-05T00:12:31.630Z  INFO 1 --- [   scheduling-1] r.observability.ObservabilityService     : LAB9 Observability window=10s category=web.RentController.getRents count=1 sumNanos=276071639 avgNanos=276071639
zil-app  | 2026-05-05T00:12:31.630Z  INFO 1 --- [   scheduling-1] r.observability.ObservabilityService     : LAB9 Observability window=10s category=db.client.findAll count=1 sumNanos=759708475 avgNanos=759708475
zil-app  | 2026-05-05T00:12:31.631Z  INFO 1 --- [   scheduling-1] r.observability.ObservabilityService     : LAB9 Observability window=10s category=db.rent.findAll count=1 sumNanos=275760739 avgNanos=275760739
zil-app  | 2026-05-05T00:12:31.632Z  INFO 1 --- [   scheduling-1] r.observability.ObservabilityService     : LAB9 Observability window=10s category=db.stats.countClients count=1 sumNanos=20143329 avgNanos=20143329
zil-app  | 2026-05-05T00:12:31.632Z  INFO 1 --- [   scheduling-1] r.observability.ObservabilityService     : LAB9 Observability window=10s category=db.stats.countCars count=1 sumNanos=603653144 avgNanos=603653144
zil-app  | 2026-05-05T00:12:31.632Z  INFO 1 --- [   scheduling-1] r.observability.ObservabilityService     : LAB9 Observability window=10s category=web.CarController.getCars count=1 sumNanos=175148570 avgNanos=175148570
zil-app  | 2026-05-05T00:12:31.632Z  INFO 1 --- [   scheduling-1] r.observability.ObservabilityService     : LAB9 Observability window=10s category=db.car.findAll count=1 sumNanos=174881668 avgNanos=174881668
zil-app  | 2026-05-05T00:12:31.632Z  INFO 1 --- [   scheduling-1] r.observability.ObservabilityService     : LAB9 Observability window=10s category=web.StatsController.stats count=1 sumNanos=702117979 avgNanos=702117979
zil-app  | 2026-05-05T00:12:31.632Z  INFO 1 --- [   scheduling-1] r.observability.ObservabilityService     : LAB9 Observability window=30s category=web.ClientController.getClients count=1 sumNanos=759993745 avgNanos=759993745
zil-app  | 2026-05-05T00:12:31.632Z  INFO 1 --- [   scheduling-1] r.observability.ObservabilityService     : LAB9 Observability window=30s category=db.stats.countRents count=1 sumNanos=77232537 avgNanos=77232537
zil-app  | 2026-05-05T00:12:31.632Z  INFO 1 --- [   scheduling-1] r.observability.ObservabilityService     : LAB9 Observability window=30s category=web.RentController.getRents count=1 sumNanos=276071639 avgNanos=276071639
zil-app  | 2026-05-05T00:12:31.632Z  INFO 1 --- [   scheduling-1] r.observability.ObservabilityService     : LAB9 Observability window=30s category=db.client.findAll count=1 sumNanos=759708475 avgNanos=759708475
zil-app  | 2026-05-05T00:12:31.632Z  INFO 1 --- [   scheduling-1] r.observability.ObservabilityService     : LAB9 Observability window=30s category=db.rent.findAll count=1 sumNanos=275760739 avgNanos=275760739
zil-app  | 2026-05-05T00:12:31.632Z  INFO 1 --- [   scheduling-1] r.observability.ObservabilityService     : LAB9 Observability window=30s category=db.stats.countClients count=1 sumNanos=20143329 avgNanos=20143329
zil-app  | 2026-05-05T00:12:31.632Z  INFO 1 --- [   scheduling-1] r.observability.ObservabilityService     : LAB9 Observability window=30s category=db.stats.countCars count=1 sumNanos=603653144 avgNanos=603653144
zil-app  | 2026-05-05T00:12:31.632Z  INFO 1 --- [   scheduling-1] r.observability.ObservabilityService     : LAB9 Observability window=30s category=web.CarController.getCars count=1 sumNanos=175148570 avgNanos=175148570
zil-app  | 2026-05-05T00:12:31.632Z  INFO 1 --- [   scheduling-1] r.observability.ObservabilityService     : LAB9 Observability window=30s category=db.car.findAll count=1 sumNanos=174881668 avgNanos=174881668
zil-app  | 2026-05-05T00:12:31.632Z  INFO 1 --- [   scheduling-1] r.observability.ObservabilityService     : LAB9 Observability window=30s category=web.StatsController.stats count=1 sumNanos=702117979 avgNanos=702117979
zil-app  | 2026-05-05T00:12:31.633Z  INFO 1 --- [   scheduling-1] r.observability.ObservabilityService     : LAB9 Observability window=1m category=web.ClientController.getClients count=1 sumNanos=759993745 avgNanos=759993745
zil-app  | 2026-05-05T00:12:31.633Z  INFO 1 --- [   scheduling-1] r.observability.ObservabilityService     : LAB9 Observability window=1m category=db.stats.countRents count=1 sumNanos=77232537 avgNanos=77232537
zil-app  | 2026-05-05T00:12:31.633Z  INFO 1 --- [   scheduling-1] r.observability.ObservabilityService     : LAB9 Observability window=1m category=web.RentController.getRents count=1 sumNanos=276071639 avgNanos=276071639
zil-app  | 2026-05-05T00:12:31.633Z  INFO 1 --- [   scheduling-1] r.observability.ObservabilityService     : LAB9 Observability window=1m category=db.client.findAll count=1 sumNanos=759708475 avgNanos=759708475
zil-app  | 2026-05-05T00:12:31.633Z  INFO 1 --- [   scheduling-1] r.observability.ObservabilityService     : LAB9 Observability window=1m category=db.rent.findAll count=1 sumNanos=275760739 avgNanos=275760739
zil-app  | 2026-05-05T00:12:31.633Z  INFO 1 --- [   scheduling-1] r.observability.ObservabilityService     : LAB9 Observability window=1m category=db.stats.countClients count=1 sumNanos=20143329 avgNanos=20143329
zil-app  | 2026-05-05T00:12:31.633Z  INFO 1 --- [   scheduling-1] r.observability.ObservabilityService     : LAB9 Observability window=1m category=db.stats.countCars count=1 sumNanos=603653144 avgNanos=603653144
zil-app  | 2026-05-05T00:12:31.633Z  INFO 1 --- [   scheduling-1] r.observability.ObservabilityService     : LAB9 Observability window=1m category=web.CarController.getCars count=1 sumNanos=175148570 avgNanos=175148570
zil-app  | 2026-05-05T00:12:31.634Z  INFO 1 --- [   scheduling-1] r.observability.ObservabilityService     : LAB9 Observability window=1m category=db.car.findAll count=1 sumNanos=174881668 avgNanos=174881668
zil-app  | 2026-05-05T00:12:31.634Z  INFO 1 --- [   scheduling-1] r.observability.ObservabilityService     : LAB9 Observability window=1m category=web.StatsController.stats count=1 sumNanos=702117979 avgNanos=702117979
zil-app  | 2026-05-05T00:12:36.723Z  INFO 1 --- [   scheduling-1] r.observability.ObservabilityService     : LAB9 Observability window=10s category=web.ClientController.getClients count=1 sumNanos=759993745 avgNanos=759993745
zil-app  | 2026-05-05T00:12:36.723Z  INFO 1 --- [   scheduling-1] r.observability.ObservabilityService     : LAB9 Observability window=10s category=db.stats.countRents count=1 sumNanos=77232537 avgNanos=77232537
zil-app  | 2026-05-05T00:12:36.723Z  INFO 1 --- [   scheduling-1] r.observability.ObservabilityService     : LAB9 Observability window=10s category=web.RentController.getRents count=33 sumNanos=33404659708 avgNanos=1012262415
zil-app  | 2026-05-05T00:12:36.723Z  INFO 1 --- [   scheduling-1] r.observability.ObservabilityService     : LAB9 Observability window=10s category=db.client.findAll count=1 sumNanos=759708475 avgNanos=759708475
zil-app  | 2026-05-05T00:12:36.723Z  INFO 1 --- [   scheduling-1] r.observability.ObservabilityService     : LAB9 Observability window=10s category=db.rent.findAll count=33 sumNanos=33403955649 avgNanos=1012241080
zil-app  | 2026-05-05T00:12:36.724Z  INFO 1 --- [   scheduling-1] r.observability.ObservabilityService     : LAB9 Observability window=10s category=db.stats.countClients count=1 sumNanos=20143329 avgNanos=20143329
zil-app  | 2026-05-05T00:12:36.724Z  INFO 1 --- [   scheduling-1] r.observability.ObservabilityService     : LAB9 Observability window=10s category=db.stats.countCars count=1 sumNanos=603653144 avgNanos=603653144
zil-app  | 2026-05-05T00:12:36.724Z  INFO 1 --- [   scheduling-1] r.observability.ObservabilityService     : LAB9 Observability window=10s category=web.CarController.getCars count=40 sumNanos=27709607180 avgNanos=692740179
zil-app  | 2026-05-05T00:12:36.726Z  INFO 1 --- [   scheduling-1] r.observability.ObservabilityService     : LAB9 Observability window=10s category=db.car.findAll count=40 sumNanos=27707564546 avgNanos=692689113
zil-app  | 2026-05-05T00:12:36.726Z  INFO 1 --- [   scheduling-1] r.observability.ObservabilityService     : LAB9 Observability window=10s category=web.StatsController.stats count=1 sumNanos=702117979 avgNanos=702117979
zil-app  | 2026-05-05T00:12:36.726Z  INFO 1 --- [   scheduling-1] r.observability.ObservabilityService     : LAB9 Observability window=30s category=web.ClientController.getClients count=1 sumNanos=759993745 avgNanos=759993745
zil-app  | 2026-05-05T00:12:36.727Z  INFO 1 --- [   scheduling-1] r.observability.ObservabilityService     : LAB9 Observability window=30s category=db.stats.countRents count=1 sumNanos=77232537 avgNanos=77232537
zil-app  | 2026-05-05T00:12:36.727Z  INFO 1 --- [   scheduling-1] r.observability.ObservabilityService     : LAB9 Observability window=30s category=web.RentController.getRents count=33 sumNanos=33404659708 avgNanos=1012262415
zil-app  | 2026-05-05T00:12:36.727Z  INFO 1 --- [   scheduling-1] r.observability.ObservabilityService     : LAB9 Observability window=30s category=db.client.findAll count=1 sumNanos=759708475 avgNanos=759708475
zil-app  | 2026-05-05T00:12:36.727Z  INFO 1 --- [   scheduling-1] r.observability.ObservabilityService     : LAB9 Observability window=30s category=db.rent.findAll count=33 sumNanos=33403955649 avgNanos=1012241080
zil-app  | 2026-05-05T00:12:36.727Z  INFO 1 --- [   scheduling-1] r.observability.ObservabilityService     : LAB9 Observability window=30s category=db.stats.countClients count=1 sumNanos=20143329 avgNanos=20143329
zil-app  | 2026-05-05T00:12:36.727Z  INFO 1 --- [   scheduling-1] r.observability.ObservabilityService     : LAB9 Observability window=30s category=db.stats.countCars count=1 sumNanos=603653144 avgNanos=603653144
zil-app  | 2026-05-05T00:12:36.727Z  INFO 1 --- [   scheduling-1] r.observability.ObservabilityService     : LAB9 Observability window=30s category=web.CarController.getCars count=40 sumNanos=27709607180 avgNanos=692740179
zil-app  | 2026-05-05T00:12:36.727Z  INFO 1 --- [   scheduling-1] r.observability.ObservabilityService     : LAB9 Observability window=30s category=db.car.findAll count=40 sumNanos=27707564546 avgNanos=692689113
zil-app  | 2026-05-05T00:12:36.727Z  INFO 1 --- [   scheduling-1] r.observability.ObservabilityService     : LAB9 Observability window=30s category=web.StatsController.stats count=1 sumNanos=702117979 avgNanos=702117979
zil-app  | 2026-05-05T00:12:36.727Z  INFO 1 --- [   scheduling-1] r.observability.ObservabilityService     : LAB9 Observability window=1m category=web.ClientController.getClients count=1 sumNanos=759993745 avgNanos=759993745
zil-app  | 2026-05-05T00:12:36.727Z  INFO 1 --- [   scheduling-1] r.observability.ObservabilityService     : LAB9 Observability window=1m category=db.stats.countRents count=1 sumNanos=77232537 avgNanos=77232537
zil-app  | 2026-05-05T00:12:36.727Z  INFO 1 --- [   scheduling-1] r.observability.ObservabilityService     : LAB9 Observability window=1m category=web.RentController.getRents count=33 sumNanos=33404659708 avgNanos=1012262415
zil-app  | 2026-05-05T00:12:36.727Z  INFO 1 --- [   scheduling-1] r.observability.ObservabilityService     : LAB9 Observability window=1m category=db.client.findAll count=1 sumNanos=759708475 avgNanos=759708475
zil-app  | 2026-05-05T00:12:36.727Z  INFO 1 --- [   scheduling-1] r.observability.ObservabilityService     : LAB9 Observability window=1m category=db.rent.findAll count=33 sumNanos=33403955649 avgNanos=1012241080
zil-app  | 2026-05-05T00:12:36.727Z  INFO 1 --- [   scheduling-1] r.observability.ObservabilityService     : LAB9 Observability window=1m category=db.stats.countClients count=1 sumNanos=20143329 avgNanos=20143329
zil-app  | 2026-05-05T00:12:36.727Z  INFO 1 --- [   scheduling-1] r.observability.ObservabilityService     : LAB9 Observability window=1m category=db.stats.countCars count=1 sumNanos=603653144 avgNanos=603653144
zil-app  | 2026-05-05T00:12:36.727Z  INFO 1 --- [   scheduling-1] r.observability.ObservabilityService     : LAB9 Observability window=1m category=web.CarController.getCars count=40 sumNanos=27709607180 avgNanos=692740179
zil-app  | 2026-05-05T00:12:36.727Z  INFO 1 --- [   scheduling-1] r.observability.ObservabilityService     : LAB9 Observability window=1m category=db.car.findAll count=40 sumNanos=27707564546 avgNanos=692689113
zil-app  | 2026-05-05T00:12:36.728Z  INFO 1 --- [   scheduling-1] r.observability.ObservabilityService     : LAB9 Observability window=1m category=web.StatsController.stats count=1 sumNanos=702117979 avgNanos=702117979
zil-app  | 2026-05-05T00:12:41.814Z  INFO 1 --- [   scheduling-1] r.observability.ObservabilityService     : LAB9 Observability window=10s category=web.RentController.getRents count=80 sumNanos=73896870973 avgNanos=923710887
zil-app  | 2026-05-05T00:12:41.814Z  INFO 1 --- [   scheduling-1] r.observability.ObservabilityService     : LAB9 Observability window=10s category=db.rent.findAll count=80 sumNanos=73890287051 avgNanos=923628588
zil-app  | 2026-05-05T00:12:41.815Z  INFO 1 --- [   scheduling-1] r.observability.ObservabilityService     : LAB9 Observability window=10s category=web.CarController.getCars count=92 sumNanos=65026864481 avgNanos=706813744
zil-app  | 2026-05-05T00:12:41.815Z  INFO 1 --- [   scheduling-1] r.observability.ObservabilityService     : LAB9 Observability window=10s category=db.car.findAll count=92 sumNanos=65024500718 avgNanos=706788051
zil-app  | 2026-05-05T00:12:41.815Z  INFO 1 --- [   scheduling-1] r.observability.ObservabilityService     : LAB9 Observability window=30s category=web.ClientController.getClients count=1 sumNanos=759993745 avgNanos=759993745
zil-app  | 2026-05-05T00:12:41.815Z  INFO 1 --- [   scheduling-1] r.observability.ObservabilityService     : LAB9 Observability window=30s category=db.stats.countRents count=1 sumNanos=77232537 avgNanos=77232537
zil-app  | 2026-05-05T00:12:41.815Z  INFO 1 --- [   scheduling-1] r.observability.ObservabilityService     : LAB9 Observability window=30s category=web.RentController.getRents count=81 sumNanos=74172942612 avgNanos=915715340
zil-app  | 2026-05-05T00:12:41.815Z  INFO 1 --- [   scheduling-1] r.observability.ObservabilityService     : LAB9 Observability window=30s category=db.client.findAll count=1 sumNanos=759708475 avgNanos=759708475
zil-app  | 2026-05-05T00:12:41.820Z  INFO 1 --- [   scheduling-1] r.observability.ObservabilityService     : LAB9 Observability window=30s category=db.rent.findAll count=81 sumNanos=74166047790 avgNanos=915630219
zil-app  | 2026-05-05T00:12:41.820Z  INFO 1 --- [   scheduling-1] r.observability.ObservabilityService     : LAB9 Observability window=30s category=db.stats.countClients count=1 sumNanos=20143329 avgNanos=20143329
zil-app  | 2026-05-05T00:12:41.820Z  INFO 1 --- [   scheduling-1] r.observability.ObservabilityService     : LAB9 Observability window=30s category=db.stats.countCars count=1 sumNanos=603653144 avgNanos=603653144
zil-app  | 2026-05-05T00:12:41.820Z  INFO 1 --- [   scheduling-1] r.observability.ObservabilityService     : LAB9 Observability window=30s category=web.CarController.getCars count=93 sumNanos=65202013051 avgNanos=701096914
zil-app  | 2026-05-05T00:12:41.820Z  INFO 1 --- [   scheduling-1] r.observability.ObservabilityService     : LAB9 Observability window=30s category=db.car.findAll count=93 sumNanos=65199382386 avgNanos=701068627
zil-app  | 2026-05-05T00:12:41.820Z  INFO 1 --- [   scheduling-1] r.observability.ObservabilityService     : LAB9 Observability window=30s category=web.StatsController.stats count=1 sumNanos=702117979 avgNanos=702117979
zil-app  | 2026-05-05T00:12:41.820Z  INFO 1 --- [   scheduling-1] r.observability.ObservabilityService     : LAB9 Observability window=1m category=web.ClientController.getClients count=1 sumNanos=759993745 avgNanos=759993745
zil-app  | 2026-05-05T00:12:41.820Z  INFO 1 --- [   scheduling-1] r.observability.ObservabilityService     : LAB9 Observability window=1m category=db.stats.countRents count=1 sumNanos=77232537 avgNanos=77232537
zil-app  | 2026-05-05T00:12:41.820Z  INFO 1 --- [   scheduling-1] r.observability.ObservabilityService     : LAB9 Observability window=1m category=web.RentController.getRents count=81 sumNanos=74172942612 avgNanos=915715340
zil-app  | 2026-05-05T00:12:41.820Z  INFO 1 --- [   scheduling-1] r.observability.ObservabilityService     : LAB9 Observability window=1m category=db.client.findAll count=1 sumNanos=759708475 avgNanos=759708475
zil-app  | 2026-05-05T00:12:41.820Z  INFO 1 --- [   scheduling-1] r.observability.ObservabilityService     : LAB9 Observability window=1m category=db.rent.findAll count=81 sumNanos=74166047790 avgNanos=915630219
zil-app  | 2026-05-05T00:12:41.820Z  INFO 1 --- [   scheduling-1] r.observability.ObservabilityService     : LAB9 Observability window=1m category=db.stats.countClients count=1 sumNanos=20143329 avgNanos=20143329
zil-app  | 2026-05-05T00:12:41.820Z  INFO 1 --- [   scheduling-1] r.observability.ObservabilityService     : LAB9 Observability window=1m category=db.stats.countCars count=1 sumNanos=603653144 avgNanos=603653144
zil-app  | 2026-05-05T00:12:41.821Z  INFO 1 --- [   scheduling-1] r.observability.ObservabilityService     : LAB9 Observability window=1m category=web.CarController.getCars count=93 sumNanos=65202013051 avgNanos=701096914
zil-app  | 2026-05-05T00:12:41.821Z  INFO 1 --- [   scheduling-1] r.observability.ObservabilityService     : LAB9 Observability window=1m category=db.car.findAll count=93 sumNanos=65199382386 avgNanos=701068627
zil-app  | 2026-05-05T00:12:41.821Z  INFO 1 --- [   scheduling-1] r.observability.ObservabilityService     : LAB9 Observability window=1m category=web.StatsController.stats count=1 sumNanos=702117979 avgNanos=702117979
zil-app  | 2026-05-05T00:12:46.826Z  INFO 1 --- [   scheduling-1] r.observability.ObservabilityService     : LAB9 Observability window=10s category=web.RentController.getRents count=119 sumNanos=85189661777 avgNanos=715879510
zil-app  | 2026-05-05T00:12:46.826Z  INFO 1 --- [   scheduling-1] r.observability.ObservabilityService     : LAB9 Observability window=10s category=db.rent.findAll count=119 sumNanos=85188285625 avgNanos=715867946
zil-app  | 2026-05-05T00:12:46.826Z  INFO 1 --- [   scheduling-1] r.observability.ObservabilityService     : LAB9 Observability window=10s category=web.CarController.getCars count=125 sumNanos=76138015137 avgNanos=609104121
zil-app  | 2026-05-05T00:12:46.826Z  INFO 1 --- [   scheduling-1] r.observability.ObservabilityService     : LAB9 Observability window=10s category=db.car.findAll count=125 sumNanos=76136756350 avgNanos=609094050
zil-app  | 2026-05-05T00:12:46.826Z  INFO 1 --- [   scheduling-1] r.observability.ObservabilityService     : LAB9 Observability window=30s category=web.ClientController.getClients count=1 sumNanos=759993745 avgNanos=759993745
zil-app  | 2026-05-05T00:12:46.826Z  INFO 1 --- [   scheduling-1] r.observability.ObservabilityService     : LAB9 Observability window=30s category=db.stats.countRents count=1 sumNanos=77232537 avgNanos=77232537
zil-app  | 2026-05-05T00:12:46.910Z  INFO 1 --- [   scheduling-1] r.observability.ObservabilityService     : LAB9 Observability window=30s category=web.RentController.getRents count=153 sumNanos=119704803831 avgNanos=782384338
zil-app  | 2026-05-05T00:12:46.910Z  INFO 1 --- [   scheduling-1] r.observability.ObservabilityService     : LAB9 Observability window=30s category=db.client.findAll count=1 sumNanos=759708475 avgNanos=759708475
zil-app  | 2026-05-05T00:12:46.922Z  INFO 1 --- [   scheduling-1] r.observability.ObservabilityService     : LAB9 Observability window=30s category=db.rent.findAll count=153 sumNanos=119697250674 avgNanos=782334971
zil-app  | 2026-05-05T00:12:46.922Z  INFO 1 --- [   scheduling-1] r.observability.ObservabilityService     : LAB9 Observability window=30s category=db.stats.countClients count=1 sumNanos=20143329 avgNanos=20143329
zil-app  | 2026-05-05T00:12:46.923Z  INFO 1 --- [   scheduling-1] r.observability.ObservabilityService     : LAB9 Observability window=30s category=db.stats.countCars count=1 sumNanos=603653144 avgNanos=603653144
zil-app  | 2026-05-05T00:12:46.923Z  INFO 1 --- [   scheduling-1] r.observability.ObservabilityService     : LAB9 Observability window=30s category=web.CarController.getCars count=165 sumNanos=103847622317 avgNanos=629379529
zil-app  | 2026-05-05T00:12:46.923Z  INFO 1 --- [   scheduling-1] r.observability.ObservabilityService     : LAB9 Observability window=30s category=db.car.findAll count=165 sumNanos=103844320896 avgNanos=629359520
zil-app  | 2026-05-05T00:12:46.923Z  INFO 1 --- [   scheduling-1] r.observability.ObservabilityService     : LAB9 Observability window=30s category=web.StatsController.stats count=1 sumNanos=702117979 avgNanos=702117979
zil-app  | 2026-05-05T00:12:46.923Z  INFO 1 --- [   scheduling-1] r.observability.ObservabilityService     : LAB9 Observability window=1m category=web.ClientController.getClients count=1 sumNanos=759993745 avgNanos=759993745
zil-app  | 2026-05-05T00:12:46.924Z  INFO 1 --- [   scheduling-1] r.observability.ObservabilityService     : LAB9 Observability window=1m category=db.stats.countRents count=1 sumNanos=77232537 avgNanos=77232537
zil-app  | 2026-05-05T00:12:46.924Z  INFO 1 --- [   scheduling-1] r.observability.ObservabilityService     : LAB9 Observability window=1m category=web.RentController.getRents count=155 sumNanos=120998558990 avgNanos=780635864
zil-app  | 2026-05-05T00:12:46.924Z  INFO 1 --- [   scheduling-1] r.observability.ObservabilityService     : LAB9 Observability window=1m category=db.client.findAll count=1 sumNanos=759708475 avgNanos=759708475
zil-app  | 2026-05-05T00:12:46.924Z  INFO 1 --- [   scheduling-1] r.observability.ObservabilityService     : LAB9 Observability window=1m category=db.rent.findAll count=155 sumNanos=120990988215 avgNanos=780587020
zil-app  | 2026-05-05T00:12:46.924Z  INFO 1 --- [   scheduling-1] r.observability.ObservabilityService     : LAB9 Observability window=1m category=db.stats.countClients count=1 sumNanos=20143329 avgNanos=20143329
zil-app  | 2026-05-05T00:12:46.924Z  INFO 1 --- [   scheduling-1] r.observability.ObservabilityService     : LAB9 Observability window=1m category=db.stats.countCars count=1 sumNanos=603653144 avgNanos=603653144
zil-app  | 2026-05-05T00:12:46.924Z  INFO 1 --- [   scheduling-1] r.observability.ObservabilityService     : LAB9 Observability window=1m category=web.CarController.getCars count=167 sumNanos=104471054615 avgNanos=625575177
zil-app  | 2026-05-05T00:12:46.924Z  INFO 1 --- [   scheduling-1] r.observability.ObservabilityService     : LAB9 Observability window=1m category=db.car.findAll count=167 sumNanos=104467722991 avgNanos=625555227
zil-app  | 2026-05-05T00:12:46.924Z  INFO 1 --- [   scheduling-1] r.observability.ObservabilityService     : LAB9 Observability window=1m category=web.StatsController.stats count=1 sumNanos=702117979 avgNanos=702117979
zil-app  | 2026-05-05T00:12:51.937Z  INFO 1 --- [   scheduling-1] r.observability.ObservabilityService     : LAB9 Observability window=10s category=web.RentController.getRents count=159 sumNanos=85550295546 avgNanos=538052173
zil-app  | 2026-05-05T00:12:51.938Z  INFO 1 --- [   scheduling-1] r.observability.ObservabilityService     : LAB9 Observability window=10s category=db.rent.findAll count=159 sumNanos=85548475600 avgNanos=538040727
zil-app  | 2026-05-05T00:12:51.938Z  INFO 1 --- [   scheduling-1] r.observability.ObservabilityService     : LAB9 Observability window=10s category=web.CarController.getCars count=157 sumNanos=70101199525 avgNanos=446504455
zil-app  | 2026-05-05T00:12:51.939Z  INFO 1 --- [   scheduling-1] r.observability.ObservabilityService     : LAB9 Observability window=10s category=db.car.findAll count=157 sumNanos=70100049508 avgNanos=446497130
zil-app  | 2026-05-05T00:12:51.940Z  INFO 1 --- [   scheduling-1] r.observability.ObservabilityService     : LAB9 Observability window=30s category=web.ClientController.getClients count=1 sumNanos=759993745 avgNanos=759993745
zil-app  | 2026-05-05T00:12:51.940Z  INFO 1 --- [   scheduling-1] r.observability.ObservabilityService     : LAB9 Observability window=30s category=db.stats.countRents count=1 sumNanos=77232537 avgNanos=77232537
zil-app  | 2026-05-05T00:12:51.940Z  INFO 1 --- [   scheduling-1] r.observability.ObservabilityService     : LAB9 Observability window=30s category=web.RentController.getRents count=243 sumNanos=162572380183 avgNanos=669022140
zil-app  | 2026-05-05T00:12:51.940Z  INFO 1 --- [   scheduling-1] r.observability.ObservabilityService     : LAB9 Observability window=30s category=db.client.findAll count=1 sumNanos=759708475 avgNanos=759708475
zil-app  | 2026-05-05T00:12:51.940Z  INFO 1 --- [   scheduling-1] r.observability.ObservabilityService     : LAB9 Observability window=30s category=db.rent.findAll count=243 sumNanos=162563633790 avgNanos=668986147
zil-app  | 2026-05-05T00:12:51.940Z  INFO 1 --- [   scheduling-1] r.observability.ObservabilityService     : LAB9 Observability window=30s category=db.stats.countClients count=1 sumNanos=20143329 avgNanos=20143329
zil-app  | 2026-05-05T00:12:51.940Z  INFO 1 --- [   scheduling-1] r.observability.ObservabilityService     : LAB9 Observability window=30s category=db.stats.countCars count=1 sumNanos=603653144 avgNanos=603653144
zil-app  | 2026-05-05T00:12:51.940Z  INFO 1 --- [   scheduling-1] r.observability.ObservabilityService     : LAB9 Observability window=30s category=web.CarController.getCars count=252 sumNanos=136943873372 avgNanos=543428068
zil-app  | 2026-05-05T00:12:51.940Z  INFO 1 --- [   scheduling-1] r.observability.ObservabilityService     : LAB9 Observability window=30s category=db.car.findAll count=252 sumNanos=136940074188 avgNanos=543412992
zil-app  | 2026-05-05T00:12:51.940Z  INFO 1 --- [   scheduling-1] r.observability.ObservabilityService     : LAB9 Observability window=30s category=web.StatsController.stats count=1 sumNanos=702117979 avgNanos=702117979
zil-app  | 2026-05-05T00:12:51.940Z  INFO 1 --- [   scheduling-1] r.observability.ObservabilityService     : LAB9 Observability window=1m category=web.ClientController.getClients count=1 sumNanos=759993745 avgNanos=759993745
zil-app  | 2026-05-05T00:12:51.940Z  INFO 1 --- [   scheduling-1] r.observability.ObservabilityService     : LAB9 Observability window=1m category=db.stats.countRents count=1 sumNanos=77232537 avgNanos=77232537
zil-app  | 2026-05-05T00:12:51.941Z  INFO 1 --- [   scheduling-1] r.observability.ObservabilityService     : LAB9 Observability window=1m category=web.RentController.getRents count=243 sumNanos=162572380183 avgNanos=669022140
zil-app  | 2026-05-05T00:12:51.941Z  INFO 1 --- [   scheduling-1] r.observability.ObservabilityService     : LAB9 Observability window=1m category=db.client.findAll count=1 sumNanos=759708475 avgNanos=759708475
zil-app  | 2026-05-05T00:12:51.941Z  INFO 1 --- [   scheduling-1] r.observability.ObservabilityService     : LAB9 Observability window=1m category=db.rent.findAll count=243 sumNanos=162563633790 avgNanos=668986147
zil-app  | 2026-05-05T00:12:51.941Z  INFO 1 --- [   scheduling-1] r.observability.ObservabilityService     : LAB9 Observability window=1m category=db.stats.countClients count=1 sumNanos=20143329 avgNanos=20143329
zil-app  | 2026-05-05T00:12:52.030Z  INFO 1 --- [   scheduling-1] r.observability.ObservabilityService     : LAB9 Observability window=1m category=db.stats.countCars count=1 sumNanos=603653144 avgNanos=603653144
zil-app  | 2026-05-05T00:12:52.030Z  INFO 1 --- [   scheduling-1] r.observability.ObservabilityService     : LAB9 Observability window=1m category=web.CarController.getCars count=253 sumNanos=137070052271 avgNanos=541778862
zil-app  | 2026-05-05T00:12:52.030Z  INFO 1 --- [   scheduling-1] r.observability.ObservabilityService     : LAB9 Observability window=1m category=db.car.findAll count=253 sumNanos=137066248875 avgNanos=541763829
zil-app  | 2026-05-05T00:12:52.030Z  INFO 1 --- [   scheduling-1] r.observability.ObservabilityService     : LAB9 Observability window=1m category=web.StatsController.stats count=1 sumNanos=702117979 avgNanos=702117979
zil-app  | 2026-05-05T00:12:57.031Z  INFO 1 --- [   scheduling-1] r.observability.ObservabilityService     : LAB9 Observability window=10s category=web.RentController.getRents count=192 sumNanos=80700796365 avgNanos=420316647
zil-app  | 2026-05-05T00:12:57.031Z  INFO 1 --- [   scheduling-1] r.observability.ObservabilityService     : LAB9 Observability window=10s category=db.rent.findAll count=192 sumNanos=80699125330 avgNanos=420307944
zil-app  | 2026-05-05T00:12:57.032Z  INFO 1 --- [   scheduling-1] r.observability.ObservabilityService     : LAB9 Observability window=10s category=web.CarController.getCars count=190 sumNanos=64038450432 avgNanos=337044475
zil-app  | 2026-05-05T00:12:57.032Z  INFO 1 --- [   scheduling-1] r.observability.ObservabilityService     : LAB9 Observability window=10s category=db.car.findAll count=190 sumNanos=64037502886 avgNanos=337039488
zil-app  | 2026-05-05T00:12:57.032Z  INFO 1 --- [   scheduling-1] r.observability.ObservabilityService     : LAB9 Observability window=30s category=web.ClientController.getClients count=1 sumNanos=759993745 avgNanos=759993745
zil-app  | 2026-05-05T00:12:57.033Z  INFO 1 --- [   scheduling-1] r.observability.ObservabilityService     : LAB9 Observability window=30s category=db.stats.countRents count=1 sumNanos=77232537 avgNanos=77232537
zil-app  | 2026-05-05T00:12:57.113Z  INFO 1 --- [   scheduling-1] r.observability.ObservabilityService     : LAB9 Observability window=30s category=web.RentController.getRents count=348 sumNanos=202221700467 avgNanos=581096840
zil-app  | 2026-05-05T00:12:57.113Z  INFO 1 --- [   scheduling-1] r.observability.ObservabilityService     : LAB9 Observability window=30s category=db.client.findAll count=1 sumNanos=759708475 avgNanos=759708475
zil-app  | 2026-05-05T00:12:57.115Z  INFO 1 --- [   scheduling-1] r.observability.ObservabilityService     : LAB9 Observability window=30s category=db.rent.findAll count=348 sumNanos=202212452548 avgNanos=581070265
zil-app  | 2026-05-05T00:12:57.116Z  INFO 1 --- [   scheduling-1] r.observability.ObservabilityService     : LAB9 Observability window=30s category=db.stats.countClients count=1 sumNanos=20143329 avgNanos=20143329
zil-app  | 2026-05-05T00:12:57.116Z  INFO 1 --- [   scheduling-1] r.observability.ObservabilityService     : LAB9 Observability window=30s category=db.stats.countCars count=1 sumNanos=603653144 avgNanos=603653144
zil-app  | 2026-05-05T00:12:57.116Z  INFO 1 --- [   scheduling-1] r.observability.ObservabilityService     : LAB9 Observability window=30s category=web.CarController.getCars count=357 sumNanos=168509505047 avgNanos=472015420
zil-app  | 2026-05-05T00:12:57.116Z  INFO 1 --- [   scheduling-1] r.observability.ObservabilityService     : LAB9 Observability window=30s category=db.car.findAll count=357 sumNanos=168505225877 avgNanos=472003433
zil-app  | 2026-05-05T00:12:57.116Z  INFO 1 --- [   scheduling-1] r.observability.ObservabilityService     : LAB9 Observability window=30s category=web.StatsController.stats count=1 sumNanos=702117979 avgNanos=702117979
zil-app  | 2026-05-05T00:12:57.116Z  INFO 1 --- [   scheduling-1] r.observability.ObservabilityService     : LAB9 Observability window=1m category=web.ClientController.getClients count=1 sumNanos=759993745 avgNanos=759993745
zil-app  | 2026-05-05T00:12:57.116Z  INFO 1 --- [   scheduling-1] r.observability.ObservabilityService     : LAB9 Observability window=1m category=db.stats.countRents count=1 sumNanos=77232537 avgNanos=77232537
zil-app  | 2026-05-05T00:12:57.116Z  INFO 1 --- [   scheduling-1] r.observability.ObservabilityService     : LAB9 Observability window=1m category=web.RentController.getRents count=349 sumNanos=202512808915 avgNanos=580265928
zil-app  | 2026-05-05T00:12:57.116Z  INFO 1 --- [   scheduling-1] r.observability.ObservabilityService     : LAB9 Observability window=1m category=db.client.findAll count=1 sumNanos=759708475 avgNanos=759708475
zil-app  | 2026-05-05T00:12:57.116Z  INFO 1 --- [   scheduling-1] r.observability.ObservabilityService     : LAB9 Observability window=1m category=db.rent.findAll count=349 sumNanos=202503557393 avgNanos=580239419
zil-app  | 2026-05-05T00:12:57.116Z  INFO 1 --- [   scheduling-1] r.observability.ObservabilityService     : LAB9 Observability window=1m category=db.stats.countClients count=1 sumNanos=20143329 avgNanos=20143329
zil-app  | 2026-05-05T00:12:57.116Z  INFO 1 --- [   scheduling-1] r.observability.ObservabilityService     : LAB9 Observability window=1m category=db.stats.countCars count=1 sumNanos=603653144 avgNanos=603653144
zil-app  | 2026-05-05T00:12:57.116Z  INFO 1 --- [   scheduling-1] r.observability.ObservabilityService     : LAB9 Observability window=1m category=web.CarController.getCars count=359 sumNanos=169125353284 avgNanos=471101262
zil-app  | 2026-05-05T00:12:57.116Z  INFO 1 --- [   scheduling-1] r.observability.ObservabilityService     : LAB9 Observability window=1m category=db.car.findAll count=359 sumNanos=169121066741 avgNanos=471089322
zil-app  | 2026-05-05T00:12:57.116Z  INFO 1 --- [   scheduling-1] r.observability.ObservabilityService     : LAB9 Observability window=1m category=web.StatsController.stats count=1 sumNanos=702117979 avgNanos=702117979
zil-app  | 2026-05-05T00:13:02.148Z  INFO 1 --- [   scheduling-1] r.observability.ObservabilityService     : LAB9 Observability window=10s category=web.RentController.getRents count=232 sumNanos=72666143363 avgNanos=313216135
zil-app  | 2026-05-05T00:13:02.149Z  INFO 1 --- [   scheduling-1] r.observability.ObservabilityService     : LAB9 Observability window=10s category=db.rent.findAll count=232 sumNanos=72665058507 avgNanos=313211459
zil-app  | 2026-05-05T00:13:02.149Z  INFO 1 --- [   scheduling-1] r.observability.ObservabilityService     : LAB9 Observability window=10s category=web.CarController.getCars count=230 sumNanos=63654847471 avgNanos=276760206
zil-app  | 2026-05-05T00:13:02.149Z  INFO 1 --- [   scheduling-1] r.observability.ObservabilityService     : LAB9 Observability window=10s category=db.car.findAll count=230 sumNanos=63653842967 avgNanos=276755838
zil-app  | 2026-05-05T00:13:02.149Z  INFO 1 --- [   scheduling-1] r.observability.ObservabilityService     : LAB9 Observability window=30s category=web.RentController.getRents count=476 sumNanos=235762815758 avgNanos=495300033
zil-app  | 2026-05-05T00:13:02.149Z  INFO 1 --- [   scheduling-1] r.observability.ObservabilityService     : LAB9 Observability window=30s category=db.rent.findAll count=476 sumNanos=235753287763 avgNanos=495280016
zil-app  | 2026-05-05T00:13:02.150Z  INFO 1 --- [   scheduling-1] r.observability.ObservabilityService     : LAB9 Observability window=30s category=web.CarController.getCars count=485 sumNanos=201671422765 avgNanos=415817366
zil-app  | 2026-05-05T00:13:02.223Z  INFO 1 --- [   scheduling-1] r.observability.ObservabilityService     : LAB9 Observability window=30s category=db.car.findAll count=485 sumNanos=201666869406 avgNanos=415807978
zil-app  | 2026-05-05T00:13:02.224Z  INFO 1 --- [   scheduling-1] r.observability.ObservabilityService     : LAB9 Observability window=1m category=web.ClientController.getClients count=1 sumNanos=759993745 avgNanos=759993745
zil-app  | 2026-05-05T00:13:02.225Z  INFO 1 --- [   scheduling-1] r.observability.ObservabilityService     : LAB9 Observability window=1m category=db.stats.countRents count=1 sumNanos=77232537 avgNanos=77232537
zil-app  | 2026-05-05T00:13:02.226Z  INFO 1 --- [   scheduling-1] r.observability.ObservabilityService     : LAB9 Observability window=1m category=web.RentController.getRents count=479 sumNanos=236515491620 avgNanos=493769293
zil-app  | 2026-05-05T00:13:02.244Z  INFO 1 --- [   scheduling-1] r.observability.ObservabilityService     : LAB9 Observability window=1m category=db.client.findAll count=1 sumNanos=759708475 avgNanos=759708475
zil-app  | 2026-05-05T00:13:02.244Z  INFO 1 --- [   scheduling-1] r.observability.ObservabilityService     : LAB9 Observability window=1m category=db.rent.findAll count=479 sumNanos=236505644510 avgNanos=493748735
zil-app  | 2026-05-05T00:13:02.244Z  INFO 1 --- [   scheduling-1] r.observability.ObservabilityService     : LAB9 Observability window=1m category=db.stats.countClients count=1 sumNanos=20143329 avgNanos=20143329
zil-app  | 2026-05-05T00:13:02.244Z  INFO 1 --- [   scheduling-1] r.observability.ObservabilityService     : LAB9 Observability window=1m category=db.stats.countCars count=1 sumNanos=603653144 avgNanos=603653144
zil-app  | 2026-05-05T00:13:02.245Z  INFO 1 --- [   scheduling-1] r.observability.ObservabilityService     : LAB9 Observability window=1m category=web.CarController.getCars count=488 sumNanos=202329012512 avgNanos=414608632
zil-app  | 2026-05-05T00:13:02.245Z  INFO 1 --- [   scheduling-1] r.observability.ObservabilityService     : LAB9 Observability window=1m category=db.car.findAll count=488 sumNanos=202324183898 avgNanos=414598737
zil-app  | 2026-05-05T00:13:02.245Z  INFO 1 --- [   scheduling-1] r.observability.ObservabilityService     : LAB9 Observability window=1m category=web.StatsController.stats count=1 sumNanos=702117979 avgNanos=702117979
zil-app  | 2026-05-05T00:13:07.316Z  INFO 1 --- [   scheduling-1] r.observability.ObservabilityService     : LAB9 Observability window=10s category=web.RentController.getRents count=266 sumNanos=64159093973 avgNanos=241199601
zil-app  | 2026-05-05T00:13:07.317Z  INFO 1 --- [   scheduling-1] r.observability.ObservabilityService     : LAB9 Observability window=10s category=db.rent.findAll count=266 sumNanos=64157852702 avgNanos=241194934
zil-app  | 2026-05-05T00:13:07.320Z  INFO 1 --- [   scheduling-1] r.observability.ObservabilityService     : LAB9 Observability window=10s category=web.CarController.getCars count=267 sumNanos=64477430145 avgNanos=241488502
zil-app  | 2026-05-05T00:13:07.323Z  INFO 1 --- [   scheduling-1] r.observability.ObservabilityService     : LAB9 Observability window=10s category=db.car.findAll count=267 sumNanos=64476110608 avgNanos=241483560
zil-app  | 2026-05-05T00:13:07.326Z  INFO 1 --- [   scheduling-1] r.observability.ObservabilityService     : LAB9 Observability window=30s category=web.RentController.getRents count=584 sumNanos=228948520325 avgNanos=392035137
zil-app  | 2026-05-05T00:13:07.326Z  INFO 1 --- [   scheduling-1] r.observability.ObservabilityService     : LAB9 Observability window=30s category=db.rent.findAll count=584 sumNanos=228944212761 avgNanos=392027761
zil-app  | 2026-05-05T00:13:07.326Z  INFO 1 --- [   scheduling-1] r.observability.ObservabilityService     : LAB9 Observability window=30s category=web.CarController.getCars count=585 sumNanos=202732596305 avgNanos=346551446
zil-app  | 2026-05-05T00:13:07.326Z  INFO 1 --- [   scheduling-1] r.observability.ObservabilityService     : LAB9 Observability window=30s category=db.car.findAll count=585 sumNanos=202729073442 avgNanos=346545424
zil-app  | 2026-05-05T00:13:07.327Z  INFO 1 --- [   scheduling-1] r.observability.ObservabilityService     : LAB9 Observability window=1m category=web.ClientController.getClients count=1 sumNanos=759993745 avgNanos=759993745
zil-app  | 2026-05-05T00:13:07.327Z  INFO 1 --- [   scheduling-1] r.observability.ObservabilityService     : LAB9 Observability window=1m category=db.stats.countRents count=1 sumNanos=77232537 avgNanos=77232537
zil-app  | 2026-05-05T00:13:07.327Z  INFO 1 --- [   scheduling-1] r.observability.ObservabilityService     : LAB9 Observability window=1m category=web.RentController.getRents count=622 sumNanos=268371613767 avgNanos=431465616
zil-app  | 2026-05-05T00:13:07.327Z  INFO 1 --- [   scheduling-1] r.observability.ObservabilityService     : LAB9 Observability window=1m category=db.client.findAll count=1 sumNanos=759708475 avgNanos=759708475
zil-app  | 2026-05-05T00:13:07.327Z  INFO 1 --- [   scheduling-1] r.observability.ObservabilityService     : LAB9 Observability window=1m category=db.rent.findAll count=622 sumNanos=268361081363 avgNanos=431448683
zil-app  | 2026-05-05T00:13:07.327Z  INFO 1 --- [   scheduling-1] r.observability.ObservabilityService     : LAB9 Observability window=1m category=db.stats.countClients count=1 sumNanos=20143329 avgNanos=20143329
zil-app  | 2026-05-05T00:13:07.327Z  INFO 1 --- [   scheduling-1] r.observability.ObservabilityService     : LAB9 Observability window=1m category=db.stats.countCars count=1 sumNanos=603653144 avgNanos=603653144
zil-app  | 2026-05-05T00:13:07.327Z  INFO 1 --- [   scheduling-1] r.observability.ObservabilityService     : LAB9 Observability window=1m category=web.CarController.getCars count=631 sumNanos=235343317401 avgNanos=372968807
zil-app  | 2026-05-05T00:13:07.327Z  INFO 1 --- [   scheduling-1] r.observability.ObservabilityService     : LAB9 Observability window=1m category=db.car.findAll count=631 sumNanos=235337692511 avgNanos=372959893
zil-app  | 2026-05-05T00:13:07.327Z  INFO 1 --- [   scheduling-1] r.observability.ObservabilityService     : LAB9 Observability window=1m category=web.StatsController.stats count=1 sumNanos=702117979 avgNanos=702117979
zil-app  | 2026-05-05T00:13:12.332Z  INFO 1 --- [   scheduling-1] r.observability.ObservabilityService     : LAB9 Observability window=10s category=web.RentController.getRents count=291 sumNanos=60758285821 avgNanos=208791360
zil-app  | 2026-05-05T00:13:12.345Z  INFO 1 --- [   scheduling-1] r.observability.ObservabilityService     : LAB9 Observability window=10s category=db.rent.findAll count=291 sumNanos=60752945207 avgNanos=208773007
zil-app  | 2026-05-05T00:13:12.349Z  INFO 1 --- [   scheduling-1] r.observability.ObservabilityService     : LAB9 Observability window=10s category=web.CarController.getCars count=294 sumNanos=60662178734 avgNanos=206333941
zil-app  | 2026-05-05T00:13:12.407Z  INFO 1 --- [   scheduling-1] r.observability.ObservabilityService     : LAB9 Observability window=10s category=db.car.findAll count=294 sumNanos=60660603079 avgNanos=206328581
zil-app  | 2026-05-05T00:13:12.408Z  INFO 1 --- [   scheduling-1] r.observability.ObservabilityService     : LAB9 Observability window=30s category=web.RentController.getRents count=687 sumNanos=216948919951 avgNanos=315791732
zil-app  | 2026-05-05T00:13:12.410Z  INFO 1 --- [   scheduling-1] r.observability.ObservabilityService     : LAB9 Observability window=30s category=db.rent.findAll count=687 sumNanos=216940693248 avgNanos=315779757
zil-app  | 2026-05-05T00:13:12.413Z  INFO 1 --- [   scheduling-1] r.observability.ObservabilityService     : LAB9 Observability window=30s category=web.CarController.getCars count=686 sumNanos=192771397226 avgNanos=281007867
zil-app  | 2026-05-05T00:13:12.421Z  INFO 1 --- [   scheduling-1] r.observability.ObservabilityService     : LAB9 Observability window=30s category=db.car.findAll count=686 sumNanos=192767681376 avgNanos=281002450
zil-app  | 2026-05-05T00:13:12.432Z  INFO 1 --- [   scheduling-1] r.observability.ObservabilityService     : LAB9 Observability window=1m category=web.ClientController.getClients count=1 sumNanos=759993745 avgNanos=759993745
zil-app  | 2026-05-05T00:13:12.432Z  INFO 1 --- [   scheduling-1] r.observability.ObservabilityService     : LAB9 Observability window=1m category=db.stats.countRents count=1 sumNanos=77232537 avgNanos=77232537
zil-app  | 2026-05-05T00:13:12.432Z  INFO 1 --- [   scheduling-1] r.observability.ObservabilityService     : LAB9 Observability window=1m category=web.RentController.getRents count=778 sumNanos=298989085721 avgNanos=384304737
zil-app  | 2026-05-05T00:13:12.432Z  INFO 1 --- [   scheduling-1] r.observability.ObservabilityService     : LAB9 Observability window=1m category=db.client.findAll count=1 sumNanos=759708475 avgNanos=759708475
zil-app  | 2026-05-05T00:13:12.432Z  INFO 1 --- [   scheduling-1] r.observability.ObservabilityService     : LAB9 Observability window=1m category=db.rent.findAll count=778 sumNanos=298973865025 avgNanos=384285173
zil-app  | 2026-05-05T00:13:12.432Z  INFO 1 --- [   scheduling-1] r.observability.ObservabilityService     : LAB9 Observability window=1m category=db.stats.countClients count=1 sumNanos=20143329 avgNanos=20143329
zil-app  | 2026-05-05T00:13:12.432Z  INFO 1 --- [   scheduling-1] r.observability.ObservabilityService     : LAB9 Observability window=1m category=db.stats.countCars count=1 sumNanos=603653144 avgNanos=603653144
zil-app  | 2026-05-05T00:13:12.432Z  INFO 1 --- [   scheduling-1] r.observability.ObservabilityService     : LAB9 Observability window=1m category=web.CarController.getCars count=789 sumNanos=264495746467 avgNanos=335229082
zil-app  | 2026-05-05T00:13:12.432Z  INFO 1 --- [   scheduling-1] r.observability.ObservabilityService     : LAB9 Observability window=1m category=db.car.findAll count=789 sumNanos=264489316469 avgNanos=335220933
zil-app  | 2026-05-05T00:13:12.432Z  INFO 1 --- [   scheduling-1] r.observability.ObservabilityService     : LAB9 Observability window=1m category=web.StatsController.stats count=1 sumNanos=702117979 avgNanos=702117979
zil-app  | 2026-05-05T00:13:17.439Z  INFO 1 --- [   scheduling-1] r.observability.ObservabilityService     : LAB9 Observability window=10s category=web.RentController.getRents count=325 sumNanos=60323870495 avgNanos=185611909
zil-app  | 2026-05-05T00:13:17.507Z  INFO 1 --- [   scheduling-1] r.observability.ObservabilityService     : LAB9 Observability window=10s category=db.rent.findAll count=326 sumNanos=60429084319 avgNanos=185365289
zil-app  | 2026-05-05T00:13:17.507Z  INFO 1 --- [   scheduling-1] r.observability.ObservabilityService     : LAB9 Observability window=10s category=web.CarController.getCars count=327 sumNanos=57797359068 avgNanos=176750333
zil-app  | 2026-05-05T00:13:17.508Z  INFO 1 --- [   scheduling-1] r.observability.ObservabilityService     : LAB9 Observability window=10s category=db.car.findAll count=327 sumNanos=57794987287 avgNanos=176743080
zil-app  | 2026-05-05T00:13:17.508Z  INFO 1 --- [   scheduling-1] r.observability.ObservabilityService     : LAB9 Observability window=30s category=web.RentController.getRents count=790 sumNanos=204679931126 avgNanos=259088520
zil-app  | 2026-05-05T00:13:17.508Z  INFO 1 --- [   scheduling-1] r.observability.ObservabilityService     : LAB9 Observability window=30s category=db.rent.findAll count=791 sumNanos=204782203035 avgNanos=258890269
zil-app  | 2026-05-05T00:13:17.508Z  INFO 1 --- [   scheduling-1] r.observability.ObservabilityService     : LAB9 Observability window=30s category=web.CarController.getCars count=788 sumNanos=186308279240 avgNanos=236431826
zil-app  | 2026-05-05T00:13:17.508Z  INFO 1 --- [   scheduling-1] r.observability.ObservabilityService     : LAB9 Observability window=30s category=db.car.findAll count=788 sumNanos=186303630357 avgNanos=236425926
zil-app  | 2026-05-05T00:13:17.513Z  INFO 1 --- [   scheduling-1] r.observability.ObservabilityService     : LAB9 Observability window=1m category=web.ClientController.getClients count=1 sumNanos=759993745 avgNanos=759993745
zil-app  | 2026-05-05T00:13:17.513Z  INFO 1 --- [   scheduling-1] r.observability.ObservabilityService     : LAB9 Observability window=1m category=db.stats.countRents count=1 sumNanos=77232537 avgNanos=77232537
zil-app  | 2026-05-05T00:13:17.513Z  INFO 1 --- [   scheduling-1] r.observability.ObservabilityService     : LAB9 Observability window=1m category=web.RentController.getRents count=953 sumNanos=330004452615 avgNanos=346279593
zil-app  | 2026-05-05T00:13:17.514Z  INFO 1 --- [   scheduling-1] r.observability.ObservabilityService     : LAB9 Observability window=1m category=db.client.findAll count=1 sumNanos=759708475 avgNanos=759708475
zil-app  | 2026-05-05T00:13:17.514Z  INFO 1 --- [   scheduling-1] r.observability.ObservabilityService     : LAB9 Observability window=1m category=db.rent.findAll count=954 sumNanos=330099090353 avgNanos=346015817
zil-app  | 2026-05-05T00:13:17.514Z  INFO 1 --- [   scheduling-1] r.observability.ObservabilityService     : LAB9 Observability window=1m category=db.stats.countClients count=1 sumNanos=20143329 avgNanos=20143329
zil-app  | 2026-05-05T00:13:17.514Z  INFO 1 --- [   scheduling-1] r.observability.ObservabilityService     : LAB9 Observability window=1m category=db.stats.countCars count=1 sumNanos=603653144 avgNanos=603653144
zil-app  | 2026-05-05T00:13:17.515Z  INFO 1 --- [   scheduling-1] r.observability.ObservabilityService     : LAB9 Observability window=1m category=web.CarController.getCars count=959 sumNanos=293259722795 avgNanos=305797416
zil-app  | 2026-05-05T00:13:17.516Z  INFO 1 --- [   scheduling-1] r.observability.ObservabilityService     : LAB9 Observability window=1m category=db.car.findAll count=959 sumNanos=293251721330 avgNanos=305789073
zil-app  | 2026-05-05T00:13:17.517Z  INFO 1 --- [   scheduling-1] r.observability.ObservabilityService     : LAB9 Observability window=1m category=web.StatsController.stats count=1 sumNanos=702117979 avgNanos=702117979
zil-app  | 2026-05-05T00:13:22.530Z  INFO 1 --- [   scheduling-1] r.observability.ObservabilityService     : LAB9 Observability window=10s category=web.RentController.getRents count=342 sumNanos=61946809168 avgNanos=181131020
zil-app  | 2026-05-05T00:13:22.530Z  INFO 1 --- [   scheduling-1] r.observability.ObservabilityService     : LAB9 Observability window=10s category=db.rent.findAll count=342 sumNanos=61944678215 avgNanos=181124790
zil-app  | 2026-05-05T00:13:22.530Z  INFO 1 --- [   scheduling-1] r.observability.ObservabilityService     : LAB9 Observability window=10s category=web.CarController.getCars count=344 sumNanos=60517058595 avgNanos=175921681
zil-app  | 2026-05-05T00:13:22.530Z  INFO 1 --- [   scheduling-1] r.observability.ObservabilityService     : LAB9 Observability window=10s category=db.car.findAll count=344 sumNanos=60514760123 avgNanos=175915000
zil-app  | 2026-05-05T00:13:22.531Z  INFO 1 --- [   scheduling-1] r.observability.ObservabilityService     : LAB9 Observability window=30s category=web.RentController.getRents count=873 sumNanos=196056542273 avgNanos=224577940
zil-app  | 2026-05-05T00:13:22.531Z  INFO 1 --- [   scheduling-1] r.observability.ObservabilityService     : LAB9 Observability window=30s category=db.rent.findAll count=873 sumNanos=196047951297 avgNanos=224568099
zil-app  | 2026-05-05T00:13:22.531Z  INFO 1 --- [   scheduling-1] r.observability.ObservabilityService     : LAB9 Observability window=30s category=web.CarController.getCars count=870 sumNanos=184132341905 avgNanos=211646370
zil-app  | 2026-05-05T00:13:22.531Z  INFO 1 --- [   scheduling-1] r.observability.ObservabilityService     : LAB9 Observability window=30s category=db.car.findAll count=870 sumNanos=184127455453 avgNanos=211640753
zil-app  | 2026-05-05T00:13:22.532Z  INFO 1 --- [   scheduling-1] r.observability.ObservabilityService     : LAB9 Observability window=1m category=web.ClientController.getClients count=1 sumNanos=759993745 avgNanos=759993745
zil-app  | 2026-05-05T00:13:22.532Z  INFO 1 --- [   scheduling-1] r.observability.ObservabilityService     : LAB9 Observability window=1m category=db.stats.countRents count=1 sumNanos=77232537 avgNanos=77232537
zil-app  | 2026-05-05T00:13:22.532Z  INFO 1 --- [   scheduling-1] r.observability.ObservabilityService     : LAB9 Observability window=1m category=web.RentController.getRents count=1124 sumNanos=361714280755 avgNanos=321809858
zil-app  | 2026-05-05T00:13:22.532Z  INFO 1 --- [   scheduling-1] r.observability.ObservabilityService     : LAB9 Observability window=1m category=db.client.findAll count=1 sumNanos=759708475 avgNanos=759708475
zil-app  | 2026-05-05T00:13:22.532Z  INFO 1 --- [   scheduling-1] r.observability.ObservabilityService     : LAB9 Observability window=1m category=db.rent.findAll count=1124 sumNanos=361696911273 avgNanos=321794405
zil-app  | 2026-05-05T00:13:22.532Z  INFO 1 --- [   scheduling-1] r.observability.ObservabilityService     : LAB9 Observability window=1m category=db.stats.countClients count=1 sumNanos=20143329 avgNanos=20143329
zil-app  | 2026-05-05T00:13:22.532Z  INFO 1 --- [   scheduling-1] r.observability.ObservabilityService     : LAB9 Observability window=1m category=db.stats.countCars count=1 sumNanos=603653144 avgNanos=603653144
zil-app  | 2026-05-05T00:13:22.532Z  INFO 1 --- [   scheduling-1] r.observability.ObservabilityService     : LAB9 Observability window=1m category=web.CarController.getCars count=1134 sumNanos=325094839404 avgNanos=286679752
zil-app  | 2026-05-05T00:13:22.533Z  INFO 1 --- [   scheduling-1] r.observability.ObservabilityService     : LAB9 Observability window=1m category=db.car.findAll count=1134 sumNanos=325086106480 avgNanos=286672051
zil-app  | 2026-05-05T00:13:22.533Z  INFO 1 --- [   scheduling-1] r.observability.ObservabilityService     : LAB9 Observability window=1m category=web.StatsController.stats count=1 sumNanos=702117979 avgNanos=702117979
zil-app  | 2026-05-05T00:13:27.549Z  INFO 1 --- [   scheduling-1] r.observability.ObservabilityService     : LAB9 Observability window=10s category=web.RentController.getRents count=338 sumNanos=63446268009 avgNanos=187710852
zil-app  | 2026-05-05T00:13:27.549Z  INFO 1 --- [   scheduling-1] r.observability.ObservabilityService     : LAB9 Observability window=10s category=db.rent.findAll count=338 sumNanos=63441009437 avgNanos=187695294
zil-app  | 2026-05-05T00:13:27.549Z  INFO 1 --- [   scheduling-1] r.observability.ObservabilityService     : LAB9 Observability window=10s category=web.CarController.getCars count=342 sumNanos=62346502324 avgNanos=182299714
zil-app  | 2026-05-05T00:13:27.549Z  INFO 1 --- [   scheduling-1] r.observability.ObservabilityService     : LAB9 Observability window=10s category=db.car.findAll count=342 sumNanos=62328587899 avgNanos=182247333
zil-app  | 2026-05-05T00:13:27.568Z  INFO 1 --- [   scheduling-1] r.observability.ObservabilityService     : LAB9 Observability window=30s category=web.RentController.getRents count=935 sumNanos=188779342822 avgNanos=201903040
zil-app  | 2026-05-05T00:13:27.640Z  INFO 1 --- [   scheduling-1] r.observability.ObservabilityService     : LAB9 Observability window=30s category=db.rent.findAll count=935 sumNanos=188767198294 avgNanos=201890051
zil-app  | 2026-05-05T00:13:27.640Z  INFO 1 --- [   scheduling-1] r.observability.ObservabilityService     : LAB9 Observability window=30s category=web.CarController.getCars count=931 sumNanos=183300938207 avgNanos=196886077
zil-app  | 2026-05-05T00:13:27.641Z  INFO 1 --- [   scheduling-1] r.observability.ObservabilityService     : LAB9 Observability window=30s category=db.car.findAll count=931 sumNanos=183279354344 avgNanos=196862894
zil-app  | 2026-05-05T00:13:27.642Z  INFO 1 --- [   scheduling-1] r.observability.ObservabilityService     : LAB9 Observability window=1m category=web.ClientController.getClients count=1 sumNanos=759993745 avgNanos=759993745
zil-app  | 2026-05-05T00:13:27.644Z  INFO 1 --- [   scheduling-1] r.observability.ObservabilityService     : LAB9 Observability window=1m category=db.stats.countRents count=1 sumNanos=77232537 avgNanos=77232537
zil-app  | 2026-05-05T00:13:27.644Z  INFO 1 --- [   scheduling-1] r.observability.ObservabilityService     : LAB9 Observability window=1m category=web.RentController.getRents count=1298 sumNanos=394810278748 avgNanos=304168165
zil-app  | 2026-05-05T00:13:27.644Z  INFO 1 --- [   scheduling-1] r.observability.ObservabilityService     : LAB9 Observability window=1m category=db.client.findAll count=1 sumNanos=759708475 avgNanos=759708475
zil-app  | 2026-05-05T00:13:27.645Z  INFO 1 --- [   scheduling-1] r.observability.ObservabilityService     : LAB9 Observability window=1m category=db.rent.findAll count=1298 sumNanos=394788813034 avgNanos=304151627
zil-app  | 2026-05-05T00:13:27.645Z  INFO 1 --- [   scheduling-1] r.observability.ObservabilityService     : LAB9 Observability window=1m category=db.stats.countClients count=1 sumNanos=20143329 avgNanos=20143329
zil-app  | 2026-05-05T00:13:27.646Z  INFO 1 --- [   scheduling-1] r.observability.ObservabilityService     : LAB9 Observability window=1m category=db.stats.countCars count=1 sumNanos=603653144 avgNanos=603653144
zil-app  | 2026-05-05T00:13:27.646Z  INFO 1 --- [   scheduling-1] r.observability.ObservabilityService     : LAB9 Observability window=1m category=web.CarController.getCars count=1306 sumNanos=356638887181 avgNanos=273077248
zil-app  | 2026-05-05T00:13:27.650Z  INFO 1 --- [   scheduling-1] r.observability.ObservabilityService     : LAB9 Observability window=1m category=db.car.findAll count=1306 sumNanos=356612951748 avgNanos=273057390
zil-app  | 2026-05-05T00:13:27.650Z  INFO 1 --- [   scheduling-1] r.observability.ObservabilityService     : LAB9 Observability window=1m category=web.StatsController.stats count=1 sumNanos=702117979 avgNanos=702117979
zil-app  | 2026-05-05T00:13:32.716Z  INFO 1 --- [   scheduling-1] r.observability.ObservabilityService     : LAB9 Observability window=10s category=web.RentController.getRents count=350 sumNanos=66464459848 avgNanos=189898456
zil-app  | 2026-05-05T00:13:32.722Z  INFO 1 --- [   scheduling-1] r.observability.ObservabilityService     : LAB9 Observability window=10s category=db.rent.findAll count=350 sumNanos=66457816405 avgNanos=189879475
zil-app  | 2026-05-05T00:13:32.743Z  INFO 1 --- [   scheduling-1] r.observability.ObservabilityService     : LAB9 Observability window=10s category=web.CarController.getCars count=343 sumNanos=61978977679 avgNanos=180696727
zil-app  | 2026-05-05T00:13:32.743Z  INFO 1 --- [   scheduling-1] r.observability.ObservabilityService     : LAB9 Observability window=10s category=db.car.findAll count=343 sumNanos=61960386154 avgNanos=180642525
zil-app  | 2026-05-05T00:13:32.744Z  INFO 1 --- [   scheduling-1] r.observability.ObservabilityService     : LAB9 Observability window=30s category=web.RentController.getRents count=987 sumNanos=189736230409 avgNanos=192235289
zil-app  | 2026-05-05T00:13:32.744Z  INFO 1 --- [   scheduling-1] r.observability.ObservabilityService     : LAB9 Observability window=30s category=db.rent.findAll count=987 sumNanos=189719578671 avgNanos=192218418
zil-app  | 2026-05-05T00:13:32.744Z  INFO 1 --- [   scheduling-1] r.observability.ObservabilityService     : LAB9 Observability window=30s category=web.CarController.getCars count=988 sumNanos=184006922354 avgNanos=186241824
zil-app  | 2026-05-05T00:13:32.744Z  INFO 1 --- [   scheduling-1] r.observability.ObservabilityService     : LAB9 Observability window=30s category=db.car.findAll count=988 sumNanos=183984443944 avgNanos=186219072
zil-app  | 2026-05-05T00:13:32.810Z  INFO 1 --- [   scheduling-1] r.observability.ObservabilityService     : LAB9 Observability window=1m category=web.RentController.getRents count=1479 sumNanos=429259905971 avgNanos=290236582
zil-app  | 2026-05-05T00:13:32.820Z  INFO 1 --- [   scheduling-1] r.observability.ObservabilityService     : LAB9 Observability window=1m category=db.rent.findAll count=1479 sumNanos=429233657048 avgNanos=290218835
zil-app  | 2026-05-05T00:13:32.821Z  INFO 1 --- [   scheduling-1] r.observability.ObservabilityService     : LAB9 Observability window=1m category=web.CarController.getCars count=1480 sumNanos=385728916308 avgNanos=260627646
zil-app  | 2026-05-05T00:13:32.821Z  INFO 1 --- [   scheduling-1] r.observability.ObservabilityService     : LAB9 Observability window=1m category=db.car.findAll count=1480 sumNanos=385701925159 avgNanos=260609408
zil-app  | 2026-05-05T00:13:37.830Z  INFO 1 --- [   scheduling-1] r.observability.ObservabilityService     : LAB9 Observability window=10s category=web.RentController.getRents count=363 sumNanos=66068751435 avgNanos=182007579
zil-app  | 2026-05-05T00:13:37.830Z  INFO 1 --- [   scheduling-1] r.observability.ObservabilityService     : LAB9 Observability window=10s category=db.rent.findAll count=363 sumNanos=66060151144 avgNanos=181983887
zil-app  | 2026-05-05T00:13:37.830Z  INFO 1 --- [   scheduling-1] r.observability.ObservabilityService     : LAB9 Observability window=10s category=web.CarController.getCars count=368 sumNanos=64043175454 avgNanos=174030368
zil-app  | 2026-05-05T00:13:37.830Z  INFO 1 --- [   scheduling-1] r.observability.ObservabilityService     : LAB9 Observability window=10s category=db.car.findAll count=368 sumNanos=64040611035 avgNanos=174023399
zil-app  | 2026-05-05T00:13:37.831Z  INFO 1 --- [   scheduling-1] r.observability.ObservabilityService     : LAB9 Observability window=30s category=web.RentController.getRents count=1036 sumNanos=191531305958 avgNanos=184875777
zil-app  | 2026-05-05T00:13:37.850Z  INFO 1 --- [   scheduling-1] r.observability.ObservabilityService     : LAB9 Observability window=30s category=db.rent.findAll count=1036 sumNanos=191511802232 avgNanos=184856951
zil-app  | 2026-05-05T00:13:37.851Z  INFO 1 --- [   scheduling-1] r.observability.ObservabilityService     : LAB9 Observability window=30s category=web.CarController.getCars count=1033 sumNanos=183909021634 avgNanos=178033902
zil-app  | 2026-05-05T00:13:37.858Z  INFO 1 --- [   scheduling-1] r.observability.ObservabilityService     : LAB9 Observability window=30s category=db.car.findAll count=1033 sumNanos=183886237994 avgNanos=178011847
zil-app  | 2026-05-05T00:13:37.858Z  INFO 1 --- [   scheduling-1] r.observability.ObservabilityService     : LAB9 Observability window=1m category=web.RentController.getRents count=1630 sumNanos=420224815185 avgNanos=257806635
zil-app  | 2026-05-05T00:13:37.862Z  INFO 1 --- [   scheduling-1] r.observability.ObservabilityService     : LAB9 Observability window=1m category=db.rent.findAll count=1630 sumNanos=420201062936 avgNanos=257792063
zil-app  | 2026-05-05T00:13:37.862Z  INFO 1 --- [   scheduling-1] r.observability.ObservabilityService     : LAB9 Observability window=1m category=web.CarController.getCars count=1627 sumNanos=383317365710 avgNanos=235597643
zil-app  | 2026-05-05T00:13:37.862Z  INFO 1 --- [   scheduling-1] r.observability.ObservabilityService     : LAB9 Observability window=1m category=db.car.findAll count=1627 sumNanos=383291037727 avgNanos=235581461
zil-app  | 2026-05-05T00:13:42.912Z  INFO 1 --- [   scheduling-1] r.observability.ObservabilityService     : LAB9 Observability window=10s category=web.RentController.getRents count=378 sumNanos=63228107721 avgNanos=167270126
zil-app  | 2026-05-05T00:13:42.919Z  INFO 1 --- [   scheduling-1] r.observability.ObservabilityService     : LAB9 Observability window=10s category=db.rent.findAll count=378 sumNanos=63223360557 avgNanos=167257567
zil-app  | 2026-05-05T00:13:42.926Z  INFO 1 --- [   scheduling-1] r.observability.ObservabilityService     : LAB9 Observability window=10s category=web.CarController.getCars count=379 sumNanos=62322912398 avgNanos=164440402
zil-app  | 2026-05-05T00:13:42.926Z  INFO 1 --- [   scheduling-1] r.observability.ObservabilityService     : LAB9 Observability window=10s category=db.car.findAll count=379 sumNanos=62320058209 avgNanos=164432871
zil-app  | 2026-05-05T00:13:42.926Z  INFO 1 --- [   scheduling-1] r.observability.ObservabilityService     : LAB9 Observability window=30s category=web.RentController.getRents count=1070 sumNanos=191921147139 avgNanos=179365558
zil-app  | 2026-05-05T00:13:42.926Z  INFO 1 --- [   scheduling-1] r.observability.ObservabilityService     : LAB9 Observability window=30s category=db.rent.findAll count=1070 sumNanos=191905101376 avgNanos=179350562
zil-app  | 2026-05-05T00:13:42.926Z  INFO 1 --- [   scheduling-1] r.observability.ObservabilityService     : LAB9 Observability window=30s category=web.CarController.getCars count=1067 sumNanos=185235668044 avgNanos=173604187
zil-app  | 2026-05-05T00:13:42.926Z  INFO 1 --- [   scheduling-1] r.observability.ObservabilityService     : LAB9 Observability window=30s category=db.car.findAll count=1067 sumNanos=185211967438 avgNanos=173581975
zil-app  | 2026-05-05T00:13:42.927Z  INFO 1 --- [   scheduling-1] r.observability.ObservabilityService     : LAB9 Observability window=1m category=web.RentController.getRents count=1768 sumNanos=406969991887 avgNanos=230186646
zil-app  | 2026-05-05T00:13:42.927Z  INFO 1 --- [   scheduling-1] r.observability.ObservabilityService     : LAB9 Observability window=1m category=db.rent.findAll count=1768 sumNanos=406945725991 avgNanos=230172921
zil-app  | 2026-05-05T00:13:42.927Z  INFO 1 --- [   scheduling-1] r.observability.ObservabilityService     : LAB9 Observability window=1m category=web.CarController.getCars count=1765 sumNanos=378068543326 avgNanos=214203140
zil-app  | 2026-05-05T00:13:42.927Z  INFO 1 --- [   scheduling-1] r.observability.ObservabilityService     : LAB9 Observability window=1m category=db.car.findAll count=1765 sumNanos=378041088293 avgNanos=214187585
zil-app  | 2026-05-05T00:13:47.931Z  INFO 1 --- [   scheduling-1] r.observability.ObservabilityService     : LAB9 Observability window=10s category=web.RentController.getRents count=387 sumNanos=65550125395 avgNanos=169380168
zil-app  | 2026-05-05T00:13:47.934Z  INFO 1 --- [   scheduling-1] r.observability.ObservabilityService     : LAB9 Observability window=10s category=db.rent.findAll count=387 sumNanos=65547631213 avgNanos=169373724
zil-app  | 2026-05-05T00:13:47.940Z  INFO 1 --- [   scheduling-1] r.observability.ObservabilityService     : LAB9 Observability window=10s category=web.CarController.getCars count=392 sumNanos=63621585482 avgNanos=162299962
zil-app  | 2026-05-05T00:13:47.951Z  INFO 1 --- [   scheduling-1] r.observability.ObservabilityService     : LAB9 Observability window=10s category=db.car.findAll count=392 sumNanos=63618233559 avgNanos=162291412
zil-app  | 2026-05-05T00:13:47.951Z  INFO 1 --- [   scheduling-1] r.observability.ObservabilityService     : LAB9 Observability window=30s category=web.RentController.getRents count=1094 sumNanos=196746959653 avgNanos=179841827
zil-app  | 2026-05-05T00:13:47.951Z  INFO 1 --- [   scheduling-1] r.observability.ObservabilityService     : LAB9 Observability window=30s category=db.rent.findAll count=1094 sumNanos=196730595132 avgNanos=179826869
zil-app  | 2026-05-05T00:13:47.951Z  INFO 1 --- [   scheduling-1] r.observability.ObservabilityService     : LAB9 Observability window=30s category=web.CarController.getCars count=1101 sumNanos=190053014893 avgNanos=172618542
zil-app  | 2026-05-05T00:13:47.951Z  INFO 1 --- [   scheduling-1] r.observability.ObservabilityService     : LAB9 Observability window=30s category=db.car.findAll count=1101 sumNanos=190029187181 avgNanos=172596900
zil-app  | 2026-05-05T00:13:47.951Z  INFO 1 --- [   scheduling-1] r.observability.ObservabilityService     : LAB9 Observability window=1m category=web.RentController.getRents count=1894 sumNanos=399113441731 avgNanos=210725154
zil-app  | 2026-05-05T00:13:47.951Z  INFO 1 --- [   scheduling-1] r.observability.ObservabilityService     : LAB9 Observability window=1m category=db.rent.findAll count=1894 sumNanos=399088493280 avgNanos=210711981
zil-app  | 2026-05-05T00:13:47.951Z  INFO 1 --- [   scheduling-1] r.observability.ObservabilityService     : LAB9 Observability window=1m category=web.CarController.getCars count=1895 sumNanos=374768773733 avgNanos=197767162
zil-app  | 2026-05-05T00:13:47.952Z  INFO 1 --- [   scheduling-1] r.observability.ObservabilityService     : LAB9 Observability window=1m category=db.car.findAll count=1895 sumNanos=374740302436 avgNanos=197752138
zil-app  | 2026-05-05T00:13:53.034Z  INFO 1 --- [   scheduling-1] r.observability.ObservabilityService     : LAB9 Observability window=10s category=web.RentController.getRents count=421 sumNanos=68177259935 avgNanos=161941235
zil-app  | 2026-05-05T00:13:53.036Z  INFO 1 --- [   scheduling-1] r.observability.ObservabilityService     : LAB9 Observability window=10s category=db.rent.findAll count=421 sumNanos=68174608744 avgNanos=161934937
zil-app  | 2026-05-05T00:13:53.036Z  INFO 1 --- [   scheduling-1] r.observability.ObservabilityService     : LAB9 Observability window=10s category=web.CarController.getCars count=419 sumNanos=64831789883 avgNanos=154729808
zil-app  | 2026-05-05T00:13:53.038Z  INFO 1 --- [   scheduling-1] r.observability.ObservabilityService     : LAB9 Observability window=10s category=db.car.findAll count=419 sumNanos=64829420014 avgNanos=154724152
zil-app  | 2026-05-05T00:13:53.039Z  INFO 1 --- [   scheduling-1] r.observability.ObservabilityService     : LAB9 Observability window=30s category=web.RentController.getRents count=1146 sumNanos=196605923517 avgNanos=171558397
zil-app  | 2026-05-05T00:13:53.039Z  INFO 1 --- [   scheduling-1] r.observability.ObservabilityService     : LAB9 Observability window=30s category=db.rent.findAll count=1146 sumNanos=196591910787 avgNanos=171546169
zil-app  | 2026-05-05T00:13:53.041Z  INFO 1 --- [   scheduling-1] r.observability.ObservabilityService     : LAB9 Observability window=30s category=web.CarController.getCars count=1151 sumNanos=190602734627 avgNanos=165597510
zil-app  | 2026-05-05T00:13:53.041Z  INFO 1 --- [   scheduling-1] r.observability.ObservabilityService     : LAB9 Observability window=30s category=db.car.findAll count=1151 sumNanos=190578884757 avgNanos=165576789
zil-app  | 2026-05-05T00:13:53.042Z  INFO 1 --- [   scheduling-1] r.observability.ObservabilityService     : LAB9 Observability window=1m category=web.RentController.getRents count=2021 sumNanos=390417857764 avgNanos=193180533
zil-app  | 2026-05-05T00:13:53.043Z  INFO 1 --- [   scheduling-1] r.observability.ObservabilityService     : LAB9 Observability window=1m category=db.rent.findAll count=2021 sumNanos=390392703722 avgNanos=193168086
zil-app  | 2026-05-05T00:13:53.043Z  INFO 1 --- [   scheduling-1] r.observability.ObservabilityService     : LAB9 Observability window=1m category=web.CarController.getCars count=2023 sumNanos=374605379639 avgNanos=185173198
zil-app  | 2026-05-05T00:13:53.043Z  INFO 1 --- [   scheduling-1] r.observability.ObservabilityService     : LAB9 Observability window=1m category=db.car.findAll count=2023 sumNanos=374576641193 avgNanos=185158992
zil-app  | 2026-05-05T00:13:58.045Z  INFO 1 --- [   scheduling-1] r.observability.ObservabilityService     : LAB9 Observability window=10s category=web.RentController.getRents count=438 sumNanos=65869604289 avgNanos=150387224
zil-app  | 2026-05-05T00:13:58.045Z  INFO 1 --- [   scheduling-1] r.observability.ObservabilityService     : LAB9 Observability window=10s category=db.rent.findAll count=438 sumNanos=65867668570 avgNanos=150382804
zil-app  | 2026-05-05T00:13:58.045Z  INFO 1 --- [   scheduling-1] r.observability.ObservabilityService     : LAB9 Observability window=10s category=web.CarController.getCars count=437 sumNanos=65621143737 avgNanos=150162800
zil-app  | 2026-05-05T00:13:58.045Z  INFO 1 --- [   scheduling-1] r.observability.ObservabilityService     : LAB9 Observability window=10s category=db.car.findAll count=437 sumNanos=65619281181 avgNanos=150158538
zil-app  | 2026-05-05T00:13:58.046Z  INFO 1 --- [   scheduling-1] r.observability.ObservabilityService     : LAB9 Observability window=30s category=web.RentController.getRents count=1195 sumNanos=198895484450 avgNanos=166439735
zil-app  | 2026-05-05T00:13:58.046Z  INFO 1 --- [   scheduling-1] r.observability.ObservabilityService     : LAB9 Observability window=30s category=db.rent.findAll count=1195 sumNanos=198882442376 avgNanos=166428822
zil-app  | 2026-05-05T00:13:58.046Z  INFO 1 --- [   scheduling-1] r.observability.ObservabilityService     : LAB9 Observability window=30s category=web.CarController.getCars count=1192 sumNanos=192477329860 avgNanos=161474270
zil-app  | 2026-05-05T00:13:58.046Z  INFO 1 --- [   scheduling-1] r.observability.ObservabilityService     : LAB9 Observability window=30s category=db.car.findAll count=1192 sumNanos=192469570858 avgNanos=161467760
zil-app  | 2026-05-05T00:13:58.047Z  INFO 1 --- [   scheduling-1] r.observability.ObservabilityService     : LAB9 Observability window=1m category=web.RentController.getRents count=2131 sumNanos=385784437720 avgNanos=181034461
zil-app  | 2026-05-05T00:13:58.047Z  INFO 1 --- [   scheduling-1] r.observability.ObservabilityService     : LAB9 Observability window=1m category=db.rent.findAll count=2131 sumNanos=385759237757 avgNanos=181022636
zil-app  | 2026-05-05T00:13:58.047Z  INFO 1 --- [   scheduling-1] r.observability.ObservabilityService     : LAB9 Observability window=1m category=web.CarController.getCars count=2133 sumNanos=377162385052 avgNanos=176822496
zil-app  | 2026-05-05T00:13:58.047Z  INFO 1 --- [   scheduling-1] r.observability.ObservabilityService     : LAB9 Observability window=1m category=db.car.findAll count=2133 sumNanos=377133013112 avgNanos=176808726
zil-app  | 2026-05-05T00:14:03.059Z  INFO 1 --- [   scheduling-1] r.observability.ObservabilityService     : LAB9 Observability window=10s category=web.RentController.getRents count=417 sumNanos=68030604099 avgNanos=163142935
zil-app  | 2026-05-05T00:14:03.059Z  INFO 1 --- [   scheduling-1] r.observability.ObservabilityService     : LAB9 Observability window=10s category=db.rent.findAll count=417 sumNanos=68025745772 avgNanos=163131284
zil-app  | 2026-05-05T00:14:03.059Z  INFO 1 --- [   scheduling-1] r.observability.ObservabilityService     : LAB9 Observability window=10s category=web.CarController.getCars count=416 sumNanos=67917199135 avgNanos=163262497
zil-app  | 2026-05-05T00:14:03.059Z  INFO 1 --- [   scheduling-1] r.observability.ObservabilityService     : LAB9 Observability window=10s category=db.car.findAll count=416 sumNanos=67915585562 avgNanos=163258619
zil-app  | 2026-05-05T00:14:03.060Z  INFO 1 --- [   scheduling-1] r.observability.ObservabilityService     : LAB9 Observability window=30s category=web.RentController.getRents count=1211 sumNanos=198811367886 avgNanos=164171236
zil-app  | 2026-05-05T00:14:03.060Z  INFO 1 --- [   scheduling-1] r.observability.ObservabilityService     : LAB9 Observability window=30s category=db.rent.findAll count=1211 sumNanos=198799148787 avgNanos=164161146
zil-app  | 2026-05-05T00:14:03.060Z  INFO 1 --- [   scheduling-1] r.observability.ObservabilityService     : LAB9 Observability window=30s category=web.CarController.getCars count=1211 sumNanos=194377101300 avgNanos=160509579
zil-app  | 2026-05-05T00:14:03.060Z  INFO 1 --- [   scheduling-1] r.observability.ObservabilityService     : LAB9 Observability window=30s category=db.car.findAll count=1211 sumNanos=194370272986 avgNanos=160503941
zil-app  | 2026-05-05T00:14:03.060Z  INFO 1 --- [   scheduling-1] r.observability.ObservabilityService     : LAB9 Observability window=1m category=web.RentController.getRents count=2200 sumNanos=388084292662 avgNanos=176401951
zil-app  | 2026-05-05T00:14:03.060Z  INFO 1 --- [   scheduling-1] r.observability.ObservabilityService     : LAB9 Observability window=1m category=db.rent.findAll count=2200 sumNanos=388055393527 avgNanos=176388815
zil-app  | 2026-05-05T00:14:03.060Z  INFO 1 --- [   scheduling-1] r.observability.ObservabilityService     : LAB9 Observability window=1m category=web.CarController.getCars count=2198 sumNanos=377650889196 avgNanos=171815691
zil-app  | 2026-05-05T00:14:03.060Z  INFO 1 --- [   scheduling-1] r.observability.ObservabilityService     : LAB9 Observability window=1m category=db.car.findAll count=2198 sumNanos=377621603603 avgNanos=171802367
zil-app  | 2026-05-05T00:14:08.061Z  INFO 1 --- [   scheduling-1] r.observability.ObservabilityService     : LAB9 Observability window=10s category=web.RentController.getRents count=386 sumNanos=66151381267 avgNanos=171376635
zil-app  | 2026-05-05T00:14:08.061Z  INFO 1 --- [   scheduling-1] r.observability.ObservabilityService     : LAB9 Observability window=10s category=db.rent.findAll count=386 sumNanos=66141989030 avgNanos=171352303
zil-app  | 2026-05-05T00:14:08.061Z  INFO 1 --- [   scheduling-1] r.observability.ObservabilityService     : LAB9 Observability window=10s category=web.CarController.getCars count=386 sumNanos=63966481611 avgNanos=165716273
zil-app  | 2026-05-05T00:14:08.062Z  INFO 1 --- [   scheduling-1] r.observability.ObservabilityService     : LAB9 Observability window=10s category=db.car.findAll count=386 sumNanos=63965607832 avgNanos=165714009
zil-app  | 2026-05-05T00:14:08.063Z  INFO 1 --- [   scheduling-1] r.observability.ObservabilityService     : LAB9 Observability window=30s category=web.RentController.getRents count=1212 sumNanos=198260936929 avgNanos=163581631
zil-app  | 2026-05-05T00:14:08.063Z  INFO 1 --- [   scheduling-1] r.observability.ObservabilityService     : LAB9 Observability window=30s category=db.rent.findAll count=1212 sumNanos=198247122264 avgNanos=163570232
zil-app  | 2026-05-05T00:14:08.063Z  INFO 1 --- [   scheduling-1] r.observability.ObservabilityService     : LAB9 Observability window=30s category=web.CarController.getCars count=1214 sumNanos=193210429461 avgNanos=159151918
zil-app  | 2026-05-05T00:14:08.063Z  INFO 1 --- [   scheduling-1] r.observability.ObservabilityService     : LAB9 Observability window=30s category=db.car.findAll count=1214 sumNanos=193204347795 avgNanos=159146909
zil-app  | 2026-05-05T00:14:08.064Z  INFO 1 --- [   scheduling-1] r.observability.ObservabilityService     : LAB9 Observability window=1m category=web.RentController.getRents count=2250 sumNanos=388950951848 avgNanos=172867089
zil-app  | 2026-05-05T00:14:08.065Z  INFO 1 --- [   scheduling-1] r.observability.ObservabilityService     : LAB9 Observability window=1m category=db.rent.findAll count=2250 sumNanos=388917632080 avgNanos=172852280
zil-app  | 2026-05-05T00:14:08.066Z  INFO 1 --- [   scheduling-1] r.observability.ObservabilityService     : LAB9 Observability window=1m category=web.CarController.getCars count=2252 sumNanos=377594580866 avgNanos=167670773
zil-app  | 2026-05-05T00:14:08.066Z  INFO 1 --- [   scheduling-1] r.observability.ObservabilityService     : LAB9 Observability window=1m category=db.car.findAll count=2252 sumNanos=377565704053 avgNanos=167657950
zil-app  | 2026-05-05T00:14:13.068Z  INFO 1 --- [   scheduling-1] r.observability.ObservabilityService     : LAB9 Observability window=10s category=web.RentController.getRents count=409 sumNanos=65815848505 avgNanos=160918945
zil-app  | 2026-05-05T00:14:13.069Z  INFO 1 --- [   scheduling-1] r.observability.ObservabilityService     : LAB9 Observability window=10s category=db.rent.findAll count=409 sumNanos=65809828304 avgNanos=160904225
zil-app  | 2026-05-05T00:14:13.070Z  INFO 1 --- [   scheduling-1] r.observability.ObservabilityService     : LAB9 Observability window=10s category=web.CarController.getCars count=407 sumNanos=63771048633 avgNanos=156685623
zil-app  | 2026-05-05T00:14:13.070Z  INFO 1 --- [   scheduling-1] r.observability.ObservabilityService     : LAB9 Observability window=10s category=db.car.findAll count=407 sumNanos=63768093094 avgNanos=156678361
zil-app  | 2026-05-05T00:14:13.071Z  INFO 1 --- [   scheduling-1] r.observability.ObservabilityService     : LAB9 Observability window=30s category=web.RentController.getRents count=1243 sumNanos=201303199307 avgNanos=161949476
zil-app  | 2026-05-05T00:14:13.072Z  INFO 1 --- [   scheduling-1] r.observability.ObservabilityService     : LAB9 Observability window=30s category=db.rent.findAll count=1243 sumNanos=201289684200 avgNanos=161938603
zil-app  | 2026-05-05T00:14:13.072Z  INFO 1 --- [   scheduling-1] r.observability.ObservabilityService     : LAB9 Observability window=30s category=web.CarController.getCars count=1239 sumNanos=195901997533 avgNanos=158112992
zil-app  | 2026-05-05T00:14:13.072Z  INFO 1 --- [   scheduling-1] r.observability.ObservabilityService     : LAB9 Observability window=30s category=db.car.findAll count=1239 sumNanos=195895068662 avgNanos=158107400
zil-app  | 2026-05-05T00:14:13.073Z  INFO 1 --- [   scheduling-1] r.observability.ObservabilityService     : LAB9 Observability window=1m category=web.RentController.getRents count=2310 sumNanos=392735626160 avgNanos=170015422
zil-app  | 2026-05-05T00:14:13.082Z  INFO 1 --- [   scheduling-1] r.observability.ObservabilityService     : LAB9 Observability window=1m category=db.rent.findAll count=2310 sumNanos=392706079213 avgNanos=170002631
zil-app  | 2026-05-05T00:14:13.082Z  INFO 1 --- [   scheduling-1] r.observability.ObservabilityService     : LAB9 Observability window=1m category=web.CarController.getCars count=2306 sumNanos=381125516999 avgNanos=165275592
zil-app  | 2026-05-05T00:14:13.082Z  INFO 1 --- [   scheduling-1] r.observability.ObservabilityService     : LAB9 Observability window=1m category=db.car.findAll count=2306 sumNanos=381094892543 avgNanos=165262312
zil-app  | 2026-05-05T00:14:18.108Z  INFO 1 --- [   scheduling-1] r.observability.ObservabilityService     : LAB9 Observability window=10s category=web.RentController.getRents count=435 sumNanos=65981096249 avgNanos=151680681
zil-app  | 2026-05-05T00:14:18.108Z  INFO 1 --- [   scheduling-1] r.observability.ObservabilityService     : LAB9 Observability window=10s category=db.rent.findAll count=435 sumNanos=65979711116 avgNanos=151677496
zil-app  | 2026-05-05T00:14:18.108Z  INFO 1 --- [   scheduling-1] r.observability.ObservabilityService     : LAB9 Observability window=10s category=web.CarController.getCars count=431 sumNanos=66017770177 avgNanos=153173480
zil-app  | 2026-05-05T00:14:18.108Z  INFO 1 --- [   scheduling-1] r.observability.ObservabilityService     : LAB9 Observability window=10s category=db.car.findAll count=431 sumNanos=66014752018 avgNanos=153166478
zil-app  | 2026-05-05T00:14:18.109Z  INFO 1 --- [   scheduling-1] r.observability.ObservabilityService     : LAB9 Observability window=30s category=web.RentController.getRents count=1258 sumNanos=197691928810 avgNanos=157147797
zil-app  | 2026-05-05T00:14:18.111Z  INFO 1 --- [   scheduling-1] r.observability.ObservabilityService     : LAB9 Observability window=30s category=db.rent.findAll count=1258 sumNanos=197679217505 avgNanos=157137692
zil-app  | 2026-05-05T00:14:18.111Z  INFO 1 --- [   scheduling-1] r.observability.ObservabilityService     : LAB9 Observability window=30s category=web.CarController.getCars count=1256 sumNanos=195945306438 avgNanos=156007409
zil-app  | 2026-05-05T00:14:18.112Z  INFO 1 --- [   scheduling-1] r.observability.ObservabilityService     : LAB9 Observability window=30s category=db.car.findAll count=1256 sumNanos=195939547386 avgNanos=156002824
zil-app  | 2026-05-05T00:14:18.116Z  INFO 1 --- [   scheduling-1] r.observability.ObservabilityService     : LAB9 Observability window=1m category=web.RentController.getRents count=2356 sumNanos=395509792647 avgNanos=167873426
zil-app  | 2026-05-05T00:14:18.116Z  INFO 1 --- [   scheduling-1] r.observability.ObservabilityService     : LAB9 Observability window=1m category=db.rent.findAll count=2356 sumNanos=395480713940 avgNanos=167861084
zil-app  | 2026-05-05T00:14:18.117Z  INFO 1 --- [   scheduling-1] r.observability.ObservabilityService     : LAB9 Observability window=1m category=web.CarController.getCars count=2353 sumNanos=385499174439 avgNanos=163833053
zil-app  | 2026-05-05T00:14:18.117Z  INFO 1 --- [   scheduling-1] r.observability.ObservabilityService     : LAB9 Observability window=1m category=db.car.findAll count=2353 sumNanos=385469605225 avgNanos=163820486
zil-app  | 2026-05-05T00:14:23.118Z  INFO 1 --- [   scheduling-1] r.observability.ObservabilityService     : LAB9 Observability window=10s category=web.RentController.getRents count=403 sumNanos=63577905635 avgNanos=157761552
zil-app  | 2026-05-05T00:14:23.118Z  INFO 1 --- [   scheduling-1] r.observability.ObservabilityService     : LAB9 Observability window=10s category=db.rent.findAll count=403 sumNanos=63576972880 avgNanos=157759237
zil-app  | 2026-05-05T00:14:23.118Z  INFO 1 --- [   scheduling-1] r.observability.ObservabilityService     : LAB9 Observability window=10s category=web.CarController.getCars count=407 sumNanos=65661540788 avgNanos=161330567
zil-app  | 2026-05-05T00:14:23.118Z  INFO 1 --- [   scheduling-1] r.observability.ObservabilityService     : LAB9 Observability window=10s category=db.car.findAll count=407 sumNanos=65660498426 avgNanos=161328005
zil-app  | 2026-05-05T00:14:23.119Z  INFO 1 --- [   scheduling-1] r.observability.ObservabilityService     : LAB9 Observability window=30s category=web.RentController.getRents count=1231 sumNanos=197668734411 avgNanos=160575738
zil-app  | 2026-05-05T00:14:23.119Z  INFO 1 --- [   scheduling-1] r.observability.ObservabilityService     : LAB9 Observability window=30s category=db.rent.findAll count=1231 sumNanos=197656919004 avgNanos=160566140
zil-app  | 2026-05-05T00:14:23.119Z  INFO 1 --- [   scheduling-1] r.observability.ObservabilityService     : LAB9 Observability window=30s category=web.CarController.getCars count=1234 sumNanos=197798412705 avgNanos=160290447
zil-app  | 2026-05-05T00:14:23.119Z  INFO 1 --- [   scheduling-1] r.observability.ObservabilityService     : LAB9 Observability window=30s category=db.car.findAll count=1234 sumNanos=197792793172 avgNanos=160285893
zil-app  | 2026-05-05T00:14:23.121Z  INFO 1 --- [   scheduling-1] r.observability.ObservabilityService     : LAB9 Observability window=1m category=web.RentController.getRents count=2375 sumNanos=393966784214 avgNanos=165880751
zil-app  | 2026-05-05T00:14:23.123Z  INFO 1 --- [   scheduling-1] r.observability.ObservabilityService     : LAB9 Observability window=1m category=db.rent.findAll count=2375 sumNanos=393940969134 avgNanos=165869881
zil-app  | 2026-05-05T00:14:23.123Z  INFO 1 --- [   scheduling-1] r.observability.ObservabilityService     : LAB9 Observability window=1m category=web.CarController.getCars count=2377 sumNanos=386813845389 avgNanos=162731950
zil-app  | 2026-05-05T00:14:23.124Z  INFO 1 --- [   scheduling-1] r.observability.ObservabilityService     : LAB9 Observability window=1m category=db.car.findAll count=2377 sumNanos=386784404119 avgNanos=162719564
zil-app  | 2026-05-05T00:14:28.125Z  INFO 1 --- [   scheduling-1] r.observability.ObservabilityService     : LAB9 Observability window=10s category=web.RentController.getRents count=395 sumNanos=65169775855 avgNanos=164986774
zil-app  | 2026-05-05T00:14:28.125Z  INFO 1 --- [   scheduling-1] r.observability.ObservabilityService     : LAB9 Observability window=10s category=db.rent.findAll count=395 sumNanos=65168784854 avgNanos=164984265
zil-app  | 2026-05-05T00:14:28.125Z  INFO 1 --- [   scheduling-1] r.observability.ObservabilityService     : LAB9 Observability window=10s category=web.CarController.getCars count=392 sumNanos=63226942340 avgNanos=161293220
zil-app  | 2026-05-05T00:14:28.125Z  INFO 1 --- [   scheduling-1] r.observability.ObservabilityService     : LAB9 Observability window=10s category=db.car.findAll count=392 sumNanos=63219162987 avgNanos=161273374
zil-app  | 2026-05-05T00:14:28.126Z  INFO 1 --- [   scheduling-1] r.observability.ObservabilityService     : LAB9 Observability window=30s category=web.RentController.getRents count=1211 sumNanos=196393054487 avgNanos=162174281
zil-app  | 2026-05-05T00:14:28.126Z  INFO 1 --- [   scheduling-1] r.observability.ObservabilityService     : LAB9 Observability window=30s category=db.rent.findAll count=1211 sumNanos=196381296660 avgNanos=162164571
zil-app  | 2026-05-05T00:14:28.127Z  INFO 1 --- [   scheduling-1] r.observability.ObservabilityService     : LAB9 Observability window=30s category=web.CarController.getCars count=1209 sumNanos=193053842593 avgNanos=159680597
zil-app  | 2026-05-05T00:14:28.127Z  INFO 1 --- [   scheduling-1] r.observability.ObservabilityService     : LAB9 Observability window=30s category=db.car.findAll count=1209 sumNanos=193042170070 avgNanos=159670942
zil-app  | 2026-05-05T00:14:28.128Z  INFO 1 --- [   scheduling-1] r.observability.ObservabilityService     : LAB9 Observability window=1m category=web.RentController.getRents count=2408 sumNanos=395437384211 avgNanos=164218182
zil-app  | 2026-05-05T00:14:28.128Z  INFO 1 --- [   scheduling-1] r.observability.ObservabilityService     : LAB9 Observability window=1m category=db.rent.findAll count=2408 sumNanos=395412589402 avgNanos=164207885
zil-app  | 2026-05-05T00:14:28.128Z  INFO 1 --- [   scheduling-1] r.observability.ObservabilityService     : LAB9 Observability window=1m category=web.CarController.getCars count=2403 sumNanos=385832945710 avgNanos=160563023
zil-app  | 2026-05-05T00:14:28.128Z  INFO 1 --- [   scheduling-1] r.observability.ObservabilityService     : LAB9 Observability window=1m category=db.car.findAll count=2403 sumNanos=385813525923 avgNanos=160554942
zil-app  | 2026-05-05T00:14:33.134Z  INFO 1 --- [   scheduling-1] r.observability.ObservabilityService     : LAB9 Observability window=10s category=web.RentController.getRents count=387 sumNanos=64942133805 avgNanos=167809131
zil-app  | 2026-05-05T00:14:33.145Z  INFO 1 --- [   scheduling-1] r.observability.ObservabilityService     : LAB9 Observability window=10s category=db.rent.findAll count=387 sumNanos=64935225544 avgNanos=167791280
zil-app  | 2026-05-05T00:14:33.145Z  INFO 1 --- [   scheduling-1] r.observability.ObservabilityService     : LAB9 Observability window=10s category=web.CarController.getCars count=383 sumNanos=61501449791 avgNanos=160578197
zil-app  | 2026-05-05T00:14:33.145Z  INFO 1 --- [   scheduling-1] r.observability.ObservabilityService     : LAB9 Observability window=10s category=db.car.findAll count=383 sumNanos=61493801530 avgNanos=160558228
zil-app  | 2026-05-05T00:14:33.145Z  INFO 1 --- [   scheduling-1] r.observability.ObservabilityService     : LAB9 Observability window=30s category=web.RentController.getRents count=1201 sumNanos=194569640317 avgNanos=162006361
zil-app  | 2026-05-05T00:14:33.146Z  INFO 1 --- [   scheduling-1] r.observability.ObservabilityService     : LAB9 Observability window=30s category=db.rent.findAll count=1201 sumNanos=194555774658 avgNanos=161994816
zil-app  | 2026-05-05T00:14:33.148Z  INFO 1 --- [   scheduling-1] r.observability.ObservabilityService     : LAB9 Observability window=30s category=web.CarController.getCars count=1200 sumNanos=191163697587 avgNanos=159303081
zil-app  | 2026-05-05T00:14:33.148Z  INFO 1 --- [   scheduling-1] r.observability.ObservabilityService     : LAB9 Observability window=30s category=db.car.findAll count=1200 sumNanos=191152044955 avgNanos=159293370
zil-app  | 2026-05-05T00:14:33.149Z  INFO 1 --- [   scheduling-1] r.observability.ObservabilityService     : LAB9 Observability window=1m category=web.RentController.getRents count=2413 sumNanos=393679840050 avgNanos=163149540
zil-app  | 2026-05-05T00:14:33.149Z  INFO 1 --- [   scheduling-1] r.observability.ObservabilityService     : LAB9 Observability window=1m category=db.rent.findAll count=2413 sumNanos=393653759513 avgNanos=163138731
zil-app  | 2026-05-05T00:14:33.149Z  INFO 1 --- [   scheduling-1] r.observability.ObservabilityService     : LAB9 Observability window=1m category=web.CarController.getCars count=2410 sumNanos=385574231966 avgNanos=159989307
zil-app  | 2026-05-05T00:14:33.149Z  INFO 1 --- [   scheduling-1] r.observability.ObservabilityService     : LAB9 Observability window=1m category=db.car.findAll count=2410 sumNanos=385555759105 avgNanos=159981642
zil-app  | 2026-05-05T00:14:38.151Z  INFO 1 --- [   scheduling-1] r.observability.ObservabilityService     : LAB9 Observability window=10s category=web.RentController.getRents count=400 sumNanos=66901180275 avgNanos=167252950
zil-app  | 2026-05-05T00:14:38.213Z  INFO 1 --- [   scheduling-1] r.observability.ObservabilityService     : LAB9 Observability window=10s category=db.rent.findAll count=400 sumNanos=66894213992 avgNanos=167235534
zil-app  | 2026-05-05T00:14:38.232Z  INFO 1 --- [   scheduling-1] r.observability.ObservabilityService     : LAB9 Observability window=10s category=web.CarController.getCars count=400 sumNanos=64338604658 avgNanos=160846511
zil-app  | 2026-05-05T00:14:38.232Z  INFO 1 --- [   scheduling-1] r.observability.ObservabilityService     : LAB9 Observability window=10s category=db.car.findAll count=400 sumNanos=64334789871 avgNanos=160836974
zil-app  | 2026-05-05T00:14:38.232Z  INFO 1 --- [   scheduling-1] r.observability.ObservabilityService     : LAB9 Observability window=30s category=web.RentController.getRents count=1230 sumNanos=197981676995 avgNanos=160960713
zil-app  | 2026-05-05T00:14:38.232Z  INFO 1 --- [   scheduling-1] r.observability.ObservabilityService     : LAB9 Observability window=30s category=db.rent.findAll count=1230 sumNanos=197972335520 avgNanos=160953118
zil-app  | 2026-05-05T00:14:38.232Z  INFO 1 --- [   scheduling-1] r.observability.ObservabilityService     : LAB9 Observability window=30s category=web.CarController.getCars count=1225 sumNanos=194241949013 avgNanos=158564856
zil-app  | 2026-05-05T00:14:38.232Z  INFO 1 --- [   scheduling-1] r.observability.ObservabilityService     : LAB9 Observability window=30s category=db.car.findAll count=1225 sumNanos=194227333031 avgNanos=158552924
zil-app  | 2026-05-05T00:14:38.232Z  INFO 1 --- [   scheduling-1] r.observability.ObservabilityService     : LAB9 Observability window=1m category=web.RentController.getRents count=2441 sumNanos=396219602997 avgNanos=162318559
zil-app  | 2026-05-05T00:14:38.232Z  INFO 1 --- [   scheduling-1] r.observability.ObservabilityService     : LAB9 Observability window=1m category=db.rent.findAll count=2441 sumNanos=396196461478 avgNanos=162309078
zil-app  | 2026-05-05T00:14:38.232Z  INFO 1 --- [   scheduling-1] r.observability.ObservabilityService     : LAB9 Observability window=1m category=web.CarController.getCars count=2441 sumNanos=387787808693 avgNanos=158864321
zil-app  | 2026-05-05T00:14:38.232Z  INFO 1 --- [   scheduling-1] r.observability.ObservabilityService     : LAB9 Observability window=1m category=db.car.findAll count=2441 sumNanos=387767110582 avgNanos=158855842
zil-app  | 2026-05-05T00:14:43.233Z  INFO 1 --- [   scheduling-1] r.observability.ObservabilityService     : LAB9 Observability window=10s category=web.RentController.getRents count=426 sumNanos=67830993179 avgNanos=159227683
zil-app  | 2026-05-05T00:14:43.233Z  INFO 1 --- [   scheduling-1] r.observability.ObservabilityService     : LAB9 Observability window=10s category=db.rent.findAll count=426 sumNanos=67830013021 avgNanos=159225382
zil-app  | 2026-05-05T00:14:43.233Z  INFO 1 --- [   scheduling-1] r.observability.ObservabilityService     : LAB9 Observability window=10s category=web.CarController.getCars count=426 sumNanos=65884577947 avgNanos=154658633
zil-app  | 2026-05-05T00:14:43.233Z  INFO 1 --- [   scheduling-1] r.observability.ObservabilityService     : LAB9 Observability window=10s category=db.car.findAll count=426 sumNanos=65880832675 avgNanos=154649841
zil-app  | 2026-05-05T00:14:43.233Z  INFO 1 --- [   scheduling-1] r.observability.ObservabilityService     : LAB9 Observability window=30s category=web.RentController.getRents count=1216 sumNanos=196596858213 avgNanos=161675047
zil-app  | 2026-05-05T00:14:43.233Z  INFO 1 --- [   scheduling-1] r.observability.ObservabilityService     : LAB9 Observability window=30s category=db.rent.findAll count=1216 sumNanos=196588037577 avgNanos=161667794
zil-app  | 2026-05-05T00:14:43.233Z  INFO 1 --- [   scheduling-1] r.observability.ObservabilityService     : LAB9 Observability window=30s category=web.CarController.getCars count=1214 sumNanos=192829936627 avgNanos=158838498
zil-app  | 2026-05-05T00:14:43.234Z  INFO 1 --- [   scheduling-1] r.observability.ObservabilityService     : LAB9 Observability window=30s category=db.car.findAll count=1214 sumNanos=192817503578 avgNanos=158828256
zil-app  | 2026-05-05T00:14:43.238Z  INFO 1 --- [   scheduling-1] r.observability.ObservabilityService     : LAB9 Observability window=1m category=web.RentController.getRents count=2461 sumNanos=397610231378 avgNanos=161564498
zil-app  | 2026-05-05T00:14:43.238Z  INFO 1 --- [   scheduling-1] r.observability.ObservabilityService     : LAB9 Observability window=1m category=db.rent.findAll count=2461 sumNanos=397587900393 avgNanos=161555424
zil-app  | 2026-05-05T00:14:43.239Z  INFO 1 --- [   scheduling-1] r.observability.ObservabilityService     : LAB9 Observability window=1m category=web.CarController.getCars count=2457 sumNanos=388956777081 avgNanos=158305566
zil-app  | 2026-05-05T00:14:43.239Z  INFO 1 --- [   scheduling-1] r.observability.ObservabilityService     : LAB9 Observability window=1m category=db.car.findAll count=2457 sumNanos=388937420288 avgNanos=158297688
zil-app  | 2026-05-05T00:14:48.240Z  INFO 1 --- [   scheduling-1] r.observability.ObservabilityService     : LAB9 Observability window=10s category=web.RentController.getRents count=419 sumNanos=66233622099 avgNanos=158075470
zil-app  | 2026-05-05T00:14:48.242Z  INFO 1 --- [   scheduling-1] r.observability.ObservabilityService     : LAB9 Observability window=10s category=db.rent.findAll count=419 sumNanos=66232856810 avgNanos=158073643
zil-app  | 2026-05-05T00:14:48.243Z  INFO 1 --- [   scheduling-1] r.observability.ObservabilityService     : LAB9 Observability window=10s category=web.CarController.getCars count=421 sumNanos=67190947158 avgNanos=159598449
zil-app  | 2026-05-05T00:14:48.245Z  INFO 1 --- [   scheduling-1] r.observability.ObservabilityService     : LAB9 Observability window=10s category=db.car.findAll count=421 sumNanos=67189971454 avgNanos=159596131
zil-app  | 2026-05-05T00:14:48.245Z  INFO 1 --- [   scheduling-1] r.observability.ObservabilityService     : LAB9 Observability window=30s category=web.RentController.getRents count=1212 sumNanos=198182117062 avgNanos=163516598
zil-app  | 2026-05-05T00:14:48.245Z  INFO 1 --- [   scheduling-1] r.observability.ObservabilityService     : LAB9 Observability window=30s category=db.rent.findAll count=1212 sumNanos=198173401221 avgNanos=163509406
zil-app  | 2026-05-05T00:14:48.246Z  INFO 1 --- [   scheduling-1] r.observability.ObservabilityService     : LAB9 Observability window=30s category=web.CarController.getCars count=1211 sumNanos=194731948937 avgNanos=160802600
zil-app  | 2026-05-05T00:14:48.246Z  INFO 1 --- [   scheduling-1] r.observability.ObservabilityService     : LAB9 Observability window=30s category=db.car.findAll count=1211 sumNanos=194719384210 avgNanos=160792224
zil-app  | 2026-05-05T00:14:48.247Z  INFO 1 --- [   scheduling-1] r.observability.ObservabilityService     : LAB9 Observability window=1m category=web.RentController.getRents count=2470 sumNanos=395293720363 avgNanos=160037943
zil-app  | 2026-05-05T00:14:48.247Z  INFO 1 --- [   scheduling-1] r.observability.ObservabilityService     : LAB9 Observability window=1m category=db.rent.findAll count=2470 sumNanos=395272293606 avgNanos=160029268
zil-app  | 2026-05-05T00:14:48.248Z  INFO 1 --- [   scheduling-1] r.observability.ObservabilityService     : LAB9 Observability window=1m category=web.CarController.getCars count=2469 sumNanos=390789021492 avgNanos=158278259
zil-app  | 2026-05-05T00:14:48.248Z  INFO 1 --- [   scheduling-1] r.observability.ObservabilityService     : LAB9 Observability window=1m category=db.car.findAll count=2469 sumNanos=390770715958 avgNanos=158270844
zil-app  | 2026-05-05T00:14:53.317Z  INFO 1 --- [   scheduling-1] r.observability.ObservabilityService     : LAB9 Observability window=10s category=web.RentController.getRents count=411 sumNanos=70971599183 avgNanos=172680289
zil-app  | 2026-05-05T00:14:53.317Z  INFO 1 --- [   scheduling-1] r.observability.ObservabilityService     : LAB9 Observability window=10s category=db.rent.findAll count=411 sumNanos=70970818860 avgNanos=172678391
zil-app  | 2026-05-05T00:14:53.317Z  INFO 1 --- [   scheduling-1] r.observability.ObservabilityService     : LAB9 Observability window=10s category=web.CarController.getCars count=407 sumNanos=67262484458 avgNanos=165264089
zil-app  | 2026-05-05T00:14:53.317Z  INFO 1 --- [   scheduling-1] r.observability.ObservabilityService     : LAB9 Observability window=10s category=db.car.findAll count=407 sumNanos=67261475580 avgNanos=165261610
zil-app  | 2026-05-05T00:14:53.317Z  INFO 1 --- [   scheduling-1] r.observability.ObservabilityService     : LAB9 Observability window=30s category=web.RentController.getRents count=1219 sumNanos=202596302610 avgNanos=166198771
zil-app  | 2026-05-05T00:14:53.317Z  INFO 1 --- [   scheduling-1] r.observability.ObservabilityService     : LAB9 Observability window=30s category=db.rent.findAll count=1219 sumNanos=202587643209 avgNanos=166191667
zil-app  | 2026-05-05T00:14:53.317Z  INFO 1 --- [   scheduling-1] r.observability.ObservabilityService     : LAB9 Observability window=30s category=web.CarController.getCars count=1218 sumNanos=194759891858 avgNanos=159901389
zil-app  | 2026-05-05T00:14:53.317Z  INFO 1 --- [   scheduling-1] r.observability.ObservabilityService     : LAB9 Observability window=30s category=db.car.findAll count=1218 sumNanos=194747486158 avgNanos=159891203
zil-app  | 2026-05-05T00:14:53.317Z  INFO 1 --- [   scheduling-1] r.observability.ObservabilityService     : LAB9 Observability window=1m category=web.RentController.getRents count=2453 sumNanos=400784117806 avgNanos=163385290
zil-app  | 2026-05-05T00:14:53.318Z  INFO 1 --- [   scheduling-1] r.observability.ObservabilityService     : LAB9 Observability window=1m category=db.rent.findAll count=2453 sumNanos=400763636626 avgNanos=163376941
zil-app  | 2026-05-05T00:14:53.320Z  INFO 1 --- [   scheduling-1] r.observability.ObservabilityService     : LAB9 Observability window=1m category=web.CarController.getCars count=2449 sumNanos=392297753730 avgNanos=160186914
zil-app  | 2026-05-05T00:14:53.321Z  INFO 1 --- [   scheduling-1] r.observability.ObservabilityService     : LAB9 Observability window=1m category=db.car.findAll count=2449 sumNanos=392279758486 avgNanos=160179566
zil-app  | 2026-05-05T00:14:58.322Z  INFO 1 --- [   scheduling-1] r.observability.ObservabilityService     : LAB9 Observability window=10s category=web.RentController.getRents count=409 sumNanos=73329308139 avgNanos=179289261
zil-app  | 2026-05-05T00:14:58.322Z  INFO 1 --- [   scheduling-1] r.observability.ObservabilityService     : LAB9 Observability window=10s category=db.rent.findAll count=409 sumNanos=73328259342 avgNanos=179286697
zil-app  | 2026-05-05T00:14:58.322Z  INFO 1 --- [   scheduling-1] r.observability.ObservabilityService     : LAB9 Observability window=10s category=web.CarController.getCars count=406 sumNanos=63269003434 avgNanos=155834983
zil-app  | 2026-05-05T00:14:58.322Z  INFO 1 --- [   scheduling-1] r.observability.ObservabilityService     : LAB9 Observability window=10s category=db.car.findAll count=406 sumNanos=63267267461 avgNanos=155830708
zil-app  | 2026-05-05T00:14:58.323Z  INFO 1 --- [   scheduling-1] r.observability.ObservabilityService     : LAB9 Observability window=30s category=web.RentController.getRents count=1229 sumNanos=206528662654 avgNanos=168046104
zil-app  | 2026-05-05T00:14:58.323Z  INFO 1 --- [   scheduling-1] r.observability.ObservabilityService     : LAB9 Observability window=30s category=db.rent.findAll count=1229 sumNanos=206519883445 avgNanos=168038961
zil-app  | 2026-05-05T00:14:58.323Z  INFO 1 --- [   scheduling-1] r.observability.ObservabilityService     : LAB9 Observability window=30s category=web.CarController.getCars count=1227 sumNanos=195085926869 avgNanos=158994235
zil-app  | 2026-05-05T00:14:58.323Z  INFO 1 --- [   scheduling-1] r.observability.ObservabilityService     : LAB9 Observability window=30s category=db.car.findAll count=1227 sumNanos=195079402877 avgNanos=158988918
zil-app  | 2026-05-05T00:14:58.324Z  INFO 1 --- [   scheduling-1] r.observability.ObservabilityService     : LAB9 Observability window=1m category=web.RentController.getRents count=2438 sumNanos=402539014536 avgNanos=165110342
zil-app  | 2026-05-05T00:14:58.325Z  INFO 1 --- [   scheduling-1] r.observability.ObservabilityService     : LAB9 Observability window=1m category=db.rent.findAll count=2438 sumNanos=402518483303 avgNanos=165101920
zil-app  | 2026-05-05T00:14:58.325Z  INFO 1 --- [   scheduling-1] r.observability.ObservabilityService     : LAB9 Observability window=1m category=web.CarController.getCars count=2435 sumNanos=387892567993 avgNanos=159298795
zil-app  | 2026-05-05T00:14:58.325Z  INFO 1 --- [   scheduling-1] r.observability.ObservabilityService     : LAB9 Observability window=1m category=db.car.findAll count=2435 sumNanos=387874374568 avgNanos=159291324
zil-app  | 2026-05-05T00:15:03.326Z  INFO 1 --- [   scheduling-1] r.observability.ObservabilityService     : LAB9 Observability window=10s category=web.RentController.getRents count=422 sumNanos=68307749618 avgNanos=161866705
zil-app  | 2026-05-05T00:15:03.329Z  INFO 1 --- [   scheduling-1] r.observability.ObservabilityService     : LAB9 Observability window=10s category=db.rent.findAll count=422 sumNanos=68306474807 avgNanos=161863684
zil-app  | 2026-05-05T00:15:03.331Z  INFO 1 --- [   scheduling-1] r.observability.ObservabilityService     : LAB9 Observability window=10s category=web.CarController.getCars count=418 sumNanos=62706323018 avgNanos=150015126
zil-app  | 2026-05-05T00:15:03.331Z  INFO 1 --- [   scheduling-1] r.observability.ObservabilityService     : LAB9 Observability window=10s category=db.car.findAll count=418 sumNanos=62704574238 avgNanos=150010943
zil-app  | 2026-05-05T00:15:03.332Z  INFO 1 --- [   scheduling-1] r.observability.ObservabilityService     : LAB9 Observability window=30s category=web.RentController.getRents count=1258 sumNanos=206790634140 avgNanos=164380472
zil-app  | 2026-05-05T00:15:03.332Z  INFO 1 --- [   scheduling-1] r.observability.ObservabilityService     : LAB9 Observability window=30s category=db.rent.findAll count=1258 sumNanos=206787601463 avgNanos=164378061
zil-app  | 2026-05-05T00:15:03.332Z  INFO 1 --- [   scheduling-1] r.observability.ObservabilityService     : LAB9 Observability window=30s category=web.CarController.getCars count=1251 sumNanos=195480388439 avgNanos=156259303
zil-app  | 2026-05-05T00:15:03.332Z  INFO 1 --- [   scheduling-1] r.observability.ObservabilityService     : LAB9 Observability window=30s category=db.car.findAll count=1251 sumNanos=195473890295 avgNanos=156254108
zil-app  | 2026-05-05T00:15:03.333Z  INFO 1 --- [   scheduling-1] r.observability.ObservabilityService     : LAB9 Observability window=1m category=web.RentController.getRents count=2458 sumNanos=401290402169 avgNanos=163258910
zil-app  | 2026-05-05T00:15:03.333Z  INFO 1 --- [   scheduling-1] r.observability.ObservabilityService     : LAB9 Observability window=1m category=db.rent.findAll count=2458 sumNanos=401273504755 avgNanos=163252036
zil-app  | 2026-05-05T00:15:03.333Z  INFO 1 --- [   scheduling-1] r.observability.ObservabilityService     : LAB9 Observability window=1m category=web.CarController.getCars count=2452 sumNanos=386835886866 avgNanos=157763412
zil-app  | 2026-05-05T00:15:03.333Z  INFO 1 --- [   scheduling-1] r.observability.ObservabilityService     : LAB9 Observability window=1m category=db.car.findAll count=2452 sumNanos=386817728759 avgNanos=157756006
zil-app  | 2026-05-05T00:15:08.334Z  INFO 1 --- [   scheduling-1] r.observability.ObservabilityService     : LAB9 Observability window=10s category=web.RentController.getRents count=413 sumNanos=63163612013 avgNanos=152938527
zil-app  | 2026-05-05T00:15:08.335Z  INFO 1 --- [   scheduling-1] r.observability.ObservabilityService     : LAB9 Observability window=10s category=db.rent.findAll count=413 sumNanos=63162572018 avgNanos=152936009
zil-app  | 2026-05-05T00:15:08.335Z  INFO 1 --- [   scheduling-1] r.observability.ObservabilityService     : LAB9 Observability window=10s category=web.CarController.getCars count=414 sumNanos=63525013371 avgNanos=153442061
zil-app  | 2026-05-05T00:15:08.335Z  INFO 1 --- [   scheduling-1] r.observability.ObservabilityService     : LAB9 Observability window=10s category=db.car.findAll count=414 sumNanos=63518199338 avgNanos=153425602
zil-app  | 2026-05-05T00:15:08.336Z  INFO 1 --- [   scheduling-1] r.observability.ObservabilityService     : LAB9 Observability window=30s category=web.RentController.getRents count=1240 sumNanos=202422438916 avgNanos=163243902
zil-app  | 2026-05-05T00:15:08.336Z  INFO 1 --- [   scheduling-1] r.observability.ObservabilityService     : LAB9 Observability window=30s category=db.rent.findAll count=1240 sumNanos=202419586401 avgNanos=163241601
zil-app  | 2026-05-05T00:15:08.336Z  INFO 1 --- [   scheduling-1] r.observability.ObservabilityService     : LAB9 Observability window=30s category=web.CarController.getCars count=1240 sumNanos=193831516965 avgNanos=156315739
zil-app  | 2026-05-05T00:15:08.336Z  INFO 1 --- [   scheduling-1] r.observability.ObservabilityService     : LAB9 Observability window=30s category=db.car.findAll count=1240 sumNanos=193821991825 avgNanos=156308057
zil-app  | 2026-05-05T00:15:08.337Z  INFO 1 --- [   scheduling-1] r.observability.ObservabilityService     : LAB9 Observability window=1m category=web.RentController.getRents count=2463 sumNanos=399367961259 avgNanos=162146959
zil-app  | 2026-05-05T00:15:08.337Z  INFO 1 --- [   scheduling-1] r.observability.ObservabilityService     : LAB9 Observability window=1m category=db.rent.findAll count=2463 sumNanos=399355787047 avgNanos=162142016
zil-app  | 2026-05-05T00:15:08.337Z  INFO 1 --- [   scheduling-1] r.observability.ObservabilityService     : LAB9 Observability window=1m category=web.CarController.getCars count=2464 sumNanos=388058191945 avgNanos=157491149
zil-app  | 2026-05-05T00:15:08.337Z  INFO 1 --- [   scheduling-1] r.observability.ObservabilityService     : LAB9 Observability window=1m category=db.car.findAll count=2464 sumNanos=388034058675 avgNanos=157481354
zil-app  | 2026-05-05T00:15:13.348Z  INFO 1 --- [   scheduling-1] r.observability.ObservabilityService     : LAB9 Observability window=10s category=web.RentController.getRents count=430 sumNanos=60780129337 avgNanos=141349137
zil-app  | 2026-05-05T00:15:13.349Z  INFO 1 --- [   scheduling-1] r.observability.ObservabilityService     : LAB9 Observability window=10s category=db.rent.findAll count=430 sumNanos=60779251202 avgNanos=141347095
zil-app  | 2026-05-05T00:15:13.349Z  INFO 1 --- [   scheduling-1] r.observability.ObservabilityService     : LAB9 Observability window=10s category=web.CarController.getCars count=439 sumNanos=65707936131 avgNanos=149676392
zil-app  | 2026-05-05T00:15:13.349Z  INFO 1 --- [   scheduling-1] r.observability.ObservabilityService     : LAB9 Observability window=10s category=db.car.findAll count=439 sumNanos=65700728627 avgNanos=149659974
zil-app  | 2026-05-05T00:15:13.349Z  INFO 1 --- [   scheduling-1] r.observability.ObservabilityService     : LAB9 Observability window=30s category=web.RentController.getRents count=1260 sumNanos=199427751400 avgNanos=158275993
zil-app  | 2026-05-05T00:15:13.349Z  INFO 1 --- [   scheduling-1] r.observability.ObservabilityService     : LAB9 Observability window=30s category=db.rent.findAll count=1260 sumNanos=199424825671 avgNanos=158273671
zil-app  | 2026-05-05T00:15:13.349Z  INFO 1 --- [   scheduling-1] r.observability.ObservabilityService     : LAB9 Observability window=30s category=web.CarController.getCars count=1265 sumNanos=195699730146 avgNanos=154703343
zil-app  | 2026-05-05T00:15:13.349Z  INFO 1 --- [   scheduling-1] r.observability.ObservabilityService     : LAB9 Observability window=30s category=db.car.findAll count=1265 sumNanos=195689761987 avgNanos=154695464
zil-app  | 2026-05-05T00:15:13.349Z  INFO 1 --- [   scheduling-1] r.observability.ObservabilityService     : LAB9 Observability window=1m category=web.RentController.getRents count=2475 sumNanos=396012162461 avgNanos=160004914
zil-app  | 2026-05-05T00:15:13.349Z  INFO 1 --- [   scheduling-1] r.observability.ObservabilityService     : LAB9 Observability window=1m category=db.rent.findAll count=2475 sumNanos=396000416161 avgNanos=160000168
zil-app  | 2026-05-05T00:15:13.349Z  INFO 1 --- [   scheduling-1] r.observability.ObservabilityService     : LAB9 Observability window=1m category=web.CarController.getCars count=2481 sumNanos=388963074948 avgNanos=156776733
zil-app  | 2026-05-05T00:15:13.349Z  INFO 1 --- [   scheduling-1] r.observability.ObservabilityService     : LAB9 Observability window=1m category=db.car.findAll count=2481 sumNanos=388940670436 avgNanos=156767702
zil-app  | 2026-05-05T00:15:18.418Z  INFO 1 --- [   scheduling-1] r.observability.ObservabilityService     : LAB9 Observability window=10s category=web.RentController.getRents count=430 sumNanos=63308459954 avgNanos=147228976
zil-app  | 2026-05-05T00:15:18.424Z  INFO 1 --- [   scheduling-1] r.observability.ObservabilityService     : LAB9 Observability window=10s category=db.rent.findAll count=430 sumNanos=63307652311 avgNanos=147227098
zil-app  | 2026-05-05T00:15:18.424Z  INFO 1 --- [   scheduling-1] r.observability.ObservabilityService     : LAB9 Observability window=10s category=web.CarController.getCars count=430 sumNanos=65575646990 avgNanos=152501504
zil-app  | 2026-05-05T00:15:18.424Z  INFO 1 --- [   scheduling-1] r.observability.ObservabilityService     : LAB9 Observability window=10s category=db.car.findAll count=430 sumNanos=65574161615 avgNanos=152498050
zil-app  | 2026-05-05T00:15:18.424Z  INFO 1 --- [   scheduling-1] r.observability.ObservabilityService     : LAB9 Observability window=30s category=web.RentController.getRents count=1252 sumNanos=199706130476 avgNanos=159509688
zil-app  | 2026-05-05T00:15:18.424Z  INFO 1 --- [   scheduling-1] r.observability.ObservabilityService     : LAB9 Observability window=30s category=db.rent.findAll count=1252 sumNanos=199703235063 avgNanos=159507376
zil-app  | 2026-05-05T00:15:18.424Z  INFO 1 --- [   scheduling-1] r.observability.ObservabilityService     : LAB9 Observability window=30s category=web.CarController.getCars count=1250 sumNanos=192197441671 avgNanos=153757953
zil-app  | 2026-05-05T00:15:18.424Z  INFO 1 --- [   scheduling-1] r.observability.ObservabilityService     : LAB9 Observability window=30s category=db.car.findAll count=1250 sumNanos=192187407174 avgNanos=153749925
zil-app  | 2026-05-05T00:15:18.425Z  INFO 1 --- [   scheduling-1] r.observability.ObservabilityService     : LAB9 Observability window=1m category=web.RentController.getRents count=2464 sumNanos=397880851385 avgNanos=161477618
zil-app  | 2026-05-05T00:15:18.425Z  INFO 1 --- [   scheduling-1] r.observability.ObservabilityService     : LAB9 Observability window=1m category=db.rent.findAll count=2464 sumNanos=397869242867 avgNanos=161472907
zil-app  | 2026-05-05T00:15:18.425Z  INFO 1 --- [   scheduling-1] r.observability.ObservabilityService     : LAB9 Observability window=1m category=web.CarController.getCars count=2462 sumNanos=387129697777 avgNanos=157241956
zil-app  | 2026-05-05T00:15:18.425Z  INFO 1 --- [   scheduling-1] r.observability.ObservabilityService     : LAB9 Observability window=1m category=db.car.findAll count=2462 sumNanos=387107098816 avgNanos=157232777
zil-app  | 2026-05-05T00:15:23.426Z  INFO 1 --- [   scheduling-1] r.observability.ObservabilityService     : LAB9 Observability window=10s category=web.RentController.getRents count=416 sumNanos=64857432903 avgNanos=155907290
zil-app  | 2026-05-05T00:15:23.426Z  INFO 1 --- [   scheduling-1] r.observability.ObservabilityService     : LAB9 Observability window=10s category=db.rent.findAll count=416 sumNanos=64856749023 avgNanos=155905646
zil-app  | 2026-05-05T00:15:23.426Z  INFO 1 --- [   scheduling-1] r.observability.ObservabilityService     : LAB9 Observability window=10s category=web.CarController.getCars count=412 sumNanos=62836356107 avgNanos=152515427
zil-app  | 2026-05-05T00:15:23.427Z  INFO 1 --- [   scheduling-1] r.observability.ObservabilityService     : LAB9 Observability window=10s category=db.car.findAll count=412 sumNanos=62835016167 avgNanos=152512175
zil-app  | 2026-05-05T00:15:23.427Z  INFO 1 --- [   scheduling-1] r.observability.ObservabilityService     : LAB9 Observability window=30s category=web.RentController.getRents count=1269 sumNanos=194260850177 avgNanos=153081836
zil-app  | 2026-05-05T00:15:23.427Z  INFO 1 --- [   scheduling-1] r.observability.ObservabilityService     : LAB9 Observability window=30s category=db.rent.findAll count=1269 sumNanos=194258013287 avgNanos=153079600
zil-app  | 2026-05-05T00:15:23.427Z  INFO 1 --- [   scheduling-1] r.observability.ObservabilityService     : LAB9 Observability window=30s category=web.CarController.getCars count=1264 sumNanos=190649802413 avgNanos=150830539
zil-app  | 2026-05-05T00:15:23.427Z  INFO 1 --- [   scheduling-1] r.observability.ObservabilityService     : LAB9 Observability window=30s category=db.car.findAll count=1264 sumNanos=190639512817 avgNanos=150822399
zil-app  | 2026-05-05T00:15:23.428Z  INFO 1 --- [   scheduling-1] r.observability.ObservabilityService     : LAB9 Observability window=1m category=web.RentController.getRents count=2488 sumNanos=396668901034 avgNanos=159432838
zil-app  | 2026-05-05T00:15:23.428Z  INFO 1 --- [   scheduling-1] r.observability.ObservabilityService     : LAB9 Observability window=1m category=db.rent.findAll count=2488 sumNanos=396657404148 avgNanos=159428217
zil-app  | 2026-05-05T00:15:23.428Z  INFO 1 --- [   scheduling-1] r.observability.ObservabilityService     : LAB9 Observability window=1m category=web.CarController.getCars count=2489 sumNanos=386175761556 avgNanos=155152977
zil-app  | 2026-05-05T00:15:23.428Z  INFO 1 --- [   scheduling-1] r.observability.ObservabilityService     : LAB9 Observability window=1m category=db.car.findAll count=2489 sumNanos=386153057003 avgNanos=155143855
zil-app  | 2026-05-05T00:15:28.429Z  INFO 1 --- [   scheduling-1] r.observability.ObservabilityService     : LAB9 Observability window=10s category=web.RentController.getRents count=438 sumNanos=65042200383 avgNanos=148498174
zil-app  | 2026-05-05T00:15:28.429Z  INFO 1 --- [   scheduling-1] r.observability.ObservabilityService     : LAB9 Observability window=10s category=db.rent.findAll count=438 sumNanos=65040775517 avgNanos=148494921
zil-app  | 2026-05-05T00:15:28.430Z  INFO 1 --- [   scheduling-1] r.observability.ObservabilityService     : LAB9 Observability window=10s category=web.CarController.getCars count=439 sumNanos=67384470460 avgNanos=153495376
zil-app  | 2026-05-05T00:15:28.430Z  INFO 1 --- [   scheduling-1] r.observability.ObservabilityService     : LAB9 Observability window=10s category=db.car.findAll count=439 sumNanos=67383316217 avgNanos=153492747
zil-app  | 2026-05-05T00:15:28.430Z  INFO 1 --- [   scheduling-1] r.observability.ObservabilityService     : LAB9 Observability window=30s category=web.RentController.getRents count=1280 sumNanos=191470067861 avgNanos=149585990
zil-app  | 2026-05-05T00:15:28.430Z  INFO 1 --- [   scheduling-1] r.observability.ObservabilityService     : LAB9 Observability window=30s category=db.rent.findAll count=1280 sumNanos=191466798053 avgNanos=149583435
zil-app  | 2026-05-05T00:15:28.431Z  INFO 1 --- [   scheduling-1] r.observability.ObservabilityService     : LAB9 Observability window=30s category=web.CarController.getCars count=1280 sumNanos=195921291565 avgNanos=153063509
zil-app  | 2026-05-05T00:15:28.431Z  INFO 1 --- [   scheduling-1] r.observability.ObservabilityService     : LAB9 Observability window=30s category=db.car.findAll count=1280 sumNanos=195911845875 avgNanos=153056129
zil-app  | 2026-05-05T00:15:28.431Z  INFO 1 --- [   scheduling-1] r.observability.ObservabilityService     : LAB9 Observability window=1m category=web.RentController.getRents count=2510 sumNanos=398090145324 avgNanos=158601651
zil-app  | 2026-05-05T00:15:28.431Z  INFO 1 --- [   scheduling-1] r.observability.ObservabilityService     : LAB9 Observability window=1m category=db.rent.findAll count=2510 sumNanos=398078095723 avgNanos=158596850
zil-app  | 2026-05-05T00:15:28.431Z  INFO 1 --- [   scheduling-1] r.observability.ObservabilityService     : LAB9 Observability window=1m category=web.CarController.getCars count=2510 sumNanos=391577764824 avgNanos=156007077
zil-app  | 2026-05-05T00:15:28.432Z  INFO 1 --- [   scheduling-1] r.observability.ObservabilityService     : LAB9 Observability window=1m category=db.car.findAll count=2510 sumNanos=391561786854 avgNanos=156000711
zil-app  | 2026-05-05T00:15:33.432Z  INFO 1 --- [   scheduling-1] r.observability.ObservabilityService     : LAB9 Observability window=10s category=web.RentController.getRents count=389 sumNanos=59265955197 avgNanos=152354640
zil-app  | 2026-05-05T00:15:33.432Z  INFO 1 --- [   scheduling-1] r.observability.ObservabilityService     : LAB9 Observability window=10s category=db.rent.findAll count=389 sumNanos=59264467747 avgNanos=152350816
zil-app  | 2026-05-05T00:15:33.432Z  INFO 1 --- [   scheduling-1] r.observability.ObservabilityService     : LAB9 Observability window=10s category=web.CarController.getCars count=382 sumNanos=61933463521 avgNanos=162129485
zil-app  | 2026-05-05T00:15:33.433Z  INFO 1 --- [   scheduling-1] r.observability.ObservabilityService     : LAB9 Observability window=10s category=db.car.findAll count=382 sumNanos=61932726856 avgNanos=162127557
zil-app  | 2026-05-05T00:15:33.433Z  INFO 1 --- [   scheduling-1] r.observability.ObservabilityService     : LAB9 Observability window=30s category=web.RentController.getRents count=1237 sumNanos=185382626184 avgNanos=149864693
zil-app  | 2026-05-05T00:15:33.433Z  INFO 1 --- [   scheduling-1] r.observability.ObservabilityService     : LAB9 Observability window=30s category=db.rent.findAll count=1237 sumNanos=185379575235 avgNanos=149862227
zil-app  | 2026-05-05T00:15:33.433Z  INFO 1 --- [   scheduling-1] r.observability.ObservabilityService     : LAB9 Observability window=30s category=web.CarController.getCars count=1230 sumNanos=190083109016 avgNanos=154539113
zil-app  | 2026-05-05T00:15:33.433Z  INFO 1 --- [   scheduling-1] r.observability.ObservabilityService     : LAB9 Observability window=30s category=db.car.findAll count=1230 sumNanos=190073831592 avgNanos=154531570
zil-app  | 2026-05-05T00:15:33.433Z  INFO 1 --- [   scheduling-1] r.observability.ObservabilityService     : LAB9 Observability window=1m category=web.RentController.getRents count=2492 sumNanos=391344986916 avgNanos=157040524
zil-app  | 2026-05-05T00:15:33.433Z  INFO 1 --- [   scheduling-1] r.observability.ObservabilityService     : LAB9 Observability window=1m category=db.rent.findAll count=2492 sumNanos=391338909879 avgNanos=157038085
zil-app  | 2026-05-05T00:15:33.433Z  INFO 1 --- [   scheduling-1] r.observability.ObservabilityService     : LAB9 Observability window=1m category=web.CarController.getCars count=2482 sumNanos=385547127888 avgNanos=155337279
zil-app  | 2026-05-05T00:15:33.433Z  INFO 1 --- [   scheduling-1] r.observability.ObservabilityService     : LAB9 Observability window=1m category=db.car.findAll count=2482 sumNanos=385531350232 avgNanos=155330922
zil-app  | 2026-05-05T00:15:38.434Z  INFO 1 --- [   scheduling-1] r.observability.ObservabilityService     : LAB9 Observability window=10s category=web.RentController.getRents count=167 sumNanos=26095922812 avgNanos=156263010
zil-app  | 2026-05-05T00:15:38.434Z  INFO 1 --- [   scheduling-1] r.observability.ObservabilityService     : LAB9 Observability window=10s category=db.rent.findAll count=167 sumNanos=26095510925 avgNanos=156260544
zil-app  | 2026-05-05T00:15:38.434Z  INFO 1 --- [   scheduling-1] r.observability.ObservabilityService     : LAB9 Observability window=10s category=web.CarController.getCars count=159 sumNanos=26031692366 avgNanos=163721335
zil-app  | 2026-05-05T00:15:38.434Z  INFO 1 --- [   scheduling-1] r.observability.ObservabilityService     : LAB9 Observability window=10s category=db.car.findAll count=159 sumNanos=26031427946 avgNanos=163719672
zil-app  | 2026-05-05T00:15:38.435Z  INFO 1 --- [   scheduling-1] r.observability.ObservabilityService     : LAB9 Observability window=30s category=web.RentController.getRents count=1033 sumNanos=154235483599 avgNanos=149308309
zil-app  | 2026-05-05T00:15:38.435Z  INFO 1 --- [   scheduling-1] r.observability.ObservabilityService     : LAB9 Observability window=30s category=db.rent.findAll count=1033 sumNanos=154232842130 avgNanos=149305752
zil-app  | 2026-05-05T00:15:38.435Z  INFO 1 --- [   scheduling-1] r.observability.ObservabilityService     : LAB9 Observability window=30s category=web.CarController.getCars count=1025 sumNanos=158512132196 avgNanos=154645982
zil-app  | 2026-05-05T00:15:38.435Z  INFO 1 --- [   scheduling-1] r.observability.ObservabilityService     : LAB9 Observability window=30s category=db.car.findAll count=1025 sumNanos=158509232970 avgNanos=154643154
zil-app  | 2026-05-05T00:15:38.435Z  INFO 1 --- [   scheduling-1] r.observability.ObservabilityService     : LAB9 Observability window=1m category=web.RentController.getRents count=2275 sumNanos=357024548018 avgNanos=156933867
zil-app  | 2026-05-05T00:15:38.435Z  INFO 1 --- [   scheduling-1] r.observability.ObservabilityService     : LAB9 Observability window=1m category=db.rent.findAll count=2275 sumNanos=357019051722 avgNanos=156931451
zil-app  | 2026-05-05T00:15:38.435Z  INFO 1 --- [   scheduling-1] r.observability.ObservabilityService     : LAB9 Observability window=1m category=web.CarController.getCars count=2265 sumNanos=352458625395 avgNanos=155610872
zil-app  | 2026-05-05T00:15:38.435Z  INFO 1 --- [   scheduling-1] r.observability.ObservabilityService     : LAB9 Observability window=1m category=db.car.findAll count=2265 sumNanos=352446200227 avgNanos=155605386
zil-app  | 2026-05-05T00:15:43.436Z  INFO 1 --- [   scheduling-1] r.observability.ObservabilityService     : LAB9 Observability window=30s category=web.RentController.getRents count=805 sumNanos=124101813257 avgNanos=154163743
zil-app  | 2026-05-05T00:15:43.436Z  INFO 1 --- [   scheduling-1] r.observability.ObservabilityService     : LAB9 Observability window=30s category=db.rent.findAll count=805 sumNanos=124099642041 avgNanos=154161046
zil-app  | 2026-05-05T00:15:43.436Z  INFO 1 --- [   scheduling-1] r.observability.ObservabilityService     : LAB9 Observability window=30s category=web.CarController.getCars count=794 sumNanos=124769819628 avgNanos=157140830
zil-additional-service  | 
zil-additional-service  |   .   ____          _            __ _ _
zil-additional-service  |  /\\ / ___'_ __ _ _(_)_ __  __ _ \ \ \ \
zil-additional-service  | ( ( )\___ | '_ | '_| | '_ \/ _` | \ \ \ \
zil-additional-service  |  \\/  ___)| |_)| | | | | || (_| |  ) ) ) )
zil-additional-service  |   '  |____| .__|_| |_|_| |_\__, | / / / /
zil-additional-service  |  =========|_|==============|___/=/_/_/_/
zil-additional-service  | 
zil-additional-service  |  :: Spring Boot ::                (v4.0.6)
zil-additional-service  | 
zil-additional-service  | 2026-05-05T00:11:48.048Z  INFO 1 --- [zil-additional-service] [           main] r.a.ZilAdditionalServiceApplication      : Starting ZilAdditionalServiceApplication v0.0.1-SNAPSHOT using Java 25.0.3 with PID 1 (/app/app.jar started by root in /app)
zil-additional-service  | 2026-05-05T00:11:48.054Z  INFO 1 --- [zil-additional-service] [           main] r.a.ZilAdditionalServiceApplication      : No active profile set, falling back to 1 default profile: "default"
zil-additional-service  | 2026-05-05T00:11:55.939Z  INFO 1 --- [zil-additional-service] [           main] o.s.boot.tomcat.TomcatWebServer          : Tomcat initialized with port 8084 (http)
zil-additional-service  | 2026-05-05T00:11:56.038Z  INFO 1 --- [zil-additional-service] [           main] o.apache.catalina.core.StandardService   : Starting service [Tomcat]
zil-additional-service  | 2026-05-05T00:11:56.039Z  INFO 1 --- [zil-additional-service] [           main] o.apache.catalina.core.StandardEngine    : Starting Servlet engine: [Apache Tomcat/11.0.21]
zil-additional-service  | 2026-05-05T00:11:56.458Z  INFO 1 --- [zil-additional-service] [           main] b.w.c.s.WebApplicationContextInitializer : Root WebApplicationContext: initialization completed in 7890 ms
zil-additional-service  | 2026-05-05T00:12:02.340Z  INFO 1 --- [zil-additional-service] [           main] o.s.b.a.e.web.EndpointLinksResolver      : Exposing 1 endpoint beneath base path '/actuator'
zil-additional-service  | 2026-05-05T00:12:02.948Z  INFO 1 --- [zil-additional-service] [           main] o.s.boot.tomcat.TomcatWebServer          : Tomcat started on port 8084 (http) with context path '/'
zil-additional-service  | 2026-05-05T00:12:02.965Z  INFO 1 --- [zil-additional-service] [           main] r.a.ZilAdditionalServiceApplication      : Started ZilAdditionalServiceApplication in 18.105 seconds (process running for 21.036)
zil-additional-service  | 2026-05-05T00:12:03.052Z  INFO 1 --- [zil-additional-service] [   scheduling-1] r.additional.service.ClientCacheService  : [client-cache-statistics] Client cache size=0
zil-additional-service  | 2026-05-05T00:12:12.959Z  INFO 1 --- [zil-additional-service] [   scheduling-1] r.additional.service.ClientCacheService  : [client-cache-statistics] Client cache size=0
zil-additional-service  | 2026-05-05T00:12:22.959Z  INFO 1 --- [zil-additional-service] [   scheduling-1] r.additional.service.ClientCacheService  : [client-cache-statistics] Client cache size=0
zil-additional-service  | 2026-05-05T00:12:28.577Z  INFO 1 --- [zil-additional-service] [nio-8084-exec-1] o.a.c.c.C.[Tomcat].[localhost].[/]       : Initializing Spring DispatcherServlet 'dispatcherServlet'
zil-additional-service  | 2026-05-05T00:12:28.582Z  INFO 1 --- [zil-additional-service] [nio-8084-exec-1] o.s.web.servlet.DispatcherServlet        : Initializing Servlet 'dispatcherServlet'
zil-additional-service  | 2026-05-05T00:12:28.640Z  INFO 1 --- [zil-additional-service] [nio-8084-exec-1] o.s.web.servlet.DispatcherServlet        : Completed initialization in 58 ms
zil-additional-service  | 2026-05-05T00:12:32.968Z  INFO 1 --- [zil-additional-service] [   scheduling-1] r.additional.service.ClientCacheService  : [client-cache-statistics] Client cache size=1000
zil-additional-service  | 2026-05-05T00:12:33.060Z  INFO 1 --- [zil-additional-service] [   scheduling-1] r.a.observability.ObservabilityService   : LAB9 Observability window=10s category=additional.statsComputation.stats count=1 sumNanos=48447 avgNanos=48447
zil-additional-service  | 2026-05-05T00:12:33.061Z  INFO 1 --- [zil-additional-service] [   scheduling-1] r.a.observability.ObservabilityService   : LAB9 Observability window=10s category=web.additional.stats count=1 sumNanos=2891189540 avgNanos=2891189540
zil-additional-service  | 2026-05-05T00:12:33.061Z  INFO 1 --- [zil-additional-service] [   scheduling-1] r.a.observability.ObservabilityService   : LAB9 Observability window=10s category=http.main.clients count=1 sumNanos=1977000469 avgNanos=1977000469
zil-additional-service  | 2026-05-05T00:12:33.062Z  INFO 1 --- [zil-additional-service] [   scheduling-1] r.a.observability.ObservabilityService   : LAB9 Observability window=10s category=http.main.rents count=1 sumNanos=600381007 avgNanos=600381007
zil-additional-service  | 2026-05-05T00:12:33.062Z  INFO 1 --- [zil-additional-service] [   scheduling-1] r.a.observability.ObservabilityService   : LAB9 Observability window=10s category=http.main.cars count=12 sumNanos=8781142750 avgNanos=731761895
zil-additional-service  | 2026-05-05T00:12:33.062Z  INFO 1 --- [zil-additional-service] [   scheduling-1] r.a.observability.ObservabilityService   : LAB9 Observability window=30s category=additional.statsComputation.stats count=1 sumNanos=48447 avgNanos=48447
zil-additional-service  | 2026-05-05T00:12:33.062Z  INFO 1 --- [zil-additional-service] [   scheduling-1] r.a.observability.ObservabilityService   : LAB9 Observability window=30s category=web.additional.stats count=1 sumNanos=2891189540 avgNanos=2891189540
zil-additional-service  | 2026-05-05T00:12:33.063Z  INFO 1 --- [zil-additional-service] [   scheduling-1] r.a.observability.ObservabilityService   : LAB9 Observability window=30s category=http.main.clients count=1 sumNanos=1977000469 avgNanos=1977000469
zil-additional-service  | 2026-05-05T00:12:33.066Z  INFO 1 --- [zil-additional-service] [   scheduling-1] r.a.observability.ObservabilityService   : LAB9 Observability window=30s category=http.main.rents count=1 sumNanos=600381007 avgNanos=600381007
zil-additional-service  | 2026-05-05T00:12:33.066Z  INFO 1 --- [zil-additional-service] [   scheduling-1] r.a.observability.ObservabilityService   : LAB9 Observability window=30s category=http.main.cars count=12 sumNanos=8781142750 avgNanos=731761895
zil-additional-service  | 2026-05-05T00:12:33.066Z  INFO 1 --- [zil-additional-service] [   scheduling-1] r.a.observability.ObservabilityService   : LAB9 Observability window=1m category=additional.statsComputation.stats count=1 sumNanos=48447 avgNanos=48447
zil-additional-service  | 2026-05-05T00:12:33.066Z  INFO 1 --- [zil-additional-service] [   scheduling-1] r.a.observability.ObservabilityService   : LAB9 Observability window=1m category=web.additional.stats count=1 sumNanos=2891189540 avgNanos=2891189540
zil-additional-service  | 2026-05-05T00:12:33.066Z  INFO 1 --- [zil-additional-service] [   scheduling-1] r.a.observability.ObservabilityService   : LAB9 Observability window=1m category=http.main.clients count=1 sumNanos=1977000469 avgNanos=1977000469
zil-additional-service  | 2026-05-05T00:12:33.066Z  INFO 1 --- [zil-additional-service] [   scheduling-1] r.a.observability.ObservabilityService   : LAB9 Observability window=1m category=http.main.rents count=1 sumNanos=600381007 avgNanos=600381007
zil-additional-service  | 2026-05-05T00:12:33.067Z  INFO 1 --- [zil-additional-service] [   scheduling-1] r.a.observability.ObservabilityService   : LAB9 Observability window=1m category=http.main.cars count=12 sumNanos=8781142750 avgNanos=731761895
zil-additional-service  | 2026-05-05T00:12:38.067Z  INFO 1 --- [zil-additional-service] [   scheduling-1] r.a.observability.ObservabilityService   : LAB9 Observability window=10s category=additional.statsComputation.stats count=3 sumNanos=52841 avgNanos=17613
zil-additional-service  | 2026-05-05T00:12:38.068Z  INFO 1 --- [zil-additional-service] [   scheduling-1] r.a.observability.ObservabilityService   : LAB9 Observability window=10s category=web.additional.stats count=3 sumNanos=6885408100 avgNanos=2295136033
zil-additional-service  | 2026-05-05T00:12:38.068Z  INFO 1 --- [zil-additional-service] [   scheduling-1] r.a.observability.ObservabilityService   : LAB9 Observability window=10s category=http.main.clients count=1 sumNanos=1977000469 avgNanos=1977000469
zil-additional-service  | 2026-05-05T00:12:38.068Z  INFO 1 --- [zil-additional-service] [   scheduling-1] r.a.observability.ObservabilityService   : LAB9 Observability window=10s category=http.main.rents count=42 sumNanos=56603024429 avgNanos=1347691057
zil-additional-service  | 2026-05-05T00:12:38.068Z  INFO 1 --- [zil-additional-service] [   scheduling-1] r.a.observability.ObservabilityService   : LAB9 Observability window=10s category=http.main.cars count=55 sumNanos=50972808198 avgNanos=926778330
zil-additional-service  | 2026-05-05T00:12:38.069Z  INFO 1 --- [zil-additional-service] [   scheduling-1] r.a.observability.ObservabilityService   : LAB9 Observability window=10s category=web.additional.availability_new count=39 sumNanos=90984382612 avgNanos=2332932887
zil-additional-service  | 2026-05-05T00:12:38.070Z  INFO 1 --- [zil-additional-service] [   scheduling-1] r.a.observability.ObservabilityService   : LAB9 Observability window=10s category=additional.statsComputation.availability.allCitiesAllDates count=39 sumNanos=35291217 avgNanos=904903
zil-additional-service  | 2026-05-05T00:12:38.071Z  INFO 1 --- [zil-additional-service] [   scheduling-1] r.a.observability.ObservabilityService   : LAB9 Observability window=30s category=additional.statsComputation.stats count=3 sumNanos=52841 avgNanos=17613
zil-additional-service  | 2026-05-05T00:12:38.071Z  INFO 1 --- [zil-additional-service] [   scheduling-1] r.a.observability.ObservabilityService   : LAB9 Observability window=30s category=web.additional.stats count=3 sumNanos=6885408100 avgNanos=2295136033
zil-additional-service  | 2026-05-05T00:12:38.071Z  INFO 1 --- [zil-additional-service] [   scheduling-1] r.a.observability.ObservabilityService   : LAB9 Observability window=30s category=http.main.clients count=1 sumNanos=1977000469 avgNanos=1977000469
zil-additional-service  | 2026-05-05T00:12:38.072Z  INFO 1 --- [zil-additional-service] [   scheduling-1] r.a.observability.ObservabilityService   : LAB9 Observability window=30s category=http.main.rents count=42 sumNanos=56603024429 avgNanos=1347691057
zil-additional-service  | 2026-05-05T00:12:38.072Z  INFO 1 --- [zil-additional-service] [   scheduling-1] r.a.observability.ObservabilityService   : LAB9 Observability window=30s category=http.main.cars count=55 sumNanos=50972808198 avgNanos=926778330
zil-additional-service  | 2026-05-05T00:12:38.072Z  INFO 1 --- [zil-additional-service] [   scheduling-1] r.a.observability.ObservabilityService   : LAB9 Observability window=30s category=web.additional.availability_new count=39 sumNanos=90984382612 avgNanos=2332932887
zil-additional-service  | 2026-05-05T00:12:38.073Z  INFO 1 --- [zil-additional-service] [   scheduling-1] r.a.observability.ObservabilityService   : LAB9 Observability window=30s category=additional.statsComputation.availability.allCitiesAllDates count=39 sumNanos=35291217 avgNanos=904903
zil-additional-service  | 2026-05-05T00:12:38.073Z  INFO 1 --- [zil-additional-service] [   scheduling-1] r.a.observability.ObservabilityService   : LAB9 Observability window=1m category=additional.statsComputation.stats count=3 sumNanos=52841 avgNanos=17613
zil-additional-service  | 2026-05-05T00:12:38.074Z  INFO 1 --- [zil-additional-service] [   scheduling-1] r.a.observability.ObservabilityService   : LAB9 Observability window=1m category=web.additional.stats count=3 sumNanos=6885408100 avgNanos=2295136033
zil-additional-service  | 2026-05-05T00:12:38.074Z  INFO 1 --- [zil-additional-service] [   scheduling-1] r.a.observability.ObservabilityService   : LAB9 Observability window=1m category=http.main.clients count=1 sumNanos=1977000469 avgNanos=1977000469
zil-additional-service  | 2026-05-05T00:12:38.074Z  INFO 1 --- [zil-additional-service] [   scheduling-1] r.a.observability.ObservabilityService   : LAB9 Observability window=1m category=http.main.rents count=42 sumNanos=56603024429 avgNanos=1347691057
zil-additional-service  | 2026-05-05T00:12:38.075Z  INFO 1 --- [zil-additional-service] [   scheduling-1] r.a.observability.ObservabilityService   : LAB9 Observability window=1m category=http.main.cars count=55 sumNanos=50972808198 avgNanos=926778330
zil-additional-service  | 2026-05-05T00:12:38.075Z  INFO 1 --- [zil-additional-service] [   scheduling-1] r.a.observability.ObservabilityService   : LAB9 Observability window=1m category=web.additional.availability_new count=39 sumNanos=90984382612 avgNanos=2332932887
zil-additional-service  | 2026-05-05T00:12:38.075Z  INFO 1 --- [zil-additional-service] [   scheduling-1] r.a.observability.ObservabilityService   : LAB9 Observability window=1m category=additional.statsComputation.availability.allCitiesAllDates count=39 sumNanos=35291217 avgNanos=904903
zil-additional-service  | 2026-05-05T00:12:42.959Z  INFO 1 --- [zil-additional-service] [   scheduling-1] r.additional.service.ClientCacheService  : [client-cache-statistics] Client cache size=1000
zil-additional-service  | 2026-05-05T00:12:43.078Z  INFO 1 --- [zil-additional-service] [   scheduling-1] r.a.observability.ObservabilityService   : LAB9 Observability window=10s category=additional.statsComputation.stats count=5 sumNanos=10734 avgNanos=2146
zil-additional-service  | 2026-05-05T00:12:43.079Z  INFO 1 --- [zil-additional-service] [   scheduling-1] r.a.observability.ObservabilityService   : LAB9 Observability window=10s category=web.additional.stats count=5 sumNanos=9522189478 avgNanos=1904437895
zil-additional-service  | 2026-05-05T00:12:43.080Z  INFO 1 --- [zil-additional-service] [   scheduling-1] r.a.observability.ObservabilityService   : LAB9 Observability window=10s category=http.main.rents count=97 sumNanos=110288410692 avgNanos=1136993924
zil-additional-service  | 2026-05-05T00:12:43.080Z  INFO 1 --- [zil-additional-service] [   scheduling-1] r.a.observability.ObservabilityService   : LAB9 Observability window=10s category=http.main.cars count=95 sumNanos=85707467185 avgNanos=902183865
zil-additional-service  | 2026-05-05T00:12:43.081Z  INFO 1 --- [zil-additional-service] [   scheduling-1] r.a.observability.ObservabilityService   : LAB9 Observability window=10s category=web.additional.availability_new count=92 sumNanos=188235009673 avgNanos=2046032713
zil-additional-service  | 2026-05-05T00:12:43.081Z  INFO 1 --- [zil-additional-service] [   scheduling-1] r.a.observability.ObservabilityService   : LAB9 Observability window=10s category=additional.statsComputation.availability.allCitiesAllDates count=92 sumNanos=70190129 avgNanos=762936
zil-additional-service  | 2026-05-05T00:12:43.081Z  INFO 1 --- [zil-additional-service] [   scheduling-1] r.a.observability.ObservabilityService   : LAB9 Observability window=30s category=additional.statsComputation.stats count=6 sumNanos=59181 avgNanos=9863
zil-additional-service  | 2026-05-05T00:12:43.081Z  INFO 1 --- [zil-additional-service] [   scheduling-1] r.a.observability.ObservabilityService   : LAB9 Observability window=30s category=web.additional.stats count=6 sumNanos=12413379018 avgNanos=2068896503
zil-additional-service  | 2026-05-05T00:12:43.082Z  INFO 1 --- [zil-additional-service] [   scheduling-1] r.a.observability.ObservabilityService   : LAB9 Observability window=30s category=http.main.clients count=1 sumNanos=1977000469 avgNanos=1977000469
zil-additional-service  | 2026-05-05T00:12:43.082Z  INFO 1 --- [zil-additional-service] [   scheduling-1] r.a.observability.ObservabilityService   : LAB9 Observability window=30s category=http.main.rents count=98 sumNanos=110888791699 avgNanos=1131518282
zil-additional-service  | 2026-05-05T00:12:43.082Z  INFO 1 --- [zil-additional-service] [   scheduling-1] r.a.observability.ObservabilityService   : LAB9 Observability window=30s category=http.main.cars count=107 sumNanos=94488609935 avgNanos=883071120
zil-additional-service  | 2026-05-05T00:12:43.082Z  INFO 1 --- [zil-additional-service] [   scheduling-1] r.a.observability.ObservabilityService   : LAB9 Observability window=30s category=web.additional.availability_new count=92 sumNanos=188235009673 avgNanos=2046032713
zil-additional-service  | 2026-05-05T00:12:43.082Z  INFO 1 --- [zil-additional-service] [   scheduling-1] r.a.observability.ObservabilityService   : LAB9 Observability window=30s category=additional.statsComputation.availability.allCitiesAllDates count=92 sumNanos=70190129 avgNanos=762936
zil-additional-service  | 2026-05-05T00:12:43.082Z  INFO 1 --- [zil-additional-service] [   scheduling-1] r.a.observability.ObservabilityService   : LAB9 Observability window=1m category=additional.statsComputation.stats count=6 sumNanos=59181 avgNanos=9863
zil-additional-service  | 2026-05-05T00:12:43.082Z  INFO 1 --- [zil-additional-service] [   scheduling-1] r.a.observability.ObservabilityService   : LAB9 Observability window=1m category=web.additional.stats count=6 sumNanos=12413379018 avgNanos=2068896503
zil-additional-service  | 2026-05-05T00:12:43.082Z  INFO 1 --- [zil-additional-service] [   scheduling-1] r.a.observability.ObservabilityService   : LAB9 Observability window=1m category=http.main.clients count=1 sumNanos=1977000469 avgNanos=1977000469
zil-additional-service  | 2026-05-05T00:12:43.082Z  INFO 1 --- [zil-additional-service] [   scheduling-1] r.a.observability.ObservabilityService   : LAB9 Observability window=1m category=http.main.rents count=98 sumNanos=110888791699 avgNanos=1131518282
zil-additional-service  | 2026-05-05T00:12:43.082Z  INFO 1 --- [zil-additional-service] [   scheduling-1] r.a.observability.ObservabilityService   : LAB9 Observability window=1m category=http.main.cars count=107 sumNanos=94488609935 avgNanos=883071120
zil-additional-service  | 2026-05-05T00:12:43.082Z  INFO 1 --- [zil-additional-service] [   scheduling-1] r.a.observability.ObservabilityService   : LAB9 Observability window=1m category=web.additional.availability_new count=92 sumNanos=188235009673 avgNanos=2046032713
zil-additional-service  | 2026-05-05T00:12:43.083Z  INFO 1 --- [zil-additional-service] [   scheduling-1] r.a.observability.ObservabilityService   : LAB9 Observability window=1m category=additional.statsComputation.availability.allCitiesAllDates count=92 sumNanos=70190129 avgNanos=762936
zil-additional-service  | 2026-05-05T00:12:48.083Z  INFO 1 --- [zil-additional-service] [   scheduling-1] r.a.observability.ObservabilityService   : LAB9 Observability window=10s category=additional.statsComputation.stats count=9 sumNanos=18381 avgNanos=2042
zil-additional-service  | 2026-05-05T00:12:48.084Z  INFO 1 --- [zil-additional-service] [   scheduling-1] r.a.observability.ObservabilityService   : LAB9 Observability window=10s category=web.additional.stats count=9 sumNanos=14093812297 avgNanos=1565979144
zil-additional-service  | 2026-05-05T00:12:48.084Z  INFO 1 --- [zil-additional-service] [   scheduling-1] r.a.observability.ObservabilityService   : LAB9 Observability window=10s category=http.main.rents count=129 sumNanos=106755620520 avgNanos=827562949
zil-additional-service  | 2026-05-05T00:12:48.084Z  INFO 1 --- [zil-additional-service] [   scheduling-1] r.a.observability.ObservabilityService   : LAB9 Observability window=10s category=http.main.cars count=125 sumNanos=88449722569 avgNanos=707597780
zil-additional-service  | 2026-05-05T00:12:48.085Z  INFO 1 --- [zil-additional-service] [   scheduling-1] r.a.observability.ObservabilityService   : LAB9 Observability window=10s category=web.additional.availability_new count=120 sumNanos=187671008376 avgNanos=1563925069
zil-additional-service  | 2026-05-05T00:12:48.085Z  INFO 1 --- [zil-additional-service] [   scheduling-1] r.a.observability.ObservabilityService   : LAB9 Observability window=10s category=additional.statsComputation.availability.allCitiesAllDates count=120 sumNanos=48703440 avgNanos=405862
zil-additional-service  | 2026-05-05T00:12:48.085Z  INFO 1 --- [zil-additional-service] [   scheduling-1] r.a.observability.ObservabilityService   : LAB9 Observability window=30s category=additional.statsComputation.stats count=12 sumNanos=71222 avgNanos=5935
zil-additional-service  | 2026-05-05T00:12:48.085Z  INFO 1 --- [zil-additional-service] [   scheduling-1] r.a.observability.ObservabilityService   : LAB9 Observability window=30s category=web.additional.stats count=12 sumNanos=20979220397 avgNanos=1748268366
zil-additional-service  | 2026-05-05T00:12:48.085Z  INFO 1 --- [zil-additional-service] [   scheduling-1] r.a.observability.ObservabilityService   : LAB9 Observability window=30s category=http.main.clients count=1 sumNanos=1977000469 avgNanos=1977000469
zil-additional-service  | 2026-05-05T00:12:48.086Z  INFO 1 --- [zil-additional-service] [   scheduling-1] r.a.observability.ObservabilityService   : LAB9 Observability window=30s category=http.main.rents count=171 sumNanos=163358644949 avgNanos=955313713
zil-additional-service  | 2026-05-05T00:12:48.086Z  INFO 1 --- [zil-additional-service] [   scheduling-1] r.a.observability.ObservabilityService   : LAB9 Observability window=30s category=http.main.cars count=180 sumNanos=139422530767 avgNanos=774569615
zil-additional-service  | 2026-05-05T00:12:48.086Z  INFO 1 --- [zil-additional-service] [   scheduling-1] r.a.observability.ObservabilityService   : LAB9 Observability window=30s category=web.additional.availability_new count=159 sumNanos=278655390988 avgNanos=1752549628
zil-additional-service  | 2026-05-05T00:12:48.086Z  INFO 1 --- [zil-additional-service] [   scheduling-1] r.a.observability.ObservabilityService   : LAB9 Observability window=30s category=additional.statsComputation.availability.allCitiesAllDates count=159 sumNanos=83994657 avgNanos=528268
zil-additional-service  | 2026-05-05T00:12:48.088Z  INFO 1 --- [zil-additional-service] [   scheduling-1] r.a.observability.ObservabilityService   : LAB9 Observability window=1m category=additional.statsComputation.stats count=12 sumNanos=71222 avgNanos=5935
zil-additional-service  | 2026-05-05T00:12:48.088Z  INFO 1 --- [zil-additional-service] [   scheduling-1] r.a.observability.ObservabilityService   : LAB9 Observability window=1m category=web.additional.stats count=12 sumNanos=20979220397 avgNanos=1748268366
zil-additional-service  | 2026-05-05T00:12:48.088Z  INFO 1 --- [zil-additional-service] [   scheduling-1] r.a.observability.ObservabilityService   : LAB9 Observability window=1m category=http.main.clients count=1 sumNanos=1977000469 avgNanos=1977000469
zil-additional-service  | 2026-05-05T00:12:48.088Z  INFO 1 --- [zil-additional-service] [   scheduling-1] r.a.observability.ObservabilityService   : LAB9 Observability window=1m category=http.main.rents count=171 sumNanos=163358644949 avgNanos=955313713
zil-additional-service  | 2026-05-05T00:12:48.088Z  INFO 1 --- [zil-additional-service] [   scheduling-1] r.a.observability.ObservabilityService   : LAB9 Observability window=1m category=http.main.cars count=180 sumNanos=139422530767 avgNanos=774569615
zil-additional-service  | 2026-05-05T00:12:48.088Z  INFO 1 --- [zil-additional-service] [   scheduling-1] r.a.observability.ObservabilityService   : LAB9 Observability window=1m category=web.additional.availability_new count=159 sumNanos=278655390988 avgNanos=1752549628
zil-additional-service  | 2026-05-05T00:12:48.088Z  INFO 1 --- [zil-additional-service] [   scheduling-1] r.a.observability.ObservabilityService   : LAB9 Observability window=1m category=additional.statsComputation.availability.allCitiesAllDates count=159 sumNanos=83994657 avgNanos=528268
zil-additional-service  | 2026-05-05T00:12:52.959Z  INFO 1 --- [zil-additional-service] [   scheduling-1] r.additional.service.ClientCacheService  : [client-cache-statistics] Client cache size=1000
zil-additional-service  | 2026-05-05T00:12:53.089Z  INFO 1 --- [zil-additional-service] [   scheduling-1] r.a.observability.ObservabilityService   : LAB9 Observability window=10s category=additional.statsComputation.stats count=12 sumNanos=23364 avgNanos=1947
zil-additional-service  | 2026-05-05T00:12:53.091Z  INFO 1 --- [zil-additional-service] [   scheduling-1] r.a.observability.ObservabilityService   : LAB9 Observability window=10s category=web.additional.stats count=12 sumNanos=14125484252 avgNanos=1177123687
zil-additional-service  | 2026-05-05T00:12:53.091Z  INFO 1 --- [zil-additional-service] [   scheduling-1] r.a.observability.ObservabilityService   : LAB9 Observability window=10s category=http.main.rents count=166 sumNanos=106686803938 avgNanos=642691589
zil-additional-service  | 2026-05-05T00:12:53.091Z  INFO 1 --- [zil-additional-service] [   scheduling-1] r.a.observability.ObservabilityService   : LAB9 Observability window=10s category=http.main.cars count=165 sumNanos=87115014309 avgNanos=527969783
zil-additional-service  | 2026-05-05T00:12:53.091Z  INFO 1 --- [zil-additional-service] [   scheduling-1] r.a.observability.ObservabilityService   : LAB9 Observability window=10s category=web.additional.availability_new count=154 sumNanos=183857477137 avgNanos=1193879721
zil-additional-service  | 2026-05-05T00:12:53.092Z  INFO 1 --- [zil-additional-service] [   scheduling-1] r.a.observability.ObservabilityService   : LAB9 Observability window=10s category=additional.statsComputation.availability.allCitiesAllDates count=154 sumNanos=36619405 avgNanos=237788
zil-additional-service  | 2026-05-05T00:12:53.092Z  INFO 1 --- [zil-additional-service] [   scheduling-1] r.a.observability.ObservabilityService   : LAB9 Observability window=30s category=additional.statsComputation.stats count=18 sumNanos=82545 avgNanos=4585
zil-additional-service  | 2026-05-05T00:12:53.093Z  INFO 1 --- [zil-additional-service] [   scheduling-1] r.a.observability.ObservabilityService   : LAB9 Observability window=30s category=web.additional.stats count=18 sumNanos=26538863270 avgNanos=1474381292
zil-additional-service  | 2026-05-05T00:12:53.094Z  INFO 1 --- [zil-additional-service] [   scheduling-1] r.a.observability.ObservabilityService   : LAB9 Observability window=30s category=http.main.clients count=1 sumNanos=1977000469 avgNanos=1977000469
zil-additional-service  | 2026-05-05T00:12:53.094Z  INFO 1 --- [zil-additional-service] [   scheduling-1] r.a.observability.ObservabilityService   : LAB9 Observability window=30s category=http.main.rents count=264 sumNanos=217575595637 avgNanos=824149983
zil-additional-service  | 2026-05-05T00:12:53.094Z  INFO 1 --- [zil-additional-service] [   scheduling-1] r.a.observability.ObservabilityService   : LAB9 Observability window=30s category=http.main.cars count=272 sumNanos=181603624244 avgNanos=667660383
zil-app                 | 2026-05-05T00:15:43.436Z  INFO 1 --- [   scheduling-1] r.observability.ObservabilityService     : LAB9 Observability window=30s category=db.car.findAll count=794 sumNanos=124767743023 avgNanos=157138215
zil-app                 | 2026-05-05T00:15:43.436Z  INFO 1 --- [   scheduling-1] r.observability.ObservabilityService     : LAB9 Observability window=1m category=web.RentController.getRents count=2066 sumNanos=323893021596 avgNanos=156773001
zil-app                 | 2026-05-05T00:15:43.436Z  INFO 1 --- [   scheduling-1] r.observability.ObservabilityService     : LAB9 Observability window=1m category=db.rent.findAll count=2066 sumNanos=323887923835 avgNanos=156770534
zil-app                 | 2026-05-05T00:15:43.436Z  INFO 1 --- [   scheduling-1] r.observability.ObservabilityService     : LAB9 Observability window=1m category=web.CarController.getCars count=2057 sumNanos=319815725631 avgNanos=155476774
zil-app                 | 2026-05-05T00:15:43.436Z  INFO 1 --- [   scheduling-1] r.observability.ObservabilityService     : LAB9 Observability window=1m category=db.car.findAll count=2057 sumNanos=319803687424 avgNanos=155470922
zil-app                 | 2026-05-05T00:15:48.442Z  INFO 1 --- [   scheduling-1] r.observability.ObservabilityService     : LAB9 Observability window=10s category=web.CarController.getCars count=4 sumNanos=547739032 avgNanos=136934758
zil-app                 | 2026-05-05T00:15:48.445Z  INFO 1 --- [   scheduling-1] r.observability.ObservabilityService     : LAB9 Observability window=10s category=db.car.findAll count=4 sumNanos=547730934 avgNanos=136932733
zil-app                 | 2026-05-05T00:15:48.507Z  INFO 1 --- [   scheduling-1] r.observability.ObservabilityService     : LAB9 Observability window=30s category=web.RentController.getRents count=605 sumNanos=91138123195 avgNanos=150641525
zil-app                 | 2026-05-05T00:15:48.512Z  INFO 1 --- [   scheduling-1] r.observability.ObservabilityService     : LAB9 Observability window=30s category=db.rent.findAll count=605 sumNanos=91136286442 avgNanos=150638489
zil-app                 | 2026-05-05T00:15:48.512Z  INFO 1 --- [   scheduling-1] r.observability.ObservabilityService     : LAB9 Observability window=30s category=web.CarController.getCars count=605 sumNanos=94395651894 avgNanos=156025870
zil-app                 | 2026-05-05T00:15:48.512Z  INFO 1 --- [   scheduling-1] r.observability.ObservabilityService     : LAB9 Observability window=30s category=db.car.findAll count=605 sumNanos=94394220439 avgNanos=156023504
zil-app                 | 2026-05-05T00:15:48.512Z  INFO 1 --- [   scheduling-1] r.observability.ObservabilityService     : LAB9 Observability window=1m category=web.RentController.getRents count=1853 sumNanos=290153681547 avgNanos=156585904
zil-app                 | 2026-05-05T00:15:48.512Z  INFO 1 --- [   scheduling-1] r.observability.ObservabilityService     : LAB9 Observability window=1m category=db.rent.findAll count=1853 sumNanos=290148955963 avgNanos=156583354
zil-app                 | 2026-05-05T00:15:48.512Z  INFO 1 --- [   scheduling-1] r.observability.ObservabilityService     : LAB9 Observability window=1m category=web.CarController.getCars count=1853 sumNanos=286490467230 avgNanos=154608994
zil-app                 | 2026-05-05T00:15:48.512Z  INFO 1 --- [   scheduling-1] r.observability.ObservabilityService     : LAB9 Observability window=1m category=db.car.findAll count=1853 sumNanos=286479004701 avgNanos=154602808
zil-app                 | 2026-05-05T00:15:53.522Z  INFO 1 --- [   scheduling-1] r.observability.ObservabilityService     : LAB9 Observability window=10s category=web.RentController.getRents count=228 sumNanos=34583343845 avgNanos=151681332
zil-app                 | 2026-05-05T00:15:53.523Z  INFO 1 --- [   scheduling-1] r.observability.ObservabilityService     : LAB9 Observability window=10s category=db.rent.findAll count=228 sumNanos=34582505791 avgNanos=151677656
zil-additional-service  | 2026-05-05T00:12:53.094Z  INFO 1 --- [zil-additional-service] [   scheduling-1] r.a.observability.ObservabilityService   : LAB9 Observability window=30s category=web.additional.availability_new count=246 sumNanos=372092486810 avgNanos=1512571084
zil-additional-service  | 2026-05-05T00:12:53.095Z  INFO 1 --- [zil-additional-service] [   scheduling-1] r.a.observability.ObservabilityService   : LAB9 Observability window=30s category=additional.statsComputation.availability.allCitiesAllDates count=246 sumNanos=106809534 avgNanos=434185
zil-additional-service  | 2026-05-05T00:12:53.096Z  INFO 1 --- [zil-additional-service] [   scheduling-1] r.a.observability.ObservabilityService   : LAB9 Observability window=1m category=additional.statsComputation.stats count=18 sumNanos=82545 avgNanos=4585
zil-additional-service  | 2026-05-05T00:12:53.096Z  INFO 1 --- [zil-additional-service] [   scheduling-1] r.a.observability.ObservabilityService   : LAB9 Observability window=1m category=web.additional.stats count=18 sumNanos=26538863270 avgNanos=1474381292
zil-additional-service  | 2026-05-05T00:12:53.096Z  INFO 1 --- [zil-additional-service] [   scheduling-1] r.a.observability.ObservabilityService   : LAB9 Observability window=1m category=http.main.clients count=1 sumNanos=1977000469 avgNanos=1977000469
zil-additional-service  | 2026-05-05T00:12:53.096Z  INFO 1 --- [zil-additional-service] [   scheduling-1] r.a.observability.ObservabilityService   : LAB9 Observability window=1m category=http.main.rents count=264 sumNanos=217575595637 avgNanos=824149983
zil-additional-service  | 2026-05-05T00:12:53.096Z  INFO 1 --- [zil-additional-service] [   scheduling-1] r.a.observability.ObservabilityService   : LAB9 Observability window=1m category=http.main.cars count=272 sumNanos=181603624244 avgNanos=667660383
zil-additional-service  | 2026-05-05T00:12:53.096Z  INFO 1 --- [zil-additional-service] [   scheduling-1] r.a.observability.ObservabilityService   : LAB9 Observability window=1m category=web.additional.availability_new count=246 sumNanos=372092486810 avgNanos=1512571084
zil-additional-service  | 2026-05-05T00:12:53.097Z  INFO 1 --- [zil-additional-service] [   scheduling-1] r.a.observability.ObservabilityService   : LAB9 Observability window=1m category=additional.statsComputation.availability.allCitiesAllDates count=246 sumNanos=106809534 avgNanos=434185
zil-additional-service  | 2026-05-05T00:12:58.146Z  INFO 1 --- [zil-additional-service] [   scheduling-1] r.a.observability.ObservabilityService   : LAB9 Observability window=10s category=additional.statsComputation.stats count=10 sumNanos=34787 avgNanos=3478
zil-additional-service  | 2026-05-05T00:12:58.146Z  INFO 1 --- [zil-additional-service] [   scheduling-1] r.a.observability.ObservabilityService   : LAB9 Observability window=10s category=web.additional.stats count=10 sumNanos=8647630110 avgNanos=864763011
zil-additional-service  | 2026-05-05T00:12:58.147Z  INFO 1 --- [zil-additional-service] [   scheduling-1] r.a.observability.ObservabilityService   : LAB9 Observability window=10s category=http.main.rents count=202 sumNanos=105548185245 avgNanos=522515768
zil-additional-service  | 2026-05-05T00:12:58.147Z  INFO 1 --- [zil-additional-service] [   scheduling-1] r.a.observability.ObservabilityService   : LAB9 Observability window=10s category=http.main.cars count=201 sumNanos=83300581935 avgNanos=414430755
zil-additional-service  | 2026-05-05T00:12:58.147Z  INFO 1 --- [zil-additional-service] [   scheduling-1] r.a.observability.ObservabilityService   : LAB9 Observability window=10s category=web.additional.availability_new count=192 sumNanos=183818399573 avgNanos=957387497
zil-additional-service  | 2026-05-05T00:12:58.147Z  INFO 1 --- [zil-additional-service] [   scheduling-1] r.a.observability.ObservabilityService   : LAB9 Observability window=10s category=additional.statsComputation.availability.allCitiesAllDates count=192 sumNanos=40726970 avgNanos=212119
zil-additional-service  | 2026-05-05T00:12:58.148Z  INFO 1 --- [zil-additional-service] [   scheduling-1] r.a.observability.ObservabilityService   : LAB9 Observability window=30s category=additional.statsComputation.stats count=22 sumNanos=106009 avgNanos=4818
zil-additional-service  | 2026-05-05T00:12:58.148Z  INFO 1 --- [zil-additional-service] [   scheduling-1] r.a.observability.ObservabilityService   : LAB9 Observability window=30s category=web.additional.stats count=22 sumNanos=29626850507 avgNanos=1346675023
zil-additional-service  | 2026-05-05T00:12:58.148Z  INFO 1 --- [zil-additional-service] [   scheduling-1] r.a.observability.ObservabilityService   : LAB9 Observability window=30s category=http.main.clients count=1 sumNanos=1977000469 avgNanos=1977000469
zil-additional-service  | 2026-05-05T00:12:58.148Z  INFO 1 --- [zil-additional-service] [   scheduling-1] r.a.observability.ObservabilityService   : LAB9 Observability window=30s category=http.main.rents count=374 sumNanos=269136964958 avgNanos=719617553
zil-additional-service  | 2026-05-05T00:12:58.149Z  INFO 1 --- [zil-additional-service] [   scheduling-1] r.a.observability.ObservabilityService   : LAB9 Observability window=30s category=http.main.cars count=383 sumNanos=223728426776 avgNanos=584147328
zil-additional-service  | 2026-05-05T00:12:58.149Z  INFO 1 --- [zil-additional-service] [   scheduling-1] r.a.observability.ObservabilityService   : LAB9 Observability window=30s category=web.additional.availability_new count=351 sumNanos=462473790561 avgNanos=1317589146
zil-additional-service  | 2026-05-05T00:12:58.149Z  INFO 1 --- [zil-additional-service] [   scheduling-1] r.a.observability.ObservabilityService   : LAB9 Observability window=30s category=additional.statsComputation.availability.allCitiesAllDates count=351 sumNanos=124721627 avgNanos=355332
zil-additional-service  | 2026-05-05T00:12:58.149Z  INFO 1 --- [zil-additional-service] [   scheduling-1] r.a.observability.ObservabilityService   : LAB9 Observability window=1m category=additional.statsComputation.stats count=22 sumNanos=106009 avgNanos=4818
zil-additional-service  | 2026-05-05T00:12:58.150Z  INFO 1 --- [zil-additional-service] [   scheduling-1] r.a.observability.ObservabilityService   : LAB9 Observability window=1m category=web.additional.stats count=22 sumNanos=29626850507 avgNanos=1346675023
zil-additional-service  | 2026-05-05T00:12:58.150Z  INFO 1 --- [zil-additional-service] [   scheduling-1] r.a.observability.ObservabilityService   : LAB9 Observability window=1m category=http.main.clients count=1 sumNanos=1977000469 avgNanos=1977000469
zil-additional-service  | 2026-05-05T00:12:58.150Z  INFO 1 --- [zil-additional-service] [   scheduling-1] r.a.observability.ObservabilityService   : LAB9 Observability window=1m category=http.main.rents count=374 sumNanos=269136964958 avgNanos=719617553
zil-additional-service  | 2026-05-05T00:12:58.150Z  INFO 1 --- [zil-additional-service] [   scheduling-1] r.a.observability.ObservabilityService   : LAB9 Observability window=1m category=http.main.cars count=383 sumNanos=223728426776 avgNanos=584147328
zil-additional-service  | 2026-05-05T00:12:58.150Z  INFO 1 --- [zil-additional-service] [   scheduling-1] r.a.observability.ObservabilityService   : LAB9 Observability window=1m category=web.additional.availability_new count=352 sumNanos=462991628397 avgNanos=1315317126
zil-additional-service  | 2026-05-05T00:12:58.150Z  INFO 1 --- [zil-additional-service] [   scheduling-1] r.a.observability.ObservabilityService   : LAB9 Observability window=1m category=additional.statsComputation.availability.allCitiesAllDates count=352 sumNanos=124831466 avgNanos=354634
zil-additional-service  | 2026-05-05T00:13:02.959Z  INFO 1 --- [zil-additional-service] [   scheduling-1] r.additional.service.ClientCacheService  : [client-cache-statistics] Client cache size=1000
zil-additional-service  | 2026-05-05T00:13:03.152Z  INFO 1 --- [zil-additional-service] [   scheduling-1] r.a.observability.ObservabilityService   : LAB9 Observability window=10s category=additional.statsComputation.stats count=9 sumNanos=35133 avgNanos=3903
zil-additional-service  | 2026-05-05T00:13:03.153Z  INFO 1 --- [zil-additional-service] [   scheduling-1] r.a.observability.ObservabilityService   : LAB9 Observability window=10s category=web.additional.stats count=9 sumNanos=6810910521 avgNanos=756767835
zil-app                 | 2026-05-05T00:15:53.523Z  INFO 1 --- [   scheduling-1] r.observability.ObservabilityService     : LAB9 Observability window=10s category=web.CarController.getCars count=231 sumNanos=36521946448 avgNanos=158103664
zil-app                 | 2026-05-05T00:15:53.523Z  INFO 1 --- [   scheduling-1] r.observability.ObservabilityService     : LAB9 Observability window=10s category=db.car.findAll count=231 sumNanos=36521366916 avgNanos=158101155
zil-app                 | 2026-05-05T00:15:53.524Z  INFO 1 --- [   scheduling-1] r.observability.ObservabilityService     : LAB9 Observability window=30s category=web.RentController.getRents count=611 sumNanos=92980478765 avgNanos=152177542
zil-app                 | 2026-05-05T00:15:53.524Z  INFO 1 --- [   scheduling-1] r.observability.ObservabilityService     : LAB9 Observability window=30s category=db.rent.findAll count=611 sumNanos=92978162032 avgNanos=152173751
zil-app                 | 2026-05-05T00:15:53.524Z  INFO 1 --- [   scheduling-1] r.observability.ObservabilityService     : LAB9 Observability window=30s category=web.CarController.getCars count=609 sumNanos=97873947248 avgNanos=160712557
zil-app                 | 2026-05-05T00:15:53.524Z  INFO 1 --- [   scheduling-1] r.observability.ObservabilityService     : LAB9 Observability window=30s category=db.car.findAll count=609 sumNanos=97872637391 avgNanos=160710406
zil-app                 | 2026-05-05T00:15:53.526Z  INFO 1 --- [   scheduling-1] r.observability.ObservabilityService     : LAB9 Observability window=1m category=web.RentController.getRents count=1882 sumNanos=287627130885 avgNanos=152830569
zil-app                 | 2026-05-05T00:15:53.526Z  INFO 1 --- [   scheduling-1] r.observability.ObservabilityService     : LAB9 Observability window=1m category=db.rent.findAll count=1882 sumNanos=287621975890 avgNanos=152827829
zil-app                 | 2026-05-05T00:15:53.526Z  INFO 1 --- [   scheduling-1] r.observability.ObservabilityService     : LAB9 Observability window=1m category=web.CarController.getCars count=1875 sumNanos=288882855683 avgNanos=154070856
zil-app                 | 2026-05-05T00:15:53.526Z  INFO 1 --- [   scheduling-1] r.observability.ObservabilityService     : LAB9 Observability window=1m category=db.car.findAll count=1875 sumNanos=288871253974 avgNanos=154064668
zil-app                 | 2026-05-05T00:15:58.527Z  INFO 1 --- [   scheduling-1] r.observability.ObservabilityService     : LAB9 Observability window=10s category=web.RentController.getRents count=432 sumNanos=66232545490 avgNanos=153316077
zil-app                 | 2026-05-05T00:15:58.528Z  INFO 1 --- [   scheduling-1] r.observability.ObservabilityService     : LAB9 Observability window=10s category=db.rent.findAll count=432 sumNanos=66231576634 avgNanos=153313834
zil-app                 | 2026-05-05T00:15:58.529Z  INFO 1 --- [   scheduling-1] r.observability.ObservabilityService     : LAB9 Observability window=10s category=web.CarController.getCars count=430 sumNanos=67737455295 avgNanos=157528965
zil-app                 | 2026-05-05T00:15:58.530Z  INFO 1 --- [   scheduling-1] r.observability.ObservabilityService     : LAB9 Observability window=10s category=db.car.findAll count=430 sumNanos=67736381015 avgNanos=157526467
zil-app                 | 2026-05-05T00:15:58.530Z  INFO 1 --- [   scheduling-1] r.observability.ObservabilityService     : LAB9 Observability window=30s category=web.RentController.getRents count=593 sumNanos=91471924427 avgNanos=154252823
zil-app                 | 2026-05-05T00:15:58.531Z  INFO 1 --- [   scheduling-1] r.observability.ObservabilityService     : LAB9 Observability window=30s category=db.rent.findAll count=593 sumNanos=91470552357 avgNanos=154250509
zil-app                 | 2026-05-05T00:15:58.531Z  INFO 1 --- [   scheduling-1] r.observability.ObservabilityService     : LAB9 Observability window=30s category=web.CarController.getCars count=595 sumNanos=94603291644 avgNanos=158997128
zil-app                 | 2026-05-05T00:15:58.531Z  INFO 1 --- [   scheduling-1] r.observability.ObservabilityService     : LAB9 Observability window=30s category=db.car.findAll count=595 sumNanos=94601942013 avgNanos=158994860
zil-app                 | 2026-05-05T00:15:58.534Z  INFO 1 --- [   scheduling-1] r.observability.ObservabilityService     : LAB9 Observability window=1m category=web.RentController.getRents count=1876 sumNanos=283326860644 avgNanos=151027111
zil-app                 | 2026-05-05T00:15:58.534Z  INFO 1 --- [   scheduling-1] r.observability.ObservabilityService     : LAB9 Observability window=1m category=db.rent.findAll count=1876 sumNanos=283322216253 avgNanos=151024635
zil-app                 | 2026-05-05T00:15:58.534Z  INFO 1 --- [   scheduling-1] r.observability.ObservabilityService     : LAB9 Observability window=1m category=web.CarController.getCars count=1873 sumNanos=290301902295 avgNanos=154993007
zil-app                 | 2026-05-05T00:15:58.535Z  INFO 1 --- [   scheduling-1] r.observability.ObservabilityService     : LAB9 Observability window=1m category=db.car.findAll count=1873 sumNanos=290291113317 avgNanos=154987246
zil-app                 | 2026-05-05T00:16:03.535Z  INFO 1 --- [   scheduling-1] r.observability.ObservabilityService     : LAB9 Observability window=10s category=web.RentController.getRents count=436 sumNanos=68505811169 avgNanos=157123420
zil-app                 | 2026-05-05T00:16:03.536Z  INFO 1 --- [   scheduling-1] r.observability.ObservabilityService     : LAB9 Observability window=10s category=db.rent.findAll count=436 sumNanos=68505513403 avgNanos=157122737
zil-app                 | 2026-05-05T00:16:03.536Z  INFO 1 --- [   scheduling-1] r.observability.ObservabilityService     : LAB9 Observability window=10s category=web.CarController.getCars count=443 sumNanos=70605594069 avgNanos=159380573
zil-app                 | 2026-05-05T00:16:03.536Z  INFO 1 --- [   scheduling-1] r.observability.ObservabilityService     : LAB9 Observability window=10s category=db.car.findAll count=443 sumNanos=70604617492 avgNanos=159378369
zil-app                 | 2026-05-05T00:16:03.536Z  INFO 1 --- [   scheduling-1] r.observability.ObservabilityService     : LAB9 Observability window=30s category=web.RentController.getRents count=665 sumNanos=103168239662 avgNanos=155140210
zil-app                 | 2026-05-05T00:16:03.536Z  INFO 1 --- [   scheduling-1] r.observability.ObservabilityService     : LAB9 Observability window=30s category=db.rent.findAll count=665 sumNanos=103167103256 avgNanos=155138501
zil-app                 | 2026-05-05T00:16:03.536Z  INFO 1 --- [   scheduling-1] r.observability.ObservabilityService     : LAB9 Observability window=30s category=web.CarController.getCars count=675 sumNanos=107200900457 avgNanos=158816148
zil-app                 | 2026-05-05T00:16:03.536Z  INFO 1 --- [   scheduling-1] r.observability.ObservabilityService     : LAB9 Observability window=30s category=db.car.findAll count=675 sumNanos=107199342052 avgNanos=158813840
zil-app                 | 2026-05-05T00:16:03.536Z  INFO 1 --- [   scheduling-1] r.observability.ObservabilityService     : LAB9 Observability window=1m category=web.RentController.getRents count=1899 sumNanos=288146130318 avgNanos=151735718
zil-app                 | 2026-05-05T00:16:03.537Z  INFO 1 --- [   scheduling-1] r.observability.ObservabilityService     : LAB9 Observability window=1m category=db.rent.findAll count=1899 sumNanos=288141949477 avgNanos=151733517
zil-app                 | 2026-05-05T00:16:03.537Z  INFO 1 --- [   scheduling-1] r.observability.ObservabilityService     : LAB9 Observability window=1m category=web.CarController.getCars count=1901 sumNanos=296700278638 avgNanos=156075896
zil-app                 | 2026-05-05T00:16:03.537Z  INFO 1 --- [   scheduling-1] r.observability.ObservabilityService     : LAB9 Observability window=1m category=db.car.findAll count=1901 sumNanos=296689451309 avgNanos=156070200
zil-app                 | 2026-05-05T00:16:08.538Z  INFO 1 --- [   scheduling-1] r.observability.ObservabilityService     : LAB9 Observability window=10s category=web.RentController.getRents count=466 sumNanos=73050055311 avgNanos=156759775
zil-app                 | 2026-05-05T00:16:08.538Z  INFO 1 --- [   scheduling-1] r.observability.ObservabilityService     : LAB9 Observability window=10s category=db.rent.findAll count=466 sumNanos=73049716234 avgNanos=156759047
zil-app                 | 2026-05-05T00:16:08.538Z  INFO 1 --- [   scheduling-1] r.observability.ObservabilityService     : LAB9 Observability window=10s category=web.CarController.getCars count=465 sumNanos=73879683956 avgNanos=158881040
zil-app                 | 2026-05-05T00:16:08.538Z  INFO 1 --- [   scheduling-1] r.observability.ObservabilityService     : LAB9 Observability window=10s category=db.car.findAll count=465 sumNanos=73875754567 avgNanos=158872590
zil-app                 | 2026-05-05T00:16:08.538Z  INFO 1 --- [   scheduling-1] r.observability.ObservabilityService     : LAB9 Observability window=30s category=web.RentController.getRents count=898 sumNanos=139282600801 avgNanos=155103118
zil-app                 | 2026-05-05T00:16:08.538Z  INFO 1 --- [   scheduling-1] r.observability.ObservabilityService     : LAB9 Observability window=30s category=db.rent.findAll count=898 sumNanos=139281292868 avgNanos=155101662
zil-app                 | 2026-05-05T00:16:08.538Z  INFO 1 --- [   scheduling-1] r.observability.ObservabilityService     : LAB9 Observability window=30s category=web.CarController.getCars count=905 sumNanos=143232003758 avgNanos=158267407
zil-app                 | 2026-05-05T00:16:08.538Z  INFO 1 --- [   scheduling-1] r.observability.ObservabilityService     : LAB9 Observability window=30s category=db.car.findAll count=905 sumNanos=143226982371 avgNanos=158261858
zil-app                 | 2026-05-05T00:16:08.538Z  INFO 1 --- [   scheduling-1] r.observability.ObservabilityService     : LAB9 Observability window=1m category=web.RentController.getRents count=1928 sumNanos=293247133663 avgNanos=152099135
zil-app                 | 2026-05-05T00:16:08.538Z  INFO 1 --- [   scheduling-1] r.observability.ObservabilityService     : LAB9 Observability window=1m category=db.rent.findAll count=1928 sumNanos=293243192518 avgNanos=152097091
zil-app                 | 2026-05-05T00:16:08.538Z  INFO 1 --- [   scheduling-1] r.observability.ObservabilityService     : LAB9 Observability window=1m category=web.CarController.getCars count=1928 sumNanos=301557254012 avgNanos=156409364
zil-additional-service  | 2026-05-05T00:13:03.153Z  INFO 1 --- [zil-additional-service] [   scheduling-1] r.a.observability.ObservabilityService   : LAB9 Observability window=10s category=http.main.rents count=239 sumNanos=98001763699 avgNanos=410049220
zil-additional-service  | 2026-05-05T00:13:03.153Z  INFO 1 --- [zil-additional-service] [   scheduling-1] r.a.observability.ObservabilityService   : LAB9 Observability window=10s category=http.main.cars count=237 sumNanos=84965197418 avgNanos=358502942
zil-additional-service  | 2026-05-05T00:13:03.153Z  INFO 1 --- [zil-additional-service] [   scheduling-1] r.a.observability.ObservabilityService   : LAB9 Observability window=10s category=web.additional.availability_new count=230 sumNanos=177645665483 avgNanos=772372458
zil-additional-service  | 2026-05-05T00:13:03.153Z  INFO 1 --- [zil-additional-service] [   scheduling-1] r.a.observability.ObservabilityService   : LAB9 Observability window=10s category=additional.statsComputation.availability.allCitiesAllDates count=230 sumNanos=48062900 avgNanos=208969
zil-additional-service  | 2026-05-05T00:13:03.153Z  INFO 1 --- [zil-additional-service] [   scheduling-1] r.a.observability.ObservabilityService   : LAB9 Observability window=30s category=additional.statsComputation.stats count=26 sumNanos=69231 avgNanos=2662
zil-additional-service  | 2026-05-05T00:13:03.153Z  INFO 1 --- [zil-additional-service] [   scheduling-1] r.a.observability.ObservabilityService   : LAB9 Observability window=30s category=web.additional.stats count=26 sumNanos=30458584251 avgNanos=1171484009
zil-additional-service  | 2026-05-05T00:13:03.154Z  INFO 1 --- [zil-additional-service] [   scheduling-1] r.a.observability.ObservabilityService   : LAB9 Observability window=30s category=http.main.rents count=503 sumNanos=315464967879 avgNanos=627166934
zil-additional-service  | 2026-05-05T00:13:03.158Z  INFO 1 --- [zil-additional-service] [   scheduling-1] r.a.observability.ObservabilityService   : LAB9 Observability window=30s category=http.main.cars count=498 sumNanos=257371888081 avgNanos=516811020
zil-additional-service  | 2026-05-05T00:13:03.158Z  INFO 1 --- [zil-additional-service] [   scheduling-1] r.a.observability.ObservabilityService   : LAB9 Observability window=30s category=web.additional.availability_new count=477 sumNanos=550539537963 avgNanos=1154170939
zil-app                 | 2026-05-05T00:16:08.538Z  INFO 1 --- [   scheduling-1] r.observability.ObservabilityService     : LAB9 Observability window=1m category=db.car.findAll count=1928 sumNanos=301549338137 avgNanos=156405258
zil-additional-service  | 2026-05-05T00:13:03.158Z  INFO 1 --- [zil-additional-service] [   scheduling-1] r.a.observability.ObservabilityService   : LAB9 Observability window=30s category=additional.statsComputation.availability.allCitiesAllDates count=477 sumNanos=155013436 avgNanos=324975
zil-additional-service  | 2026-05-05T00:13:03.159Z  INFO 1 --- [zil-additional-service] [   scheduling-1] r.a.observability.ObservabilityService   : LAB9 Observability window=1m category=additional.statsComputation.stats count=27 sumNanos=117678 avgNanos=4358
zil-app                 | 2026-05-05T00:16:13.539Z  INFO 1 --- [   scheduling-1] r.observability.ObservabilityService     : LAB9 Observability window=10s category=web.RentController.getRents count=468 sumNanos=71437800118 avgNanos=152644872
zil-additional-service  | 2026-05-05T00:13:03.159Z  INFO 1 --- [zil-additional-service] [   scheduling-1] r.a.observability.ObservabilityService   : LAB9 Observability window=1m category=web.additional.stats count=27 sumNanos=33349773791 avgNanos=1235176807
zil-app                 | 2026-05-05T00:16:13.539Z  INFO 1 --- [   scheduling-1] r.observability.ObservabilityService     : LAB9 Observability window=10s category=db.rent.findAll count=468 sumNanos=71437472506 avgNanos=152644172
zil-additional-service  | 2026-05-05T00:13:03.159Z  INFO 1 --- [zil-additional-service] [   scheduling-1] r.a.observability.ObservabilityService   : LAB9 Observability window=1m category=http.main.clients count=1 sumNanos=1977000469 avgNanos=1977000469
zil-app                 | 2026-05-05T00:16:13.540Z  INFO 1 --- [   scheduling-1] r.observability.ObservabilityService     : LAB9 Observability window=10s category=web.CarController.getCars count=468 sumNanos=71404911436 avgNanos=152574597
zil-additional-service  | 2026-05-05T00:13:03.159Z  INFO 1 --- [zil-additional-service] [   scheduling-1] r.a.observability.ObservabilityService   : LAB9 Observability window=1m category=http.main.rents count=504 sumNanos=316065348886 avgNanos=627113787
zil-additional-service  | 2026-05-05T00:13:03.160Z  INFO 1 --- [zil-additional-service] [   scheduling-1] r.a.observability.ObservabilityService   : LAB9 Observability window=1m category=http.main.cars count=511 sumNanos=267216326302 avgNanos=522928231
zil-additional-service  | 2026-05-05T00:13:03.160Z  INFO 1 --- [zil-additional-service] [   scheduling-1] r.a.observability.ObservabilityService   : LAB9 Observability window=1m category=web.additional.availability_new count=477 sumNanos=550539537963 avgNanos=1154170939
zil-additional-service  | 2026-05-05T00:13:03.160Z  INFO 1 --- [zil-additional-service] [   scheduling-1] r.a.observability.ObservabilityService   : LAB9 Observability window=1m category=additional.statsComputation.availability.allCitiesAllDates count=477 sumNanos=155013436 avgNanos=324975
zil-additional-service  | 2026-05-05T00:13:08.161Z  INFO 1 --- [zil-additional-service] [   scheduling-1] r.a.observability.ObservabilityService   : LAB9 Observability window=10s category=additional.statsComputation.stats count=13 sumNanos=33486 avgNanos=2575
zil-additional-service  | 2026-05-05T00:13:08.164Z  INFO 1 --- [zil-additional-service] [   scheduling-1] r.a.observability.ObservabilityService   : LAB9 Observability window=10s category=web.additional.stats count=13 sumNanos=8601324948 avgNanos=661640380
zil-additional-service  | 2026-05-05T00:13:08.164Z  INFO 1 --- [zil-additional-service] [   scheduling-1] r.a.observability.ObservabilityService   : LAB9 Observability window=10s category=http.main.rents count=270 sumNanos=91916407735 avgNanos=340431139
zil-additional-service  | 2026-05-05T00:13:08.164Z  INFO 1 --- [zil-additional-service] [   scheduling-1] r.a.observability.ObservabilityService   : LAB9 Observability window=10s category=http.main.cars count=268 sumNanos=88701285192 avgNanos=330974944
zil-additional-service  | 2026-05-05T00:13:08.164Z  INFO 1 --- [zil-additional-service] [   scheduling-1] r.a.observability.ObservabilityService   : LAB9 Observability window=10s category=web.additional.availability_new count=257 sumNanos=172362844947 avgNanos=670672548
zil-additional-service  | 2026-05-05T00:13:08.164Z  INFO 1 --- [zil-additional-service] [   scheduling-1] r.a.observability.ObservabilityService   : LAB9 Observability window=10s category=additional.statsComputation.availability.allCitiesAllDates count=257 sumNanos=57537936 avgNanos=223883
zil-additional-service  | 2026-05-05T00:13:08.164Z  INFO 1 --- [zil-additional-service] [   scheduling-1] r.a.observability.ObservabilityService   : LAB9 Observability window=30s category=additional.statsComputation.stats count=32 sumNanos=86654 avgNanos=2707
zil-additional-service  | 2026-05-05T00:13:08.164Z  INFO 1 --- [zil-additional-service] [   scheduling-1] r.a.observability.ObservabilityService   : LAB9 Observability window=30s category=web.additional.stats count=32 sumNanos=31342767355 avgNanos=979461479
zil-additional-service  | 2026-05-05T00:13:08.164Z  INFO 1 --- [zil-additional-service] [   scheduling-1] r.a.observability.ObservabilityService   : LAB9 Observability window=30s category=http.main.rents count=601 sumNanos=303453202376 avgNanos=504913814
zil-additional-service  | 2026-05-05T00:13:08.164Z  INFO 1 --- [zil-additional-service] [   scheduling-1] r.a.observability.ObservabilityService   : LAB9 Observability window=30s category=http.main.cars count=595 sumNanos=260417623478 avgNanos=437676678
zil-additional-service  | 2026-05-05T00:13:08.165Z  INFO 1 --- [zil-additional-service] [   scheduling-1] r.a.observability.ObservabilityService   : LAB9 Observability window=30s category=web.additional.availability_new count=569 sumNanos=542466536596 avgNanos=953368254
zil-app                 | 2026-05-05T00:16:13.545Z  INFO 1 --- [   scheduling-1] r.observability.ObservabilityService     : LAB9 Observability window=10s category=db.car.findAll count=468 sumNanos=71401284495 avgNanos=152566847
zil-app                 | 2026-05-05T00:16:13.545Z  INFO 1 --- [   scheduling-1] r.observability.ObservabilityService     : LAB9 Observability window=30s category=web.RentController.getRents count=1133 sumNanos=174606039780 avgNanos=154109479
zil-app                 | 2026-05-05T00:16:13.545Z  INFO 1 --- [   scheduling-1] r.observability.ObservabilityService     : LAB9 Observability window=30s category=db.rent.findAll count=1133 sumNanos=174604575762 avgNanos=154108186
zil-app                 | 2026-05-05T00:16:13.546Z  INFO 1 --- [   scheduling-1] r.observability.ObservabilityService     : LAB9 Observability window=30s category=web.CarController.getCars count=1143 sumNanos=178605811893 avgNanos=156260552
zil-app                 | 2026-05-05T00:16:13.546Z  INFO 1 --- [   scheduling-1] r.observability.ObservabilityService     : LAB9 Observability window=30s category=db.car.findAll count=1143 sumNanos=178600626547 avgNanos=156256016
zil-app                 | 2026-05-05T00:16:13.546Z  INFO 1 --- [   scheduling-1] r.observability.ObservabilityService     : LAB9 Observability window=1m category=web.RentController.getRents count=1928 sumNanos=296897559489 avgNanos=153992510
zil-app                 | 2026-05-05T00:16:13.546Z  INFO 1 --- [   scheduling-1] r.observability.ObservabilityService     : LAB9 Observability window=1m category=db.rent.findAll count=1928 sumNanos=296893949368 avgNanos=153990637
zil-app                 | 2026-05-05T00:16:13.546Z  INFO 1 --- [   scheduling-1] r.observability.ObservabilityService     : LAB9 Observability window=1m category=web.CarController.getCars count=1935 sumNanos=302985853613 avgNanos=156581836
zil-app                 | 2026-05-05T00:16:13.546Z  INFO 1 --- [   scheduling-1] r.observability.ObservabilityService     : LAB9 Observability window=1m category=db.car.findAll count=1935 sumNanos=302978594732 avgNanos=156578085
zil-app                 | 2026-05-05T00:16:18.546Z  INFO 1 --- [   scheduling-1] r.observability.ObservabilityService     : LAB9 Observability window=10s category=web.RentController.getRents count=466 sumNanos=71659793728 avgNanos=153776381
zil-additional-service  | 2026-05-05T00:13:08.165Z  INFO 1 --- [zil-additional-service] [   scheduling-1] r.a.observability.ObservabilityService   : LAB9 Observability window=30s category=additional.statsComputation.availability.allCitiesAllDates count=569 sumNanos=146916177 avgNanos=258200
zil-additional-service  | 2026-05-05T00:13:08.165Z  INFO 1 --- [zil-additional-service] [   scheduling-1] r.a.observability.ObservabilityService   : LAB9 Observability window=1m category=additional.statsComputation.stats count=35 sumNanos=139495 avgNanos=3985
zil-additional-service  | 2026-05-05T00:13:08.165Z  INFO 1 --- [zil-additional-service] [   scheduling-1] r.a.observability.ObservabilityService   : LAB9 Observability window=1m category=web.additional.stats count=35 sumNanos=38228175455 avgNanos=1092233584
zil-additional-service  | 2026-05-05T00:13:08.165Z  INFO 1 --- [zil-additional-service] [   scheduling-1] r.a.observability.ObservabilityService   : LAB9 Observability window=1m category=http.main.clients count=1 sumNanos=1977000469 avgNanos=1977000469
zil-additional-service  | 2026-05-05T00:13:08.165Z  INFO 1 --- [zil-additional-service] [   scheduling-1] r.a.observability.ObservabilityService   : LAB9 Observability window=1m category=http.main.rents count=644 sumNanos=361053372693 avgNanos=560641883
zil-additional-service  | 2026-05-05T00:13:08.165Z  INFO 1 --- [zil-additional-service] [   scheduling-1] r.a.observability.ObservabilityService   : LAB9 Observability window=1m category=http.main.cars count=651 sumNanos=312429711968 avgNanos=479922752
zil-additional-service  | 2026-05-05T00:13:08.165Z  INFO 1 --- [zil-additional-service] [   scheduling-1] r.a.observability.ObservabilityService   : LAB9 Observability window=1m category=web.additional.availability_new count=609 sumNanos=635354473344 avgNanos=1043274997
zil-additional-service  | 2026-05-05T00:13:08.165Z  INFO 1 --- [zil-additional-service] [   scheduling-1] r.a.observability.ObservabilityService   : LAB9 Observability window=1m category=additional.statsComputation.availability.allCitiesAllDates count=609 sumNanos=182369402 avgNanos=299457
zil-additional-service  | 2026-05-05T00:13:12.959Z  INFO 1 --- [zil-additional-service] [   scheduling-1] r.additional.service.ClientCacheService  : [client-cache-statistics] Client cache size=1000
zil-additional-service  | 2026-05-05T00:13:13.166Z  INFO 1 --- [zil-additional-service] [   scheduling-1] r.a.observability.ObservabilityService   : LAB9 Observability window=10s category=additional.statsComputation.stats count=16 sumNanos=43209 avgNanos=2700
zil-additional-service  | 2026-05-05T00:13:13.167Z  INFO 1 --- [zil-additional-service] [   scheduling-1] r.a.observability.ObservabilityService   : LAB9 Observability window=10s category=web.additional.stats count=16 sumNanos=10142654902 avgNanos=633915931
zil-additional-service  | 2026-05-05T00:13:13.167Z  INFO 1 --- [zil-additional-service] [   scheduling-1] r.a.observability.ObservabilityService   : LAB9 Observability window=10s category=http.main.rents count=299 sumNanos=89346556643 avgNanos=298817915
zil-additional-service  | 2026-05-05T00:13:13.167Z  INFO 1 --- [zil-additional-service] [   scheduling-1] r.a.observability.ObservabilityService   : LAB9 Observability window=10s category=http.main.cars count=304 sumNanos=87946665966 avgNanos=289298243
zil-additional-service  | 2026-05-05T00:13:13.167Z  INFO 1 --- [zil-additional-service] [   scheduling-1] r.a.observability.ObservabilityService   : LAB9 Observability window=10s category=web.additional.availability_new count=283 sumNanos=166883973635 avgNanos=589696019
zil-app                 | 2026-05-05T00:16:18.549Z  INFO 1 --- [   scheduling-1] r.observability.ObservabilityService     : LAB9 Observability window=10s category=db.rent.findAll count=466 sumNanos=71659465179 avgNanos=153775676
zil-additional-service  | 2026-05-05T00:13:13.167Z  INFO 1 --- [zil-additional-service] [   scheduling-1] r.a.observability.ObservabilityService   : LAB9 Observability window=10s category=additional.statsComputation.availability.allCitiesAllDates count=283 sumNanos=63902377 avgNanos=225803
zil-app                 | 2026-05-05T00:16:18.549Z  INFO 1 --- [   scheduling-1] r.observability.ObservabilityService     : LAB9 Observability window=10s category=web.CarController.getCars count=466 sumNanos=70463381355 avgNanos=151208972
zil-app                 | 2026-05-05T00:16:18.549Z  INFO 1 --- [   scheduling-1] r.observability.ObservabilityService     : LAB9 Observability window=10s category=db.car.findAll count=466 sumNanos=70463076002 avgNanos=151208317
zil-app                 | 2026-05-05T00:16:18.549Z  INFO 1 --- [   scheduling-1] r.observability.ObservabilityService     : LAB9 Observability window=30s category=web.RentController.getRents count=1363 sumNanos=210865475287 avgNanos=154706878
zil-app                 | 2026-05-05T00:16:18.549Z  INFO 1 --- [   scheduling-1] r.observability.ObservabilityService     : LAB9 Observability window=30s category=db.rent.findAll count=1363 sumNanos=210863839501 avgNanos=154705678
zil-app                 | 2026-05-05T00:16:18.549Z  INFO 1 --- [   scheduling-1] r.observability.ObservabilityService     : LAB9 Observability window=30s category=web.CarController.getCars count=1359 sumNanos=211585607458 avgNanos=155692132
zil-app                 | 2026-05-05T00:16:18.549Z  INFO 1 --- [   scheduling-1] r.observability.ObservabilityService     : LAB9 Observability window=30s category=db.car.findAll count=1359 sumNanos=211580302186 avgNanos=155688228
zil-app                 | 2026-05-05T00:16:18.550Z  INFO 1 --- [   scheduling-1] r.observability.ObservabilityService     : LAB9 Observability window=1m category=web.RentController.getRents count=1965 sumNanos=301153495234 avgNanos=153258776
zil-additional-service  | 2026-05-05T00:13:13.167Z  INFO 1 --- [zil-additional-service] [   scheduling-1] r.a.observability.ObservabilityService   : LAB9 Observability window=30s category=additional.statsComputation.stats count=37 sumNanos=101706 avgNanos=2748
zil-additional-service  | 2026-05-05T00:13:13.167Z  INFO 1 --- [zil-additional-service] [   scheduling-1] r.a.observability.ObservabilityService   : LAB9 Observability window=30s category=web.additional.stats count=37 sumNanos=31079049675 avgNanos=839974315
zil-additional-service  | 2026-05-05T00:13:13.168Z  INFO 1 --- [zil-additional-service] [   scheduling-1] r.a.observability.ObservabilityService   : LAB9 Observability window=30s category=http.main.rents count=704 sumNanos=293306761009 avgNanos=416628921
zil-additional-service  | 2026-05-05T00:13:13.168Z  INFO 1 --- [zil-additional-service] [   scheduling-1] r.a.observability.ObservabilityService   : LAB9 Observability window=30s category=http.main.cars count=704 sumNanos=258548230585 avgNanos=367256009
zil-additional-service  | 2026-05-05T00:13:13.168Z  INFO 1 --- [zil-additional-service] [   scheduling-1] r.a.observability.ObservabilityService   : LAB9 Observability window=30s category=web.additional.availability_new count=667 sumNanos=527337910383 avgNanos=790611559
zil-additional-service  | 2026-05-05T00:13:13.168Z  INFO 1 --- [zil-additional-service] [   scheduling-1] r.a.observability.ObservabilityService   : LAB9 Observability window=30s category=additional.statsComputation.availability.allCitiesAllDates count=667 sumNanos=148603377 avgNanos=222793
zil-additional-service  | 2026-05-05T00:13:13.168Z  INFO 1 --- [zil-additional-service] [   scheduling-1] r.a.observability.ObservabilityService   : LAB9 Observability window=1m category=additional.statsComputation.stats count=43 sumNanos=160887 avgNanos=3741
zil-additional-service  | 2026-05-05T00:13:13.168Z  INFO 1 --- [zil-additional-service] [   scheduling-1] r.a.observability.ObservabilityService   : LAB9 Observability window=1m category=web.additional.stats count=43 sumNanos=43492428693 avgNanos=1011451830
zil-additional-service  | 2026-05-05T00:13:13.168Z  INFO 1 --- [zil-additional-service] [   scheduling-1] r.a.observability.ObservabilityService   : LAB9 Observability window=1m category=http.main.clients count=1 sumNanos=1977000469 avgNanos=1977000469
zil-additional-service  | 2026-05-05T00:13:13.168Z  INFO 1 --- [zil-additional-service] [   scheduling-1] r.a.observability.ObservabilityService   : LAB9 Observability window=1m category=http.main.rents count=803 sumNanos=405411905529 avgNanos=504871613
zil-additional-service  | 2026-05-05T00:13:13.169Z  INFO 1 --- [zil-additional-service] [   scheduling-1] r.a.observability.ObservabilityService   : LAB9 Observability window=1m category=http.main.cars count=815 sumNanos=355162992268 avgNanos=435782812
zil-additional-service  | 2026-05-05T00:13:13.169Z  INFO 1 --- [zil-additional-service] [   scheduling-1] r.a.observability.ObservabilityService   : LAB9 Observability window=1m category=web.additional.availability_new count=760 sumNanos=717423511598 avgNanos=943978304
zil-additional-service  | 2026-05-05T00:13:13.169Z  INFO 1 --- [zil-additional-service] [   scheduling-1] r.a.observability.ObservabilityService   : LAB9 Observability window=1m category=additional.statsComputation.availability.allCitiesAllDates count=760 sumNanos=218915813 avgNanos=288047
zil-additional-service  | 2026-05-05T00:13:18.170Z  INFO 1 --- [zil-additional-service] [   scheduling-1] r.a.observability.ObservabilityService   : LAB9 Observability window=10s category=additional.statsComputation.stats count=17 sumNanos=46638 avgNanos=2743
zil-additional-service  | 2026-05-05T00:13:18.170Z  INFO 1 --- [zil-additional-service] [   scheduling-1] r.a.observability.ObservabilityService   : LAB9 Observability window=10s category=web.additional.stats count=17 sumNanos=10053633572 avgNanos=591390210
zil-additional-service  | 2026-05-05T00:13:18.170Z  INFO 1 --- [zil-additional-service] [   scheduling-1] r.a.observability.ObservabilityService   : LAB9 Observability window=10s category=http.main.rents count=331 sumNanos=87970930277 avgNanos=265773203
zil-additional-service  | 2026-05-05T00:13:18.170Z  INFO 1 --- [zil-additional-service] [   scheduling-1] r.a.observability.ObservabilityService   : LAB9 Observability window=10s category=http.main.cars count=335 sumNanos=83874642183 avgNanos=250372066
zil-additional-service  | 2026-05-05T00:13:18.170Z  INFO 1 --- [zil-additional-service] [   scheduling-1] r.a.observability.ObservabilityService   : LAB9 Observability window=10s category=web.additional.availability_new count=314 sumNanos=162526773361 avgNanos=517601189
zil-additional-service  | 2026-05-05T00:13:18.170Z  INFO 1 --- [zil-additional-service] [   scheduling-1] r.a.observability.ObservabilityService   : LAB9 Observability window=10s category=additional.statsComputation.availability.allCitiesAllDates count=314 sumNanos=114606200 avgNanos=364987
zil-additional-service  | 2026-05-05T00:13:18.171Z  INFO 1 --- [zil-additional-service] [   scheduling-1] r.a.observability.ObservabilityService   : LAB9 Observability window=30s category=additional.statsComputation.stats count=40 sumNanos=114911 avgNanos=2872
zil-additional-service  | 2026-05-05T00:13:18.171Z  INFO 1 --- [zil-additional-service] [   scheduling-1] r.a.observability.ObservabilityService   : LAB9 Observability window=30s category=web.additional.stats count=40 sumNanos=27302588630 avgNanos=682564715
zil-additional-service  | 2026-05-05T00:13:18.171Z  INFO 1 --- [zil-additional-service] [   scheduling-1] r.a.observability.ObservabilityService   : LAB9 Observability window=30s category=http.main.rents count=804 sumNanos=285665658021 avgNanos=355305544
zil-additional-service  | 2026-05-05T00:13:18.172Z  INFO 1 --- [zil-additional-service] [   scheduling-1] r.a.observability.ObservabilityService   : LAB9 Observability window=30s category=http.main.cars count=804 sumNanos=255876509310 avgNanos=318254364
zil-additional-service  | 2026-05-05T00:13:18.172Z  INFO 1 --- [zil-additional-service] [   scheduling-1] r.a.observability.ObservabilityService   : LAB9 Observability window=30s category=web.additional.availability_new count=764 sumNanos=519225855717 avgNanos=679614994
zil-additional-service  | 2026-05-05T00:13:18.172Z  INFO 1 --- [zil-additional-service] [   scheduling-1] r.a.observability.ObservabilityService   : LAB9 Observability window=30s category=additional.statsComputation.availability.allCitiesAllDates count=764 sumNanos=212980945 avgNanos=278770
zil-additional-service  | 2026-05-05T00:13:18.173Z  INFO 1 --- [zil-additional-service] [   scheduling-1] r.a.observability.ObservabilityService   : LAB9 Observability window=1m category=additional.statsComputation.stats count=52 sumNanos=186133 avgNanos=3579
zil-additional-service  | 2026-05-05T00:13:18.174Z  INFO 1 --- [zil-additional-service] [   scheduling-1] r.a.observability.ObservabilityService   : LAB9 Observability window=1m category=web.additional.stats count=52 sumNanos=48281809027 avgNanos=928496327
zil-additional-service  | 2026-05-05T00:13:18.174Z  INFO 1 --- [zil-additional-service] [   scheduling-1] r.a.observability.ObservabilityService   : LAB9 Observability window=1m category=http.main.clients count=1 sumNanos=1977000469 avgNanos=1977000469
zil-additional-service  | 2026-05-05T00:13:18.174Z  INFO 1 --- [zil-additional-service] [   scheduling-1] r.a.observability.ObservabilityService   : LAB9 Observability window=1m category=http.main.rents count=975 sumNanos=449024302970 avgNanos=460537746
zil-additional-service  | 2026-05-05T00:13:18.174Z  INFO 1 --- [zil-additional-service] [   scheduling-1] r.a.observability.ObservabilityService   : LAB9 Observability window=1m category=http.main.cars count=986 sumNanos=396304354151 avgNanos=401931393
zil-additional-service  | 2026-05-05T00:13:18.174Z  INFO 1 --- [zil-additional-service] [   scheduling-1] r.a.observability.ObservabilityService   : LAB9 Observability window=1m category=web.additional.availability_new count=923 sumNanos=797881246705 avgNanos=864443387
zil-additional-service  | 2026-05-05T00:13:18.174Z  INFO 1 --- [zil-additional-service] [   scheduling-1] r.a.observability.ObservabilityService   : LAB9 Observability window=1m category=additional.statsComputation.availability.allCitiesAllDates count=923 sumNanos=296975602 avgNanos=321750
zil-additional-service  | 2026-05-05T00:13:22.984Z  INFO 1 --- [zil-additional-service] [   scheduling-1] r.additional.service.ClientCacheService  : [client-cache-statistics] Client cache size=1000
zil-additional-service  | 2026-05-05T00:13:23.176Z  INFO 1 --- [zil-additional-service] [   scheduling-1] r.a.observability.ObservabilityService   : LAB9 Observability window=10s category=additional.statsComputation.stats count=15 sumNanos=42103 avgNanos=2806
zil-additional-service  | 2026-05-05T00:13:23.177Z  INFO 1 --- [zil-additional-service] [   scheduling-1] r.a.observability.ObservabilityService   : LAB9 Observability window=10s category=web.additional.stats count=15 sumNanos=7488607849 avgNanos=499240523
zil-additional-service  | 2026-05-05T00:13:23.177Z  INFO 1 --- [zil-additional-service] [   scheduling-1] r.a.observability.ObservabilityService   : LAB9 Observability window=10s category=http.main.rents count=339 sumNanos=87715751667 avgNanos=258748529
zil-additional-service  | 2026-05-05T00:13:23.177Z  INFO 1 --- [zil-additional-service] [   scheduling-1] r.a.observability.ObservabilityService   : LAB9 Observability window=10s category=http.main.cars count=338 sumNanos=82260638983 avgNanos=243374671
zil-additional-service  | 2026-05-05T00:13:23.177Z  INFO 1 --- [zil-additional-service] [   scheduling-1] r.a.observability.ObservabilityService   : LAB9 Observability window=10s category=web.additional.availability_new count=324 sumNanos=162522538048 avgNanos=501612771
zil-additional-service  | 2026-05-05T00:13:23.177Z  INFO 1 --- [zil-additional-service] [   scheduling-1] r.a.observability.ObservabilityService   : LAB9 Observability window=10s category=additional.statsComputation.availability.allCitiesAllDates count=324 sumNanos=119313622 avgNanos=368251
zil-additional-service  | 2026-05-05T00:13:23.178Z  INFO 1 --- [zil-additional-service] [   scheduling-1] r.a.observability.ObservabilityService   : LAB9 Observability window=30s category=additional.statsComputation.stats count=40 sumNanos=120445 avgNanos=3011
zil-additional-service  | 2026-05-05T00:13:23.178Z  INFO 1 --- [zil-additional-service] [   scheduling-1] r.a.observability.ObservabilityService   : LAB9 Observability window=30s category=web.additional.stats count=40 sumNanos=24442173272 avgNanos=611054331
zil-additional-service  | 2026-05-05T00:13:23.178Z  INFO 1 --- [zil-additional-service] [   scheduling-1] r.a.observability.ObservabilityService   : LAB9 Observability window=30s category=http.main.rents count=877 sumNanos=275064072009 avgNanos=313642043
zil-additional-service  | 2026-05-05T00:13:23.179Z  INFO 1 --- [zil-additional-service] [   scheduling-1] r.a.observability.ObservabilityService   : LAB9 Observability window=30s category=http.main.cars count=879 sumNanos=255172502367 avgNanos=290298637
zil-additional-service  | 2026-05-05T00:13:23.179Z  INFO 1 --- [zil-additional-service] [   scheduling-1] r.a.observability.ObservabilityService   : LAB9 Observability window=30s category=web.additional.availability_new count=837 sumNanos=507052177166 avgNanos=605797105
zil-additional-service  | 2026-05-05T00:13:23.181Z  INFO 1 --- [zil-additional-service] [   scheduling-1] r.a.observability.ObservabilityService   : LAB9 Observability window=30s category=additional.statsComputation.availability.allCitiesAllDates count=837 sumNanos=231278899 avgNanos=276318
zil-additional-service  | 2026-05-05T00:13:23.182Z  INFO 1 --- [zil-additional-service] [   scheduling-1] r.a.observability.ObservabilityService   : LAB9 Observability window=1m category=additional.statsComputation.stats count=58 sumNanos=202990 avgNanos=3499
zil-additional-service  | 2026-05-05T00:13:23.183Z  INFO 1 --- [zil-additional-service] [   scheduling-1] r.a.observability.ObservabilityService   : LAB9 Observability window=1m category=web.additional.stats count=58 sumNanos=50981036542 avgNanos=878983388
zil-additional-service  | 2026-05-05T00:13:23.183Z  INFO 1 --- [zil-additional-service] [   scheduling-1] r.a.observability.ObservabilityService   : LAB9 Observability window=1m category=http.main.clients count=1 sumNanos=1977000469 avgNanos=1977000469
zil-additional-service  | 2026-05-05T00:13:23.183Z  INFO 1 --- [zil-additional-service] [   scheduling-1] r.a.observability.ObservabilityService   : LAB9 Observability window=1m category=http.main.rents count=1142 sumNanos=493127657196 avgNanos=431810557
zil-additional-service  | 2026-05-05T00:13:23.183Z  INFO 1 --- [zil-additional-service] [   scheduling-1] r.a.observability.ObservabilityService   : LAB9 Observability window=1m category=http.main.cars count=1153 sumNanos=437423631251 avgNanos=379378691
zil-additional-service  | 2026-05-05T00:13:23.183Z  INFO 1 --- [zil-additional-service] [   scheduling-1] r.a.observability.ObservabilityService   : LAB9 Observability window=1m category=web.additional.availability_new count=1084 sumNanos=879946049646 avgNanos=811758348
zil-additional-service  | 2026-05-05T00:13:23.183Z  INFO 1 --- [zil-additional-service] [   scheduling-1] r.a.observability.ObservabilityService   : LAB9 Observability window=1m category=additional.statsComputation.availability.allCitiesAllDates count=1084 sumNanos=338229435 avgNanos=312019
zil-additional-service  | 2026-05-05T00:13:28.186Z  INFO 1 --- [zil-additional-service] [   scheduling-1] r.a.observability.ObservabilityService   : LAB9 Observability window=10s category=additional.statsComputation.stats count=12 sumNanos=33732 avgNanos=2811
zil-additional-service  | 2026-05-05T00:13:28.189Z  INFO 1 --- [zil-additional-service] [   scheduling-1] r.a.observability.ObservabilityService   : LAB9 Observability window=10s category=web.additional.stats count=12 sumNanos=5255893646 avgNanos=437991137
zil-additional-service  | 2026-05-05T00:13:28.189Z  INFO 1 --- [zil-additional-service] [   scheduling-1] r.a.observability.ObservabilityService   : LAB9 Observability window=10s category=http.main.rents count=343 sumNanos=88853684516 avgNanos=259048642
zil-additional-service  | 2026-05-05T00:13:28.189Z  INFO 1 --- [zil-additional-service] [   scheduling-1] r.a.observability.ObservabilityService   : LAB9 Observability window=10s category=http.main.cars count=339 sumNanos=82930235026 avgNanos=244631961
zil-additional-service  | 2026-05-05T00:13:28.189Z  INFO 1 --- [zil-additional-service] [   scheduling-1] r.a.observability.ObservabilityService   : LAB9 Observability window=10s category=web.additional.availability_new count=331 sumNanos=167397768074 avgNanos=505733438
zil-additional-service  | 2026-05-05T00:13:28.189Z  INFO 1 --- [zil-additional-service] [   scheduling-1] r.a.observability.ObservabilityService   : LAB9 Observability window=10s category=additional.statsComputation.availability.allCitiesAllDates count=331 sumNanos=112873973 avgNanos=341008
zil-additional-service  | 2026-05-05T00:13:28.190Z  INFO 1 --- [zil-additional-service] [   scheduling-1] r.a.observability.ObservabilityService   : LAB9 Observability window=30s category=additional.statsComputation.stats count=42 sumNanos=113856 avgNanos=2710
zil-additional-service  | 2026-05-05T00:13:28.190Z  INFO 1 --- [zil-additional-service] [   scheduling-1] r.a.observability.ObservabilityService   : LAB9 Observability window=30s category=web.additional.stats count=42 sumNanos=23910852166 avgNanos=569306003
zil-additional-service  | 2026-05-05T00:13:28.190Z  INFO 1 --- [zil-additional-service] [   scheduling-1] r.a.observability.ObservabilityService   : LAB9 Observability window=30s category=http.main.rents count=944 sumNanos=268741022528 avgNanos=284683286
zil-additional-service  | 2026-05-05T00:13:28.191Z  INFO 1 --- [zil-additional-service] [   scheduling-1] r.a.observability.ObservabilityService   : LAB9 Observability window=30s category=http.main.cars count=942 sumNanos=255506162401 avgNanos=271237964
zil-additional-service  | 2026-05-05T00:13:28.191Z  INFO 1 --- [zil-additional-service] [   scheduling-1] r.a.observability.ObservabilityService   : LAB9 Observability window=30s category=web.additional.availability_new count=902 sumNanos=502287386382 avgNanos=556859630
zil-additional-service  | 2026-05-05T00:13:28.191Z  INFO 1 --- [zil-additional-service] [   scheduling-1] r.a.observability.ObservabilityService   : LAB9 Observability window=30s category=additional.statsComputation.availability.allCitiesAllDates count=902 sumNanos=285018109 avgNanos=315984
zil-additional-service  | 2026-05-05T00:13:28.191Z  INFO 1 --- [zil-additional-service] [   scheduling-1] r.a.observability.ObservabilityService   : LAB9 Observability window=1m category=additional.statsComputation.stats count=64 sumNanos=219865 avgNanos=3435
zil-additional-service  | 2026-05-05T00:13:28.192Z  INFO 1 --- [zil-additional-service] [   scheduling-1] r.a.observability.ObservabilityService   : LAB9 Observability window=1m category=web.additional.stats count=64 sumNanos=53537702673 avgNanos=836526604
zil-additional-service  | 2026-05-05T00:13:28.192Z  INFO 1 --- [zil-additional-service] [   scheduling-1] r.a.observability.ObservabilityService   : LAB9 Observability window=1m category=http.main.clients count=1 sumNanos=1977000469 avgNanos=1977000469
zil-additional-service  | 2026-05-05T00:13:28.192Z  INFO 1 --- [zil-additional-service] [   scheduling-1] r.a.observability.ObservabilityService   : LAB9 Observability window=1m category=http.main.rents count=1318 sumNanos=537877987486 avgNanos=408101659
zil-additional-service  | 2026-05-05T00:13:28.192Z  INFO 1 --- [zil-additional-service] [   scheduling-1] r.a.observability.ObservabilityService   : LAB9 Observability window=1m category=http.main.cars count=1325 sumNanos=479234589177 avgNanos=361686482
zil-additional-service  | 2026-05-05T00:13:28.192Z  INFO 1 --- [zil-additional-service] [   scheduling-1] r.a.observability.ObservabilityService   : LAB9 Observability window=1m category=web.additional.availability_new count=1254 sumNanos=965279014779 avgNanos=769759979
zil-additional-service  | 2026-05-05T00:13:28.192Z  INFO 1 --- [zil-additional-service] [   scheduling-1] r.a.observability.ObservabilityService   : LAB9 Observability window=1m category=additional.statsComputation.availability.allCitiesAllDates count=1254 sumNanos=409849575 avgNanos=326833
zil-additional-service  | 2026-05-05T00:13:32.959Z  INFO 1 --- [zil-additional-service] [   scheduling-1] r.additional.service.ClientCacheService  : [client-cache-statistics] Client cache size=1000
zil-additional-service  | 2026-05-05T00:13:33.193Z  INFO 1 --- [zil-additional-service] [   scheduling-1] r.a.observability.ObservabilityService   : LAB9 Observability window=10s category=additional.statsComputation.stats count=15 sumNanos=41442 avgNanos=2762
zil-additional-service  | 2026-05-05T00:13:33.194Z  INFO 1 --- [zil-additional-service] [   scheduling-1] r.a.observability.ObservabilityService   : LAB9 Observability window=10s category=web.additional.stats count=15 sumNanos=7697709429 avgNanos=513180628
zil-additional-service  | 2026-05-05T00:13:33.194Z  INFO 1 --- [zil-additional-service] [   scheduling-1] r.a.observability.ObservabilityService   : LAB9 Observability window=10s category=http.main.rents count=350 sumNanos=88783034269 avgNanos=253665812
zil-additional-service  | 2026-05-05T00:13:33.195Z  INFO 1 --- [zil-additional-service] [   scheduling-1] r.a.observability.ObservabilityService   : LAB9 Observability window=10s category=http.main.cars count=353 sumNanos=82845750115 avgNanos=234690510
zil-additional-service  | 2026-05-05T00:13:33.195Z  INFO 1 --- [zil-additional-service] [   scheduling-1] r.a.observability.ObservabilityService   : LAB9 Observability window=10s category=web.additional.availability_new count=335 sumNanos=164078814159 avgNanos=489787504
zil-additional-service  | 2026-05-05T00:13:33.195Z  INFO 1 --- [zil-additional-service] [   scheduling-1] r.a.observability.ObservabilityService   : LAB9 Observability window=10s category=additional.statsComputation.availability.allCitiesAllDates count=335 sumNanos=220280904 avgNanos=657554
zil-additional-service  | 2026-05-05T00:13:33.196Z  INFO 1 --- [zil-additional-service] [   scheduling-1] r.a.observability.ObservabilityService   : LAB9 Observability window=30s category=additional.statsComputation.stats count=46 sumNanos=126754 avgNanos=2755
zil-additional-service  | 2026-05-05T00:13:33.196Z  INFO 1 --- [zil-additional-service] [   scheduling-1] r.a.observability.ObservabilityService   : LAB9 Observability window=30s category=web.additional.stats count=46 sumNanos=25328972180 avgNanos=550629830
zil-additional-service  | 2026-05-05T00:13:33.196Z  INFO 1 --- [zil-additional-service] [   scheduling-1] r.a.observability.ObservabilityService   : LAB9 Observability window=30s category=http.main.rents count=988 sumNanos=265845342579 avgNanos=269074233
zil-additional-service  | 2026-05-05T00:13:33.196Z  INFO 1 --- [zil-additional-service] [   scheduling-1] r.a.observability.ObservabilityService   : LAB9 Observability window=30s category=http.main.cars count=995 sumNanos=253053055064 avgNanos=254324678
zil-additional-service  | 2026-05-05T00:13:33.197Z  INFO 1 --- [zil-additional-service] [   scheduling-1] r.a.observability.ObservabilityService   : LAB9 Observability window=30s category=web.additional.availability_new count=942 sumNanos=493485325842 avgNanos=523869772
zil-additional-service  | 2026-05-05T00:13:33.197Z  INFO 1 --- [zil-additional-service] [   scheduling-1] r.a.observability.ObservabilityService   : LAB9 Observability window=30s category=additional.statsComputation.availability.allCitiesAllDates count=942 sumNanos=403496903 avgNanos=428340
zil-additional-service  | 2026-05-05T00:13:33.197Z  INFO 1 --- [zil-additional-service] [   scheduling-1] r.a.observability.ObservabilityService   : LAB9 Observability window=1m category=additional.statsComputation.stats count=72 sumNanos=195985 avgNanos=2722
zil-additional-service  | 2026-05-05T00:13:33.197Z  INFO 1 --- [zil-additional-service] [   scheduling-1] r.a.observability.ObservabilityService   : LAB9 Observability window=1m category=web.additional.stats count=72 sumNanos=55787556431 avgNanos=774827172
zil-additional-service  | 2026-05-05T00:13:33.197Z  INFO 1 --- [zil-additional-service] [   scheduling-1] r.a.observability.ObservabilityService   : LAB9 Observability window=1m category=http.main.rents count=1491 sumNanos=581310310458 avgNanos=389879483
zil-additional-service  | 2026-05-05T00:13:33.197Z  INFO 1 --- [zil-additional-service] [   scheduling-1] r.a.observability.ObservabilityService   : LAB9 Observability window=1m category=http.main.cars count=1492 sumNanos=509320949287 avgNanos=341367928
zil-additional-service  | 2026-05-05T00:13:33.197Z  INFO 1 --- [zil-additional-service] [   scheduling-1] r.a.observability.ObservabilityService   : LAB9 Observability window=1m category=web.additional.availability_new count=1419 sumNanos=1044024863805 avgNanos=735746908
zil-additional-service  | 2026-05-05T00:13:33.197Z  INFO 1 --- [zil-additional-service] [   scheduling-1] r.a.observability.ObservabilityService   : LAB9 Observability window=1m category=additional.statsComputation.availability.allCitiesAllDates count=1419 sumNanos=558510339 avgNanos=393594
zil-additional-service  | 2026-05-05T00:13:38.249Z  INFO 1 --- [zil-additional-service] [   scheduling-1] r.a.observability.ObservabilityService   : LAB9 Observability window=10s category=additional.statsComputation.stats count=17 sumNanos=47630 avgNanos=2801
zil-additional-service  | 2026-05-05T00:13:38.254Z  INFO 1 --- [zil-additional-service] [   scheduling-1] r.a.observability.ObservabilityService   : LAB9 Observability window=10s category=web.additional.stats count=17 sumNanos=8864477135 avgNanos=521439831
zil-additional-service  | 2026-05-05T00:13:38.254Z  INFO 1 --- [zil-additional-service] [   scheduling-1] r.a.observability.ObservabilityService   : LAB9 Observability window=10s category=http.main.rents count=365 sumNanos=87139961877 avgNanos=238739621
zil-additional-service  | 2026-05-05T00:13:38.254Z  INFO 1 --- [zil-additional-service] [   scheduling-1] r.a.observability.ObservabilityService   : LAB9 Observability window=10s category=http.main.cars count=365 sumNanos=81315557536 avgNanos=222782349
zil-additional-service  | 2026-05-05T00:13:38.254Z  INFO 1 --- [zil-additional-service] [   scheduling-1] r.a.observability.ObservabilityService   : LAB9 Observability window=10s category=web.additional.availability_new count=348 sumNanos=160182263044 avgNanos=460293859
zil-additional-service  | 2026-05-05T00:13:38.254Z  INFO 1 --- [zil-additional-service] [   scheduling-1] r.a.observability.ObservabilityService   : LAB9 Observability window=10s category=additional.statsComputation.availability.allCitiesAllDates count=348 sumNanos=197524932 avgNanos=567600
zil-additional-service  | 2026-05-05T00:13:38.254Z  INFO 1 --- [zil-additional-service] [   scheduling-1] r.a.observability.ObservabilityService   : LAB9 Observability window=30s category=additional.statsComputation.stats count=46 sumNanos=128000 avgNanos=2782
zil-additional-service  | 2026-05-05T00:13:38.254Z  INFO 1 --- [zil-additional-service] [   scheduling-1] r.a.observability.ObservabilityService   : LAB9 Observability window=30s category=web.additional.stats count=46 sumNanos=24174004353 avgNanos=525521833
zil-additional-service  | 2026-05-05T00:13:38.254Z  INFO 1 --- [zil-additional-service] [   scheduling-1] r.a.observability.ObservabilityService   : LAB9 Observability window=30s category=http.main.rents count=1040 sumNanos=264126104135 avgNanos=253967407
zil-additional-service  | 2026-05-05T00:13:38.255Z  INFO 1 --- [zil-additional-service] [   scheduling-1] r.a.observability.ObservabilityService   : LAB9 Observability window=30s category=http.main.cars count=1035 sumNanos=246994113944 avgNanos=238641655
zil-additional-service  | 2026-05-05T00:13:38.255Z  INFO 1 --- [zil-additional-service] [   scheduling-1] r.a.observability.ObservabilityService   : LAB9 Observability window=30s category=web.additional.availability_new count=994 sumNanos=490341204720 avgNanos=493301010
zil-additional-service  | 2026-05-05T00:13:38.255Z  INFO 1 --- [zil-additional-service] [   scheduling-1] r.a.observability.ObservabilityService   : LAB9 Observability window=30s category=additional.statsComputation.availability.allCitiesAllDates count=994 sumNanos=425047498 avgNanos=427613
zil-additional-service  | 2026-05-05T00:13:38.255Z  INFO 1 --- [zil-additional-service] [   scheduling-1] r.a.observability.ObservabilityService   : LAB9 Observability window=1m category=additional.statsComputation.stats count=78 sumNanos=214654 avgNanos=2751
zil-additional-service  | 2026-05-05T00:13:38.255Z  INFO 1 --- [zil-additional-service] [   scheduling-1] r.a.observability.ObservabilityService   : LAB9 Observability window=1m category=web.additional.stats count=78 sumNanos=55516771708 avgNanos=711753483
zil-additional-service  | 2026-05-05T00:13:38.255Z  INFO 1 --- [zil-additional-service] [   scheduling-1] r.a.observability.ObservabilityService   : LAB9 Observability window=1m category=http.main.rents count=1643 sumNanos=567757835007 avgNanos=345561676
zil-additional-service  | 2026-05-05T00:13:38.255Z  INFO 1 --- [zil-additional-service] [   scheduling-1] r.a.observability.ObservabilityService   : LAB9 Observability window=1m category=http.main.cars count=1635 sumNanos=508824958987 avgNanos=311207925
zil-additional-service  | 2026-05-05T00:13:38.255Z  INFO 1 --- [zil-additional-service] [   scheduling-1] r.a.observability.ObservabilityService   : LAB9 Observability window=1m category=web.additional.availability_new count=1565 sumNanos=1033365795750 avgNanos=660297633
zil-additional-service  | 2026-05-05T00:13:38.255Z  INFO 1 --- [zil-additional-service] [   scheduling-1] r.a.observability.ObservabilityService   : LAB9 Observability window=1m category=additional.statsComputation.availability.allCitiesAllDates count=1565 sumNanos=572101410 avgNanos=365560
zil-additional-service  | 2026-05-05T00:13:42.959Z  INFO 1 --- [zil-additional-service] [   scheduling-1] r.additional.service.ClientCacheService  : [client-cache-statistics] Client cache size=1000
zil-additional-service  | 2026-05-05T00:13:43.256Z  INFO 1 --- [zil-additional-service] [   scheduling-1] r.a.observability.ObservabilityService   : LAB9 Observability window=10s category=additional.statsComputation.stats count=19 sumNanos=55352 avgNanos=2913
zil-additional-service  | 2026-05-05T00:13:43.258Z  INFO 1 --- [zil-additional-service] [   scheduling-1] r.a.observability.ObservabilityService   : LAB9 Observability window=10s category=web.additional.stats count=19 sumNanos=8909833026 avgNanos=468938580
zil-additional-service  | 2026-05-05T00:13:43.258Z  INFO 1 --- [zil-additional-service] [   scheduling-1] r.a.observability.ObservabilityService   : LAB9 Observability window=10s category=http.main.rents count=377 sumNanos=84739555456 avgNanos=224773356
zil-additional-service  | 2026-05-05T00:13:43.258Z  INFO 1 --- [zil-additional-service] [   scheduling-1] r.a.observability.ObservabilityService   : LAB9 Observability window=10s category=http.main.cars count=378 sumNanos=82578037889 avgNanos=218460417
zil-additional-service  | 2026-05-05T00:13:43.259Z  INFO 1 --- [zil-additional-service] [   scheduling-1] r.a.observability.ObservabilityService   : LAB9 Observability window=10s category=web.additional.availability_new count=358 sumNanos=158222938481 avgNanos=441963515
zil-additional-service  | 2026-05-05T00:13:43.259Z  INFO 1 --- [zil-additional-service] [   scheduling-1] r.a.observability.ObservabilityService   : LAB9 Observability window=10s category=additional.statsComputation.availability.allCitiesAllDates count=358 sumNanos=97808146 avgNanos=273207
zil-additional-service  | 2026-05-05T00:13:43.259Z  INFO 1 --- [zil-additional-service] [   scheduling-1] r.a.observability.ObservabilityService   : LAB9 Observability window=30s category=additional.statsComputation.stats count=48 sumNanos=136085 avgNanos=2835
zil-additional-service  | 2026-05-05T00:13:43.259Z  INFO 1 --- [zil-additional-service] [   scheduling-1] r.a.observability.ObservabilityService   : LAB9 Observability window=30s category=web.additional.stats count=48 sumNanos=23691542359 avgNanos=493573799
zil-additional-service  | 2026-05-05T00:13:43.260Z  INFO 1 --- [zil-additional-service] [   scheduling-1] r.a.observability.ObservabilityService   : LAB9 Observability window=30s category=http.main.rents count=1066 sumNanos=260815451274 avgNanos=244667402
zil-additional-service  | 2026-05-05T00:13:43.260Z  INFO 1 --- [zil-additional-service] [   scheduling-1] r.a.observability.ObservabilityService   : LAB9 Observability window=30s category=http.main.cars count=1068 sumNanos=247529785671 avgNanos=231769462
zil-additional-service  | 2026-05-05T00:13:43.260Z  INFO 1 --- [zil-additional-service] [   scheduling-1] r.a.observability.ObservabilityService   : LAB9 Observability window=30s category=web.additional.availability_new count=1018 sumNanos=484958313855 avgNanos=476383412
zil-additional-service  | 2026-05-05T00:13:43.260Z  INFO 1 --- [zil-additional-service] [   scheduling-1] r.a.observability.ObservabilityService   : LAB9 Observability window=30s category=additional.statsComputation.availability.allCitiesAllDates count=1018 sumNanos=437801118 avgNanos=430060
zil-additional-service  | 2026-05-05T00:13:43.260Z  INFO 1 --- [zil-additional-service] [   scheduling-1] r.a.observability.ObservabilityService   : LAB9 Observability window=1m category=additional.statsComputation.stats count=86 sumNanos=240603 avgNanos=2797
zil-additional-service  | 2026-05-05T00:13:43.260Z  INFO 1 --- [zil-additional-service] [   scheduling-1] r.a.observability.ObservabilityService   : LAB9 Observability window=1m category=web.additional.stats count=86 sumNanos=55175199979 avgNanos=641572092
zil-additional-service  | 2026-05-05T00:13:43.260Z  INFO 1 --- [zil-additional-service] [   scheduling-1] r.a.observability.ObservabilityService   : LAB9 Observability window=1m category=http.main.rents count=1774 sumNanos=555211534381 avgNanos=312971552
zil-additional-service  | 2026-05-05T00:13:43.260Z  INFO 1 --- [zil-additional-service] [   scheduling-1] r.a.observability.ObservabilityService   : LAB9 Observability window=1m category=http.main.cars count=1772 sumNanos=505042191111 avgNanos=285012523
zil-additional-service  | 2026-05-05T00:13:43.260Z  INFO 1 --- [zil-additional-service] [   scheduling-1] r.a.observability.ObservabilityService   : LAB9 Observability window=1m category=web.additional.availability_new count=1688 sumNanos=1013732911205 avgNanos=600552672
zil-additional-service  | 2026-05-05T00:13:43.260Z  INFO 1 --- [zil-additional-service] [   scheduling-1] r.a.observability.ObservabilityService   : LAB9 Observability window=1m category=additional.statsComputation.availability.allCitiesAllDates count=1688 sumNanos=586704240 avgNanos=347573
zil-additional-service  | 2026-05-05T00:13:48.261Z  INFO 1 --- [zil-additional-service] [   scheduling-1] r.a.observability.ObservabilityService   : LAB9 Observability window=10s category=additional.statsComputation.stats count=23 sumNanos=78385 avgNanos=3408
zil-additional-service  | 2026-05-05T00:13:48.262Z  INFO 1 --- [zil-additional-service] [   scheduling-1] r.a.observability.ObservabilityService   : LAB9 Observability window=10s category=web.additional.stats count=23 sumNanos=10033467995 avgNanos=436237738
zil-additional-service  | 2026-05-05T00:13:48.262Z  INFO 1 --- [zil-additional-service] [   scheduling-1] r.a.observability.ObservabilityService   : LAB9 Observability window=10s category=http.main.rents count=388 sumNanos=84486873799 avgNanos=217749674
zil-additional-service  | 2026-05-05T00:13:48.262Z  INFO 1 --- [zil-additional-service] [   scheduling-1] r.a.observability.ObservabilityService   : LAB9 Observability window=10s category=http.main.cars count=390 sumNanos=81314956597 avgNanos=208499888
zil-additional-service  | 2026-05-05T00:13:48.262Z  INFO 1 --- [zil-additional-service] [   scheduling-1] r.a.observability.ObservabilityService   : LAB9 Observability window=10s category=web.additional.availability_new count=365 sumNanos=155258312037 avgNanos=425365238
zil-additional-service  | 2026-05-05T00:13:48.262Z  INFO 1 --- [zil-additional-service] [   scheduling-1] r.a.observability.ObservabilityService   : LAB9 Observability window=10s category=additional.statsComputation.availability.allCitiesAllDates count=365 sumNanos=113627543 avgNanos=311308
zil-additional-service  | 2026-05-05T00:13:48.262Z  INFO 1 --- [zil-additional-service] [   scheduling-1] r.a.observability.ObservabilityService   : LAB9 Observability window=30s category=additional.statsComputation.stats count=52 sumNanos=159747 avgNanos=3072
zil-additional-service  | 2026-05-05T00:13:48.262Z  INFO 1 --- [zil-additional-service] [   scheduling-1] r.a.observability.ObservabilityService   : LAB9 Observability window=30s category=web.additional.stats count=52 sumNanos=24153838776 avgNanos=464496899
zil-additional-service  | 2026-05-05T00:13:48.262Z  INFO 1 --- [zil-additional-service] [   scheduling-1] r.a.observability.ObservabilityService   : LAB9 Observability window=30s category=http.main.rents count=1095 sumNanos=260842342765 avgNanos=238212185
zil-additional-service  | 2026-05-05T00:13:48.262Z  INFO 1 --- [zil-additional-service] [   scheduling-1] r.a.observability.ObservabilityService   : LAB9 Observability window=30s category=http.main.cars count=1096 sumNanos=246013585848 avgNanos=224464950
zil-additional-service  | 2026-05-05T00:13:48.262Z  INFO 1 --- [zil-additional-service] [   scheduling-1] r.a.observability.ObservabilityService   : LAB9 Observability window=30s category=web.additional.availability_new count=1043 sumNanos=483157348267 avgNanos=463238109
zil-additional-service  | 2026-05-05T00:13:48.262Z  INFO 1 --- [zil-additional-service] [   scheduling-1] r.a.observability.ObservabilityService   : LAB9 Observability window=30s category=additional.statsComputation.availability.allCitiesAllDates count=1043 sumNanos=423594077 avgNanos=406130
zil-additional-service  | 2026-05-05T00:13:48.263Z  INFO 1 --- [zil-additional-service] [   scheduling-1] r.a.observability.ObservabilityService   : LAB9 Observability window=1m category=additional.statsComputation.stats count=92 sumNanos=274658 avgNanos=2985
zil-additional-service  | 2026-05-05T00:13:48.263Z  INFO 1 --- [zil-additional-service] [   scheduling-1] r.a.observability.ObservabilityService   : LAB9 Observability window=1m category=web.additional.stats count=92 sumNanos=51456427406 avgNanos=559308993
zil-additional-service  | 2026-05-05T00:13:48.263Z  INFO 1 --- [zil-additional-service] [   scheduling-1] r.a.observability.ObservabilityService   : LAB9 Observability window=1m category=http.main.rents count=1903 sumNanos=546794026839 avgNanos=287332646
zil-additional-service  | 2026-05-05T00:13:48.263Z  INFO 1 --- [zil-additional-service] [   scheduling-1] r.a.observability.ObservabilityService   : LAB9 Observability window=1m category=http.main.cars count=1900 sumNanos=501444516480 avgNanos=263918166
zil-additional-service  | 2026-05-05T00:13:48.263Z  INFO 1 --- [zil-additional-service] [   scheduling-1] r.a.observability.ObservabilityService   : LAB9 Observability window=1m category=web.additional.availability_new count=1811 sumNanos=1003353860756 avgNanos=554033053
zil-additional-service  | 2026-05-05T00:13:48.263Z  INFO 1 --- [zil-additional-service] [   scheduling-1] r.a.observability.ObservabilityService   : LAB9 Observability window=1m category=additional.statsComputation.availability.allCitiesAllDates count=1811 sumNanos=637151695 avgNanos=351823
zil-additional-service  | 2026-05-05T00:13:52.959Z  INFO 1 --- [zil-additional-service] [   scheduling-1] r.additional.service.ClientCacheService  : [client-cache-statistics] Client cache size=1000
zil-additional-service  | 2026-05-05T00:13:53.265Z  INFO 1 --- [zil-additional-service] [   scheduling-1] r.a.observability.ObservabilityService   : LAB9 Observability window=10s category=additional.statsComputation.stats count=19 sumNanos=72269 avgNanos=3803
zil-additional-service  | 2026-05-05T00:13:53.266Z  INFO 1 --- [zil-additional-service] [   scheduling-1] r.a.observability.ObservabilityService   : LAB9 Observability window=10s category=web.additional.stats count=19 sumNanos=7360810445 avgNanos=387411076
zil-additional-service  | 2026-05-05T00:13:53.267Z  INFO 1 --- [zil-additional-service] [   scheduling-1] r.a.observability.ObservabilityService   : LAB9 Observability window=10s category=http.main.rents count=417 sumNanos=83263876432 avgNanos=199673564
zil-additional-service  | 2026-05-05T00:13:53.267Z  INFO 1 --- [zil-additional-service] [   scheduling-1] r.a.observability.ObservabilityService   : LAB9 Observability window=10s category=http.main.cars count=417 sumNanos=79282511574 avgNanos=190125927
zil-additional-service  | 2026-05-05T00:13:53.267Z  INFO 1 --- [zil-additional-service] [   scheduling-1] r.a.observability.ObservabilityService   : LAB9 Observability window=10s category=web.additional.availability_new count=398 sumNanos=156325957339 avgNanos=392778787
zil-additional-service  | 2026-05-05T00:13:53.268Z  INFO 1 --- [zil-additional-service] [   scheduling-1] r.a.observability.ObservabilityService   : LAB9 Observability window=10s category=additional.statsComputation.availability.allCitiesAllDates count=398 sumNanos=180079846 avgNanos=452461
zil-additional-service  | 2026-05-05T00:13:53.268Z  INFO 1 --- [zil-additional-service] [   scheduling-1] r.a.observability.ObservabilityService   : LAB9 Observability window=30s category=additional.statsComputation.stats count=53 sumNanos=169063 avgNanos=3189
zil-additional-service  | 2026-05-05T00:13:53.269Z  INFO 1 --- [zil-additional-service] [   scheduling-1] r.a.observability.ObservabilityService   : LAB9 Observability window=30s category=web.additional.stats count=53 sumNanos=23968352900 avgNanos=452233073
zil-additional-service  | 2026-05-05T00:13:53.269Z  INFO 1 --- [zil-additional-service] [   scheduling-1] r.a.observability.ObservabilityService   : LAB9 Observability window=30s category=http.main.rents count=1145 sumNanos=256751251441 avgNanos=224236900
zil-additional-service  | 2026-05-05T00:13:53.269Z  INFO 1 --- [zil-additional-service] [   scheduling-1] r.a.observability.ObservabilityService   : LAB9 Observability window=30s category=http.main.cars count=1147 sumNanos=244302496578 avgNanos=212992586
zil-additional-service  | 2026-05-05T00:13:53.270Z  INFO 1 --- [zil-additional-service] [   scheduling-1] r.a.observability.ObservabilityService   : LAB9 Observability window=30s category=web.additional.availability_new count=1092 sumNanos=478564099125 avgNanos=438245512
zil-additional-service  | 2026-05-05T00:13:53.270Z  INFO 1 --- [zil-additional-service] [   scheduling-1] r.a.observability.ObservabilityService   : LAB9 Observability window=30s category=additional.statsComputation.availability.allCitiesAllDates count=1092 sumNanos=498332012 avgNanos=456347
zil-additional-service  | 2026-05-05T00:13:53.271Z  INFO 1 --- [zil-additional-service] [   scheduling-1] r.a.observability.ObservabilityService   : LAB9 Observability window=1m category=additional.statsComputation.stats count=93 sumNanos=289508 avgNanos=3112
zil-additional-service  | 2026-05-05T00:13:53.271Z  INFO 1 --- [zil-additional-service] [   scheduling-1] r.a.observability.ObservabilityService   : LAB9 Observability window=1m category=web.additional.stats count=93 sumNanos=48410526172 avgNanos=520543292
zil-additional-service  | 2026-05-05T00:13:53.272Z  INFO 1 --- [zil-additional-service] [   scheduling-1] r.a.observability.ObservabilityService   : LAB9 Observability window=1m category=http.main.rents count=2025 sumNanos=532516970146 avgNanos=262971343
zil-additional-service  | 2026-05-05T00:13:53.272Z  INFO 1 --- [zil-additional-service] [   scheduling-1] r.a.observability.ObservabilityService   : LAB9 Observability window=1m category=http.main.cars count=2022 sumNanos=497764581532 avgNanos=246174372
zil-additional-service  | 2026-05-05T00:13:53.272Z  INFO 1 --- [zil-additional-service] [   scheduling-1] r.a.observability.ObservabilityService   : LAB9 Observability window=1m category=web.additional.availability_new count=1932 sumNanos=987250597279 avgNanos=510999273
zil-additional-service  | 2026-05-05T00:13:53.273Z  INFO 1 --- [zil-additional-service] [   scheduling-1] r.a.observability.ObservabilityService   : LAB9 Observability window=1m category=additional.statsComputation.availability.allCitiesAllDates count=1932 sumNanos=730145986 avgNanos=377922
zil-additional-service  | 2026-05-05T00:13:58.276Z  INFO 1 --- [zil-additional-service] [   scheduling-1] r.a.observability.ObservabilityService   : LAB9 Observability window=10s category=additional.statsComputation.stats count=21 sumNanos=67751 avgNanos=3226
zil-additional-service  | 2026-05-05T00:13:58.277Z  INFO 1 --- [zil-additional-service] [   scheduling-1] r.a.observability.ObservabilityService   : LAB9 Observability window=10s category=web.additional.stats count=21 sumNanos=7697599043 avgNanos=366552335
zil-additional-service  | 2026-05-05T00:13:58.277Z  INFO 1 --- [zil-additional-service] [   scheduling-1] r.a.observability.ObservabilityService   : LAB9 Observability window=10s category=http.main.rents count=441 sumNanos=80679822516 avgNanos=182947443
zil-additional-service  | 2026-05-05T00:13:58.277Z  INFO 1 --- [zil-additional-service] [   scheduling-1] r.a.observability.ObservabilityService   : LAB9 Observability window=10s category=http.main.cars count=440 sumNanos=79651820336 avgNanos=181026864
zil-additional-service  | 2026-05-05T00:13:58.277Z  INFO 1 --- [zil-additional-service] [   scheduling-1] r.a.observability.ObservabilityService   : LAB9 Observability window=10s category=web.additional.availability_new count=420 sumNanos=153597068222 avgNanos=365707305
zil-additional-service  | 2026-05-05T00:13:58.277Z  INFO 1 --- [zil-additional-service] [   scheduling-1] r.a.observability.ObservabilityService   : LAB9 Observability window=10s category=additional.statsComputation.availability.allCitiesAllDates count=420 sumNanos=170104245 avgNanos=405010
zil-additional-service  | 2026-05-05T00:13:58.278Z  INFO 1 --- [zil-additional-service] [   scheduling-1] r.a.observability.ObservabilityService   : LAB9 Observability window=30s category=additional.statsComputation.stats count=61 sumNanos=193766 avgNanos=3176
zil-additional-service  | 2026-05-05T00:13:58.278Z  INFO 1 --- [zil-additional-service] [   scheduling-1] r.a.observability.ObservabilityService   : LAB9 Observability window=30s category=web.additional.stats count=61 sumNanos=26595544173 avgNanos=435992527
zil-additional-service  | 2026-05-05T00:13:58.278Z  INFO 1 --- [zil-additional-service] [   scheduling-1] r.a.observability.ObservabilityService   : LAB9 Observability window=30s category=http.main.rents count=1194 sumNanos=252306658192 avgNanos=211312109
zil-additional-service  | 2026-05-05T00:13:58.278Z  INFO 1 --- [zil-additional-service] [   scheduling-1] r.a.observability.ObservabilityService   : LAB9 Observability window=30s category=http.main.cars count=1198 sumNanos=242852521205 avgNanos=202714959
zil-additional-service  | 2026-05-05T00:13:58.278Z  INFO 1 --- [zil-additional-service] [   scheduling-1] r.a.observability.ObservabilityService   : LAB9 Observability window=30s category=web.additional.availability_new count=1133 sumNanos=469037643303 avgNanos=413978502
zil-additional-service  | 2026-05-05T00:13:58.279Z  INFO 1 --- [zil-additional-service] [   scheduling-1] r.a.observability.ObservabilityService   : LAB9 Observability window=30s category=additional.statsComputation.availability.allCitiesAllDates count=1133 sumNanos=481256720 avgNanos=424763
zil-additional-service  | 2026-05-05T00:13:58.279Z  INFO 1 --- [zil-additional-service] [   scheduling-1] r.a.observability.ObservabilityService   : LAB9 Observability window=1m category=additional.statsComputation.stats count=103 sumNanos=307622 avgNanos=2986
zil-additional-service  | 2026-05-05T00:13:58.279Z  INFO 1 --- [zil-additional-service] [   scheduling-1] r.a.observability.ObservabilityService   : LAB9 Observability window=1m category=web.additional.stats count=103 sumNanos=50506396339 avgNanos=490353362
zil-additional-service  | 2026-05-05T00:13:58.279Z  INFO 1 --- [zil-additional-service] [   scheduling-1] r.a.observability.ObservabilityService   : LAB9 Observability window=1m category=http.main.rents count=2137 sumNanos=520195697265 avgNanos=243423349
zil-additional-service  | 2026-05-05T00:13:58.279Z  INFO 1 --- [zil-additional-service] [   scheduling-1] r.a.observability.ObservabilityService   : LAB9 Observability window=1m category=http.main.cars count=2137 sumNanos=497313849602 avgNanos=232715886
zil-additional-service  | 2026-05-05T00:13:58.280Z  INFO 1 --- [zil-additional-service] [   scheduling-1] r.a.observability.ObservabilityService   : LAB9 Observability window=1m category=web.additional.availability_new count=2034 sumNanos=970225556864 avgNanos=477003715
zil-additional-service  | 2026-05-05T00:13:58.280Z  INFO 1 --- [zil-additional-service] [   scheduling-1] r.a.observability.ObservabilityService   : LAB9 Observability window=1m category=additional.statsComputation.availability.allCitiesAllDates count=2034 sumNanos=765915087 avgNanos=376556
zil-additional-service  | 2026-05-05T00:14:02.965Z  INFO 1 --- [zil-additional-service] [   scheduling-1] r.additional.service.ClientCacheService  : [client-cache-statistics] Client cache size=1000
zil-additional-service  | 2026-05-05T00:14:03.281Z  INFO 1 --- [zil-additional-service] [   scheduling-1] r.a.observability.ObservabilityService   : LAB9 Observability window=10s category=additional.statsComputation.stats count=24 sumNanos=72372 avgNanos=3015
zil-additional-service  | 2026-05-05T00:14:03.282Z  INFO 1 --- [zil-additional-service] [   scheduling-1] r.a.observability.ObservabilityService   : LAB9 Observability window=10s category=web.additional.stats count=24 sumNanos=9506950483 avgNanos=396122936
zil-additional-service  | 2026-05-05T00:14:03.282Z  INFO 1 --- [zil-additional-service] [   scheduling-1] r.a.observability.ObservabilityService   : LAB9 Observability window=10s category=http.main.rents count=416 sumNanos=81876249335 avgNanos=196817907
zil-additional-service  | 2026-05-05T00:14:03.282Z  INFO 1 --- [zil-additional-service] [   scheduling-1] r.a.observability.ObservabilityService   : LAB9 Observability window=10s category=http.main.cars count=417 sumNanos=81602969902 avgNanos=195690575
zil-additional-service  | 2026-05-05T00:14:03.282Z  INFO 1 --- [zil-additional-service] [   scheduling-1] r.a.observability.ObservabilityService   : LAB9 Observability window=10s category=web.additional.availability_new count=392 sumNanos=153249000692 avgNanos=390941328
zil-additional-service  | 2026-05-05T00:14:03.282Z  INFO 1 --- [zil-additional-service] [   scheduling-1] r.a.observability.ObservabilityService   : LAB9 Observability window=10s category=additional.statsComputation.availability.allCitiesAllDates count=392 sumNanos=126243850 avgNanos=322050
zil-additional-service  | 2026-05-05T00:14:03.282Z  INFO 1 --- [zil-additional-service] [   scheduling-1] r.a.observability.ObservabilityService   : LAB9 Observability window=30s category=additional.statsComputation.stats count=62 sumNanos=199993 avgNanos=3225
zil-additional-service  | 2026-05-05T00:14:03.282Z  INFO 1 --- [zil-additional-service] [   scheduling-1] r.a.observability.ObservabilityService   : LAB9 Observability window=30s category=web.additional.stats count=62 sumNanos=25777593954 avgNanos=415767644
zil-additional-service  | 2026-05-05T00:14:03.283Z  INFO 1 --- [zil-additional-service] [   scheduling-1] r.a.observability.ObservabilityService   : LAB9 Observability window=30s category=http.main.rents count=1208 sumNanos=249501070673 avgNanos=206540621
zil-additional-service  | 2026-05-05T00:14:03.283Z  INFO 1 --- [zil-additional-service] [   scheduling-1] r.a.observability.ObservabilityService   : LAB9 Observability window=30s category=http.main.cars count=1212 sumNanos=243463519365 avgNanos=200877491
zil-additional-service  | 2026-05-05T00:14:03.283Z  INFO 1 --- [zil-additional-service] [   scheduling-1] r.a.observability.ObservabilityService   : LAB9 Observability window=30s category=web.additional.availability_new count=1146 sumNanos=467022948815 avgNanos=407524388
zil-additional-service  | 2026-05-05T00:14:03.283Z  INFO 1 --- [zil-additional-service] [   scheduling-1] r.a.observability.ObservabilityService   : LAB9 Observability window=30s category=additional.statsComputation.availability.allCitiesAllDates count=1146 sumNanos=403919552 avgNanos=352460
zil-additional-service  | 2026-05-05T00:14:03.283Z  INFO 1 --- [zil-additional-service] [   scheduling-1] r.a.observability.ObservabilityService   : LAB9 Observability window=1m category=additional.statsComputation.stats count=108 sumNanos=326747 avgNanos=3025
zil-additional-service  | 2026-05-05T00:14:03.283Z  INFO 1 --- [zil-additional-service] [   scheduling-1] r.a.observability.ObservabilityService   : LAB9 Observability window=1m category=web.additional.stats count=108 sumNanos=51106566134 avgNanos=473208945
zil-additional-service  | 2026-05-05T00:14:03.283Z  INFO 1 --- [zil-additional-service] [   scheduling-1] r.a.observability.ObservabilityService   : LAB9 Observability window=1m category=http.main.rents count=2199 sumNanos=515404230275 avgNanos=234381187
zil-additional-service  | 2026-05-05T00:14:03.283Z  INFO 1 --- [zil-additional-service] [   scheduling-1] r.a.observability.ObservabilityService   : LAB9 Observability window=1m category=http.main.cars count=2204 sumNanos=495163009617 avgNanos=224665612
zil-additional-service  | 2026-05-05T00:14:03.283Z  INFO 1 --- [zil-additional-service] [   scheduling-1] r.a.observability.ObservabilityService   : LAB9 Observability window=1m category=web.additional.availability_new count=2091 sumNanos=961101028012 avgNanos=459637029
zil-additional-service  | 2026-05-05T00:14:03.283Z  INFO 1 --- [zil-additional-service] [   scheduling-1] r.a.observability.ObservabilityService   : LAB9 Observability window=1m category=additional.statsComputation.availability.allCitiesAllDates count=2091 sumNanos=808048241 avgNanos=386441
zil-additional-service  | 2026-05-05T00:14:08.284Z  INFO 1 --- [zil-additional-service] [   scheduling-1] r.a.observability.ObservabilityService   : LAB9 Observability window=10s category=additional.statsComputation.stats count=26 sumNanos=265888 avgNanos=10226
zil-additional-service  | 2026-05-05T00:14:08.285Z  INFO 1 --- [zil-additional-service] [   scheduling-1] r.a.observability.ObservabilityService   : LAB9 Observability window=10s category=web.additional.stats count=26 sumNanos=10984347224 avgNanos=422474893
zil-additional-service  | 2026-05-05T00:14:08.286Z  INFO 1 --- [zil-additional-service] [   scheduling-1] r.a.observability.ObservabilityService   : LAB9 Observability window=10s category=http.main.rents count=387 sumNanos=84685609153 avgNanos=218825863
zil-additional-service  | 2026-05-05T00:14:08.362Z  INFO 1 --- [zil-additional-service] [   scheduling-1] r.a.observability.ObservabilityService   : LAB9 Observability window=10s category=http.main.cars count=385 sumNanos=80885619360 avgNanos=210092517
zil-additional-service  | 2026-05-05T00:14:08.362Z  INFO 1 --- [zil-additional-service] [   scheduling-1] r.a.observability.ObservabilityService   : LAB9 Observability window=10s category=web.additional.availability_new count=361 sumNanos=155664904968 avgNanos=431204722
zil-additional-service  | 2026-05-05T00:14:08.362Z  INFO 1 --- [zil-additional-service] [   scheduling-1] r.a.observability.ObservabilityService   : LAB9 Observability window=10s category=additional.statsComputation.availability.allCitiesAllDates count=361 sumNanos=263647128 avgNanos=730324
zil-additional-service  | 2026-05-05T00:14:08.362Z  INFO 1 --- [zil-additional-service] [   scheduling-1] r.a.observability.ObservabilityService   : LAB9 Observability window=30s category=additional.statsComputation.stats count=71 sumNanos=430665 avgNanos=6065
zil-additional-service  | 2026-05-05T00:14:08.362Z  INFO 1 --- [zil-additional-service] [   scheduling-1] r.a.observability.ObservabilityService   : LAB9 Observability window=30s category=web.additional.stats count=71 sumNanos=29049652361 avgNanos=409150033
zil-additional-service  | 2026-05-05T00:14:08.362Z  INFO 1 --- [zil-additional-service] [   scheduling-1] r.a.observability.ObservabilityService   : LAB9 Observability window=30s category=http.main.rents count=1216 sumNanos=249941518428 avgNanos=205544011
zil-additional-service  | 2026-05-05T00:14:08.363Z  INFO 1 --- [zil-additional-service] [   scheduling-1] r.a.observability.ObservabilityService   : LAB9 Observability window=30s category=http.main.cars count=1219 sumNanos=242552951970 avgNanos=198976990
zil-additional-service  | 2026-05-05T00:14:08.363Z  INFO 1 --- [zil-additional-service] [   scheduling-1] r.a.observability.ObservabilityService   : LAB9 Observability window=30s category=web.additional.availability_new count=1145 sumNanos=464368371955 avgNanos=405561896
zil-additional-service  | 2026-05-05T00:14:08.363Z  INFO 1 --- [zil-additional-service] [   scheduling-1] r.a.observability.ObservabilityService   : LAB9 Observability window=30s category=additional.statsComputation.availability.allCitiesAllDates count=1145 sumNanos=547086327 avgNanos=477804
zil-additional-service  | 2026-05-05T00:14:08.363Z  INFO 1 --- [zil-additional-service] [   scheduling-1] r.a.observability.ObservabilityService   : LAB9 Observability window=1m category=additional.statsComputation.stats count=117 sumNanos=558665 avgNanos=4774
zil-additional-service  | 2026-05-05T00:14:08.363Z  INFO 1 --- [zil-additional-service] [   scheduling-1] r.a.observability.ObservabilityService   : LAB9 Observability window=1m category=web.additional.stats count=117 sumNanos=53223656714 avgNanos=454903048
zil-additional-service  | 2026-05-05T00:14:08.363Z  INFO 1 --- [zil-additional-service] [   scheduling-1] r.a.observability.ObservabilityService   : LAB9 Observability window=1m category=http.main.rents count=2258 sumNanos=514379209310 avgNanos=227803015
zil-additional-service  | 2026-05-05T00:14:08.363Z  INFO 1 --- [zil-additional-service] [   scheduling-1] r.a.observability.ObservabilityService   : LAB9 Observability window=1m category=http.main.cars count=2257 sumNanos=490117252650 avgNanos=217154298
zil-additional-service  | 2026-05-05T00:14:08.363Z  INFO 1 --- [zil-additional-service] [   scheduling-1] r.a.observability.ObservabilityService   : LAB9 Observability window=1m category=web.additional.availability_new count=2141 sumNanos=955305567655 avgNanos=446195968
zil-additional-service  | 2026-05-05T00:14:08.363Z  INFO 1 --- [zil-additional-service] [   scheduling-1] r.a.observability.ObservabilityService   : LAB9 Observability window=1m category=additional.statsComputation.availability.allCitiesAllDates count=2141 sumNanos=972488717 avgNanos=454221
zil-additional-service  | 2026-05-05T00:14:12.959Z  INFO 1 --- [zil-additional-service] [   scheduling-1] r.additional.service.ClientCacheService  : [client-cache-statistics] Client cache size=1000
zil-additional-service  | 2026-05-05T00:14:13.365Z  INFO 1 --- [zil-additional-service] [   scheduling-1] r.a.observability.ObservabilityService   : LAB9 Observability window=10s category=additional.statsComputation.stats count=26 sumNanos=299030 avgNanos=11501
zil-additional-service  | 2026-05-05T00:14:13.367Z  INFO 1 --- [zil-additional-service] [   scheduling-1] r.a.observability.ObservabilityService   : LAB9 Observability window=10s category=web.additional.stats count=26 sumNanos=10214070384 avgNanos=392848860
zil-additional-service  | 2026-05-05T00:14:13.368Z  INFO 1 --- [zil-additional-service] [   scheduling-1] r.a.observability.ObservabilityService   : LAB9 Observability window=10s category=http.main.rents count=415 sumNanos=83430110337 avgNanos=201036410
zil-additional-service  | 2026-05-05T00:14:13.368Z  INFO 1 --- [zil-additional-service] [   scheduling-1] r.a.observability.ObservabilityService   : LAB9 Observability window=10s category=http.main.cars count=413 sumNanos=79466523164 avgNanos=192412889
zil-additional-service  | 2026-05-05T00:14:13.369Z  INFO 1 --- [zil-additional-service] [   scheduling-1] r.a.observability.ObservabilityService   : LAB9 Observability window=10s category=web.additional.availability_new count=391 sumNanos=155681917619 avgNanos=398163472
zil-additional-service  | 2026-05-05T00:14:13.369Z  INFO 1 --- [zil-additional-service] [   scheduling-1] r.a.observability.ObservabilityService   : LAB9 Observability window=10s category=additional.statsComputation.availability.allCitiesAllDates count=391 sumNanos=267127360 avgNanos=683190
zil-additional-service  | 2026-05-05T00:14:13.372Z  INFO 1 --- [zil-additional-service] [   scheduling-1] r.a.observability.ObservabilityService   : LAB9 Observability window=30s category=additional.statsComputation.stats count=69 sumNanos=443671 avgNanos=6430
zil-additional-service  | 2026-05-05T00:14:13.372Z  INFO 1 --- [zil-additional-service] [   scheduling-1] r.a.observability.ObservabilityService   : LAB9 Observability window=30s category=web.additional.stats count=69 sumNanos=27081831312 avgNanos=392490308
zil-additional-service  | 2026-05-05T00:14:13.372Z  INFO 1 --- [zil-additional-service] [   scheduling-1] r.a.observability.ObservabilityService   : LAB9 Observability window=30s category=http.main.rents count=1245 sumNanos=247658350971 avgNanos=198922370
zil-additional-service  | 2026-05-05T00:14:13.372Z  INFO 1 --- [zil-additional-service] [   scheduling-1] r.a.observability.ObservabilityService   : LAB9 Observability window=30s category=http.main.cars count=1244 sumNanos=239823344966 avgNanos=192784039
zil-additional-service  | 2026-05-05T00:14:13.372Z  INFO 1 --- [zil-additional-service] [   scheduling-1] r.a.observability.ObservabilityService   : LAB9 Observability window=30s category=web.additional.availability_new count=1176 sumNanos=462663441275 avgNanos=393421293
zil-additional-service  | 2026-05-05T00:14:13.372Z  INFO 1 --- [zil-additional-service] [   scheduling-1] r.a.observability.ObservabilityService   : LAB9 Observability window=30s category=additional.statsComputation.availability.allCitiesAllDates count=1176 sumNanos=572985059 avgNanos=487232
zil-additional-service  | 2026-05-05T00:14:13.372Z  INFO 1 --- [zil-additional-service] [   scheduling-1] r.a.observability.ObservabilityService   : LAB9 Observability window=1m category=additional.statsComputation.stats count=117 sumNanos=579756 avgNanos=4955
zil-additional-service  | 2026-05-05T00:14:13.372Z  INFO 1 --- [zil-additional-service] [   scheduling-1] r.a.observability.ObservabilityService   : LAB9 Observability window=1m category=web.additional.stats count=117 sumNanos=50773373671 avgNanos=433960458
zil-additional-service  | 2026-05-05T00:14:13.372Z  INFO 1 --- [zil-additional-service] [   scheduling-1] r.a.observability.ObservabilityService   : LAB9 Observability window=1m category=http.main.rents count=2311 sumNanos=508543385608 avgNanos=220053390
zil-additional-service  | 2026-05-05T00:14:13.372Z  INFO 1 --- [zil-additional-service] [   scheduling-1] r.a.observability.ObservabilityService   : LAB9 Observability window=1m category=http.main.cars count=2314 sumNanos=487535948301 avgNanos=210689692
zil-additional-service  | 2026-05-05T00:14:13.372Z  INFO 1 --- [zil-additional-service] [   scheduling-1] r.a.observability.ObservabilityService   : LAB9 Observability window=1m category=web.additional.availability_new count=2194 sumNanos=947793017539 avgNanos=431993171
zil-additional-service  | 2026-05-05T00:14:13.372Z  INFO 1 --- [zil-additional-service] [   scheduling-1] r.a.observability.ObservabilityService   : LAB9 Observability window=1m category=additional.statsComputation.availability.allCitiesAllDates count=2194 sumNanos=1009989193 avgNanos=460341
zil-additional-service  | 2026-05-05T00:14:18.373Z  INFO 1 --- [zil-additional-service] [   scheduling-1] r.a.observability.ObservabilityService   : LAB9 Observability window=10s category=additional.statsComputation.stats count=19 sumNanos=87745 avgNanos=4618
zil-additional-service  | 2026-05-05T00:14:18.373Z  INFO 1 --- [zil-additional-service] [   scheduling-1] r.a.observability.ObservabilityService   : LAB9 Observability window=10s category=web.additional.stats count=19 sumNanos=6678767381 avgNanos=351514072
zil-additional-service  | 2026-05-05T00:14:18.373Z  INFO 1 --- [zil-additional-service] [   scheduling-1] r.a.observability.ObservabilityService   : LAB9 Observability window=10s category=http.main.rents count=427 sumNanos=79006306661 avgNanos=185026479
zil-additional-service  | 2026-05-05T00:14:18.373Z  INFO 1 --- [zil-additional-service] [   scheduling-1] r.a.observability.ObservabilityService   : LAB9 Observability window=10s category=http.main.cars count=429 sumNanos=78874881940 avgNanos=183857533
zil-additional-service  | 2026-05-05T00:14:18.373Z  INFO 1 --- [zil-additional-service] [   scheduling-1] r.a.observability.ObservabilityService   : LAB9 Observability window=10s category=web.additional.availability_new count=408 sumNanos=150776656880 avgNanos=369550629
zil-additional-service  | 2026-05-05T00:14:18.373Z  INFO 1 --- [zil-additional-service] [   scheduling-1] r.a.observability.ObservabilityService   : LAB9 Observability window=10s category=additional.statsComputation.availability.allCitiesAllDates count=408 sumNanos=284177037 avgNanos=696512
zil-additional-service  | 2026-05-05T00:14:18.374Z  INFO 1 --- [zil-additional-service] [   scheduling-1] r.a.observability.ObservabilityService   : LAB9 Observability window=30s category=additional.statsComputation.stats count=67 sumNanos=440025 avgNanos=6567
zil-additional-service  | 2026-05-05T00:14:18.374Z  INFO 1 --- [zil-additional-service] [   scheduling-1] r.a.observability.ObservabilityService   : LAB9 Observability window=30s category=web.additional.stats count=67 sumNanos=25694951747 avgNanos=383506742
zil-additional-service  | 2026-05-05T00:14:18.374Z  INFO 1 --- [zil-additional-service] [   scheduling-1] r.a.observability.ObservabilityService   : LAB9 Observability window=30s category=http.main.rents count=1255 sumNanos=244322117813 avgNanos=194678978
zil-app                 | 2026-05-05T00:16:18.550Z  INFO 1 --- [   scheduling-1] r.observability.ObservabilityService     : LAB9 Observability window=1m category=db.rent.findAll count=1965 sumNanos=301150028823 avgNanos=153257012
zil-app                 | 2026-05-05T00:16:18.550Z  INFO 1 --- [   scheduling-1] r.observability.ObservabilityService     : LAB9 Observability window=1m category=web.CarController.getCars count=1964 sumNanos=306292867602 avgNanos=155953598
zil-app                 | 2026-05-05T00:16:18.550Z  INFO 1 --- [   scheduling-1] r.observability.ObservabilityService     : LAB9 Observability window=1m category=db.car.findAll count=1964 sumNanos=306286132570 avgNanos=155950169
zil-app                 | 2026-05-05T00:16:23.550Z  INFO 1 --- [   scheduling-1] r.observability.ObservabilityService     : LAB9 Observability window=10s category=web.RentController.getRents count=475 sumNanos=73786678568 avgNanos=155340375
zil-app                 | 2026-05-05T00:16:23.550Z  INFO 1 --- [   scheduling-1] r.observability.ObservabilityService     : LAB9 Observability window=10s category=db.rent.findAll count=475 sumNanos=73786349037 avgNanos=155339682
zil-app                 | 2026-05-05T00:16:23.550Z  INFO 1 --- [   scheduling-1] r.observability.ObservabilityService     : LAB9 Observability window=10s category=web.CarController.getCars count=473 sumNanos=72354259657 avgNanos=152968836
zil-app                 | 2026-05-05T00:16:23.550Z  INFO 1 --- [   scheduling-1] r.observability.ObservabilityService     : LAB9 Observability window=10s category=db.car.findAll count=473 sumNanos=72353956297 avgNanos=152968195
zil-additional-service  | 2026-05-05T00:14:18.374Z  INFO 1 --- [zil-additional-service] [   scheduling-1] r.a.observability.ObservabilityService   : LAB9 Observability window=30s category=http.main.cars count=1254 sumNanos=239274171588 avgNanos=190808749
zil-app                 | 2026-05-05T00:16:23.551Z  INFO 1 --- [   scheduling-1] r.observability.ObservabilityService     : LAB9 Observability window=30s category=web.RentController.getRents count=1379 sumNanos=213730289855 avgNanos=154989332
zil-app                 | 2026-05-05T00:16:23.551Z  INFO 1 --- [   scheduling-1] r.observability.ObservabilityService     : LAB9 Observability window=30s category=db.rent.findAll count=1379 sumNanos=213729334946 avgNanos=154988640
zil-app                 | 2026-05-05T00:16:23.551Z  INFO 1 --- [   scheduling-1] r.observability.ObservabilityService     : LAB9 Observability window=30s category=web.CarController.getCars count=1384 sumNanos=214364765162 avgNanos=154887836
zil-app                 | 2026-05-05T00:16:23.551Z  INFO 1 --- [   scheduling-1] r.observability.ObservabilityService     : LAB9 Observability window=30s category=db.car.findAll count=1384 sumNanos=214359858284 avgNanos=154884290
zil-app                 | 2026-05-05T00:16:23.552Z  INFO 1 --- [   scheduling-1] r.observability.ObservabilityService     : LAB9 Observability window=1m category=web.RentController.getRents count=1990 sumNanos=306619800982 avgNanos=154080302
zil-app                 | 2026-05-05T00:16:23.552Z  INFO 1 --- [   scheduling-1] r.observability.ObservabilityService     : LAB9 Observability window=1m category=db.rent.findAll count=1990 sumNanos=306616530180 avgNanos=154078658
zil-app                 | 2026-05-05T00:16:23.552Z  INFO 1 --- [   scheduling-1] r.observability.ObservabilityService     : LAB9 Observability window=1m category=web.CarController.getCars count=1994 sumNanos=312312072350 avgNanos=156625913
zil-app                 | 2026-05-05T00:16:23.552Z  INFO 1 --- [   scheduling-1] r.observability.ObservabilityService     : LAB9 Observability window=1m category=db.car.findAll count=1994 sumNanos=312305853319 avgNanos=156622795
zil-additional-service  | 2026-05-05T00:14:18.374Z  INFO 1 --- [zil-additional-service] [   scheduling-1] r.a.observability.ObservabilityService   : LAB9 Observability window=30s category=web.additional.availability_new count=1188 sumNanos=459477276959 avgNanos=386765384
zil-app                 | 2026-05-05T00:16:28.569Z  INFO 1 --- [   scheduling-1] r.observability.ObservabilityService     : LAB9 Observability window=10s category=web.RentController.getRents count=481 sumNanos=74499390414 avgNanos=154884387
zil-additional-service  | 2026-05-05T00:14:18.374Z  INFO 1 --- [zil-additional-service] [   scheduling-1] r.a.observability.ObservabilityService   : LAB9 Observability window=30s category=additional.statsComputation.availability.allCitiesAllDates count=1188 sumNanos=717741603 avgNanos=604159
zil-additional-service  | 2026-05-05T00:14:18.374Z  INFO 1 --- [zil-additional-service] [   scheduling-1] r.a.observability.ObservabilityService   : LAB9 Observability window=1m category=additional.statsComputation.stats count=119 sumNanos=599772 avgNanos=5040
zil-additional-service  | 2026-05-05T00:14:18.374Z  INFO 1 --- [zil-additional-service] [   scheduling-1] r.a.observability.ObservabilityService   : LAB9 Observability window=1m category=web.additional.stats count=119 sumNanos=49848790523 avgNanos=418897399
zil-additional-service  | 2026-05-05T00:14:18.374Z  INFO 1 --- [zil-additional-service] [   scheduling-1] r.a.observability.ObservabilityService   : LAB9 Observability window=1m category=http.main.rents count=2350 sumNanos=505088076926 avgNanos=214931096
zil-additional-service  | 2026-05-05T00:14:18.374Z  INFO 1 --- [zil-additional-service] [   scheduling-1] r.a.observability.ObservabilityService   : LAB9 Observability window=1m category=http.main.cars count=2349 sumNanos=484937046171 avgNanos=206444038
zil-additional-service  | 2026-05-05T00:14:18.374Z  INFO 1 --- [zil-additional-service] [   scheduling-1] r.a.observability.ObservabilityService   : LAB9 Observability window=1m category=web.additional.availability_new count=2231 sumNanos=942793579200 avgNanos=422587888
zil-additional-service  | 2026-05-05T00:14:18.374Z  INFO 1 --- [zil-additional-service] [   scheduling-1] r.a.observability.ObservabilityService   : LAB9 Observability window=1m category=additional.statsComputation.availability.allCitiesAllDates count=2231 sumNanos=1141416724 avgNanos=511616
zil-additional-service  | 2026-05-05T00:14:22.959Z  INFO 1 --- [zil-additional-service] [   scheduling-1] r.additional.service.ClientCacheService  : [client-cache-statistics] Client cache size=1000
zil-additional-service  | 2026-05-05T00:14:23.375Z  INFO 1 --- [zil-additional-service] [   scheduling-1] r.a.observability.ObservabilityService   : LAB9 Observability window=10s category=additional.statsComputation.stats count=19 sumNanos=67788 avgNanos=3567
zil-additional-service  | 2026-05-05T00:14:23.378Z  INFO 1 --- [zil-additional-service] [   scheduling-1] r.a.observability.ObservabilityService   : LAB9 Observability window=10s category=web.additional.stats count=19 sumNanos=7733732919 avgNanos=407038574
zil-additional-service  | 2026-05-05T00:14:23.378Z  INFO 1 --- [zil-additional-service] [   scheduling-1] r.a.observability.ObservabilityService   : LAB9 Observability window=10s category=http.main.rents count=405 sumNanos=82961328960 avgNanos=204842787
zil-app                 | 2026-05-05T00:16:28.570Z  INFO 1 --- [   scheduling-1] r.observability.ObservabilityService     : LAB9 Observability window=10s category=db.rent.findAll count=481 sumNanos=74498935591 avgNanos=154883441
zil-app                 | 2026-05-05T00:16:28.570Z  INFO 1 --- [   scheduling-1] r.observability.ObservabilityService     : LAB9 Observability window=10s category=web.CarController.getCars count=483 sumNanos=73484699915 avgNanos=152142235
zil-app                 | 2026-05-05T00:16:28.570Z  INFO 1 --- [   scheduling-1] r.observability.ObservabilityService     : LAB9 Observability window=10s category=db.car.findAll count=483 sumNanos=73484363019 avgNanos=152141538
zil-app                 | 2026-05-05T00:16:28.571Z  INFO 1 --- [   scheduling-1] r.observability.ObservabilityService     : LAB9 Observability window=30s category=web.RentController.getRents count=1412 sumNanos=218845357893 avgNanos=154989630
zil-app                 | 2026-05-05T00:16:28.571Z  INFO 1 --- [   scheduling-1] r.observability.ObservabilityService     : LAB9 Observability window=30s category=db.rent.findAll count=1412 sumNanos=218844236368 avgNanos=154988835
zil-app                 | 2026-05-05T00:16:28.571Z  INFO 1 --- [   scheduling-1] r.observability.ObservabilityService     : LAB9 Observability window=30s category=web.CarController.getCars count=1414 sumNanos=217675102974 avgNanos=153942788
zil-app                 | 2026-05-05T00:16:28.571Z  INFO 1 --- [   scheduling-1] r.observability.ObservabilityService     : LAB9 Observability window=30s category=db.car.findAll count=1414 sumNanos=217670533917 avgNanos=153939557
zil-app                 | 2026-05-05T00:16:28.571Z  INFO 1 --- [   scheduling-1] r.observability.ObservabilityService     : LAB9 Observability window=1m category=web.RentController.getRents count=2007 sumNanos=310840105488 avgNanos=154877979
zil-app                 | 2026-05-05T00:16:28.573Z  INFO 1 --- [   scheduling-1] r.observability.ObservabilityService     : LAB9 Observability window=1m category=db.rent.findAll count=2007 sumNanos=310837612300 avgNanos=154876737
zil-app                 | 2026-05-05T00:16:28.573Z  INFO 1 --- [   scheduling-1] r.observability.ObservabilityService     : LAB9 Observability window=1m category=web.CarController.getCars count=2011 sumNanos=312772899291 avgNanos=155531028
zil-app                 | 2026-05-05T00:16:28.573Z  INFO 1 --- [   scheduling-1] r.observability.ObservabilityService     : LAB9 Observability window=1m category=db.car.findAll count=2011 sumNanos=312766977906 avgNanos=155528084
zil-app                 | 2026-05-05T00:16:33.574Z  INFO 1 --- [   scheduling-1] r.observability.ObservabilityService     : LAB9 Observability window=10s category=web.RentController.getRents count=473 sumNanos=74938839737 avgNanos=158433064
zil-app                 | 2026-05-05T00:16:33.574Z  INFO 1 --- [   scheduling-1] r.observability.ObservabilityService     : LAB9 Observability window=10s category=db.rent.findAll count=473 sumNanos=74938389088 avgNanos=158432112
zil-app                 | 2026-05-05T00:16:33.574Z  INFO 1 --- [   scheduling-1] r.observability.ObservabilityService     : LAB9 Observability window=10s category=web.CarController.getCars count=470 sumNanos=74097647800 avgNanos=157654569
zil-app                 | 2026-05-05T00:16:33.574Z  INFO 1 --- [   scheduling-1] r.observability.ObservabilityService     : LAB9 Observability window=10s category=db.car.findAll count=470 sumNanos=74097292186 avgNanos=157653813
zil-app                 | 2026-05-05T00:16:33.575Z  INFO 1 --- [   scheduling-1] r.observability.ObservabilityService     : LAB9 Observability window=30s category=web.RentController.getRents count=1414 sumNanos=219843531847 avgNanos=155476330
zil-app                 | 2026-05-05T00:16:33.577Z  INFO 1 --- [   scheduling-1] r.observability.ObservabilityService     : LAB9 Observability window=30s category=db.rent.findAll count=1414 sumNanos=219842425106 avgNanos=155475548
zil-app                 | 2026-05-05T00:16:33.577Z  INFO 1 --- [   scheduling-1] r.observability.ObservabilityService     : LAB9 Observability window=30s category=web.CarController.getCars count=1411 sumNanos=217854505445 avgNanos=154397239
zil-app                 | 2026-05-05T00:16:33.577Z  INFO 1 --- [   scheduling-1] r.observability.ObservabilityService     : LAB9 Observability window=30s category=db.car.findAll count=1411 sumNanos=217850220278 avgNanos=154394202
zil-additional-service  | 2026-05-05T00:14:23.378Z  INFO 1 --- [zil-additional-service] [   scheduling-1] r.a.observability.ObservabilityService   : LAB9 Observability window=10s category=http.main.cars count=402 sumNanos=79757392831 avgNanos=198401474
zil-app                 | 2026-05-05T00:16:33.577Z  INFO 1 --- [   scheduling-1] r.observability.ObservabilityService     : LAB9 Observability window=1m category=web.RentController.getRents count=2081 sumNanos=323331558085 avgNanos=155373165
zil-additional-service  | 2026-05-05T00:14:23.378Z  INFO 1 --- [zil-additional-service] [   scheduling-1] r.a.observability.ObservabilityService   : LAB9 Observability window=10s category=web.additional.availability_new count=386 sumNanos=155622259390 avgNanos=403166475
zil-app                 | 2026-05-05T00:16:33.577Z  INFO 1 --- [   scheduling-1] r.observability.ObservabilityService     : LAB9 Observability window=1m category=db.rent.findAll count=2081 sumNanos=323329313887 avgNanos=155372087
zil-app                 | 2026-05-05T00:16:33.578Z  INFO 1 --- [   scheduling-1] r.observability.ObservabilityService     : LAB9 Observability window=1m category=web.CarController.getCars count=2087 sumNanos=325241679897 avgNanos=155841724
zil-app                 | 2026-05-05T00:16:33.578Z  INFO 1 --- [   scheduling-1] r.observability.ObservabilityService     : LAB9 Observability window=1m category=db.car.findAll count=2087 sumNanos=325235834932 avgNanos=155838924
zil-app                 | 2026-05-05T00:16:38.579Z  INFO 1 --- [   scheduling-1] r.observability.ObservabilityService     : LAB9 Observability window=10s category=web.RentController.getRents count=472 sumNanos=72337485034 avgNanos=153257383
zil-app                 | 2026-05-05T00:16:38.583Z  INFO 1 --- [   scheduling-1] r.observability.ObservabilityService     : LAB9 Observability window=10s category=db.rent.findAll count=472 sumNanos=72337160908 avgNanos=153256696
zil-app                 | 2026-05-05T00:16:38.584Z  INFO 1 --- [   scheduling-1] r.observability.ObservabilityService     : LAB9 Observability window=10s category=web.CarController.getCars count=470 sumNanos=75183569630 avgNanos=159965041
zil-app                 | 2026-05-05T00:16:38.585Z  INFO 1 --- [   scheduling-1] r.observability.ObservabilityService     : LAB9 Observability window=10s category=db.car.findAll count=470 sumNanos=75183231851 avgNanos=159964323
zil-app                 | 2026-05-05T00:16:38.586Z  INFO 1 --- [   scheduling-1] r.observability.ObservabilityService     : LAB9 Observability window=30s category=web.RentController.getRents count=1421 sumNanos=218803851460 avgNanos=153978783
zil-app                 | 2026-05-05T00:16:38.586Z  INFO 1 --- [   scheduling-1] r.observability.ObservabilityService     : LAB9 Observability window=30s category=db.rent.findAll count=1421 sumNanos=218802742686 avgNanos=153978003
zil-app                 | 2026-05-05T00:16:38.587Z  INFO 1 --- [   scheduling-1] r.observability.ObservabilityService     : LAB9 Observability window=30s category=web.CarController.getCars count=1419 sumNanos=219130080771 avgNanos=154425708
zil-app                 | 2026-05-05T00:16:38.587Z  INFO 1 --- [   scheduling-1] r.observability.ObservabilityService     : LAB9 Observability window=30s category=db.car.findAll count=1419 sumNanos=219129100889 avgNanos=154425018
zil-app                 | 2026-05-05T00:16:38.587Z  INFO 1 --- [   scheduling-1] r.observability.ObservabilityService     : LAB9 Observability window=1m category=web.RentController.getRents count=2321 sumNanos=358315642016 avgNanos=154379854
zil-app                 | 2026-05-05T00:16:38.587Z  INFO 1 --- [   scheduling-1] r.observability.ObservabilityService     : LAB9 Observability window=1m category=db.rent.findAll count=2321 sumNanos=358313224220 avgNanos=154378812
zil-app                 | 2026-05-05T00:16:38.588Z  INFO 1 --- [   scheduling-1] r.observability.ObservabilityService     : LAB9 Observability window=1m category=web.CarController.getCars count=2327 sumNanos=362828869236 avgNanos=155921301
zil-app                 | 2026-05-05T00:16:38.588Z  INFO 1 --- [   scheduling-1] r.observability.ObservabilityService     : LAB9 Observability window=1m category=db.car.findAll count=2327 sumNanos=362822865764 avgNanos=155918721
zil-app                 | 2026-05-05T00:16:43.589Z  INFO 1 --- [   scheduling-1] r.observability.ObservabilityService     : LAB9 Observability window=10s category=web.RentController.getRents count=479 sumNanos=70894925866 avgNanos=148006108
zil-app                 | 2026-05-05T00:16:43.589Z  INFO 1 --- [   scheduling-1] r.observability.ObservabilityService     : LAB9 Observability window=10s category=db.rent.findAll count=479 sumNanos=70894567128 avgNanos=148005359
zil-app                 | 2026-05-05T00:16:43.590Z  INFO 1 --- [   scheduling-1] r.observability.ObservabilityService     : LAB9 Observability window=10s category=web.CarController.getCars count=483 sumNanos=75568067933 avgNanos=156455627
zil-app                 | 2026-05-05T00:16:43.590Z  INFO 1 --- [   scheduling-1] r.observability.ObservabilityService     : LAB9 Observability window=10s category=db.car.findAll count=483 sumNanos=75567738214 avgNanos=156454944
zil-app                 | 2026-05-05T00:16:43.590Z  INFO 1 --- [   scheduling-1] r.observability.ObservabilityService     : LAB9 Observability window=30s category=web.RentController.getRents count=1425 sumNanos=219241366238 avgNanos=153853590
zil-app                 | 2026-05-05T00:16:43.590Z  INFO 1 --- [   scheduling-1] r.observability.ObservabilityService     : LAB9 Observability window=30s category=db.rent.findAll count=1425 sumNanos=219240228629 avgNanos=153852792
zil-app                 | 2026-05-05T00:16:43.591Z  INFO 1 --- [   scheduling-1] r.observability.ObservabilityService     : LAB9 Observability window=30s category=web.CarController.getCars count=1427 sumNanos=222203935937 avgNanos=155714040
zil-app                 | 2026-05-05T00:16:43.591Z  INFO 1 --- [   scheduling-1] r.observability.ObservabilityService     : LAB9 Observability window=30s category=db.car.findAll count=1427 sumNanos=222202946599 avgNanos=155713347
zil-app                 | 2026-05-05T00:16:43.591Z  INFO 1 --- [   scheduling-1] r.observability.ObservabilityService     : LAB9 Observability window=1m category=web.RentController.getRents count=2560 sumNanos=394226483951 avgNanos=153994720
zil-app                 | 2026-05-05T00:16:43.591Z  INFO 1 --- [   scheduling-1] r.observability.ObservabilityService     : LAB9 Observability window=1m category=db.rent.findAll count=2560 sumNanos=394223881015 avgNanos=153993703
zil-app                 | 2026-05-05T00:16:43.592Z  INFO 1 --- [   scheduling-1] r.observability.ObservabilityService     : LAB9 Observability window=1m category=web.CarController.getCars count=2570 sumNanos=400809747830 avgNanos=155957100
zil-app                 | 2026-05-05T00:16:43.592Z  INFO 1 --- [   scheduling-1] r.observability.ObservabilityService     : LAB9 Observability window=1m category=db.car.findAll count=2570 sumNanos=400803573146 avgNanos=155954697
zil-app                 | 2026-05-05T00:16:48.592Z  INFO 1 --- [   scheduling-1] r.observability.ObservabilityService     : LAB9 Observability window=10s category=web.RentController.getRents count=473 sumNanos=72939130906 avgNanos=154205350
zil-app                 | 2026-05-05T00:16:48.593Z  INFO 1 --- [   scheduling-1] r.observability.ObservabilityService     : LAB9 Observability window=10s category=db.rent.findAll count=473 sumNanos=72938615571 avgNanos=154204261
zil-app                 | 2026-05-05T00:16:48.593Z  INFO 1 --- [   scheduling-1] r.observability.ObservabilityService     : LAB9 Observability window=10s category=web.CarController.getCars count=476 sumNanos=74283053700 avgNanos=156056835
zil-app                 | 2026-05-05T00:16:48.593Z  INFO 1 --- [   scheduling-1] r.observability.ObservabilityService     : LAB9 Observability window=10s category=db.car.findAll count=476 sumNanos=74282583347 avgNanos=156055847
zil-additional-service  | 2026-05-05T00:14:23.378Z  INFO 1 --- [zil-additional-service] [   scheduling-1] r.a.observability.ObservabilityService   : LAB9 Observability window=10s category=additional.statsComputation.availability.allCitiesAllDates count=386 sumNanos=267232181 avgNanos=692311
zil-additional-service  | 2026-05-05T00:14:23.379Z  INFO 1 --- [zil-additional-service] [   scheduling-1] r.a.observability.ObservabilityService   : LAB9 Observability window=30s category=additional.statsComputation.stats count=69 sumNanos=439190 avgNanos=6365
zil-additional-service  | 2026-05-05T00:14:23.379Z  INFO 1 --- [zil-additional-service] [   scheduling-1] r.a.observability.ObservabilityService   : LAB9 Observability window=30s category=web.additional.stats count=69 sumNanos=27454753786 avgNanos=397894982
zil-additional-service  | 2026-05-05T00:14:23.379Z  INFO 1 --- [zil-additional-service] [   scheduling-1] r.a.observability.ObservabilityService   : LAB9 Observability window=30s category=http.main.rents count=1233 sumNanos=247423772996 avgNanos=200668104
zil-additional-service  | 2026-05-05T00:14:23.379Z  INFO 1 --- [zil-additional-service] [   scheduling-1] r.a.observability.ObservabilityService   : LAB9 Observability window=30s category=http.main.cars count=1230 sumNanos=240321346222 avgNanos=195383208
zil-app                 | 2026-05-05T00:16:48.594Z  INFO 1 --- [   scheduling-1] r.observability.ObservabilityService     : LAB9 Observability window=30s category=web.RentController.getRents count=1426 sumNanos=219760978614 avgNanos=154110083
zil-app                 | 2026-05-05T00:16:48.594Z  INFO 1 --- [   scheduling-1] r.observability.ObservabilityService     : LAB9 Observability window=30s category=db.rent.findAll count=1426 sumNanos=219759684320 avgNanos=154109175
zil-app                 | 2026-05-05T00:16:48.594Z  INFO 1 --- [   scheduling-1] r.observability.ObservabilityService     : LAB9 Observability window=30s category=web.CarController.getCars count=1428 sumNanos=222815874623 avgNanos=156033525
zil-app                 | 2026-05-05T00:16:48.594Z  INFO 1 --- [   scheduling-1] r.observability.ObservabilityService     : LAB9 Observability window=30s category=db.car.findAll count=1428 sumNanos=222814730152 avgNanos=156032724
zil-app                 | 2026-05-05T00:16:48.594Z  INFO 1 --- [   scheduling-1] r.observability.ObservabilityService     : LAB9 Observability window=1m category=web.RentController.getRents count=2792 sumNanos=431062084148 avgNanos=154391863
zil-app                 | 2026-05-05T00:16:48.594Z  INFO 1 --- [   scheduling-1] r.observability.ObservabilityService     : LAB9 Observability window=1m category=db.rent.findAll count=2792 sumNanos=431059152252 avgNanos=154390813
zil-app                 | 2026-05-05T00:16:48.595Z  INFO 1 --- [   scheduling-1] r.observability.ObservabilityService     : LAB9 Observability window=1m category=web.CarController.getCars count=2790 sumNanos=434802911750 avgNanos=155843337
zil-app                 | 2026-05-05T00:16:48.595Z  INFO 1 --- [   scheduling-1] r.observability.ObservabilityService     : LAB9 Observability window=1m category=db.car.findAll count=2790 sumNanos=434796460206 avgNanos=155841025
zil-app                 | 2026-05-05T00:16:53.612Z  INFO 1 --- [   scheduling-1] r.observability.ObservabilityService     : LAB9 Observability window=10s category=web.RentController.getRents count=477 sumNanos=74552935722 avgNanos=156295462
zil-app                 | 2026-05-05T00:16:53.614Z  INFO 1 --- [   scheduling-1] r.observability.ObservabilityService     : LAB9 Observability window=10s category=db.rent.findAll count=477 sumNanos=74552419833 avgNanos=156294381
zil-app                 | 2026-05-05T00:16:53.614Z  INFO 1 --- [   scheduling-1] r.observability.ObservabilityService     : LAB9 Observability window=10s category=web.CarController.getCars count=473 sumNanos=73060578113 avgNanos=154462110
zil-app                 | 2026-05-05T00:16:53.615Z  INFO 1 --- [   scheduling-1] r.observability.ObservabilityService     : LAB9 Observability window=10s category=db.car.findAll count=473 sumNanos=73060129948 avgNanos=154461162
zil-app                 | 2026-05-05T00:16:53.616Z  INFO 1 --- [   scheduling-1] r.observability.ObservabilityService     : LAB9 Observability window=30s category=web.RentController.getRents count=1426 sumNanos=219787395302 avgNanos=154128608
zil-app                 | 2026-05-05T00:16:53.616Z  INFO 1 --- [   scheduling-1] r.observability.ObservabilityService     : LAB9 Observability window=30s category=db.rent.findAll count=1426 sumNanos=219786072241 avgNanos=154127680
zil-app                 | 2026-05-05T00:16:53.616Z  INFO 1 --- [   scheduling-1] r.observability.ObservabilityService     : LAB9 Observability window=30s category=web.CarController.getCars count=1424 sumNanos=222403154902 avgNanos=156181990
zil-app                 | 2026-05-05T00:16:53.616Z  INFO 1 --- [   scheduling-1] r.observability.ObservabilityService     : LAB9 Observability window=30s category=db.car.findAll count=1424 sumNanos=222402022569 avgNanos=156181195
zil-additional-service  | 2026-05-05T00:14:23.379Z  INFO 1 --- [zil-additional-service] [   scheduling-1] r.a.observability.ObservabilityService   : LAB9 Observability window=30s category=web.additional.availability_new count=1164 sumNanos=462368373690 avgNanos=397223688
zil-additional-service  | 2026-05-05T00:14:23.379Z  INFO 1 --- [zil-additional-service] [   scheduling-1] r.a.observability.ObservabilityService   : LAB9 Observability window=30s category=additional.statsComputation.availability.allCitiesAllDates count=1164 sumNanos=660262585 avgNanos=567235
zil-additional-service  | 2026-05-05T00:14:23.380Z  INFO 1 --- [zil-additional-service] [   scheduling-1] r.a.observability.ObservabilityService   : LAB9 Observability window=1m category=additional.statsComputation.stats count=122 sumNanos=608253 avgNanos=4985
zil-additional-service  | 2026-05-05T00:14:23.380Z  INFO 1 --- [zil-additional-service] [   scheduling-1] r.a.observability.ObservabilityService   : LAB9 Observability window=1m category=web.additional.stats count=122 sumNanos=51423106686 avgNanos=421500874
zil-additional-service  | 2026-05-05T00:14:23.380Z  INFO 1 --- [zil-additional-service] [   scheduling-1] r.a.observability.ObservabilityService   : LAB9 Observability window=1m category=http.main.rents count=2380 sumNanos=504534139217 avgNanos=211989134
zil-additional-service  | 2026-05-05T00:14:23.380Z  INFO 1 --- [zil-additional-service] [   scheduling-1] r.a.observability.ObservabilityService   : LAB9 Observability window=1m category=http.main.cars count=2376 sumNanos=484119968266 avgNanos=203754195
zil-app                 | 2026-05-05T00:16:53.617Z  INFO 1 --- [   scheduling-1] r.observability.ObservabilityService     : LAB9 Observability window=1m category=web.RentController.getRents count=2809 sumNanos=434209024886 avgNanos=154577794
zil-app                 | 2026-05-05T00:16:53.617Z  INFO 1 --- [   scheduling-1] r.observability.ObservabilityService     : LAB9 Observability window=1m category=db.rent.findAll count=2809 sumNanos=434206744059 avgNanos=154576982
zil-app                 | 2026-05-05T00:16:53.617Z  INFO 1 --- [   scheduling-1] r.observability.ObservabilityService     : LAB9 Observability window=1m category=web.CarController.getCars count=2810 sumNanos=437210775711 avgNanos=155591023
zil-app                 | 2026-05-05T00:16:53.617Z  INFO 1 --- [   scheduling-1] r.observability.ObservabilityService     : LAB9 Observability window=1m category=db.car.findAll count=2810 sumNanos=437204737016 avgNanos=155588874
zil-app                 | 2026-05-05T00:16:58.618Z  INFO 1 --- [   scheduling-1] r.observability.ObservabilityService     : LAB9 Observability window=10s category=web.RentController.getRents count=477 sumNanos=74482495704 avgNanos=156147789
zil-app                 | 2026-05-05T00:16:58.619Z  INFO 1 --- [   scheduling-1] r.observability.ObservabilityService     : LAB9 Observability window=10s category=db.rent.findAll count=477 sumNanos=74482002980 avgNanos=156146756
zil-app                 | 2026-05-05T00:16:58.619Z  INFO 1 --- [   scheduling-1] r.observability.ObservabilityService     : LAB9 Observability window=10s category=web.CarController.getCars count=476 sumNanos=71391822659 avgNanos=149982820
zil-app                 | 2026-05-05T00:16:58.619Z  INFO 1 --- [   scheduling-1] r.observability.ObservabilityService     : LAB9 Observability window=10s category=db.car.findAll count=476 sumNanos=71391528118 avgNanos=149982201
zil-app                 | 2026-05-05T00:16:58.619Z  INFO 1 --- [   scheduling-1] r.observability.ObservabilityService     : LAB9 Observability window=30s category=web.RentController.getRents count=1419 sumNanos=219197884011 avgNanos=154473491
zil-app                 | 2026-05-05T00:16:58.619Z  INFO 1 --- [   scheduling-1] r.observability.ObservabilityService     : LAB9 Observability window=30s category=db.rent.findAll count=1419 sumNanos=219196553559 avgNanos=154472553
zil-app                 | 2026-05-05T00:16:58.619Z  INFO 1 --- [   scheduling-1] r.observability.ObservabilityService     : LAB9 Observability window=30s category=web.CarController.getCars count=1418 sumNanos=220155459294 avgNanos=155257728
zil-additional-service  | 2026-05-05T00:14:23.381Z  INFO 1 --- [zil-additional-service] [   scheduling-1] r.a.observability.ObservabilityService   : LAB9 Observability window=1m category=web.additional.availability_new count=2258 sumNanos=941279413957 avgNanos=416864222
zil-additional-service  | 2026-05-05T00:14:23.381Z  INFO 1 --- [zil-additional-service] [   scheduling-1] r.a.observability.ObservabilityService   : LAB9 Observability window=1m category=additional.statsComputation.availability.allCitiesAllDates count=2258 sumNanos=1158375351 avgNanos=513009
zil-app                 | 2026-05-05T00:16:58.619Z  INFO 1 --- [   scheduling-1] r.observability.ObservabilityService     : LAB9 Observability window=30s category=db.car.findAll count=1418 sumNanos=220154359134 avgNanos=155256952
zil-app                 | 2026-05-05T00:16:58.619Z  INFO 1 --- [   scheduling-1] r.observability.ObservabilityService     : LAB9 Observability window=1m category=web.RentController.getRents count=2834 sumNanos=438572627349 avgNanos=154753926
zil-app                 | 2026-05-05T00:16:58.619Z  INFO 1 --- [   scheduling-1] r.observability.ObservabilityService     : LAB9 Observability window=1m category=db.rent.findAll count=2834 sumNanos=438570173760 avgNanos=154753060
zil-app                 | 2026-05-05T00:16:58.619Z  INFO 1 --- [   scheduling-1] r.observability.ObservabilityService     : LAB9 Observability window=1m category=web.CarController.getCars count=2836 sumNanos=438533548963 avgNanos=154631011
zil-app                 | 2026-05-05T00:16:58.619Z  INFO 1 --- [   scheduling-1] r.observability.ObservabilityService     : LAB9 Observability window=1m category=db.car.findAll count=2836 sumNanos=438527877233 avgNanos=154629011
zil-app                 | 2026-05-05T00:17:03.620Z  INFO 1 --- [   scheduling-1] r.observability.ObservabilityService     : LAB9 Observability window=10s category=web.RentController.getRents count=468 sumNanos=74474937745 avgNanos=159134482
zil-app                 | 2026-05-05T00:17:03.620Z  INFO 1 --- [   scheduling-1] r.observability.ObservabilityService     : LAB9 Observability window=10s category=db.rent.findAll count=468 sumNanos=74474482827 avgNanos=159133510
zil-app                 | 2026-05-05T00:17:03.620Z  INFO 1 --- [   scheduling-1] r.observability.ObservabilityService     : LAB9 Observability window=10s category=web.CarController.getCars count=472 sumNanos=71745410601 avgNanos=152002988
zil-app                 | 2026-05-05T00:17:03.620Z  INFO 1 --- [   scheduling-1] r.observability.ObservabilityService     : LAB9 Observability window=10s category=db.car.findAll count=472 sumNanos=71745121511 avgNanos=152002376
zil-app                 | 2026-05-05T00:17:03.620Z  INFO 1 --- [   scheduling-1] r.observability.ObservabilityService     : LAB9 Observability window=30s category=web.RentController.getRents count=1423 sumNanos=219672297931 avgNanos=154372661
zil-app                 | 2026-05-05T00:17:03.620Z  INFO 1 --- [   scheduling-1] r.observability.ObservabilityService     : LAB9 Observability window=30s category=db.rent.findAll count=1423 sumNanos=219670986798 avgNanos=154371740
zil-app                 | 2026-05-05T00:17:03.620Z  INFO 1 --- [   scheduling-1] r.observability.ObservabilityService     : LAB9 Observability window=30s category=web.CarController.getCars count=1423 sumNanos=219459894309 avgNanos=154223397
zil-app                 | 2026-05-05T00:17:03.620Z  INFO 1 --- [   scheduling-1] r.observability.ObservabilityService     : LAB9 Observability window=30s category=db.car.findAll count=1423 sumNanos=219458830403 avgNanos=154222649
zil-app                 | 2026-05-05T00:17:03.620Z  INFO 1 --- [   scheduling-1] r.observability.ObservabilityService     : LAB9 Observability window=1m category=web.RentController.getRents count=2838 sumNanos=439706110025 avgNanos=154935204
zil-app                 | 2026-05-05T00:17:03.620Z  INFO 1 --- [   scheduling-1] r.observability.ObservabilityService     : LAB9 Observability window=1m category=db.rent.findAll count=2838 sumNanos=439703673815 avgNanos=154934345
zil-app                 | 2026-05-05T00:17:03.620Z  INFO 1 --- [   scheduling-1] r.observability.ObservabilityService     : LAB9 Observability window=1m category=web.CarController.getCars count=2837 sumNanos=438013502062 avgNanos=154393197
zil-app                 | 2026-05-05T00:17:03.620Z  INFO 1 --- [   scheduling-1] r.observability.ObservabilityService     : LAB9 Observability window=1m category=db.car.findAll count=2837 sumNanos=438008153202 avgNanos=154391312
zil-app                 | 2026-05-05T00:17:08.625Z  INFO 1 --- [   scheduling-1] r.observability.ObservabilityService     : LAB9 Observability window=10s category=web.RentController.getRents count=475 sumNanos=75127147233 avgNanos=158162415
zil-app                 | 2026-05-05T00:17:08.626Z  INFO 1 --- [   scheduling-1] r.observability.ObservabilityService     : LAB9 Observability window=10s category=db.rent.findAll count=475 sumNanos=75126640590 avgNanos=158161348
zil-app                 | 2026-05-05T00:17:08.626Z  INFO 1 --- [   scheduling-1] r.observability.ObservabilityService     : LAB9 Observability window=10s category=web.CarController.getCars count=477 sumNanos=74738421339 avgNanos=156684321
zil-app                 | 2026-05-05T00:17:08.626Z  INFO 1 --- [   scheduling-1] r.observability.ObservabilityService     : LAB9 Observability window=10s category=db.car.findAll count=477 sumNanos=74736575293 avgNanos=156680451
zil-app                 | 2026-05-05T00:17:08.626Z  INFO 1 --- [   scheduling-1] r.observability.ObservabilityService     : LAB9 Observability window=30s category=web.RentController.getRents count=1425 sumNanos=222450729348 avgNanos=156105774
zil-app                 | 2026-05-05T00:17:08.626Z  INFO 1 --- [   scheduling-1] r.observability.ObservabilityService     : LAB9 Observability window=30s category=db.rent.findAll count=1425 sumNanos=222449214887 avgNanos=156104712
zil-app                 | 2026-05-05T00:17:08.626Z  INFO 1 --- [   scheduling-1] r.observability.ObservabilityService     : LAB9 Observability window=30s category=web.CarController.getCars count=1428 sumNanos=220272847084 avgNanos=154252694
zil-additional-service  | 2026-05-05T00:14:28.466Z  INFO 1 --- [zil-additional-service] [   scheduling-1] r.a.observability.ObservabilityService   : LAB9 Observability window=10s category=additional.statsComputation.stats count=17 sumNanos=78520 avgNanos=4618
zil-additional-service  | 2026-05-05T00:14:28.466Z  INFO 1 --- [zil-additional-service] [   scheduling-1] r.a.observability.ObservabilityService   : LAB9 Observability window=10s category=web.additional.stats count=17 sumNanos=7741821674 avgNanos=455401274
zil-additional-service  | 2026-05-05T00:14:28.466Z  INFO 1 --- [zil-additional-service] [   scheduling-1] r.a.observability.ObservabilityService   : LAB9 Observability window=10s category=http.main.rents count=392 sumNanos=85636862952 avgNanos=218461385
zil-additional-service  | 2026-05-05T00:14:28.466Z  INFO 1 --- [zil-additional-service] [   scheduling-1] r.a.observability.ObservabilityService   : LAB9 Observability window=10s category=http.main.cars count=395 sumNanos=80165130225 avgNanos=202949696
zil-additional-service  | 2026-05-05T00:14:28.466Z  INFO 1 --- [zil-additional-service] [   scheduling-1] r.a.observability.ObservabilityService   : LAB9 Observability window=10s category=web.additional.availability_new count=375 sumNanos=157771594617 avgNanos=420724252
zil-additional-service  | 2026-05-05T00:14:28.466Z  INFO 1 --- [zil-additional-service] [   scheduling-1] r.a.observability.ObservabilityService   : LAB9 Observability window=10s category=additional.statsComputation.availability.allCitiesAllDates count=375 sumNanos=139986081 avgNanos=373296
zil-additional-service  | 2026-05-05T00:14:28.466Z  INFO 1 --- [zil-additional-service] [   scheduling-1] r.a.observability.ObservabilityService   : LAB9 Observability window=30s category=additional.statsComputation.stats count=63 sumNanos=450794 avgNanos=7155
zil-additional-service  | 2026-05-05T00:14:28.466Z  INFO 1 --- [zil-additional-service] [   scheduling-1] r.a.observability.ObservabilityService   : LAB9 Observability window=30s category=web.additional.stats count=63 sumNanos=25739174378 avgNanos=408558323
zil-additional-service  | 2026-05-05T00:14:28.466Z  INFO 1 --- [zil-additional-service] [   scheduling-1] r.a.observability.ObservabilityService   : LAB9 Observability window=30s category=http.main.rents count=1204 sumNanos=249149304714 avgNanos=206934638
zil-additional-service  | 2026-05-05T00:14:28.466Z  INFO 1 --- [zil-additional-service] [   scheduling-1] r.a.observability.ObservabilityService   : LAB9 Observability window=30s category=http.main.cars count=1205 sumNanos=239491463463 avgNanos=198748102
zil-additional-service  | 2026-05-05T00:14:28.466Z  INFO 1 --- [zil-additional-service] [   scheduling-1] r.a.observability.ObservabilityService   : LAB9 Observability window=30s category=web.additional.availability_new count=1141 sumNanos=463512325230 avgNanos=406233413
zil-additional-service  | 2026-05-05T00:14:28.466Z  INFO 1 --- [zil-additional-service] [   scheduling-1] r.a.observability.ObservabilityService   : LAB9 Observability window=30s category=additional.statsComputation.availability.allCitiesAllDates count=1141 sumNanos=687468375 avgNanos=602513
zil-additional-service  | 2026-05-05T00:14:28.467Z  INFO 1 --- [zil-additional-service] [   scheduling-1] r.a.observability.ObservabilityService   : LAB9 Observability window=1m category=additional.statsComputation.stats count=124 sumNanos=644560 avgNanos=5198
zil-additional-service  | 2026-05-05T00:14:28.467Z  INFO 1 --- [zil-additional-service] [   scheduling-1] r.a.observability.ObservabilityService   : LAB9 Observability window=1m category=web.additional.stats count=124 sumNanos=52334718551 avgNanos=422054181
zil-additional-service  | 2026-05-05T00:14:28.467Z  INFO 1 --- [zil-additional-service] [   scheduling-1] r.a.observability.ObservabilityService   : LAB9 Observability window=1m category=http.main.rents count=2401 sumNanos=502011484969 avgNanos=209084333
zil-additional-service  | 2026-05-05T00:14:28.467Z  INFO 1 --- [zil-additional-service] [   scheduling-1] r.a.observability.ObservabilityService   : LAB9 Observability window=1m category=http.main.cars count=2398 sumNanos=481189693926 avgNanos=200662924
zil-additional-service  | 2026-05-05T00:14:28.467Z  INFO 1 --- [zil-additional-service] [   scheduling-1] r.a.observability.ObservabilityService   : LAB9 Observability window=1m category=web.additional.availability_new count=2277 sumNanos=933580858917 avgNanos=410004768
zil-additional-service  | 2026-05-05T00:14:28.467Z  INFO 1 --- [zil-additional-service] [   scheduling-1] r.a.observability.ObservabilityService   : LAB9 Observability window=1m category=additional.statsComputation.availability.allCitiesAllDates count=2277 sumNanos=1168866812 avgNanos=513336
zil-additional-service  | 2026-05-05T00:14:32.959Z  INFO 1 --- [zil-additional-service] [   scheduling-1] r.additional.service.ClientCacheService  : [client-cache-statistics] Client cache size=1000
zil-additional-service  | 2026-05-05T00:14:33.468Z  INFO 1 --- [zil-additional-service] [   scheduling-1] r.a.observability.ObservabilityService   : LAB9 Observability window=10s category=additional.statsComputation.stats count=17 sumNanos=79961 avgNanos=4703
zil-additional-service  | 2026-05-05T00:14:33.469Z  INFO 1 --- [zil-additional-service] [   scheduling-1] r.a.observability.ObservabilityService   : LAB9 Observability window=10s category=web.additional.stats count=17 sumNanos=7332175941 avgNanos=431304467
zil-additional-service  | 2026-05-05T00:14:33.469Z  INFO 1 --- [zil-additional-service] [   scheduling-1] r.a.observability.ObservabilityService   : LAB9 Observability window=10s category=http.main.rents count=385 sumNanos=85843775381 avgNanos=222970845
zil-additional-service  | 2026-05-05T00:14:33.469Z  INFO 1 --- [zil-additional-service] [   scheduling-1] r.a.observability.ObservabilityService   : LAB9 Observability window=10s category=http.main.cars count=387 sumNanos=80415489768 avgNanos=207791963
zil-additional-service  | 2026-05-05T00:14:33.469Z  INFO 1 --- [zil-additional-service] [   scheduling-1] r.a.observability.ObservabilityService   : LAB9 Observability window=10s category=web.additional.availability_new count=368 sumNanos=158709196020 avgNanos=431274989
zil-additional-service  | 2026-05-05T00:14:33.469Z  INFO 1 --- [zil-additional-service] [   scheduling-1] r.a.observability.ObservabilityService   : LAB9 Observability window=10s category=additional.statsComputation.availability.allCitiesAllDates count=368 sumNanos=228632276 avgNanos=621283
zil-additional-service  | 2026-05-05T00:14:33.469Z  INFO 1 --- [zil-additional-service] [   scheduling-1] r.a.observability.ObservabilityService   : LAB9 Observability window=30s category=additional.statsComputation.stats count=62 sumNanos=446779 avgNanos=7206
zil-additional-service  | 2026-05-05T00:14:33.469Z  INFO 1 --- [zil-additional-service] [   scheduling-1] r.a.observability.ObservabilityService   : LAB9 Observability window=30s category=web.additional.stats count=62 sumNanos=25279979244 avgNanos=407741600
zil-additional-service  | 2026-05-05T00:14:33.469Z  INFO 1 --- [zil-additional-service] [   scheduling-1] r.a.observability.ObservabilityService   : LAB9 Observability window=30s category=http.main.rents count=1201 sumNanos=250832987825 avgNanos=208853445
zil-additional-service  | 2026-05-05T00:14:33.469Z  INFO 1 --- [zil-additional-service] [   scheduling-1] r.a.observability.ObservabilityService   : LAB9 Observability window=30s category=http.main.cars count=1201 sumNanos=239189692601 avgNanos=199158778
zil-additional-service  | 2026-05-05T00:14:33.469Z  INFO 1 --- [zil-additional-service] [   scheduling-1] r.a.observability.ObservabilityService   : LAB9 Observability window=30s category=web.additional.availability_new count=1139 sumNanos=466272003607 avgNanos=409369625
zil-additional-service  | 2026-05-05T00:14:33.469Z  INFO 1 --- [zil-additional-service] [   scheduling-1] r.a.observability.ObservabilityService   : LAB9 Observability window=30s category=additional.statsComputation.availability.allCitiesAllDates count=1139 sumNanos=614079669 avgNanos=539139
zil-additional-service  | 2026-05-05T00:14:33.470Z  INFO 1 --- [zil-additional-service] [   scheduling-1] r.a.observability.ObservabilityService   : LAB9 Observability window=1m category=additional.statsComputation.stats count=124 sumNanos=646772 avgNanos=5215
zil-additional-service  | 2026-05-05T00:14:33.470Z  INFO 1 --- [zil-additional-service] [   scheduling-1] r.a.observability.ObservabilityService   : LAB9 Observability window=1m category=web.additional.stats count=124 sumNanos=51057573198 avgNanos=411754622
zil-additional-service  | 2026-05-05T00:14:33.470Z  INFO 1 --- [zil-additional-service] [   scheduling-1] r.a.observability.ObservabilityService   : LAB9 Observability window=1m category=http.main.rents count=2409 sumNanos=500528187301 avgNanos=207774257
zil-additional-service  | 2026-05-05T00:14:33.470Z  INFO 1 --- [zil-additional-service] [   scheduling-1] r.a.observability.ObservabilityService   : LAB9 Observability window=1m category=http.main.cars count=2411 sumNanos=482416293620 avgNanos=200089711
zil-additional-service  | 2026-05-05T00:14:33.470Z  INFO 1 --- [zil-additional-service] [   scheduling-1] r.a.observability.ObservabilityService   : LAB9 Observability window=1m category=web.additional.availability_new count=2285 sumNanos=933833127657 avgNanos=408679705
zil-additional-service  | 2026-05-05T00:14:33.470Z  INFO 1 --- [zil-additional-service] [   scheduling-1] r.a.observability.ObservabilityService   : LAB9 Observability window=1m category=additional.statsComputation.availability.allCitiesAllDates count=2285 sumNanos=1166675030 avgNanos=510579
zil-additional-service  | 2026-05-05T00:14:38.473Z  INFO 1 --- [zil-additional-service] [   scheduling-1] r.a.observability.ObservabilityService   : LAB9 Observability window=10s category=additional.statsComputation.stats count=21 sumNanos=66836 avgNanos=3182
zil-additional-service  | 2026-05-05T00:14:38.474Z  INFO 1 --- [zil-additional-service] [   scheduling-1] r.a.observability.ObservabilityService   : LAB9 Observability window=10s category=web.additional.stats count=21 sumNanos=8570322235 avgNanos=408110582
zil-additional-service  | 2026-05-05T00:14:38.475Z  INFO 1 --- [zil-additional-service] [   scheduling-1] r.a.observability.ObservabilityService   : LAB9 Observability window=10s category=http.main.rents count=406 sumNanos=84911617522 avgNanos=209141915
zil-additional-service  | 2026-05-05T00:14:38.475Z  INFO 1 --- [zil-additional-service] [   scheduling-1] r.a.observability.ObservabilityService   : LAB9 Observability window=10s category=http.main.cars count=406 sumNanos=80585718130 avgNanos=198486990
zil-additional-service  | 2026-05-05T00:14:38.476Z  INFO 1 --- [zil-additional-service] [   scheduling-1] r.a.observability.ObservabilityService   : LAB9 Observability window=10s category=web.additional.availability_new count=385 sumNanos=158027911650 avgNanos=410462108
zil-additional-service  | 2026-05-05T00:14:38.476Z  INFO 1 --- [zil-additional-service] [   scheduling-1] r.a.observability.ObservabilityService   : LAB9 Observability window=10s category=additional.statsComputation.availability.allCitiesAllDates count=385 sumNanos=218004027 avgNanos=566244
zil-additional-service  | 2026-05-05T00:14:38.477Z  INFO 1 --- [zil-additional-service] [   scheduling-1] r.a.observability.ObservabilityService   : LAB9 Observability window=30s category=additional.statsComputation.stats count=56 sumNanos=229905 avgNanos=4105
zil-additional-service  | 2026-05-05T00:14:38.477Z  INFO 1 --- [zil-additional-service] [   scheduling-1] r.a.observability.ObservabilityService   : LAB9 Observability window=30s category=web.additional.stats count=56 sumNanos=22641933811 avgNanos=404320246
zil-additional-service  | 2026-05-05T00:14:38.477Z  INFO 1 --- [zil-additional-service] [   scheduling-1] r.a.observability.ObservabilityService   : LAB9 Observability window=30s category=http.main.rents count=1225 sumNanos=249762731651 avgNanos=203887944
zil-additional-service  | 2026-05-05T00:14:38.477Z  INFO 1 --- [zil-additional-service] [   scheduling-1] r.a.observability.ObservabilityService   : LAB9 Observability window=30s category=http.main.cars count=1229 sumNanos=239499307215 avgNanos=194873317
zil-additional-service  | 2026-05-05T00:14:38.477Z  INFO 1 --- [zil-additional-service] [   scheduling-1] r.a.observability.ObservabilityService   : LAB9 Observability window=30s category=web.additional.availability_new count=1169 sumNanos=467444450599 avgNanos=399866938
zil-additional-service  | 2026-05-05T00:14:38.477Z  INFO 1 --- [zil-additional-service] [   scheduling-1] r.a.observability.ObservabilityService   : LAB9 Observability window=30s category=additional.statsComputation.availability.allCitiesAllDates count=1169 sumNanos=642298095 avgNanos=549442
zil-additional-service  | 2026-05-05T00:14:38.479Z  INFO 1 --- [zil-additional-service] [   scheduling-1] r.a.observability.ObservabilityService   : LAB9 Observability window=1m category=additional.statsComputation.stats count=128 sumNanos=663766 avgNanos=5185
zil-additional-service  | 2026-05-05T00:14:38.480Z  INFO 1 --- [zil-additional-service] [   scheduling-1] r.a.observability.ObservabilityService   : LAB9 Observability window=1m category=web.additional.stats count=128 sumNanos=52040563651 avgNanos=406566903
zil-additional-service  | 2026-05-05T00:14:38.480Z  INFO 1 --- [zil-additional-service] [   scheduling-1] r.a.observability.ObservabilityService   : LAB9 Observability window=1m category=http.main.rents count=2442 sumNanos=499982598639 avgNanos=204743078
zil-additional-service  | 2026-05-05T00:14:38.480Z  INFO 1 --- [zil-additional-service] [   scheduling-1] r.a.observability.ObservabilityService   : LAB9 Observability window=1m category=http.main.cars count=2442 sumNanos=480967658869 avgNanos=196956453
zil-additional-service  | 2026-05-05T00:14:38.481Z  INFO 1 --- [zil-additional-service] [   scheduling-1] r.a.observability.ObservabilityService   : LAB9 Observability window=1m category=web.additional.availability_new count=2314 sumNanos=931806619052 avgNanos=402682203
zil-additional-service  | 2026-05-05T00:14:38.481Z  INFO 1 --- [zil-additional-service] [   scheduling-1] r.a.observability.ObservabilityService   : LAB9 Observability window=1m category=additional.statsComputation.availability.allCitiesAllDates count=2314 sumNanos=1184078674 avgNanos=511702
zil-additional-service  | 2026-05-05T00:14:42.962Z  INFO 1 --- [zil-additional-service] [   scheduling-1] r.additional.service.ClientCacheService  : [client-cache-statistics] Client cache size=1000
zil-additional-service  | 2026-05-05T00:14:43.482Z  INFO 1 --- [zil-additional-service] [   scheduling-1] r.a.observability.ObservabilityService   : LAB9 Observability window=10s category=additional.statsComputation.stats count=29 sumNanos=85209 avgNanos=2938
zil-additional-service  | 2026-05-05T00:14:43.486Z  INFO 1 --- [zil-additional-service] [   scheduling-1] r.a.observability.ObservabilityService   : LAB9 Observability window=10s category=web.additional.stats count=29 sumNanos=11130482629 avgNanos=383809745
zil-additional-service  | 2026-05-05T00:14:43.486Z  INFO 1 --- [zil-additional-service] [   scheduling-1] r.a.observability.ObservabilityService   : LAB9 Observability window=10s category=http.main.rents count=424 sumNanos=82612973907 avgNanos=194841919
zil-additional-service  | 2026-05-05T00:14:43.486Z  INFO 1 --- [zil-additional-service] [   scheduling-1] r.a.observability.ObservabilityService   : LAB9 Observability window=10s category=http.main.cars count=425 sumNanos=79117839187 avgNanos=186159621
zil-additional-service  | 2026-05-05T00:14:43.486Z  INFO 1 --- [zil-additional-service] [   scheduling-1] r.a.observability.ObservabilityService   : LAB9 Observability window=10s category=web.additional.availability_new count=395 sumNanos=151035038201 avgNanos=382367185
zil-additional-service  | 2026-05-05T00:14:43.486Z  INFO 1 --- [zil-additional-service] [   scheduling-1] r.a.observability.ObservabilityService   : LAB9 Observability window=10s category=additional.statsComputation.availability.allCitiesAllDates count=395 sumNanos=137828210 avgNanos=348932
zil-additional-service  | 2026-05-05T00:14:43.486Z  INFO 1 --- [zil-additional-service] [   scheduling-1] r.a.observability.ObservabilityService   : LAB9 Observability window=30s category=additional.statsComputation.stats count=64 sumNanos=230707 avgNanos=3604
zil-additional-service  | 2026-05-05T00:14:43.486Z  INFO 1 --- [zil-additional-service] [   scheduling-1] r.a.observability.ObservabilityService   : LAB9 Observability window=30s category=web.additional.stats count=64 sumNanos=25840990953 avgNanos=403765483
zil-additional-service  | 2026-05-05T00:14:43.486Z  INFO 1 --- [zil-additional-service] [   scheduling-1] r.a.observability.ObservabilityService   : LAB9 Observability window=30s category=http.main.rents count=1212 sumNanos=251152176786 avgNanos=207221267
zil-additional-service  | 2026-05-05T00:14:43.486Z  INFO 1 --- [zil-additional-service] [   scheduling-1] r.a.observability.ObservabilityService   : LAB9 Observability window=30s category=http.main.cars count=1215 sumNanos=239461513928 avgNanos=197087665
zil-additional-service  | 2026-05-05T00:14:43.486Z  INFO 1 --- [zil-additional-service] [   scheduling-1] r.a.observability.ObservabilityService   : LAB9 Observability window=30s category=web.additional.availability_new count=1148 sumNanos=465418512615 avgNanos=405416822
zil-additional-service  | 2026-05-05T00:14:43.486Z  INFO 1 --- [zil-additional-service] [   scheduling-1] r.a.observability.ObservabilityService   : LAB9 Observability window=30s category=additional.statsComputation.availability.allCitiesAllDates count=1148 sumNanos=633726026 avgNanos=552026
zil-additional-service  | 2026-05-05T00:14:43.487Z  INFO 1 --- [zil-additional-service] [   scheduling-1] r.a.observability.ObservabilityService   : LAB9 Observability window=1m category=additional.statsComputation.stats count=133 sumNanos=674045 avgNanos=5068
zil-additional-service  | 2026-05-05T00:14:43.487Z  INFO 1 --- [zil-additional-service] [   scheduling-1] r.a.observability.ObservabilityService   : LAB9 Observability window=1m category=web.additional.stats count=133 sumNanos=52794222739 avgNanos=396949043
zil-additional-service  | 2026-05-05T00:14:43.487Z  INFO 1 --- [zil-additional-service] [   scheduling-1] r.a.observability.ObservabilityService   : LAB9 Observability window=1m category=http.main.rents count=2456 sumNanos=498045569722 avgNanos=202787284
zil-additional-service  | 2026-05-05T00:14:43.487Z  INFO 1 --- [zil-additional-service] [   scheduling-1] r.a.observability.ObservabilityService   : LAB9 Observability window=1m category=http.main.cars count=2458 sumNanos=479324486929 avgNanos=195005893
zil-additional-service  | 2026-05-05T00:14:43.487Z  INFO 1 --- [zil-additional-service] [   scheduling-1] r.a.observability.ObservabilityService   : LAB9 Observability window=1m category=web.additional.availability_new count=2323 sumNanos=926601516803 avgNanos=398881410
zil-additional-service  | 2026-05-05T00:14:43.487Z  INFO 1 --- [zil-additional-service] [   scheduling-1] r.a.observability.ObservabilityService   : LAB9 Observability window=1m category=additional.statsComputation.availability.allCitiesAllDates count=2323 sumNanos=1206006731 avgNanos=519159
zil-additional-service  | 2026-05-05T00:14:48.488Z  INFO 1 --- [zil-additional-service] [   scheduling-1] r.a.observability.ObservabilityService   : LAB9 Observability window=10s category=additional.statsComputation.stats count=27 sumNanos=75650 avgNanos=2801
zil-additional-service  | 2026-05-05T00:14:48.488Z  INFO 1 --- [zil-additional-service] [   scheduling-1] r.a.observability.ObservabilityService   : LAB9 Observability window=10s category=web.additional.stats count=27 sumNanos=10023337803 avgNanos=371234733
zil-additional-service  | 2026-05-05T00:14:48.488Z  INFO 1 --- [zil-additional-service] [   scheduling-1] r.a.observability.ObservabilityService   : LAB9 Observability window=10s category=http.main.rents count=420 sumNanos=81571326998 avgNanos=194217445
zil-additional-service  | 2026-05-05T00:14:48.488Z  INFO 1 --- [zil-additional-service] [   scheduling-1] r.a.observability.ObservabilityService   : LAB9 Observability window=10s category=http.main.cars count=419 sumNanos=80943139378 avgNanos=193181716
zil-additional-service  | 2026-05-05T00:14:48.488Z  INFO 1 --- [zil-additional-service] [   scheduling-1] r.a.observability.ObservabilityService   : LAB9 Observability window=10s category=web.additional.availability_new count=393 sumNanos=152774901319 avgNanos=388740206
zil-additional-service  | 2026-05-05T00:14:48.488Z  INFO 1 --- [zil-additional-service] [   scheduling-1] r.a.observability.ObservabilityService   : LAB9 Observability window=10s category=additional.statsComputation.availability.allCitiesAllDates count=393 sumNanos=143728167 avgNanos=365720
zil-additional-service  | 2026-05-05T00:14:48.488Z  INFO 1 --- [zil-additional-service] [   scheduling-1] r.a.observability.ObservabilityService   : LAB9 Observability window=30s category=additional.statsComputation.stats count=65 sumNanos=221006 avgNanos=3400
zil-additional-service  | 2026-05-05T00:14:48.488Z  INFO 1 --- [zil-additional-service] [   scheduling-1] r.a.observability.ObservabilityService   : LAB9 Observability window=30s category=web.additional.stats count=65 sumNanos=26335481712 avgNanos=405161257
zil-additional-service  | 2026-05-05T00:14:48.488Z  INFO 1 --- [zil-additional-service] [   scheduling-1] r.a.observability.ObservabilityService   : LAB9 Observability window=30s category=http.main.rents count=1218 sumNanos=251968919658 avgNanos=206871034
zil-additional-service  | 2026-05-05T00:14:48.488Z  INFO 1 --- [zil-additional-service] [   scheduling-1] r.a.observability.ObservabilityService   : LAB9 Observability window=30s category=http.main.cars count=1216 sumNanos=240537155156 avgNanos=197810160
zil-additional-service  | 2026-05-05T00:14:48.488Z  INFO 1 --- [zil-additional-service] [   scheduling-1] r.a.observability.ObservabilityService   : LAB9 Observability window=30s category=web.additional.availability_new count=1153 sumNanos=468241819773 avgNanos=406107389
zil-additional-service  | 2026-05-05T00:14:48.488Z  INFO 1 --- [zil-additional-service] [   scheduling-1] r.a.observability.ObservabilityService   : LAB9 Observability window=30s category=additional.statsComputation.availability.allCitiesAllDates count=1153 sumNanos=501813130 avgNanos=435223
zil-additional-service  | 2026-05-05T00:14:48.489Z  INFO 1 --- [zil-additional-service] [   scheduling-1] r.a.observability.ObservabilityService   : LAB9 Observability window=1m category=additional.statsComputation.stats count=131 sumNanos=657940 avgNanos=5022
zil-additional-service  | 2026-05-05T00:14:48.489Z  INFO 1 --- [zil-additional-service] [   scheduling-1] r.a.observability.ObservabilityService   : LAB9 Observability window=1m category=web.additional.stats count=131 sumNanos=51597292661 avgNanos=393872463
zil-additional-service  | 2026-05-05T00:14:48.489Z  INFO 1 --- [zil-additional-service] [   scheduling-1] r.a.observability.ObservabilityService   : LAB9 Observability window=1m category=http.main.rents count=2469 sumNanos=495781288162 avgNanos=200802465
zil-additional-service  | 2026-05-05T00:14:48.489Z  INFO 1 --- [zil-additional-service] [   scheduling-1] r.a.observability.ObservabilityService   : LAB9 Observability window=1m category=http.main.cars count=2473 sumNanos=480628705563 avgNanos=194350467
zil-additional-service  | 2026-05-05T00:14:48.489Z  INFO 1 --- [zil-additional-service] [   scheduling-1] r.a.observability.ObservabilityService   : LAB9 Observability window=1m category=web.additional.availability_new count=2338 sumNanos=926934115047 avgNanos=396464548
zil-additional-service  | 2026-05-05T00:14:48.489Z  INFO 1 --- [zil-additional-service] [   scheduling-1] r.a.observability.ObservabilityService   : LAB9 Observability window=1m category=additional.statsComputation.availability.allCitiesAllDates count=2338 sumNanos=1194450031 avgNanos=510885
zil-additional-service  | 2026-05-05T00:14:52.959Z  INFO 1 --- [zil-additional-service] [   scheduling-1] r.additional.service.ClientCacheService  : [client-cache-statistics] Client cache size=1000
zil-additional-service  | 2026-05-05T00:14:53.490Z  INFO 1 --- [zil-additional-service] [   scheduling-1] r.a.observability.ObservabilityService   : LAB9 Observability window=10s category=additional.statsComputation.stats count=24 sumNanos=73503 avgNanos=3062
zil-additional-service  | 2026-05-05T00:14:53.490Z  INFO 1 --- [zil-additional-service] [   scheduling-1] r.a.observability.ObservabilityService   : LAB9 Observability window=10s category=web.additional.stats count=24 sumNanos=8961016886 avgNanos=373375703
zil-additional-service  | 2026-05-05T00:14:53.491Z  INFO 1 --- [zil-additional-service] [   scheduling-1] r.a.observability.ObservabilityService   : LAB9 Observability window=10s category=http.main.rents count=411 sumNanos=84778881554 avgNanos=206274650
zil-additional-service  | 2026-05-05T00:14:53.491Z  INFO 1 --- [zil-additional-service] [   scheduling-1] r.a.observability.ObservabilityService   : LAB9 Observability window=10s category=http.main.cars count=411 sumNanos=80541132867 avgNanos=195963826
zil-additional-service  | 2026-05-05T00:14:53.491Z  INFO 1 --- [zil-additional-service] [   scheduling-1] r.a.observability.ObservabilityService   : LAB9 Observability window=10s category=web.additional.availability_new count=387 sumNanos=156952978701 avgNanos=405563252
zil-additional-service  | 2026-05-05T00:14:53.491Z  INFO 1 --- [zil-additional-service] [   scheduling-1] r.a.observability.ObservabilityService   : LAB9 Observability window=10s category=additional.statsComputation.availability.allCitiesAllDates count=387 sumNanos=108747627 avgNanos=281001
zil-additional-service  | 2026-05-05T00:14:53.491Z  INFO 1 --- [zil-additional-service] [   scheduling-1] r.a.observability.ObservabilityService   : LAB9 Observability window=30s category=additional.statsComputation.stats count=70 sumNanos=238673 avgNanos=3409
zil-additional-service  | 2026-05-05T00:14:53.491Z  INFO 1 --- [zil-additional-service] [   scheduling-1] r.a.observability.ObservabilityService   : LAB9 Observability window=30s category=web.additional.stats count=70 sumNanos=27423675456 avgNanos=391766792
zil-additional-service  | 2026-05-05T00:14:53.491Z  INFO 1 --- [zil-additional-service] [   scheduling-1] r.a.observability.ObservabilityService   : LAB9 Observability window=30s category=http.main.rents count=1220 sumNanos=253239842586 avgNanos=207573641
zil-additional-service  | 2026-05-05T00:14:53.491Z  INFO 1 --- [zil-additional-service] [   scheduling-1] r.a.observability.ObservabilityService   : LAB9 Observability window=30s category=http.main.cars count=1220 sumNanos=239561808133 avgNanos=196362137
zil-additional-service  | 2026-05-05T00:14:53.491Z  INFO 1 --- [zil-additional-service] [   scheduling-1] r.a.observability.ObservabilityService   : LAB9 Observability window=30s category=web.additional.availability_new count=1150 sumNanos=466769326854 avgNanos=405886371
zil-additional-service  | 2026-05-05T00:14:53.491Z  INFO 1 --- [zil-additional-service] [   scheduling-1] r.a.observability.ObservabilityService   : LAB9 Observability window=30s category=additional.statsComputation.availability.allCitiesAllDates count=1150 sumNanos=475244412 avgNanos=413256
zil-additional-service  | 2026-05-05T00:14:53.492Z  INFO 1 --- [zil-additional-service] [   scheduling-1] r.a.observability.ObservabilityService   : LAB9 Observability window=1m category=additional.statsComputation.stats count=138 sumNanos=674638 avgNanos=4888
zil-additional-service  | 2026-05-05T00:14:53.492Z  INFO 1 --- [zil-additional-service] [   scheduling-1] r.a.observability.ObservabilityService   : LAB9 Observability window=1m category=web.additional.stats count=138 sumNanos=54365424272 avgNanos=393952349
zil-additional-service  | 2026-05-05T00:14:53.492Z  INFO 1 --- [zil-additional-service] [   scheduling-1] r.a.observability.ObservabilityService   : LAB9 Observability window=1m category=http.main.rents count=2450 sumNanos=499746271675 avgNanos=203978070
zil-additional-service  | 2026-05-05T00:14:53.492Z  INFO 1 --- [zil-additional-service] [   scheduling-1] r.a.observability.ObservabilityService   : LAB9 Observability window=1m category=http.main.cars count=2454 sumNanos=480527600058 avgNanos=195814017
zil-additional-service  | 2026-05-05T00:14:53.492Z  INFO 1 --- [zil-additional-service] [   scheduling-1] r.a.observability.ObservabilityService   : LAB9 Observability window=1m category=web.additional.availability_new count=2312 sumNanos=928082793196 avgNanos=401419893
zil-additional-service  | 2026-05-05T00:14:53.492Z  INFO 1 --- [zil-additional-service] [   scheduling-1] r.a.observability.ObservabilityService   : LAB9 Observability window=1m category=additional.statsComputation.availability.allCitiesAllDates count=2312 sumNanos=1135242066 avgNanos=491021
zil-additional-service  | 2026-05-05T00:14:58.493Z  INFO 1 --- [zil-additional-service] [   scheduling-1] r.a.observability.ObservabilityService   : LAB9 Observability window=10s category=additional.statsComputation.stats count=26 sumNanos=86369 avgNanos=3321
zil-additional-service  | 2026-05-05T00:14:58.493Z  INFO 1 --- [zil-additional-service] [   scheduling-1] r.a.observability.ObservabilityService   : LAB9 Observability window=10s category=web.additional.stats count=26 sumNanos=9926555560 avgNanos=381790598
zil-additional-service  | 2026-05-05T00:14:58.494Z  INFO 1 --- [zil-additional-service] [   scheduling-1] r.a.observability.ObservabilityService   : LAB9 Observability window=10s category=http.main.rents count=408 sumNanos=87965535496 avgNanos=215601802
zil-additional-service  | 2026-05-05T00:14:58.494Z  INFO 1 --- [zil-additional-service] [   scheduling-1] r.a.observability.ObservabilityService   : LAB9 Observability window=10s category=http.main.cars count=409 sumNanos=77471898155 avgNanos=189417843
zil-additional-service  | 2026-05-05T00:14:58.494Z  INFO 1 --- [zil-additional-service] [   scheduling-1] r.a.observability.ObservabilityService   : LAB9 Observability window=10s category=web.additional.availability_new count=382 sumNanos=155779554324 avgNanos=407799880
zil-additional-service  | 2026-05-05T00:14:58.494Z  INFO 1 --- [zil-additional-service] [   scheduling-1] r.a.observability.ObservabilityService   : LAB9 Observability window=10s category=additional.statsComputation.availability.allCitiesAllDates count=382 sumNanos=71376323 avgNanos=186849
zil-additional-service  | 2026-05-05T00:14:58.495Z  INFO 1 --- [zil-additional-service] [   scheduling-1] r.a.observability.ObservabilityService   : LAB9 Observability window=30s category=additional.statsComputation.stats count=74 sumNanos=228855 avgNanos=3092
zil-additional-service  | 2026-05-05T00:14:58.495Z  INFO 1 --- [zil-additional-service] [   scheduling-1] r.a.observability.ObservabilityService   : LAB9 Observability window=30s category=web.additional.stats count=74 sumNanos=28520215598 avgNanos=385408318
zil-additional-service  | 2026-05-05T00:14:58.495Z  INFO 1 --- [zil-additional-service] [   scheduling-1] r.a.observability.ObservabilityService   : LAB9 Observability window=30s category=http.main.rents count=1235 sumNanos=254595975088 avgNanos=206150587
zil-additional-service  | 2026-05-05T00:14:58.495Z  INFO 1 --- [zil-additional-service] [   scheduling-1] r.a.observability.ObservabilityService   : LAB9 Observability window=30s category=http.main.cars count=1234 sumNanos=239000755663 avgNanos=193679704
zil-additional-service  | 2026-05-05T00:14:58.495Z  INFO 1 --- [zil-additional-service] [   scheduling-1] r.a.observability.ObservabilityService   : LAB9 Observability window=30s category=web.additional.availability_new count=1161 sumNanos=466859842611 avgNanos=402118727
zil-additional-service  | 2026-05-05T00:14:58.495Z  INFO 1 --- [zil-additional-service] [   scheduling-1] r.a.observability.ObservabilityService   : LAB9 Observability window=30s category=additional.statsComputation.availability.allCitiesAllDates count=1161 sumNanos=433269124 avgNanos=373186
zil-additional-service  | 2026-05-05T00:14:58.495Z  INFO 1 --- [zil-additional-service] [   scheduling-1] r.a.observability.ObservabilityService   : LAB9 Observability window=1m category=additional.statsComputation.stats count=137 sumNanos=679649 avgNanos=4960
zil-additional-service  | 2026-05-05T00:14:58.495Z  INFO 1 --- [zil-additional-service] [   scheduling-1] r.a.observability.ObservabilityService   : LAB9 Observability window=1m category=web.additional.stats count=137 sumNanos=54259389976 avgNanos=396053941
zil-additional-service  | 2026-05-05T00:14:58.495Z  INFO 1 --- [zil-additional-service] [   scheduling-1] r.a.observability.ObservabilityService   : LAB9 Observability window=1m category=http.main.rents count=2439 sumNanos=503745279802 avgNanos=206537630
zil-additional-service  | 2026-05-05T00:14:58.495Z  INFO 1 --- [zil-additional-service] [   scheduling-1] r.a.observability.ObservabilityService   : LAB9 Observability window=1m category=http.main.cars count=2439 sumNanos=478492219126 avgNanos=196183771
zil-additional-service  | 2026-05-05T00:14:58.495Z  INFO 1 --- [zil-additional-service] [   scheduling-1] r.a.observability.ObservabilityService   : LAB9 Observability window=1m category=web.additional.availability_new count=2302 sumNanos=930372167841 avgNanos=404158196
zil-additional-service  | 2026-05-05T00:14:58.495Z  INFO 1 --- [zil-additional-service] [   scheduling-1] r.a.observability.ObservabilityService   : LAB9 Observability window=1m category=additional.statsComputation.availability.allCitiesAllDates count=2302 sumNanos=1120737499 avgNanos=486853
zil-app                 | 2026-05-05T00:17:08.626Z  INFO 1 --- [   scheduling-1] r.observability.ObservabilityService     : LAB9 Observability window=30s category=db.car.findAll count=1428 sumNanos=220270236773 avgNanos=154250866
zil-app                 | 2026-05-05T00:17:08.627Z  INFO 1 --- [   scheduling-1] r.observability.ObservabilityService     : LAB9 Observability window=1m category=web.RentController.getRents count=2844 sumNanos=441092125127 avgNanos=155095683
zil-app                 | 2026-05-05T00:17:08.627Z  INFO 1 --- [   scheduling-1] r.observability.ObservabilityService     : LAB9 Observability window=1m category=db.rent.findAll count=2844 sumNanos=441089502872 avgNanos=155094761
zil-app                 | 2026-05-05T00:17:08.627Z  INFO 1 --- [   scheduling-1] r.observability.ObservabilityService     : LAB9 Observability window=1m category=web.CarController.getCars count=2846 sumNanos=439254999715 avgNanos=154341180
zil-app                 | 2026-05-05T00:17:08.627Z  INFO 1 --- [   scheduling-1] r.observability.ObservabilityService     : LAB9 Observability window=1m category=db.car.findAll count=2846 sumNanos=439251410109 avgNanos=154339919
zil-app                 | 2026-05-05T00:17:13.628Z  INFO 1 --- [   scheduling-1] r.observability.ObservabilityService     : LAB9 Observability window=10s category=web.RentController.getRents count=479 sumNanos=74504440221 avgNanos=155541628
zil-app                 | 2026-05-05T00:17:13.628Z  INFO 1 --- [   scheduling-1] r.observability.ObservabilityService     : LAB9 Observability window=10s category=db.rent.findAll count=479 sumNanos=74503927668 avgNanos=155540558
zil-app                 | 2026-05-05T00:17:13.628Z  INFO 1 --- [   scheduling-1] r.observability.ObservabilityService     : LAB9 Observability window=10s category=web.CarController.getCars count=481 sumNanos=74475453588 avgNanos=154834622
zil-app                 | 2026-05-05T00:17:13.628Z  INFO 1 --- [   scheduling-1] r.observability.ObservabilityService     : LAB9 Observability window=10s category=db.car.findAll count=481 sumNanos=74473591830 avgNanos=154830752
zil-app                 | 2026-05-05T00:17:13.629Z  INFO 1 --- [   scheduling-1] r.observability.ObservabilityService     : LAB9 Observability window=30s category=web.RentController.getRents count=1425 sumNanos=223628101419 avgNanos=156932000
zil-app                 | 2026-05-05T00:17:13.629Z  INFO 1 --- [   scheduling-1] r.observability.ObservabilityService     : LAB9 Observability window=30s category=db.rent.findAll count=1425 sumNanos=223626617737 avgNanos=156930959
zil-app                 | 2026-05-05T00:17:13.629Z  INFO 1 --- [   scheduling-1] r.observability.ObservabilityService     : LAB9 Observability window=30s category=web.CarController.getCars count=1428 sumNanos=219542659902 avgNanos=153741358
zil-app                 | 2026-05-05T00:17:13.629Z  INFO 1 --- [   scheduling-1] r.observability.ObservabilityService     : LAB9 Observability window=30s category=db.car.findAll count=1428 sumNanos=219540059779 avgNanos=153739537
zil-app                 | 2026-05-05T00:17:13.630Z  INFO 1 --- [   scheduling-1] r.observability.ObservabilityService     : LAB9 Observability window=1m category=web.RentController.getRents count=2848 sumNanos=442548523527 avgNanos=155389228
zil-app                 | 2026-05-05T00:17:13.630Z  INFO 1 --- [   scheduling-1] r.observability.ObservabilityService     : LAB9 Observability window=1m category=db.rent.findAll count=2848 sumNanos=442545903513 avgNanos=155388308
zil-app                 | 2026-05-05T00:17:13.630Z  INFO 1 --- [   scheduling-1] r.observability.ObservabilityService     : LAB9 Observability window=1m category=web.CarController.getCars count=2853 sumNanos=441417887424 avgNanos=154720605
zil-app                 | 2026-05-05T00:17:13.630Z  INFO 1 --- [   scheduling-1] r.observability.ObservabilityService     : LAB9 Observability window=1m category=db.car.findAll count=2853 sumNanos=441414299194 avgNanos=154719347
zil-app                 | 2026-05-05T00:17:18.631Z  INFO 1 --- [   scheduling-1] r.observability.ObservabilityService     : LAB9 Observability window=10s category=web.RentController.getRents count=477 sumNanos=74917366640 avgNanos=157059468
zil-app                 | 2026-05-05T00:17:18.632Z  INFO 1 --- [   scheduling-1] r.observability.ObservabilityService     : LAB9 Observability window=10s category=db.rent.findAll count=477 sumNanos=74872443247 avgNanos=156965289
zil-app                 | 2026-05-05T00:17:18.632Z  INFO 1 --- [   scheduling-1] r.observability.ObservabilityService     : LAB9 Observability window=10s category=web.CarController.getCars count=477 sumNanos=73335412897 avgNanos=153743003
zil-app                 | 2026-05-05T00:17:18.632Z  INFO 1 --- [   scheduling-1] r.observability.ObservabilityService     : LAB9 Observability window=10s category=db.car.findAll count=477 sumNanos=73335095322 avgNanos=153742338
zil-app                 | 2026-05-05T00:17:18.632Z  INFO 1 --- [   scheduling-1] r.observability.ObservabilityService     : LAB9 Observability window=30s category=web.RentController.getRents count=1428 sumNanos=224400016844 avgNanos=157142868
zil-app                 | 2026-05-05T00:17:18.632Z  INFO 1 --- [   scheduling-1] r.observability.ObservabilityService     : LAB9 Observability window=30s category=db.rent.findAll count=1428 sumNanos=224354094831 avgNanos=157110710
zil-app                 | 2026-05-05T00:17:18.633Z  INFO 1 --- [   scheduling-1] r.observability.ObservabilityService     : LAB9 Observability window=30s category=web.CarController.getCars count=1428 sumNanos=219090531068 avgNanos=153424741
zil-app                 | 2026-05-05T00:17:18.633Z  INFO 1 --- [   scheduling-1] r.observability.ObservabilityService     : LAB9 Observability window=30s category=db.car.findAll count=1428 sumNanos=219088074309 avgNanos=153423021
zil-app                 | 2026-05-05T00:17:18.633Z  INFO 1 --- [   scheduling-1] r.observability.ObservabilityService     : LAB9 Observability window=1m category=web.RentController.getRents count=2854 sumNanos=444134567840 avgNanos=155618278
zil-app                 | 2026-05-05T00:17:18.633Z  INFO 1 --- [   scheduling-1] r.observability.ObservabilityService     : LAB9 Observability window=1m category=db.rent.findAll count=2854 sumNanos=444087351401 avgNanos=155601734
zil-app                 | 2026-05-05T00:17:18.633Z  INFO 1 --- [   scheduling-1] r.observability.ObservabilityService     : LAB9 Observability window=1m category=web.CarController.getCars count=2858 sumNanos=442281531518 avgNanos=154752110
zil-app                 | 2026-05-05T00:17:18.633Z  INFO 1 --- [   scheduling-1] r.observability.ObservabilityService     : LAB9 Observability window=1m category=db.car.findAll count=2858 sumNanos=442277928885 avgNanos=154750849
zil-app                 | 2026-05-05T00:17:23.634Z  INFO 1 --- [   scheduling-1] r.observability.ObservabilityService     : LAB9 Observability window=10s category=web.RentController.getRents count=481 sumNanos=73585799432 avgNanos=152985030
zil-app                 | 2026-05-05T00:17:23.636Z  INFO 1 --- [   scheduling-1] r.observability.ObservabilityService     : LAB9 Observability window=10s category=db.rent.findAll count=481 sumNanos=73540859720 avgNanos=152891600
zil-app                 | 2026-05-05T00:17:23.636Z  INFO 1 --- [   scheduling-1] r.observability.ObservabilityService     : LAB9 Observability window=10s category=web.CarController.getCars count=476 sumNanos=71866916686 avgNanos=150980917
zil-app                 | 2026-05-05T00:17:23.636Z  INFO 1 --- [   scheduling-1] r.observability.ObservabilityService     : LAB9 Observability window=10s category=db.car.findAll count=476 sumNanos=71866608891 avgNanos=150980270
zil-app                 | 2026-05-05T00:17:23.636Z  INFO 1 --- [   scheduling-1] r.observability.ObservabilityService     : LAB9 Observability window=30s category=web.RentController.getRents count=1429 sumNanos=222703776255 avgNanos=155845889
zil-app                 | 2026-05-05T00:17:23.636Z  INFO 1 --- [   scheduling-1] r.observability.ObservabilityService     : LAB9 Observability window=30s category=db.rent.findAll count=1429 sumNanos=222657868544 avgNanos=155813763
zil-app                 | 2026-05-05T00:17:23.636Z  INFO 1 --- [   scheduling-1] r.observability.ObservabilityService     : LAB9 Observability window=30s category=web.CarController.getCars count=1430 sumNanos=218198210689 avgNanos=152586161
zil-app                 | 2026-05-05T00:17:23.636Z  INFO 1 --- [   scheduling-1] r.observability.ObservabilityService     : LAB9 Observability window=30s category=db.car.findAll count=1430 sumNanos=218195751673 avgNanos=152584441
zil-app                 | 2026-05-05T00:17:23.637Z  INFO 1 --- [   scheduling-1] r.observability.ObservabilityService     : LAB9 Observability window=1m category=web.RentController.getRents count=2855 sumNanos=442456890895 avgNanos=154976143
zil-app                 | 2026-05-05T00:17:23.637Z  INFO 1 --- [   scheduling-1] r.observability.ObservabilityService     : LAB9 Observability window=1m category=db.rent.findAll count=2855 sumNanos=442409660172 avgNanos=154959600
zil-app                 | 2026-05-05T00:17:23.637Z  INFO 1 --- [   scheduling-1] r.observability.ObservabilityService     : LAB9 Observability window=1m category=web.CarController.getCars count=2853 sumNanos=440442950634 avgNanos=154378882
zil-app                 | 2026-05-05T00:17:23.637Z  INFO 1 --- [   scheduling-1] r.observability.ObservabilityService     : LAB9 Observability window=1m category=db.car.findAll count=2853 sumNanos=440439359717 avgNanos=154377623
zil-additional-service  | 2026-05-05T00:15:02.968Z  INFO 1 --- [zil-additional-service] [   scheduling-1] r.additional.service.ClientCacheService  : [client-cache-statistics] Client cache size=1000
zil-additional-service  | 2026-05-05T00:15:03.559Z  INFO 1 --- [zil-additional-service] [   scheduling-1] r.a.observability.ObservabilityService   : LAB9 Observability window=10s category=additional.statsComputation.stats count=16 sumNanos=84436 avgNanos=5277
zil-additional-service  | 2026-05-05T00:15:03.567Z  INFO 1 --- [zil-additional-service] [   scheduling-1] r.a.observability.ObservabilityService   : LAB9 Observability window=10s category=web.additional.stats count=16 sumNanos=5548475382 avgNanos=346779711
zil-additional-service  | 2026-05-05T00:15:03.567Z  INFO 1 --- [zil-additional-service] [   scheduling-1] r.a.observability.ObservabilityService   : LAB9 Observability window=10s category=http.main.rents count=413 sumNanos=82897353821 avgNanos=200719985
zil-additional-service  | 2026-05-05T00:15:03.567Z  INFO 1 --- [zil-additional-service] [   scheduling-1] r.a.observability.ObservabilityService   : LAB9 Observability window=10s category=http.main.cars count=414 sumNanos=76247535258 avgNanos=184172790
zil-additional-service  | 2026-05-05T00:15:03.568Z  INFO 1 --- [zil-additional-service] [   scheduling-1] r.a.observability.ObservabilityService   : LAB9 Observability window=10s category=web.additional.availability_new count=397 sumNanos=153980271129 avgNanos=387859625
zil-additional-service  | 2026-05-05T00:15:03.568Z  INFO 1 --- [zil-additional-service] [   scheduling-1] r.a.observability.ObservabilityService   : LAB9 Observability window=10s category=additional.statsComputation.availability.allCitiesAllDates count=397 sumNanos=125900875 avgNanos=317130
zil-additional-service  | 2026-05-05T00:15:03.572Z  INFO 1 --- [zil-additional-service] [   scheduling-1] r.a.observability.ObservabilityService   : LAB9 Observability window=30s category=additional.statsComputation.stats count=70 sumNanos=246008 avgNanos=3514
zil-additional-service  | 2026-05-05T00:15:03.572Z  INFO 1 --- [zil-additional-service] [   scheduling-1] r.a.observability.ObservabilityService   : LAB9 Observability window=30s category=web.additional.stats count=70 sumNanos=26114348975 avgNanos=373062128
zil-additional-service  | 2026-05-05T00:15:03.573Z  INFO 1 --- [zil-additional-service] [   scheduling-1] r.a.observability.ObservabilityService   : LAB9 Observability window=30s category=http.main.rents count=1248 sumNanos=250150417987 avgNanos=200441040
zil-additional-service  | 2026-05-05T00:15:03.573Z  INFO 1 --- [zil-additional-service] [   scheduling-1] r.a.observability.ObservabilityService   : LAB9 Observability window=30s category=http.main.cars count=1253 sumNanos=236437747394 avgNanos=188697324
zil-additional-service  | 2026-05-05T00:15:03.573Z  INFO 1 --- [zil-additional-service] [   scheduling-1] r.a.observability.ObservabilityService   : LAB9 Observability window=30s category=web.additional.availability_new count=1178 sumNanos=461020019198 avgNanos=391358250
zil-additional-service  | 2026-05-05T00:15:03.573Z  INFO 1 --- [zil-additional-service] [   scheduling-1] r.a.observability.ObservabilityService   : LAB9 Observability window=30s category=additional.statsComputation.availability.allCitiesAllDates count=1178 sumNanos=368249600 avgNanos=312605
zil-additional-service  | 2026-05-05T00:15:03.657Z  INFO 1 --- [zil-additional-service] [   scheduling-1] r.a.observability.ObservabilityService   : LAB9 Observability window=1m category=additional.statsComputation.stats count=132 sumNanos=692787 avgNanos=5248
zil-additional-service  | 2026-05-05T00:15:03.669Z  INFO 1 --- [zil-additional-service] [   scheduling-1] r.a.observability.ObservabilityService   : LAB9 Observability window=1m category=web.additional.stats count=132 sumNanos=51394328219 avgNanos=389350971
zil-additional-service  | 2026-05-05T00:15:03.669Z  INFO 1 --- [zil-additional-service] [   scheduling-1] r.a.observability.ObservabilityService   : LAB9 Observability window=1m category=http.main.rents count=2451 sumNanos=501402026426 avgNanos=204570390
zil-additional-service  | 2026-05-05T00:15:03.669Z  INFO 1 --- [zil-additional-service] [   scheduling-1] r.a.observability.ObservabilityService   : LAB9 Observability window=1m category=http.main.cars count=2455 sumNanos=475966031926 avgNanos=193876184
zil-additional-service  | 2026-05-05T00:15:03.669Z  INFO 1 --- [zil-additional-service] [   scheduling-1] r.a.observability.ObservabilityService   : LAB9 Observability window=1m category=web.additional.availability_new count=2319 sumNanos=927781173142 avgNanos=400078125
zil-additional-service  | 2026-05-05T00:15:03.670Z  INFO 1 --- [zil-additional-service] [   scheduling-1] r.a.observability.ObservabilityService   : LAB9 Observability window=1m category=additional.statsComputation.availability.allCitiesAllDates count=2319 sumNanos=986184370 avgNanos=425262
zil-additional-service  | 2026-05-05T00:15:08.768Z  INFO 1 --- [zil-additional-service] [   scheduling-1] r.a.observability.ObservabilityService   : LAB9 Observability window=10s category=additional.statsComputation.stats count=15 sumNanos=73842 avgNanos=4922
zil-additional-service  | 2026-05-05T00:15:08.774Z  INFO 1 --- [zil-additional-service] [   scheduling-1] r.a.observability.ObservabilityService   : LAB9 Observability window=10s category=web.additional.stats count=15 sumNanos=5045052441 avgNanos=336336829
zil-additional-service  | 2026-05-05T00:15:08.777Z  INFO 1 --- [zil-additional-service] [   scheduling-1] r.a.observability.ObservabilityService   : LAB9 Observability window=10s category=http.main.rents count=407 sumNanos=80357344549 avgNanos=197438192
zil-additional-service  | 2026-05-05T00:15:08.778Z  INFO 1 --- [zil-additional-service] [   scheduling-1] r.a.observability.ObservabilityService   : LAB9 Observability window=10s category=http.main.cars count=408 sumNanos=78856364717 avgNanos=193275403
zil-additional-service  | 2026-05-05T00:15:08.778Z  INFO 1 --- [zil-additional-service] [   scheduling-1] r.a.observability.ObservabilityService   : LAB9 Observability window=10s category=web.additional.availability_new count=391 sumNanos=154550817033 avgNanos=395270631
zil-additional-service  | 2026-05-05T00:15:08.778Z  INFO 1 --- [zil-additional-service] [   scheduling-1] r.a.observability.ObservabilityService   : LAB9 Observability window=10s category=additional.statsComputation.availability.allCitiesAllDates count=391 sumNanos=301990851 avgNanos=772355
zil-additional-service  | 2026-05-05T00:15:08.782Z  INFO 1 --- [zil-additional-service] [   scheduling-1] r.a.observability.ObservabilityService   : LAB9 Observability window=30s category=additional.statsComputation.stats count=72 sumNanos=245680 avgNanos=3412
zil-additional-service  | 2026-05-05T00:15:08.782Z  INFO 1 --- [zil-additional-service] [   scheduling-1] r.a.observability.ObservabilityService   : LAB9 Observability window=30s category=web.additional.stats count=72 sumNanos=26272992410 avgNanos=364902672
zil-additional-service  | 2026-05-05T00:15:08.782Z  INFO 1 --- [zil-additional-service] [   scheduling-1] r.a.observability.ObservabilityService   : LAB9 Observability window=30s category=http.main.rents count=1245 sumNanos=251120444850 avgNanos=201703168
zil-additional-service  | 2026-05-05T00:15:08.782Z  INFO 1 --- [zil-additional-service] [   scheduling-1] r.a.observability.ObservabilityService   : LAB9 Observability window=30s category=http.main.cars count=1242 sumNanos=238340753567 avgNanos=191900767
zil-additional-service  | 2026-05-05T00:15:08.782Z  INFO 1 --- [zil-additional-service] [   scheduling-1] r.a.observability.ObservabilityService   : LAB9 Observability window=30s category=web.additional.availability_new count=1173 sumNanos=465376832182 avgNanos=396740692
zil-additional-service  | 2026-05-05T00:15:08.782Z  INFO 1 --- [zil-additional-service] [   scheduling-1] r.a.observability.ObservabilityService   : LAB9 Observability window=30s category=additional.statsComputation.availability.allCitiesAllDates count=1173 sumNanos=509721822 avgNanos=434545
zil-additional-service  | 2026-05-05T00:15:08.783Z  INFO 1 --- [zil-additional-service] [   scheduling-1] r.a.observability.ObservabilityService   : LAB9 Observability window=1m category=additional.statsComputation.stats count=128 sumNanos=475585 avgNanos=3715
zil-additional-service  | 2026-05-05T00:15:08.783Z  INFO 1 --- [zil-additional-service] [   scheduling-1] r.a.observability.ObservabilityService   : LAB9 Observability window=1m category=web.additional.stats count=128 sumNanos=48914926221 avgNanos=382147861
zil-additional-service  | 2026-05-05T00:15:08.783Z  INFO 1 --- [zil-additional-service] [   scheduling-1] r.a.observability.ObservabilityService   : LAB9 Observability window=1m category=http.main.rents count=2475 sumNanos=501812310887 avgNanos=202752448
zil-additional-service  | 2026-05-05T00:15:08.837Z  INFO 1 --- [zil-additional-service] [   scheduling-1] r.a.observability.ObservabilityService   : LAB9 Observability window=1m category=http.main.cars count=2470 sumNanos=476837481695 avgNanos=193051612
zil-additional-service  | 2026-05-05T00:15:08.837Z  INFO 1 --- [zil-additional-service] [   scheduling-1] r.a.observability.ObservabilityService   : LAB9 Observability window=1m category=web.additional.availability_new count=2347 sumNanos=934462688302 avgNanos=398151976
zil-additional-service  | 2026-05-05T00:15:08.837Z  INFO 1 --- [zil-additional-service] [   scheduling-1] r.a.observability.ObservabilityService   : LAB9 Observability window=1m category=additional.statsComputation.availability.allCitiesAllDates count=2347 sumNanos=1161383357 avgNanos=494837
zil-additional-service  | 2026-05-05T00:15:12.977Z  INFO 1 --- [zil-additional-service] [   scheduling-1] r.additional.service.ClientCacheService  : [client-cache-statistics] Client cache size=1000
zil-additional-service  | 2026-05-05T00:15:13.849Z  INFO 1 --- [zil-additional-service] [   scheduling-1] r.a.observability.ObservabilityService   : LAB9 Observability window=10s category=additional.statsComputation.stats count=24 sumNanos=73028 avgNanos=3042
zil-additional-service  | 2026-05-05T00:15:13.849Z  INFO 1 --- [zil-additional-service] [   scheduling-1] r.a.observability.ObservabilityService   : LAB9 Observability window=10s category=web.additional.stats count=24 sumNanos=8351046654 avgNanos=347960277
zil-additional-service  | 2026-05-05T00:15:13.849Z  INFO 1 --- [zil-additional-service] [   scheduling-1] r.a.observability.ObservabilityService   : LAB9 Observability window=10s category=http.main.rents count=438 sumNanos=78905566797 avgNanos=180149695
zil-additional-service  | 2026-05-05T00:15:13.849Z  INFO 1 --- [zil-additional-service] [   scheduling-1] r.a.observability.ObservabilityService   : LAB9 Observability window=10s category=http.main.cars count=441 sumNanos=79944197780 avgNanos=181279360
zil-additional-service  | 2026-05-05T00:15:13.849Z  INFO 1 --- [zil-additional-service] [   scheduling-1] r.a.observability.ObservabilityService   : LAB9 Observability window=10s category=web.additional.availability_new count=414 sumNanos=151168061358 avgNanos=365140244
zil-additional-service  | 2026-05-05T00:15:13.849Z  INFO 1 --- [zil-additional-service] [   scheduling-1] r.a.observability.ObservabilityService   : LAB9 Observability window=10s category=additional.statsComputation.availability.allCitiesAllDates count=414 sumNanos=225773727 avgNanos=545347
zil-additional-service  | 2026-05-05T00:15:13.849Z  INFO 1 --- [zil-additional-service] [   scheduling-1] r.a.observability.ObservabilityService   : LAB9 Observability window=30s category=additional.statsComputation.stats count=65 sumNanos=233827 avgNanos=3597
zil-additional-service  | 2026-05-05T00:15:13.849Z  INFO 1 --- [zil-additional-service] [   scheduling-1] r.a.observability.ObservabilityService   : LAB9 Observability window=30s category=web.additional.stats count=65 sumNanos=23334913000 avgNanos=358998661
zil-additional-service  | 2026-05-05T00:15:13.849Z  INFO 1 --- [zil-additional-service] [   scheduling-1] r.a.observability.ObservabilityService   : LAB9 Observability window=30s category=http.main.rents count=1262 sumNanos=246469210074 avgNanos=195300483
zil-additional-service  | 2026-05-05T00:15:13.849Z  INFO 1 --- [zil-additional-service] [   scheduling-1] r.a.observability.ObservabilityService   : LAB9 Observability window=30s category=http.main.cars count=1270 sumNanos=237794447340 avgNanos=187239722
zil-additional-service  | 2026-05-05T00:15:13.849Z  INFO 1 --- [zil-additional-service] [   scheduling-1] r.a.observability.ObservabilityService   : LAB9 Observability window=30s category=web.additional.availability_new count=1197 sumNanos=461301347563 avgNanos=385381242
zil-additional-service  | 2026-05-05T00:15:13.850Z  INFO 1 --- [zil-additional-service] [   scheduling-1] r.a.observability.ObservabilityService   : LAB9 Observability window=30s category=additional.statsComputation.availability.allCitiesAllDates count=1197 sumNanos=513757773 avgNanos=429204
zil-additional-service  | 2026-05-05T00:15:13.850Z  INFO 1 --- [zil-additional-service] [   scheduling-1] r.a.observability.ObservabilityService   : LAB9 Observability window=1m category=additional.statsComputation.stats count=128 sumNanos=461646 avgNanos=3606
zil-additional-service  | 2026-05-05T00:15:13.850Z  INFO 1 --- [zil-additional-service] [   scheduling-1] r.a.observability.ObservabilityService   : LAB9 Observability window=1m category=web.additional.stats count=128 sumNanos=48798033732 avgNanos=381234638
zil-additional-service  | 2026-05-05T00:15:13.850Z  INFO 1 --- [zil-additional-service] [   scheduling-1] r.a.observability.ObservabilityService   : LAB9 Observability window=1m category=http.main.rents count=2475 sumNanos=498210600505 avgNanos=201297212
zil-additional-service  | 2026-05-05T00:15:13.850Z  INFO 1 --- [zil-additional-service] [   scheduling-1] r.a.observability.ObservabilityService   : LAB9 Observability window=1m category=http.main.cars count=2480 sumNanos=476034547111 avgNanos=191949414
zil-additional-service  | 2026-05-05T00:15:13.850Z  INFO 1 --- [zil-additional-service] [   scheduling-1] r.a.observability.ObservabilityService   : LAB9 Observability window=1m category=web.additional.availability_new count=2347 sumNanos=927866828767 avgNanos=395341639
zil-additional-service  | 2026-05-05T00:15:13.862Z  INFO 1 --- [zil-additional-service] [   scheduling-1] r.a.observability.ObservabilityService   : LAB9 Observability window=1m category=additional.statsComputation.availability.allCitiesAllDates count=2347 sumNanos=1146489092 avgNanos=488491
zil-additional-service  | 2026-05-05T00:15:19.042Z  INFO 1 --- [zil-additional-service] [   scheduling-1] r.a.observability.ObservabilityService   : LAB9 Observability window=10s category=additional.statsComputation.stats count=24 sumNanos=77703 avgNanos=3237
zil-additional-service  | 2026-05-05T00:15:19.050Z  INFO 1 --- [zil-additional-service] [   scheduling-1] r.a.observability.ObservabilityService   : LAB9 Observability window=10s category=web.additional.stats count=24 sumNanos=9818276439 avgNanos=409094851
zil-additional-service  | 2026-05-05T00:15:19.050Z  INFO 1 --- [zil-additional-service] [   scheduling-1] r.a.observability.ObservabilityService   : LAB9 Observability window=10s category=http.main.rents count=413 sumNanos=78558418402 avgNanos=190214088
zil-additional-service  | 2026-05-05T00:15:19.053Z  INFO 1 --- [zil-additional-service] [   scheduling-1] r.a.observability.ObservabilityService   : LAB9 Observability window=10s category=http.main.cars count=414 sumNanos=76665378251 avgNanos=185182073
zil-additional-service  | 2026-05-05T00:15:19.053Z  INFO 1 --- [zil-additional-service] [   scheduling-1] r.a.observability.ObservabilityService   : LAB9 Observability window=10s category=web.additional.availability_new count=389 sumNanos=145216611082 avgNanos=373307483
zil-additional-service  | 2026-05-05T00:15:19.053Z  INFO 1 --- [zil-additional-service] [   scheduling-1] r.a.observability.ObservabilityService   : LAB9 Observability window=10s category=additional.statsComputation.availability.allCitiesAllDates count=389 sumNanos=129623814 avgNanos=333223
zil-additional-service  | 2026-05-05T00:15:19.058Z  INFO 1 --- [zil-additional-service] [   scheduling-1] r.a.observability.ObservabilityService   : LAB9 Observability window=30s category=additional.statsComputation.stats count=67 sumNanos=242449 avgNanos=3618
zil-additional-service  | 2026-05-05T00:15:19.061Z  INFO 1 --- [zil-additional-service] [   scheduling-1] r.a.observability.ObservabilityService   : LAB9 Observability window=30s category=web.additional.stats count=67 sumNanos=25286985750 avgNanos=377417697
zil-additional-service  | 2026-05-05T00:15:19.061Z  INFO 1 --- [zil-additional-service] [   scheduling-1] r.a.observability.ObservabilityService   : LAB9 Observability window=30s category=http.main.rents count=1237 sumNanos=247968700321 avgNanos=200459741
zil-additional-service  | 2026-05-05T00:15:19.061Z  INFO 1 --- [zil-additional-service] [   scheduling-1] r.a.observability.ObservabilityService   : LAB9 Observability window=30s category=http.main.cars count=1235 sumNanos=232950691831 avgNanos=188624041
zil-additional-service  | 2026-05-05T00:15:19.061Z  INFO 1 --- [zil-additional-service] [   scheduling-1] r.a.observability.ObservabilityService   : LAB9 Observability window=30s category=web.additional.availability_new count=1170 sumNanos=457705511074 avgNanos=391201291
zil-additional-service  | 2026-05-05T00:15:19.061Z  INFO 1 --- [zil-additional-service] [   scheduling-1] r.a.observability.ObservabilityService   : LAB9 Observability window=30s category=additional.statsComputation.availability.allCitiesAllDates count=1170 sumNanos=504010958 avgNanos=430778
zil-additional-service  | 2026-05-05T00:15:19.061Z  INFO 1 --- [zil-additional-service] [   scheduling-1] r.a.observability.ObservabilityService   : LAB9 Observability window=1m category=additional.statsComputation.stats count=132 sumNanos=463284 avgNanos=3509
zil-additional-service  | 2026-05-05T00:15:19.061Z  INFO 1 --- [zil-additional-service] [   scheduling-1] r.a.observability.ObservabilityService   : LAB9 Observability window=1m category=web.additional.stats count=132 sumNanos=51656837081 avgNanos=391339674
zil-additional-service  | 2026-05-05T00:15:19.065Z  INFO 1 --- [zil-additional-service] [   scheduling-1] r.a.observability.ObservabilityService   : LAB9 Observability window=1m category=http.main.rents count=2446 sumNanos=498416659524 avgNanos=203768053
zil-additional-service  | 2026-05-05T00:15:19.068Z  INFO 1 --- [zil-additional-service] [   scheduling-1] r.a.observability.ObservabilityService   : LAB9 Observability window=1m category=http.main.cars count=2449 sumNanos=474399052624 avgNanos=193711332
zil-additional-service  | 2026-05-05T00:15:19.069Z  INFO 1 --- [zil-additional-service] [   scheduling-1] r.a.observability.ObservabilityService   : LAB9 Observability window=1m category=web.additional.availability_new count=2314 sumNanos=922491926956 avgNanos=398656839
zil-additional-service  | 2026-05-05T00:15:19.070Z  INFO 1 --- [zil-additional-service] [   scheduling-1] r.a.observability.ObservabilityService   : LAB9 Observability window=1m category=additional.statsComputation.availability.allCitiesAllDates count=2314 sumNanos=998010839 avgNanos=431292
zil-additional-service  | 2026-05-05T00:15:22.959Z  INFO 1 --- [zil-additional-service] [   scheduling-1] r.additional.service.ClientCacheService  : [client-cache-statistics] Client cache size=1000
zil-additional-service  | 2026-05-05T00:15:24.071Z  INFO 1 --- [zil-additional-service] [   scheduling-1] r.a.observability.ObservabilityService   : LAB9 Observability window=10s category=additional.statsComputation.stats count=26 sumNanos=85097 avgNanos=3272
zil-additional-service  | 2026-05-05T00:15:24.071Z  INFO 1 --- [zil-additional-service] [   scheduling-1] r.a.observability.ObservabilityService   : LAB9 Observability window=10s category=web.additional.stats count=26 sumNanos=10233176314 avgNanos=393583704
zil-additional-service  | 2026-05-05T00:15:24.071Z  INFO 1 --- [zil-additional-service] [   scheduling-1] r.a.observability.ObservabilityService   : LAB9 Observability window=10s category=http.main.rents count=418 sumNanos=81398758355 avgNanos=194733871
zil-additional-service  | 2026-05-05T00:15:24.072Z  INFO 1 --- [zil-additional-service] [   scheduling-1] r.a.observability.ObservabilityService   : LAB9 Observability window=10s category=http.main.cars count=420 sumNanos=77810880366 avgNanos=185264000
zil-additional-service  | 2026-05-05T00:15:24.073Z  INFO 1 --- [zil-additional-service] [   scheduling-1] r.a.observability.ObservabilityService   : LAB9 Observability window=10s category=web.additional.availability_new count=392 sumNanos=149540762117 avgNanos=381481536
zil-additional-service  | 2026-05-05T00:15:24.073Z  INFO 1 --- [zil-additional-service] [   scheduling-1] r.a.observability.ObservabilityService   : LAB9 Observability window=10s category=additional.statsComputation.availability.allCitiesAllDates count=392 sumNanos=136504933 avgNanos=348226
zil-additional-service  | 2026-05-05T00:15:24.073Z  INFO 1 --- [zil-additional-service] [   scheduling-1] r.a.observability.ObservabilityService   : LAB9 Observability window=30s category=additional.statsComputation.stats count=67 sumNanos=245271 avgNanos=3660
zil-additional-service  | 2026-05-05T00:15:24.073Z  INFO 1 --- [zil-additional-service] [   scheduling-1] r.a.observability.ObservabilityService   : LAB9 Observability window=30s category=web.additional.stats count=67 sumNanos=24480536841 avgNanos=365381146
zil-additional-service  | 2026-05-05T00:15:24.074Z  INFO 1 --- [zil-additional-service] [   scheduling-1] r.a.observability.ObservabilityService   : LAB9 Observability window=30s category=http.main.rents count=1275 sumNanos=244712293200 avgNanos=191931210
zil-additional-service  | 2026-05-05T00:15:24.074Z  INFO 1 --- [zil-additional-service] [   scheduling-1] r.a.observability.ObservabilityService   : LAB9 Observability window=30s category=http.main.cars count=1272 sumNanos=233717667316 avgNanos=183740304
zil-additional-service  | 2026-05-05T00:15:24.074Z  INFO 1 --- [zil-additional-service] [   scheduling-1] r.a.observability.ObservabilityService   : LAB9 Observability window=30s category=web.additional.availability_new count=1208 sumNanos=457113219777 avgNanos=378404983
zil-additional-service  | 2026-05-05T00:15:24.074Z  INFO 1 --- [zil-additional-service] [   scheduling-1] r.a.observability.ObservabilityService   : LAB9 Observability window=30s category=additional.statsComputation.availability.allCitiesAllDates count=1208 sumNanos=550321779 avgNanos=455564
zil-additional-service  | 2026-05-05T00:15:24.074Z  INFO 1 --- [zil-additional-service] [   scheduling-1] r.a.observability.ObservabilityService   : LAB9 Observability window=1m category=additional.statsComputation.stats count=138 sumNanos=486804 avgNanos=3527
zil-additional-service  | 2026-05-05T00:15:24.074Z  INFO 1 --- [zil-additional-service] [   scheduling-1] r.a.observability.ObservabilityService   : LAB9 Observability window=1m category=web.additional.stats count=138 sumNanos=52378586375 avgNanos=379554973
zil-additional-service  | 2026-05-05T00:15:24.074Z  INFO 1 --- [zil-additional-service] [   scheduling-1] r.a.observability.ObservabilityService   : LAB9 Observability window=1m category=http.main.rents count=2493 sumNanos=497856800867 avgNanos=199701885
zil-additional-service  | 2026-05-05T00:15:24.074Z  INFO 1 --- [zil-additional-service] [   scheduling-1] r.a.observability.ObservabilityService   : LAB9 Observability window=1m category=http.main.cars count=2489 sumNanos=473012776257 avgNanos=190041292
zil-additional-service  | 2026-05-05T00:15:24.074Z  INFO 1 --- [zil-additional-service] [   scheduling-1] r.a.observability.ObservabilityService   : LAB9 Observability window=1m category=web.additional.availability_new count=2355 sumNanos=922899920097 avgNanos=391889562
zil-additional-service  | 2026-05-05T00:15:24.074Z  INFO 1 --- [zil-additional-service] [   scheduling-1] r.a.observability.ObservabilityService   : LAB9 Observability window=1m category=additional.statsComputation.availability.allCitiesAllDates count=2355 sumNanos=1021056105 avgNanos=433569
zil-additional-service  | 2026-05-05T00:15:29.076Z  INFO 1 --- [zil-additional-service] [   scheduling-1] r.a.observability.ObservabilityService   : LAB9 Observability window=10s category=additional.statsComputation.stats count=28 sumNanos=122580 avgNanos=4377
zil-additional-service  | 2026-05-05T00:15:29.076Z  INFO 1 --- [zil-additional-service] [   scheduling-1] r.a.observability.ObservabilityService   : LAB9 Observability window=10s category=web.additional.stats count=28 sumNanos=9055672571 avgNanos=323416877
zil-additional-service  | 2026-05-05T00:15:29.076Z  INFO 1 --- [zil-additional-service] [   scheduling-1] r.a.observability.ObservabilityService   : LAB9 Observability window=10s category=http.main.rents count=460 sumNanos=80900513550 avgNanos=175870681
zil-additional-service  | 2026-05-05T00:15:29.076Z  INFO 1 --- [zil-additional-service] [   scheduling-1] r.a.observability.ObservabilityService   : LAB9 Observability window=10s category=http.main.cars count=453 sumNanos=78920592667 avgNanos=174217643
zil-additional-service  | 2026-05-05T00:15:29.076Z  INFO 1 --- [zil-additional-service] [   scheduling-1] r.a.observability.ObservabilityService   : LAB9 Observability window=10s category=web.additional.availability_new count=432 sumNanos=154343774136 avgNanos=357277254
zil-additional-service  | 2026-05-05T00:15:29.076Z  INFO 1 --- [zil-additional-service] [   scheduling-1] r.a.observability.ObservabilityService   : LAB9 Observability window=10s category=additional.statsComputation.availability.allCitiesAllDates count=432 sumNanos=118969068 avgNanos=275391
zil-additional-service  | 2026-05-05T00:15:29.076Z  INFO 1 --- [zil-additional-service] [   scheduling-1] r.a.observability.ObservabilityService   : LAB9 Observability window=30s category=additional.statsComputation.stats count=68 sumNanos=248813 avgNanos=3659
zil-additional-service  | 2026-05-05T00:15:29.076Z  INFO 1 --- [zil-additional-service] [   scheduling-1] r.a.observability.ObservabilityService   : LAB9 Observability window=30s category=web.additional.stats count=68 sumNanos=24196861189 avgNanos=355836193
zil-additional-service  | 2026-05-05T00:15:29.076Z  INFO 1 --- [zil-additional-service] [   scheduling-1] r.a.observability.ObservabilityService   : LAB9 Observability window=30s category=http.main.rents count=1282 sumNanos=241060946513 avgNanos=188035059
zil-additional-service  | 2026-05-05T00:15:29.076Z  INFO 1 --- [zil-additional-service] [   scheduling-1] r.a.observability.ObservabilityService   : LAB9 Observability window=30s category=http.main.cars count=1281 sumNanos=236963674205 avgNanos=184983352
zil-additional-service  | 2026-05-05T00:15:29.076Z  INFO 1 --- [zil-additional-service] [   scheduling-1] r.a.observability.ObservabilityService   : LAB9 Observability window=30s category=web.additional.availability_new count=1214 sumNanos=456041619282 avgNanos=375652075
zil-additional-service  | 2026-05-05T00:15:29.076Z  INFO 1 --- [zil-additional-service] [   scheduling-1] r.a.observability.ObservabilityService   : LAB9 Observability window=30s category=additional.statsComputation.availability.allCitiesAllDates count=1214 sumNanos=549877364 avgNanos=452946
zil-additional-service  | 2026-05-05T00:15:29.079Z  INFO 1 --- [zil-additional-service] [   scheduling-1] r.a.observability.ObservabilityService   : LAB9 Observability window=1m category=additional.statsComputation.stats count=144 sumNanos=510148 avgNanos=3542
zil-additional-service  | 2026-05-05T00:15:29.079Z  INFO 1 --- [zil-additional-service] [   scheduling-1] r.a.observability.ObservabilityService   : LAB9 Observability window=1m category=web.additional.stats count=144 sumNanos=53336061766 avgNanos=370389317
zil-additional-service  | 2026-05-05T00:15:29.079Z  INFO 1 --- [zil-additional-service] [   scheduling-1] r.a.observability.ObservabilityService   : LAB9 Observability window=1m category=http.main.rents count=2524 sumNanos=494783631047 avgNanos=196031549
zil-additional-service  | 2026-05-05T00:15:29.080Z  INFO 1 --- [zil-additional-service] [   scheduling-1] r.a.observability.ObservabilityService   : LAB9 Observability window=1m category=http.main.cars count=2518 sumNanos=475101837471 avgNanos=188682222
zil-additional-service  | 2026-05-05T00:15:29.080Z  INFO 1 --- [zil-additional-service] [   scheduling-1] r.a.observability.ObservabilityService   : LAB9 Observability window=1m category=web.additional.availability_new count=2380 sumNanos=921732063732 avgNanos=387282379
zil-additional-service  | 2026-05-05T00:15:29.080Z  INFO 1 --- [zil-additional-service] [   scheduling-1] r.a.observability.ObservabilityService   : LAB9 Observability window=1m category=additional.statsComputation.availability.allCitiesAllDates count=2380 sumNanos=985382801 avgNanos=414026
zil-additional-service  | 2026-05-05T00:15:32.959Z  INFO 1 --- [zil-additional-service] [   scheduling-1] r.additional.service.ClientCacheService  : [client-cache-statistics] Client cache size=1000
zil-additional-service  | 2026-05-05T00:15:34.081Z  INFO 1 --- [zil-additional-service] [   scheduling-1] r.a.observability.ObservabilityService   : LAB9 Observability window=10s category=additional.statsComputation.stats count=30 sumNanos=127334 avgNanos=4244
zil-additional-service  | 2026-05-05T00:15:34.081Z  INFO 1 --- [zil-additional-service] [   scheduling-1] r.a.observability.ObservabilityService   : LAB9 Observability window=10s category=web.additional.stats count=30 sumNanos=10645966366 avgNanos=354865545
zil-additional-service  | 2026-05-05T00:15:34.081Z  INFO 1 --- [zil-additional-service] [   scheduling-1] r.a.observability.ObservabilityService   : LAB9 Observability window=10s category=http.main.rents count=357 sumNanos=65759194247 avgNanos=184199423
zil-additional-service  | 2026-05-05T00:15:34.081Z  INFO 1 --- [zil-additional-service] [   scheduling-1] r.a.observability.ObservabilityService   : LAB9 Observability window=10s category=http.main.cars count=351 sumNanos=66843381311 avgNanos=190436983
zil-additional-service  | 2026-05-05T00:15:34.081Z  INFO 1 --- [zil-additional-service] [   scheduling-1] r.a.observability.ObservabilityService   : LAB9 Observability window=10s category=web.additional.availability_new count=327 sumNanos=123063545073 avgNanos=376341116
zil-additional-service  | 2026-05-05T00:15:34.081Z  INFO 1 --- [zil-additional-service] [   scheduling-1] r.a.observability.ObservabilityService   : LAB9 Observability window=10s category=additional.statsComputation.availability.allCitiesAllDates count=327 sumNanos=80455209 avgNanos=246040
zil-additional-service  | 2026-05-05T00:15:34.082Z  INFO 1 --- [zil-additional-service] [   scheduling-1] r.a.observability.ObservabilityService   : LAB9 Observability window=30s category=additional.statsComputation.stats count=78 sumNanos=279327 avgNanos=3581
zil-additional-service  | 2026-05-05T00:15:34.082Z  INFO 1 --- [zil-additional-service] [   scheduling-1] r.a.observability.ObservabilityService   : LAB9 Observability window=30s category=web.additional.stats count=78 sumNanos=28663748372 avgNanos=367483953
zil-additional-service  | 2026-05-05T00:15:34.082Z  INFO 1 --- [zil-additional-service] [   scheduling-1] r.a.observability.ObservabilityService   : LAB9 Observability window=30s category=http.main.rents count=1214 sumNanos=226323559388 avgNanos=186427973
zil-additional-service  | 2026-05-05T00:15:34.082Z  INFO 1 --- [zil-additional-service] [   scheduling-1] r.a.observability.ObservabilityService   : LAB9 Observability window=30s category=http.main.cars count=1207 sumNanos=223752445630 avgNanos=185378993
zil-additional-service  | 2026-05-05T00:15:34.082Z  INFO 1 --- [zil-additional-service] [   scheduling-1] r.a.observability.ObservabilityService   : LAB9 Observability window=30s category=web.additional.availability_new count=1136 sumNanos=424300684574 avgNanos=373504123
zil-additional-service  | 2026-05-05T00:15:34.082Z  INFO 1 --- [zil-additional-service] [   scheduling-1] r.a.observability.ObservabilityService   : LAB9 Observability window=30s category=additional.statsComputation.availability.allCitiesAllDates count=1136 sumNanos=451011633 avgNanos=397017
zil-additional-service  | 2026-05-05T00:15:34.082Z  INFO 1 --- [zil-additional-service] [   scheduling-1] r.a.observability.ObservabilityService   : LAB9 Observability window=1m category=additional.statsComputation.stats count=150 sumNanos=531245 avgNanos=3541
zil-additional-service  | 2026-05-05T00:15:34.082Z  INFO 1 --- [zil-additional-service] [   scheduling-1] r.a.observability.ObservabilityService   : LAB9 Observability window=1m category=web.additional.stats count=150 sumNanos=55315315278 avgNanos=368768768
zil-additional-service  | 2026-05-05T00:15:34.082Z  INFO 1 --- [zil-additional-service] [   scheduling-1] r.a.observability.ObservabilityService   : LAB9 Observability window=1m category=http.main.rents count=2467 sumNanos=477458157690 avgNanos=193537964
zil-additional-service  | 2026-05-05T00:15:34.082Z  INFO 1 --- [zil-additional-service] [   scheduling-1] r.a.observability.ObservabilityService   : LAB9 Observability window=1m category=http.main.cars count=2459 sumNanos=460041579950 avgNanos=187084823
zil-additional-service  | 2026-05-05T00:15:34.082Z  INFO 1 --- [zil-additional-service] [   scheduling-1] r.a.observability.ObservabilityService   : LAB9 Observability window=1m category=web.additional.availability_new count=2317 sumNanos=886968400727 avgNanos=382808977
zil-additional-service  | 2026-05-05T00:15:34.082Z  INFO 1 --- [zil-additional-service] [   scheduling-1] r.a.observability.ObservabilityService   : LAB9 Observability window=1m category=additional.statsComputation.availability.allCitiesAllDates count=2317 sumNanos=874450512 avgNanos=377406
zil-additional-service  | 2026-05-05T00:15:39.083Z  INFO 1 --- [zil-additional-service] [   scheduling-1] r.a.observability.ObservabilityService   : LAB9 Observability window=10s category=additional.statsComputation.stats count=15 sumNanos=48157 avgNanos=3210
zil-additional-service  | 2026-05-05T00:15:39.083Z  INFO 1 --- [zil-additional-service] [   scheduling-1] r.a.observability.ObservabilityService   : LAB9 Observability window=10s category=web.additional.stats count=15 sumNanos=5839011090 avgNanos=389267406
zil-additional-service  | 2026-05-05T00:15:39.083Z  INFO 1 --- [zil-additional-service] [   scheduling-1] r.a.observability.ObservabilityService   : LAB9 Observability window=10s category=http.main.rents count=135 sumNanos=26201762754 avgNanos=194087131
zil-additional-service  | 2026-05-05T00:15:39.083Z  INFO 1 --- [zil-additional-service] [   scheduling-1] r.a.observability.ObservabilityService   : LAB9 Observability window=10s category=http.main.cars count=129 sumNanos=25464242220 avgNanos=197397226
zil-additional-service  | 2026-05-05T00:15:39.083Z  INFO 1 --- [zil-additional-service] [   scheduling-1] r.a.observability.ObservabilityService   : LAB9 Observability window=10s category=web.additional.availability_new count=120 sumNanos=47026874576 avgNanos=391890621
zil-additional-service  | 2026-05-05T00:15:39.083Z  INFO 1 --- [zil-additional-service] [   scheduling-1] r.a.observability.ObservabilityService   : LAB9 Observability window=10s category=additional.statsComputation.availability.allCitiesAllDates count=120 sumNanos=41241922 avgNanos=343682
zil-additional-service  | 2026-05-05T00:15:39.083Z  INFO 1 --- [zil-additional-service] [   scheduling-1] r.a.observability.ObservabilityService   : LAB9 Observability window=30s category=additional.statsComputation.stats count=67 sumNanos=248440 avgNanos=3708
zil-additional-service  | 2026-05-05T00:15:39.084Z  INFO 1 --- [zil-additional-service] [   scheduling-1] r.a.observability.ObservabilityService   : LAB9 Observability window=30s category=web.additional.stats count=67 sumNanos=24712960100 avgNanos=368850150
zil-additional-service  | 2026-05-05T00:15:39.084Z  INFO 1 --- [zil-additional-service] [   scheduling-1] r.a.observability.ObservabilityService   : LAB9 Observability window=30s category=http.main.rents count=1007 sumNanos=185895716579 avgNanos=184603492
zil-additional-service  | 2026-05-05T00:15:39.084Z  INFO 1 --- [zil-additional-service] [   scheduling-1] r.a.observability.ObservabilityService   : LAB9 Observability window=30s category=http.main.cars count=1001 sumNanos=183368150634 avgNanos=183184965
zil-additional-service  | 2026-05-05T00:15:39.084Z  INFO 1 --- [zil-additional-service] [   scheduling-1] r.a.observability.ObservabilityService   : LAB9 Observability window=30s category=web.additional.availability_new count=940 sumNanos=346736562399 avgNanos=368868683
zil-additional-service  | 2026-05-05T00:15:39.084Z  INFO 1 --- [zil-additional-service] [   scheduling-1] r.a.observability.ObservabilityService   : LAB9 Observability window=30s category=additional.statsComputation.availability.allCitiesAllDates count=940 sumNanos=289802722 avgNanos=308300
zil-additional-service  | 2026-05-05T00:15:39.084Z  INFO 1 --- [zil-additional-service] [   scheduling-1] r.a.observability.ObservabilityService   : LAB9 Observability window=1m category=additional.statsComputation.stats count=136 sumNanos=488678 avgNanos=3593
zil-additional-service  | 2026-05-05T00:15:39.084Z  INFO 1 --- [zil-additional-service] [   scheduling-1] r.a.observability.ObservabilityService   : LAB9 Observability window=1m category=web.additional.stats count=136 sumNanos=49707519844 avgNanos=365496469
zil-additional-service  | 2026-05-05T00:15:39.084Z  INFO 1 --- [zil-additional-service] [   scheduling-1] r.a.observability.ObservabilityService   : LAB9 Observability window=1m category=http.main.rents count=2248 sumNanos=435969921872 avgNanos=193936797
zil-additional-service  | 2026-05-05T00:15:39.084Z  INFO 1 --- [zil-additional-service] [   scheduling-1] r.a.observability.ObservabilityService   : LAB9 Observability window=1m category=http.main.cars count=2241 sumNanos=420764686897 avgNanos=187757557
zil-additional-service  | 2026-05-05T00:15:39.084Z  INFO 1 --- [zil-additional-service] [   scheduling-1] r.a.observability.ObservabilityService   : LAB9 Observability window=1m category=web.additional.availability_new count=2112 sumNanos=811362150476 avgNanos=384167684
zil-additional-service  | 2026-05-05T00:15:39.084Z  INFO 1 --- [zil-additional-service] [   scheduling-1] r.a.observability.ObservabilityService   : LAB9 Observability window=1m category=additional.statsComputation.availability.allCitiesAllDates count=2112 sumNanos=795123827 avgNanos=376479
zil-additional-service  | 2026-05-05T00:15:42.959Z  INFO 1 --- [zil-additional-service] [   scheduling-1] r.additional.service.ClientCacheService  : [client-cache-statistics] Client cache size=1000
zil-additional-service  | 2026-05-05T00:15:44.085Z  INFO 1 --- [zil-additional-service] [   scheduling-1] r.a.observability.ObservabilityService   : LAB9 Observability window=30s category=additional.statsComputation.stats count=56 sumNanos=212431 avgNanos=3793
zil-additional-service  | 2026-05-05T00:15:44.085Z  INFO 1 --- [zil-additional-service] [   scheduling-1] r.a.observability.ObservabilityService   : LAB9 Observability window=30s category=web.additional.stats count=56 sumNanos=20879142680 avgNanos=372841833
zil-additional-service  | 2026-05-05T00:15:44.085Z  INFO 1 --- [zil-additional-service] [   scheduling-1] r.a.observability.ObservabilityService   : LAB9 Observability window=30s category=http.main.rents count=776 sumNanos=147334700306 avgNanos=189864304
zil-additional-service  | 2026-05-05T00:15:44.085Z  INFO 1 --- [zil-additional-service] [   scheduling-1] r.a.observability.ObservabilityService   : LAB9 Observability window=30s category=http.main.cars count=771 sumNanos=144654261677 avgNanos=187619016
zil-additional-service  | 2026-05-05T00:15:44.085Z  INFO 1 --- [zil-additional-service] [   scheduling-1] r.a.observability.ObservabilityService   : LAB9 Observability window=30s category=web.additional.availability_new count=720 sumNanos=272960117521 avgNanos=379111274
zil-additional-service  | 2026-05-05T00:15:44.085Z  INFO 1 --- [zil-additional-service] [   scheduling-1] r.a.observability.ObservabilityService   : LAB9 Observability window=30s category=additional.statsComputation.availability.allCitiesAllDates count=720 sumNanos=217031947 avgNanos=301433
zil-additional-service  | 2026-05-05T00:15:44.085Z  INFO 1 --- [zil-additional-service] [   scheduling-1] r.a.observability.ObservabilityService   : LAB9 Observability window=1m category=additional.statsComputation.stats count=122 sumNanos=448968 avgNanos=3680
zil-additional-service  | 2026-05-05T00:15:44.085Z  INFO 1 --- [zil-additional-service] [   scheduling-1] r.a.observability.ObservabilityService   : LAB9 Observability window=1m category=web.additional.stats count=122 sumNanos=44561894171 avgNanos=365261427
zil-additional-service  | 2026-05-05T00:15:44.085Z  INFO 1 --- [zil-additional-service] [   scheduling-1] r.a.observability.ObservabilityService   : LAB9 Observability window=1m category=http.main.rents count=2044 sumNanos=394700322549 avgNanos=193101919
zil-additional-service  | 2026-05-05T00:15:44.085Z  INFO 1 --- [zil-additional-service] [   scheduling-1] r.a.observability.ObservabilityService   : LAB9 Observability window=1m category=http.main.cars count=2034 sumNanos=380128529447 avgNanos=186887182
zil-additional-service  | 2026-05-05T00:15:44.085Z  INFO 1 --- [zil-additional-service] [   scheduling-1] r.a.observability.ObservabilityService   : LAB9 Observability window=1m category=web.additional.availability_new count=1922 sumNanos=735934563759 avgNanos=382900397
zil-additional-service  | 2026-05-05T00:15:44.085Z  INFO 1 --- [zil-additional-service] [   scheduling-1] r.a.observability.ObservabilityService   : LAB9 Observability window=1m category=additional.statsComputation.availability.allCitiesAllDates count=1922 sumNanos=738111813 avgNanos=384033
zil-additional-service  | 2026-05-05T00:15:49.086Z  INFO 1 --- [zil-additional-service] [   scheduling-1] r.a.observability.ObservabilityService   : LAB9 Observability window=10s category=additional.statsComputation.stats count=8 sumNanos=19418 avgNanos=2427
zil-additional-service  | 2026-05-05T00:15:49.086Z  INFO 1 --- [zil-additional-service] [   scheduling-1] r.a.observability.ObservabilityService   : LAB9 Observability window=10s category=web.additional.stats count=8 sumNanos=3815761877 avgNanos=476970234
zil-additional-service  | 2026-05-05T00:15:49.086Z  INFO 1 --- [zil-additional-service] [   scheduling-1] r.a.observability.ObservabilityService   : LAB9 Observability window=10s category=http.main.rents count=23 sumNanos=4563081568 avgNanos=198394850
zil-additional-service  | 2026-05-05T00:15:49.086Z  INFO 1 --- [zil-additional-service] [   scheduling-1] r.a.observability.ObservabilityService   : LAB9 Observability window=10s category=http.main.cars count=33 sumNanos=7126129072 avgNanos=215943305
zil-additional-service  | 2026-05-05T00:15:49.086Z  INFO 1 --- [zil-additional-service] [   scheduling-1] r.a.observability.ObservabilityService   : LAB9 Observability window=10s category=web.additional.availability_new count=15 sumNanos=6298636929 avgNanos=419909128
zil-additional-service  | 2026-05-05T00:15:49.086Z  INFO 1 --- [zil-additional-service] [   scheduling-1] r.a.observability.ObservabilityService   : LAB9 Observability window=10s category=additional.statsComputation.availability.allCitiesAllDates count=15 sumNanos=2726797 avgNanos=181786
zil-additional-service  | 2026-05-05T00:15:49.086Z  INFO 1 --- [zil-additional-service] [   scheduling-1] r.a.observability.ObservabilityService   : LAB9 Observability window=30s category=additional.statsComputation.stats count=51 sumNanos=190155 avgNanos=3728
zil-additional-service  | 2026-05-05T00:15:49.086Z  INFO 1 --- [zil-additional-service] [   scheduling-1] r.a.observability.ObservabilityService   : LAB9 Observability window=30s category=web.additional.stats count=51 sumNanos=18710445538 avgNanos=366871481
zil-additional-service  | 2026-05-05T00:15:49.087Z  INFO 1 --- [zil-additional-service] [   scheduling-1] r.a.observability.ObservabilityService   : LAB9 Observability window=30s category=http.main.rents count=617 sumNanos=111228450932 avgNanos=180273016
zil-additional-service  | 2026-05-05T00:15:49.087Z  INFO 1 --- [zil-additional-service] [   scheduling-1] r.a.observability.ObservabilityService   : LAB9 Observability window=30s category=http.main.cars count=615 sumNanos=111204431361 avgNanos=180820213
zil-additional-service  | 2026-05-05T00:15:49.087Z  INFO 1 --- [zil-additional-service] [   scheduling-1] r.a.observability.ObservabilityService   : LAB9 Observability window=30s category=web.additional.availability_new count=566 sumNanos=207061050103 avgNanos=365832243
zil-additional-service  | 2026-05-05T00:15:49.087Z  INFO 1 --- [zil-additional-service] [   scheduling-1] r.a.observability.ObservabilityService   : LAB9 Observability window=30s category=additional.statsComputation.availability.allCitiesAllDates count=566 sumNanos=162835700 avgNanos=287695
zil-additional-service  | 2026-05-05T00:15:49.087Z  INFO 1 --- [zil-additional-service] [   scheduling-1] r.a.observability.ObservabilityService   : LAB9 Observability window=1m category=additional.statsComputation.stats count=118 sumNanos=432604 avgNanos=3666
zil-additional-service  | 2026-05-05T00:15:49.087Z  INFO 1 --- [zil-additional-service] [   scheduling-1] r.a.observability.ObservabilityService   : LAB9 Observability window=1m category=web.additional.stats count=118 sumNanos=43997431288 avgNanos=372859587
zil-additional-service  | 2026-05-05T00:15:49.088Z  INFO 1 --- [zil-additional-service] [   scheduling-1] r.a.observability.ObservabilityService   : LAB9 Observability window=1m category=http.main.rents count=1855 sumNanos=359937279917 avgNanos=194036269
zil-additional-service  | 2026-05-05T00:15:49.088Z  INFO 1 --- [zil-additional-service] [   scheduling-1] r.a.observability.ObservabilityService   : LAB9 Observability window=1m category=http.main.cars count=1855 sumNanos=346437008138 avgNanos=186758494
zil-additional-service  | 2026-05-05T00:15:49.088Z  INFO 1 --- [zil-additional-service] [   scheduling-1] r.a.observability.ObservabilityService   : LAB9 Observability window=1m category=web.additional.availability_new count=1737 sumNanos=665565855503 avgNanos=383169749
zil-additional-service  | 2026-05-05T00:15:49.088Z  INFO 1 --- [zil-additional-service] [   scheduling-1] r.a.observability.ObservabilityService   : LAB9 Observability window=1m category=additional.statsComputation.availability.allCitiesAllDates count=1737 sumNanos=666986594 avgNanos=383987
zil-additional-service  | 2026-05-05T00:15:52.970Z  INFO 1 --- [zil-additional-service] [   scheduling-1] r.additional.service.ClientCacheService  : [client-cache-statistics] Client cache size=1000
zil-additional-service  | 2026-05-05T00:15:54.089Z  INFO 1 --- [zil-additional-service] [   scheduling-1] r.a.observability.ObservabilityService   : LAB9 Observability window=10s category=additional.statsComputation.stats count=126 sumNanos=567294 avgNanos=4502
zil-additional-service  | 2026-05-05T00:15:54.089Z  INFO 1 --- [zil-additional-service] [   scheduling-1] r.a.observability.ObservabilityService   : LAB9 Observability window=10s category=web.additional.stats count=126 sumNanos=46209893843 avgNanos=366745189
zil-additional-service  | 2026-05-05T00:15:54.089Z  INFO 1 --- [zil-additional-service] [   scheduling-1] r.a.observability.ObservabilityService   : LAB9 Observability window=10s category=http.main.rents count=245 sumNanos=45551291205 avgNanos=185923637
zil-additional-service  | 2026-05-05T00:15:54.089Z  INFO 1 --- [zil-additional-service] [   scheduling-1] r.a.observability.ObservabilityService   : LAB9 Observability window=10s category=http.main.cars count=252 sumNanos=45699108060 avgNanos=181345666
zil-additional-service  | 2026-05-05T00:15:54.089Z  INFO 1 --- [zil-additional-service] [   scheduling-1] r.a.observability.ObservabilityService   : LAB9 Observability window=10s category=web.additional.availability_new count=119 sumNanos=43938145777 avgNanos=369228115
zil-additional-service  | 2026-05-05T00:15:54.089Z  INFO 1 --- [zil-additional-service] [   scheduling-1] r.a.observability.ObservabilityService   : LAB9 Observability window=10s category=additional.statsComputation.availability.allCitiesAllDates count=119 sumNanos=115007533 avgNanos=966449
zil-additional-service  | 2026-05-05T00:15:54.090Z  INFO 1 --- [zil-additional-service] [   scheduling-1] r.a.observability.ObservabilityService   : LAB9 Observability window=30s category=additional.statsComputation.stats count=156 sumNanos=694628 avgNanos=4452
zil-additional-service  | 2026-05-05T00:15:54.090Z  INFO 1 --- [zil-additional-service] [   scheduling-1] r.a.observability.ObservabilityService   : LAB9 Observability window=30s category=web.additional.stats count=156 sumNanos=56855860209 avgNanos=364460642
zil-additional-service  | 2026-05-05T00:15:54.090Z  INFO 1 --- [zil-additional-service] [   scheduling-1] r.a.observability.ObservabilityService   : LAB9 Observability window=30s category=http.main.rents count=602 sumNanos=111310485452 avgNanos=184901138
zil-additional-service  | 2026-05-05T00:15:54.090Z  INFO 1 --- [zil-additional-service] [   scheduling-1] r.a.observability.ObservabilityService   : LAB9 Observability window=30s category=http.main.cars count=603 sumNanos=112542489371 avgNanos=186637627
zil-additional-service  | 2026-05-05T00:15:54.090Z  INFO 1 --- [zil-additional-service] [   scheduling-1] r.a.observability.ObservabilityService   : LAB9 Observability window=30s category=web.additional.availability_new count=446 sumNanos=167001690850 avgNanos=374443253
zil-additional-service  | 2026-05-05T00:15:54.090Z  INFO 1 --- [zil-additional-service] [   scheduling-1] r.a.observability.ObservabilityService   : LAB9 Observability window=30s category=additional.statsComputation.availability.allCitiesAllDates count=446 sumNanos=195462742 avgNanos=438257
zil-additional-service  | 2026-05-05T00:15:54.090Z  INFO 1 --- [zil-additional-service] [   scheduling-1] r.a.observability.ObservabilityService   : LAB9 Observability window=1m category=additional.statsComputation.stats count=223 sumNanos=939899 avgNanos=4214
zil-additional-service  | 2026-05-05T00:15:54.091Z  INFO 1 --- [zil-additional-service] [   scheduling-1] r.a.observability.ObservabilityService   : LAB9 Observability window=1m category=web.additional.stats count=223 sumNanos=81336397050 avgNanos=364737206
zil-additional-service  | 2026-05-05T00:15:54.091Z  INFO 1 --- [zil-additional-service] [   scheduling-1] r.a.observability.ObservabilityService   : LAB9 Observability window=1m category=http.main.rents count=1876 sumNanos=355830759041 avgNanos=189675244
zil-additional-service  | 2026-05-05T00:15:54.091Z  INFO 1 --- [zil-additional-service] [   scheduling-1] r.a.observability.ObservabilityService   : LAB9 Observability window=1m category=http.main.cars count=1875 sumNanos=346260156687 avgNanos=184672083
zil-additional-service  | 2026-05-05T00:15:54.091Z  INFO 1 --- [zil-additional-service] [   scheduling-1] r.a.observability.ObservabilityService   : LAB9 Observability window=1m category=web.additional.availability_new count=1653 sumNanos=623603170753 avgNanos=377255396
zil-additional-service  | 2026-05-05T00:15:54.091Z  INFO 1 --- [zil-additional-service] [   scheduling-1] r.a.observability.ObservabilityService   : LAB9 Observability window=1m category=additional.statsComputation.availability.allCitiesAllDates count=1653 sumNanos=745380606 avgNanos=450925
zil-additional-service  | 2026-05-05T00:15:59.091Z  INFO 1 --- [zil-additional-service] [   scheduling-1] r.a.observability.ObservabilityService   : LAB9 Observability window=10s category=additional.statsComputation.stats count=226 sumNanos=825771 avgNanos=3653
zil-additional-service  | 2026-05-05T00:15:59.092Z  INFO 1 --- [zil-additional-service] [   scheduling-1] r.a.observability.ObservabilityService   : LAB9 Observability window=10s category=web.additional.stats count=226 sumNanos=84320777758 avgNanos=373100786
zil-additional-service  | 2026-05-05T00:15:59.092Z  INFO 1 --- [zil-additional-service] [   scheduling-1] r.a.observability.ObservabilityService   : LAB9 Observability window=10s category=http.main.rents count=434 sumNanos=81373497190 avgNanos=187496537
zil-additional-service  | 2026-05-05T00:15:59.092Z  INFO 1 --- [zil-additional-service] [   scheduling-1] r.a.observability.ObservabilityService   : LAB9 Observability window=10s category=http.main.cars count=429 sumNanos=78888159116 avgNanos=183888482
zil-additional-service  | 2026-05-05T00:15:59.092Z  INFO 1 --- [zil-additional-service] [   scheduling-1] r.a.observability.ObservabilityService   : LAB9 Observability window=10s category=web.additional.availability_new count=208 sumNanos=76911434796 avgNanos=369766513
zil-additional-service  | 2026-05-05T00:15:59.092Z  INFO 1 --- [zil-additional-service] [   scheduling-1] r.a.observability.ObservabilityService   : LAB9 Observability window=10s category=additional.statsComputation.availability.allCitiesAllDates count=208 sumNanos=129080327 avgNanos=620578
zil-additional-service  | 2026-05-05T00:15:59.092Z  INFO 1 --- [zil-additional-service] [   scheduling-1] r.a.observability.ObservabilityService   : LAB9 Observability window=30s category=additional.statsComputation.stats count=249 sumNanos=893346 avgNanos=3587
zil-additional-service  | 2026-05-05T00:15:59.092Z  INFO 1 --- [zil-additional-service] [   scheduling-1] r.a.observability.ObservabilityService   : LAB9 Observability window=30s category=web.additional.stats count=249 sumNanos=93975550725 avgNanos=377411850
zil-additional-service  | 2026-05-05T00:15:59.092Z  INFO 1 --- [zil-additional-service] [   scheduling-1] r.a.observability.ObservabilityService   : LAB9 Observability window=30s category=http.main.rents count=592 sumNanos=112138341512 avgNanos=189422874
zil-additional-service  | 2026-05-05T00:15:59.092Z  INFO 1 --- [zil-additional-service] [   scheduling-1] r.a.observability.ObservabilityService   : LAB9 Observability window=30s category=http.main.cars count=591 sumNanos=111478530408 avgNanos=188626955
zil-additional-service  | 2026-05-05T00:15:59.092Z  INFO 1 --- [zil-additional-service] [   scheduling-1] r.a.observability.ObservabilityService   : LAB9 Observability window=30s category=web.additional.availability_new count=343 sumNanos=130236946301 avgNanos=379699551
zil-additional-service  | 2026-05-05T00:15:59.092Z  INFO 1 --- [zil-additional-service] [   scheduling-1] r.a.observability.ObservabilityService   : LAB9 Observability window=30s category=additional.statsComputation.availability.allCitiesAllDates count=343 sumNanos=173049046 avgNanos=504516
zil-additional-service  | 2026-05-05T00:15:59.092Z  INFO 1 --- [zil-additional-service] [   scheduling-1] r.a.observability.ObservabilityService   : LAB9 Observability window=1m category=additional.statsComputation.stats count=317 sumNanos=1142159 avgNanos=3603
zil-additional-service  | 2026-05-05T00:15:59.092Z  INFO 1 --- [zil-additional-service] [   scheduling-1] r.a.observability.ObservabilityService   : LAB9 Observability window=1m category=web.additional.stats count=317 sumNanos=118172411914 avgNanos=372783633
zil-additional-service  | 2026-05-05T00:15:59.092Z  INFO 1 --- [zil-additional-service] [   scheduling-1] r.a.observability.ObservabilityService   : LAB9 Observability window=1m category=http.main.rents count=1873 sumNanos=353061764357 avgNanos=188500675
zil-additional-service  | 2026-05-05T00:15:59.092Z  INFO 1 --- [zil-additional-service] [   scheduling-1] r.a.observability.ObservabilityService   : LAB9 Observability window=1m category=http.main.cars count=1871 sumNanos=348203024106 avgNanos=186105304
zil-additional-service  | 2026-05-05T00:15:59.092Z  INFO 1 --- [zil-additional-service] [   scheduling-1] r.a.observability.ObservabilityService   : LAB9 Observability window=1m category=web.additional.availability_new count=1556 sumNanos=585983221985 avgNanos=376595901
zil-additional-service  | 2026-05-05T00:15:59.092Z  INFO 1 --- [zil-additional-service] [   scheduling-1] r.a.observability.ObservabilityService   : LAB9 Observability window=1m category=additional.statsComputation.availability.allCitiesAllDates count=1556 sumNanos=722818723 avgNanos=464536
zil-additional-service  | 2026-05-05T00:16:02.959Z  INFO 1 --- [zil-additional-service] [   scheduling-1] r.additional.service.ClientCacheService  : [client-cache-statistics] Client cache size=1000
zil-additional-service  | 2026-05-05T00:16:04.093Z  INFO 1 --- [zil-additional-service] [   scheduling-1] r.a.observability.ObservabilityService   : LAB9 Observability window=10s category=additional.statsComputation.stats count=223 sumNanos=384697 avgNanos=1725
zil-additional-service  | 2026-05-05T00:16:04.093Z  INFO 1 --- [zil-additional-service] [   scheduling-1] r.a.observability.ObservabilityService   : LAB9 Observability window=10s category=web.additional.stats count=223 sumNanos=80004385786 avgNanos=358764061
zil-additional-service  | 2026-05-05T00:16:04.093Z  INFO 1 --- [zil-additional-service] [   scheduling-1] r.a.observability.ObservabilityService   : LAB9 Observability window=10s category=http.main.rents count=450 sumNanos=79723945023 avgNanos=177164322
zil-additional-service  | 2026-05-05T00:16:04.094Z  INFO 1 --- [zil-additional-service] [   scheduling-1] r.a.observability.ObservabilityService   : LAB9 Observability window=10s category=http.main.cars count=447 sumNanos=80671338170 avgNanos=180472792
zil-additional-service  | 2026-05-05T00:16:04.095Z  INFO 1 --- [zil-additional-service] [   scheduling-1] r.a.observability.ObservabilityService   : LAB9 Observability window=10s category=web.additional.availability_new count=227 sumNanos=81010736833 avgNanos=356875492
zil-additional-service  | 2026-05-05T00:16:04.096Z  INFO 1 --- [zil-additional-service] [   scheduling-1] r.a.observability.ObservabilityService   : LAB9 Observability window=10s category=additional.statsComputation.availability.allCitiesAllDates count=227 sumNanos=31068835 avgNanos=136867
zil-additional-service  | 2026-05-05T00:16:04.096Z  INFO 1 --- [zil-additional-service] [   scheduling-1] r.a.observability.ObservabilityService   : LAB9 Observability window=30s category=additional.statsComputation.stats count=349 sumNanos=951991 avgNanos=2727
zil-additional-service  | 2026-05-05T00:16:04.096Z  INFO 1 --- [zil-additional-service] [   scheduling-1] r.a.observability.ObservabilityService   : LAB9 Observability window=30s category=web.additional.stats count=349 sumNanos=126214279629 avgNanos=361645500
zil-additional-service  | 2026-05-05T00:16:04.096Z  INFO 1 --- [zil-additional-service] [   scheduling-1] r.a.observability.ObservabilityService   : LAB9 Observability window=30s category=http.main.rents count=695 sumNanos=125275236228 avgNanos=180252138
zil-additional-service  | 2026-05-05T00:16:04.096Z  INFO 1 --- [zil-additional-service] [   scheduling-1] r.a.observability.ObservabilityService   : LAB9 Observability window=30s category=http.main.cars count=699 sumNanos=126370446230 avgNanos=180787476
zil-additional-service  | 2026-05-05T00:16:04.096Z  INFO 1 --- [zil-additional-service] [   scheduling-1] r.a.observability.ObservabilityService   : LAB9 Observability window=30s category=web.additional.availability_new count=346 sumNanos=124948882610 avgNanos=361123938
zil-additional-service  | 2026-05-05T00:16:04.096Z  INFO 1 --- [zil-additional-service] [   scheduling-1] r.a.observability.ObservabilityService   : LAB9 Observability window=30s category=additional.statsComputation.availability.allCitiesAllDates count=346 sumNanos=146076368 avgNanos=422186
zil-additional-service  | 2026-05-05T00:16:04.096Z  INFO 1 --- [zil-additional-service] [   scheduling-1] r.a.observability.ObservabilityService   : LAB9 Observability window=1m category=additional.statsComputation.stats count=427 sumNanos=1231318 avgNanos=2883
zil-additional-service  | 2026-05-05T00:16:04.096Z  INFO 1 --- [zil-additional-service] [   scheduling-1] r.a.observability.ObservabilityService   : LAB9 Observability window=1m category=web.additional.stats count=427 sumNanos=154878028001 avgNanos=362712009
zil-additional-service  | 2026-05-05T00:16:04.096Z  INFO 1 --- [zil-additional-service] [   scheduling-1] r.a.observability.ObservabilityService   : LAB9 Observability window=1m category=http.main.rents count=1909 sumNanos=351598795616 avgNanos=184179568
zil-additional-service  | 2026-05-05T00:16:04.096Z  INFO 1 --- [zil-additional-service] [   scheduling-1] r.a.observability.ObservabilityService   : LAB9 Observability window=1m category=http.main.cars count=1906 sumNanos=350122891860 avgNanos=183695116
zil-additional-service  | 2026-05-05T00:16:04.096Z  INFO 1 --- [zil-additional-service] [   scheduling-1] r.a.observability.ObservabilityService   : LAB9 Observability window=1m category=web.additional.availability_new count=1482 sumNanos=549249567184 avgNanos=370613743
zil-additional-service  | 2026-05-05T00:16:04.096Z  INFO 1 --- [zil-additional-service] [   scheduling-1] r.a.observability.ObservabilityService   : LAB9 Observability window=1m category=additional.statsComputation.availability.allCitiesAllDates count=1482 sumNanos=597088001 avgNanos=402893
zil-additional-service  | 2026-05-05T00:16:09.097Z  INFO 1 --- [zil-additional-service] [   scheduling-1] r.a.observability.ObservabilityService   : LAB9 Observability window=10s category=additional.statsComputation.stats count=229 sumNanos=214030 avgNanos=934
zil-additional-service  | 2026-05-05T00:16:09.097Z  INFO 1 --- [zil-additional-service] [   scheduling-1] r.a.observability.ObservabilityService   : LAB9 Observability window=10s category=web.additional.stats count=229 sumNanos=76739400039 avgNanos=335106550
zil-additional-service  | 2026-05-05T00:16:09.097Z  INFO 1 --- [zil-additional-service] [   scheduling-1] r.a.observability.ObservabilityService   : LAB9 Observability window=10s category=http.main.rents count=467 sumNanos=79420952584 avgNanos=170066279
zil-additional-service  | 2026-05-05T00:16:09.097Z  INFO 1 --- [zil-additional-service] [   scheduling-1] r.a.observability.ObservabilityService   : LAB9 Observability window=10s category=http.main.cars count=466 sumNanos=79676039846 avgNanos=170978626
zil-additional-service  | 2026-05-05T00:16:09.098Z  INFO 1 --- [zil-additional-service] [   scheduling-1] r.a.observability.ObservabilityService   : LAB9 Observability window=10s category=web.additional.availability_new count=238 sumNanos=82651571806 avgNanos=347275511
zil-additional-service  | 2026-05-05T00:16:09.098Z  INFO 1 --- [zil-additional-service] [   scheduling-1] r.a.observability.ObservabilityService   : LAB9 Observability window=10s category=additional.statsComputation.availability.allCitiesAllDates count=238 sumNanos=27965463 avgNanos=117501
zil-additional-service  | 2026-05-05T00:16:09.098Z  INFO 1 --- [zil-additional-service] [   scheduling-1] r.a.observability.ObservabilityService   : LAB9 Observability window=30s category=additional.statsComputation.stats count=463 sumNanos=1059219 avgNanos=2287
zil-additional-service  | 2026-05-05T00:16:09.098Z  INFO 1 --- [zil-additional-service] [   scheduling-1] r.a.observability.ObservabilityService   : LAB9 Observability window=30s category=web.additional.stats count=463 sumNanos=164875939674 avgNanos=356103541
zil-additional-service  | 2026-05-05T00:16:09.098Z  INFO 1 --- [zil-additional-service] [   scheduling-1] r.a.observability.ObservabilityService   : LAB9 Observability window=30s category=http.main.rents count=924 sumNanos=165357531342 avgNanos=178958367
zil-additional-service  | 2026-05-05T00:16:09.098Z  INFO 1 --- [zil-additional-service] [   scheduling-1] r.a.observability.ObservabilityService   : LAB9 Observability window=30s category=http.main.cars count=928 sumNanos=165690328034 avgNanos=178545612
zil-additional-service  | 2026-05-05T00:16:09.098Z  INFO 1 --- [zil-additional-service] [   scheduling-1] r.a.observability.ObservabilityService   : LAB9 Observability window=30s category=web.additional.availability_new count=461 sumNanos=165861643531 avgNanos=359786645
zil-additional-service  | 2026-05-05T00:16:09.098Z  INFO 1 --- [zil-additional-service] [   scheduling-1] r.a.observability.ObservabilityService   : LAB9 Observability window=30s category=additional.statsComputation.availability.allCitiesAllDates count=461 sumNanos=159772587 avgNanos=346578
zil-additional-service  | 2026-05-05T00:16:09.098Z  INFO 1 --- [zil-additional-service] [   scheduling-1] r.a.observability.ObservabilityService   : LAB9 Observability window=1m category=additional.statsComputation.stats count=530 sumNanos=1307659 avgNanos=2467
zil-additional-service  | 2026-05-05T00:16:09.098Z  INFO 1 --- [zil-additional-service] [   scheduling-1] r.a.observability.ObservabilityService   : LAB9 Observability window=1m category=web.additional.stats count=530 sumNanos=189588899774 avgNanos=357714905
zil-additional-service  | 2026-05-05T00:16:09.098Z  INFO 1 --- [zil-additional-service] [   scheduling-1] r.a.observability.ObservabilityService   : LAB9 Observability window=1m category=http.main.rents count=1931 sumNanos=351253247921 avgNanos=181902251
zil-additional-service  | 2026-05-05T00:16:09.098Z  INFO 1 --- [zil-additional-service] [   scheduling-1] r.a.observability.ObservabilityService   : LAB9 Observability window=1m category=http.main.cars count=1929 sumNanos=349058478668 avgNanos=180953073
zil-additional-service  | 2026-05-05T00:16:09.098Z  INFO 1 --- [zil-additional-service] [   scheduling-1] r.a.observability.ObservabilityService   : LAB9 Observability window=1m category=web.additional.availability_new count=1401 sumNanos=512598205930 avgNanos=365880232
zil-additional-service  | 2026-05-05T00:16:09.098Z  INFO 1 --- [zil-additional-service] [   scheduling-1] r.a.observability.ObservabilityService   : LAB9 Observability window=1m category=additional.statsComputation.availability.allCitiesAllDates count=1401 sumNanos=449575309 avgNanos=320896
zil-additional-service  | 2026-05-05T00:16:12.962Z  INFO 1 --- [zil-additional-service] [   scheduling-1] r.additional.service.ClientCacheService  : [client-cache-statistics] Client cache size=1000
zil-additional-service  | 2026-05-05T00:16:14.099Z  INFO 1 --- [zil-additional-service] [   scheduling-1] r.a.observability.ObservabilityService   : LAB9 Observability window=10s category=additional.statsComputation.stats count=234 sumNanos=237692 avgNanos=1015
zil-additional-service  | 2026-05-05T00:16:14.099Z  INFO 1 --- [zil-additional-service] [   scheduling-1] r.a.observability.ObservabilityService   : LAB9 Observability window=10s category=web.additional.stats count=234 sumNanos=77504302181 avgNanos=331214966
zil-app                 | 2026-05-05T00:17:28.638Z  INFO 1 --- [   scheduling-1] r.observability.ObservabilityService     : LAB9 Observability window=10s category=web.RentController.getRents count=481 sumNanos=72252916793 avgNanos=150213964
zil-app                 | 2026-05-05T00:17:28.638Z  INFO 1 --- [   scheduling-1] r.observability.ObservabilityService     : LAB9 Observability window=10s category=db.rent.findAll count=481 sumNanos=72252598567 avgNanos=150213302
zil-app                 | 2026-05-05T00:17:28.638Z  INFO 1 --- [   scheduling-1] r.observability.ObservabilityService     : LAB9 Observability window=10s category=web.CarController.getCars count=480 sumNanos=73133539786 avgNanos=152361541
zil-app                 | 2026-05-05T00:17:28.638Z  INFO 1 --- [   scheduling-1] r.observability.ObservabilityService     : LAB9 Observability window=10s category=db.car.findAll count=480 sumNanos=73133207300 avgNanos=152360848
zil-app                 | 2026-05-05T00:17:28.639Z  INFO 1 --- [   scheduling-1] r.observability.ObservabilityService     : LAB9 Observability window=30s category=web.RentController.getRents count=1433 sumNanos=222297430666 avgNanos=155127306
zil-app                 | 2026-05-05T00:17:28.640Z  INFO 1 --- [   scheduling-1] r.observability.ObservabilityService     : LAB9 Observability window=30s category=db.rent.findAll count=1433 sumNanos=222251682404 avgNanos=155095381
zil-app                 | 2026-05-05T00:17:28.640Z  INFO 1 --- [   scheduling-1] r.observability.ObservabilityService     : LAB9 Observability window=30s category=web.CarController.getCars count=1434 sumNanos=221207374022 avgNanos=154258977
zil-app                 | 2026-05-05T00:17:28.640Z  INFO 1 --- [   scheduling-1] r.observability.ObservabilityService     : LAB9 Observability window=30s category=db.car.findAll count=1434 sumNanos=221204877915 avgNanos=154257237
zil-app                 | 2026-05-05T00:17:28.640Z  INFO 1 --- [   scheduling-1] r.observability.ObservabilityService     : LAB9 Observability window=1m category=web.RentController.getRents count=2853 sumNanos=441641592025 avgNanos=154799015
zil-app                 | 2026-05-05T00:17:28.641Z  INFO 1 --- [   scheduling-1] r.observability.ObservabilityService     : LAB9 Observability window=1m category=db.rent.findAll count=2853 sumNanos=441594512733 avgNanos=154782514
zil-app                 | 2026-05-05T00:17:28.641Z  INFO 1 --- [   scheduling-1] r.observability.ObservabilityService     : LAB9 Observability window=1m category=web.CarController.getCars count=2852 sumNanos=441362833316 avgNanos=154755551
zil-app                 | 2026-05-05T00:17:28.641Z  INFO 1 --- [   scheduling-1] r.observability.ObservabilityService     : LAB9 Observability window=1m category=db.car.findAll count=2852 sumNanos=441359237049 avgNanos=154754290
zil-app                 | 2026-05-05T00:17:33.643Z  INFO 1 --- [   scheduling-1] r.observability.ObservabilityService     : LAB9 Observability window=10s category=web.RentController.getRents count=476 sumNanos=74046151124 avgNanos=155559141
zil-app                 | 2026-05-05T00:17:33.645Z  INFO 1 --- [   scheduling-1] r.observability.ObservabilityService     : LAB9 Observability window=10s category=db.rent.findAll count=476 sumNanos=74045621409 avgNanos=155558028
zil-app                 | 2026-05-05T00:17:33.645Z  INFO 1 --- [   scheduling-1] r.observability.ObservabilityService     : LAB9 Observability window=10s category=web.CarController.getCars count=474 sumNanos=74510101732 avgNanos=157194307
zil-app                 | 2026-05-05T00:17:33.645Z  INFO 1 --- [   scheduling-1] r.observability.ObservabilityService     : LAB9 Observability window=10s category=db.car.findAll count=474 sumNanos=74509444021 avgNanos=157192919
zil-app                 | 2026-05-05T00:17:33.645Z  INFO 1 --- [   scheduling-1] r.observability.ObservabilityService     : LAB9 Observability window=30s category=web.RentController.getRents count=1436 sumNanos=222124952018 avgNanos=154683114
zil-app                 | 2026-05-05T00:17:33.645Z  INFO 1 --- [   scheduling-1] r.observability.ObservabilityService     : LAB9 Observability window=30s category=db.rent.findAll count=1436 sumNanos=222078970158 avgNanos=154651093
zil-app                 | 2026-05-05T00:17:33.645Z  INFO 1 --- [   scheduling-1] r.observability.ObservabilityService     : LAB9 Observability window=30s category=web.CarController.getCars count=1431 sumNanos=220815349728 avgNanos=154308420
zil-app                 | 2026-05-05T00:17:33.645Z  INFO 1 --- [   scheduling-1] r.observability.ObservabilityService     : LAB9 Observability window=30s category=db.car.findAll count=1431 sumNanos=220812522364 avgNanos=154306444
zil-app                 | 2026-05-05T00:17:33.645Z  INFO 1 --- [   scheduling-1] r.observability.ObservabilityService     : LAB9 Observability window=1m category=web.RentController.getRents count=2861 sumNanos=442061664043 avgNanos=154512989
zil-app                 | 2026-05-05T00:17:33.646Z  INFO 1 --- [   scheduling-1] r.observability.ObservabilityService     : LAB9 Observability window=1m category=db.rent.findAll count=2861 sumNanos=442014369790 avgNanos=154496459
zil-app                 | 2026-05-05T00:17:33.646Z  INFO 1 --- [   scheduling-1] r.observability.ObservabilityService     : LAB9 Observability window=1m category=web.CarController.getCars count=2857 sumNanos=440692790521 avgNanos=154250189
zil-app                 | 2026-05-05T00:17:33.646Z  INFO 1 --- [   scheduling-1] r.observability.ObservabilityService     : LAB9 Observability window=1m category=db.car.findAll count=2857 sumNanos=440688897628 avgNanos=154248826
zil-app                 | 2026-05-05T00:17:38.646Z  INFO 1 --- [   scheduling-1] r.observability.ObservabilityService     : LAB9 Observability window=10s category=web.RentController.getRents count=482 sumNanos=73763359668 avgNanos=153036015
zil-app                 | 2026-05-05T00:17:38.646Z  INFO 1 --- [   scheduling-1] r.observability.ObservabilityService     : LAB9 Observability window=10s category=db.rent.findAll count=482 sumNanos=73762802498 avgNanos=153034859
zil-app                 | 2026-05-05T00:17:38.646Z  INFO 1 --- [   scheduling-1] r.observability.ObservabilityService     : LAB9 Observability window=10s category=web.CarController.getCars count=480 sumNanos=74681318935 avgNanos=155586081
zil-app                 | 2026-05-05T00:17:38.646Z  INFO 1 --- [   scheduling-1] r.observability.ObservabilityService     : LAB9 Observability window=10s category=db.car.findAll count=480 sumNanos=74680636627 avgNanos=155584659
zil-app                 | 2026-05-05T00:17:38.646Z  INFO 1 --- [   scheduling-1] r.observability.ObservabilityService     : LAB9 Observability window=30s category=web.RentController.getRents count=1440 sumNanos=220933643101 avgNanos=153426141
zil-app                 | 2026-05-05T00:17:38.647Z  INFO 1 --- [   scheduling-1] r.observability.ObservabilityService     : LAB9 Observability window=30s category=db.rent.findAll count=1440 sumNanos=220887844312 avgNanos=153394336
zil-app                 | 2026-05-05T00:17:38.647Z  INFO 1 --- [   scheduling-1] r.observability.ObservabilityService     : LAB9 Observability window=30s category=web.CarController.getCars count=1437 sumNanos=221150271618 avgNanos=153897196
zil-app                 | 2026-05-05T00:17:38.647Z  INFO 1 --- [   scheduling-1] r.observability.ObservabilityService     : LAB9 Observability window=30s category=db.car.findAll count=1437 sumNanos=221148939249 avgNanos=153896269
zil-app                 | 2026-05-05T00:17:38.647Z  INFO 1 --- [   scheduling-1] r.observability.ObservabilityService     : LAB9 Observability window=1m category=web.RentController.getRents count=2864 sumNanos=443213688062 avgNanos=154753382
zil-app                 | 2026-05-05T00:17:38.647Z  INFO 1 --- [   scheduling-1] r.observability.ObservabilityService     : LAB9 Observability window=1m category=db.rent.findAll count=2864 sumNanos=443166375507 avgNanos=154736862
zil-app                 | 2026-05-05T00:17:38.647Z  INFO 1 --- [   scheduling-1] r.observability.ObservabilityService     : LAB9 Observability window=1m category=web.CarController.getCars count=2865 sumNanos=441423118702 avgNanos=154074386
zil-app                 | 2026-05-05T00:17:38.647Z  INFO 1 --- [   scheduling-1] r.observability.ObservabilityService     : LAB9 Observability window=1m category=db.car.findAll count=2865 sumNanos=441419176022 avgNanos=154073010
zil-app                 | 2026-05-05T00:17:43.647Z  INFO 1 --- [   scheduling-1] r.observability.ObservabilityService     : LAB9 Observability window=10s category=web.RentController.getRents count=483 sumNanos=72799343768 avgNanos=150723279
zil-app                 | 2026-05-05T00:17:43.648Z  INFO 1 --- [   scheduling-1] r.observability.ObservabilityService     : LAB9 Observability window=10s category=db.rent.findAll count=483 sumNanos=72798979971 avgNanos=150722525
zil-app                 | 2026-05-05T00:17:43.648Z  INFO 1 --- [   scheduling-1] r.observability.ObservabilityService     : LAB9 Observability window=10s category=web.CarController.getCars count=485 sumNanos=75158112587 avgNanos=154965180
zil-app                 | 2026-05-05T00:17:43.648Z  INFO 1 --- [   scheduling-1] r.observability.ObservabilityService     : LAB9 Observability window=10s category=db.car.findAll count=485 sumNanos=75157747298 avgNanos=154964427
zil-app                 | 2026-05-05T00:17:43.648Z  INFO 1 --- [   scheduling-1] r.observability.ObservabilityService     : LAB9 Observability window=30s category=web.RentController.getRents count=1440 sumNanos=220387909587 avgNanos=153047159
zil-app                 | 2026-05-05T00:17:43.648Z  INFO 1 --- [   scheduling-1] r.observability.ObservabilityService     : LAB9 Observability window=30s category=db.rent.findAll count=1440 sumNanos=220342076353 avgNanos=153015330
zil-app                 | 2026-05-05T00:17:43.648Z  INFO 1 --- [   scheduling-1] r.observability.ObservabilityService     : LAB9 Observability window=30s category=web.CarController.getCars count=1437 sumNanos=221770890854 avgNanos=154329082
zil-app                 | 2026-05-05T00:17:43.648Z  INFO 1 --- [   scheduling-1] r.observability.ObservabilityService     : LAB9 Observability window=30s category=db.car.findAll count=1437 sumNanos=221769558826 avgNanos=154328155
zil-app                 | 2026-05-05T00:17:43.649Z  INFO 1 --- [   scheduling-1] r.observability.ObservabilityService     : LAB9 Observability window=1m category=web.RentController.getRents count=2863 sumNanos=443576804949 avgNanos=154934266
zil-app                 | 2026-05-05T00:17:43.649Z  INFO 1 --- [   scheduling-1] r.observability.ObservabilityService     : LAB9 Observability window=1m category=db.rent.findAll count=2863 sumNanos=443529489374 avgNanos=154917739
zil-app                 | 2026-05-05T00:17:43.649Z  INFO 1 --- [   scheduling-1] r.observability.ObservabilityService     : LAB9 Observability window=1m category=web.CarController.getCars count=2865 sumNanos=441313550756 avgNanos=154036143
zil-app                 | 2026-05-05T00:17:43.649Z  INFO 1 --- [   scheduling-1] r.observability.ObservabilityService     : LAB9 Observability window=1m category=db.car.findAll count=2865 sumNanos=441309618605 avgNanos=154034770
zil-app                 | 2026-05-05T00:17:48.652Z  INFO 1 --- [   scheduling-1] r.observability.ObservabilityService     : LAB9 Observability window=10s category=web.RentController.getRents count=475 sumNanos=74134483580 avgNanos=156072597
zil-app                 | 2026-05-05T00:17:48.653Z  INFO 1 --- [   scheduling-1] r.observability.ObservabilityService     : LAB9 Observability window=10s category=db.rent.findAll count=475 sumNanos=74134131908 avgNanos=156071856
zil-app                 | 2026-05-05T00:17:48.653Z  INFO 1 --- [   scheduling-1] r.observability.ObservabilityService     : LAB9 Observability window=10s category=web.CarController.getCars count=479 sumNanos=75898259881 avgNanos=158451482
zil-app                 | 2026-05-05T00:17:48.653Z  INFO 1 --- [   scheduling-1] r.observability.ObservabilityService     : LAB9 Observability window=10s category=db.car.findAll count=479 sumNanos=75897302732 avgNanos=158449483
zil-app                 | 2026-05-05T00:17:48.653Z  INFO 1 --- [   scheduling-1] r.observability.ObservabilityService     : LAB9 Observability window=30s category=web.RentController.getRents count=1437 sumNanos=219976164488 avgNanos=153080142
zil-app                 | 2026-05-05T00:17:48.653Z  INFO 1 --- [   scheduling-1] r.observability.ObservabilityService     : LAB9 Observability window=30s category=db.rent.findAll count=1437 sumNanos=219974938029 avgNanos=153079288
zil-app                 | 2026-05-05T00:17:48.653Z  INFO 1 --- [   scheduling-1] r.observability.ObservabilityService     : LAB9 Observability window=30s category=web.CarController.getCars count=1439 sumNanos=223713118602 avgNanos=155464293
zil-app                 | 2026-05-05T00:17:48.653Z  INFO 1 --- [   scheduling-1] r.observability.ObservabilityService     : LAB9 Observability window=30s category=db.car.findAll count=1439 sumNanos=223711146659 avgNanos=155462923
zil-app                 | 2026-05-05T00:17:48.654Z  INFO 1 --- [   scheduling-1] r.observability.ObservabilityService     : LAB9 Observability window=1m category=web.RentController.getRents count=2865 sumNanos=444437088347 avgNanos=155126383
zil-app                 | 2026-05-05T00:17:48.654Z  INFO 1 --- [   scheduling-1] r.observability.ObservabilityService     : LAB9 Observability window=1m category=db.rent.findAll count=2865 sumNanos=444389939870 avgNanos=155109926
zil-app                 | 2026-05-05T00:17:48.654Z  INFO 1 --- [   scheduling-1] r.observability.ObservabilityService     : LAB9 Observability window=1m category=web.CarController.getCars count=2867 sumNanos=442803649670 avgNanos=154448430
zil-app                 | 2026-05-05T00:17:48.654Z  INFO 1 --- [   scheduling-1] r.observability.ObservabilityService     : LAB9 Observability window=1m category=db.car.findAll count=2867 sumNanos=442799220968 avgNanos=154446885
zil-app                 | 2026-05-05T00:17:53.655Z  INFO 1 --- [   scheduling-1] r.observability.ObservabilityService     : LAB9 Observability window=10s category=web.RentController.getRents count=476 sumNanos=73764677453 avgNanos=154967809
zil-app                 | 2026-05-05T00:17:53.655Z  INFO 1 --- [   scheduling-1] r.observability.ObservabilityService     : LAB9 Observability window=10s category=db.rent.findAll count=476 sumNanos=73757054848 avgNanos=154951795
zil-app                 | 2026-05-05T00:17:53.655Z  INFO 1 --- [   scheduling-1] r.observability.ObservabilityService     : LAB9 Observability window=10s category=web.CarController.getCars count=479 sumNanos=75575548113 avgNanos=157777762
zil-app                 | 2026-05-05T00:17:53.655Z  INFO 1 --- [   scheduling-1] r.observability.ObservabilityService     : LAB9 Observability window=10s category=db.car.findAll count=479 sumNanos=75574596131 avgNanos=157775774
zil-app                 | 2026-05-05T00:17:53.656Z  INFO 1 --- [   scheduling-1] r.observability.ObservabilityService     : LAB9 Observability window=30s category=web.RentController.getRents count=1435 sumNanos=220610172345 avgNanos=153735311
zil-app                 | 2026-05-05T00:17:53.656Z  INFO 1 --- [   scheduling-1] r.observability.ObservabilityService     : LAB9 Observability window=30s category=db.rent.findAll count=1435 sumNanos=220601656228 avgNanos=153729377
zil-app                 | 2026-05-05T00:17:53.656Z  INFO 1 --- [   scheduling-1] r.observability.ObservabilityService     : LAB9 Observability window=30s category=web.CarController.getCars count=1439 sumNanos=225360315675 avgNanos=156608975
zil-app                 | 2026-05-05T00:17:53.656Z  INFO 1 --- [   scheduling-1] r.observability.ObservabilityService     : LAB9 Observability window=30s category=db.car.findAll count=1439 sumNanos=225358340073 avgNanos=156607602
zil-app                 | 2026-05-05T00:17:53.657Z  INFO 1 --- [   scheduling-1] r.observability.ObservabilityService     : LAB9 Observability window=1m category=web.RentController.getRents count=2862 sumNanos=442970630426 avgNanos=154776600
zil-app                 | 2026-05-05T00:17:53.657Z  INFO 1 --- [   scheduling-1] r.observability.ObservabilityService     : LAB9 Observability window=1m category=db.rent.findAll count=2862 sumNanos=442916207599 avgNanos=154757584
zil-app                 | 2026-05-05T00:17:53.657Z  INFO 1 --- [   scheduling-1] r.observability.ObservabilityService     : LAB9 Observability window=1m category=web.CarController.getCars count=2870 sumNanos=443677732970 avgNanos=154591544
zil-app                 | 2026-05-05T00:17:53.658Z  INFO 1 --- [   scheduling-1] r.observability.ObservabilityService     : LAB9 Observability window=1m category=db.car.findAll count=2870 sumNanos=443673297739 avgNanos=154589999
zil-app                 | 2026-05-05T00:17:58.658Z  INFO 1 --- [   scheduling-1] r.observability.ObservabilityService     : LAB9 Observability window=10s category=web.RentController.getRents count=487 sumNanos=73904942882 avgNanos=151755529
zil-app                 | 2026-05-05T00:17:58.658Z  INFO 1 --- [   scheduling-1] r.observability.ObservabilityService     : LAB9 Observability window=10s category=db.rent.findAll count=487 sumNanos=73897304835 avgNanos=151739845
zil-app                 | 2026-05-05T00:17:58.658Z  INFO 1 --- [   scheduling-1] r.observability.ObservabilityService     : LAB9 Observability window=10s category=web.CarController.getCars count=481 sumNanos=72978492113 avgNanos=151722436
zil-app                 | 2026-05-05T00:17:58.658Z  INFO 1 --- [   scheduling-1] r.observability.ObservabilityService     : LAB9 Observability window=10s category=db.car.findAll count=481 sumNanos=72977016410 avgNanos=151719368
zil-app                 | 2026-05-05T00:17:58.659Z  INFO 1 --- [   scheduling-1] r.observability.ObservabilityService     : LAB9 Observability window=30s category=web.RentController.getRents count=1442 sumNanos=221457120854 avgNanos=153576366
zil-app                 | 2026-05-05T00:17:58.659Z  INFO 1 --- [   scheduling-1] r.observability.ObservabilityService     : LAB9 Observability window=30s category=db.rent.findAll count=1442 sumNanos=221448574978 avgNanos=153570440
zil-app                 | 2026-05-05T00:17:58.659Z  INFO 1 --- [   scheduling-1] r.observability.ObservabilityService     : LAB9 Observability window=30s category=web.CarController.getCars count=1439 sumNanos=223363085595 avgNanos=155221046
zil-app                 | 2026-05-05T00:17:58.659Z  INFO 1 --- [   scheduling-1] r.observability.ObservabilityService     : LAB9 Observability window=30s category=db.car.findAll count=1439 sumNanos=223359971037 avgNanos=155218881
zil-app                 | 2026-05-05T00:17:58.660Z  INFO 1 --- [   scheduling-1] r.observability.ObservabilityService     : LAB9 Observability window=1m category=web.RentController.getRents count=2873 sumNanos=443412981515 avgNanos=154337967
zil-app                 | 2026-05-05T00:17:58.660Z  INFO 1 --- [   scheduling-1] r.observability.ObservabilityService     : LAB9 Observability window=1m category=db.rent.findAll count=2873 sumNanos=443358688564 avgNanos=154319070
zil-app                 | 2026-05-05T00:17:58.660Z  INFO 1 --- [   scheduling-1] r.observability.ObservabilityService     : LAB9 Observability window=1m category=web.CarController.getCars count=2873 sumNanos=444588314554 avgNanos=154747063
zil-app                 | 2026-05-05T00:17:58.660Z  INFO 1 --- [   scheduling-1] r.observability.ObservabilityService     : LAB9 Observability window=1m category=db.car.findAll count=2873 sumNanos=444582703845 avgNanos=154745110
zil-app                 | 2026-05-05T00:18:03.663Z  INFO 1 --- [   scheduling-1] r.observability.ObservabilityService     : LAB9 Observability window=10s category=web.RentController.getRents count=479 sumNanos=75095288958 avgNanos=156775133
zil-app                 | 2026-05-05T00:18:03.663Z  INFO 1 --- [   scheduling-1] r.observability.ObservabilityService     : LAB9 Observability window=10s category=db.rent.findAll count=479 sumNanos=75094936606 avgNanos=156774397
zil-app                 | 2026-05-05T00:18:03.663Z  INFO 1 --- [   scheduling-1] r.observability.ObservabilityService     : LAB9 Observability window=10s category=web.CarController.getCars count=477 sumNanos=73774996462 avgNanos=154664562
zil-app                 | 2026-05-05T00:18:03.664Z  INFO 1 --- [   scheduling-1] r.observability.ObservabilityService     : LAB9 Observability window=10s category=db.car.findAll count=477 sumNanos=73773519083 avgNanos=154661465
zil-app                 | 2026-05-05T00:18:03.664Z  INFO 1 --- [   scheduling-1] r.observability.ObservabilityService     : LAB9 Observability window=30s category=web.RentController.getRents count=1438 sumNanos=221659310179 avgNanos=154144165
zil-app                 | 2026-05-05T00:18:03.664Z  INFO 1 --- [   scheduling-1] r.observability.ObservabilityService     : LAB9 Observability window=30s category=db.rent.findAll count=1438 sumNanos=221650971425 avgNanos=154138366
zil-app                 | 2026-05-05T00:18:03.664Z  INFO 1 --- [   scheduling-1] r.observability.ObservabilityService     : LAB9 Observability window=30s category=web.CarController.getCars count=1440 sumNanos=224348430829 avgNanos=155797521
zil-app                 | 2026-05-05T00:18:03.664Z  INFO 1 --- [   scheduling-1] r.observability.ObservabilityService     : LAB9 Observability window=30s category=db.car.findAll count=1440 sumNanos=224345636911 avgNanos=155795581
zil-app                 | 2026-05-05T00:18:03.664Z  INFO 1 --- [   scheduling-1] r.observability.ObservabilityService     : LAB9 Observability window=1m category=web.RentController.getRents count=2873 sumNanos=443645934628 avgNanos=154419051
zil-app                 | 2026-05-05T00:18:03.665Z  INFO 1 --- [   scheduling-1] r.observability.ObservabilityService     : LAB9 Observability window=1m category=db.rent.findAll count=2873 sumNanos=443591614586 avgNanos=154400144
zil-app                 | 2026-05-05T00:18:03.665Z  INFO 1 --- [   scheduling-1] r.observability.ObservabilityService     : LAB9 Observability window=1m category=web.CarController.getCars count=2872 sumNanos=445256424661 avgNanos=155033574
zil-app                 | 2026-05-05T00:18:03.665Z  INFO 1 --- [   scheduling-1] r.observability.ObservabilityService     : LAB9 Observability window=1m category=db.car.findAll count=2872 sumNanos=445250802649 avgNanos=155031616
zil-app                 | 2026-05-05T00:18:08.665Z  INFO 1 --- [   scheduling-1] r.observability.ObservabilityService     : LAB9 Observability window=10s category=web.RentController.getRents count=478 sumNanos=75401397637 avgNanos=157743509
zil-app                 | 2026-05-05T00:18:08.666Z  INFO 1 --- [   scheduling-1] r.observability.ObservabilityService     : LAB9 Observability window=10s category=db.rent.findAll count=478 sumNanos=75401045648 avgNanos=157742773
zil-app                 | 2026-05-05T00:18:08.667Z  INFO 1 --- [   scheduling-1] r.observability.ObservabilityService     : LAB9 Observability window=10s category=web.CarController.getCars count=478 sumNanos=75012793634 avgNanos=156930530
zil-app                 | 2026-05-05T00:18:08.667Z  INFO 1 --- [   scheduling-1] r.observability.ObservabilityService     : LAB9 Observability window=10s category=db.car.findAll count=478 sumNanos=75012464116 avgNanos=156929841
zil-app                 | 2026-05-05T00:18:08.667Z  INFO 1 --- [   scheduling-1] r.observability.ObservabilityService     : LAB9 Observability window=30s category=web.RentController.getRents count=1438 sumNanos=223134140237 avgNanos=155169777
zil-app                 | 2026-05-05T00:18:08.667Z  INFO 1 --- [   scheduling-1] r.observability.ObservabilityService     : LAB9 Observability window=30s category=db.rent.findAll count=1438 sumNanos=223125799624 avgNanos=155163977
zil-app                 | 2026-05-05T00:18:08.667Z  INFO 1 --- [   scheduling-1] r.observability.ObservabilityService     : LAB9 Observability window=30s category=web.CarController.getCars count=1436 sumNanos=223534656911 avgNanos=155664802
zil-app                 | 2026-05-05T00:18:08.668Z  INFO 1 --- [   scheduling-1] r.observability.ObservabilityService     : LAB9 Observability window=30s category=db.car.findAll count=1436 sumNanos=223531895753 avgNanos=155662880
zil-app                 | 2026-05-05T00:18:08.668Z  INFO 1 --- [   scheduling-1] r.observability.ObservabilityService     : LAB9 Observability window=1m category=web.RentController.getRents count=2877 sumNanos=443790756587 avgNanos=154254694
zil-app                 | 2026-05-05T00:18:08.668Z  INFO 1 --- [   scheduling-1] r.observability.ObservabilityService     : LAB9 Observability window=1m category=db.rent.findAll count=2877 sumNanos=443736617837 avgNanos=154235876
zil-app                 | 2026-05-05T00:18:08.668Z  INFO 1 --- [   scheduling-1] r.observability.ObservabilityService     : LAB9 Observability window=1m category=web.CarController.getCars count=2873 sumNanos=444714492695 avgNanos=154790982
zil-app                 | 2026-05-05T00:18:08.668Z  INFO 1 --- [   scheduling-1] r.observability.ObservabilityService     : LAB9 Observability window=1m category=db.car.findAll count=2873 sumNanos=444710399182 avgNanos=154789557
zil-app                 | 2026-05-05T00:18:13.670Z  INFO 1 --- [   scheduling-1] r.observability.ObservabilityService     : LAB9 Observability window=10s category=web.RentController.getRents count=482 sumNanos=74478661707 avgNanos=154520045
zil-app                 | 2026-05-05T00:18:13.670Z  INFO 1 --- [   scheduling-1] r.observability.ObservabilityService     : LAB9 Observability window=10s category=db.rent.findAll count=482 sumNanos=74477406012 avgNanos=154517439
zil-app                 | 2026-05-05T00:18:13.671Z  INFO 1 --- [   scheduling-1] r.observability.ObservabilityService     : LAB9 Observability window=10s category=web.CarController.getCars count=486 sumNanos=74060818051 avgNanos=152388514
zil-app                 | 2026-05-05T00:18:13.671Z  INFO 1 --- [   scheduling-1] r.observability.ObservabilityService     : LAB9 Observability window=10s category=db.car.findAll count=486 sumNanos=74059888411 avgNanos=152386601
zil-app                 | 2026-05-05T00:18:13.671Z  INFO 1 --- [   scheduling-1] r.observability.ObservabilityService     : LAB9 Observability window=30s category=web.RentController.getRents count=1436 sumNanos=223219608713 avgNanos=155445409
zil-app                 | 2026-05-05T00:18:13.672Z  INFO 1 --- [   scheduling-1] r.observability.ObservabilityService     : LAB9 Observability window=30s category=db.rent.findAll count=1436 sumNanos=223210378728 avgNanos=155438982
zil-app                 | 2026-05-05T00:18:13.672Z  INFO 1 --- [   scheduling-1] r.observability.ObservabilityService     : LAB9 Observability window=30s category=web.CarController.getCars count=1441 sumNanos=223280200837 avgNanos=154948092
zil-app                 | 2026-05-05T00:18:13.672Z  INFO 1 --- [   scheduling-1] r.observability.ObservabilityService     : LAB9 Observability window=30s category=db.car.findAll count=1441 sumNanos=223276842414 avgNanos=154945761
zil-app                 | 2026-05-05T00:18:13.672Z  INFO 1 --- [   scheduling-1] r.observability.ObservabilityService     : LAB9 Observability window=1m category=web.RentController.getRents count=2877 sumNanos=443726537705 avgNanos=154232373
zil-app                 | 2026-05-05T00:18:13.672Z  INFO 1 --- [   scheduling-1] r.observability.ObservabilityService     : LAB9 Observability window=1m category=db.rent.findAll count=2877 sumNanos=443671473819 avgNanos=154213233
zil-app                 | 2026-05-05T00:18:13.673Z  INFO 1 --- [   scheduling-1] r.observability.ObservabilityService     : LAB9 Observability window=1m category=web.CarController.getCars count=2879 sumNanos=445182253480 avgNanos=154630862
zil-app                 | 2026-05-05T00:18:13.673Z  INFO 1 --- [   scheduling-1] r.observability.ObservabilityService     : LAB9 Observability window=1m category=db.car.findAll count=2879 sumNanos=445177562451 avgNanos=154629233
zil-app                 | 2026-05-05T00:18:18.673Z  INFO 1 --- [   scheduling-1] r.observability.ObservabilityService     : LAB9 Observability window=10s category=web.RentController.getRents count=476 sumNanos=74061562206 avgNanos=155591517
zil-app                 | 2026-05-05T00:18:18.673Z  INFO 1 --- [   scheduling-1] r.observability.ObservabilityService     : LAB9 Observability window=10s category=db.rent.findAll count=476 sumNanos=74060283941 avgNanos=155588831
zil-app                 | 2026-05-05T00:18:18.674Z  INFO 1 --- [   scheduling-1] r.observability.ObservabilityService     : LAB9 Observability window=10s category=web.CarController.getCars count=480 sumNanos=73998892417 avgNanos=154164359
zil-app                 | 2026-05-05T00:18:18.674Z  INFO 1 --- [   scheduling-1] r.observability.ObservabilityService     : LAB9 Observability window=10s category=db.car.findAll count=480 sumNanos=73997958958 avgNanos=154162414
zil-app                 | 2026-05-05T00:18:18.674Z  INFO 1 --- [   scheduling-1] r.observability.ObservabilityService     : LAB9 Observability window=30s category=web.RentController.getRents count=1441 sumNanos=223367902725 avgNanos=155008954
zil-app                 | 2026-05-05T00:18:18.674Z  INFO 1 --- [   scheduling-1] r.observability.ObservabilityService     : LAB9 Observability window=30s category=db.rent.findAll count=1441 sumNanos=223358634424 avgNanos=155002522
zil-app                 | 2026-05-05T00:18:18.674Z  INFO 1 --- [   scheduling-1] r.observability.ObservabilityService     : LAB9 Observability window=30s category=web.CarController.getCars count=1438 sumNanos=221835859906 avgNanos=154266940
zil-app                 | 2026-05-05T00:18:18.674Z  INFO 1 --- [   scheduling-1] r.observability.ObservabilityService     : LAB9 Observability window=30s category=db.car.findAll count=1438 sumNanos=221833121829 avgNanos=154265036
zil-app                 | 2026-05-05T00:18:18.674Z  INFO 1 --- [   scheduling-1] r.observability.ObservabilityService     : LAB9 Observability window=1m category=web.RentController.getRents count=2877 sumNanos=443149059501 avgNanos=154031650
zil-app                 | 2026-05-05T00:18:18.674Z  INFO 1 --- [   scheduling-1] r.observability.ObservabilityService     : LAB9 Observability window=1m category=db.rent.findAll count=2877 sumNanos=443138565287 avgNanos=154028003
zil-app                 | 2026-05-05T00:18:18.674Z  INFO 1 --- [   scheduling-1] r.observability.ObservabilityService     : LAB9 Observability window=1m category=web.CarController.getCars count=2875 sumNanos=445250690982 avgNanos=154869805
zil-app                 | 2026-05-05T00:18:18.675Z  INFO 1 --- [   scheduling-1] r.observability.ObservabilityService     : LAB9 Observability window=1m category=db.car.findAll count=2875 sumNanos=445245982154 avgNanos=154868167
zil-app                 | 2026-05-05T00:18:23.675Z  INFO 1 --- [   scheduling-1] r.observability.ObservabilityService     : LAB9 Observability window=10s category=web.RentController.getRents count=476 sumNanos=74724896682 avgNanos=156985077
zil-app                 | 2026-05-05T00:18:23.675Z  INFO 1 --- [   scheduling-1] r.observability.ObservabilityService     : LAB9 Observability window=10s category=db.rent.findAll count=476 sumNanos=74724526849 avgNanos=156984300
zil-app                 | 2026-05-05T00:18:23.675Z  INFO 1 --- [   scheduling-1] r.observability.ObservabilityService     : LAB9 Observability window=10s category=web.CarController.getCars count=475 sumNanos=74201996976 avgNanos=156214730
zil-app                 | 2026-05-05T00:18:23.675Z  INFO 1 --- [   scheduling-1] r.observability.ObservabilityService     : LAB9 Observability window=10s category=db.car.findAll count=475 sumNanos=74201613980 avgNanos=156213924
zil-app                 | 2026-05-05T00:18:23.675Z  INFO 1 --- [   scheduling-1] r.observability.ObservabilityService     : LAB9 Observability window=30s category=web.RentController.getRents count=1437 sumNanos=224298847347 avgNanos=156088272
zil-app                 | 2026-05-05T00:18:23.676Z  INFO 1 --- [   scheduling-1] r.observability.ObservabilityService     : LAB9 Observability window=30s category=db.rent.findAll count=1437 sumNanos=224296869467 avgNanos=156086895
zil-app                 | 2026-05-05T00:18:23.676Z  INFO 1 --- [   scheduling-1] r.observability.ObservabilityService     : LAB9 Observability window=30s category=web.CarController.getCars count=1437 sumNanos=221871467137 avgNanos=154399072
zil-app                 | 2026-05-05T00:18:23.676Z  INFO 1 --- [   scheduling-1] r.observability.ObservabilityService     : LAB9 Observability window=30s category=db.car.findAll count=1437 sumNanos=221868677663 avgNanos=154397131
zil-app                 | 2026-05-05T00:18:23.676Z  INFO 1 --- [   scheduling-1] r.observability.ObservabilityService     : LAB9 Observability window=1m category=web.RentController.getRents count=2872 sumNanos=444909019692 avgNanos=154912611
zil-app                 | 2026-05-05T00:18:23.676Z  INFO 1 --- [   scheduling-1] r.observability.ObservabilityService     : LAB9 Observability window=1m category=db.rent.findAll count=2872 sumNanos=444898525695 avgNanos=154908957
zil-app                 | 2026-05-05T00:18:23.676Z  INFO 1 --- [   scheduling-1] r.observability.ObservabilityService     : LAB9 Observability window=1m category=web.CarController.getCars count=2876 sumNanos=447255524435 avgNanos=155513047
zil-app                 | 2026-05-05T00:18:23.676Z  INFO 1 --- [   scheduling-1] r.observability.ObservabilityService     : LAB9 Observability window=1m category=db.car.findAll count=2876 sumNanos=447250759433 avgNanos=155511390
zil-app                 | 2026-05-05T00:18:28.677Z  INFO 1 --- [   scheduling-1] r.observability.ObservabilityService     : LAB9 Observability window=10s category=web.RentController.getRents count=482 sumNanos=75168904370 avgNanos=155952083
zil-app                 | 2026-05-05T00:18:28.677Z  INFO 1 --- [   scheduling-1] r.observability.ObservabilityService     : LAB9 Observability window=10s category=db.rent.findAll count=482 sumNanos=75168569146 avgNanos=155951388
zil-app                 | 2026-05-05T00:18:28.677Z  INFO 1 --- [   scheduling-1] r.observability.ObservabilityService     : LAB9 Observability window=10s category=web.CarController.getCars count=484 sumNanos=74852157293 avgNanos=154653217
zil-app                 | 2026-05-05T00:18:28.677Z  INFO 1 --- [   scheduling-1] r.observability.ObservabilityService     : LAB9 Observability window=10s category=db.car.findAll count=484 sumNanos=74851692065 avgNanos=154652256
zil-app                 | 2026-05-05T00:18:28.677Z  INFO 1 --- [   scheduling-1] r.observability.ObservabilityService     : LAB9 Observability window=30s category=web.RentController.getRents count=1435 sumNanos=224533902972 avgNanos=156469618
zil-app                 | 2026-05-05T00:18:28.677Z  INFO 1 --- [   scheduling-1] r.observability.ObservabilityService     : LAB9 Observability window=30s category=db.rent.findAll count=1435 sumNanos=224531938133 avgNanos=156468249
zil-app                 | 2026-05-05T00:18:28.677Z  INFO 1 --- [   scheduling-1] r.observability.ObservabilityService     : LAB9 Observability window=30s category=web.CarController.getCars count=1440 sumNanos=223511387827 avgNanos=155216241
zil-app                 | 2026-05-05T00:18:28.677Z  INFO 1 --- [   scheduling-1] r.observability.ObservabilityService     : LAB9 Observability window=30s category=db.car.findAll count=1440 sumNanos=223509660881 avgNanos=155215042
zil-app                 | 2026-05-05T00:18:28.677Z  INFO 1 --- [   scheduling-1] r.observability.ObservabilityService     : LAB9 Observability window=1m category=web.RentController.getRents count=2877 sumNanos=445929200038 avgNanos=154997984
zil-app                 | 2026-05-05T00:18:28.677Z  INFO 1 --- [   scheduling-1] r.observability.ObservabilityService     : LAB9 Observability window=1m category=db.rent.findAll count=2877 sumNanos=445918689231 avgNanos=154994330
zil-app                 | 2026-05-05T00:18:28.677Z  INFO 1 --- [   scheduling-1] r.observability.ObservabilityService     : LAB9 Observability window=1m category=web.CarController.getCars count=2877 sumNanos=446692128487 avgNanos=155263165
zil-app                 | 2026-05-05T00:18:28.677Z  INFO 1 --- [   scheduling-1] r.observability.ObservabilityService     : LAB9 Observability window=1m category=db.car.findAll count=2877 sumNanos=446687288055 avgNanos=155261483
zil-app                 | 2026-05-05T00:18:33.684Z  INFO 1 --- [   scheduling-1] r.observability.ObservabilityService     : LAB9 Observability window=10s category=web.RentController.getRents count=483 sumNanos=75814770867 avgNanos=156966399
zil-app                 | 2026-05-05T00:18:33.688Z  INFO 1 --- [   scheduling-1] r.observability.ObservabilityService     : LAB9 Observability window=10s category=db.rent.findAll count=483 sumNanos=75814443692 avgNanos=156965721
zil-app                 | 2026-05-05T00:18:33.689Z  INFO 1 --- [   scheduling-1] r.observability.ObservabilityService     : LAB9 Observability window=10s category=web.CarController.getCars count=481 sumNanos=75013095371 avgNanos=155952381
zil-app                 | 2026-05-05T00:18:33.690Z  INFO 1 --- [   scheduling-1] r.observability.ObservabilityService     : LAB9 Observability window=10s category=db.car.findAll count=481 sumNanos=75012627407 avgNanos=155951408
zil-app                 | 2026-05-05T00:18:33.702Z  INFO 1 --- [   scheduling-1] r.observability.ObservabilityService     : LAB9 Observability window=30s category=web.RentController.getRents count=1443 sumNanos=225373747151 avgNanos=156184162
zil-app                 | 2026-05-05T00:18:33.702Z  INFO 1 --- [   scheduling-1] r.observability.ObservabilityService     : LAB9 Observability window=30s category=db.rent.findAll count=1443 sumNanos=225371793336 avgNanos=156182808
zil-app                 | 2026-05-05T00:18:33.702Z  INFO 1 --- [   scheduling-1] r.observability.ObservabilityService     : LAB9 Observability window=30s category=web.CarController.getCars count=1442 sumNanos=223275910398 avgNanos=154837663
zil-app                 | 2026-05-05T00:18:33.702Z  INFO 1 --- [   scheduling-1] r.observability.ObservabilityService     : LAB9 Observability window=30s category=db.car.findAll count=1442 sumNanos=223274129798 avgNanos=154836428
zil-app                 | 2026-05-05T00:18:33.702Z  INFO 1 --- [   scheduling-1] r.observability.ObservabilityService     : LAB9 Observability window=1m category=web.RentController.getRents count=2882 sumNanos=447187935862 avgNanos=155165834
zil-app                 | 2026-05-05T00:18:33.702Z  INFO 1 --- [   scheduling-1] r.observability.ObservabilityService     : LAB9 Observability window=1m category=db.rent.findAll count=2882 sumNanos=447177642637 avgNanos=155162263
zil-app                 | 2026-05-05T00:18:33.702Z  INFO 1 --- [   scheduling-1] r.observability.ObservabilityService     : LAB9 Observability window=1m category=web.CarController.getCars count=2880 sumNanos=447326251666 avgNanos=155321615
zil-app                 | 2026-05-05T00:18:33.702Z  INFO 1 --- [   scheduling-1] r.observability.ObservabilityService     : LAB9 Observability window=1m category=db.car.findAll count=2880 sumNanos=447321678330 avgNanos=155320027
zil-app                 | 2026-05-05T00:18:38.703Z  INFO 1 --- [   scheduling-1] r.observability.ObservabilityService     : LAB9 Observability window=10s category=web.RentController.getRents count=400 sumNanos=79114081621 avgNanos=197785204
zil-app                 | 2026-05-05T00:18:38.703Z  INFO 1 --- [   scheduling-1] r.observability.ObservabilityService     : LAB9 Observability window=10s category=db.rent.findAll count=400 sumNanos=79113796688 avgNanos=197784491
zil-app                 | 2026-05-05T00:18:38.703Z  INFO 1 --- [   scheduling-1] r.observability.ObservabilityService     : LAB9 Observability window=10s category=web.CarController.getCars count=397 sumNanos=76996217204 avgNanos=193945131
zil-app                 | 2026-05-05T00:18:38.703Z  INFO 1 --- [   scheduling-1] r.observability.ObservabilityService     : LAB9 Observability window=10s category=db.car.findAll count=397 sumNanos=76995897897 avgNanos=193944327
zil-app                 | 2026-05-05T00:18:38.703Z  INFO 1 --- [   scheduling-1] r.observability.ObservabilityService     : LAB9 Observability window=30s category=web.RentController.getRents count=1359 sumNanos=228478283524 avgNanos=168122357
zil-app                 | 2026-05-05T00:18:38.704Z  INFO 1 --- [   scheduling-1] r.observability.ObservabilityService     : LAB9 Observability window=30s category=db.rent.findAll count=1359 sumNanos=228476384354 avgNanos=168120959
zil-app                 | 2026-05-05T00:18:38.704Z  INFO 1 --- [   scheduling-1] r.observability.ObservabilityService     : LAB9 Observability window=30s category=web.CarController.getCars count=1361 sumNanos=225956957849 avgNanos=166022746
zil-app                 | 2026-05-05T00:18:38.705Z  INFO 1 --- [   scheduling-1] r.observability.ObservabilityService     : LAB9 Observability window=30s category=db.car.findAll count=1361 sumNanos=225955229193 avgNanos=166021476
zil-app                 | 2026-05-05T00:18:38.705Z  INFO 1 --- [   scheduling-1] r.observability.ObservabilityService     : LAB9 Observability window=1m category=web.RentController.getRents count=2796 sumNanos=451430956019 avgNanos=161455992
zil-app                 | 2026-05-05T00:18:38.705Z  INFO 1 --- [   scheduling-1] r.observability.ObservabilityService     : LAB9 Observability window=1m category=db.rent.findAll count=2796 sumNanos=451420716854 avgNanos=161452330
zil-app                 | 2026-05-05T00:18:38.705Z  INFO 1 --- [   scheduling-1] r.observability.ObservabilityService     : LAB9 Observability window=1m category=web.CarController.getCars count=2796 sumNanos=449245434666 avgNanos=160674332
zil-app                 | 2026-05-05T00:18:38.705Z  INFO 1 --- [   scheduling-1] r.observability.ObservabilityService     : LAB9 Observability window=1m category=db.car.findAll count=2796 sumNanos=449240945513 avgNanos=160672727
zil-app                 | 2026-05-05T00:18:43.707Z  INFO 1 --- [   scheduling-1] r.observability.ObservabilityService     : LAB9 Observability window=10s category=web.RentController.getRents count=363 sumNanos=80084334336 avgNanos=220618000
zil-app                 | 2026-05-05T00:18:43.707Z  INFO 1 --- [   scheduling-1] r.observability.ObservabilityService     : LAB9 Observability window=10s category=db.rent.findAll count=363 sumNanos=80084076742 avgNanos=220617291
zil-app                 | 2026-05-05T00:18:43.707Z  INFO 1 --- [   scheduling-1] r.observability.ObservabilityService     : LAB9 Observability window=10s category=web.CarController.getCars count=366 sumNanos=79926487827 avgNanos=218378382
zil-app                 | 2026-05-05T00:18:43.707Z  INFO 1 --- [   scheduling-1] r.observability.ObservabilityService     : LAB9 Observability window=10s category=db.car.findAll count=366 sumNanos=79925732080 avgNanos=218376317
zil-app                 | 2026-05-05T00:18:43.707Z  INFO 1 --- [   scheduling-1] r.observability.ObservabilityService     : LAB9 Observability window=30s category=web.RentController.getRents count=1325 sumNanos=231186161519 avgNanos=174480121
zil-app                 | 2026-05-05T00:18:43.707Z  INFO 1 --- [   scheduling-1] r.observability.ObservabilityService     : LAB9 Observability window=30s category=db.rent.findAll count=1325 sumNanos=231185205167 avgNanos=174479400
zil-app                 | 2026-05-05T00:18:43.707Z  INFO 1 --- [   scheduling-1] r.observability.ObservabilityService     : LAB9 Observability window=30s category=web.CarController.getCars count=1321 sumNanos=228992400838 avgNanos=173347767
zil-app                 | 2026-05-05T00:18:43.707Z  INFO 1 --- [   scheduling-1] r.observability.ObservabilityService     : LAB9 Observability window=30s category=db.car.findAll count=1321 sumNanos=228990794707 avgNanos=173346551
zil-app                 | 2026-05-05T00:18:43.707Z  INFO 1 --- [   scheduling-1] r.observability.ObservabilityService     : LAB9 Observability window=1m category=web.RentController.getRents count=2761 sumNanos=454466131613 avgNanos=164602003
zil-app                 | 2026-05-05T00:18:43.707Z  INFO 1 --- [   scheduling-1] r.observability.ObservabilityService     : LAB9 Observability window=1m category=db.rent.findAll count=2761 sumNanos=454455945507 avgNanos=164598314
zil-app                 | 2026-05-05T00:18:43.707Z  INFO 1 --- [   scheduling-1] r.observability.ObservabilityService     : LAB9 Observability window=1m category=web.CarController.getCars count=2760 sumNanos=452037605195 avgNanos=163781741
zil-app                 | 2026-05-05T00:18:43.707Z  INFO 1 --- [   scheduling-1] r.observability.ObservabilityService     : LAB9 Observability window=1m category=db.car.findAll count=2760 sumNanos=452032642080 avgNanos=163779942
zil-app                 | 2026-05-05T00:18:48.708Z  INFO 1 --- [   scheduling-1] r.observability.ObservabilityService     : LAB9 Observability window=10s category=web.RentController.getRents count=423 sumNanos=75981295128 avgNanos=179624811
zil-app                 | 2026-05-05T00:18:48.709Z  INFO 1 --- [   scheduling-1] r.observability.ObservabilityService     : LAB9 Observability window=10s category=db.rent.findAll count=423 sumNanos=75980979364 avgNanos=179624064
zil-app                 | 2026-05-05T00:18:48.709Z  INFO 1 --- [   scheduling-1] r.observability.ObservabilityService     : LAB9 Observability window=10s category=web.CarController.getCars count=415 sumNanos=76082325670 avgNanos=183330905
zil-app                 | 2026-05-05T00:18:48.709Z  INFO 1 --- [   scheduling-1] r.observability.ObservabilityService     : LAB9 Observability window=10s category=db.car.findAll count=415 sumNanos=76081545414 avgNanos=183329025
zil-app                 | 2026-05-05T00:18:48.709Z  INFO 1 --- [   scheduling-1] r.observability.ObservabilityService     : LAB9 Observability window=30s category=web.RentController.getRents count=1303 sumNanos=229903556142 avgNanos=176441716
zil-app                 | 2026-05-05T00:18:48.709Z  INFO 1 --- [   scheduling-1] r.observability.ObservabilityService     : LAB9 Observability window=30s category=db.rent.findAll count=1303 sumNanos=229902621632 avgNanos=176440998
zil-app                 | 2026-05-05T00:18:48.709Z  INFO 1 --- [   scheduling-1] r.observability.ObservabilityService     : LAB9 Observability window=30s category=web.CarController.getCars count=1296 sumNanos=227883835090 avgNanos=175836292
zil-app                 | 2026-05-05T00:18:48.709Z  INFO 1 --- [   scheduling-1] r.observability.ObservabilityService     : LAB9 Observability window=30s category=db.car.findAll count=1296 sumNanos=227882259722 avgNanos=175835076
zil-app                 | 2026-05-05T00:18:48.709Z  INFO 1 --- [   scheduling-1] r.observability.ObservabilityService     : LAB9 Observability window=1m category=web.RentController.getRents count=2745 sumNanos=453453714375 avgNanos=165192609
zil-app                 | 2026-05-05T00:18:48.709Z  INFO 1 --- [   scheduling-1] r.observability.ObservabilityService     : LAB9 Observability window=1m category=db.rent.findAll count=2745 sumNanos=453443510784 avgNanos=165188892
zil-app                 | 2026-05-05T00:18:48.709Z  INFO 1 --- [   scheduling-1] r.observability.ObservabilityService     : LAB9 Observability window=1m category=web.CarController.getCars count=2735 sumNanos=449931817391 avgNanos=164508891
zil-additional-service  | 2026-05-05T00:16:14.099Z  INFO 1 --- [zil-additional-service] [   scheduling-1] r.a.observability.ObservabilityService   : LAB9 Observability window=10s category=http.main.rents count=461 sumNanos=79533913855 avgNanos=172524758
zil-additional-service  | 2026-05-05T00:16:14.099Z  INFO 1 --- [zil-additional-service] [   scheduling-1] r.a.observability.ObservabilityService   : LAB9 Observability window=10s category=http.main.cars count=465 sumNanos=77594466802 avgNanos=166869821
zil-additional-service  | 2026-05-05T00:16:14.099Z  INFO 1 --- [zil-additional-service] [   scheduling-1] r.a.observability.ObservabilityService   : LAB9 Observability window=10s category=web.additional.availability_new count=227 sumNanos=79048534156 avgNanos=348231428
zil-additional-service  | 2026-05-05T00:16:14.099Z  INFO 1 --- [zil-additional-service] [   scheduling-1] r.a.observability.ObservabilityService   : LAB9 Observability window=10s category=additional.statsComputation.availability.allCitiesAllDates count=227 sumNanos=33826514 avgNanos=149015
zil-additional-service  | 2026-05-05T00:16:14.099Z  INFO 1 --- [zil-additional-service] [   scheduling-1] r.a.observability.ObservabilityService   : LAB9 Observability window=30s category=additional.statsComputation.stats count=583 sumNanos=1189683 avgNanos=2040
zil-app                 | 2026-05-05T00:18:48.709Z  INFO 1 --- [   scheduling-1] r.observability.ObservabilityService     : LAB9 Observability window=1m category=db.car.findAll count=2735 sumNanos=449927503218 avgNanos=164507313
zil-app                 | 2026-05-05T00:18:53.710Z  INFO 1 --- [   scheduling-1] r.observability.ObservabilityService     : LAB9 Observability window=10s category=web.RentController.getRents count=218 sumNanos=36491849412 avgNanos=167393804
zil-app                 | 2026-05-05T00:18:53.710Z  INFO 1 --- [   scheduling-1] r.observability.ObservabilityService     : LAB9 Observability window=10s category=db.rent.findAll count=218 sumNanos=36491670372 avgNanos=167392983
zil-app                 | 2026-05-05T00:18:53.710Z  INFO 1 --- [   scheduling-1] r.observability.ObservabilityService     : LAB9 Observability window=10s category=web.CarController.getCars count=210 sumNanos=35846498813 avgNanos=170697613
zil-app                 | 2026-05-05T00:18:53.710Z  INFO 1 --- [   scheduling-1] r.observability.ObservabilityService     : LAB9 Observability window=10s category=db.car.findAll count=210 sumNanos=35846352082 avgNanos=170696914
zil-app                 | 2026-05-05T00:18:53.711Z  INFO 1 --- [   scheduling-1] r.observability.ObservabilityService     : LAB9 Observability window=30s category=web.RentController.getRents count=1065 sumNanos=192568853517 avgNanos=180815824
zil-app                 | 2026-05-05T00:18:53.711Z  INFO 1 --- [   scheduling-1] r.observability.ObservabilityService     : LAB9 Observability window=30s category=db.rent.findAll count=1065 sumNanos=192568089005 avgNanos=180815107
zil-app                 | 2026-05-05T00:18:53.711Z  INFO 1 --- [   scheduling-1] r.observability.ObservabilityService     : LAB9 Observability window=30s category=web.CarController.getCars count=1055 sumNanos=190507832126 avgNanos=180576144
zil-app                 | 2026-05-05T00:18:53.711Z  INFO 1 --- [   scheduling-1] r.observability.ObservabilityService     : LAB9 Observability window=30s category=db.car.findAll count=1055 sumNanos=190506462829 avgNanos=180574846
zil-app                 | 2026-05-05T00:18:53.711Z  INFO 1 --- [   scheduling-1] r.observability.ObservabilityService     : LAB9 Observability window=1m category=web.RentController.getRents count=2501 sumNanos=416734234074 avgNanos=166627042
zil-app                 | 2026-05-05T00:18:53.711Z  INFO 1 --- [   scheduling-1] r.observability.ObservabilityService     : LAB9 Observability window=1m category=db.rent.findAll count=2501 sumNanos=416731492411 avgNanos=166625946
zil-app                 | 2026-05-05T00:18:53.711Z  INFO 1 --- [   scheduling-1] r.observability.ObservabilityService     : LAB9 Observability window=1m category=web.CarController.getCars count=2493 sumNanos=412472969824 avgNanos=165452454
zil-app                 | 2026-05-05T00:18:53.711Z  INFO 1 --- [   scheduling-1] r.observability.ObservabilityService     : LAB9 Observability window=1m category=db.car.findAll count=2493 sumNanos=412468810719 avgNanos=165450786
zil-app                 | 2026-05-05T00:18:58.712Z  INFO 1 --- [   scheduling-1] r.observability.ObservabilityService     : LAB9 Observability window=10s category=web.RentController.getRents count=227 sumNanos=36634403759 avgNanos=161385038
zil-app                 | 2026-05-05T00:18:58.712Z  INFO 1 --- [   scheduling-1] r.observability.ObservabilityService     : LAB9 Observability window=10s category=db.rent.findAll count=227 sumNanos=36634246734 avgNanos=161384346
zil-app                 | 2026-05-05T00:18:58.712Z  INFO 1 --- [   scheduling-1] r.observability.ObservabilityService     : LAB9 Observability window=10s category=web.CarController.getCars count=234 sumNanos=39863833185 avgNanos=170358261
zil-app                 | 2026-05-05T00:18:58.712Z  INFO 1 --- [   scheduling-1] r.observability.ObservabilityService     : LAB9 Observability window=10s category=db.car.findAll count=234 sumNanos=39863673182 avgNanos=170357577
zil-app                 | 2026-05-05T00:18:58.712Z  INFO 1 --- [   scheduling-1] r.observability.ObservabilityService     : LAB9 Observability window=30s category=web.RentController.getRents count=1049 sumNanos=191591278047 avgNanos=182641828
zil-app                 | 2026-05-05T00:18:58.713Z  INFO 1 --- [   scheduling-1] r.observability.ObservabilityService     : LAB9 Observability window=30s category=db.rent.findAll count=1049 sumNanos=191590521053 avgNanos=182641106
zil-app                 | 2026-05-05T00:18:58.713Z  INFO 1 --- [   scheduling-1] r.observability.ObservabilityService     : LAB9 Observability window=30s category=web.CarController.getCars count=1046 sumNanos=192942376059 avgNanos=184457338
zil-app                 | 2026-05-05T00:18:58.713Z  INFO 1 --- [   scheduling-1] r.observability.ObservabilityService     : LAB9 Observability window=30s category=db.car.findAll count=1046 sumNanos=192941116493 avgNanos=184456134
zil-app                 | 2026-05-05T00:18:58.713Z  INFO 1 --- [   scheduling-1] r.observability.ObservabilityService     : LAB9 Observability window=1m category=web.RentController.getRents count=2486 sumNanos=416397418807 avgNanos=167496950
zil-app                 | 2026-05-05T00:18:58.713Z  INFO 1 --- [   scheduling-1] r.observability.ObservabilityService     : LAB9 Observability window=1m category=db.rent.findAll count=2486 sumNanos=416394695498 avgNanos=167495854
zil-app                 | 2026-05-05T00:18:58.713Z  INFO 1 --- [   scheduling-1] r.observability.ObservabilityService     : LAB9 Observability window=1m category=web.CarController.getCars count=2485 sumNanos=416336064928 avgNanos=167539663
zil-app                 | 2026-05-05T00:18:58.713Z  INFO 1 --- [   scheduling-1] r.observability.ObservabilityService     : LAB9 Observability window=1m category=db.car.findAll count=2485 sumNanos=416333068450 avgNanos=167538458
zil-app                 | 2026-05-05T00:19:03.714Z  INFO 1 --- [   scheduling-1] r.observability.ObservabilityService     : LAB9 Observability window=10s category=web.RentController.getRents count=450 sumNanos=74371365821 avgNanos=165269701
zil-app                 | 2026-05-05T00:19:03.714Z  INFO 1 --- [   scheduling-1] r.observability.ObservabilityService     : LAB9 Observability window=10s category=db.rent.findAll count=450 sumNanos=74371052006 avgNanos=165269004
zil-app                 | 2026-05-05T00:19:03.714Z  INFO 1 --- [   scheduling-1] r.observability.ObservabilityService     : LAB9 Observability window=10s category=web.CarController.getCars count=457 sumNanos=79209538239 avgNanos=173325028
zil-app                 | 2026-05-05T00:19:03.714Z  INFO 1 --- [   scheduling-1] r.observability.ObservabilityService     : LAB9 Observability window=10s category=db.car.findAll count=457 sumNanos=79209219523 avgNanos=173324331
zil-app                 | 2026-05-05T00:19:03.718Z  INFO 1 --- [   scheduling-1] r.observability.ObservabilityService     : LAB9 Observability window=30s category=web.RentController.getRents count=1031 sumNanos=190947549569 avgNanos=185206158
zil-app                 | 2026-05-05T00:19:03.718Z  INFO 1 --- [   scheduling-1] r.observability.ObservabilityService     : LAB9 Observability window=30s category=db.rent.findAll count=1031 sumNanos=190946799120 avgNanos=185205430
zil-app                 | 2026-05-05T00:19:03.718Z  INFO 1 --- [   scheduling-1] r.observability.ObservabilityService     : LAB9 Observability window=30s category=web.CarController.getCars count=1034 sumNanos=195156130640 avgNanos=188739004
zil-app                 | 2026-05-05T00:19:03.718Z  INFO 1 --- [   scheduling-1] r.observability.ObservabilityService     : LAB9 Observability window=30s category=db.car.findAll count=1034 sumNanos=195154908780 avgNanos=188737822
zil-app                 | 2026-05-05T00:19:03.718Z  INFO 1 --- [   scheduling-1] r.observability.ObservabilityService     : LAB9 Observability window=1m category=web.RentController.getRents count=2474 sumNanos=416373801840 avgNanos=168299839
zil-app                 | 2026-05-05T00:19:03.718Z  INFO 1 --- [   scheduling-1] r.observability.ObservabilityService     : LAB9 Observability window=1m category=db.rent.findAll count=2474 sumNanos=416371097682 avgNanos=168298746
zil-app                 | 2026-05-05T00:19:03.718Z  INFO 1 --- [   scheduling-1] r.observability.ObservabilityService     : LAB9 Observability window=1m category=web.CarController.getCars count=2475 sumNanos=418256623229 avgNanos=168992575
zil-app                 | 2026-05-05T00:19:03.718Z  INFO 1 --- [   scheduling-1] r.observability.ObservabilityService     : LAB9 Observability window=1m category=db.car.findAll count=2475 sumNanos=418253621378 avgNanos=168991362
zil-app                 | 2026-05-05T00:19:08.719Z  INFO 1 --- [   scheduling-1] r.observability.ObservabilityService     : LAB9 Observability window=10s category=web.RentController.getRents count=456 sumNanos=76074871220 avgNanos=166830857
zil-app                 | 2026-05-05T00:19:08.719Z  INFO 1 --- [   scheduling-1] r.observability.ObservabilityService     : LAB9 Observability window=10s category=db.rent.findAll count=456 sumNanos=76074545487 avgNanos=166830143
zil-app                 | 2026-05-05T00:19:08.719Z  INFO 1 --- [   scheduling-1] r.observability.ObservabilityService     : LAB9 Observability window=10s category=web.CarController.getCars count=453 sumNanos=76787978822 avgNanos=169509887
zil-app                 | 2026-05-05T00:19:08.719Z  INFO 1 --- [   scheduling-1] r.observability.ObservabilityService     : LAB9 Observability window=10s category=db.car.findAll count=453 sumNanos=76787670458 avgNanos=169509206
zil-app                 | 2026-05-05T00:19:08.719Z  INFO 1 --- [   scheduling-1] r.observability.ObservabilityService     : LAB9 Observability window=30s category=web.RentController.getRents count=1106 sumNanos=188690570107 avgNanos=170606302
zil-app                 | 2026-05-05T00:19:08.719Z  INFO 1 --- [   scheduling-1] r.observability.ObservabilityService     : LAB9 Observability window=30s category=db.rent.findAll count=1106 sumNanos=188689771585 avgNanos=170605580
zil-app                 | 2026-05-05T00:19:08.719Z  INFO 1 --- [   scheduling-1] r.observability.ObservabilityService     : LAB9 Observability window=30s category=web.CarController.getCars count=1104 sumNanos=193087390462 avgNanos=174897998
zil-app                 | 2026-05-05T00:19:08.719Z  INFO 1 --- [   scheduling-1] r.observability.ObservabilityService     : LAB9 Observability window=30s category=db.car.findAll count=1104 sumNanos=193086140540 avgNanos=174896866
zil-app                 | 2026-05-05T00:19:08.720Z  INFO 1 --- [   scheduling-1] r.observability.ObservabilityService     : LAB9 Observability window=1m category=web.RentController.getRents count=2463 sumNanos=416965229166 avgNanos=169291607
zil-app                 | 2026-05-05T00:19:08.720Z  INFO 1 --- [   scheduling-1] r.observability.ObservabilityService     : LAB9 Observability window=1m category=db.rent.findAll count=2463 sumNanos=416962532895 avgNanos=169290512
zil-app                 | 2026-05-05T00:19:08.720Z  INFO 1 --- [   scheduling-1] r.observability.ObservabilityService     : LAB9 Observability window=1m category=web.CarController.getCars count=2463 sumNanos=418722314415 avgNanos=170004999
zil-app                 | 2026-05-05T00:19:08.720Z  INFO 1 --- [   scheduling-1] r.observability.ObservabilityService     : LAB9 Observability window=1m category=db.car.findAll count=2463 sumNanos=418719337170 avgNanos=170003790
zil-app                 | 2026-05-05T00:19:13.722Z  INFO 1 --- [   scheduling-1] r.observability.ObservabilityService     : LAB9 Observability window=10s category=web.RentController.getRents count=464 sumNanos=75825834067 avgNanos=163417745
zil-app                 | 2026-05-05T00:19:13.723Z  INFO 1 --- [   scheduling-1] r.observability.ObservabilityService     : LAB9 Observability window=10s category=db.rent.findAll count=464 sumNanos=75825509803 avgNanos=163417046
zil-app                 | 2026-05-05T00:19:13.723Z  INFO 1 --- [   scheduling-1] r.observability.ObservabilityService     : LAB9 Observability window=10s category=web.CarController.getCars count=465 sumNanos=74692141840 avgNanos=160628262
zil-app                 | 2026-05-05T00:19:13.724Z  INFO 1 --- [   scheduling-1] r.observability.ObservabilityService     : LAB9 Observability window=10s category=db.car.findAll count=465 sumNanos=74691460036 avgNanos=160626795
zil-app                 | 2026-05-05T00:19:13.724Z  INFO 1 --- [   scheduling-1] r.observability.ObservabilityService     : LAB9 Observability window=30s category=web.RentController.getRents count=1129 sumNanos=186133667373 avgNanos=164865958
zil-app                 | 2026-05-05T00:19:13.724Z  INFO 1 --- [   scheduling-1] r.observability.ObservabilityService     : LAB9 Observability window=30s category=db.rent.findAll count=1129 sumNanos=186132852110 avgNanos=164865236
zil-app                 | 2026-05-05T00:19:13.724Z  INFO 1 --- [   scheduling-1] r.observability.ObservabilityService     : LAB9 Observability window=30s category=web.CarController.getCars count=1133 sumNanos=189921784653 avgNanos=167627347
zil-app                 | 2026-05-05T00:19:13.724Z  INFO 1 --- [   scheduling-1] r.observability.ObservabilityService     : LAB9 Observability window=30s category=db.car.findAll count=1133 sumNanos=189920636736 avgNanos=167626334
zil-app                 | 2026-05-05T00:19:13.724Z  INFO 1 --- [   scheduling-1] r.observability.ObservabilityService     : LAB9 Observability window=1m category=web.RentController.getRents count=2457 sumNanos=417875210819 avgNanos=170075380
zil-app                 | 2026-05-05T00:19:13.724Z  INFO 1 --- [   scheduling-1] r.observability.ObservabilityService     : LAB9 Observability window=1m category=db.rent.findAll count=2457 sumNanos=417873437348 avgNanos=170074659
zil-app                 | 2026-05-05T00:19:13.724Z  INFO 1 --- [   scheduling-1] r.observability.ObservabilityService     : LAB9 Observability window=1m category=web.CarController.getCars count=2454 sumNanos=418914185491 avgNanos=170706677
zil-app                 | 2026-05-05T00:19:13.724Z  INFO 1 --- [   scheduling-1] r.observability.ObservabilityService     : LAB9 Observability window=1m category=db.car.findAll count=2454 sumNanos=418911431443 avgNanos=170705554
zil-app                 | 2026-05-05T00:19:18.725Z  INFO 1 --- [   scheduling-1] r.observability.ObservabilityService     : LAB9 Observability window=10s category=web.RentController.getRents count=454 sumNanos=74776773322 avgNanos=164706549
zil-app                 | 2026-05-05T00:19:18.725Z  INFO 1 --- [   scheduling-1] r.observability.ObservabilityService     : LAB9 Observability window=10s category=db.rent.findAll count=454 sumNanos=74775890234 avgNanos=164704604
zil-app                 | 2026-05-05T00:19:18.725Z  INFO 1 --- [   scheduling-1] r.observability.ObservabilityService     : LAB9 Observability window=10s category=web.CarController.getCars count=457 sumNanos=75504880518 avgNanos=165218556
zil-app                 | 2026-05-05T00:19:18.725Z  INFO 1 --- [   scheduling-1] r.observability.ObservabilityService     : LAB9 Observability window=10s category=db.car.findAll count=457 sumNanos=75504205421 avgNanos=165217079
zil-app                 | 2026-05-05T00:19:18.726Z  INFO 1 --- [   scheduling-1] r.observability.ObservabilityService     : LAB9 Observability window=30s category=web.RentController.getRents count=1137 sumNanos=187486048301 avgNanos=164895381
zil-app                 | 2026-05-05T00:19:18.726Z  INFO 1 --- [   scheduling-1] r.observability.ObservabilityService     : LAB9 Observability window=30s category=db.rent.findAll count=1137 sumNanos=187484682455 avgNanos=164894179
zil-app                 | 2026-05-05T00:19:18.726Z  INFO 1 --- [   scheduling-1] r.observability.ObservabilityService     : LAB9 Observability window=30s category=web.CarController.getCars count=1146 sumNanos=192509945310 avgNanos=167984245
zil-app                 | 2026-05-05T00:19:18.726Z  INFO 1 --- [   scheduling-1] r.observability.ObservabilityService     : LAB9 Observability window=30s category=db.car.findAll count=1146 sumNanos=192508800547 avgNanos=167983246
zil-app                 | 2026-05-05T00:19:18.726Z  INFO 1 --- [   scheduling-1] r.observability.ObservabilityService     : LAB9 Observability window=1m category=web.RentController.getRents count=2438 sumNanos=417026055093 avgNanos=171052524
zil-app                 | 2026-05-05T00:19:18.727Z  INFO 1 --- [   scheduling-1] r.observability.ObservabilityService     : LAB9 Observability window=1m category=db.rent.findAll count=2438 sumNanos=417023755964 avgNanos=171051581
zil-app                 | 2026-05-05T00:19:18.727Z  INFO 1 --- [   scheduling-1] r.observability.ObservabilityService     : LAB9 Observability window=1m category=web.CarController.getCars count=2441 sumNanos=420247877109 avgNanos=172162178
zil-app                 | 2026-05-05T00:19:18.727Z  INFO 1 --- [   scheduling-1] r.observability.ObservabilityService     : LAB9 Observability window=1m category=db.car.findAll count=2441 sumNanos=420245157670 avgNanos=172161064
zil-app                 | 2026-05-05T00:19:23.727Z  INFO 1 --- [   scheduling-1] r.observability.ObservabilityService     : LAB9 Observability window=10s category=web.RentController.getRents count=457 sumNanos=74905054626 avgNanos=163906027
zil-app                 | 2026-05-05T00:19:23.727Z  INFO 1 --- [   scheduling-1] r.observability.ObservabilityService     : LAB9 Observability window=10s category=db.rent.findAll count=457 sumNanos=74904167255 avgNanos=163904085
zil-app                 | 2026-05-05T00:19:23.727Z  INFO 1 --- [   scheduling-1] r.observability.ObservabilityService     : LAB9 Observability window=10s category=web.CarController.getCars count=453 sumNanos=75723183673 avgNanos=167159345
zil-app                 | 2026-05-05T00:19:23.727Z  INFO 1 --- [   scheduling-1] r.observability.ObservabilityService     : LAB9 Observability window=10s category=db.car.findAll count=453 sumNanos=75722896362 avgNanos=167158711
zil-app                 | 2026-05-05T00:19:23.728Z  INFO 1 --- [   scheduling-1] r.observability.ObservabilityService     : LAB9 Observability window=30s category=web.RentController.getRents count=1371 sumNanos=225102254514 avgNanos=164188369
zil-app                 | 2026-05-05T00:19:23.728Z  INFO 1 --- [   scheduling-1] r.observability.ObservabilityService     : LAB9 Observability window=30s category=db.rent.findAll count=1371 sumNanos=225100729064 avgNanos=164187256
zil-app                 | 2026-05-05T00:19:23.728Z  INFO 1 --- [   scheduling-1] r.observability.ObservabilityService     : LAB9 Observability window=30s category=web.CarController.getCars count=1376 sumNanos=229798469513 avgNanos=167004701
zil-app                 | 2026-05-05T00:19:23.728Z  INFO 1 --- [   scheduling-1] r.observability.ObservabilityService     : LAB9 Observability window=30s category=db.car.findAll count=1376 sumNanos=229797181016 avgNanos=167003765
zil-app                 | 2026-05-05T00:19:23.728Z  INFO 1 --- [   scheduling-1] r.observability.ObservabilityService     : LAB9 Observability window=1m category=web.RentController.getRents count=2434 sumNanos=417356047993 avgNanos=171469206
zil-app                 | 2026-05-05T00:19:23.728Z  INFO 1 --- [   scheduling-1] r.observability.ObservabilityService     : LAB9 Observability window=1m category=db.rent.findAll count=2434 sumNanos=417353759280 avgNanos=171468265
zil-app                 | 2026-05-05T00:19:23.728Z  INFO 1 --- [   scheduling-1] r.observability.ObservabilityService     : LAB9 Observability window=1m category=web.CarController.getCars count=2430 sumNanos=420148582685 avgNanos=172900651
zil-app                 | 2026-05-05T00:19:23.728Z  INFO 1 --- [   scheduling-1] r.observability.ObservabilityService     : LAB9 Observability window=1m category=db.car.findAll count=2430 sumNanos=420145925492 avgNanos=172899557
zil-app                 | 2026-05-05T00:19:28.728Z  INFO 1 --- [   scheduling-1] r.observability.ObservabilityService     : LAB9 Observability window=10s category=web.RentController.getRents count=464 sumNanos=74701619195 avgNanos=160994868
zil-app                 | 2026-05-05T00:19:28.729Z  INFO 1 --- [   scheduling-1] r.observability.ObservabilityService     : LAB9 Observability window=10s category=db.rent.findAll count=464 sumNanos=74701304205 avgNanos=160994190
zil-app                 | 2026-05-05T00:19:28.729Z  INFO 1 --- [   scheduling-1] r.observability.ObservabilityService     : LAB9 Observability window=10s category=web.CarController.getCars count=464 sumNanos=76701548941 avgNanos=165305062
zil-app                 | 2026-05-05T00:19:28.729Z  INFO 1 --- [   scheduling-1] r.observability.ObservabilityService     : LAB9 Observability window=10s category=db.car.findAll count=464 sumNanos=76701259599 avgNanos=165304438
zil-app                 | 2026-05-05T00:19:28.729Z  INFO 1 --- [   scheduling-1] r.observability.ObservabilityService     : LAB9 Observability window=30s category=web.RentController.getRents count=1374 sumNanos=225553263737 avgNanos=164158124
zil-app                 | 2026-05-05T00:19:28.729Z  INFO 1 --- [   scheduling-1] r.observability.ObservabilityService     : LAB9 Observability window=30s category=db.rent.findAll count=1374 sumNanos=225551739926 avgNanos=164157015
zil-app                 | 2026-05-05T00:19:28.729Z  INFO 1 --- [   scheduling-1] r.observability.ObservabilityService     : LAB9 Observability window=30s category=web.CarController.getCars count=1375 sumNanos=229114936991 avgNanos=166629045
zil-app                 | 2026-05-05T00:19:28.729Z  INFO 1 --- [   scheduling-1] r.observability.ObservabilityService     : LAB9 Observability window=30s category=db.car.findAll count=1375 sumNanos=229113663544 avgNanos=166628118
zil-app                 | 2026-05-05T00:19:28.729Z  INFO 1 --- [   scheduling-1] r.observability.ObservabilityService     : LAB9 Observability window=1m category=web.RentController.getRents count=2422 sumNanos=417010320704 avgNanos=172176020
zil-app                 | 2026-05-05T00:19:28.729Z  INFO 1 --- [   scheduling-1] r.observability.ObservabilityService     : LAB9 Observability window=1m category=db.rent.findAll count=2422 sumNanos=417008040633 avgNanos=172175078
zil-app                 | 2026-05-05T00:19:28.729Z  INFO 1 --- [   scheduling-1] r.observability.ObservabilityService     : LAB9 Observability window=1m category=web.CarController.getCars count=2423 sumNanos=422410565835 avgNanos=174333704
zil-app                 | 2026-05-05T00:19:28.729Z  INFO 1 --- [   scheduling-1] r.observability.ObservabilityService     : LAB9 Observability window=1m category=db.car.findAll count=2423 sumNanos=422408031523 avgNanos=174332658
zil-app                 | 2026-05-05T00:19:33.730Z  INFO 1 --- [   scheduling-1] r.observability.ObservabilityService     : LAB9 Observability window=10s category=web.RentController.getRents count=456 sumNanos=74477275087 avgNanos=163327357
zil-app                 | 2026-05-05T00:19:33.730Z  INFO 1 --- [   scheduling-1] r.observability.ObservabilityService     : LAB9 Observability window=10s category=db.rent.findAll count=456 sumNanos=74476968901 avgNanos=163326686
zil-app                 | 2026-05-05T00:19:33.730Z  INFO 1 --- [   scheduling-1] r.observability.ObservabilityService     : LAB9 Observability window=10s category=web.CarController.getCars count=459 sumNanos=79137741028 avgNanos=172413379
zil-app                 | 2026-05-05T00:19:33.730Z  INFO 1 --- [   scheduling-1] r.observability.ObservabilityService     : LAB9 Observability window=10s category=db.car.findAll count=459 sumNanos=79137448159 avgNanos=172412741
zil-app                 | 2026-05-05T00:19:33.730Z  INFO 1 --- [   scheduling-1] r.observability.ObservabilityService     : LAB9 Observability window=30s category=web.RentController.getRents count=1377 sumNanos=225208163780 avgNanos=163549864
zil-app                 | 2026-05-05T00:19:33.731Z  INFO 1 --- [   scheduling-1] r.observability.ObservabilityService     : LAB9 Observability window=30s category=db.rent.findAll count=1377 sumNanos=225206645959 avgNanos=163548762
zil-app                 | 2026-05-05T00:19:33.731Z  INFO 1 --- [   scheduling-1] r.observability.ObservabilityService     : LAB9 Observability window=30s category=web.CarController.getCars count=1377 sumNanos=229553066541 avgNanos=166705204
zil-app                 | 2026-05-05T00:19:33.731Z  INFO 1 --- [   scheduling-1] r.observability.ObservabilityService     : LAB9 Observability window=30s category=db.car.findAll count=1377 sumNanos=229551804557 avgNanos=166704287
zil-app                 | 2026-05-05T00:19:33.731Z  INFO 1 --- [   scheduling-1] r.observability.ObservabilityService     : LAB9 Observability window=1m category=web.RentController.getRents count=2408 sumNanos=416155713349 avgNanos=172822140
zil-app                 | 2026-05-05T00:19:33.731Z  INFO 1 --- [   scheduling-1] r.observability.ObservabilityService     : LAB9 Observability window=1m category=db.rent.findAll count=2408 sumNanos=416153445079 avgNanos=172821198
zil-app                 | 2026-05-05T00:19:33.731Z  INFO 1 --- [   scheduling-1] r.observability.ObservabilityService     : LAB9 Observability window=1m category=web.CarController.getCars count=2410 sumNanos=424565248205 avgNanos=176168152
zil-app                 | 2026-05-05T00:19:33.732Z  INFO 1 --- [   scheduling-1] r.observability.ObservabilityService     : LAB9 Observability window=1m category=db.car.findAll count=2410 sumNanos=424562765157 avgNanos=176167122
zil-app                 | 2026-05-05T00:19:38.732Z  INFO 1 --- [   scheduling-1] r.observability.ObservabilityService     : LAB9 Observability window=10s category=web.RentController.getRents count=456 sumNanos=74164253514 avgNanos=162640906
zil-app                 | 2026-05-05T00:19:38.733Z  INFO 1 --- [   scheduling-1] r.observability.ObservabilityService     : LAB9 Observability window=10s category=db.rent.findAll count=456 sumNanos=74163954270 avgNanos=162640250
zil-app                 | 2026-05-05T00:19:38.734Z  INFO 1 --- [   scheduling-1] r.observability.ObservabilityService     : LAB9 Observability window=10s category=web.CarController.getCars count=457 sumNanos=77128148530 avgNanos=168770565
zil-app                 | 2026-05-05T00:19:38.734Z  INFO 1 --- [   scheduling-1] r.observability.ObservabilityService     : LAB9 Observability window=10s category=db.car.findAll count=457 sumNanos=77127813891 avgNanos=168769833
zil-app                 | 2026-05-05T00:19:38.734Z  INFO 1 --- [   scheduling-1] r.observability.ObservabilityService     : LAB9 Observability window=30s category=web.RentController.getRents count=1375 sumNanos=223755855415 avgNanos=162731531
zil-app                 | 2026-05-05T00:19:38.735Z  INFO 1 --- [   scheduling-1] r.observability.ObservabilityService     : LAB9 Observability window=30s category=db.rent.findAll count=1375 sumNanos=223754357567 avgNanos=162730441
zil-app                 | 2026-05-05T00:19:38.735Z  INFO 1 --- [   scheduling-1] r.observability.ObservabilityService     : LAB9 Observability window=30s category=web.CarController.getCars count=1379 sumNanos=229455106699 avgNanos=166392390
zil-app                 | 2026-05-05T00:19:38.735Z  INFO 1 --- [   scheduling-1] r.observability.ObservabilityService     : LAB9 Observability window=30s category=db.car.findAll count=1379 sumNanos=229453806977 avgNanos=166391448
zil-app                 | 2026-05-05T00:19:38.736Z  INFO 1 --- [   scheduling-1] r.observability.ObservabilityService     : LAB9 Observability window=1m category=web.RentController.getRents count=2479 sumNanos=411889067977 avgNanos=166151298
zil-app                 | 2026-05-05T00:19:38.737Z  INFO 1 --- [   scheduling-1] r.observability.ObservabilityService     : LAB9 Observability window=1m category=db.rent.findAll count=2479 sumNanos=411886772880 avgNanos=166150372
zil-app                 | 2026-05-05T00:19:38.737Z  INFO 1 --- [   scheduling-1] r.observability.ObservabilityService     : LAB9 Observability window=1m category=web.CarController.getCars count=2481 sumNanos=421939293596 avgNanos=170068236
zil-app                 | 2026-05-05T00:19:38.737Z  INFO 1 --- [   scheduling-1] r.observability.ObservabilityService     : LAB9 Observability window=1m category=db.car.findAll count=2481 sumNanos=421936745244 avgNanos=170067208
zil-app                 | 2026-05-05T00:19:43.744Z  INFO 1 --- [   scheduling-1] r.observability.ObservabilityService     : LAB9 Observability window=10s category=web.RentController.getRents count=465 sumNanos=74817225484 avgNanos=160897259
zil-app                 | 2026-05-05T00:19:43.745Z  INFO 1 --- [   scheduling-1] r.observability.ObservabilityService     : LAB9 Observability window=10s category=db.rent.findAll count=465 sumNanos=74816901439 avgNanos=160896562
zil-app                 | 2026-05-05T00:19:43.745Z  INFO 1 --- [   scheduling-1] r.observability.ObservabilityService     : LAB9 Observability window=10s category=web.CarController.getCars count=463 sumNanos=75409147290 avgNanos=162870728
zil-app                 | 2026-05-05T00:19:43.745Z  INFO 1 --- [   scheduling-1] r.observability.ObservabilityService     : LAB9 Observability window=10s category=db.car.findAll count=463 sumNanos=75408791201 avgNanos=162869959
zil-app                 | 2026-05-05T00:19:43.750Z  INFO 1 --- [   scheduling-1] r.observability.ObservabilityService     : LAB9 Observability window=30s category=web.RentController.getRents count=1377 sumNanos=223931703284 avgNanos=162622878
zil-app                 | 2026-05-05T00:19:43.750Z  INFO 1 --- [   scheduling-1] r.observability.ObservabilityService     : LAB9 Observability window=30s category=db.rent.findAll count=1377 sumNanos=223930186273 avgNanos=162621776
zil-app                 | 2026-05-05T00:19:43.750Z  INFO 1 --- [   scheduling-1] r.observability.ObservabilityService     : LAB9 Observability window=30s category=web.CarController.getCars count=1375 sumNanos=230270071991 avgNanos=167469143
zil-app                 | 2026-05-05T00:19:43.750Z  INFO 1 --- [   scheduling-1] r.observability.ObservabilityService     : LAB9 Observability window=30s category=db.car.findAll count=1375 sumNanos=230269135722 avgNanos=167468462
zil-app                 | 2026-05-05T00:19:43.751Z  INFO 1 --- [   scheduling-1] r.observability.ObservabilityService     : LAB9 Observability window=1m category=web.RentController.getRents count=2508 sumNanos=410433932475 avgNanos=163649893
zil-app                 | 2026-05-05T00:19:43.752Z  INFO 1 --- [   scheduling-1] r.observability.ObservabilityService     : LAB9 Observability window=1m category=db.rent.findAll count=2508 sumNanos=410431598983 avgNanos=163648962
zil-app                 | 2026-05-05T00:19:43.752Z  INFO 1 --- [   scheduling-1] r.observability.ObservabilityService     : LAB9 Observability window=1m category=web.CarController.getCars count=2506 sumNanos=419779499390 avgNanos=167509776
zil-app                 | 2026-05-05T00:19:43.752Z  INFO 1 --- [   scheduling-1] r.observability.ObservabilityService     : LAB9 Observability window=1m category=db.car.findAll count=2506 sumNanos=419777416531 avgNanos=167508945
zil-app                 | 2026-05-05T00:19:48.753Z  INFO 1 --- [   scheduling-1] r.observability.ObservabilityService     : LAB9 Observability window=10s category=web.RentController.getRents count=460 sumNanos=75954425901 avgNanos=165118317
zil-app                 | 2026-05-05T00:19:48.753Z  INFO 1 --- [   scheduling-1] r.observability.ObservabilityService     : LAB9 Observability window=10s category=db.rent.findAll count=460 sumNanos=75954083796 avgNanos=165117573
zil-app                 | 2026-05-05T00:19:48.753Z  INFO 1 --- [   scheduling-1] r.observability.ObservabilityService     : LAB9 Observability window=10s category=web.CarController.getCars count=456 sumNanos=76371488017 avgNanos=167481333
zil-app                 | 2026-05-05T00:19:48.753Z  INFO 1 --- [   scheduling-1] r.observability.ObservabilityService     : LAB9 Observability window=10s category=db.car.findAll count=456 sumNanos=76371175443 avgNanos=167480647
zil-app                 | 2026-05-05T00:19:48.753Z  INFO 1 --- [   scheduling-1] r.observability.ObservabilityService     : LAB9 Observability window=30s category=web.RentController.getRents count=1380 sumNanos=224735415284 avgNanos=162851750
zil-app                 | 2026-05-05T00:19:48.753Z  INFO 1 --- [   scheduling-1] r.observability.ObservabilityService     : LAB9 Observability window=30s category=db.rent.findAll count=1380 sumNanos=224734459086 avgNanos=162851057
zil-app                 | 2026-05-05T00:19:48.753Z  INFO 1 --- [   scheduling-1] r.observability.ObservabilityService     : LAB9 Observability window=30s category=web.CarController.getCars count=1377 sumNanos=230201185488 avgNanos=167175879
zil-app                 | 2026-05-05T00:19:48.753Z  INFO 1 --- [   scheduling-1] r.observability.ObservabilityService     : LAB9 Observability window=30s category=db.car.findAll count=1377 sumNanos=230200248933 avgNanos=167175198
zil-app                 | 2026-05-05T00:19:48.753Z  INFO 1 --- [   scheduling-1] r.observability.ObservabilityService     : LAB9 Observability window=1m category=web.RentController.getRents count=2518 sumNanos=412419556295 avgNanos=163788544
zil-app                 | 2026-05-05T00:19:48.753Z  INFO 1 --- [   scheduling-1] r.observability.ObservabilityService     : LAB9 Observability window=1m category=db.rent.findAll count=2518 sumNanos=412417233584 avgNanos=163787622
zil-app                 | 2026-05-05T00:19:48.753Z  INFO 1 --- [   scheduling-1] r.observability.ObservabilityService     : LAB9 Observability window=1m category=web.CarController.getCars count=2524 sumNanos=422831659508 avgNanos=167524429
zil-app                 | 2026-05-05T00:19:48.753Z  INFO 1 --- [   scheduling-1] r.observability.ObservabilityService     : LAB9 Observability window=1m category=db.car.findAll count=2524 sumNanos=422829577546 avgNanos=167523604
zil-app                 | 2026-05-05T00:19:53.754Z  INFO 1 --- [   scheduling-1] r.observability.ObservabilityService     : LAB9 Observability window=10s category=web.RentController.getRents count=459 sumNanos=75933122841 avgNanos=165431640
zil-app                 | 2026-05-05T00:19:53.754Z  INFO 1 --- [   scheduling-1] r.observability.ObservabilityService     : LAB9 Observability window=10s category=db.rent.findAll count=459 sumNanos=75932772594 avgNanos=165430877
zil-app                 | 2026-05-05T00:19:53.754Z  INFO 1 --- [   scheduling-1] r.observability.ObservabilityService     : LAB9 Observability window=10s category=web.CarController.getCars count=459 sumNanos=76022335130 avgNanos=165626002
zil-app                 | 2026-05-05T00:19:53.754Z  INFO 1 --- [   scheduling-1] r.observability.ObservabilityService     : LAB9 Observability window=10s category=db.car.findAll count=459 sumNanos=76022014010 avgNanos=165625302
zil-app                 | 2026-05-05T00:19:53.755Z  INFO 1 --- [   scheduling-1] r.observability.ObservabilityService     : LAB9 Observability window=30s category=web.RentController.getRents count=1380 sumNanos=225213951892 avgNanos=163198515
zil-app                 | 2026-05-05T00:19:53.755Z  INFO 1 --- [   scheduling-1] r.observability.ObservabilityService     : LAB9 Observability window=30s category=db.rent.findAll count=1380 sumNanos=225212971421 avgNanos=163197805
zil-app                 | 2026-05-05T00:19:53.756Z  INFO 1 --- [   scheduling-1] r.observability.ObservabilityService     : LAB9 Observability window=30s category=web.CarController.getCars count=1379 sumNanos=230235428904 avgNanos=166958251
zil-app                 | 2026-05-05T00:19:53.756Z  INFO 1 --- [   scheduling-1] r.observability.ObservabilityService     : LAB9 Observability window=30s category=db.car.findAll count=1379 sumNanos=230234460153 avgNanos=166957549
zil-app                 | 2026-05-05T00:19:53.757Z  INFO 1 --- [   scheduling-1] r.observability.ObservabilityService     : LAB9 Observability window=1m category=web.RentController.getRents count=2752 sumNanos=450430587831 avgNanos=163673905
zil-app                 | 2026-05-05T00:19:53.757Z  INFO 1 --- [   scheduling-1] r.observability.ObservabilityService     : LAB9 Observability window=1m category=db.rent.findAll count=2752 sumNanos=450428081276 avgNanos=163672994
zil-app                 | 2026-05-05T00:19:53.757Z  INFO 1 --- [   scheduling-1] r.observability.ObservabilityService     : LAB9 Observability window=1m category=web.CarController.getCars count=2754 sumNanos=459966018133 avgNanos=167017435
zil-app                 | 2026-05-05T00:19:53.757Z  INFO 1 --- [   scheduling-1] r.observability.ObservabilityService     : LAB9 Observability window=1m category=db.car.findAll count=2754 sumNanos=459963761742 avgNanos=167016616
zil-additional-service  | 2026-05-05T00:16:14.100Z  INFO 1 --- [zil-additional-service] [   scheduling-1] r.a.observability.ObservabilityService   : LAB9 Observability window=30s category=web.additional.stats count=583 sumNanos=203718581810 avgNanos=349431529
zil-additional-service  | 2026-05-05T00:16:14.100Z  INFO 1 --- [zil-additional-service] [   scheduling-1] r.a.observability.ObservabilityService   : LAB9 Observability window=30s category=http.main.rents count=1156 sumNanos=204809150083 avgNanos=177170545
zil-additional-service  | 2026-05-05T00:16:14.100Z  INFO 1 --- [zil-additional-service] [   scheduling-1] r.a.observability.ObservabilityService   : LAB9 Observability window=30s category=http.main.cars count=1164 sumNanos=203964913032 avgNanos=175227588
zil-additional-service  | 2026-05-05T00:16:14.100Z  INFO 1 --- [zil-additional-service] [   scheduling-1] r.a.observability.ObservabilityService   : LAB9 Observability window=30s category=web.additional.availability_new count=573 sumNanos=203997416766 avgNanos=356016434
zil-additional-service  | 2026-05-05T00:16:14.100Z  INFO 1 --- [zil-additional-service] [   scheduling-1] r.a.observability.ObservabilityService   : LAB9 Observability window=30s category=additional.statsComputation.availability.allCitiesAllDates count=573 sumNanos=179902882 avgNanos=313966
zil-additional-service  | 2026-05-05T00:16:14.100Z  INFO 1 --- [zil-additional-service] [   scheduling-1] r.a.observability.ObservabilityService   : LAB9 Observability window=1m category=additional.statsComputation.stats count=639 sumNanos=1402114 avgNanos=2194
zil-additional-service  | 2026-05-05T00:16:14.101Z  INFO 1 --- [zil-additional-service] [   scheduling-1] r.a.observability.ObservabilityService   : LAB9 Observability window=1m category=web.additional.stats count=639 sumNanos=224597724490 avgNanos=351483136
zil-additional-service  | 2026-05-05T00:16:14.101Z  INFO 1 --- [zil-additional-service] [   scheduling-1] r.a.observability.ObservabilityService   : LAB9 Observability window=1m category=http.main.rents count=1932 sumNanos=352143850389 avgNanos=182269073
zil-app                 | 2026-05-05T00:19:58.757Z  INFO 1 --- [   scheduling-1] r.observability.ObservabilityService     : LAB9 Observability window=10s category=web.RentController.getRents count=462 sumNanos=74072556314 avgNanos=160330208
zil-app                 | 2026-05-05T00:19:58.758Z  INFO 1 --- [   scheduling-1] r.observability.ObservabilityService     : LAB9 Observability window=10s category=db.rent.findAll count=462 sumNanos=74072172663 avgNanos=160329378
zil-app                 | 2026-05-05T00:19:58.758Z  INFO 1 --- [   scheduling-1] r.observability.ObservabilityService     : LAB9 Observability window=10s category=web.CarController.getCars count=464 sumNanos=75859605811 avgNanos=163490529
zil-app                 | 2026-05-05T00:19:58.759Z  INFO 1 --- [   scheduling-1] r.observability.ObservabilityService     : LAB9 Observability window=10s category=db.car.findAll count=464 sumNanos=75859241136 avgNanos=163489743
zil-app                 | 2026-05-05T00:19:58.760Z  INFO 1 --- [   scheduling-1] r.observability.ObservabilityService     : LAB9 Observability window=30s category=web.RentController.getRents count=1377 sumNanos=224031483730 avgNanos=162695340
zil-app                 | 2026-05-05T00:19:58.760Z  INFO 1 --- [   scheduling-1] r.observability.ObservabilityService     : LAB9 Observability window=30s category=db.rent.findAll count=1377 sumNanos=224030459455 avgNanos=162694596
zil-app                 | 2026-05-05T00:19:58.760Z  INFO 1 --- [   scheduling-1] r.observability.ObservabilityService     : LAB9 Observability window=30s category=web.CarController.getCars count=1376 sumNanos=229203378243 avgNanos=166572222
zil-app                 | 2026-05-05T00:19:58.760Z  INFO 1 --- [   scheduling-1] r.observability.ObservabilityService     : LAB9 Observability window=30s category=db.car.findAll count=1376 sumNanos=229202366912 avgNanos=166571487
zil-app                 | 2026-05-05T00:19:58.761Z  INFO 1 --- [   scheduling-1] r.observability.ObservabilityService     : LAB9 Observability window=1m category=web.RentController.getRents count=2752 sumNanos=449683314457 avgNanos=163402367
zil-app                 | 2026-05-05T00:19:58.761Z  INFO 1 --- [   scheduling-1] r.observability.ObservabilityService     : LAB9 Observability window=1m category=db.rent.findAll count=2752 sumNanos=449680765666 avgNanos=163401441
zil-app                 | 2026-05-05T00:19:58.761Z  INFO 1 --- [   scheduling-1] r.observability.ObservabilityService     : LAB9 Observability window=1m category=web.CarController.getCars count=2752 sumNanos=458474179349 avgNanos=166596722
zil-app                 | 2026-05-05T00:19:58.761Z  INFO 1 --- [   scheduling-1] r.observability.ObservabilityService     : LAB9 Observability window=1m category=db.car.findAll count=2752 sumNanos=458471894014 avgNanos=166595891
zil-app                 | 2026-05-05T00:20:03.762Z  INFO 1 --- [   scheduling-1] r.observability.ObservabilityService     : LAB9 Observability window=10s category=web.RentController.getRents count=366 sumNanos=76992655126 avgNanos=210362445
zil-app                 | 2026-05-05T00:20:03.762Z  INFO 1 --- [   scheduling-1] r.observability.ObservabilityService     : LAB9 Observability window=10s category=db.rent.findAll count=366 sumNanos=76992319717 avgNanos=210361529
zil-app                 | 2026-05-05T00:20:03.762Z  INFO 1 --- [   scheduling-1] r.observability.ObservabilityService     : LAB9 Observability window=10s category=web.CarController.getCars count=370 sumNanos=79051802136 avgNanos=213653519
zil-app                 | 2026-05-05T00:20:03.762Z  INFO 1 --- [   scheduling-1] r.observability.ObservabilityService     : LAB9 Observability window=10s category=db.car.findAll count=370 sumNanos=79051482121 avgNanos=213652654
zil-app                 | 2026-05-05T00:20:03.762Z  INFO 1 --- [   scheduling-1] r.observability.ObservabilityService     : LAB9 Observability window=30s category=web.RentController.getRents count=1292 sumNanos=228037285356 avgNanos=176499446
zil-app                 | 2026-05-05T00:20:03.763Z  INFO 1 --- [   scheduling-1] r.observability.ObservabilityService     : LAB9 Observability window=30s category=db.rent.findAll count=1292 sumNanos=228036274395 avgNanos=176498664
zil-app                 | 2026-05-05T00:20:03.763Z  INFO 1 --- [   scheduling-1] r.observability.ObservabilityService     : LAB9 Observability window=30s category=web.CarController.getCars count=1292 sumNanos=230483284556 avgNanos=178392635
zil-additional-service  | 2026-05-05T00:16:14.101Z  INFO 1 --- [zil-additional-service] [   scheduling-1] r.a.observability.ObservabilityService   : LAB9 Observability window=1m category=http.main.cars count=1935 sumNanos=348619174709 avgNanos=180164948
zil-additional-service  | 2026-05-05T00:16:14.101Z  INFO 1 --- [zil-additional-service] [   scheduling-1] r.a.observability.ObservabilityService   : LAB9 Observability window=1m category=web.additional.availability_new count=1293 sumNanos=476957534287 avgNanos=368876669
zil-additional-service  | 2026-05-05T00:16:14.102Z  INFO 1 --- [zil-additional-service] [   scheduling-1] r.a.observability.ObservabilityService   : LAB9 Observability window=1m category=additional.statsComputation.availability.allCitiesAllDates count=1293 sumNanos=396934829 avgNanos=306987
zil-additional-service  | 2026-05-05T00:16:19.103Z  INFO 1 --- [zil-additional-service] [   scheduling-1] r.a.observability.ObservabilityService   : LAB9 Observability window=10s category=additional.statsComputation.stats count=224 sumNanos=233353 avgNanos=1041
zil-additional-service  | 2026-05-05T00:16:19.104Z  INFO 1 --- [zil-additional-service] [   scheduling-1] r.a.observability.ObservabilityService   : LAB9 Observability window=10s category=web.additional.stats count=224 sumNanos=74537969835 avgNanos=332758793
zil-additional-service  | 2026-05-05T00:16:19.104Z  INFO 1 --- [zil-additional-service] [   scheduling-1] r.a.observability.ObservabilityService   : LAB9 Observability window=10s category=http.main.rents count=468 sumNanos=79778977258 avgNanos=170467900
zil-additional-service  | 2026-05-05T00:16:19.104Z  INFO 1 --- [zil-additional-service] [   scheduling-1] r.a.observability.ObservabilityService   : LAB9 Observability window=10s category=http.main.cars count=472 sumNanos=77244628451 avgNanos=163653873
zil-additional-service  | 2026-05-05T00:16:19.104Z  INFO 1 --- [zil-additional-service] [   scheduling-1] r.a.observability.ObservabilityService   : LAB9 Observability window=10s category=web.additional.availability_new count=244 sumNanos=82247093244 avgNanos=337078251
zil-additional-service  | 2026-05-05T00:16:19.105Z  INFO 1 --- [zil-additional-service] [   scheduling-1] r.a.observability.ObservabilityService   : LAB9 Observability window=10s category=additional.statsComputation.availability.allCitiesAllDates count=244 sumNanos=63302951 avgNanos=259438
zil-additional-service  | 2026-05-05T00:16:19.105Z  INFO 1 --- [zil-additional-service] [   scheduling-1] r.a.observability.ObservabilityService   : LAB9 Observability window=30s category=additional.statsComputation.stats count=679 sumNanos=1273154 avgNanos=1875
zil-additional-service  | 2026-05-05T00:16:19.105Z  INFO 1 --- [zil-additional-service] [   scheduling-1] r.a.observability.ObservabilityService   : LAB9 Observability window=30s category=web.additional.stats count=679 sumNanos=235598147632 avgNanos=346978126
zil-additional-service  | 2026-05-05T00:16:19.105Z  INFO 1 --- [zil-additional-service] [   scheduling-1] r.a.observability.ObservabilityService   : LAB9 Observability window=30s category=http.main.rents count=1369 sumNanos=240573427032 avgNanos=175729311
zil-additional-service  | 2026-05-05T00:16:19.105Z  INFO 1 --- [zil-additional-service] [   scheduling-1] r.a.observability.ObservabilityService   : LAB9 Observability window=30s category=http.main.cars count=1367 sumNanos=235808827413 avgNanos=172500971
zil-additional-service  | 2026-05-05T00:16:19.105Z  INFO 1 --- [zil-additional-service] [   scheduling-1] r.a.observability.ObservabilityService   : LAB9 Observability window=30s category=web.additional.availability_new count=690 sumNanos=241810099846 avgNanos=350449420
zil-additional-service  | 2026-05-05T00:16:19.105Z  INFO 1 --- [zil-additional-service] [   scheduling-1] r.a.observability.ObservabilityService   : LAB9 Observability window=30s category=additional.statsComputation.availability.allCitiesAllDates count=690 sumNanos=220348741 avgNanos=319346
zil-additional-service  | 2026-05-05T00:16:19.105Z  INFO 1 --- [zil-additional-service] [   scheduling-1] r.a.observability.ObservabilityService   : LAB9 Observability window=1m category=additional.statsComputation.stats count=730 sumNanos=1463309 avgNanos=2004
zil-additional-service  | 2026-05-05T00:16:19.105Z  INFO 1 --- [zil-additional-service] [   scheduling-1] r.a.observability.ObservabilityService   : LAB9 Observability window=1m category=web.additional.stats count=730 sumNanos=254308593170 avgNanos=348367935
zil-additional-service  | 2026-05-05T00:16:19.105Z  INFO 1 --- [zil-additional-service] [   scheduling-1] r.a.observability.ObservabilityService   : LAB9 Observability window=1m category=http.main.rents count=1986 sumNanos=351801877964 avgNanos=177140925
zil-additional-service  | 2026-05-05T00:16:19.105Z  INFO 1 --- [zil-additional-service] [   scheduling-1] r.a.observability.ObservabilityService   : LAB9 Observability window=1m category=http.main.cars count=1982 sumNanos=347013258774 avgNanos=175082370
zil-additional-service  | 2026-05-05T00:16:19.105Z  INFO 1 --- [zil-additional-service] [   scheduling-1] r.a.observability.ObservabilityService   : LAB9 Observability window=1m category=web.additional.availability_new count=1256 sumNanos=448871149949 avgNanos=357381488
zil-additional-service  | 2026-05-05T00:16:19.105Z  INFO 1 --- [zil-additional-service] [   scheduling-1] r.a.observability.ObservabilityService   : LAB9 Observability window=1m category=additional.statsComputation.availability.allCitiesAllDates count=1256 sumNanos=383184441 avgNanos=305083
zil-additional-service  | 2026-05-05T00:16:22.959Z  INFO 1 --- [zil-additional-service] [   scheduling-1] r.additional.service.ClientCacheService  : [client-cache-statistics] Client cache size=1000
zil-additional-service  | 2026-05-05T00:16:24.106Z  INFO 1 --- [zil-additional-service] [   scheduling-1] r.a.observability.ObservabilityService   : LAB9 Observability window=10s category=additional.statsComputation.stats count=251 sumNanos=251550 avgNanos=1002
zil-additional-service  | 2026-05-05T00:16:24.106Z  INFO 1 --- [zil-additional-service] [   scheduling-1] r.a.observability.ObservabilityService   : LAB9 Observability window=10s category=web.additional.stats count=251 sumNanos=83195498405 avgNanos=331456168
zil-additional-service  | 2026-05-05T00:16:24.106Z  INFO 1 --- [zil-additional-service] [   scheduling-1] r.a.observability.ObservabilityService   : LAB9 Observability window=10s category=http.main.rents count=479 sumNanos=80138963584 avgNanos=167304725
zil-additional-service  | 2026-05-05T00:16:24.107Z  INFO 1 --- [zil-additional-service] [   scheduling-1] r.a.observability.ObservabilityService   : LAB9 Observability window=10s category=http.main.cars count=480 sumNanos=77766996589 avgNanos=162014576
zil-additional-service  | 2026-05-05T00:16:24.107Z  INFO 1 --- [zil-additional-service] [   scheduling-1] r.a.observability.ObservabilityService   : LAB9 Observability window=10s category=web.additional.availability_new count=228 sumNanos=75108358881 avgNanos=329422626
zil-additional-service  | 2026-05-05T00:16:24.107Z  INFO 1 --- [zil-additional-service] [   scheduling-1] r.a.observability.ObservabilityService   : LAB9 Observability window=10s category=additional.statsComputation.availability.allCitiesAllDates count=228 sumNanos=54654818 avgNanos=239714
zil-additional-service  | 2026-05-05T00:16:24.107Z  INFO 1 --- [zil-additional-service] [   scheduling-1] r.a.observability.ObservabilityService   : LAB9 Observability window=30s category=additional.statsComputation.stats count=708 sumNanos=873939 avgNanos=1234
zil-additional-service  | 2026-05-05T00:16:24.107Z  INFO 1 --- [zil-additional-service] [   scheduling-1] r.a.observability.ObservabilityService   : LAB9 Observability window=30s category=web.additional.stats count=708 sumNanos=240704186372 avgNanos=339977664
zil-additional-service  | 2026-05-05T00:16:24.107Z  INFO 1 --- [zil-additional-service] [   scheduling-1] r.a.observability.ObservabilityService   : LAB9 Observability window=30s category=http.main.rents count=1390 sumNanos=239396822462 avgNanos=172227929
zil-additional-service  | 2026-05-05T00:16:24.108Z  INFO 1 --- [zil-additional-service] [   scheduling-1] r.a.observability.ObservabilityService   : LAB9 Observability window=30s category=http.main.cars count=1392 sumNanos=236032801561 avgNanos=169563794
zil-additional-service  | 2026-05-05T00:16:24.108Z  INFO 1 --- [zil-additional-service] [   scheduling-1] r.a.observability.ObservabilityService   : LAB9 Observability window=30s category=web.additional.availability_new count=682 sumNanos=235167629870 avgNanos=344820571
zil-additional-service  | 2026-05-05T00:16:24.108Z  INFO 1 --- [zil-additional-service] [   scheduling-1] r.a.observability.ObservabilityService   : LAB9 Observability window=30s category=additional.statsComputation.availability.allCitiesAllDates count=682 sumNanos=119550167 avgNanos=175293
zil-additional-service  | 2026-05-05T00:16:24.108Z  INFO 1 --- [zil-additional-service] [   scheduling-1] r.a.observability.ObservabilityService   : LAB9 Observability window=1m category=additional.statsComputation.stats count=864 sumNanos=1568567 avgNanos=1815
zil-additional-service  | 2026-05-05T00:16:24.108Z  INFO 1 --- [zil-additional-service] [   scheduling-1] r.a.observability.ObservabilityService   : LAB9 Observability window=1m category=web.additional.stats count=864 sumNanos=297560046581 avgNanos=344398202
zil-additional-service  | 2026-05-05T00:16:24.108Z  INFO 1 --- [zil-additional-service] [   scheduling-1] r.a.observability.ObservabilityService   : LAB9 Observability window=1m category=http.main.rents count=1992 sumNanos=350707307914 avgNanos=176057885
zil-additional-service  | 2026-05-05T00:16:24.109Z  INFO 1 --- [zil-additional-service] [   scheduling-1] r.a.observability.ObservabilityService   : LAB9 Observability window=1m category=http.main.cars count=1992 sumNanos=348099061023 avgNanos=174748524
zil-additional-service  | 2026-05-05T00:16:24.109Z  INFO 1 --- [zil-additional-service] [   scheduling-1] r.a.observability.ObservabilityService   : LAB9 Observability window=1m category=web.additional.availability_new count=1128 sumNanos=402169320720 avgNanos=356533085
zil-additional-service  | 2026-05-05T00:16:24.109Z  INFO 1 --- [zil-additional-service] [   scheduling-1] r.a.observability.ObservabilityService   : LAB9 Observability window=1m category=additional.statsComputation.availability.allCitiesAllDates count=1128 sumNanos=315012909 avgNanos=279266
zil-additional-service  | 2026-05-05T00:16:29.110Z  INFO 1 --- [zil-additional-service] [   scheduling-1] r.a.observability.ObservabilityService   : LAB9 Observability window=10s category=additional.statsComputation.stats count=270 sumNanos=272958 avgNanos=1010
zil-additional-service  | 2026-05-05T00:16:29.110Z  INFO 1 --- [zil-additional-service] [   scheduling-1] r.a.observability.ObservabilityService   : LAB9 Observability window=10s category=web.additional.stats count=270 sumNanos=88007737772 avgNanos=325954584
zil-additional-service  | 2026-05-05T00:16:29.110Z  INFO 1 --- [zil-additional-service] [   scheduling-1] r.a.observability.ObservabilityService   : LAB9 Observability window=10s category=http.main.rents count=480 sumNanos=79659315175 avgNanos=165956906
zil-additional-service  | 2026-05-05T00:16:29.110Z  INFO 1 --- [zil-additional-service] [   scheduling-1] r.a.observability.ObservabilityService   : LAB9 Observability window=10s category=http.main.cars count=479 sumNanos=77108327980 avgNanos=160977720
zil-additional-service  | 2026-05-05T00:16:29.110Z  INFO 1 --- [zil-additional-service] [   scheduling-1] r.a.observability.ObservabilityService   : LAB9 Observability window=10s category=web.additional.availability_new count=210 sumNanos=68732998443 avgNanos=327299992
zil-additional-service  | 2026-05-05T00:16:29.110Z  INFO 1 --- [zil-additional-service] [   scheduling-1] r.a.observability.ObservabilityService   : LAB9 Observability window=10s category=additional.statsComputation.availability.allCitiesAllDates count=210 sumNanos=30827447 avgNanos=146797
zil-additional-service  | 2026-05-05T00:16:29.112Z  INFO 1 --- [zil-additional-service] [   scheduling-1] r.a.observability.ObservabilityService   : LAB9 Observability window=30s category=additional.statsComputation.stats count=723 sumNanos=720341 avgNanos=996
zil-additional-service  | 2026-05-05T00:16:29.112Z  INFO 1 --- [zil-additional-service] [   scheduling-1] r.a.observability.ObservabilityService   : LAB9 Observability window=30s category=web.additional.stats count=723 sumNanos=239285107646 avgNanos=330961421
zil-additional-service  | 2026-05-05T00:16:29.112Z  INFO 1 --- [zil-additional-service] [   scheduling-1] r.a.observability.ObservabilityService   : LAB9 Observability window=30s category=http.main.rents count=1415 sumNanos=238859245017 avgNanos=168805120
zil-additional-service  | 2026-05-05T00:16:29.112Z  INFO 1 --- [zil-additional-service] [   scheduling-1] r.a.observability.ObservabilityService   : LAB9 Observability window=30s category=http.main.cars count=1418 sumNanos=234187056820 avgNanos=165153072
zil-additional-service  | 2026-05-05T00:16:29.112Z  INFO 1 --- [zil-additional-service] [   scheduling-1] r.a.observability.ObservabilityService   : LAB9 Observability window=30s category=web.additional.availability_new count=692 sumNanos=233631663493 avgNanos=337618010
zil-additional-service  | 2026-05-05T00:16:29.112Z  INFO 1 --- [zil-additional-service] [   scheduling-1] r.a.observability.ObservabilityService   : LAB9 Observability window=30s category=additional.statsComputation.availability.allCitiesAllDates count=692 sumNanos=122095861 avgNanos=176439
zil-additional-service  | 2026-05-05T00:16:29.112Z  INFO 1 --- [zil-additional-service] [   scheduling-1] r.a.observability.ObservabilityService   : LAB9 Observability window=1m category=additional.statsComputation.stats count=972 sumNanos=1613687 avgNanos=1660
zil-additional-service  | 2026-05-05T00:16:29.112Z  INFO 1 --- [zil-additional-service] [   scheduling-1] r.a.observability.ObservabilityService   : LAB9 Observability window=1m category=web.additional.stats count=972 sumNanos=333260658371 avgNanos=342860759
zil-additional-service  | 2026-05-05T00:16:29.113Z  INFO 1 --- [zil-additional-service] [   scheduling-1] r.a.observability.ObservabilityService   : LAB9 Observability window=1m category=http.main.rents count=2007 sumNanos=350997586529 avgNanos=174886689
zil-additional-service  | 2026-05-05T00:16:29.113Z  INFO 1 --- [zil-additional-service] [   scheduling-1] r.a.observability.ObservabilityService   : LAB9 Observability window=1m category=http.main.cars count=2008 sumNanos=345510144039 avgNanos=172066804
zil-additional-service  | 2026-05-05T00:16:29.113Z  INFO 1 --- [zil-additional-service] [   scheduling-1] r.a.observability.ObservabilityService   : LAB9 Observability window=1m category=web.additional.availability_new count=1035 sumNanos=363868609794 avgNanos=351563874
zil-additional-service  | 2026-05-05T00:16:29.113Z  INFO 1 --- [zil-additional-service] [   scheduling-1] r.a.observability.ObservabilityService   : LAB9 Observability window=1m category=additional.statsComputation.availability.allCitiesAllDates count=1035 sumNanos=295144907 avgNanos=285164
zil-additional-service  | 2026-05-05T00:16:32.961Z  INFO 1 --- [zil-additional-service] [   scheduling-1] r.additional.service.ClientCacheService  : [client-cache-statistics] Client cache size=1000
zil-additional-service  | 2026-05-05T00:16:34.114Z  INFO 1 --- [zil-additional-service] [   scheduling-1] r.a.observability.ObservabilityService   : LAB9 Observability window=10s category=additional.statsComputation.stats count=239 sumNanos=258075 avgNanos=1079
zil-additional-service  | 2026-05-05T00:16:34.124Z  INFO 1 --- [zil-additional-service] [   scheduling-1] r.a.observability.ObservabilityService   : LAB9 Observability window=10s category=web.additional.stats count=239 sumNanos=80673456656 avgNanos=337545843
zil-additional-service  | 2026-05-05T00:16:34.124Z  INFO 1 --- [zil-additional-service] [   scheduling-1] r.a.observability.ObservabilityService   : LAB9 Observability window=10s category=http.main.rents count=468 sumNanos=78820629578 avgNanos=168420148
zil-additional-service  | 2026-05-05T00:16:34.124Z  INFO 1 --- [zil-additional-service] [   scheduling-1] r.a.observability.ObservabilityService   : LAB9 Observability window=10s category=http.main.cars count=468 sumNanos=78239396437 avgNanos=167178197
zil-additional-service  | 2026-05-05T00:16:34.124Z  INFO 1 --- [zil-additional-service] [   scheduling-1] r.a.observability.ObservabilityService   : LAB9 Observability window=10s category=web.additional.availability_new count=229 sumNanos=76120526050 avgNanos=332404043
zil-additional-service  | 2026-05-05T00:16:34.124Z  INFO 1 --- [zil-additional-service] [   scheduling-1] r.a.observability.ObservabilityService   : LAB9 Observability window=10s category=additional.statsComputation.availability.allCitiesAllDates count=229 sumNanos=48966027 avgNanos=213825
zil-additional-service  | 2026-05-05T00:16:34.125Z  INFO 1 --- [zil-additional-service] [   scheduling-1] r.a.observability.ObservabilityService   : LAB9 Observability window=30s category=additional.statsComputation.stats count=725 sumNanos=748522 avgNanos=1032
zil-additional-service  | 2026-05-05T00:16:34.126Z  INFO 1 --- [zil-additional-service] [   scheduling-1] r.a.observability.ObservabilityService   : LAB9 Observability window=30s category=web.additional.stats count=725 sumNanos=241754211731 avgNanos=333454085
zil-additional-service  | 2026-05-05T00:16:34.126Z  INFO 1 --- [zil-additional-service] [   scheduling-1] r.a.observability.ObservabilityService   : LAB9 Observability window=30s category=http.main.rents count=1409 sumNanos=238711535995 avgNanos=169419117
zil-additional-service  | 2026-05-05T00:16:34.126Z  INFO 1 --- [zil-additional-service] [   scheduling-1] r.a.observability.ObservabilityService   : LAB9 Observability window=30s category=http.main.cars count=1411 sumNanos=233241671523 avgNanos=165302389
zil-additional-service  | 2026-05-05T00:16:34.126Z  INFO 1 --- [zil-additional-service] [   scheduling-1] r.a.observability.ObservabilityService   : LAB9 Observability window=30s category=web.additional.availability_new count=684 sumNanos=230277419087 avgNanos=336662893
zil-additional-service  | 2026-05-05T00:16:34.126Z  INFO 1 --- [zil-additional-service] [   scheduling-1] r.a.observability.ObservabilityService   : LAB9 Observability window=30s category=additional.statsComputation.availability.allCitiesAllDates count=684 sumNanos=137447359 avgNanos=200946
zil-additional-service  | 2026-05-05T00:16:34.127Z  INFO 1 --- [zil-additional-service] [   scheduling-1] r.a.observability.ObservabilityService   : LAB9 Observability window=1m category=additional.statsComputation.stats count=1074 sumNanos=1700513 avgNanos=1583
zil-additional-service  | 2026-05-05T00:16:34.129Z  INFO 1 --- [zil-additional-service] [   scheduling-1] r.a.observability.ObservabilityService   : LAB9 Observability window=1m category=web.additional.stats count=1074 sumNanos=367968491360 avgNanos=342614982
zil-additional-service  | 2026-05-05T00:16:34.129Z  INFO 1 --- [zil-additional-service] [   scheduling-1] r.a.observability.ObservabilityService   : LAB9 Observability window=1m category=http.main.rents count=2104 sumNanos=363986772223 avgNanos=172997515
zil-additional-service  | 2026-05-05T00:16:34.129Z  INFO 1 --- [zil-additional-service] [   scheduling-1] r.a.observability.ObservabilityService   : LAB9 Observability window=1m category=http.main.cars count=2112 sumNanos=359971306058 avgNanos=170440959
zil-additional-service  | 2026-05-05T00:16:34.130Z  INFO 1 --- [zil-additional-service] [   scheduling-1] r.a.observability.ObservabilityService   : LAB9 Observability window=1m category=web.additional.availability_new count=1030 sumNanos=355226301697 avgNanos=344879904
zil-additional-service  | 2026-05-05T00:16:34.131Z  INFO 1 --- [zil-additional-service] [   scheduling-1] r.a.observability.ObservabilityService   : LAB9 Observability window=1m category=additional.statsComputation.availability.allCitiesAllDates count=1030 sumNanos=283523727 avgNanos=275265
zil-additional-service  | 2026-05-05T00:16:39.132Z  INFO 1 --- [zil-additional-service] [   scheduling-1] r.a.observability.ObservabilityService   : LAB9 Observability window=10s category=additional.statsComputation.stats count=230 sumNanos=246374 avgNanos=1071
zil-additional-service  | 2026-05-05T00:16:39.133Z  INFO 1 --- [zil-additional-service] [   scheduling-1] r.a.observability.ObservabilityService   : LAB9 Observability window=10s category=web.additional.stats count=230 sumNanos=77794272828 avgNanos=338235968
zil-additional-service  | 2026-05-05T00:16:39.133Z  INFO 1 --- [zil-additional-service] [   scheduling-1] r.a.observability.ObservabilityService   : LAB9 Observability window=10s category=http.main.rents count=477 sumNanos=78338379230 avgNanos=164231402
zil-additional-service  | 2026-05-05T00:16:39.133Z  INFO 1 --- [zil-additional-service] [   scheduling-1] r.a.observability.ObservabilityService   : LAB9 Observability window=10s category=http.main.cars count=471 sumNanos=78908754075 avgNanos=167534509
zil-additional-service  | 2026-05-05T00:16:39.134Z  INFO 1 --- [zil-additional-service] [   scheduling-1] r.a.observability.ObservabilityService   : LAB9 Observability window=10s category=web.additional.availability_new count=247 sumNanos=80890352767 avgNanos=327491306
zil-additional-service  | 2026-05-05T00:16:39.134Z  INFO 1 --- [zil-additional-service] [   scheduling-1] r.a.observability.ObservabilityService   : LAB9 Observability window=10s category=additional.statsComputation.availability.allCitiesAllDates count=247 sumNanos=55135709 avgNanos=223221
zil-additional-service  | 2026-05-05T00:16:39.134Z  INFO 1 --- [zil-additional-service] [   scheduling-1] r.a.observability.ObservabilityService   : LAB9 Observability window=30s category=additional.statsComputation.stats count=723 sumNanos=752152 avgNanos=1040
zil-additional-service  | 2026-05-05T00:16:39.134Z  INFO 1 --- [zil-additional-service] [   scheduling-1] r.a.observability.ObservabilityService   : LAB9 Observability window=30s category=web.additional.stats count=723 sumNanos=239971506186 avgNanos=331910796
zil-additional-service  | 2026-05-05T00:16:39.134Z  INFO 1 --- [zil-additional-service] [   scheduling-1] r.a.observability.ObservabilityService   : LAB9 Observability window=30s category=http.main.rents count=1424 sumNanos=237619431409 avgNanos=166867578
zil-additional-service  | 2026-05-05T00:16:39.134Z  INFO 1 --- [zil-additional-service] [   scheduling-1] r.a.observability.ObservabilityService   : LAB9 Observability window=30s category=http.main.cars count=1426 sumNanos=234019097179 avgNanos=164108763
zil-additional-service  | 2026-05-05T00:16:39.134Z  INFO 1 --- [zil-additional-service] [   scheduling-1] r.a.observability.ObservabilityService   : LAB9 Observability window=30s category=web.additional.availability_new count=701 sumNanos=231870444454 avgNanos=330770962
zil-additional-service  | 2026-05-05T00:16:39.134Z  INFO 1 --- [zil-additional-service] [   scheduling-1] r.a.observability.ObservabilityService   : LAB9 Observability window=30s category=additional.statsComputation.availability.allCitiesAllDates count=701 sumNanos=149266107 avgNanos=212933
zil-additional-service  | 2026-05-05T00:16:39.134Z  INFO 1 --- [zil-additional-service] [   scheduling-1] r.a.observability.ObservabilityService   : LAB9 Observability window=1m category=additional.statsComputation.stats count=1187 sumNanos=1811904 avgNanos=1526
zil-additional-service  | 2026-05-05T00:16:39.134Z  INFO 1 --- [zil-additional-service] [   scheduling-1] r.a.observability.ObservabilityService   : LAB9 Observability window=1m category=web.additional.stats count=1187 sumNanos=405215920109 avgNanos=341378197
zil-additional-service  | 2026-05-05T00:16:39.135Z  INFO 1 --- [zil-additional-service] [   scheduling-1] r.a.observability.ObservabilityService   : LAB9 Observability window=1m category=http.main.rents count=2349 sumNanos=403134203005 avgNanos=171619498
zil-additional-service  | 2026-05-05T00:16:39.135Z  INFO 1 --- [zil-additional-service] [   scheduling-1] r.a.observability.ObservabilityService   : LAB9 Observability window=1m category=http.main.cars count=2354 sumNanos=399709425213 avgNanos=169800095
zil-additional-service  | 2026-05-05T00:16:39.135Z  INFO 1 --- [zil-additional-service] [   scheduling-1] r.a.observability.ObservabilityService   : LAB9 Observability window=1m category=web.additional.availability_new count=1162 sumNanos=397732087985 avgNanos=342282347
zil-additional-service  | 2026-05-05T00:16:39.135Z  INFO 1 --- [zil-additional-service] [   scheduling-1] r.a.observability.ObservabilityService   : LAB9 Observability window=1m category=additional.statsComputation.availability.allCitiesAllDates count=1162 sumNanos=309038694 avgNanos=265954
zil-additional-service  | 2026-05-05T00:16:42.959Z  INFO 1 --- [zil-additional-service] [   scheduling-1] r.additional.service.ClientCacheService  : [client-cache-statistics] Client cache size=1000
zil-additional-service  | 2026-05-05T00:16:44.136Z  INFO 1 --- [zil-additional-service] [   scheduling-1] r.a.observability.ObservabilityService   : LAB9 Observability window=10s category=additional.statsComputation.stats count=233 sumNanos=265845 avgNanos=1140
zil-additional-service  | 2026-05-05T00:16:44.136Z  INFO 1 --- [zil-additional-service] [   scheduling-1] r.a.observability.ObservabilityService   : LAB9 Observability window=10s category=web.additional.stats count=233 sumNanos=76385414768 avgNanos=327834398
zil-additional-service  | 2026-05-05T00:16:44.136Z  INFO 1 --- [zil-additional-service] [   scheduling-1] r.a.observability.ObservabilityService   : LAB9 Observability window=10s category=http.main.rents count=479 sumNanos=77084545232 avgNanos=160928069
zil-additional-service  | 2026-05-05T00:16:44.136Z  INFO 1 --- [zil-additional-service] [   scheduling-1] r.a.observability.ObservabilityService   : LAB9 Observability window=10s category=http.main.cars count=481 sumNanos=79299538267 avgNanos=164863904
zil-additional-service  | 2026-05-05T00:16:44.136Z  INFO 1 --- [zil-additional-service] [   scheduling-1] r.a.observability.ObservabilityService   : LAB9 Observability window=10s category=web.additional.availability_new count=246 sumNanos=80041880340 avgNanos=325373497
zil-additional-service  | 2026-05-05T00:16:44.136Z  INFO 1 --- [zil-additional-service] [   scheduling-1] r.a.observability.ObservabilityService   : LAB9 Observability window=10s category=additional.statsComputation.availability.allCitiesAllDates count=246 sumNanos=59744683 avgNanos=242864
zil-additional-service  | 2026-05-05T00:16:44.136Z  INFO 1 --- [zil-additional-service] [   scheduling-1] r.a.observability.ObservabilityService   : LAB9 Observability window=30s category=additional.statsComputation.stats count=725 sumNanos=777497 avgNanos=1072
zil-additional-service  | 2026-05-05T00:16:44.136Z  INFO 1 --- [zil-additional-service] [   scheduling-1] r.a.observability.ObservabilityService   : LAB9 Observability window=30s category=web.additional.stats count=725 sumNanos=240985603405 avgNanos=332393935
zil-additional-service  | 2026-05-05T00:16:44.136Z  INFO 1 --- [zil-additional-service] [   scheduling-1] r.a.observability.ObservabilityService   : LAB9 Observability window=30s category=http.main.rents count=1428 sumNanos=236386705756 avgNanos=165536908
zil-additional-service  | 2026-05-05T00:16:44.136Z  INFO 1 --- [zil-additional-service] [   scheduling-1] r.a.observability.ObservabilityService   : LAB9 Observability window=30s category=http.main.cars count=1429 sumNanos=235305931293 avgNanos=164664752
zil-additional-service  | 2026-05-05T00:16:44.136Z  INFO 1 --- [zil-additional-service] [   scheduling-1] r.a.observability.ObservabilityService   : LAB9 Observability window=30s category=web.additional.availability_new count=703 sumNanos=231270765271 avgNanos=328976906
zil-additional-service  | 2026-05-05T00:16:44.136Z  INFO 1 --- [zil-additional-service] [   scheduling-1] r.a.observability.ObservabilityService   : LAB9 Observability window=30s category=additional.statsComputation.availability.allCitiesAllDates count=703 sumNanos=163365528 avgNanos=232383
zil-additional-service  | 2026-05-05T00:16:44.136Z  INFO 1 --- [zil-additional-service] [   scheduling-1] r.a.observability.ObservabilityService   : LAB9 Observability window=1m category=additional.statsComputation.stats count=1308 sumNanos=1967180 avgNanos=1503
zil-additional-service  | 2026-05-05T00:16:44.137Z  INFO 1 --- [zil-additional-service] [   scheduling-1] r.a.observability.ObservabilityService   : LAB9 Observability window=1m category=web.additional.stats count=1308 sumNanos=444704185215 avgNanos=339987909
zil-additional-service  | 2026-05-05T00:16:44.137Z  INFO 1 --- [zil-additional-service] [   scheduling-1] r.a.observability.ObservabilityService   : LAB9 Observability window=1m category=http.main.rents count=2584 sumNanos=441195855839 avgNanos=170741430
zil-additional-service  | 2026-05-05T00:16:44.137Z  INFO 1 --- [zil-additional-service] [   scheduling-1] r.a.observability.ObservabilityService   : LAB9 Observability window=1m category=http.main.cars count=2593 sumNanos=439270844325 avgNanos=169406418
zil-additional-service  | 2026-05-05T00:16:44.137Z  INFO 1 --- [zil-additional-service] [   scheduling-1] r.a.observability.ObservabilityService   : LAB9 Observability window=1m category=web.additional.availability_new count=1276 sumNanos=435268182037 avgNanos=341119264
zil-additional-service  | 2026-05-05T00:16:44.137Z  INFO 1 --- [zil-additional-service] [   scheduling-1] r.a.observability.ObservabilityService   : LAB9 Observability window=1m category=additional.statsComputation.availability.allCitiesAllDates count=1276 sumNanos=343268410 avgNanos=269019
zil-additional-service  | 2026-05-05T00:16:49.138Z  INFO 1 --- [zil-additional-service] [   scheduling-1] r.a.observability.ObservabilityService   : LAB9 Observability window=10s category=additional.statsComputation.stats count=231 sumNanos=272170 avgNanos=1178
zil-additional-service  | 2026-05-05T00:16:49.142Z  INFO 1 --- [zil-additional-service] [   scheduling-1] r.a.observability.ObservabilityService   : LAB9 Observability window=10s category=web.additional.stats count=231 sumNanos=76329834379 avgNanos=330432183
zil-additional-service  | 2026-05-05T00:16:49.142Z  INFO 1 --- [zil-additional-service] [   scheduling-1] r.a.observability.ObservabilityService   : LAB9 Observability window=10s category=http.main.rents count=470 sumNanos=78070763513 avgNanos=166108007
zil-additional-service  | 2026-05-05T00:16:49.142Z  INFO 1 --- [zil-additional-service] [   scheduling-1] r.a.observability.ObservabilityService   : LAB9 Observability window=10s category=http.main.cars count=473 sumNanos=78104749860 avgNanos=165126321
zil-additional-service  | 2026-05-05T00:16:49.142Z  INFO 1 --- [zil-additional-service] [   scheduling-1] r.a.observability.ObservabilityService   : LAB9 Observability window=10s category=web.additional.availability_new count=239 sumNanos=79604431228 avgNanos=333072934
zil-additional-service  | 2026-05-05T00:16:49.142Z  INFO 1 --- [zil-additional-service] [   scheduling-1] r.a.observability.ObservabilityService   : LAB9 Observability window=10s category=additional.statsComputation.availability.allCitiesAllDates count=239 sumNanos=63397616 avgNanos=265261
zil-additional-service  | 2026-05-05T00:16:49.142Z  INFO 1 --- [zil-additional-service] [   scheduling-1] r.a.observability.ObservabilityService   : LAB9 Observability window=30s category=additional.statsComputation.stats count=730 sumNanos=790238 avgNanos=1082
zil-additional-service  | 2026-05-05T00:16:49.142Z  INFO 1 --- [zil-additional-service] [   scheduling-1] r.a.observability.ObservabilityService   : LAB9 Observability window=30s category=web.additional.stats count=730 sumNanos=241884970336 avgNanos=331349274
zil-additional-service  | 2026-05-05T00:16:49.142Z  INFO 1 --- [zil-additional-service] [   scheduling-1] r.a.observability.ObservabilityService   : LAB9 Observability window=30s category=http.main.rents count=1425 sumNanos=235769324042 avgNanos=165452157
zil-additional-service  | 2026-05-05T00:16:49.142Z  INFO 1 --- [zil-additional-service] [   scheduling-1] r.a.observability.ObservabilityService   : LAB9 Observability window=30s category=http.main.cars count=1427 sumNanos=234859668153 avgNanos=164582808
zil-additional-service  | 2026-05-05T00:16:49.142Z  INFO 1 --- [zil-additional-service] [   scheduling-1] r.a.observability.ObservabilityService   : LAB9 Observability window=30s category=web.additional.availability_new count=695 sumNanos=228882371425 avgNanos=329327153
zil-additional-service  | 2026-05-05T00:16:49.142Z  INFO 1 --- [zil-additional-service] [   scheduling-1] r.a.observability.ObservabilityService   : LAB9 Observability window=30s category=additional.statsComputation.availability.allCitiesAllDates count=695 sumNanos=149210451 avgNanos=214691
zil-additional-service  | 2026-05-05T00:16:49.142Z  INFO 1 --- [zil-additional-service] [   scheduling-1] r.a.observability.ObservabilityService   : LAB9 Observability window=1m category=additional.statsComputation.stats count=1410 sumNanos=2064656 avgNanos=1464
zil-additional-service  | 2026-05-05T00:16:49.142Z  INFO 1 --- [zil-additional-service] [   scheduling-1] r.a.observability.ObservabilityService   : LAB9 Observability window=1m category=web.additional.stats count=1410 sumNanos=477729992611 avgNanos=338815597
zil-additional-service  | 2026-05-05T00:16:49.142Z  INFO 1 --- [zil-additional-service] [   scheduling-1] r.a.observability.ObservabilityService   : LAB9 Observability window=1m category=http.main.rents count=2795 sumNanos=476424672942 avgNanos=170456054
zil-additional-service  | 2026-05-05T00:16:49.142Z  INFO 1 --- [zil-additional-service] [   scheduling-1] r.a.observability.ObservabilityService   : LAB9 Observability window=1m category=http.main.cars count=2795 sumNanos=470840098846 avgNanos=168457996
zil-additional-service  | 2026-05-05T00:16:49.142Z  INFO 1 --- [zil-additional-service] [   scheduling-1] r.a.observability.ObservabilityService   : LAB9 Observability window=1m category=web.additional.availability_new count=1385 sumNanos=470651811165 avgNanos=339820802
zil-additional-service  | 2026-05-05T00:16:49.142Z  INFO 1 --- [zil-additional-service] [   scheduling-1] r.a.observability.ObservabilityService   : LAB9 Observability window=1m category=additional.statsComputation.availability.allCitiesAllDates count=1385 sumNanos=369558942 avgNanos=266829
zil-additional-service  | 2026-05-05T00:16:52.959Z  INFO 1 --- [zil-additional-service] [   scheduling-1] r.additional.service.ClientCacheService  : [client-cache-statistics] Client cache size=1000
zil-additional-service  | 2026-05-05T00:16:54.144Z  INFO 1 --- [zil-additional-service] [   scheduling-1] r.a.observability.ObservabilityService   : LAB9 Observability window=10s category=additional.statsComputation.stats count=238 sumNanos=339564 avgNanos=1426
zil-additional-service  | 2026-05-05T00:16:54.145Z  INFO 1 --- [zil-additional-service] [   scheduling-1] r.a.observability.ObservabilityService   : LAB9 Observability window=10s category=web.additional.stats count=238 sumNanos=78845608874 avgNanos=331284070
zil-additional-service  | 2026-05-05T00:16:54.145Z  INFO 1 --- [zil-additional-service] [   scheduling-1] r.a.observability.ObservabilityService   : LAB9 Observability window=10s category=http.main.rents count=479 sumNanos=79768120574 avgNanos=166530523
zil-additional-service  | 2026-05-05T00:16:54.146Z  INFO 1 --- [zil-additional-service] [   scheduling-1] r.a.observability.ObservabilityService   : LAB9 Observability window=10s category=http.main.cars count=476 sumNanos=77541816295 avgNanos=162902975
zil-additional-service  | 2026-05-05T00:16:54.146Z  INFO 1 --- [zil-additional-service] [   scheduling-1] r.a.observability.ObservabilityService   : LAB9 Observability window=10s category=web.additional.availability_new count=241 sumNanos=79071335174 avgNanos=328096826
zil-additional-service  | 2026-05-05T00:16:54.149Z  INFO 1 --- [zil-additional-service] [   scheduling-1] r.a.observability.ObservabilityService   : LAB9 Observability window=10s category=additional.statsComputation.availability.allCitiesAllDates count=241 sumNanos=83460070 avgNanos=346307
zil-additional-service  | 2026-05-05T00:16:54.149Z  INFO 1 --- [zil-additional-service] [   scheduling-1] r.a.observability.ObservabilityService   : LAB9 Observability window=30s category=additional.statsComputation.stats count=711 sumNanos=865017 avgNanos=1216
zil-additional-service  | 2026-05-05T00:16:54.149Z  INFO 1 --- [zil-additional-service] [   scheduling-1] r.a.observability.ObservabilityService   : LAB9 Observability window=30s category=web.additional.stats count=711 sumNanos=236370964496 avgNanos=332448613
zil-additional-service  | 2026-05-05T00:16:54.149Z  INFO 1 --- [zil-additional-service] [   scheduling-1] r.a.observability.ObservabilityService   : LAB9 Observability window=30s category=http.main.rents count=1427 sumNanos=235839221390 avgNanos=165269251
zil-additional-service  | 2026-05-05T00:16:54.149Z  INFO 1 --- [zil-additional-service] [   scheduling-1] r.a.observability.ObservabilityService   : LAB9 Observability window=30s category=http.main.cars count=1425 sumNanos=235080750999 avgNanos=164968948
zil-additional-service  | 2026-05-05T00:16:54.149Z  INFO 1 --- [zil-additional-service] [   scheduling-1] r.a.observability.ObservabilityService   : LAB9 Observability window=30s category=web.additional.availability_new count=716 sumNanos=235233741564 avgNanos=328538745
zil-additional-service  | 2026-05-05T00:16:54.149Z  INFO 1 --- [zil-additional-service] [   scheduling-1] r.a.observability.ObservabilityService   : LAB9 Observability window=30s category=additional.statsComputation.availability.allCitiesAllDates count=716 sumNanos=192170780 avgNanos=268394
zil-additional-service  | 2026-05-05T00:16:54.154Z  INFO 1 --- [zil-additional-service] [   scheduling-1] r.a.observability.ObservabilityService   : LAB9 Observability window=1m category=additional.statsComputation.stats count=1420 sumNanos=1739450 avgNanos=1224
zil-additional-service  | 2026-05-05T00:16:54.154Z  INFO 1 --- [zil-additional-service] [   scheduling-1] r.a.observability.ObservabilityService   : LAB9 Observability window=1m category=web.additional.stats count=1420 sumNanos=477339900246 avgNanos=336154859
zil-additional-service  | 2026-05-05T00:16:54.154Z  INFO 1 --- [zil-additional-service] [   scheduling-1] r.a.observability.ObservabilityService   : LAB9 Observability window=1m category=http.main.rents count=2818 sumNanos=475412685208 avgNanos=168705708
zil-additional-service  | 2026-05-05T00:16:54.154Z  INFO 1 --- [zil-additional-service] [   scheduling-1] r.a.observability.ObservabilityService   : LAB9 Observability window=1m category=http.main.cars count=2818 sumNanos=471287625641 avgNanos=167241882
zil-additional-service  | 2026-05-05T00:16:54.154Z  INFO 1 --- [zil-additional-service] [   scheduling-1] r.a.observability.ObservabilityService   : LAB9 Observability window=1m category=web.additional.availability_new count=1398 sumNanos=470401371434 avgNanos=336481667
zil-additional-service  | 2026-05-05T00:16:54.155Z  INFO 1 --- [zil-additional-service] [   scheduling-1] r.a.observability.ObservabilityService   : LAB9 Observability window=1m category=additional.statsComputation.availability.allCitiesAllDates count=1398 sumNanos=311720947 avgNanos=222976
zil-additional-service  | 2026-05-05T00:16:59.156Z  INFO 1 --- [zil-additional-service] [   scheduling-1] r.a.observability.ObservabilityService   : LAB9 Observability window=10s category=additional.statsComputation.stats count=257 sumNanos=339830 avgNanos=1322
zil-additional-service  | 2026-05-05T00:16:59.156Z  INFO 1 --- [zil-additional-service] [   scheduling-1] r.a.observability.ObservabilityService   : LAB9 Observability window=10s category=web.additional.stats count=257 sumNanos=86447559994 avgNanos=336371828
zil-additional-service  | 2026-05-05T00:16:59.156Z  INFO 1 --- [zil-additional-service] [   scheduling-1] r.a.observability.ObservabilityService   : LAB9 Observability window=10s category=http.main.rents count=475 sumNanos=80911884899 avgNanos=170340810
zil-additional-service  | 2026-05-05T00:16:59.156Z  INFO 1 --- [zil-additional-service] [   scheduling-1] r.a.observability.ObservabilityService   : LAB9 Observability window=10s category=http.main.cars count=473 sumNanos=76435083875 avgNanos=161596371
zil-additional-service  | 2026-05-05T00:16:59.156Z  INFO 1 --- [zil-additional-service] [   scheduling-1] r.a.observability.ObservabilityService   : LAB9 Observability window=10s category=web.additional.availability_new count=218 sumNanos=70909949819 avgNanos=325274999
zil-additional-service  | 2026-05-05T00:16:59.156Z  INFO 1 --- [zil-additional-service] [   scheduling-1] r.a.observability.ObservabilityService   : LAB9 Observability window=10s category=additional.statsComputation.availability.allCitiesAllDates count=218 sumNanos=69345713 avgNanos=318099
zil-additional-service  | 2026-05-05T00:16:59.157Z  INFO 1 --- [zil-additional-service] [   scheduling-1] r.a.observability.ObservabilityService   : LAB9 Observability window=30s category=additional.statsComputation.stats count=718 sumNanos=858242 avgNanos=1195
zil-additional-service  | 2026-05-05T00:16:59.157Z  INFO 1 --- [zil-additional-service] [   scheduling-1] r.a.observability.ObservabilityService   : LAB9 Observability window=30s category=web.additional.stats count=718 sumNanos=240499269676 avgNanos=334957200
zil-additional-service  | 2026-05-05T00:16:59.157Z  INFO 1 --- [zil-additional-service] [   scheduling-1] r.a.observability.ObservabilityService   : LAB9 Observability window=30s category=http.main.rents count=1422 sumNanos=237272512209 avgNanos=166858306
zil-additional-service  | 2026-05-05T00:16:59.157Z  INFO 1 --- [zil-additional-service] [   scheduling-1] r.a.observability.ObservabilityService   : LAB9 Observability window=30s category=http.main.cars count=1419 sumNanos=233810139562 avgNanos=164771063
zil-additional-service  | 2026-05-05T00:16:59.157Z  INFO 1 --- [zil-additional-service] [   scheduling-1] r.a.observability.ObservabilityService   : LAB9 Observability window=30s category=web.additional.availability_new count=704 sumNanos=231404733814 avgNanos=328699905
zil-additional-service  | 2026-05-05T00:16:59.157Z  INFO 1 --- [zil-additional-service] [   scheduling-1] r.a.observability.ObservabilityService   : LAB9 Observability window=30s category=additional.statsComputation.availability.allCitiesAllDates count=704 sumNanos=187879038 avgNanos=266873
zil-additional-service  | 2026-05-05T00:16:59.157Z  INFO 1 --- [zil-additional-service] [   scheduling-1] r.a.observability.ObservabilityService   : LAB9 Observability window=1m category=additional.statsComputation.stats count=1439 sumNanos=1577250 avgNanos=1096
zil-additional-service  | 2026-05-05T00:16:59.157Z  INFO 1 --- [zil-additional-service] [   scheduling-1] r.a.observability.ObservabilityService   : LAB9 Observability window=1m category=web.additional.stats count=1439 sumNanos=479077746861 avgNanos=332924077
zil-additional-service  | 2026-05-05T00:16:59.157Z  INFO 1 --- [zil-additional-service] [   scheduling-1] r.a.observability.ObservabilityService   : LAB9 Observability window=1m category=http.main.rents count=2833 sumNanos=475343640958 avgNanos=167788083
zil-additional-service  | 2026-05-05T00:16:59.157Z  INFO 1 --- [zil-additional-service] [   scheduling-1] r.a.observability.ObservabilityService   : LAB9 Observability window=1m category=http.main.cars count=2834 sumNanos=467189832257 avgNanos=164851740
zil-additional-service  | 2026-05-05T00:16:59.158Z  INFO 1 --- [zil-additional-service] [   scheduling-1] r.a.observability.ObservabilityService   : LAB9 Observability window=1m category=web.additional.availability_new count=1394 sumNanos=464272045045 avgNanos=333050247
zil-additional-service  | 2026-05-05T00:16:59.158Z  INFO 1 --- [zil-additional-service] [   scheduling-1] r.a.observability.ObservabilityService   : LAB9 Observability window=1m category=additional.statsComputation.availability.allCitiesAllDates count=1394 sumNanos=309793609 avgNanos=222233
zil-additional-service  | 2026-05-05T00:17:02.959Z  INFO 1 --- [zil-additional-service] [   scheduling-1] r.additional.service.ClientCacheService  : [client-cache-statistics] Client cache size=1000
zil-additional-service  | 2026-05-05T00:17:04.161Z  INFO 1 --- [zil-additional-service] [   scheduling-1] r.a.observability.ObservabilityService   : LAB9 Observability window=10s category=additional.statsComputation.stats count=257 sumNanos=261764 avgNanos=1018
zil-additional-service  | 2026-05-05T00:17:04.161Z  INFO 1 --- [zil-additional-service] [   scheduling-1] r.a.observability.ObservabilityService   : LAB9 Observability window=10s category=web.additional.stats count=257 sumNanos=87308261078 avgNanos=339720860
zil-additional-service  | 2026-05-05T00:17:04.161Z  INFO 1 --- [zil-additional-service] [   scheduling-1] r.a.observability.ObservabilityService   : LAB9 Observability window=10s category=http.main.rents count=470 sumNanos=81151702969 avgNanos=172663197
zil-additional-service  | 2026-05-05T00:17:04.161Z  INFO 1 --- [zil-additional-service] [   scheduling-1] r.a.observability.ObservabilityService   : LAB9 Observability window=10s category=http.main.cars count=473 sumNanos=77131680681 avgNanos=163069092
zil-additional-service  | 2026-05-05T00:17:04.161Z  INFO 1 --- [zil-additional-service] [   scheduling-1] r.a.observability.ObservabilityService   : LAB9 Observability window=10s category=web.additional.availability_new count=213 sumNanos=70576086544 avgNanos=331343129
zil-additional-service  | 2026-05-05T00:17:04.162Z  INFO 1 --- [zil-additional-service] [   scheduling-1] r.a.observability.ObservabilityService   : LAB9 Observability window=10s category=additional.statsComputation.availability.allCitiesAllDates count=213 sumNanos=36256709 avgNanos=170219
zil-additional-service  | 2026-05-05T00:17:04.162Z  INFO 1 --- [zil-additional-service] [   scheduling-1] r.a.observability.ObservabilityService   : LAB9 Observability window=30s category=additional.statsComputation.stats count=728 sumNanos=867173 avgNanos=1191
zil-additional-service  | 2026-05-05T00:17:04.162Z  INFO 1 --- [zil-additional-service] [   scheduling-1] r.a.observability.ObservabilityService   : LAB9 Observability window=30s category=web.additional.stats count=728 sumNanos=242539284720 avgNanos=333158358
zil-additional-service  | 2026-05-05T00:17:04.162Z  INFO 1 --- [zil-additional-service] [   scheduling-1] r.a.observability.ObservabilityService   : LAB9 Observability window=30s category=http.main.rents count=1429 sumNanos=238186782016 avgNanos=166680743
zil-additional-service  | 2026-05-05T00:17:04.162Z  INFO 1 --- [zil-additional-service] [   scheduling-1] r.a.observability.ObservabilityService   : LAB9 Observability window=30s category=http.main.cars count=1427 sumNanos=233404934319 avgNanos=163563373
zil-additional-service  | 2026-05-05T00:17:04.163Z  INFO 1 --- [zil-additional-service] [   scheduling-1] r.a.observability.ObservabilityService   : LAB9 Observability window=30s category=web.additional.availability_new count=701 sumNanos=230044417242 avgNanos=328166073
zil-additional-service  | 2026-05-05T00:17:04.163Z  INFO 1 --- [zil-additional-service] [   scheduling-1] r.a.observability.ObservabilityService   : LAB9 Observability window=30s category=additional.statsComputation.availability.allCitiesAllDates count=701 sumNanos=179624319 avgNanos=256240
zil-additional-service  | 2026-05-05T00:17:04.163Z  INFO 1 --- [zil-additional-service] [   scheduling-1] r.a.observability.ObservabilityService   : LAB9 Observability window=1m category=additional.statsComputation.stats count=1454 sumNanos=1616517 avgNanos=1111
zil-additional-service  | 2026-05-05T00:17:04.163Z  INFO 1 --- [zil-additional-service] [   scheduling-1] r.a.observability.ObservabilityService   : LAB9 Observability window=1m category=web.additional.stats count=1454 sumNanos=484643775538 avgNanos=333317589
zil-additional-service  | 2026-05-05T00:17:04.163Z  INFO 1 --- [zil-additional-service] [   scheduling-1] r.a.observability.ObservabilityService   : LAB9 Observability window=1m category=http.main.rents count=2839 sumNanos=477022856395 avgNanos=168024958
zil-additional-service  | 2026-05-05T00:17:04.164Z  INFO 1 --- [zil-additional-service] [   scheduling-1] r.a.observability.ObservabilityService   : LAB9 Observability window=1m category=http.main.cars count=2838 sumNanos=466903043004 avgNanos=164518337
zil-additional-service  | 2026-05-05T00:17:04.164Z  INFO 1 --- [zil-additional-service] [   scheduling-1] r.a.observability.ObservabilityService   : LAB9 Observability window=1m category=web.additional.availability_new count=1385 sumNanos=460321836329 avgNanos=332362336
zil-additional-service  | 2026-05-05T00:17:04.164Z  INFO 1 --- [zil-additional-service] [   scheduling-1] r.a.observability.ObservabilityService   : LAB9 Observability window=1m category=additional.statsComputation.availability.allCitiesAllDates count=1385 sumNanos=317071678 avgNanos=228932
zil-additional-service  | 2026-05-05T00:17:09.165Z  INFO 1 --- [zil-additional-service] [   scheduling-1] r.a.observability.ObservabilityService   : LAB9 Observability window=10s category=additional.statsComputation.stats count=238 sumNanos=245685 avgNanos=1032
zil-additional-service  | 2026-05-05T00:17:09.166Z  INFO 1 --- [zil-additional-service] [   scheduling-1] r.a.observability.ObservabilityService   : LAB9 Observability window=10s category=web.additional.stats count=238 sumNanos=79686388093 avgNanos=334816756
zil-additional-service  | 2026-05-05T00:17:09.166Z  INFO 1 --- [zil-additional-service] [   scheduling-1] r.a.observability.ObservabilityService   : LAB9 Observability window=10s category=http.main.rents count=480 sumNanos=80411727216 avgNanos=167524431
zil-additional-service  | 2026-05-05T00:17:09.166Z  INFO 1 --- [zil-additional-service] [   scheduling-1] r.a.observability.ObservabilityService   : LAB9 Observability window=10s category=http.main.cars count=479 sumNanos=78224992740 avgNanos=163308961
zil-additional-service  | 2026-05-05T00:17:09.166Z  INFO 1 --- [zil-additional-service] [   scheduling-1] r.a.observability.ObservabilityService   : LAB9 Observability window=10s category=web.additional.availability_new count=242 sumNanos=79594683557 avgNanos=328903651
zil-additional-service  | 2026-05-05T00:17:09.169Z  INFO 1 --- [zil-additional-service] [   scheduling-1] r.a.observability.ObservabilityService   : LAB9 Observability window=10s category=additional.statsComputation.availability.allCitiesAllDates count=242 sumNanos=41138673 avgNanos=169994
zil-additional-service  | 2026-05-05T00:17:09.170Z  INFO 1 --- [zil-additional-service] [   scheduling-1] r.a.observability.ObservabilityService   : LAB9 Observability window=30s category=additional.statsComputation.stats count=728 sumNanos=859641 avgNanos=1180
zil-additional-service  | 2026-05-05T00:17:09.170Z  INFO 1 --- [zil-additional-service] [   scheduling-1] r.a.observability.ObservabilityService   : LAB9 Observability window=30s category=web.additional.stats count=728 sumNanos=243089409714 avgNanos=333914024
zil-additional-service  | 2026-05-05T00:17:09.170Z  INFO 1 --- [zil-additional-service] [   scheduling-1] r.a.observability.ObservabilityService   : LAB9 Observability window=30s category=http.main.rents count=1427 sumNanos=239681113972 avgNanos=167961537
zil-additional-service  | 2026-05-05T00:17:09.170Z  INFO 1 --- [zil-additional-service] [   scheduling-1] r.a.observability.ObservabilityService   : LAB9 Observability window=30s category=http.main.cars count=1427 sumNanos=233126378227 avgNanos=163368169
zil-additional-service  | 2026-05-05T00:17:09.171Z  INFO 1 --- [zil-additional-service] [   scheduling-1] r.a.observability.ObservabilityService   : LAB9 Observability window=30s category=web.additional.availability_new count=699 sumNanos=230109064604 avgNanos=329197517
zil-additional-service  | 2026-05-05T00:17:09.171Z  INFO 1 --- [zil-additional-service] [   scheduling-1] r.a.observability.ObservabilityService   : LAB9 Observability window=30s category=additional.statsComputation.availability.allCitiesAllDates count=699 sumNanos=173882002 avgNanos=248758
zil-additional-service  | 2026-05-05T00:17:09.172Z  INFO 1 --- [zil-additional-service] [   scheduling-1] r.a.observability.ObservabilityService   : LAB9 Observability window=1m category=additional.statsComputation.stats count=1450 sumNanos=1611179 avgNanos=1111
zil-additional-service  | 2026-05-05T00:17:09.172Z  INFO 1 --- [zil-additional-service] [   scheduling-1] r.a.observability.ObservabilityService   : LAB9 Observability window=1m category=web.additional.stats count=1450 sumNanos=482718533374 avgNanos=332909333
zil-additional-service  | 2026-05-05T00:17:09.172Z  INFO 1 --- [zil-additional-service] [   scheduling-1] r.a.observability.ObservabilityService   : LAB9 Observability window=1m category=http.main.rents count=2850 sumNanos=477113666703 avgNanos=167408304
zil-additional-service  | 2026-05-05T00:17:09.173Z  INFO 1 --- [zil-additional-service] [   scheduling-1] r.a.observability.ObservabilityService   : LAB9 Observability window=1m category=http.main.cars count=2847 sumNanos=466310415815 avgNanos=163790100
zil-additional-service  | 2026-05-05T00:17:09.173Z  INFO 1 --- [zil-additional-service] [   scheduling-1] r.a.observability.ObservabilityService   : LAB9 Observability window=1m category=web.additional.availability_new count=1400 sumNanos=461979509058 avgNanos=329985363
zil-additional-service  | 2026-05-05T00:17:09.173Z  INFO 1 --- [zil-additional-service] [   scheduling-1] r.a.observability.ObservabilityService   : LAB9 Observability window=1m category=additional.statsComputation.availability.allCitiesAllDates count=1400 sumNanos=323148109 avgNanos=230820
zil-additional-service  | 2026-05-05T00:17:12.959Z  INFO 1 --- [zil-additional-service] [   scheduling-1] r.additional.service.ClientCacheService  : [client-cache-statistics] Client cache size=1000
zil-additional-service  | 2026-05-05T00:17:14.177Z  INFO 1 --- [zil-additional-service] [   scheduling-1] r.a.observability.ObservabilityService   : LAB9 Observability window=10s category=additional.statsComputation.stats count=226 sumNanos=220044 avgNanos=973
zil-additional-service  | 2026-05-05T00:17:14.177Z  INFO 1 --- [zil-additional-service] [   scheduling-1] r.a.observability.ObservabilityService   : LAB9 Observability window=10s category=web.additional.stats count=226 sumNanos=74890032354 avgNanos=331371824
zil-additional-service  | 2026-05-05T00:17:14.177Z  INFO 1 --- [zil-additional-service] [   scheduling-1] r.a.observability.ObservabilityService   : LAB9 Observability window=10s category=http.main.rents count=479 sumNanos=79664742939 avgNanos=166314703
zil-additional-service  | 2026-05-05T00:17:14.177Z  INFO 1 --- [zil-additional-service] [   scheduling-1] r.a.observability.ObservabilityService   : LAB9 Observability window=10s category=http.main.cars count=478 sumNanos=77392680605 avgNanos=161909373
zil-additional-service  | 2026-05-05T00:17:14.177Z  INFO 1 --- [zil-additional-service] [   scheduling-1] r.a.observability.ObservabilityService   : LAB9 Observability window=10s category=web.additional.availability_new count=253 sumNanos=82564734073 avgNanos=326342822
zil-additional-service  | 2026-05-05T00:17:14.177Z  INFO 1 --- [zil-additional-service] [   scheduling-1] r.a.observability.ObservabilityService   : LAB9 Observability window=10s category=additional.statsComputation.availability.allCitiesAllDates count=253 sumNanos=40795288 avgNanos=161246
zil-additional-service  | 2026-05-05T00:17:14.178Z  INFO 1 --- [zil-additional-service] [   scheduling-1] r.a.observability.ObservabilityService   : LAB9 Observability window=30s category=additional.statsComputation.stats count=719 sumNanos=818673 avgNanos=1138
zil-additional-service  | 2026-05-05T00:17:14.178Z  INFO 1 --- [zil-additional-service] [   scheduling-1] r.a.observability.ObservabilityService   : LAB9 Observability window=30s category=web.additional.stats count=719 sumNanos=240478263606 avgNanos=334462119
zil-additional-service  | 2026-05-05T00:17:14.178Z  INFO 1 --- [zil-additional-service] [   scheduling-1] r.a.observability.ObservabilityService   : LAB9 Observability window=30s category=http.main.rents count=1425 sumNanos=239930657134 avgNanos=168372390
zil-additional-service  | 2026-05-05T00:17:14.178Z  INFO 1 --- [zil-additional-service] [   scheduling-1] r.a.observability.ObservabilityService   : LAB9 Observability window=30s category=http.main.cars count=1425 sumNanos=231690982759 avgNanos=162590163
zil-additional-service  | 2026-05-05T00:17:14.178Z  INFO 1 --- [zil-additional-service] [   scheduling-1] r.a.observability.ObservabilityService   : LAB9 Observability window=30s category=web.additional.availability_new count=706 sumNanos=231753709014 avgNanos=328263043
zil-additional-service  | 2026-05-05T00:17:14.178Z  INFO 1 --- [zil-additional-service] [   scheduling-1] r.a.observability.ObservabilityService   : LAB9 Observability window=30s category=additional.statsComputation.availability.allCitiesAllDates count=706 sumNanos=160408575 avgNanos=227207
zil-additional-service  | 2026-05-05T00:17:14.178Z  INFO 1 --- [zil-additional-service] [   scheduling-1] r.a.observability.ObservabilityService   : LAB9 Observability window=1m category=additional.statsComputation.stats count=1446 sumNanos=1598869 avgNanos=1105
zil-additional-service  | 2026-05-05T00:17:14.178Z  INFO 1 --- [zil-additional-service] [   scheduling-1] r.a.observability.ObservabilityService   : LAB9 Observability window=1m category=web.additional.stats count=1446 sumNanos=482029505711 avgNanos=333353738
zil-additional-service  | 2026-05-05T00:17:14.178Z  INFO 1 --- [zil-additional-service] [   scheduling-1] r.a.observability.ObservabilityService   : LAB9 Observability window=1m category=http.main.rents count=2857 sumNanos=477153685479 avgNanos=167012140
zil-additional-service  | 2026-05-05T00:17:14.178Z  INFO 1 --- [zil-additional-service] [   scheduling-1] r.a.observability.ObservabilityService   : LAB9 Observability window=1m category=http.main.cars count=2854 sumNanos=466806534479 avgNanos=163562205
zil-additional-service  | 2026-05-05T00:17:14.178Z  INFO 1 --- [zil-additional-service] [   scheduling-1] r.a.observability.ObservabilityService   : LAB9 Observability window=1m category=web.additional.availability_new count=1411 sumNanos=463838036246 avgNanos=328730004
zil-additional-service  | 2026-05-05T00:17:14.178Z  INFO 1 --- [zil-additional-service] [   scheduling-1] r.a.observability.ObservabilityService   : LAB9 Observability window=1m category=additional.statsComputation.availability.allCitiesAllDates count=1411 sumNanos=324040452 avgNanos=229653
zil-additional-service  | 2026-05-05T00:17:19.180Z  INFO 1 --- [zil-additional-service] [   scheduling-1] r.a.observability.ObservabilityService   : LAB9 Observability window=10s category=additional.statsComputation.stats count=226 sumNanos=237682 avgNanos=1051
zil-additional-service  | 2026-05-05T00:17:19.181Z  INFO 1 --- [zil-additional-service] [   scheduling-1] r.a.observability.ObservabilityService   : LAB9 Observability window=10s category=web.additional.stats count=226 sumNanos=74247560937 avgNanos=328529030
zil-additional-service  | 2026-05-05T00:17:19.181Z  INFO 1 --- [zil-additional-service] [   scheduling-1] r.a.observability.ObservabilityService   : LAB9 Observability window=10s category=http.main.rents count=475 sumNanos=79281041323 avgNanos=166907455
zil-additional-service  | 2026-05-05T00:17:19.181Z  INFO 1 --- [zil-additional-service] [   scheduling-1] r.a.observability.ObservabilityService   : LAB9 Observability window=10s category=http.main.cars count=481 sumNanos=76955432198 avgNanos=159990503
zil-additional-service  | 2026-05-05T00:17:19.181Z  INFO 1 --- [zil-additional-service] [   scheduling-1] r.a.observability.ObservabilityService   : LAB9 Observability window=10s category=web.additional.availability_new count=249 sumNanos=81347090081 avgNanos=326695140
zil-additional-service  | 2026-05-05T00:17:19.181Z  INFO 1 --- [zil-additional-service] [   scheduling-1] r.a.observability.ObservabilityService   : LAB9 Observability window=10s category=additional.statsComputation.availability.allCitiesAllDates count=249 sumNanos=40341025 avgNanos=162012
zil-additional-service  | 2026-05-05T00:17:19.182Z  INFO 1 --- [zil-additional-service] [   scheduling-1] r.a.observability.ObservabilityService   : LAB9 Observability window=30s category=additional.statsComputation.stats count=722 sumNanos=824089 avgNanos=1141
zil-additional-service  | 2026-05-05T00:17:19.182Z  INFO 1 --- [zil-additional-service] [   scheduling-1] r.a.observability.ObservabilityService   : LAB9 Observability window=30s category=web.additional.stats count=722 sumNanos=240718382648 avgNanos=333404962
zil-additional-service  | 2026-05-05T00:17:19.182Z  INFO 1 --- [zil-additional-service] [   scheduling-1] r.a.observability.ObservabilityService   : LAB9 Observability window=30s category=http.main.rents count=1430 sumNanos=240575686901 avgNanos=168234746
zil-additional-service  | 2026-05-05T00:17:19.182Z  INFO 1 --- [zil-additional-service] [   scheduling-1] r.a.observability.ObservabilityService   : LAB9 Observability window=30s category=http.main.cars count=1431 sumNanos=231232747441 avgNanos=161588223
zil-additional-service  | 2026-05-05T00:17:19.182Z  INFO 1 --- [zil-additional-service] [   scheduling-1] r.a.observability.ObservabilityService   : LAB9 Observability window=30s category=web.additional.availability_new count=709 sumNanos=231851723457 avgNanos=327012303
zil-additional-service  | 2026-05-05T00:17:19.182Z  INFO 1 --- [zil-additional-service] [   scheduling-1] r.a.observability.ObservabilityService   : LAB9 Observability window=30s category=additional.statsComputation.availability.allCitiesAllDates count=709 sumNanos=150825411 avgNanos=212729
zil-additional-service  | 2026-05-05T00:17:19.183Z  INFO 1 --- [zil-additional-service] [   scheduling-1] r.a.observability.ObservabilityService   : LAB9 Observability window=1m category=additional.statsComputation.stats count=1453 sumNanos=1615391 avgNanos=1111
zil-additional-service  | 2026-05-05T00:17:19.184Z  INFO 1 --- [zil-additional-service] [   scheduling-1] r.a.observability.ObservabilityService   : LAB9 Observability window=1m category=web.additional.stats count=1453 sumNanos=482892106608 avgNanos=332341436
zil-additional-service  | 2026-05-05T00:17:19.185Z  INFO 1 --- [zil-additional-service] [   scheduling-1] r.a.observability.ObservabilityService   : LAB9 Observability window=1m category=http.main.rents count=2855 sumNanos=476303549274 avgNanos=166831365
zil-additional-service  | 2026-05-05T00:17:19.185Z  INFO 1 --- [zil-additional-service] [   scheduling-1] r.a.observability.ObservabilityService   : LAB9 Observability window=1m category=http.main.cars count=2859 sumNanos=466387219698 avgNanos=163129492
zil-additional-service  | 2026-05-05T00:17:19.185Z  INFO 1 --- [zil-additional-service] [   scheduling-1] r.a.observability.ObservabilityService   : LAB9 Observability window=1m category=web.additional.availability_new count=1402 sumNanos=460065261108 avgNanos=328149258
zil-additional-service  | 2026-05-05T00:17:19.185Z  INFO 1 --- [zil-additional-service] [   scheduling-1] r.a.observability.ObservabilityService   : LAB9 Observability window=1m category=additional.statsComputation.availability.allCitiesAllDates count=1402 sumNanos=299934627 avgNanos=213933
zil-additional-service  | 2026-05-05T00:17:22.959Z  INFO 1 --- [zil-additional-service] [   scheduling-1] r.additional.service.ClientCacheService  : [client-cache-statistics] Client cache size=1000
zil-additional-service  | 2026-05-05T00:17:24.186Z  INFO 1 --- [zil-additional-service] [   scheduling-1] r.a.observability.ObservabilityService   : LAB9 Observability window=10s category=additional.statsComputation.stats count=228 sumNanos=228830 avgNanos=1003
zil-additional-service  | 2026-05-05T00:17:24.186Z  INFO 1 --- [zil-additional-service] [   scheduling-1] r.a.observability.ObservabilityService   : LAB9 Observability window=10s category=web.additional.stats count=228 sumNanos=74235137913 avgNanos=325592710
zil-additional-service  | 2026-05-05T00:17:24.186Z  INFO 1 --- [zil-additional-service] [   scheduling-1] r.a.observability.ObservabilityService   : LAB9 Observability window=10s category=http.main.rents count=480 sumNanos=79092477616 avgNanos=164775995
zil-additional-service  | 2026-05-05T00:17:24.186Z  INFO 1 --- [zil-additional-service] [   scheduling-1] r.a.observability.ObservabilityService   : LAB9 Observability window=10s category=http.main.cars count=480 sumNanos=76737651123 avgNanos=159870106
zil-additional-service  | 2026-05-05T00:17:24.186Z  INFO 1 --- [zil-additional-service] [   scheduling-1] r.a.observability.ObservabilityService   : LAB9 Observability window=10s category=web.additional.availability_new count=252 sumNanos=81924343242 avgNanos=325096600
zil-additional-service  | 2026-05-05T00:17:24.186Z  INFO 1 --- [zil-additional-service] [   scheduling-1] r.a.observability.ObservabilityService   : LAB9 Observability window=10s category=additional.statsComputation.availability.allCitiesAllDates count=252 sumNanos=44925428 avgNanos=178275
zil-additional-service  | 2026-05-05T00:17:24.186Z  INFO 1 --- [zil-additional-service] [   scheduling-1] r.a.observability.ObservabilityService   : LAB9 Observability window=30s category=additional.statsComputation.stats count=711 sumNanos=710638 avgNanos=999
zil-additional-service  | 2026-05-05T00:17:24.186Z  INFO 1 --- [zil-additional-service] [   scheduling-1] r.a.observability.ObservabilityService   : LAB9 Observability window=30s category=web.additional.stats count=711 sumNanos=236433431345 avgNanos=332536471
zil-additional-service  | 2026-05-05T00:17:24.187Z  INFO 1 --- [zil-additional-service] [   scheduling-1] r.a.observability.ObservabilityService   : LAB9 Observability window=30s category=http.main.rents count=1429 sumNanos=239908923524 avgNanos=167885880
zil-additional-service  | 2026-05-05T00:17:24.187Z  INFO 1 --- [zil-additional-service] [   scheduling-1] r.a.observability.ObservabilityService   : LAB9 Observability window=30s category=http.main.cars count=1431 sumNanos=231262012409 avgNanos=161608673
zil-additional-service  | 2026-05-05T00:17:24.187Z  INFO 1 --- [zil-additional-service] [   scheduling-1] r.a.observability.ObservabilityService   : LAB9 Observability window=30s category=web.additional.availability_new count=718 sumNanos=235065163859 avgNanos=327388807
zil-additional-service  | 2026-05-05T00:17:24.187Z  INFO 1 --- [zil-additional-service] [   scheduling-1] r.a.observability.ObservabilityService   : LAB9 Observability window=30s category=additional.statsComputation.availability.allCitiesAllDates count=718 sumNanos=121977425 avgNanos=169884
zil-additional-service  | 2026-05-05T00:17:24.187Z  INFO 1 --- [zil-additional-service] [   scheduling-1] r.a.observability.ObservabilityService   : LAB9 Observability window=1m category=additional.statsComputation.stats count=1422 sumNanos=1575655 avgNanos=1108
zil-additional-service  | 2026-05-05T00:17:24.188Z  INFO 1 --- [zil-additional-service] [   scheduling-1] r.a.observability.ObservabilityService   : LAB9 Observability window=1m category=web.additional.stats count=1422 sumNanos=472804395841 avgNanos=332492542
zil-additional-service  | 2026-05-05T00:17:24.188Z  INFO 1 --- [zil-additional-service] [   scheduling-1] r.a.observability.ObservabilityService   : LAB9 Observability window=1m category=http.main.rents count=2854 sumNanos=475362477768 avgNanos=166560083
zil-additional-service  | 2026-05-05T00:17:24.188Z  INFO 1 --- [zil-additional-service] [   scheduling-1] r.a.observability.ObservabilityService   : LAB9 Observability window=1m category=http.main.cars count=2853 sumNanos=465760129826 avgNanos=163252761
zil-additional-service  | 2026-05-05T00:17:24.188Z  INFO 1 --- [zil-additional-service] [   scheduling-1] r.a.observability.ObservabilityService   : LAB9 Observability window=1m category=web.additional.availability_new count=1432 sumNanos=469581608188 avgNanos=327920117
zil-additional-service  | 2026-05-05T00:17:24.188Z  INFO 1 --- [zil-additional-service] [   scheduling-1] r.a.observability.ObservabilityService   : LAB9 Observability window=1m category=additional.statsComputation.availability.allCitiesAllDates count=1432 sumNanos=314073127 avgNanos=219324
zil-app                 | 2026-05-05T00:20:03.763Z  INFO 1 --- [   scheduling-1] r.observability.ObservabilityService     : LAB9 Observability window=30s category=db.car.findAll count=1292 sumNanos=230482287332 avgNanos=178391863
zil-app                 | 2026-05-05T00:20:03.763Z  INFO 1 --- [   scheduling-1] r.observability.ObservabilityService     : LAB9 Observability window=1m category=web.RentController.getRents count=2667 sumNanos=452950983709 avgNanos=169835389
zil-app                 | 2026-05-05T00:20:03.763Z  INFO 1 --- [   scheduling-1] r.observability.ObservabilityService     : LAB9 Observability window=1m category=db.rent.findAll count=2667 sumNanos=452948456261 avgNanos=169834441
zil-app                 | 2026-05-05T00:20:03.763Z  INFO 1 --- [   scheduling-1] r.observability.ObservabilityService     : LAB9 Observability window=1m category=web.CarController.getCars count=2666 sumNanos=459575432709 avgNanos=172383883
zil-app                 | 2026-05-05T00:20:03.763Z  INFO 1 --- [   scheduling-1] r.observability.ObservabilityService     : LAB9 Observability window=1m category=db.car.findAll count=2666 sumNanos=459573175357 avgNanos=172383036
zil-app                 | 2026-05-05T00:20:08.763Z  INFO 1 --- [   scheduling-1] r.observability.ObservabilityService     : LAB9 Observability window=10s category=web.RentController.getRents count=233 sumNanos=83308805852 avgNanos=357548522
zil-app                 | 2026-05-05T00:20:08.764Z  INFO 1 --- [   scheduling-1] r.observability.ObservabilityService     : LAB9 Observability window=10s category=db.rent.findAll count=233 sumNanos=83308576570 avgNanos=357547538
zil-app                 | 2026-05-05T00:20:08.764Z  INFO 1 --- [   scheduling-1] r.observability.ObservabilityService     : LAB9 Observability window=10s category=web.CarController.getCars count=233 sumNanos=85076658995 avgNanos=365135875
zil-app                 | 2026-05-05T00:20:08.764Z  INFO 1 --- [   scheduling-1] r.observability.ObservabilityService     : LAB9 Observability window=10s category=db.car.findAll count=233 sumNanos=85076436164 avgNanos=365134919
zil-app                 | 2026-05-05T00:20:08.764Z  INFO 1 --- [   scheduling-1] r.observability.ObservabilityService     : LAB9 Observability window=30s category=web.RentController.getRents count=1155 sumNanos=233335788067 avgNanos=202022327
zil-app                 | 2026-05-05T00:20:08.764Z  INFO 1 --- [   scheduling-1] r.observability.ObservabilityService     : LAB9 Observability window=30s category=db.rent.findAll count=1155 sumNanos=233334833029 avgNanos=202021500
zil-app                 | 2026-05-05T00:20:08.764Z  INFO 1 --- [   scheduling-1] r.observability.ObservabilityService     : LAB9 Observability window=30s category=web.CarController.getCars count=1153 sumNanos=237307752823 avgNanos=205817652
zil-app                 | 2026-05-05T00:20:08.764Z  INFO 1 --- [   scheduling-1] r.observability.ObservabilityService     : LAB9 Observability window=30s category=db.car.findAll count=1153 sumNanos=237306852743 avgNanos=205816871
zil-app                 | 2026-05-05T00:20:08.764Z  INFO 1 --- [   scheduling-1] r.observability.ObservabilityService     : LAB9 Observability window=1m category=web.RentController.getRents count=2527 sumNanos=456609196004 avgNanos=180692202
zil-app                 | 2026-05-05T00:20:08.764Z  INFO 1 --- [   scheduling-1] r.observability.ObservabilityService     : LAB9 Observability window=1m category=db.rent.findAll count=2527 sumNanos=456606745243 avgNanos=180691232
zil-app                 | 2026-05-05T00:20:08.764Z  INFO 1 --- [   scheduling-1] r.observability.ObservabilityService     : LAB9 Observability window=1m category=web.CarController.getCars count=2530 sumNanos=466436225220 avgNanos=184362144
zil-app                 | 2026-05-05T00:20:08.764Z  INFO 1 --- [   scheduling-1] r.observability.ObservabilityService     : LAB9 Observability window=1m category=db.car.findAll count=2530 sumNanos=466434026686 avgNanos=184361275
zil-app                 | 2026-05-05T00:20:13.765Z  INFO 1 --- [   scheduling-1] r.observability.ObservabilityService     : LAB9 Observability window=10s category=web.RentController.getRents count=163 sumNanos=84266813904 avgNanos=516974318
zil-app                 | 2026-05-05T00:20:13.765Z  INFO 1 --- [   scheduling-1] r.observability.ObservabilityService     : LAB9 Observability window=10s category=db.rent.findAll count=163 sumNanos=84266661944 avgNanos=516973386
zil-app                 | 2026-05-05T00:20:13.765Z  INFO 1 --- [   scheduling-1] r.observability.ObservabilityService     : LAB9 Observability window=10s category=web.CarController.getCars count=169 sumNanos=92332218215 avgNanos=546344486
zil-app                 | 2026-05-05T00:20:13.765Z  INFO 1 --- [   scheduling-1] r.observability.ObservabilityService     : LAB9 Observability window=10s category=db.car.findAll count=169 sumNanos=92332069260 avgNanos=546343605
zil-app                 | 2026-05-05T00:20:13.765Z  INFO 1 --- [   scheduling-1] r.observability.ObservabilityService     : LAB9 Observability window=30s category=web.RentController.getRents count=990 sumNanos=237714814433 avgNanos=240115974
zil-app                 | 2026-05-05T00:20:13.765Z  INFO 1 --- [   scheduling-1] r.observability.ObservabilityService     : LAB9 Observability window=30s category=db.rent.findAll count=990 sumNanos=237713975413 avgNanos=240115126
zil-app                 | 2026-05-05T00:20:13.765Z  INFO 1 --- [   scheduling-1] r.observability.ObservabilityService     : LAB9 Observability window=30s category=web.CarController.getCars count=998 sumNanos=247406355481 avgNanos=247902159
zil-app                 | 2026-05-05T00:20:13.765Z  INFO 1 --- [   scheduling-1] r.observability.ObservabilityService     : LAB9 Observability window=30s category=db.car.findAll count=998 sumNanos=247405565391 avgNanos=247901368
zil-app                 | 2026-05-05T00:20:13.766Z  INFO 1 --- [   scheduling-1] r.observability.ObservabilityService     : LAB9 Observability window=1m category=web.RentController.getRents count=2365 sumNanos=461349479367 avgNanos=195073775
zil-app                 | 2026-05-05T00:20:13.766Z  INFO 1 --- [   scheduling-1] r.observability.ObservabilityService     : LAB9 Observability window=1m category=db.rent.findAll count=2365 sumNanos=461347124692 avgNanos=195072779
zil-app                 | 2026-05-05T00:20:13.766Z  INFO 1 --- [   scheduling-1] r.observability.ObservabilityService     : LAB9 Observability window=1m category=web.CarController.getCars count=2373 sumNanos=477676427472 avgNanos=201296429
zil-app                 | 2026-05-05T00:20:13.766Z  INFO 1 --- [   scheduling-1] r.observability.ObservabilityService     : LAB9 Observability window=1m category=db.car.findAll count=2373 sumNanos=477674701113 avgNanos=201295702
zil-app                 | 2026-05-05T00:20:18.767Z  INFO 1 --- [   scheduling-1] r.observability.ObservabilityService     : LAB9 Observability window=10s category=web.RentController.getRents count=144 sumNanos=88904065726 avgNanos=617389345
zil-app                 | 2026-05-05T00:20:18.767Z  INFO 1 --- [   scheduling-1] r.observability.ObservabilityService     : LAB9 Observability window=10s category=db.rent.findAll count=144 sumNanos=88903946431 avgNanos=617388516
zil-app                 | 2026-05-05T00:20:18.767Z  INFO 1 --- [   scheduling-1] r.observability.ObservabilityService     : LAB9 Observability window=10s category=web.CarController.getCars count=143 sumNanos=92032764800 avgNanos=643585767
zil-app                 | 2026-05-05T00:20:18.767Z  INFO 1 --- [   scheduling-1] r.observability.ObservabilityService     : LAB9 Observability window=10s category=db.car.findAll count=143 sumNanos=92032653792 avgNanos=643584991
zil-app                 | 2026-05-05T00:20:18.767Z  INFO 1 --- [   scheduling-1] r.observability.ObservabilityService     : LAB9 Observability window=30s category=web.RentController.getRents count=839 sumNanos=246285427892 avgNanos=293546397
zil-app                 | 2026-05-05T00:20:18.767Z  INFO 1 --- [   scheduling-1] r.observability.ObservabilityService     : LAB9 Observability window=30s category=db.rent.findAll count=839 sumNanos=246284695664 avgNanos=293545525
zil-app                 | 2026-05-05T00:20:18.767Z  INFO 1 --- [   scheduling-1] r.observability.ObservabilityService     : LAB9 Observability window=30s category=web.CarController.getCars count=839 sumNanos=252839178528 avgNanos=301357781
zil-app                 | 2026-05-05T00:20:18.767Z  INFO 1 --- [   scheduling-1] r.observability.ObservabilityService     : LAB9 Observability window=30s category=db.car.findAll count=839 sumNanos=252838480657 avgNanos=301356949
zil-app                 | 2026-05-05T00:20:18.768Z  INFO 1 --- [   scheduling-1] r.observability.ObservabilityService     : LAB9 Observability window=1m category=web.RentController.getRents count=2218 sumNanos=470864557945 avgNanos=212292406
zil-app                 | 2026-05-05T00:20:18.768Z  INFO 1 --- [   scheduling-1] r.observability.ObservabilityService     : LAB9 Observability window=1m category=db.rent.findAll count=2218 sumNanos=470862870344 avgNanos=212291645
zil-app                 | 2026-05-05T00:20:18.768Z  INFO 1 --- [   scheduling-1] r.observability.ObservabilityService     : LAB9 Observability window=1m category=web.CarController.getCars count=2216 sumNanos=482993116590 avgNanos=217957182
zil-app                 | 2026-05-05T00:20:18.768Z  INFO 1 --- [   scheduling-1] r.observability.ObservabilityService     : LAB9 Observability window=1m category=db.car.findAll count=2216 sumNanos=482991482327 avgNanos=217956445
zil-app                 | 2026-05-05T00:20:23.768Z  INFO 1 --- [   scheduling-1] r.observability.ObservabilityService     : LAB9 Observability window=10s category=web.RentController.getRents count=140 sumNanos=92158770904 avgNanos=658276935
zil-app                 | 2026-05-05T00:20:23.768Z  INFO 1 --- [   scheduling-1] r.observability.ObservabilityService     : LAB9 Observability window=10s category=db.rent.findAll count=140 sumNanos=92158650117 avgNanos=658276072
zil-app                 | 2026-05-05T00:20:23.768Z  INFO 1 --- [   scheduling-1] r.observability.ObservabilityService     : LAB9 Observability window=10s category=web.CarController.getCars count=137 sumNanos=92170200479 avgNanos=672775185
zil-app                 | 2026-05-05T00:20:23.768Z  INFO 1 --- [   scheduling-1] r.observability.ObservabilityService     : LAB9 Observability window=10s category=db.car.findAll count=137 sumNanos=92170090672 avgNanos=672774384
zil-app                 | 2026-05-05T00:20:23.768Z  INFO 1 --- [   scheduling-1] r.observability.ObservabilityService     : LAB9 Observability window=30s category=web.RentController.getRents count=670 sumNanos=253746890496 avgNanos=378726702
zil-app                 | 2026-05-05T00:20:23.768Z  INFO 1 --- [   scheduling-1] r.observability.ObservabilityService     : LAB9 Observability window=30s category=db.rent.findAll count=670 sumNanos=253746281569 avgNanos=378725793
zil-app                 | 2026-05-05T00:20:23.768Z  INFO 1 --- [   scheduling-1] r.observability.ObservabilityService     : LAB9 Observability window=30s category=web.CarController.getCars count=676 sumNanos=263554220830 avgNanos=389873107
zil-app                 | 2026-05-05T00:20:23.769Z  INFO 1 --- [   scheduling-1] r.observability.ObservabilityService     : LAB9 Observability window=30s category=db.car.findAll count=676 sumNanos=263553642053 avgNanos=389872251
zil-app                 | 2026-05-05T00:20:23.769Z  INFO 1 --- [   scheduling-1] r.observability.ObservabilityService     : LAB9 Observability window=1m category=web.RentController.getRents count=2051 sumNanos=479154414388 avgNanos=233619899
zil-app                 | 2026-05-05T00:20:23.770Z  INFO 1 --- [   scheduling-1] r.observability.ObservabilityService     : LAB9 Observability window=1m category=db.rent.findAll count=2051 sumNanos=479152824357 avgNanos=233619124
zil-app                 | 2026-05-05T00:20:23.770Z  INFO 1 --- [   scheduling-1] r.observability.ObservabilityService     : LAB9 Observability window=1m category=web.CarController.getCars count=2054 sumNanos=493655057105 avgNanos=240338391
zil-app                 | 2026-05-05T00:20:23.770Z  INFO 1 --- [   scheduling-1] r.observability.ObservabilityService     : LAB9 Observability window=1m category=db.car.findAll count=2054 sumNanos=493653510296 avgNanos=240337638
zil-app                 | 2026-05-05T00:20:28.770Z  INFO 1 --- [   scheduling-1] r.observability.ObservabilityService     : LAB9 Observability window=10s category=web.RentController.getRents count=141 sumNanos=91571926510 avgNanos=649446287
zil-app                 | 2026-05-05T00:20:28.770Z  INFO 1 --- [   scheduling-1] r.observability.ObservabilityService     : LAB9 Observability window=10s category=db.rent.findAll count=141 sumNanos=91571803343 avgNanos=649445413
zil-app                 | 2026-05-05T00:20:28.770Z  INFO 1 --- [   scheduling-1] r.observability.ObservabilityService     : LAB9 Observability window=10s category=web.CarController.getCars count=143 sumNanos=93460561385 avgNanos=653570359
zil-app                 | 2026-05-05T00:20:28.770Z  INFO 1 --- [   scheduling-1] r.observability.ObservabilityService     : LAB9 Observability window=10s category=db.car.findAll count=143 sumNanos=93460444399 avgNanos=653569541
zil-app                 | 2026-05-05T00:20:28.770Z  INFO 1 --- [   scheduling-1] r.observability.ObservabilityService     : LAB9 Observability window=30s category=web.RentController.getRents count=518 sumNanos=263784798088 avgNanos=509237061
zil-app                 | 2026-05-05T00:20:28.770Z  INFO 1 --- [   scheduling-1] r.observability.ObservabilityService     : LAB9 Observability window=30s category=db.rent.findAll count=518 sumNanos=263784326344 avgNanos=509236151
zil-app                 | 2026-05-05T00:20:28.771Z  INFO 1 --- [   scheduling-1] r.observability.ObservabilityService     : LAB9 Observability window=30s category=web.CarController.getCars count=519 sumNanos=270569985180 avgNanos=521329451
zil-app                 | 2026-05-05T00:20:28.771Z  INFO 1 --- [   scheduling-1] r.observability.ObservabilityService     : LAB9 Observability window=30s category=db.car.findAll count=519 sumNanos=270569534355 avgNanos=521328582
zil-app                 | 2026-05-05T00:20:28.771Z  INFO 1 --- [   scheduling-1] r.observability.ObservabilityService     : LAB9 Observability window=1m category=web.RentController.getRents count=1895 sumNanos=487816281818 avgNanos=257422840
zil-app                 | 2026-05-05T00:20:28.771Z  INFO 1 --- [   scheduling-1] r.observability.ObservabilityService     : LAB9 Observability window=1m category=db.rent.findAll count=1895 sumNanos=487814785799 avgNanos=257422050
zil-app                 | 2026-05-05T00:20:28.771Z  INFO 1 --- [   scheduling-1] r.observability.ObservabilityService     : LAB9 Observability window=1m category=web.CarController.getCars count=1895 sumNanos=499773363423 avgNanos=263732645
zil-app                 | 2026-05-05T00:20:28.771Z  INFO 1 --- [   scheduling-1] r.observability.ObservabilityService     : LAB9 Observability window=1m category=db.car.findAll count=1895 sumNanos=499771901267 avgNanos=263731874
zil-app                 | 2026-05-05T00:20:33.771Z  INFO 1 --- [   scheduling-1] r.observability.ObservabilityService     : LAB9 Observability window=10s category=web.RentController.getRents count=150 sumNanos=90251616538 avgNanos=601677443
zil-app                 | 2026-05-05T00:20:33.771Z  INFO 1 --- [   scheduling-1] r.observability.ObservabilityService     : LAB9 Observability window=10s category=db.rent.findAll count=150 sumNanos=90251497822 avgNanos=601676652
zil-app                 | 2026-05-05T00:20:33.771Z  INFO 1 --- [   scheduling-1] r.observability.ObservabilityService     : LAB9 Observability window=10s category=web.CarController.getCars count=150 sumNanos=90832121811 avgNanos=605547478
zil-app                 | 2026-05-05T00:20:33.771Z  INFO 1 --- [   scheduling-1] r.observability.ObservabilityService     : LAB9 Observability window=10s category=db.car.findAll count=150 sumNanos=90832004625 avgNanos=605546697
zil-app                 | 2026-05-05T00:20:33.772Z  INFO 1 --- [   scheduling-1] r.observability.ObservabilityService     : LAB9 Observability window=30s category=web.RentController.getRents count=453 sumNanos=266677201346 avgNanos=588691393
zil-app                 | 2026-05-05T00:20:33.772Z  INFO 1 --- [   scheduling-1] r.observability.ObservabilityService     : LAB9 Observability window=30s category=db.rent.findAll count=453 sumNanos=266676809883 avgNanos=588690529
zil-app                 | 2026-05-05T00:20:33.772Z  INFO 1 --- [   scheduling-1] r.observability.ObservabilityService     : LAB9 Observability window=30s category=web.CarController.getCars count=456 sumNanos=275334540505 avgNanos=603803816
zil-app                 | 2026-05-05T00:20:33.772Z  INFO 1 --- [   scheduling-1] r.observability.ObservabilityService     : LAB9 Observability window=30s category=db.car.findAll count=456 sumNanos=275334164557 avgNanos=603802992
zil-app                 | 2026-05-05T00:20:33.772Z  INFO 1 --- [   scheduling-1] r.observability.ObservabilityService     : LAB9 Observability window=1m category=web.RentController.getRents count=1746 sumNanos=495043137264 avgNanos=283529860
zil-app                 | 2026-05-05T00:20:33.772Z  INFO 1 --- [   scheduling-1] r.observability.ObservabilityService     : LAB9 Observability window=1m category=db.rent.findAll count=1746 sumNanos=495041734069 avgNanos=283529057
zil-app                 | 2026-05-05T00:20:33.772Z  INFO 1 --- [   scheduling-1] r.observability.ObservabilityService     : LAB9 Observability window=1m category=web.CarController.getCars count=1748 sumNanos=505817825061 avgNanos=289369465
zil-app                 | 2026-05-05T00:20:33.772Z  INFO 1 --- [   scheduling-1] r.observability.ObservabilityService     : LAB9 Observability window=1m category=db.car.findAll count=1748 sumNanos=505816451889 avgNanos=289368679
zil-app                 | 2026-05-05T00:20:38.772Z  INFO 1 --- [   scheduling-1] r.observability.ObservabilityService     : LAB9 Observability window=10s category=web.RentController.getRents count=156 sumNanos=87807346073 avgNanos=562867603
zil-app                 | 2026-05-05T00:20:38.773Z  INFO 1 --- [   scheduling-1] r.observability.ObservabilityService     : LAB9 Observability window=10s category=db.rent.findAll count=156 sumNanos=87807227704 avgNanos=562866844
zil-app                 | 2026-05-05T00:20:38.773Z  INFO 1 --- [   scheduling-1] r.observability.ObservabilityService     : LAB9 Observability window=10s category=web.CarController.getCars count=156 sumNanos=91757614123 avgNanos=588189834
zil-app                 | 2026-05-05T00:20:38.773Z  INFO 1 --- [   scheduling-1] r.observability.ObservabilityService     : LAB9 Observability window=10s category=db.car.findAll count=156 sumNanos=91757491703 avgNanos=588189049
zil-app                 | 2026-05-05T00:20:38.773Z  INFO 1 --- [   scheduling-1] r.observability.ObservabilityService     : LAB9 Observability window=30s category=web.RentController.getRents count=442 sumNanos=268917961253 avgNanos=608411677
zil-app                 | 2026-05-05T00:20:38.773Z  INFO 1 --- [   scheduling-1] r.observability.ObservabilityService     : LAB9 Observability window=30s category=db.rent.findAll count=442 sumNanos=268917599742 avgNanos=608410859
zil-app                 | 2026-05-05T00:20:38.773Z  INFO 1 --- [   scheduling-1] r.observability.ObservabilityService     : LAB9 Observability window=30s category=web.CarController.getCars count=442 sumNanos=277250940308 avgNanos=627264570
zil-app                 | 2026-05-05T00:20:38.773Z  INFO 1 --- [   scheduling-1] r.observability.ObservabilityService     : LAB9 Observability window=30s category=db.car.findAll count=442 sumNanos=277250589894 avgNanos=627263778
zil-app                 | 2026-05-05T00:20:38.773Z  INFO 1 --- [   scheduling-1] r.observability.ObservabilityService     : LAB9 Observability window=1m category=web.RentController.getRents count=1597 sumNanos=502253749320 avgNanos=314498277
zil-app                 | 2026-05-05T00:20:38.773Z  INFO 1 --- [   scheduling-1] r.observability.ObservabilityService     : LAB9 Observability window=1m category=db.rent.findAll count=1597 sumNanos=502252432771 avgNanos=314497453
zil-app                 | 2026-05-05T00:20:38.773Z  INFO 1 --- [   scheduling-1] r.observability.ObservabilityService     : LAB9 Observability window=1m category=web.CarController.getCars count=1595 sumNanos=514558693131 avgNanos=322607331
zil-app                 | 2026-05-05T00:20:38.773Z  INFO 1 --- [   scheduling-1] r.observability.ObservabilityService     : LAB9 Observability window=1m category=db.car.findAll count=1595 sumNanos=514557442637 avgNanos=322606547
zil-app                 | 2026-05-05T00:20:43.773Z  INFO 1 --- [   scheduling-1] r.observability.ObservabilityService     : LAB9 Observability window=10s category=web.RentController.getRents count=146 sumNanos=88321697982 avgNanos=604943136
zil-app                 | 2026-05-05T00:20:43.774Z  INFO 1 --- [   scheduling-1] r.observability.ObservabilityService     : LAB9 Observability window=10s category=db.rent.findAll count=146 sumNanos=88321574812 avgNanos=604942293
zil-app                 | 2026-05-05T00:20:43.774Z  INFO 1 --- [   scheduling-1] r.observability.ObservabilityService     : LAB9 Observability window=10s category=web.CarController.getCars count=147 sumNanos=93933315871 avgNanos=639002148
zil-app                 | 2026-05-05T00:20:43.774Z  INFO 1 --- [   scheduling-1] r.observability.ObservabilityService     : LAB9 Observability window=10s category=db.car.findAll count=147 sumNanos=93933188121 avgNanos=639001279
zil-app                 | 2026-05-05T00:20:43.774Z  INFO 1 --- [   scheduling-1] r.observability.ObservabilityService     : LAB9 Observability window=30s category=web.RentController.getRents count=436 sumNanos=270732085424 avgNanos=620945150
zil-app                 | 2026-05-05T00:20:43.774Z  INFO 1 --- [   scheduling-1] r.observability.ObservabilityService     : LAB9 Observability window=30s category=db.rent.findAll count=436 sumNanos=270731722751 avgNanos=620944318
zil-app                 | 2026-05-05T00:20:43.774Z  INFO 1 --- [   scheduling-1] r.observability.ObservabilityService     : LAB9 Observability window=30s category=web.CarController.getCars count=434 sumNanos=276935638161 avgNanos=638100548
zil-app                 | 2026-05-05T00:20:43.774Z  INFO 1 --- [   scheduling-1] r.observability.ObservabilityService     : LAB9 Observability window=30s category=db.car.findAll count=434 sumNanos=276935283418 avgNanos=638099731
zil-app                 | 2026-05-05T00:20:43.774Z  INFO 1 --- [   scheduling-1] r.observability.ObservabilityService     : LAB9 Observability window=1m category=web.RentController.getRents count=1426 sumNanos=508446899857 avgNanos=356554628
zil-app                 | 2026-05-05T00:20:43.774Z  INFO 1 --- [   scheduling-1] r.observability.ObservabilityService     : LAB9 Observability window=1m category=db.rent.findAll count=1426 sumNanos=508445698164 avgNanos=356553785
zil-app                 | 2026-05-05T00:20:43.774Z  INFO 1 --- [   scheduling-1] r.observability.ObservabilityService     : LAB9 Observability window=1m category=web.CarController.getCars count=1432 sumNanos=524341993642 avgNanos=366160610
zil-app                 | 2026-05-05T00:20:43.774Z  INFO 1 --- [   scheduling-1] r.observability.ObservabilityService     : LAB9 Observability window=1m category=db.car.findAll count=1432 sumNanos=524340848809 avgNanos=366159810
zil-app                 | 2026-05-05T00:20:48.775Z  INFO 1 --- [   scheduling-1] r.observability.ObservabilityService     : LAB9 Observability window=10s category=web.RentController.getRents count=142 sumNanos=91335431635 avgNanos=643207265
zil-app                 | 2026-05-05T00:20:48.777Z  INFO 1 --- [   scheduling-1] r.observability.ObservabilityService     : LAB9 Observability window=10s category=db.rent.findAll count=142 sumNanos=91335316332 avgNanos=643206453
zil-app                 | 2026-05-05T00:20:48.777Z  INFO 1 --- [   scheduling-1] r.observability.ObservabilityService     : LAB9 Observability window=10s category=web.CarController.getCars count=142 sumNanos=94446463455 avgNanos=665115939
zil-app                 | 2026-05-05T00:20:48.777Z  INFO 1 --- [   scheduling-1] r.observability.ObservabilityService     : LAB9 Observability window=10s category=db.car.findAll count=142 sumNanos=94446336646 avgNanos=665115046
zil-app                 | 2026-05-05T00:20:48.777Z  INFO 1 --- [   scheduling-1] r.observability.ObservabilityService     : LAB9 Observability window=30s category=web.RentController.getRents count=440 sumNanos=271349327162 avgNanos=616703016
zil-app                 | 2026-05-05T00:20:48.777Z  INFO 1 --- [   scheduling-1] r.observability.ObservabilityService     : LAB9 Observability window=30s category=db.rent.findAll count=440 sumNanos=271348969643 avgNanos=616702203
zil-app                 | 2026-05-05T00:20:48.777Z  INFO 1 --- [   scheduling-1] r.observability.ObservabilityService     : LAB9 Observability window=30s category=web.CarController.getCars count=441 sumNanos=279664638963 avgNanos=634160179
zil-app                 | 2026-05-05T00:20:48.777Z  INFO 1 --- [   scheduling-1] r.observability.ObservabilityService     : LAB9 Observability window=30s category=db.car.findAll count=441 sumNanos=279664272748 avgNanos=634159348
zil-app                 | 2026-05-05T00:20:48.777Z  INFO 1 --- [   scheduling-1] r.observability.ObservabilityService     : LAB9 Observability window=1m category=web.RentController.getRents count=1279 sumNanos=517634755054 avgNanos=404718338
zil-app                 | 2026-05-05T00:20:48.777Z  INFO 1 --- [   scheduling-1] r.observability.ObservabilityService     : LAB9 Observability window=1m category=db.rent.findAll count=1279 sumNanos=517633665307 avgNanos=404717486
zil-app                 | 2026-05-05T00:20:48.777Z  INFO 1 --- [   scheduling-1] r.observability.ObservabilityService     : LAB9 Observability window=1m category=web.CarController.getCars count=1280 sumNanos=532503817491 avgNanos=416018607
zil-app                 | 2026-05-05T00:20:48.777Z  INFO 1 --- [   scheduling-1] r.observability.ObservabilityService     : LAB9 Observability window=1m category=db.car.findAll count=1280 sumNanos=532502753405 avgNanos=416017776
zil-app                 | 2026-05-05T00:20:53.778Z  INFO 1 --- [   scheduling-1] r.observability.ObservabilityService     : LAB9 Observability window=10s category=web.RentController.getRents count=320 sumNanos=84349058871 avgNanos=263590808
zil-app                 | 2026-05-05T00:20:53.778Z  INFO 1 --- [   scheduling-1] r.observability.ObservabilityService     : LAB9 Observability window=10s category=db.rent.findAll count=320 sumNanos=84348801615 avgNanos=263590005
zil-app                 | 2026-05-05T00:20:53.778Z  INFO 1 --- [   scheduling-1] r.observability.ObservabilityService     : LAB9 Observability window=10s category=web.CarController.getCars count=317 sumNanos=84832237973 avgNanos=267609583
zil-app                 | 2026-05-05T00:20:53.778Z  INFO 1 --- [   scheduling-1] r.observability.ObservabilityService     : LAB9 Observability window=10s category=db.car.findAll count=317 sumNanos=84831978459 avgNanos=267608764
zil-app                 | 2026-05-05T00:20:53.778Z  INFO 1 --- [   scheduling-1] r.observability.ObservabilityService     : LAB9 Observability window=30s category=web.RentController.getRents count=616 sumNanos=262922373391 avgNanos=426822034
zil-app                 | 2026-05-05T00:20:53.778Z  INFO 1 --- [   scheduling-1] r.observability.ObservabilityService     : LAB9 Observability window=30s category=db.rent.findAll count=616 sumNanos=262921874249 avgNanos=426821224
zil-app                 | 2026-05-05T00:20:53.778Z  INFO 1 --- [   scheduling-1] r.observability.ObservabilityService     : LAB9 Observability window=30s category=web.CarController.getCars count=614 sumNanos=269597675655 avgNanos=439084162
zil-app                 | 2026-05-05T00:20:53.778Z  INFO 1 --- [   scheduling-1] r.observability.ObservabilityService     : LAB9 Observability window=30s category=db.car.findAll count=614 sumNanos=269597171205 avgNanos=439083340
zil-app                 | 2026-05-05T00:20:53.778Z  INFO 1 --- [   scheduling-1] r.observability.ObservabilityService     : LAB9 Observability window=1m category=web.RentController.getRents count=1286 sumNanos=516669263887 avgNanos=401764590
zil-app                 | 2026-05-05T00:20:53.778Z  INFO 1 --- [   scheduling-1] r.observability.ObservabilityService     : LAB9 Observability window=1m category=db.rent.findAll count=1286 sumNanos=516668155818 avgNanos=401763729
zil-app                 | 2026-05-05T00:20:53.778Z  INFO 1 --- [   scheduling-1] r.observability.ObservabilityService     : LAB9 Observability window=1m category=web.CarController.getCars count=1288 sumNanos=532867153144 avgNanos=413716733
zil-app                 | 2026-05-05T00:20:53.778Z  INFO 1 --- [   scheduling-1] r.observability.ObservabilityService     : LAB9 Observability window=1m category=db.car.findAll count=1288 sumNanos=532866070938 avgNanos=413715893
zil-app                 | 2026-05-05T00:20:58.779Z  INFO 1 --- [   scheduling-1] r.observability.ObservabilityService     : LAB9 Observability window=10s category=web.RentController.getRents count=483 sumNanos=73157992381 avgNanos=151465822
zil-app                 | 2026-05-05T00:20:58.779Z  INFO 1 --- [   scheduling-1] r.observability.ObservabilityService     : LAB9 Observability window=10s category=db.rent.findAll count=483 sumNanos=73157588216 avgNanos=151464985
zil-app                 | 2026-05-05T00:20:58.779Z  INFO 1 --- [   scheduling-1] r.observability.ObservabilityService     : LAB9 Observability window=10s category=web.CarController.getCars count=483 sumNanos=76603715682 avgNanos=158599825
zil-app                 | 2026-05-05T00:20:58.779Z  INFO 1 --- [   scheduling-1] r.observability.ObservabilityService     : LAB9 Observability window=10s category=db.car.findAll count=483 sumNanos=76603324005 avgNanos=158599014
zil-app                 | 2026-05-05T00:20:58.779Z  INFO 1 --- [   scheduling-1] r.observability.ObservabilityService     : LAB9 Observability window=30s category=web.RentController.getRents count=781 sumNanos=252300770089 avgNanos=323048361
zil-app                 | 2026-05-05T00:20:58.779Z  INFO 1 --- [   scheduling-1] r.observability.ObservabilityService     : LAB9 Observability window=30s category=db.rent.findAll count=781 sumNanos=252300132252 avgNanos=323047544
zil-app                 | 2026-05-05T00:20:58.779Z  INFO 1 --- [   scheduling-1] r.observability.ObservabilityService     : LAB9 Observability window=30s category=web.CarController.getCars count=781 sumNanos=262807793260 avgNanos=336501655
zil-app                 | 2026-05-05T00:20:58.779Z  INFO 1 --- [   scheduling-1] r.observability.ObservabilityService     : LAB9 Observability window=30s category=db.car.findAll count=781 sumNanos=262807152354 avgNanos=336500835
zil-app                 | 2026-05-05T00:20:58.779Z  INFO 1 --- [   scheduling-1] r.observability.ObservabilityService     : LAB9 Observability window=1m category=web.RentController.getRents count=1300 sumNanos=516720191121 avgNanos=397477070
zil-app                 | 2026-05-05T00:20:58.779Z  INFO 1 --- [   scheduling-1] r.observability.ObservabilityService     : LAB9 Observability window=1m category=db.rent.findAll count=1300 sumNanos=516719080860 avgNanos=397476216
zil-app                 | 2026-05-05T00:20:58.779Z  INFO 1 --- [   scheduling-1] r.observability.ObservabilityService     : LAB9 Observability window=1m category=web.CarController.getCars count=1300 sumNanos=533377778440 avgNanos=410290598
zil-app                 | 2026-05-05T00:20:58.779Z  INFO 1 --- [   scheduling-1] r.observability.ObservabilityService     : LAB9 Observability window=1m category=db.car.findAll count=1300 sumNanos=533376686709 avgNanos=410289759
zil-app                 | 2026-05-05T00:21:03.780Z  INFO 1 --- [   scheduling-1] r.observability.ObservabilityService     : LAB9 Observability window=10s category=web.RentController.getRents count=477 sumNanos=72846600670 avgNanos=152718240
zil-app                 | 2026-05-05T00:21:03.780Z  INFO 1 --- [   scheduling-1] r.observability.ObservabilityService     : LAB9 Observability window=10s category=db.rent.findAll count=477 sumNanos=72846233862 avgNanos=152717471
zil-app                 | 2026-05-05T00:21:03.780Z  INFO 1 --- [   scheduling-1] r.observability.ObservabilityService     : LAB9 Observability window=10s category=web.CarController.getCars count=477 sumNanos=76254646686 avgNanos=159862990
zil-app                 | 2026-05-05T00:21:03.780Z  INFO 1 --- [   scheduling-1] r.observability.ObservabilityService     : LAB9 Observability window=10s category=db.car.findAll count=477 sumNanos=76254281648 avgNanos=159862225
zil-app                 | 2026-05-05T00:21:03.780Z  INFO 1 --- [   scheduling-1] r.observability.ObservabilityService     : LAB9 Observability window=30s category=web.RentController.getRents count=943 sumNanos=245517357523 avgNanos=260357749
zil-app                 | 2026-05-05T00:21:03.780Z  INFO 1 --- [   scheduling-1] r.observability.ObservabilityService     : LAB9 Observability window=30s category=db.rent.findAll count=943 sumNanos=245516610289 avgNanos=260356956
zil-app                 | 2026-05-05T00:21:03.780Z  INFO 1 --- [   scheduling-1] r.observability.ObservabilityService     : LAB9 Observability window=30s category=web.CarController.getCars count=941 sumNanos=255020200530 avgNanos=271009777
zil-app                 | 2026-05-05T00:21:03.780Z  INFO 1 --- [   scheduling-1] r.observability.ObservabilityService     : LAB9 Observability window=30s category=db.car.findAll count=941 sumNanos=255019448228 avgNanos=271008977
zil-app                 | 2026-05-05T00:21:03.780Z  INFO 1 --- [   scheduling-1] r.observability.ObservabilityService     : LAB9 Observability window=1m category=web.RentController.getRents count=1394 sumNanos=511544097786 avgNanos=366961332
zil-app                 | 2026-05-05T00:21:03.780Z  INFO 1 --- [   scheduling-1] r.observability.ObservabilityService     : LAB9 Observability window=1m category=db.rent.findAll count=1394 sumNanos=511542960499 avgNanos=366960516
zil-app                 | 2026-05-05T00:21:03.780Z  INFO 1 --- [   scheduling-1] r.observability.ObservabilityService     : LAB9 Observability window=1m category=web.CarController.getCars count=1396 sumNanos=530028170308 avgNanos=379676339
zil-app                 | 2026-05-05T00:21:03.780Z  INFO 1 --- [   scheduling-1] r.observability.ObservabilityService     : LAB9 Observability window=1m category=db.car.findAll count=1396 sumNanos=530027042757 avgNanos=379675532
zil-app                 | 2026-05-05T00:21:08.781Z  INFO 1 --- [   scheduling-1] r.observability.ObservabilityService     : LAB9 Observability window=10s category=web.RentController.getRents count=478 sumNanos=74375445263 avgNanos=155597165
zil-app                 | 2026-05-05T00:21:08.781Z  INFO 1 --- [   scheduling-1] r.observability.ObservabilityService     : LAB9 Observability window=10s category=db.rent.findAll count=478 sumNanos=74375122629 avgNanos=155596490
zil-app                 | 2026-05-05T00:21:08.781Z  INFO 1 --- [   scheduling-1] r.observability.ObservabilityService     : LAB9 Observability window=10s category=web.CarController.getCars count=479 sumNanos=74586343127 avgNanos=155712616
zil-app                 | 2026-05-05T00:21:08.781Z  INFO 1 --- [   scheduling-1] r.observability.ObservabilityService     : LAB9 Observability window=10s category=db.car.findAll count=479 sumNanos=74585802713 avgNanos=155711487
zil-app                 | 2026-05-05T00:21:08.781Z  INFO 1 --- [   scheduling-1] r.observability.ObservabilityService     : LAB9 Observability window=30s category=web.RentController.getRents count=1104 sumNanos=239003238874 avgNanos=216488441
zil-app                 | 2026-05-05T00:21:08.781Z  INFO 1 --- [   scheduling-1] r.observability.ObservabilityService     : LAB9 Observability window=30s category=db.rent.findAll count=1104 sumNanos=239002396122 avgNanos=216487677
zil-app                 | 2026-05-05T00:21:08.781Z  INFO 1 --- [   scheduling-1] r.observability.ObservabilityService     : LAB9 Observability window=30s category=web.CarController.getCars count=1104 sumNanos=245636522264 avgNanos=222496849
zil-app                 | 2026-05-05T00:21:08.781Z  INFO 1 --- [   scheduling-1] r.observability.ObservabilityService     : LAB9 Observability window=30s category=db.car.findAll count=1104 sumNanos=245635463364 avgNanos=222495890
zil-app                 | 2026-05-05T00:21:08.781Z  INFO 1 --- [   scheduling-1] r.observability.ObservabilityService     : LAB9 Observability window=1m category=web.RentController.getRents count=1546 sumNanos=507921200127 avgNanos=328538939
zil-app                 | 2026-05-05T00:21:08.781Z  INFO 1 --- [   scheduling-1] r.observability.ObservabilityService     : LAB9 Observability window=1m category=db.rent.findAll count=1546 sumNanos=507919995864 avgNanos=328538160
zil-app                 | 2026-05-05T00:21:08.782Z  INFO 1 --- [   scheduling-1] r.observability.ObservabilityService     : LAB9 Observability window=1m category=web.CarController.getCars count=1546 sumNanos=522887462572 avgNanos=338219574
zil-app                 | 2026-05-05T00:21:08.782Z  INFO 1 --- [   scheduling-1] r.observability.ObservabilityService     : LAB9 Observability window=1m category=db.car.findAll count=1546 sumNanos=522886053258 avgNanos=338218663
zil-app                 | 2026-05-05T00:21:13.784Z  INFO 1 --- [   scheduling-1] r.observability.ObservabilityService     : LAB9 Observability window=10s category=web.RentController.getRents count=483 sumNanos=75476969202 avgNanos=156267016
zil-app                 | 2026-05-05T00:21:13.784Z  INFO 1 --- [   scheduling-1] r.observability.ObservabilityService     : LAB9 Observability window=10s category=db.rent.findAll count=483 sumNanos=75476602094 avgNanos=156266256
zil-app                 | 2026-05-05T00:21:13.784Z  INFO 1 --- [   scheduling-1] r.observability.ObservabilityService     : LAB9 Observability window=10s category=web.CarController.getCars count=482 sumNanos=73621922695 avgNanos=152742578
zil-app                 | 2026-05-05T00:21:13.784Z  INFO 1 --- [   scheduling-1] r.observability.ObservabilityService     : LAB9 Observability window=10s category=db.car.findAll count=482 sumNanos=73621405504 avgNanos=152741505
zil-app                 | 2026-05-05T00:21:13.785Z  INFO 1 --- [   scheduling-1] r.observability.ObservabilityService     : LAB9 Observability window=30s category=web.RentController.getRents count=1280 sumNanos=232672628743 avgNanos=181775491
zil-app                 | 2026-05-05T00:21:13.785Z  INFO 1 --- [   scheduling-1] r.observability.ObservabilityService     : LAB9 Observability window=30s category=db.rent.findAll count=1280 sumNanos=232671637571 avgNanos=181774716
zil-app                 | 2026-05-05T00:21:13.785Z  INFO 1 --- [   scheduling-1] r.observability.ObservabilityService     : LAB9 Observability window=30s category=web.CarController.getCars count=1276 sumNanos=234708807354 avgNanos=183941071
zil-app                 | 2026-05-05T00:21:13.785Z  INFO 1 --- [   scheduling-1] r.observability.ObservabilityService     : LAB9 Observability window=30s category=db.car.findAll count=1276 sumNanos=234707665611 avgNanos=183940176
zil-app                 | 2026-05-05T00:21:13.785Z  INFO 1 --- [   scheduling-1] r.observability.ObservabilityService     : LAB9 Observability window=1m category=web.RentController.getRents count=1716 sumNanos=503404714167 avgNanos=293359390
zil-app                 | 2026-05-05T00:21:13.785Z  INFO 1 --- [   scheduling-1] r.observability.ObservabilityService     : LAB9 Observability window=1m category=db.rent.findAll count=1716 sumNanos=503403360322 avgNanos=293358601
zil-app                 | 2026-05-05T00:21:13.785Z  INFO 1 --- [   scheduling-1] r.observability.ObservabilityService     : LAB9 Observability window=1m category=web.CarController.getCars count=1710 sumNanos=511644445515 avgNanos=299207278
zil-app                 | 2026-05-05T00:21:13.785Z  INFO 1 --- [   scheduling-1] r.observability.ObservabilityService     : LAB9 Observability window=1m category=db.car.findAll count=1710 sumNanos=511642949029 avgNanos=299206402
zil-app                 | 2026-05-05T00:21:18.787Z  INFO 1 --- [   scheduling-1] r.observability.ObservabilityService     : LAB9 Observability window=10s category=web.RentController.getRents count=475 sumNanos=74691405237 avgNanos=157245063
zil-app                 | 2026-05-05T00:21:18.788Z  INFO 1 --- [   scheduling-1] r.observability.ObservabilityService     : LAB9 Observability window=10s category=db.rent.findAll count=475 sumNanos=74691045767 avgNanos=157244306
zil-app                 | 2026-05-05T00:21:18.788Z  INFO 1 --- [   scheduling-1] r.observability.ObservabilityService     : LAB9 Observability window=10s category=web.CarController.getCars count=477 sumNanos=75441444114 avgNanos=158158163
zil-app                 | 2026-05-05T00:21:18.788Z  INFO 1 --- [   scheduling-1] r.observability.ObservabilityService     : LAB9 Observability window=10s category=db.car.findAll count=477 sumNanos=75440717729 avgNanos=158156640
zil-app                 | 2026-05-05T00:21:18.788Z  INFO 1 --- [   scheduling-1] r.observability.ObservabilityService     : LAB9 Observability window=30s category=web.RentController.getRents count=1437 sumNanos=222359212476 avgNanos=154738491
zil-app                 | 2026-05-05T00:21:18.788Z  INFO 1 --- [   scheduling-1] r.observability.ObservabilityService     : LAB9 Observability window=30s category=db.rent.findAll count=1437 sumNanos=222358125557 avgNanos=154737735
zil-app                 | 2026-05-05T00:21:18.788Z  INFO 1 --- [   scheduling-1] r.observability.ObservabilityService     : LAB9 Observability window=30s category=web.CarController.getCars count=1438 sumNanos=226418741677 avgNanos=157453923
zil-app                 | 2026-05-05T00:21:18.788Z  INFO 1 --- [   scheduling-1] r.observability.ObservabilityService     : LAB9 Observability window=30s category=db.car.findAll count=1438 sumNanos=226417083891 avgNanos=157452770
zil-app                 | 2026-05-05T00:21:18.788Z  INFO 1 --- [   scheduling-1] r.observability.ObservabilityService     : LAB9 Observability window=1m category=web.RentController.getRents count=1877 sumNanos=493708539638 avgNanos=263030655
zil-app                 | 2026-05-05T00:21:18.788Z  INFO 1 --- [   scheduling-1] r.observability.ObservabilityService     : LAB9 Observability window=1m category=db.rent.findAll count=1877 sumNanos=493707095200 avgNanos=263029885
zil-app                 | 2026-05-05T00:21:18.788Z  INFO 1 --- [   scheduling-1] r.observability.ObservabilityService     : LAB9 Observability window=1m category=web.CarController.getCars count=1880 sumNanos=506296141886 avgNanos=269306458
zil-app                 | 2026-05-05T00:21:18.788Z  INFO 1 --- [   scheduling-1] r.observability.ObservabilityService     : LAB9 Observability window=1m category=db.car.findAll count=1880 sumNanos=506294117195 avgNanos=269305381
zil-app                 | 2026-05-05T00:21:23.789Z  INFO 1 --- [   scheduling-1] r.observability.ObservabilityService     : LAB9 Observability window=10s category=web.RentController.getRents count=480 sumNanos=73929407646 avgNanos=154019599
zil-app                 | 2026-05-05T00:21:23.789Z  INFO 1 --- [   scheduling-1] r.observability.ObservabilityService     : LAB9 Observability window=10s category=db.rent.findAll count=480 sumNanos=73928831231 avgNanos=154018398
zil-app                 | 2026-05-05T00:21:23.789Z  INFO 1 --- [   scheduling-1] r.observability.ObservabilityService     : LAB9 Observability window=10s category=web.CarController.getCars count=477 sumNanos=75533807312 avgNanos=158351797
zil-app                 | 2026-05-05T00:21:23.789Z  INFO 1 --- [   scheduling-1] r.observability.ObservabilityService     : LAB9 Observability window=10s category=db.car.findAll count=477 sumNanos=75533077261 avgNanos=158350266
zil-app                 | 2026-05-05T00:21:23.789Z  INFO 1 --- [   scheduling-1] r.observability.ObservabilityService     : LAB9 Observability window=30s category=web.RentController.getRents count=1439 sumNanos=222083440078 avgNanos=154331786
zil-app                 | 2026-05-05T00:21:23.789Z  INFO 1 --- [   scheduling-1] r.observability.ObservabilityService     : LAB9 Observability window=30s category=db.rent.findAll count=1439 sumNanos=222082130400 avgNanos=154330875
zil-app                 | 2026-05-05T00:21:23.789Z  INFO 1 --- [   scheduling-1] r.observability.ObservabilityService     : LAB9 Observability window=30s category=web.CarController.getCars count=1436 sumNanos=225410376693 avgNanos=156971014
zil-app                 | 2026-05-05T00:21:23.789Z  INFO 1 --- [   scheduling-1] r.observability.ObservabilityService     : LAB9 Observability window=30s category=db.car.findAll count=1436 sumNanos=225408764413 avgNanos=156969891
zil-app                 | 2026-05-05T00:21:23.791Z  INFO 1 --- [   scheduling-1] r.observability.ObservabilityService     : LAB9 Observability window=1m category=web.RentController.getRents count=2056 sumNanos=485175350909 avgNanos=235980229
zil-app                 | 2026-05-05T00:21:23.791Z  INFO 1 --- [   scheduling-1] r.observability.ObservabilityService     : LAB9 Observability window=1m category=db.rent.findAll count=2056 sumNanos=485173541436 avgNanos=235979348
zil-app                 | 2026-05-05T00:21:23.791Z  INFO 1 --- [   scheduling-1] r.observability.ObservabilityService     : LAB9 Observability window=1m category=web.CarController.getCars count=2050 sumNanos=495008052348 avgNanos=241467342
zil-app                 | 2026-05-05T00:21:23.791Z  INFO 1 --- [   scheduling-1] r.observability.ObservabilityService     : LAB9 Observability window=1m category=db.car.findAll count=2050 sumNanos=495005935618 avgNanos=241466310
zil-app                 | 2026-05-05T00:21:28.791Z  INFO 1 --- [   scheduling-1] r.observability.ObservabilityService     : LAB9 Observability window=10s category=web.RentController.getRents count=482 sumNanos=74126476113 avgNanos=153789369
zil-app                 | 2026-05-05T00:21:28.791Z  INFO 1 --- [   scheduling-1] r.observability.ObservabilityService     : LAB9 Observability window=10s category=db.rent.findAll count=482 sumNanos=74125892581 avgNanos=153788158
zil-app                 | 2026-05-05T00:21:28.792Z  INFO 1 --- [   scheduling-1] r.observability.ObservabilityService     : LAB9 Observability window=10s category=web.CarController.getCars count=478 sumNanos=74350709041 avgNanos=155545416
zil-app                 | 2026-05-05T00:21:28.792Z  INFO 1 --- [   scheduling-1] r.observability.ObservabilityService     : LAB9 Observability window=10s category=db.car.findAll count=478 sumNanos=74350403183 avgNanos=155544776
zil-app                 | 2026-05-05T00:21:28.792Z  INFO 1 --- [   scheduling-1] r.observability.ObservabilityService     : LAB9 Observability window=30s category=web.RentController.getRents count=1435 sumNanos=223193326613 avgNanos=155535419
zil-app                 | 2026-05-05T00:21:28.792Z  INFO 1 --- [   scheduling-1] r.observability.ObservabilityService     : LAB9 Observability window=30s category=db.rent.findAll count=1435 sumNanos=223192060977 avgNanos=155534537
zil-app                 | 2026-05-05T00:21:28.792Z  INFO 1 --- [   scheduling-1] r.observability.ObservabilityService     : LAB9 Observability window=30s category=web.CarController.getCars count=1434 sumNanos=224378496282 avgNanos=156470360
zil-app                 | 2026-05-05T00:21:28.792Z  INFO 1 --- [   scheduling-1] r.observability.ObservabilityService     : LAB9 Observability window=30s category=db.car.findAll count=1434 sumNanos=224376923625 avgNanos=156469263
zil-app                 | 2026-05-05T00:21:28.792Z  INFO 1 --- [   scheduling-1] r.observability.ObservabilityService     : LAB9 Observability window=1m category=web.RentController.getRents count=2217 sumNanos=475628466297 avgNanos=214536971
zil-app                 | 2026-05-05T00:21:28.792Z  INFO 1 --- [   scheduling-1] r.observability.ObservabilityService     : LAB9 Observability window=1m category=db.rent.findAll count=2217 sumNanos=475626562174 avgNanos=214536112
zil-app                 | 2026-05-05T00:21:28.792Z  INFO 1 --- [   scheduling-1] r.observability.ObservabilityService     : LAB9 Observability window=1m category=web.CarController.getCars count=2215 sumNanos=487186289542 avgNanos=219948663
zil-app                 | 2026-05-05T00:21:28.792Z  INFO 1 --- [   scheduling-1] r.observability.ObservabilityService     : LAB9 Observability window=1m category=db.car.findAll count=2215 sumNanos=487184075979 avgNanos=219947664
zil-app                 | 2026-05-05T00:21:33.793Z  INFO 1 --- [   scheduling-1] r.observability.ObservabilityService     : LAB9 Observability window=10s category=web.RentController.getRents count=468 sumNanos=74666954419 avgNanos=159544774
zil-app                 | 2026-05-05T00:21:33.793Z  INFO 1 --- [   scheduling-1] r.observability.ObservabilityService     : LAB9 Observability window=10s category=db.rent.findAll count=468 sumNanos=74666611278 avgNanos=159544041
zil-app                 | 2026-05-05T00:21:33.793Z  INFO 1 --- [   scheduling-1] r.observability.ObservabilityService     : LAB9 Observability window=10s category=web.CarController.getCars count=470 sumNanos=74731098785 avgNanos=159002337
zil-app                 | 2026-05-05T00:21:33.793Z  INFO 1 --- [   scheduling-1] r.observability.ObservabilityService     : LAB9 Observability window=10s category=db.car.findAll count=470 sumNanos=74730754797 avgNanos=159001605
zil-app                 | 2026-05-05T00:21:33.793Z  INFO 1 --- [   scheduling-1] r.observability.ObservabilityService     : LAB9 Observability window=30s category=web.RentController.getRents count=1431 sumNanos=224073331267 avgNanos=156585137
zil-app                 | 2026-05-05T00:21:33.793Z  INFO 1 --- [   scheduling-1] r.observability.ObservabilityService     : LAB9 Observability window=30s category=db.rent.findAll count=1431 sumNanos=224072044603 avgNanos=156584238
zil-app                 | 2026-05-05T00:21:33.793Z  INFO 1 --- [   scheduling-1] r.observability.ObservabilityService     : LAB9 Observability window=30s category=web.CarController.getCars count=1429 sumNanos=223886828792 avgNanos=156673778
zil-app                 | 2026-05-05T00:21:33.793Z  INFO 1 --- [   scheduling-1] r.observability.ObservabilityService     : LAB9 Observability window=30s category=db.car.findAll count=1429 sumNanos=223885237562 avgNanos=156672664
zil-additional-service  | 2026-05-05T00:17:29.189Z  INFO 1 --- [zil-additional-service] [   scheduling-1] r.a.observability.ObservabilityService   : LAB9 Observability window=10s category=additional.statsComputation.stats count=240 sumNanos=254295 avgNanos=1059
zil-additional-service  | 2026-05-05T00:17:29.190Z  INFO 1 --- [zil-additional-service] [   scheduling-1] r.a.observability.ObservabilityService   : LAB9 Observability window=10s category=web.additional.stats count=240 sumNanos=78653327113 avgNanos=327722196
zil-additional-service  | 2026-05-05T00:17:29.190Z  INFO 1 --- [zil-additional-service] [   scheduling-1] r.a.observability.ObservabilityService   : LAB9 Observability window=10s category=http.main.rents count=481 sumNanos=78596271016 avgNanos=163401810
zil-additional-service  | 2026-05-05T00:17:29.190Z  INFO 1 --- [zil-additional-service] [   scheduling-1] r.a.observability.ObservabilityService   : LAB9 Observability window=10s category=http.main.cars count=476 sumNanos=77664910026 avgNanos=163161575
zil-additional-service  | 2026-05-05T00:17:29.190Z  INFO 1 --- [zil-additional-service] [   scheduling-1] r.a.observability.ObservabilityService   : LAB9 Observability window=10s category=web.additional.availability_new count=241 sumNanos=78323026695 avgNanos=324991812
zil-additional-service  | 2026-05-05T00:17:29.190Z  INFO 1 --- [zil-additional-service] [   scheduling-1] r.a.observability.ObservabilityService   : LAB9 Observability window=10s category=additional.statsComputation.availability.allCitiesAllDates count=241 sumNanos=57852097 avgNanos=240050
zil-additional-service  | 2026-05-05T00:17:29.190Z  INFO 1 --- [zil-additional-service] [   scheduling-1] r.a.observability.ObservabilityService   : LAB9 Observability window=30s category=additional.statsComputation.stats count=703 sumNanos=737033 avgNanos=1048
zil-additional-service  | 2026-05-05T00:17:29.190Z  INFO 1 --- [zil-additional-service] [   scheduling-1] r.a.observability.ObservabilityService   : LAB9 Observability window=30s category=web.additional.stats count=703 sumNanos=232162598436 avgNanos=330245516
zil-additional-service  | 2026-05-05T00:17:29.190Z  INFO 1 --- [zil-additional-service] [   scheduling-1] r.a.observability.ObservabilityService   : LAB9 Observability window=30s category=http.main.rents count=1435 sumNanos=238032091176 avgNanos=165876021
zil-additional-service  | 2026-05-05T00:17:29.190Z  INFO 1 --- [zil-additional-service] [   scheduling-1] r.a.observability.ObservabilityService   : LAB9 Observability window=30s category=http.main.cars count=1433 sumNanos=232431742442 avgNanos=162199401
zil-additional-service  | 2026-05-05T00:17:29.190Z  INFO 1 --- [zil-additional-service] [   scheduling-1] r.a.observability.ObservabilityService   : LAB9 Observability window=30s category=web.additional.availability_new count=732 sumNanos=239264800333 avgNanos=326864481
zil-additional-service  | 2026-05-05T00:17:29.190Z  INFO 1 --- [zil-additional-service] [   scheduling-1] r.a.observability.ObservabilityService   : LAB9 Observability window=30s category=additional.statsComputation.availability.allCitiesAllDates count=732 sumNanos=139331795 avgNanos=190343
zil-app                 | 2026-05-05T00:21:33.794Z  INFO 1 --- [   scheduling-1] r.observability.ObservabilityService     : LAB9 Observability window=1m category=web.RentController.getRents count=2372 sumNanos=468639351850 avgNanos=197571396
zil-additional-service  | 2026-05-05T00:17:29.190Z  INFO 1 --- [zil-additional-service] [   scheduling-1] r.a.observability.ObservabilityService   : LAB9 Observability window=1m category=additional.statsComputation.stats count=1423 sumNanos=1596796 avgNanos=1122
zil-additional-service  | 2026-05-05T00:17:29.190Z  INFO 1 --- [zil-additional-service] [   scheduling-1] r.a.observability.ObservabilityService   : LAB9 Observability window=1m category=web.additional.stats count=1423 sumNanos=473423419443 avgNanos=332693899
zil-additional-service  | 2026-05-05T00:17:29.190Z  INFO 1 --- [zil-additional-service] [   scheduling-1] r.a.observability.ObservabilityService   : LAB9 Observability window=1m category=http.main.rents count=2859 sumNanos=475722239490 avgNanos=166394627
zil-additional-service  | 2026-05-05T00:17:29.190Z  INFO 1 --- [zil-additional-service] [   scheduling-1] r.a.observability.ObservabilityService   : LAB9 Observability window=1m category=http.main.cars count=2855 sumNanos=466655474526 avgNanos=163452005
zil-additional-service  | 2026-05-05T00:17:29.190Z  INFO 1 --- [zil-additional-service] [   scheduling-1] r.a.observability.ObservabilityService   : LAB9 Observability window=1m category=web.additional.availability_new count=1436 sumNanos=470669534147 avgNanos=327764299
zil-additional-service  | 2026-05-05T00:17:29.190Z  INFO 1 --- [zil-additional-service] [   scheduling-1] r.a.observability.ObservabilityService   : LAB9 Observability window=1m category=additional.statsComputation.availability.allCitiesAllDates count=1436 sumNanos=327210833 avgNanos=227862
zil-additional-service  | 2026-05-05T00:17:32.959Z  INFO 1 --- [zil-additional-service] [   scheduling-1] r.additional.service.ClientCacheService  : [client-cache-statistics] Client cache size=1000
zil-additional-service  | 2026-05-05T00:17:34.191Z  INFO 1 --- [zil-additional-service] [   scheduling-1] r.a.observability.ObservabilityService   : LAB9 Observability window=10s category=additional.statsComputation.stats count=238 sumNanos=287640 avgNanos=1208
zil-additional-service  | 2026-05-05T00:17:34.191Z  INFO 1 --- [zil-additional-service] [   scheduling-1] r.a.observability.ObservabilityService   : LAB9 Observability window=10s category=web.additional.stats count=238 sumNanos=79539315086 avgNanos=334198802
zil-additional-service  | 2026-05-05T00:17:34.191Z  INFO 1 --- [zil-additional-service] [   scheduling-1] r.a.observability.ObservabilityService   : LAB9 Observability window=10s category=http.main.rents count=478 sumNanos=78891346945 avgNanos=165044658
zil-additional-service  | 2026-05-05T00:17:34.191Z  INFO 1 --- [zil-additional-service] [   scheduling-1] r.a.observability.ObservabilityService   : LAB9 Observability window=10s category=http.main.cars count=476 sumNanos=78350093860 avgNanos=164601037
zil-additional-service  | 2026-05-05T00:17:34.191Z  INFO 1 --- [zil-additional-service] [   scheduling-1] r.a.observability.ObservabilityService   : LAB9 Observability window=10s category=web.additional.availability_new count=240 sumNanos=78056030540 avgNanos=325233460
zil-additional-service  | 2026-05-05T00:17:34.191Z  INFO 1 --- [zil-additional-service] [   scheduling-1] r.a.observability.ObservabilityService   : LAB9 Observability window=10s category=additional.statsComputation.availability.allCitiesAllDates count=240 sumNanos=60616496 avgNanos=252568
zil-additional-service  | 2026-05-05T00:17:34.192Z  INFO 1 --- [zil-additional-service] [   scheduling-1] r.a.observability.ObservabilityService   : LAB9 Observability window=30s category=additional.statsComputation.stats count=691 sumNanos=735352 avgNanos=1064
zil-additional-service  | 2026-05-05T00:17:34.192Z  INFO 1 --- [zil-additional-service] [   scheduling-1] r.a.observability.ObservabilityService   : LAB9 Observability window=30s category=web.additional.stats count=691 sumNanos=228297000945 avgNanos=330386397
zil-additional-service  | 2026-05-05T00:17:34.192Z  INFO 1 --- [zil-additional-service] [   scheduling-1] r.a.observability.ObservabilityService   : LAB9 Observability window=30s category=http.main.rents count=1436 sumNanos=237465499889 avgNanos=165365946
zil-additional-service  | 2026-05-05T00:17:34.192Z  INFO 1 --- [zil-additional-service] [   scheduling-1] r.a.observability.ObservabilityService   : LAB9 Observability window=30s category=http.main.cars count=1434 sumNanos=232480425588 avgNanos=162120240
zil-additional-service  | 2026-05-05T00:17:34.192Z  INFO 1 --- [zil-additional-service] [   scheduling-1] r.a.observability.ObservabilityService   : LAB9 Observability window=30s category=web.additional.availability_new count=745 sumNanos=242545107855 avgNanos=325563903
zil-additional-service  | 2026-05-05T00:17:34.192Z  INFO 1 --- [zil-additional-service] [   scheduling-1] r.a.observability.ObservabilityService   : LAB9 Observability window=30s category=additional.statsComputation.availability.allCitiesAllDates count=745 sumNanos=146337212 avgNanos=196425
zil-additional-service  | 2026-05-05T00:17:34.192Z  INFO 1 --- [zil-additional-service] [   scheduling-1] r.a.observability.ObservabilityService   : LAB9 Observability window=1m category=additional.statsComputation.stats count=1419 sumNanos=1602396 avgNanos=1129
zil-additional-service  | 2026-05-05T00:17:34.192Z  INFO 1 --- [zil-additional-service] [   scheduling-1] r.a.observability.ObservabilityService   : LAB9 Observability window=1m category=web.additional.stats count=1419 sumNanos=470836313841 avgNanos=331808536
zil-additional-service  | 2026-05-05T00:17:34.192Z  INFO 1 --- [zil-additional-service] [   scheduling-1] r.a.observability.ObservabilityService   : LAB9 Observability window=1m category=http.main.rents count=2864 sumNanos=475509099035 avgNanos=166029713
zil-additional-service  | 2026-05-05T00:17:34.192Z  INFO 1 --- [zil-additional-service] [   scheduling-1] r.a.observability.ObservabilityService   : LAB9 Observability window=1m category=http.main.cars count=2860 sumNanos=465717275692 avgNanos=162838208
zil-additional-service  | 2026-05-05T00:17:34.192Z  INFO 1 --- [zil-additional-service] [   scheduling-1] r.a.observability.ObservabilityService   : LAB9 Observability window=1m category=web.additional.availability_new count=1445 sumNanos=472219315115 avgNanos=326795373
zil-additional-service  | 2026-05-05T00:17:34.192Z  INFO 1 --- [zil-additional-service] [   scheduling-1] r.a.observability.ObservabilityService   : LAB9 Observability window=1m category=additional.statsComputation.availability.allCitiesAllDates count=1445 sumNanos=325806191 avgNanos=225471
zil-additional-service  | 2026-05-05T00:17:39.193Z  INFO 1 --- [zil-additional-service] [   scheduling-1] r.a.observability.ObservabilityService   : LAB9 Observability window=10s category=additional.statsComputation.stats count=228 sumNanos=259692 avgNanos=1139
zil-additional-service  | 2026-05-05T00:17:39.193Z  INFO 1 --- [zil-additional-service] [   scheduling-1] r.a.observability.ObservabilityService   : LAB9 Observability window=10s category=web.additional.stats count=228 sumNanos=74620327548 avgNanos=327282138
zil-additional-service  | 2026-05-05T00:17:39.194Z  INFO 1 --- [zil-additional-service] [   scheduling-1] r.a.observability.ObservabilityService   : LAB9 Observability window=10s category=http.main.rents count=481 sumNanos=77197762681 avgNanos=160494309
zil-additional-service  | 2026-05-05T00:17:39.195Z  INFO 1 --- [zil-additional-service] [   scheduling-1] r.a.observability.ObservabilityService   : LAB9 Observability window=10s category=http.main.cars count=482 sumNanos=78405181171 avgNanos=162666350
zil-additional-service  | 2026-05-05T00:17:39.195Z  INFO 1 --- [zil-additional-service] [   scheduling-1] r.a.observability.ObservabilityService   : LAB9 Observability window=10s category=web.additional.availability_new count=253 sumNanos=81211059708 avgNanos=320992330
zil-additional-service  | 2026-05-05T00:17:39.195Z  INFO 1 --- [zil-additional-service] [   scheduling-1] r.a.observability.ObservabilityService   : LAB9 Observability window=10s category=additional.statsComputation.availability.allCitiesAllDates count=253 sumNanos=44176893 avgNanos=174612
zil-additional-service  | 2026-05-05T00:17:39.196Z  INFO 1 --- [zil-additional-service] [   scheduling-1] r.a.observability.ObservabilityService   : LAB9 Observability window=30s category=additional.statsComputation.stats count=694 sumNanos=751669 avgNanos=1083
zil-additional-service  | 2026-05-05T00:17:39.197Z  INFO 1 --- [zil-additional-service] [   scheduling-1] r.a.observability.ObservabilityService   : LAB9 Observability window=30s category=web.additional.stats count=694 sumNanos=227521215598 avgNanos=327840368
zil-additional-service  | 2026-05-05T00:17:39.198Z  INFO 1 --- [zil-additional-service] [   scheduling-1] r.a.observability.ObservabilityService   : LAB9 Observability window=30s category=http.main.rents count=1437 sumNanos=235075075020 avgNanos=163587386
zil-additional-service  | 2026-05-05T00:17:39.198Z  INFO 1 --- [zil-additional-service] [   scheduling-1] r.a.observability.ObservabilityService   : LAB9 Observability window=30s category=http.main.cars count=1439 sumNanos=233025523395 avgNanos=161935735
zil-additional-service  | 2026-05-05T00:17:39.198Z  INFO 1 --- [zil-additional-service] [   scheduling-1] r.a.observability.ObservabilityService   : LAB9 Observability window=30s category=web.additional.availability_new count=743 sumNanos=240881176484 avgNanos=324200775
zil-additional-service  | 2026-05-05T00:17:39.198Z  INFO 1 --- [zil-additional-service] [   scheduling-1] r.a.observability.ObservabilityService   : LAB9 Observability window=30s category=additional.statsComputation.availability.allCitiesAllDates count=743 sumNanos=142370015 avgNanos=191615
zil-additional-service  | 2026-05-05T00:17:39.199Z  INFO 1 --- [zil-additional-service] [   scheduling-1] r.a.observability.ObservabilityService   : LAB9 Observability window=1m category=additional.statsComputation.stats count=1422 sumNanos=1611310 avgNanos=1133
zil-additional-service  | 2026-05-05T00:17:39.199Z  INFO 1 --- [zil-additional-service] [   scheduling-1] r.a.observability.ObservabilityService   : LAB9 Observability window=1m category=web.additional.stats count=1422 sumNanos=470610625312 avgNanos=330949806
zil-additional-service  | 2026-05-05T00:17:39.199Z  INFO 1 --- [zil-additional-service] [   scheduling-1] r.a.observability.ObservabilityService   : LAB9 Observability window=1m category=http.main.rents count=2863 sumNanos=474588070538 avgNanos=165766004
zil-additional-service  | 2026-05-05T00:17:39.199Z  INFO 1 --- [zil-additional-service] [   scheduling-1] r.a.observability.ObservabilityService   : LAB9 Observability window=1m category=http.main.cars count=2865 sumNanos=465985640155 avgNanos=162647692
zil-additional-service  | 2026-05-05T00:17:39.199Z  INFO 1 --- [zil-additional-service] [   scheduling-1] r.a.observability.ObservabilityService   : LAB9 Observability window=1m category=web.additional.availability_new count=1441 sumNanos=470602727877 avgNanos=326580657
zil-additional-service  | 2026-05-05T00:17:39.199Z  INFO 1 --- [zil-additional-service] [   scheduling-1] r.a.observability.ObservabilityService   : LAB9 Observability window=1m category=additional.statsComputation.availability.allCitiesAllDates count=1441 sumNanos=316097516 avgNanos=219359
zil-additional-service  | 2026-05-05T00:17:42.959Z  INFO 1 --- [zil-additional-service] [   scheduling-1] r.additional.service.ClientCacheService  : [client-cache-statistics] Client cache size=1000
zil-additional-service  | 2026-05-05T00:17:44.199Z  INFO 1 --- [zil-additional-service] [   scheduling-1] r.a.observability.ObservabilityService   : LAB9 Observability window=10s category=additional.statsComputation.stats count=242 sumNanos=249869 avgNanos=1032
zil-additional-service  | 2026-05-05T00:17:44.200Z  INFO 1 --- [zil-additional-service] [   scheduling-1] r.a.observability.ObservabilityService   : LAB9 Observability window=10s category=web.additional.stats count=242 sumNanos=78073646078 avgNanos=322618372
zil-additional-service  | 2026-05-05T00:17:44.200Z  INFO 1 --- [zil-additional-service] [   scheduling-1] r.a.observability.ObservabilityService   : LAB9 Observability window=10s category=http.main.rents count=481 sumNanos=76790718335 avgNanos=159648063
zil-additional-service  | 2026-05-05T00:17:44.200Z  INFO 1 --- [zil-additional-service] [   scheduling-1] r.a.observability.ObservabilityService   : LAB9 Observability window=10s category=http.main.cars count=484 sumNanos=78145987977 avgNanos=161458652
zil-additional-service  | 2026-05-05T00:17:44.200Z  INFO 1 --- [zil-additional-service] [   scheduling-1] r.a.observability.ObservabilityService   : LAB9 Observability window=10s category=web.additional.availability_new count=239 sumNanos=76467078045 avgNanos=319945933
zil-additional-service  | 2026-05-05T00:17:44.200Z  INFO 1 --- [zil-additional-service] [   scheduling-1] r.a.observability.ObservabilityService   : LAB9 Observability window=10s category=additional.statsComputation.availability.allCitiesAllDates count=239 sumNanos=38707779 avgNanos=161957
zil-additional-service  | 2026-05-05T00:17:44.200Z  INFO 1 --- [zil-additional-service] [   scheduling-1] r.a.observability.ObservabilityService   : LAB9 Observability window=30s category=additional.statsComputation.stats count=707 sumNanos=765770 avgNanos=1083
zil-additional-service  | 2026-05-05T00:17:44.200Z  INFO 1 --- [zil-additional-service] [   scheduling-1] r.a.observability.ObservabilityService   : LAB9 Observability window=30s category=web.additional.stats count=707 sumNanos=231506380582 avgNanos=327448911
zil-additional-service  | 2026-05-05T00:17:44.200Z  INFO 1 --- [zil-additional-service] [   scheduling-1] r.a.observability.ObservabilityService   : LAB9 Observability window=30s category=http.main.rents count=1439 sumNanos=234763249379 avgNanos=163143328
zil-additional-service  | 2026-05-05T00:17:44.200Z  INFO 1 --- [zil-additional-service] [   scheduling-1] r.a.observability.ObservabilityService   : LAB9 Observability window=30s category=http.main.cars count=1438 sumNanos=232733994109 avgNanos=161845614
zil-additional-service  | 2026-05-05T00:17:44.200Z  INFO 1 --- [zil-additional-service] [   scheduling-1] r.a.observability.ObservabilityService   : LAB9 Observability window=30s category=web.additional.availability_new count=732 sumNanos=236752267948 avgNanos=323432060
zil-additional-service  | 2026-05-05T00:17:44.200Z  INFO 1 --- [zil-additional-service] [   scheduling-1] r.a.observability.ObservabilityService   : LAB9 Observability window=30s category=additional.statsComputation.availability.allCitiesAllDates count=732 sumNanos=144390098 avgNanos=197254
zil-additional-service  | 2026-05-05T00:17:44.201Z  INFO 1 --- [zil-additional-service] [   scheduling-1] r.a.observability.ObservabilityService   : LAB9 Observability window=1m category=additional.statsComputation.stats count=1427 sumNanos=1585012 avgNanos=1110
zil-additional-service  | 2026-05-05T00:17:44.201Z  INFO 1 --- [zil-additional-service] [   scheduling-1] r.a.observability.ObservabilityService   : LAB9 Observability window=1m category=web.additional.stats count=1427 sumNanos=472326362683 avgNanos=330992545
zil-additional-service  | 2026-05-05T00:17:44.201Z  INFO 1 --- [zil-additional-service] [   scheduling-1] r.a.observability.ObservabilityService   : LAB9 Observability window=1m category=http.main.rents count=2864 sumNanos=474679763087 avgNanos=165740140
zil-additional-service  | 2026-05-05T00:17:44.201Z  INFO 1 --- [zil-additional-service] [   scheduling-1] r.a.observability.ObservabilityService   : LAB9 Observability window=1m category=http.main.cars count=2864 sumNanos=464764107796 avgNanos=162277970
zil-additional-service  | 2026-05-05T00:17:44.201Z  INFO 1 --- [zil-additional-service] [   scheduling-1] r.a.observability.ObservabilityService   : LAB9 Observability window=1m category=web.additional.availability_new count=1437 sumNanos=468155408919 avgNanos=325786645
zil-additional-service  | 2026-05-05T00:17:44.201Z  INFO 1 --- [zil-additional-service] [   scheduling-1] r.a.observability.ObservabilityService   : LAB9 Observability window=1m category=additional.statsComputation.availability.allCitiesAllDates count=1437 sumNanos=304736412 avgNanos=212064
zil-additional-service  | 2026-05-05T00:17:49.202Z  INFO 1 --- [zil-additional-service] [   scheduling-1] r.a.observability.ObservabilityService   : LAB9 Observability window=10s category=additional.statsComputation.stats count=249 sumNanos=266035 avgNanos=1068
zil-additional-service  | 2026-05-05T00:17:49.202Z  INFO 1 --- [zil-additional-service] [   scheduling-1] r.a.observability.ObservabilityService   : LAB9 Observability window=10s category=web.additional.stats count=249 sumNanos=82681633395 avgNanos=332054752
zil-additional-service  | 2026-05-05T00:17:49.202Z  INFO 1 --- [zil-additional-service] [   scheduling-1] r.a.observability.ObservabilityService   : LAB9 Observability window=10s category=http.main.rents count=475 sumNanos=78274332699 avgNanos=164788068
zil-additional-service  | 2026-05-05T00:17:49.202Z  INFO 1 --- [zil-additional-service] [   scheduling-1] r.a.observability.ObservabilityService   : LAB9 Observability window=10s category=http.main.cars count=476 sumNanos=78869867202 avgNanos=165692998
zil-additional-service  | 2026-05-05T00:17:49.202Z  INFO 1 --- [zil-additional-service] [   scheduling-1] r.a.observability.ObservabilityService   : LAB9 Observability window=10s category=web.additional.availability_new count=226 sumNanos=74164254503 avgNanos=328160418
zil-additional-service  | 2026-05-05T00:17:49.202Z  INFO 1 --- [zil-additional-service] [   scheduling-1] r.a.observability.ObservabilityService   : LAB9 Observability window=10s category=additional.statsComputation.availability.allCitiesAllDates count=226 sumNanos=43563490 avgNanos=192758
zil-additional-service  | 2026-05-05T00:17:49.202Z  INFO 1 --- [zil-additional-service] [   scheduling-1] r.a.observability.ObservabilityService   : LAB9 Observability window=30s category=additional.statsComputation.stats count=716 sumNanos=778909 avgNanos=1087
zil-additional-service  | 2026-05-05T00:17:49.202Z  INFO 1 --- [zil-additional-service] [   scheduling-1] r.a.observability.ObservabilityService   : LAB9 Observability window=30s category=web.additional.stats count=716 sumNanos=235572077874 avgNanos=329011281
zil-additional-service  | 2026-05-05T00:17:49.202Z  INFO 1 --- [zil-additional-service] [   scheduling-1] r.a.observability.ObservabilityService   : LAB9 Observability window=30s category=http.main.rents count=1436 sumNanos=233908724554 avgNanos=162889083
zil-additional-service  | 2026-05-05T00:17:49.202Z  INFO 1 --- [zil-additional-service] [   scheduling-1] r.a.observability.ObservabilityService   : LAB9 Observability window=30s category=http.main.cars count=1434 sumNanos=234939958399 avgNanos=163835396
zil-additional-service  | 2026-05-05T00:17:49.202Z  INFO 1 --- [zil-additional-service] [   scheduling-1] r.a.observability.ObservabilityService   : LAB9 Observability window=30s category=web.additional.availability_new count=720 sumNanos=233698340906 avgNanos=324581029
zil-additional-service  | 2026-05-05T00:17:49.202Z  INFO 1 --- [zil-additional-service] [   scheduling-1] r.a.observability.ObservabilityService   : LAB9 Observability window=30s category=additional.statsComputation.availability.allCitiesAllDates count=720 sumNanos=145592480 avgNanos=202211
zil-additional-service  | 2026-05-05T00:17:49.202Z  INFO 1 --- [zil-additional-service] [   scheduling-1] r.a.observability.ObservabilityService   : LAB9 Observability window=1m category=additional.statsComputation.stats count=1438 sumNanos=1603019 avgNanos=1114
zil-additional-service  | 2026-05-05T00:17:49.203Z  INFO 1 --- [zil-additional-service] [   scheduling-1] r.a.observability.ObservabilityService   : LAB9 Observability window=1m category=web.additional.stats count=1438 sumNanos=476345561309 avgNanos=331255605
zil-additional-service  | 2026-05-05T00:17:49.203Z  INFO 1 --- [zil-additional-service] [   scheduling-1] r.a.observability.ObservabilityService   : LAB9 Observability window=1m category=http.main.rents count=2864 sumNanos=474069653886 avgNanos=165527113
zil-additional-service  | 2026-05-05T00:17:49.203Z  INFO 1 --- [zil-additional-service] [   scheduling-1] r.a.observability.ObservabilityService   : LAB9 Observability window=1m category=http.main.cars count=2863 sumNanos=465830859153 avgNanos=162707250
zil-additional-service  | 2026-05-05T00:17:49.203Z  INFO 1 --- [zil-additional-service] [   scheduling-1] r.a.observability.ObservabilityService   : LAB9 Observability window=1m category=web.additional.availability_new count=1426 sumNanos=464571965962 avgNanos=325786792
zil-additional-service  | 2026-05-05T00:17:49.203Z  INFO 1 --- [zil-additional-service] [   scheduling-1] r.a.observability.ObservabilityService   : LAB9 Observability window=1m category=additional.statsComputation.availability.allCitiesAllDates count=1426 sumNanos=283240559 avgNanos=198625
zil-additional-service  | 2026-05-05T00:17:52.959Z  INFO 1 --- [zil-additional-service] [   scheduling-1] r.additional.service.ClientCacheService  : [client-cache-statistics] Client cache size=1000
zil-additional-service  | 2026-05-05T00:17:54.203Z  INFO 1 --- [zil-additional-service] [   scheduling-1] r.a.observability.ObservabilityService   : LAB9 Observability window=10s category=additional.statsComputation.stats count=251 sumNanos=267255 avgNanos=1064
zil-additional-service  | 2026-05-05T00:17:54.203Z  INFO 1 --- [zil-additional-service] [   scheduling-1] r.a.observability.ObservabilityService   : LAB9 Observability window=10s category=web.additional.stats count=251 sumNanos=82543048486 avgNanos=328856766
zil-additional-service  | 2026-05-05T00:17:54.203Z  INFO 1 --- [zil-additional-service] [   scheduling-1] r.a.observability.ObservabilityService   : LAB9 Observability window=10s category=http.main.rents count=479 sumNanos=78316181545 avgNanos=163499335
zil-additional-service  | 2026-05-05T00:17:54.203Z  INFO 1 --- [zil-additional-service] [   scheduling-1] r.a.observability.ObservabilityService   : LAB9 Observability window=10s category=http.main.cars count=480 sumNanos=79301370075 avgNanos=165211187
zil-additional-service  | 2026-05-05T00:17:54.203Z  INFO 1 --- [zil-additional-service] [   scheduling-1] r.a.observability.ObservabilityService   : LAB9 Observability window=10s category=web.additional.availability_new count=228 sumNanos=75060926005 avgNanos=329214587
zil-additional-service  | 2026-05-05T00:17:54.203Z  INFO 1 --- [zil-additional-service] [   scheduling-1] r.a.observability.ObservabilityService   : LAB9 Observability window=10s category=additional.statsComputation.availability.allCitiesAllDates count=228 sumNanos=42102950 avgNanos=184662
zil-additional-service  | 2026-05-05T00:17:54.204Z  INFO 1 --- [zil-additional-service] [   scheduling-1] r.a.observability.ObservabilityService   : LAB9 Observability window=30s category=additional.statsComputation.stats count=731 sumNanos=804764 avgNanos=1100
zil-additional-service  | 2026-05-05T00:17:54.208Z  INFO 1 --- [zil-additional-service] [   scheduling-1] r.a.observability.ObservabilityService   : LAB9 Observability window=30s category=web.additional.stats count=731 sumNanos=240156009650 avgNanos=328530792
zil-additional-service  | 2026-05-05T00:17:54.208Z  INFO 1 --- [zil-additional-service] [   scheduling-1] r.a.observability.ObservabilityService   : LAB9 Observability window=30s category=http.main.rents count=1438 sumNanos=233961930978 avgNanos=162699534
zil-additional-service  | 2026-05-05T00:17:54.208Z  INFO 1 --- [zil-additional-service] [   scheduling-1] r.a.observability.ObservabilityService   : LAB9 Observability window=30s category=http.main.cars count=1439 sumNanos=235620397152 avgNanos=163738983
zil-additional-service  | 2026-05-05T00:17:54.208Z  INFO 1 --- [zil-additional-service] [   scheduling-1] r.a.observability.ObservabilityService   : LAB9 Observability window=30s category=web.additional.availability_new count=707 sumNanos=229578223511 avgNanos=324721673
zil-additional-service  | 2026-05-05T00:17:54.208Z  INFO 1 --- [zil-additional-service] [   scheduling-1] r.a.observability.ObservabilityService   : LAB9 Observability window=30s category=additional.statsComputation.availability.allCitiesAllDates count=707 sumNanos=141399919 avgNanos=199999
zil-additional-service  | 2026-05-05T00:17:54.209Z  INFO 1 --- [zil-additional-service] [   scheduling-1] r.a.observability.ObservabilityService   : LAB9 Observability window=1m category=additional.statsComputation.stats count=1442 sumNanos=1515402 avgNanos=1050
zil-additional-service  | 2026-05-05T00:17:54.209Z  INFO 1 --- [zil-additional-service] [   scheduling-1] r.a.observability.ObservabilityService   : LAB9 Observability window=1m category=web.additional.stats count=1442 sumNanos=476589440995 avgNanos=330505853
zil-additional-service  | 2026-05-05T00:17:54.209Z  INFO 1 --- [zil-additional-service] [   scheduling-1] r.a.observability.ObservabilityService   : LAB9 Observability window=1m category=http.main.rents count=2869 sumNanos=474222714224 avgNanos=165291988
zil-additional-service  | 2026-05-05T00:17:54.209Z  INFO 1 --- [zil-additional-service] [   scheduling-1] r.a.observability.ObservabilityService   : LAB9 Observability window=1m category=http.main.cars count=2871 sumNanos=467059464321 avgNanos=162681805
zil-additional-service  | 2026-05-05T00:17:54.209Z  INFO 1 --- [zil-additional-service] [   scheduling-1] r.a.observability.ObservabilityService   : LAB9 Observability window=1m category=web.additional.availability_new count=1427 sumNanos=465250855365 avgNanos=326034236
zil-additional-service  | 2026-05-05T00:17:54.209Z  INFO 1 --- [zil-additional-service] [   scheduling-1] r.a.observability.ObservabilityService   : LAB9 Observability window=1m category=additional.statsComputation.availability.allCitiesAllDates count=1427 sumNanos=263608784 avgNanos=184729
zil-additional-service  | 2026-05-05T00:17:59.210Z  INFO 1 --- [zil-additional-service] [   scheduling-1] r.a.observability.ObservabilityService   : LAB9 Observability window=10s category=additional.statsComputation.stats count=258 sumNanos=295276 avgNanos=1144
zil-additional-service  | 2026-05-05T00:17:59.210Z  INFO 1 --- [zil-additional-service] [   scheduling-1] r.a.observability.ObservabilityService   : LAB9 Observability window=10s category=web.additional.stats count=258 sumNanos=82704292764 avgNanos=320559274
zil-additional-service  | 2026-05-05T00:17:59.210Z  INFO 1 --- [zil-additional-service] [   scheduling-1] r.a.observability.ObservabilityService   : LAB9 Observability window=10s category=http.main.rents count=482 sumNanos=78213384480 avgNanos=162268432
zil-additional-service  | 2026-05-05T00:17:59.210Z  INFO 1 --- [zil-additional-service] [   scheduling-1] r.a.observability.ObservabilityService   : LAB9 Observability window=10s category=http.main.cars count=484 sumNanos=76874442277 avgNanos=158831492
zil-additional-service  | 2026-05-05T00:17:59.210Z  INFO 1 --- [zil-additional-service] [   scheduling-1] r.a.observability.ObservabilityService   : LAB9 Observability window=10s category=web.additional.availability_new count=224 sumNanos=72255441585 avgNanos=322568935
zil-additional-service  | 2026-05-05T00:17:59.210Z  INFO 1 --- [zil-additional-service] [   scheduling-1] r.a.observability.ObservabilityService   : LAB9 Observability window=10s category=additional.statsComputation.availability.allCitiesAllDates count=224 sumNanos=48363706 avgNanos=215909
zil-additional-service  | 2026-05-05T00:17:59.211Z  INFO 1 --- [zil-additional-service] [   scheduling-1] r.a.observability.ObservabilityService   : LAB9 Observability window=30s category=additional.statsComputation.stats count=734 sumNanos=820568 avgNanos=1117
zil-additional-service  | 2026-05-05T00:17:59.211Z  INFO 1 --- [zil-additional-service] [   scheduling-1] r.a.observability.ObservabilityService   : LAB9 Observability window=30s category=web.additional.stats count=734 sumNanos=239631226996 avgNanos=326473061
zil-additional-service  | 2026-05-05T00:17:59.211Z  INFO 1 --- [zil-additional-service] [   scheduling-1] r.a.observability.ObservabilityService   : LAB9 Observability window=30s category=http.main.rents count=1436 sumNanos=233364089548 avgNanos=162509811
zil-additional-service  | 2026-05-05T00:17:59.211Z  INFO 1 --- [zil-additional-service] [   scheduling-1] r.a.observability.ObservabilityService   : LAB9 Observability window=30s category=http.main.cars count=1442 sumNanos=234114267706 avgNanos=162353861
zil-additional-service  | 2026-05-05T00:17:59.211Z  INFO 1 --- [zil-additional-service] [   scheduling-1] r.a.observability.ObservabilityService   : LAB9 Observability window=30s category=web.additional.availability_new count=702 sumNanos=227320674397 avgNanos=323818624
zil-additional-service  | 2026-05-05T00:17:59.211Z  INFO 1 --- [zil-additional-service] [   scheduling-1] r.a.observability.ObservabilityService   : LAB9 Observability window=30s category=additional.statsComputation.availability.allCitiesAllDates count=702 sumNanos=135948147 avgNanos=193658
zil-additional-service  | 2026-05-05T00:17:59.211Z  INFO 1 --- [zil-additional-service] [   scheduling-1] r.a.observability.ObservabilityService   : LAB9 Observability window=1m category=additional.statsComputation.stats count=1438 sumNanos=1558036 avgNanos=1083
zil-additional-service  | 2026-05-05T00:17:59.211Z  INFO 1 --- [zil-additional-service] [   scheduling-1] r.a.observability.ObservabilityService   : LAB9 Observability window=1m category=web.additional.stats count=1438 sumNanos=472168852143 avgNanos=328351079
zil-additional-service  | 2026-05-05T00:17:59.211Z  INFO 1 --- [zil-additional-service] [   scheduling-1] r.a.observability.ObservabilityService   : LAB9 Observability window=1m category=http.main.rents count=2873 sumNanos=471717571036 avgNanos=164189895
zil-additional-service  | 2026-05-05T00:17:59.211Z  INFO 1 --- [zil-additional-service] [   scheduling-1] r.a.observability.ObservabilityService   : LAB9 Observability window=1m category=http.main.cars count=2876 sumNanos=466730316306 avgNanos=162284532
zil-additional-service  | 2026-05-05T00:17:59.211Z  INFO 1 --- [zil-additional-service] [   scheduling-1] r.a.observability.ObservabilityService   : LAB9 Observability window=1m category=web.additional.availability_new count=1435 sumNanos=466895556129 avgNanos=325362756
zil-additional-service  | 2026-05-05T00:17:59.211Z  INFO 1 --- [zil-additional-service] [   scheduling-1] r.a.observability.ObservabilityService   : LAB9 Observability window=1m category=additional.statsComputation.availability.allCitiesAllDates count=1435 sumNanos=275435884 avgNanos=191941
zil-additional-service  | 2026-05-05T00:18:02.963Z  INFO 1 --- [zil-additional-service] [   scheduling-1] r.additional.service.ClientCacheService  : [client-cache-statistics] Client cache size=1000
zil-additional-service  | 2026-05-05T00:18:04.212Z  INFO 1 --- [zil-additional-service] [   scheduling-1] r.a.observability.ObservabilityService   : LAB9 Observability window=10s category=additional.statsComputation.stats count=261 sumNanos=328403 avgNanos=1258
zil-additional-service  | 2026-05-05T00:18:04.213Z  INFO 1 --- [zil-additional-service] [   scheduling-1] r.a.observability.ObservabilityService   : LAB9 Observability window=10s category=web.additional.stats count=261 sumNanos=84823537201 avgNanos=324994395
zil-additional-service  | 2026-05-05T00:18:04.213Z  INFO 1 --- [zil-additional-service] [   scheduling-1] r.a.observability.ObservabilityService   : LAB9 Observability window=10s category=http.main.rents count=476 sumNanos=79285360249 avgNanos=166565882
zil-additional-service  | 2026-05-05T00:18:04.214Z  INFO 1 --- [zil-additional-service] [   scheduling-1] r.a.observability.ObservabilityService   : LAB9 Observability window=10s category=http.main.cars count=476 sumNanos=77143848643 avgNanos=162066908
zil-additional-service  | 2026-05-05T00:18:04.214Z  INFO 1 --- [zil-additional-service] [   scheduling-1] r.a.observability.ObservabilityService   : LAB9 Observability window=10s category=web.additional.availability_new count=215 sumNanos=71836150021 avgNanos=334121628
zil-additional-service  | 2026-05-05T00:18:04.214Z  INFO 1 --- [zil-additional-service] [   scheduling-1] r.a.observability.ObservabilityService   : LAB9 Observability window=10s category=additional.statsComputation.availability.allCitiesAllDates count=215 sumNanos=39276497 avgNanos=182681
zil-additional-service  | 2026-05-05T00:18:04.215Z  INFO 1 --- [zil-additional-service] [   scheduling-1] r.a.observability.ObservabilityService   : LAB9 Observability window=30s category=additional.statsComputation.stats count=754 sumNanos=845527 avgNanos=1121
zil-additional-service  | 2026-05-05T00:18:04.215Z  INFO 1 --- [zil-additional-service] [   scheduling-1] r.a.observability.ObservabilityService   : LAB9 Observability window=30s category=web.additional.stats count=754 sumNanos=245440231765 avgNanos=325517548
zil-additional-service  | 2026-05-05T00:18:04.215Z  INFO 1 --- [zil-additional-service] [   scheduling-1] r.a.observability.ObservabilityService   : LAB9 Observability window=30s category=http.main.rents count=1437 sumNanos=234582379170 avgNanos=163244522
zil-additional-service  | 2026-05-05T00:18:04.215Z  INFO 1 --- [zil-additional-service] [   scheduling-1] r.a.observability.ObservabilityService   : LAB9 Observability window=30s category=http.main.cars count=1440 sumNanos=234591206695 avgNanos=162910560
zil-additional-service  | 2026-05-05T00:18:04.215Z  INFO 1 --- [zil-additional-service] [   scheduling-1] r.a.observability.ObservabilityService   : LAB9 Observability window=30s category=web.additional.availability_new count=683 sumNanos=223660994866 avgNanos=327468513
zil-additional-service  | 2026-05-05T00:18:04.215Z  INFO 1 --- [zil-additional-service] [   scheduling-1] r.a.observability.ObservabilityService   : LAB9 Observability window=30s category=additional.statsComputation.availability.allCitiesAllDates count=683 sumNanos=120150965 avgNanos=175916
zil-additional-service  | 2026-05-05T00:18:04.215Z  INFO 1 --- [zil-additional-service] [   scheduling-1] r.a.observability.ObservabilityService   : LAB9 Observability window=1m category=additional.statsComputation.stats count=1444 sumNanos=1580401 avgNanos=1094
zil-additional-service  | 2026-05-05T00:18:04.215Z  INFO 1 --- [zil-additional-service] [   scheduling-1] r.a.observability.ObservabilityService   : LAB9 Observability window=1m category=web.additional.stats count=1444 sumNanos=473405108865 avgNanos=327842873
zil-additional-service  | 2026-05-05T00:18:04.215Z  INFO 1 --- [zil-additional-service] [   scheduling-1] r.a.observability.ObservabilityService   : LAB9 Observability window=1m category=http.main.rents count=2873 sumNanos=472017117643 avgNanos=164294158
zil-additional-service  | 2026-05-05T00:18:04.215Z  INFO 1 --- [zil-additional-service] [   scheduling-1] r.a.observability.ObservabilityService   : LAB9 Observability window=1m category=http.main.cars count=2874 sumNanos=467071632283 avgNanos=162516225
zil-additional-service  | 2026-05-05T00:18:04.215Z  INFO 1 --- [zil-additional-service] [   scheduling-1] r.a.observability.ObservabilityService   : LAB9 Observability window=1m category=web.additional.availability_new count=1429 sumNanos=466510918842 avgNanos=326459705
zil-additional-service  | 2026-05-05T00:18:04.215Z  INFO 1 --- [zil-additional-service] [   scheduling-1] r.a.observability.ObservabilityService   : LAB9 Observability window=1m category=additional.statsComputation.availability.allCitiesAllDates count=1429 sumNanos=266628572 avgNanos=186584
zil-additional-service  | 2026-05-05T00:18:09.216Z  INFO 1 --- [zil-additional-service] [   scheduling-1] r.a.observability.ObservabilityService   : LAB9 Observability window=10s category=additional.statsComputation.stats count=258 sumNanos=327684 avgNanos=1270
zil-additional-service  | 2026-05-05T00:18:09.216Z  INFO 1 --- [zil-additional-service] [   scheduling-1] r.a.observability.ObservabilityService   : LAB9 Observability window=10s category=web.additional.stats count=258 sumNanos=84425317256 avgNanos=327229911
zil-additional-service  | 2026-05-05T00:18:09.216Z  INFO 1 --- [zil-additional-service] [   scheduling-1] r.a.observability.ObservabilityService   : LAB9 Observability window=10s category=http.main.rents count=482 sumNanos=80571273370 avgNanos=167160318
zil-additional-service  | 2026-05-05T00:18:09.217Z  INFO 1 --- [zil-additional-service] [   scheduling-1] r.a.observability.ObservabilityService   : LAB9 Observability window=10s category=http.main.cars count=480 sumNanos=78091371716 avgNanos=162690357
zil-additional-service  | 2026-05-05T00:18:09.217Z  INFO 1 --- [zil-additional-service] [   scheduling-1] r.a.observability.ObservabilityService   : LAB9 Observability window=10s category=web.additional.availability_new count=224 sumNanos=74907257060 avgNanos=334407397
zil-additional-service  | 2026-05-05T00:18:09.217Z  INFO 1 --- [zil-additional-service] [   scheduling-1] r.a.observability.ObservabilityService   : LAB9 Observability window=10s category=additional.statsComputation.availability.allCitiesAllDates count=224 sumNanos=34710803 avgNanos=154958
zil-additional-service  | 2026-05-05T00:18:09.217Z  INFO 1 --- [zil-additional-service] [   scheduling-1] r.a.observability.ObservabilityService   : LAB9 Observability window=30s category=additional.statsComputation.stats count=764 sumNanos=888035 avgNanos=1162
zil-additional-service  | 2026-05-05T00:18:09.218Z  INFO 1 --- [zil-additional-service] [   scheduling-1] r.a.observability.ObservabilityService   : LAB9 Observability window=30s category=web.additional.stats count=764 sumNanos=249479286227 avgNanos=326543568
zil-additional-service  | 2026-05-05T00:18:09.218Z  INFO 1 --- [zil-additional-service] [   scheduling-1] r.a.observability.ObservabilityService   : LAB9 Observability window=30s category=http.main.rents count=1438 sumNanos=236869050803 avgNanos=164721175
zil-additional-service  | 2026-05-05T00:18:09.218Z  INFO 1 --- [zil-additional-service] [   scheduling-1] r.a.observability.ObservabilityService   : LAB9 Observability window=30s category=http.main.cars count=1439 sumNanos=233596654824 avgNanos=162332630
zil-additional-service  | 2026-05-05T00:18:09.218Z  INFO 1 --- [zil-additional-service] [   scheduling-1] r.a.observability.ObservabilityService   : LAB9 Observability window=30s category=web.additional.availability_new count=674 sumNanos=221326953148 avgNanos=328378268
zil-additional-service  | 2026-05-05T00:18:09.218Z  INFO 1 --- [zil-additional-service] [   scheduling-1] r.a.observability.ObservabilityService   : LAB9 Observability window=30s category=additional.statsComputation.availability.allCitiesAllDates count=674 sumNanos=126637999 avgNanos=187890
zil-additional-service  | 2026-05-05T00:18:09.219Z  INFO 1 --- [zil-additional-service] [   scheduling-1] r.a.observability.ObservabilityService   : LAB9 Observability window=1m category=additional.statsComputation.stats count=1459 sumNanos=1640664 avgNanos=1124
zil-additional-service  | 2026-05-05T00:18:09.219Z  INFO 1 --- [zil-additional-service] [   scheduling-1] r.a.observability.ObservabilityService   : LAB9 Observability window=1m category=web.additional.stats count=1459 sumNanos=477332459013 avgNanos=327164125
zil-additional-service  | 2026-05-05T00:18:09.219Z  INFO 1 --- [zil-additional-service] [   scheduling-1] r.a.observability.ObservabilityService   : LAB9 Observability window=1m category=http.main.rents count=2876 sumNanos=472134065569 avgNanos=164163444
zil-additional-service  | 2026-05-05T00:18:09.219Z  INFO 1 --- [zil-additional-service] [   scheduling-1] r.a.observability.ObservabilityService   : LAB9 Observability window=1m category=http.main.cars count=2880 sumNanos=467010287804 avgNanos=162156349
zil-additional-service  | 2026-05-05T00:18:09.219Z  INFO 1 --- [zil-additional-service] [   scheduling-1] r.a.observability.ObservabilityService   : LAB9 Observability window=1m category=web.additional.availability_new count=1417 sumNanos=462208129632 avgNanos=326187812
zil-additional-service  | 2026-05-05T00:18:09.219Z  INFO 1 --- [zil-additional-service] [   scheduling-1] r.a.observability.ObservabilityService   : LAB9 Observability window=1m category=additional.statsComputation.availability.allCitiesAllDates count=1417 sumNanos=269008014 avgNanos=189843
zil-additional-service  | 2026-05-05T00:18:12.959Z  INFO 1 --- [zil-additional-service] [   scheduling-1] r.additional.service.ClientCacheService  : [client-cache-statistics] Client cache size=1000
zil-additional-service  | 2026-05-05T00:18:14.220Z  INFO 1 --- [zil-additional-service] [   scheduling-1] r.a.observability.ObservabilityService   : LAB9 Observability window=10s category=additional.statsComputation.stats count=250 sumNanos=294710 avgNanos=1178
zil-additional-service  | 2026-05-05T00:18:14.221Z  INFO 1 --- [zil-additional-service] [   scheduling-1] r.a.observability.ObservabilityService   : LAB9 Observability window=10s category=web.additional.stats count=250 sumNanos=81329064240 avgNanos=325316256
zil-additional-service  | 2026-05-05T00:18:14.222Z  INFO 1 --- [zil-additional-service] [   scheduling-1] r.a.observability.ObservabilityService   : LAB9 Observability window=10s category=http.main.rents count=481 sumNanos=79655878631 avgNanos=165604737
zil-additional-service  | 2026-05-05T00:18:14.223Z  INFO 1 --- [zil-additional-service] [   scheduling-1] r.a.observability.ObservabilityService   : LAB9 Observability window=10s category=http.main.cars count=482 sumNanos=77220563294 avgNanos=160208637
zil-additional-service  | 2026-05-05T00:18:14.223Z  INFO 1 --- [zil-additional-service] [   scheduling-1] r.a.observability.ObservabilityService   : LAB9 Observability window=10s category=web.additional.availability_new count=231 sumNanos=75191668948 avgNanos=325505060
zil-additional-service  | 2026-05-05T00:18:14.224Z  INFO 1 --- [zil-additional-service] [   scheduling-1] r.a.observability.ObservabilityService   : LAB9 Observability window=10s category=additional.statsComputation.availability.allCitiesAllDates count=231 sumNanos=38165698 avgNanos=165219
zil-additional-service  | 2026-05-05T00:18:14.224Z  INFO 1 --- [zil-additional-service] [   scheduling-1] r.a.observability.ObservabilityService   : LAB9 Observability window=30s category=additional.statsComputation.stats count=762 sumNanos=890368 avgNanos=1168
zil-additional-service  | 2026-05-05T00:18:14.224Z  INFO 1 --- [zil-additional-service] [   scheduling-1] r.a.observability.ObservabilityService   : LAB9 Observability window=30s category=web.additional.stats count=762 sumNanos=248695649927 avgNanos=326372243
zil-additional-service  | 2026-05-05T00:18:14.224Z  INFO 1 --- [zil-additional-service] [   scheduling-1] r.a.observability.ObservabilityService   : LAB9 Observability window=30s category=http.main.rents count=1437 sumNanos=237447539466 avgNanos=165238371
zil-additional-service  | 2026-05-05T00:18:14.224Z  INFO 1 --- [zil-additional-service] [   scheduling-1] r.a.observability.ObservabilityService   : LAB9 Observability window=30s category=http.main.cars count=1438 sumNanos=233665782012 avgNanos=162493589
zil-additional-service  | 2026-05-05T00:18:14.224Z  INFO 1 --- [zil-additional-service] [   scheduling-1] r.a.observability.ObservabilityService   : LAB9 Observability window=30s category=web.additional.availability_new count=675 sumNanos=222385585769 avgNanos=329460127
zil-additional-service  | 2026-05-05T00:18:14.224Z  INFO 1 --- [zil-additional-service] [   scheduling-1] r.a.observability.ObservabilityService   : LAB9 Observability window=30s category=additional.statsComputation.availability.allCitiesAllDates count=675 sumNanos=119608884 avgNanos=177198
zil-additional-service  | 2026-05-05T00:18:14.224Z  INFO 1 --- [zil-additional-service] [   scheduling-1] r.a.observability.ObservabilityService   : LAB9 Observability window=1m category=additional.statsComputation.stats count=1469 sumNanos=1656138 avgNanos=1127
zil-additional-service  | 2026-05-05T00:18:14.224Z  INFO 1 --- [zil-additional-service] [   scheduling-1] r.a.observability.ObservabilityService   : LAB9 Observability window=1m category=web.additional.stats count=1469 sumNanos=480202030509 avgNanos=326890422
zil-additional-service  | 2026-05-05T00:18:14.224Z  INFO 1 --- [zil-additional-service] [   scheduling-1] r.a.observability.ObservabilityService   : LAB9 Observability window=1m category=http.main.rents count=2876 sumNanos=472210788845 avgNanos=164190121
zil-additional-service  | 2026-05-05T00:18:14.224Z  INFO 1 --- [zil-additional-service] [   scheduling-1] r.a.observability.ObservabilityService   : LAB9 Observability window=1m category=http.main.cars count=2876 sumNanos=466399776121 avgNanos=162169602
zil-additional-service  | 2026-05-05T00:18:14.224Z  INFO 1 --- [zil-additional-service] [   scheduling-1] r.a.observability.ObservabilityService   : LAB9 Observability window=1m category=web.additional.availability_new count=1407 sumNanos=459137853717 avgNanos=326323989
zil-additional-service  | 2026-05-05T00:18:14.224Z  INFO 1 --- [zil-additional-service] [   scheduling-1] r.a.observability.ObservabilityService   : LAB9 Observability window=1m category=additional.statsComputation.availability.allCitiesAllDates count=1407 sumNanos=263998982 avgNanos=187632
zil-additional-service  | 2026-05-05T00:18:19.225Z  INFO 1 --- [zil-additional-service] [   scheduling-1] r.a.observability.ObservabilityService   : LAB9 Observability window=10s category=additional.statsComputation.stats count=242 sumNanos=249813 avgNanos=1032
zil-additional-service  | 2026-05-05T00:18:19.225Z  INFO 1 --- [zil-additional-service] [   scheduling-1] r.a.observability.ObservabilityService   : LAB9 Observability window=10s category=web.additional.stats count=242 sumNanos=79498475988 avgNanos=328506099
zil-additional-service  | 2026-05-05T00:18:19.225Z  INFO 1 --- [zil-additional-service] [   scheduling-1] r.a.observability.ObservabilityService   : LAB9 Observability window=10s category=http.main.rents count=480 sumNanos=79625081551 avgNanos=165885586
zil-additional-service  | 2026-05-05T00:18:19.225Z  INFO 1 --- [zil-additional-service] [   scheduling-1] r.a.observability.ObservabilityService   : LAB9 Observability window=10s category=http.main.cars count=476 sumNanos=77023882901 avgNanos=161814880
zil-additional-service  | 2026-05-05T00:18:19.225Z  INFO 1 --- [zil-additional-service] [   scheduling-1] r.a.observability.ObservabilityService   : LAB9 Observability window=10s category=web.additional.availability_new count=238 sumNanos=77735273569 avgNanos=326618796
zil-additional-service  | 2026-05-05T00:18:19.225Z  INFO 1 --- [zil-additional-service] [   scheduling-1] r.a.observability.ObservabilityService   : LAB9 Observability window=10s category=additional.statsComputation.availability.allCitiesAllDates count=238 sumNanos=33736292 avgNanos=141749
zil-additional-service  | 2026-05-05T00:18:19.225Z  INFO 1 --- [zil-additional-service] [   scheduling-1] r.a.observability.ObservabilityService   : LAB9 Observability window=30s category=additional.statsComputation.stats count=758 sumNanos=872773 avgNanos=1151
zil-additional-service  | 2026-05-05T00:18:19.225Z  INFO 1 --- [zil-additional-service] [   scheduling-1] r.a.observability.ObservabilityService   : LAB9 Observability window=30s category=web.additional.stats count=758 sumNanos=246628086008 avgNanos=325366868
zil-additional-service  | 2026-05-05T00:18:19.225Z  INFO 1 --- [zil-additional-service] [   scheduling-1] r.a.observability.ObservabilityService   : LAB9 Observability window=30s category=http.main.rents count=1443 sumNanos=238259830086 avgNanos=165114227
zil-additional-service  | 2026-05-05T00:18:19.225Z  INFO 1 --- [zil-additional-service] [   scheduling-1] r.a.observability.ObservabilityService   : LAB9 Observability window=30s category=http.main.cars count=1438 sumNanos=231674761569 avgNanos=161109013
zil-additional-service  | 2026-05-05T00:18:19.225Z  INFO 1 --- [zil-additional-service] [   scheduling-1] r.a.observability.ObservabilityService   : LAB9 Observability window=30s category=web.additional.availability_new count=685 sumNanos=224500546281 avgNanos=327738023
zil-additional-service  | 2026-05-05T00:18:19.225Z  INFO 1 --- [zil-additional-service] [   scheduling-1] r.a.observability.ObservabilityService   : LAB9 Observability window=30s category=additional.statsComputation.availability.allCitiesAllDates count=685 sumNanos=116463756 avgNanos=170020
zil-additional-service  | 2026-05-05T00:18:19.226Z  INFO 1 --- [zil-additional-service] [   scheduling-1] r.a.observability.ObservabilityService   : LAB9 Observability window=1m category=additional.statsComputation.stats count=1474 sumNanos=1651682 avgNanos=1120
zil-additional-service  | 2026-05-05T00:18:19.226Z  INFO 1 --- [zil-additional-service] [   scheduling-1] r.a.observability.ObservabilityService   : LAB9 Observability window=1m category=web.additional.stats count=1474 sumNanos=482200163882 avgNanos=327137153
zil-additional-service  | 2026-05-05T00:18:19.226Z  INFO 1 --- [zil-additional-service] [   scheduling-1] r.a.observability.ObservabilityService   : LAB9 Observability window=1m category=http.main.rents count=2880 sumNanos=472318463955 avgNanos=163999466
zil-additional-service  | 2026-05-05T00:18:19.226Z  INFO 1 --- [zil-additional-service] [   scheduling-1] r.a.observability.ObservabilityService   : LAB9 Observability window=1m category=http.main.cars count=2874 sumNanos=466832939927 avgNanos=162433173
zil-additional-service  | 2026-05-05T00:18:19.226Z  INFO 1 --- [zil-additional-service] [   scheduling-1] r.a.observability.ObservabilityService   : LAB9 Observability window=1m category=web.additional.availability_new count=1406 sumNanos=458596313120 avgNanos=326170919
zil-additional-service  | 2026-05-05T00:18:19.226Z  INFO 1 --- [zil-additional-service] [   scheduling-1] r.a.observability.ObservabilityService   : LAB9 Observability window=1m category=additional.statsComputation.availability.allCitiesAllDates count=1406 sumNanos=262403281 avgNanos=186631
zil-additional-service  | 2026-05-05T00:18:22.959Z  INFO 1 --- [zil-additional-service] [   scheduling-1] r.additional.service.ClientCacheService  : [client-cache-statistics] Client cache size=1000
zil-additional-service  | 2026-05-05T00:18:24.226Z  INFO 1 --- [zil-additional-service] [   scheduling-1] r.a.observability.ObservabilityService   : LAB9 Observability window=10s category=additional.statsComputation.stats count=242 sumNanos=238121 avgNanos=983
zil-additional-service  | 2026-05-05T00:18:24.227Z  INFO 1 --- [zil-additional-service] [   scheduling-1] r.a.observability.ObservabilityService   : LAB9 Observability window=10s category=web.additional.stats count=242 sumNanos=80330434315 avgNanos=331943943
zil-additional-service  | 2026-05-05T00:18:24.227Z  INFO 1 --- [zil-additional-service] [   scheduling-1] r.a.observability.ObservabilityService   : LAB9 Observability window=10s category=http.main.rents count=479 sumNanos=79817039746 avgNanos=166632650
zil-additional-service  | 2026-05-05T00:18:24.227Z  INFO 1 --- [zil-additional-service] [   scheduling-1] r.a.observability.ObservabilityService   : LAB9 Observability window=10s category=http.main.cars count=480 sumNanos=77742259474 avgNanos=161963040
zil-additional-service  | 2026-05-05T00:18:24.227Z  INFO 1 --- [zil-additional-service] [   scheduling-1] r.a.observability.ObservabilityService   : LAB9 Observability window=10s category=web.additional.availability_new count=237 sumNanos=77456712678 avgNanos=326821572
zil-additional-service  | 2026-05-05T00:18:24.228Z  INFO 1 --- [zil-additional-service] [   scheduling-1] r.a.observability.ObservabilityService   : LAB9 Observability window=10s category=additional.statsComputation.availability.allCitiesAllDates count=237 sumNanos=32874868 avgNanos=138712
zil-additional-service  | 2026-05-05T00:18:24.228Z  INFO 1 --- [zil-additional-service] [   scheduling-1] r.a.observability.ObservabilityService   : LAB9 Observability window=30s category=additional.statsComputation.stats count=753 sumNanos=861234 avgNanos=1143
zil-additional-service  | 2026-05-05T00:18:24.228Z  INFO 1 --- [zil-additional-service] [   scheduling-1] r.a.observability.ObservabilityService   : LAB9 Observability window=30s category=web.additional.stats count=753 sumNanos=246483035756 avgNanos=327334708
zil-additional-service  | 2026-05-05T00:18:24.228Z  INFO 1 --- [zil-additional-service] [   scheduling-1] r.a.observability.ObservabilityService   : LAB9 Observability window=30s category=http.main.rents count=1436 sumNanos=238816173144 avgNanos=166306527
zil-additional-service  | 2026-05-05T00:18:24.228Z  INFO 1 --- [zil-additional-service] [   scheduling-1] r.a.observability.ObservabilityService   : LAB9 Observability window=30s category=http.main.cars count=1438 sumNanos=232106671411 avgNanos=161409368
zil-additional-service  | 2026-05-05T00:18:24.228Z  INFO 1 --- [zil-additional-service] [   scheduling-1] r.a.observability.ObservabilityService   : LAB9 Observability window=30s category=web.additional.availability_new count=683 sumNanos=224613121268 avgNanos=328862549
zil-additional-service  | 2026-05-05T00:18:24.229Z  INFO 1 --- [zil-additional-service] [   scheduling-1] r.a.observability.ObservabilityService   : LAB9 Observability window=30s category=additional.statsComputation.availability.allCitiesAllDates count=683 sumNanos=110329583 avgNanos=161536
zil-additional-service  | 2026-05-05T00:18:24.229Z  INFO 1 --- [zil-additional-service] [   scheduling-1] r.a.observability.ObservabilityService   : LAB9 Observability window=1m category=additional.statsComputation.stats count=1484 sumNanos=1665998 avgNanos=1122
zil-additional-service  | 2026-05-05T00:18:24.229Z  INFO 1 --- [zil-additional-service] [   scheduling-1] r.a.observability.ObservabilityService   : LAB9 Observability window=1m category=web.additional.stats count=1484 sumNanos=486639045406 avgNanos=327923885
zil-additional-service  | 2026-05-05T00:18:24.230Z  INFO 1 --- [zil-additional-service] [   scheduling-1] r.a.observability.ObservabilityService   : LAB9 Observability window=1m category=http.main.rents count=2875 sumNanos=472932856054 avgNanos=164498384
zil-additional-service  | 2026-05-05T00:18:24.230Z  INFO 1 --- [zil-additional-service] [   scheduling-1] r.a.observability.ObservabilityService   : LAB9 Observability window=1m category=http.main.cars count=2877 sumNanos=467727068563 avgNanos=162574580
zil-additional-service  | 2026-05-05T00:18:24.230Z  INFO 1 --- [zil-additional-service] [   scheduling-1] r.a.observability.ObservabilityService   : LAB9 Observability window=1m category=web.additional.availability_new count=1391 sumNanos=454477915364 avgNanos=326727473
zil-additional-service  | 2026-05-05T00:18:24.230Z  INFO 1 --- [zil-additional-service] [   scheduling-1] r.a.observability.ObservabilityService   : LAB9 Observability window=1m category=additional.statsComputation.availability.allCitiesAllDates count=1391 sumNanos=251695471 avgNanos=180945
zil-additional-service  | 2026-05-05T00:18:29.230Z  INFO 1 --- [zil-additional-service] [   scheduling-1] r.a.observability.ObservabilityService   : LAB9 Observability window=10s category=additional.statsComputation.stats count=260 sumNanos=245271 avgNanos=943
zil-additional-service  | 2026-05-05T00:18:29.231Z  INFO 1 --- [zil-additional-service] [   scheduling-1] r.a.observability.ObservabilityService   : LAB9 Observability window=10s category=web.additional.stats count=260 sumNanos=86052566843 avgNanos=330971410
zil-additional-service  | 2026-05-05T00:18:29.231Z  INFO 1 --- [zil-additional-service] [   scheduling-1] r.a.observability.ObservabilityService   : LAB9 Observability window=10s category=http.main.rents count=477 sumNanos=78927511046 avgNanos=165466480
zil-additional-service  | 2026-05-05T00:18:29.231Z  INFO 1 --- [zil-additional-service] [   scheduling-1] r.a.observability.ObservabilityService   : LAB9 Observability window=10s category=http.main.cars count=479 sumNanos=77950670720 avgNanos=162736264
zil-additional-service  | 2026-05-05T00:18:29.231Z  INFO 1 --- [zil-additional-service] [   scheduling-1] r.a.observability.ObservabilityService   : LAB9 Observability window=10s category=web.additional.availability_new count=217 sumNanos=69962771703 avgNanos=322409086
zil-additional-service  | 2026-05-05T00:18:29.231Z  INFO 1 --- [zil-additional-service] [   scheduling-1] r.a.observability.ObservabilityService   : LAB9 Observability window=10s category=additional.statsComputation.availability.allCitiesAllDates count=217 sumNanos=31705705 avgNanos=146109
zil-additional-service  | 2026-05-05T00:18:29.231Z  INFO 1 --- [zil-additional-service] [   scheduling-1] r.a.observability.ObservabilityService   : LAB9 Observability window=30s category=additional.statsComputation.stats count=760 sumNanos=822768 avgNanos=1082
zil-additional-service  | 2026-05-05T00:18:29.231Z  INFO 1 --- [zil-additional-service] [   scheduling-1] r.a.observability.ObservabilityService   : LAB9 Observability window=30s category=web.additional.stats count=760 sumNanos=249976360087 avgNanos=328916263
zil-additional-service  | 2026-05-05T00:18:29.231Z  INFO 1 --- [zil-additional-service] [   scheduling-1] r.a.observability.ObservabilityService   : LAB9 Observability window=30s category=http.main.rents count=1439 sumNanos=239123865967 avgNanos=166173638
zil-additional-service  | 2026-05-05T00:18:29.231Z  INFO 1 --- [zil-additional-service] [   scheduling-1] r.a.observability.ObservabilityService   : LAB9 Observability window=30s category=http.main.cars count=1436 sumNanos=233193921692 avgNanos=162391310
zil-additional-service  | 2026-05-05T00:18:29.231Z  INFO 1 --- [zil-additional-service] [   scheduling-1] r.a.observability.ObservabilityService   : LAB9 Observability window=30s category=web.additional.availability_new count=679 sumNanos=222605302332 avgNanos=327842860
zil-additional-service  | 2026-05-05T00:18:29.231Z  INFO 1 --- [zil-additional-service] [   scheduling-1] r.a.observability.ObservabilityService   : LAB9 Observability window=30s category=additional.statsComputation.availability.allCitiesAllDates count=679 sumNanos=100152800 avgNanos=147500
zil-additional-service  | 2026-05-05T00:18:29.231Z  INFO 1 --- [zil-additional-service] [   scheduling-1] r.a.observability.ObservabilityService   : LAB9 Observability window=1m category=additional.statsComputation.stats count=1494 sumNanos=1643336 avgNanos=1099
zil-additional-service  | 2026-05-05T00:18:29.231Z  INFO 1 --- [zil-additional-service] [   scheduling-1] r.a.observability.ObservabilityService   : LAB9 Observability window=1m category=web.additional.stats count=1494 sumNanos=489607587083 avgNanos=327715921
zil-additional-service  | 2026-05-05T00:18:29.231Z  INFO 1 --- [zil-additional-service] [   scheduling-1] r.a.observability.ObservabilityService   : LAB9 Observability window=1m category=http.main.rents count=2875 sumNanos=472487955515 avgNanos=164343636
zil-additional-service  | 2026-05-05T00:18:29.231Z  INFO 1 --- [zil-additional-service] [   scheduling-1] r.a.observability.ObservabilityService   : LAB9 Observability window=1m category=http.main.cars count=2878 sumNanos=467308189398 avgNanos=162372546
zil-additional-service  | 2026-05-05T00:18:29.231Z  INFO 1 --- [zil-additional-service] [   scheduling-1] r.a.observability.ObservabilityService   : LAB9 Observability window=1m category=web.additional.availability_new count=1381 sumNanos=449925976729 avgNanos=325797231
zil-additional-service  | 2026-05-05T00:18:29.232Z  INFO 1 --- [zil-additional-service] [   scheduling-1] r.a.observability.ObservabilityService   : LAB9 Observability window=1m category=additional.statsComputation.availability.allCitiesAllDates count=1381 sumNanos=236100947 avgNanos=170963
zil-additional-service  | 2026-05-05T00:18:32.959Z  INFO 1 --- [zil-additional-service] [   scheduling-1] r.additional.service.ClientCacheService  : [client-cache-statistics] Client cache size=1000
zil-additional-service  | 2026-05-05T00:18:34.233Z  INFO 1 --- [zil-additional-service] [   scheduling-1] r.a.observability.ObservabilityService   : LAB9 Observability window=10s category=additional.statsComputation.stats count=248 sumNanos=258988 avgNanos=1044
zil-additional-service  | 2026-05-05T00:18:34.234Z  INFO 1 --- [zil-additional-service] [   scheduling-1] r.a.observability.ObservabilityService   : LAB9 Observability window=10s category=web.additional.stats count=248 sumNanos=81776019733 avgNanos=329742015
zil-additional-service  | 2026-05-05T00:18:34.235Z  INFO 1 --- [zil-additional-service] [   scheduling-1] r.a.observability.ObservabilityService   : LAB9 Observability window=10s category=http.main.rents count=479 sumNanos=78937477423 avgNanos=164796403
zil-additional-service  | 2026-05-05T00:18:34.235Z  INFO 1 --- [zil-additional-service] [   scheduling-1] r.a.observability.ObservabilityService   : LAB9 Observability window=10s category=http.main.cars count=481 sumNanos=78319627309 avgNanos=162826668
zil-additional-service  | 2026-05-05T00:18:34.235Z  INFO 1 --- [zil-additional-service] [   scheduling-1] r.a.observability.ObservabilityService   : LAB9 Observability window=10s category=web.additional.availability_new count=231 sumNanos=75287224558 avgNanos=325918721
zil-additional-service  | 2026-05-05T00:18:34.235Z  INFO 1 --- [zil-additional-service] [   scheduling-1] r.a.observability.ObservabilityService   : LAB9 Observability window=10s category=additional.statsComputation.availability.allCitiesAllDates count=231 sumNanos=39954894 avgNanos=172964
zil-additional-service  | 2026-05-05T00:18:34.236Z  INFO 1 --- [zil-additional-service] [   scheduling-1] r.a.observability.ObservabilityService   : LAB9 Observability window=30s category=additional.statsComputation.stats count=740 sumNanos=791819 avgNanos=1070
zil-additional-service  | 2026-05-05T00:18:34.236Z  INFO 1 --- [zil-additional-service] [   scheduling-1] r.a.observability.ObservabilityService   : LAB9 Observability window=30s category=web.additional.stats count=740 sumNanos=243435518288 avgNanos=328966916
zil-additional-service  | 2026-05-05T00:18:34.236Z  INFO 1 --- [zil-additional-service] [   scheduling-1] r.a.observability.ObservabilityService   : LAB9 Observability window=30s category=http.main.rents count=1440 sumNanos=238619485715 avgNanos=165707976
zil-additional-service  | 2026-05-05T00:18:34.236Z  INFO 1 --- [zil-additional-service] [   scheduling-1] r.a.observability.ObservabilityService   : LAB9 Observability window=30s category=http.main.cars count=1442 sumNanos=233120589773 avgNanos=161664764
zil-additional-service  | 2026-05-05T00:18:34.236Z  INFO 1 --- [zil-additional-service] [   scheduling-1] r.a.observability.ObservabilityService   : LAB9 Observability window=30s category=web.additional.availability_new count=700 sumNanos=228342869331 avgNanos=326204099
zil-additional-service  | 2026-05-05T00:18:34.236Z  INFO 1 --- [zil-additional-service] [   scheduling-1] r.a.observability.ObservabilityService   : LAB9 Observability window=30s category=additional.statsComputation.availability.allCitiesAllDates count=700 sumNanos=111075690 avgNanos=158679
zil-additional-service  | 2026-05-05T00:18:34.236Z  INFO 1 --- [zil-additional-service] [   scheduling-1] r.a.observability.ObservabilityService   : LAB9 Observability window=1m category=additional.statsComputation.stats count=1494 sumNanos=1637346 avgNanos=1095
zil-additional-service  | 2026-05-05T00:18:34.236Z  INFO 1 --- [zil-additional-service] [   scheduling-1] r.a.observability.ObservabilityService   : LAB9 Observability window=1m category=web.additional.stats count=1494 sumNanos=488875750053 avgNanos=327226070
zil-additional-service  | 2026-05-05T00:18:34.236Z  INFO 1 --- [zil-additional-service] [   scheduling-1] r.a.observability.ObservabilityService   : LAB9 Observability window=1m category=http.main.rents count=2876 sumNanos=473055974426 avgNanos=164483996
zil-additional-service  | 2026-05-05T00:18:34.236Z  INFO 1 --- [zil-additional-service] [   scheduling-1] r.a.observability.ObservabilityService   : LAB9 Observability window=1m category=http.main.cars count=2882 sumNanos=467678313347 avgNanos=162275611
zil-additional-service  | 2026-05-05T00:18:34.236Z  INFO 1 --- [zil-additional-service] [   scheduling-1] r.a.observability.ObservabilityService   : LAB9 Observability window=1m category=web.additional.availability_new count=1382 sumNanos=451682119698 avgNanos=326832213
zil-additional-service  | 2026-05-05T00:18:34.236Z  INFO 1 --- [zil-additional-service] [   scheduling-1] r.a.observability.ObservabilityService   : LAB9 Observability window=1m category=additional.statsComputation.availability.allCitiesAllDates count=1382 sumNanos=231064466 avgNanos=167195
zil-additional-service  | 2026-05-05T00:18:39.237Z  INFO 1 --- [zil-additional-service] [   scheduling-1] r.a.observability.ObservabilityService   : LAB9 Observability window=10s category=additional.statsComputation.stats count=180 sumNanos=224782 avgNanos=1248
zil-app                 | 2026-05-05T00:21:33.794Z  INFO 1 --- [   scheduling-1] r.observability.ObservabilityService     : LAB9 Observability window=1m category=db.rent.findAll count=2372 sumNanos=468637319063 avgNanos=197570539
zil-app                 | 2026-05-05T00:21:33.794Z  INFO 1 --- [   scheduling-1] r.observability.ObservabilityService     : LAB9 Observability window=1m category=web.CarController.getCars count=2370 sumNanos=478907029322 avgNanos=202070476
zil-app                 | 2026-05-05T00:21:33.794Z  INFO 1 --- [   scheduling-1] r.observability.ObservabilityService     : LAB9 Observability window=1m category=db.car.findAll count=2370 sumNanos=478904685790 avgNanos=202069487
zil-app                 | 2026-05-05T00:21:38.797Z  INFO 1 --- [   scheduling-1] r.observability.ObservabilityService     : LAB9 Observability window=10s category=web.RentController.getRents count=476 sumNanos=74648292419 avgNanos=156824143
zil-app                 | 2026-05-05T00:21:38.797Z  INFO 1 --- [   scheduling-1] r.observability.ObservabilityService     : LAB9 Observability window=10s category=db.rent.findAll count=476 sumNanos=74647868826 avgNanos=156823253
zil-app                 | 2026-05-05T00:21:38.798Z  INFO 1 --- [   scheduling-1] r.observability.ObservabilityService     : LAB9 Observability window=10s category=web.CarController.getCars count=476 sumNanos=74885950045 avgNanos=157323424
zil-app                 | 2026-05-05T00:21:38.798Z  INFO 1 --- [   scheduling-1] r.observability.ObservabilityService     : LAB9 Observability window=10s category=db.car.findAll count=476 sumNanos=74885568287 avgNanos=157322622
zil-app                 | 2026-05-05T00:21:38.798Z  INFO 1 --- [   scheduling-1] r.observability.ObservabilityService     : LAB9 Observability window=30s category=web.RentController.getRents count=1432 sumNanos=223339084317 avgNanos=155963047
zil-app                 | 2026-05-05T00:21:38.798Z  INFO 1 --- [   scheduling-1] r.observability.ObservabilityService     : LAB9 Observability window=30s category=db.rent.findAll count=1432 sumNanos=223337718337 avgNanos=155962093
zil-app                 | 2026-05-05T00:21:38.798Z  INFO 1 --- [   scheduling-1] r.observability.ObservabilityService     : LAB9 Observability window=30s category=web.CarController.getCars count=1430 sumNanos=224525466449 avgNanos=157010815
zil-app                 | 2026-05-05T00:21:38.799Z  INFO 1 --- [   scheduling-1] r.observability.ObservabilityService     : LAB9 Observability window=30s category=db.car.findAll count=1430 sumNanos=224524052992 avgNanos=157009827
zil-app                 | 2026-05-05T00:21:38.800Z  INFO 1 --- [   scheduling-1] r.observability.ObservabilityService     : LAB9 Observability window=1m category=web.RentController.getRents count=2537 sumNanos=462469412643 avgNanos=182289874
zil-app                 | 2026-05-05T00:21:38.802Z  INFO 1 --- [   scheduling-1] r.observability.ObservabilityService     : LAB9 Observability window=1m category=db.rent.findAll count=2537 sumNanos=462467203296 avgNanos=182289004
zil-app                 | 2026-05-05T00:21:38.802Z  INFO 1 --- [   scheduling-1] r.observability.ObservabilityService     : LAB9 Observability window=1m category=web.CarController.getCars count=2535 sumNanos=470314625464 avgNanos=185528451
zil-additional-service  | 2026-05-05T00:18:39.237Z  INFO 1 --- [zil-additional-service] [   scheduling-1] r.a.observability.ObservabilityService   : LAB9 Observability window=10s category=web.additional.stats count=180 sumNanos=73897608476 avgNanos=410542269
zil-additional-service  | 2026-05-05T00:18:39.237Z  INFO 1 --- [zil-additional-service] [   scheduling-1] r.a.observability.ObservabilityService   : LAB9 Observability window=10s category=http.main.rents count=392 sumNanos=82751368130 avgNanos=211100428
zil-additional-service  | 2026-05-05T00:18:39.237Z  INFO 1 --- [zil-additional-service] [   scheduling-1] r.a.observability.ObservabilityService   : LAB9 Observability window=10s category=http.main.cars count=393 sumNanos=80062665842 avgNanos=203721796
zil-additional-service  | 2026-05-05T00:18:39.237Z  INFO 1 --- [zil-additional-service] [   scheduling-1] r.a.observability.ObservabilityService   : LAB9 Observability window=10s category=web.additional.availability_new count=212 sumNanos=88535947040 avgNanos=417622391
zil-additional-service  | 2026-05-05T00:18:39.237Z  INFO 1 --- [zil-additional-service] [   scheduling-1] r.a.observability.ObservabilityService   : LAB9 Observability window=10s category=additional.statsComputation.availability.allCitiesAllDates count=212 sumNanos=43527197 avgNanos=205316
zil-additional-service  | 2026-05-05T00:18:39.238Z  INFO 1 --- [zil-additional-service] [   scheduling-1] r.a.observability.ObservabilityService   : LAB9 Observability window=30s category=additional.statsComputation.stats count=682 sumNanos=719866 avgNanos=1055
zil-additional-service  | 2026-05-05T00:18:39.238Z  INFO 1 --- [zil-additional-service] [   scheduling-1] r.a.observability.ObservabilityService   : LAB9 Observability window=30s category=web.additional.stats count=682 sumNanos=239448651307 avgNanos=351097729
zil-additional-service  | 2026-05-05T00:18:39.238Z  INFO 1 --- [zil-additional-service] [   scheduling-1] r.a.observability.ObservabilityService   : LAB9 Observability window=30s category=http.main.rents count=1349 sumNanos=241303960727 avgNanos=178876175
zil-additional-service  | 2026-05-05T00:18:39.238Z  INFO 1 --- [zil-additional-service] [   scheduling-1] r.a.observability.ObservabilityService   : LAB9 Observability window=30s category=http.main.cars count=1349 sumNanos=235165215818 avgNanos=174325586
zil-additional-service  | 2026-05-05T00:18:39.239Z  INFO 1 --- [zil-additional-service] [   scheduling-1] r.a.observability.ObservabilityService   : LAB9 Observability window=30s category=web.additional.availability_new count=667 sumNanos=236233992312 avgNanos=354173901
zil-additional-service  | 2026-05-05T00:18:39.239Z  INFO 1 --- [zil-additional-service] [   scheduling-1] r.a.observability.ObservabilityService   : LAB9 Observability window=30s category=additional.statsComputation.availability.allCitiesAllDates count=667 sumNanos=108969194 avgNanos=163372
zil-additional-service  | 2026-05-05T00:18:39.240Z  INFO 1 --- [zil-additional-service] [   scheduling-1] r.a.observability.ObservabilityService   : LAB9 Observability window=1m category=additional.statsComputation.stats count=1445 sumNanos=1607314 avgNanos=1112
zil-additional-service  | 2026-05-05T00:18:39.240Z  INFO 1 --- [zil-additional-service] [   scheduling-1] r.a.observability.ObservabilityService   : LAB9 Observability window=1m category=web.additional.stats count=1445 sumNanos=488669011813 avgNanos=338179246
zil-additional-service  | 2026-05-05T00:18:39.241Z  INFO 1 --- [zil-additional-service] [   scheduling-1] r.a.observability.ObservabilityService   : LAB9 Observability window=1m category=http.main.rents count=2785 sumNanos=477931887895 avgNanos=171609295
zil-additional-service  | 2026-05-05T00:18:39.241Z  INFO 1 --- [zil-additional-service] [   scheduling-1] r.a.observability.ObservabilityService   : LAB9 Observability window=1m category=http.main.cars count=2786 sumNanos=468425055737 avgNanos=168135339
zil-additional-service  | 2026-05-05T00:18:39.241Z  INFO 1 --- [zil-additional-service] [   scheduling-1] r.a.observability.ObservabilityService   : LAB9 Observability window=1m category=web.additional.availability_new count=1340 sumNanos=457292758316 avgNanos=341263252
zil-additional-service  | 2026-05-05T00:18:39.241Z  INFO 1 --- [zil-additional-service] [   scheduling-1] r.a.observability.ObservabilityService   : LAB9 Observability window=1m category=additional.statsComputation.availability.allCitiesAllDates count=1340 sumNanos=235556246 avgNanos=175788
zil-additional-service  | 2026-05-05T00:18:42.960Z  INFO 1 --- [zil-additional-service] [   scheduling-1] r.additional.service.ClientCacheService  : [client-cache-statistics] Client cache size=1000
zil-additional-service  | 2026-05-05T00:18:44.244Z  INFO 1 --- [zil-additional-service] [   scheduling-1] r.a.observability.ObservabilityService   : LAB9 Observability window=10s category=additional.statsComputation.stats count=171 sumNanos=240083 avgNanos=1403
zil-additional-service  | 2026-05-05T00:18:44.246Z  INFO 1 --- [zil-additional-service] [   scheduling-1] r.a.observability.ObservabilityService   : LAB9 Observability window=10s category=web.additional.stats count=171 sumNanos=77256346063 avgNanos=451791497
zil-additional-service  | 2026-05-05T00:18:44.246Z  INFO 1 --- [zil-additional-service] [   scheduling-1] r.a.observability.ObservabilityService   : LAB9 Observability window=10s category=http.main.rents count=363 sumNanos=83934528653 avgNanos=231224596
zil-additional-service  | 2026-05-05T00:18:44.246Z  INFO 1 --- [zil-additional-service] [   scheduling-1] r.a.observability.ObservabilityService   : LAB9 Observability window=10s category=http.main.cars count=359 sumNanos=81657107738 avgNanos=227457124
zil-additional-service  | 2026-05-05T00:18:44.246Z  INFO 1 --- [zil-additional-service] [   scheduling-1] r.a.observability.ObservabilityService   : LAB9 Observability window=10s category=web.additional.availability_new count=192 sumNanos=88552581561 avgNanos=461211362
zil-additional-service  | 2026-05-05T00:18:44.246Z  INFO 1 --- [zil-additional-service] [   scheduling-1] r.a.observability.ObservabilityService   : LAB9 Observability window=10s category=additional.statsComputation.availability.allCitiesAllDates count=192 sumNanos=42775999 avgNanos=222791
zil-additional-service  | 2026-05-05T00:18:44.248Z  INFO 1 --- [zil-additional-service] [   scheduling-1] r.a.observability.ObservabilityService   : LAB9 Observability window=30s category=additional.statsComputation.stats count=661 sumNanos=737192 avgNanos=1115
zil-additional-service  | 2026-05-05T00:18:44.251Z  INFO 1 --- [zil-additional-service] [   scheduling-1] r.a.observability.ObservabilityService   : LAB9 Observability window=30s category=web.additional.stats count=661 sumNanos=239362800111 avgNanos=362122239
zil-additional-service  | 2026-05-05T00:18:44.251Z  INFO 1 --- [zil-additional-service] [   scheduling-1] r.a.observability.ObservabilityService   : LAB9 Observability window=30s category=http.main.rents count=1321 sumNanos=242689045822 avgNanos=183716158
zil-additional-service  | 2026-05-05T00:18:44.251Z  INFO 1 --- [zil-additional-service] [   scheduling-1] r.a.observability.ObservabilityService   : LAB9 Observability window=30s category=http.main.cars count=1321 sumNanos=237859917417 avgNanos=180060497
zil-additional-service  | 2026-05-05T00:18:44.252Z  INFO 1 --- [zil-additional-service] [   scheduling-1] r.a.observability.ObservabilityService   : LAB9 Observability window=30s category=web.additional.availability_new count=660 sumNanos=241296518797 avgNanos=365600786
zil-additional-service  | 2026-05-05T00:18:44.252Z  INFO 1 --- [zil-additional-service] [   scheduling-1] r.a.observability.ObservabilityService   : LAB9 Observability window=30s category=additional.statsComputation.availability.allCitiesAllDates count=660 sumNanos=115605761 avgNanos=175160
zil-additional-service  | 2026-05-05T00:18:44.253Z  INFO 1 --- [zil-additional-service] [   scheduling-1] r.a.observability.ObservabilityService   : LAB9 Observability window=1m category=additional.statsComputation.stats count=1421 sumNanos=1624383 avgNanos=1143
zil-additional-service  | 2026-05-05T00:18:44.254Z  INFO 1 --- [zil-additional-service] [   scheduling-1] r.a.observability.ObservabilityService   : LAB9 Observability window=1m category=web.additional.stats count=1421 sumNanos=487468810472 avgNanos=343046312
zil-additional-service  | 2026-05-05T00:18:44.254Z  INFO 1 --- [zil-additional-service] [   scheduling-1] r.a.observability.ObservabilityService   : LAB9 Observability window=1m category=http.main.rents count=2757 sumNanos=480040986563 avgNanos=174117151
zil-additional-service  | 2026-05-05T00:18:44.254Z  INFO 1 --- [zil-additional-service] [   scheduling-1] r.a.observability.ObservabilityService   : LAB9 Observability window=1m category=http.main.cars count=2760 sumNanos=471758273887 avgNanos=170926910
zil-additional-service  | 2026-05-05T00:18:44.254Z  INFO 1 --- [zil-additional-service] [   scheduling-1] r.a.observability.ObservabilityService   : LAB9 Observability window=1m category=web.additional.availability_new count=1336 sumNanos=464089367713 avgNanos=347372281
zil-additional-service  | 2026-05-05T00:18:44.254Z  INFO 1 --- [zil-additional-service] [   scheduling-1] r.a.observability.ObservabilityService   : LAB9 Observability window=1m category=additional.statsComputation.availability.allCitiesAllDates count=1336 sumNanos=235294875 avgNanos=176118
zil-additional-service  | 2026-05-05T00:18:49.255Z  INFO 1 --- [zil-additional-service] [   scheduling-1] r.a.observability.ObservabilityService   : LAB9 Observability window=10s category=additional.statsComputation.stats count=191 sumNanos=280349 avgNanos=1467
zil-additional-service  | 2026-05-05T00:18:49.255Z  INFO 1 --- [zil-additional-service] [   scheduling-1] r.a.observability.ObservabilityService   : LAB9 Observability window=10s category=web.additional.stats count=191 sumNanos=70731789966 avgNanos=370323507
zil-additional-service  | 2026-05-05T00:18:49.255Z  INFO 1 --- [zil-additional-service] [   scheduling-1] r.a.observability.ObservabilityService   : LAB9 Observability window=10s category=http.main.rents count=408 sumNanos=75830274445 avgNanos=185858515
zil-additional-service  | 2026-05-05T00:18:49.255Z  INFO 1 --- [zil-additional-service] [   scheduling-1] r.a.observability.ObservabilityService   : LAB9 Observability window=10s category=http.main.cars count=399 sumNanos=74795185684 avgNanos=187456605
zil-additional-service  | 2026-05-05T00:18:49.255Z  INFO 1 --- [zil-additional-service] [   scheduling-1] r.a.observability.ObservabilityService   : LAB9 Observability window=10s category=web.additional.availability_new count=217 sumNanos=82458474343 avgNanos=379992969
zil-additional-service  | 2026-05-05T00:18:49.255Z  INFO 1 --- [zil-additional-service] [   scheduling-1] r.a.observability.ObservabilityService   : LAB9 Observability window=10s category=additional.statsComputation.availability.allCitiesAllDates count=217 sumNanos=38386244 avgNanos=176895
zil-additional-service  | 2026-05-05T00:18:49.256Z  INFO 1 --- [zil-additional-service] [   scheduling-1] r.a.observability.ObservabilityService   : LAB9 Observability window=30s category=additional.statsComputation.stats count=631 sumNanos=750402 avgNanos=1189
zil-additional-service  | 2026-05-05T00:18:49.256Z  INFO 1 --- [zil-additional-service] [   scheduling-1] r.a.observability.ObservabilityService   : LAB9 Observability window=30s category=web.additional.stats count=631 sumNanos=230681965285 avgNanos=365581561
zil-additional-service  | 2026-05-05T00:18:49.256Z  INFO 1 --- [zil-additional-service] [   scheduling-1] r.a.observability.ObservabilityService   : LAB9 Observability window=30s category=http.main.rents count=1277 sumNanos=237509153621 avgNanos=185989940
zil-additional-service  | 2026-05-05T00:18:49.256Z  INFO 1 --- [zil-additional-service] [   scheduling-1] r.a.observability.ObservabilityService   : LAB9 Observability window=30s category=http.main.cars count=1270 sumNanos=232628318290 avgNanos=183171904
zil-additional-service  | 2026-05-05T00:18:49.256Z  INFO 1 --- [zil-additional-service] [   scheduling-1] r.a.observability.ObservabilityService   : LAB9 Observability window=30s category=web.additional.availability_new count=646 sumNanos=240957193086 avgNanos=372998750
zil-additional-service  | 2026-05-05T00:18:49.256Z  INFO 1 --- [zil-additional-service] [   scheduling-1] r.a.observability.ObservabilityService   : LAB9 Observability window=30s category=additional.statsComputation.availability.allCitiesAllDates count=646 sumNanos=113619146 avgNanos=175881
zil-additional-service  | 2026-05-05T00:18:49.256Z  INFO 1 --- [zil-additional-service] [   scheduling-1] r.a.observability.ObservabilityService   : LAB9 Observability window=1m category=additional.statsComputation.stats count=1388 sumNanos=1622236 avgNanos=1168
zil-additional-service  | 2026-05-05T00:18:49.256Z  INFO 1 --- [zil-additional-service] [   scheduling-1] r.a.observability.ObservabilityService   : LAB9 Observability window=1m category=web.additional.stats count=1388 sumNanos=477013690474 avgNanos=343669805
zil-additional-service  | 2026-05-05T00:18:49.256Z  INFO 1 --- [zil-additional-service] [   scheduling-1] r.a.observability.ObservabilityService   : LAB9 Observability window=1m category=http.main.rents count=2718 sumNanos=475513861658 avgNanos=174949912
zil-additional-service  | 2026-05-05T00:18:49.256Z  INFO 1 --- [zil-additional-service] [   scheduling-1] r.a.observability.ObservabilityService   : LAB9 Observability window=1m category=http.main.cars count=2710 sumNanos=464611280170 avgNanos=171443276
zil-additional-service  | 2026-05-05T00:18:49.256Z  INFO 1 --- [zil-additional-service] [   scheduling-1] r.a.observability.ObservabilityService   : LAB9 Observability window=1m category=web.additional.availability_new count=1330 sumNanos=465189276592 avgNanos=349766373
zil-additional-service  | 2026-05-05T00:18:49.256Z  INFO 1 --- [zil-additional-service] [   scheduling-1] r.a.observability.ObservabilityService   : LAB9 Observability window=1m category=additional.statsComputation.availability.allCitiesAllDates count=1330 sumNanos=229905476 avgNanos=172861
zil-additional-service  | 2026-05-05T00:18:52.959Z  INFO 1 --- [zil-additional-service] [   scheduling-1] r.additional.service.ClientCacheService  : [client-cache-statistics] Client cache size=1000
zil-additional-service  | 2026-05-05T00:18:54.257Z  INFO 1 --- [zil-additional-service] [   scheduling-1] r.a.observability.ObservabilityService   : LAB9 Observability window=10s category=additional.statsComputation.stats count=108 sumNanos=149338 avgNanos=1382
zil-additional-service  | 2026-05-05T00:18:54.257Z  INFO 1 --- [zil-additional-service] [   scheduling-1] r.a.observability.ObservabilityService   : LAB9 Observability window=10s category=web.additional.stats count=108 sumNanos=38469234581 avgNanos=356196616
zil-additional-service  | 2026-05-05T00:18:54.257Z  INFO 1 --- [zil-additional-service] [   scheduling-1] r.a.observability.ObservabilityService   : LAB9 Observability window=10s category=http.main.rents count=217 sumNanos=38179084609 avgNanos=175940482
zil-additional-service  | 2026-05-05T00:18:54.258Z  INFO 1 --- [zil-additional-service] [   scheduling-1] r.a.observability.ObservabilityService   : LAB9 Observability window=10s category=http.main.cars count=218 sumNanos=39613077264 avgNanos=181711363
zil-additional-service  | 2026-05-05T00:18:54.258Z  INFO 1 --- [zil-additional-service] [   scheduling-1] r.a.observability.ObservabilityService   : LAB9 Observability window=10s category=web.additional.availability_new count=109 sumNanos=39683527821 avgNanos=364069062
zil-additional-service  | 2026-05-05T00:18:54.258Z  INFO 1 --- [zil-additional-service] [   scheduling-1] r.a.observability.ObservabilityService   : LAB9 Observability window=10s category=additional.statsComputation.availability.allCitiesAllDates count=109 sumNanos=15488302 avgNanos=142094
zil-additional-service  | 2026-05-05T00:18:54.258Z  INFO 1 --- [zil-additional-service] [   scheduling-1] r.a.observability.ObservabilityService   : LAB9 Observability window=30s category=additional.statsComputation.stats count=525 sumNanos=646733 avgNanos=1231
zil-additional-service  | 2026-05-05T00:18:54.258Z  INFO 1 --- [zil-additional-service] [   scheduling-1] r.a.observability.ObservabilityService   : LAB9 Observability window=30s category=web.additional.stats count=525 sumNanos=196879996979 avgNanos=375009518
zil-additional-service  | 2026-05-05T00:18:54.258Z  INFO 1 --- [zil-additional-service] [   scheduling-1] r.a.observability.ObservabilityService   : LAB9 Observability window=30s category=http.main.rents count=1057 sumNanos=200739072652 avgNanos=189913976
zil-additional-service  | 2026-05-05T00:18:54.259Z  INFO 1 --- [zil-additional-service] [   scheduling-1] r.a.observability.ObservabilityService   : LAB9 Observability window=30s category=http.main.cars count=1060 sumNanos=199963309665 avgNanos=188644631
zil-additional-service  | 2026-05-05T00:18:54.259Z  INFO 1 --- [zil-additional-service] [   scheduling-1] r.a.observability.ObservabilityService   : LAB9 Observability window=30s category=web.additional.availability_new count=532 sumNanos=203585568315 avgNanos=382679639
zil-additional-service  | 2026-05-05T00:18:54.259Z  INFO 1 --- [zil-additional-service] [   scheduling-1] r.a.observability.ObservabilityService   : LAB9 Observability window=30s category=additional.statsComputation.availability.allCitiesAllDates count=532 sumNanos=98323483 avgNanos=184818
zil-additional-service  | 2026-05-05T00:18:54.259Z  INFO 1 --- [zil-additional-service] [   scheduling-1] r.a.observability.ObservabilityService   : LAB9 Observability window=1m category=additional.statsComputation.stats count=1279 sumNanos=1508412 avgNanos=1179
zil-additional-service  | 2026-05-05T00:18:54.259Z  INFO 1 --- [zil-additional-service] [   scheduling-1] r.a.observability.ObservabilityService   : LAB9 Observability window=1m category=web.additional.stats count=1279 sumNanos=443677110295 avgNanos=346893753
zil-additional-service  | 2026-05-05T00:18:54.259Z  INFO 1 --- [zil-additional-service] [   scheduling-1] r.a.observability.ObservabilityService   : LAB9 Observability window=1m category=http.main.rents count=2494 sumNanos=439730173355 avgNanos=176315225
zil-additional-service  | 2026-05-05T00:18:54.259Z  INFO 1 --- [zil-additional-service] [   scheduling-1] r.a.observability.ObservabilityService   : LAB9 Observability window=1m category=http.main.cars count=2496 sumNanos=431775804822 avgNanos=172987101
zil-additional-service  | 2026-05-05T00:18:54.259Z  INFO 1 --- [zil-additional-service] [   scheduling-1] r.a.observability.ObservabilityService   : LAB9 Observability window=1m category=web.additional.availability_new count=1215 sumNanos=428145974351 avgNanos=352383517
zil-additional-service  | 2026-05-05T00:18:54.259Z  INFO 1 --- [zil-additional-service] [   scheduling-1] r.a.observability.ObservabilityService   : LAB9 Observability window=1m category=additional.statsComputation.availability.allCitiesAllDates count=1215 sumNanos=206340514 avgNanos=169827
zil-additional-service  | 2026-05-05T00:18:59.260Z  INFO 1 --- [zil-additional-service] [   scheduling-1] r.a.observability.ObservabilityService   : LAB9 Observability window=10s category=additional.statsComputation.stats count=237 sumNanos=205236 avgNanos=865
zil-additional-service  | 2026-05-05T00:18:59.260Z  INFO 1 --- [zil-additional-service] [   scheduling-1] r.a.observability.ObservabilityService   : LAB9 Observability window=10s category=web.additional.stats count=237 sumNanos=83304744801 avgNanos=351496813
zil-additional-service  | 2026-05-05T00:18:59.260Z  INFO 1 --- [zil-additional-service] [   scheduling-1] r.a.observability.ObservabilityService   : LAB9 Observability window=10s category=http.main.rents count=246 sumNanos=42451472499 avgNanos=172566961
zil-additional-service  | 2026-05-05T00:18:59.260Z  INFO 1 --- [zil-additional-service] [   scheduling-1] r.a.observability.ObservabilityService   : LAB9 Observability window=10s category=http.main.cars count=254 sumNanos=45605363765 avgNanos=179548676
zil-additional-service  | 2026-05-05T00:18:59.260Z  INFO 1 --- [zil-additional-service] [   scheduling-1] r.a.observability.ObservabilityService   : LAB9 Observability window=10s category=web.additional.availability_new count=9 sumNanos=3051682842 avgNanos=339075871
zil-additional-service  | 2026-05-05T00:18:59.260Z  INFO 1 --- [zil-additional-service] [   scheduling-1] r.a.observability.ObservabilityService   : LAB9 Observability window=10s category=additional.statsComputation.availability.allCitiesAllDates count=9 sumNanos=711274 avgNanos=79030
zil-additional-service  | 2026-05-05T00:18:59.261Z  INFO 1 --- [zil-additional-service] [   scheduling-1] r.a.observability.ObservabilityService   : LAB9 Observability window=30s category=additional.statsComputation.stats count=608 sumNanos=710367 avgNanos=1168
zil-additional-service  | 2026-05-05T00:18:59.261Z  INFO 1 --- [zil-additional-service] [   scheduling-1] r.a.observability.ObservabilityService   : LAB9 Observability window=30s category=web.additional.stats count=608 sumNanos=227934143243 avgNanos=374891682
zil-additional-service  | 2026-05-05T00:18:59.261Z  INFO 1 --- [zil-additional-service] [   scheduling-1] r.a.observability.ObservabilityService   : LAB9 Observability window=30s category=http.main.rents count=1046 sumNanos=201033115074 avgNanos=192192270
zil-additional-service  | 2026-05-05T00:18:59.261Z  INFO 1 --- [zil-additional-service] [   scheduling-1] r.a.observability.ObservabilityService   : LAB9 Observability window=30s category=http.main.cars count=1046 sumNanos=200463215291 avgNanos=191647433
zil-additional-service  | 2026-05-05T00:18:59.261Z  INFO 1 --- [zil-additional-service] [   scheduling-1] r.a.observability.ObservabilityService   : LAB9 Observability window=30s category=web.additional.availability_new count=438 sumNanos=174046104225 avgNanos=397365534
zil-additional-service  | 2026-05-05T00:18:59.261Z  INFO 1 --- [zil-additional-service] [   scheduling-1] r.a.observability.ObservabilityService   : LAB9 Observability window=30s category=additional.statsComputation.availability.allCitiesAllDates count=438 sumNanos=82624715 avgNanos=188640
zil-additional-service  | 2026-05-05T00:18:59.261Z  INFO 1 --- [zil-additional-service] [   scheduling-1] r.a.observability.ObservabilityService   : LAB9 Observability window=1m category=additional.statsComputation.stats count=1367 sumNanos=1532012 avgNanos=1120
zil-additional-service  | 2026-05-05T00:18:59.261Z  INFO 1 --- [zil-additional-service] [   scheduling-1] r.a.observability.ObservabilityService   : LAB9 Observability window=1m category=web.additional.stats count=1367 sumNanos=477572827155 avgNanos=349358322
zil-additional-service  | 2026-05-05T00:18:59.261Z  INFO 1 --- [zil-additional-service] [   scheduling-1] r.a.observability.ObservabilityService   : LAB9 Observability window=1m category=http.main.rents count=2484 sumNanos=439956759806 avgNanos=177116247
zil-additional-service  | 2026-05-05T00:18:59.261Z  INFO 1 --- [zil-additional-service] [   scheduling-1] r.a.observability.ObservabilityService   : LAB9 Observability window=1m category=http.main.cars count=2482 sumNanos=433657136983 avgNanos=174720844
zil-additional-service  | 2026-05-05T00:18:59.261Z  INFO 1 --- [zil-additional-service] [   scheduling-1] r.a.observability.ObservabilityService   : LAB9 Observability window=1m category=web.additional.availability_new count=1117 sumNanos=396651406557 avgNanos=355104213
zil-additional-service  | 2026-05-05T00:18:59.261Z  INFO 1 --- [zil-additional-service] [   scheduling-1] r.a.observability.ObservabilityService   : LAB9 Observability window=1m category=additional.statsComputation.availability.allCitiesAllDates count=1117 sumNanos=182777515 avgNanos=163632
zil-additional-service  | 2026-05-05T00:19:02.963Z  INFO 1 --- [zil-additional-service] [   scheduling-1] r.additional.service.ClientCacheService  : [client-cache-statistics] Client cache size=1000
zil-additional-service  | 2026-05-05T00:19:04.262Z  INFO 1 --- [zil-additional-service] [   scheduling-1] r.a.observability.ObservabilityService   : LAB9 Observability window=10s category=additional.statsComputation.stats count=436 sumNanos=387669 avgNanos=889
zil-additional-service  | 2026-05-05T00:19:04.265Z  INFO 1 --- [zil-additional-service] [   scheduling-1] r.a.observability.ObservabilityService   : LAB9 Observability window=10s category=web.additional.stats count=436 sumNanos=153447404857 avgNanos=351943589
zil-additional-service  | 2026-05-05T00:19:04.265Z  INFO 1 --- [zil-additional-service] [   scheduling-1] r.a.observability.ObservabilityService   : LAB9 Observability window=10s category=http.main.rents count=453 sumNanos=78921106841 avgNanos=174218778
zil-additional-service  | 2026-05-05T00:19:04.265Z  INFO 1 --- [zil-additional-service] [   scheduling-1] r.a.observability.ObservabilityService   : LAB9 Observability window=10s category=http.main.cars count=455 sumNanos=80607710493 avgNanos=177159803
zil-additional-service  | 2026-05-05T00:19:04.265Z  INFO 1 --- [zil-additional-service] [   scheduling-1] r.a.observability.ObservabilityService   : LAB9 Observability window=10s category=web.additional.availability_new count=17 sumNanos=5813658710 avgNanos=341979924
zil-additional-service  | 2026-05-05T00:19:04.265Z  INFO 1 --- [zil-additional-service] [   scheduling-1] r.a.observability.ObservabilityService   : LAB9 Observability window=10s category=additional.statsComputation.availability.allCitiesAllDates count=17 sumNanos=1730291 avgNanos=101781
zil-additional-service  | 2026-05-05T00:19:04.265Z  INFO 1 --- [zil-additional-service] [   scheduling-1] r.a.observability.ObservabilityService   : LAB9 Observability window=30s category=additional.statsComputation.stats count=715 sumNanos=777090 avgNanos=1086
zil-additional-service  | 2026-05-05T00:19:04.265Z  INFO 1 --- [zil-additional-service] [   scheduling-1] r.a.observability.ObservabilityService   : LAB9 Observability window=30s category=web.additional.stats count=715 sumNanos=269172985501 avgNanos=376465713
zil-additional-service  | 2026-05-05T00:19:04.265Z  INFO 1 --- [zil-additional-service] [   scheduling-1] r.a.observability.ObservabilityService   : LAB9 Observability window=30s category=http.main.rents count=1034 sumNanos=201225220765 avgNanos=194608530
zil-additional-service  | 2026-05-05T00:19:04.265Z  INFO 1 --- [zil-additional-service] [   scheduling-1] r.a.observability.ObservabilityService   : LAB9 Observability window=30s category=http.main.cars count=1033 sumNanos=202110469953 avgNanos=195653891
zil-additional-service  | 2026-05-05T00:19:04.265Z  INFO 1 --- [zil-additional-service] [   scheduling-1] r.a.observability.ObservabilityService   : LAB9 Observability window=30s category=web.additional.availability_new count=319 sumNanos=134430900474 avgNanos=421413481
zil-additional-service  | 2026-05-05T00:19:04.265Z  INFO 1 --- [zil-additional-service] [   scheduling-1] r.a.observability.ObservabilityService   : LAB9 Observability window=30s category=additional.statsComputation.availability.allCitiesAllDates count=319 sumNanos=60162131 avgNanos=188596
zil-additional-service  | 2026-05-05T00:19:04.265Z  INFO 1 --- [zil-additional-service] [   scheduling-1] r.a.observability.ObservabilityService   : LAB9 Observability window=1m category=additional.statsComputation.stats count=1455 sumNanos=1568909 avgNanos=1078
zil-additional-service  | 2026-05-05T00:19:04.265Z  INFO 1 --- [zil-additional-service] [   scheduling-1] r.a.observability.ObservabilityService   : LAB9 Observability window=1m category=web.additional.stats count=1455 sumNanos=512608503789 avgNanos=352308250
zil-additional-service  | 2026-05-05T00:19:04.265Z  INFO 1 --- [zil-additional-service] [   scheduling-1] r.a.observability.ObservabilityService   : LAB9 Observability window=1m category=http.main.rents count=2473 sumNanos=439706279511 avgNanos=177802781
zil-additional-service  | 2026-05-05T00:19:04.265Z  INFO 1 --- [zil-additional-service] [   scheduling-1] r.a.observability.ObservabilityService   : LAB9 Observability window=1m category=http.main.cars count=2474 sumNanos=434971980443 avgNanos=175817292
zil-additional-service  | 2026-05-05T00:19:04.265Z  INFO 1 --- [zil-additional-service] [   scheduling-1] r.a.observability.ObservabilityService   : LAB9 Observability window=1m category=web.additional.availability_new count=1018 sumNanos=362499267817 avgNanos=356089654
zil-additional-service  | 2026-05-05T00:19:04.265Z  INFO 1 --- [zil-additional-service] [   scheduling-1] r.a.observability.ObservabilityService   : LAB9 Observability window=1m category=additional.statsComputation.availability.allCitiesAllDates count=1018 sumNanos=171186717 avgNanos=168159
zil-additional-service  | 2026-05-05T00:19:09.270Z  INFO 1 --- [zil-additional-service] [   scheduling-1] r.a.observability.ObservabilityService   : LAB9 Observability window=10s category=additional.statsComputation.stats count=449 sumNanos=389017 avgNanos=866
zil-additional-service  | 2026-05-05T00:19:09.277Z  INFO 1 --- [zil-additional-service] [   scheduling-1] r.a.observability.ObservabilityService   : LAB9 Observability window=10s category=web.additional.stats count=449 sumNanos=156902813651 avgNanos=349449473
zil-additional-service  | 2026-05-05T00:19:09.278Z  INFO 1 --- [zil-additional-service] [   scheduling-1] r.a.observability.ObservabilityService   : LAB9 Observability window=10s category=http.main.rents count=463 sumNanos=80887282883 avgNanos=174702554
zil-additional-service  | 2026-05-05T00:19:09.281Z  INFO 1 --- [zil-additional-service] [   scheduling-1] r.a.observability.ObservabilityService   : LAB9 Observability window=10s category=http.main.cars count=458 sumNanos=79685797081 avgNanos=173986456
zil-additional-service  | 2026-05-05T00:19:09.282Z  INFO 1 --- [zil-additional-service] [   scheduling-1] r.a.observability.ObservabilityService   : LAB9 Observability window=10s category=web.additional.availability_new count=14 sumNanos=4826241946 avgNanos=344731567
zil-additional-service  | 2026-05-05T00:19:09.282Z  INFO 1 --- [zil-additional-service] [   scheduling-1] r.a.observability.ObservabilityService   : LAB9 Observability window=10s category=additional.statsComputation.availability.allCitiesAllDates count=14 sumNanos=1496868 avgNanos=106919
zil-additional-service  | 2026-05-05T00:19:09.284Z  INFO 1 --- [zil-additional-service] [   scheduling-1] r.a.observability.ObservabilityService   : LAB9 Observability window=30s category=additional.statsComputation.stats count=875 sumNanos=872410 avgNanos=997
zil-additional-service  | 2026-05-05T00:19:09.285Z  INFO 1 --- [zil-additional-service] [   scheduling-1] r.a.observability.ObservabilityService   : LAB9 Observability window=30s category=web.additional.stats count=875 sumNanos=309723429527 avgNanos=353969633
zil-additional-service  | 2026-05-05T00:19:09.285Z  INFO 1 --- [zil-additional-service] [   scheduling-1] r.a.observability.ObservabilityService   : LAB9 Observability window=30s category=http.main.rents count=1115 sumNanos=198527712902 avgNanos=178051760
zil-additional-service  | 2026-05-05T00:19:09.286Z  INFO 1 --- [zil-additional-service] [   scheduling-1] r.a.observability.ObservabilityService   : LAB9 Observability window=30s category=http.main.cars count=1112 sumNanos=200262233373 avgNanos=180091936
zil-additional-service  | 2026-05-05T00:19:09.286Z  INFO 1 --- [zil-additional-service] [   scheduling-1] r.a.observability.ObservabilityService   : LAB9 Observability window=30s category=web.additional.availability_new count=240 sumNanos=90336399131 avgNanos=376401663
zil-additional-service  | 2026-05-05T00:19:09.286Z  INFO 1 --- [zil-additional-service] [   scheduling-1] r.a.observability.ObservabilityService   : LAB9 Observability window=30s category=additional.statsComputation.availability.allCitiesAllDates count=240 sumNanos=40594386 avgNanos=169143
zil-additional-service  | 2026-05-05T00:19:09.287Z  INFO 1 --- [zil-additional-service] [   scheduling-1] r.a.observability.ObservabilityService   : LAB9 Observability window=1m category=additional.statsComputation.stats count=1559 sumNanos=1594468 avgNanos=1022
zil-additional-service  | 2026-05-05T00:19:09.289Z  INFO 1 --- [zil-additional-service] [   scheduling-1] r.a.observability.ObservabilityService   : LAB9 Observability window=1m category=web.additional.stats count=1559 sumNanos=550387999725 avgNanos=353039127
zil-additional-service  | 2026-05-05T00:19:09.289Z  INFO 1 --- [zil-additional-service] [   scheduling-1] r.a.observability.ObservabilityService   : LAB9 Observability window=1m category=http.main.rents count=2467 sumNanos=440639810316 avgNanos=178613623
zil-additional-service  | 2026-05-05T00:19:09.289Z  INFO 1 --- [zil-additional-service] [   scheduling-1] r.a.observability.ObservabilityService   : LAB9 Observability window=1m category=http.main.cars count=2460 sumNanos=435281301563 avgNanos=176943618
zil-additional-service  | 2026-05-05T00:19:09.290Z  INFO 1 --- [zil-additional-service] [   scheduling-1] r.a.observability.ObservabilityService   : LAB9 Observability window=1m category=web.additional.availability_new count=908 sumNanos=326926379326 avgNanos=360051078
zil-additional-service  | 2026-05-05T00:19:09.290Z  INFO 1 --- [zil-additional-service] [   scheduling-1] r.a.observability.ObservabilityService   : LAB9 Observability window=1m category=additional.statsComputation.availability.allCitiesAllDates count=908 sumNanos=149614986 avgNanos=164774
zil-additional-service  | 2026-05-05T00:19:12.959Z  INFO 1 --- [zil-additional-service] [   scheduling-1] r.additional.service.ClientCacheService  : [client-cache-statistics] Client cache size=1000
zil-additional-service  | 2026-05-05T00:19:14.291Z  INFO 1 --- [zil-additional-service] [   scheduling-1] r.a.observability.ObservabilityService   : LAB9 Observability window=10s category=additional.statsComputation.stats count=441 sumNanos=268355 avgNanos=608
zil-additional-service  | 2026-05-05T00:19:14.291Z  INFO 1 --- [zil-additional-service] [   scheduling-1] r.a.observability.ObservabilityService   : LAB9 Observability window=10s category=web.additional.stats count=441 sumNanos=150080389716 avgNanos=340318344
zil-additional-service  | 2026-05-05T00:19:14.291Z  INFO 1 --- [zil-additional-service] [   scheduling-1] r.a.observability.ObservabilityService   : LAB9 Observability window=10s category=http.main.rents count=462 sumNanos=80234024993 avgNanos=173666720
zil-additional-service  | 2026-05-05T00:19:14.291Z  INFO 1 --- [zil-additional-service] [   scheduling-1] r.a.observability.ObservabilityService   : LAB9 Observability window=10s category=http.main.cars count=461 sumNanos=77636149613 avgNanos=168408133
zil-additional-service  | 2026-05-05T00:19:14.291Z  INFO 1 --- [zil-additional-service] [   scheduling-1] r.a.observability.ObservabilityService   : LAB9 Observability window=10s category=web.additional.availability_new count=21 sumNanos=7560811166 avgNanos=360038626
zil-additional-service  | 2026-05-05T00:19:14.291Z  INFO 1 --- [zil-additional-service] [   scheduling-1] r.a.observability.ObservabilityService   : LAB9 Observability window=10s category=additional.statsComputation.availability.allCitiesAllDates count=21 sumNanos=1838670 avgNanos=87555
zil-additional-service  | 2026-05-05T00:19:14.291Z  INFO 1 --- [zil-additional-service] [   scheduling-1] r.a.observability.ObservabilityService   : LAB9 Observability window=30s category=additional.statsComputation.stats count=987 sumNanos=806534 avgNanos=817
zil-additional-service  | 2026-05-05T00:19:14.291Z  INFO 1 --- [zil-additional-service] [   scheduling-1] r.a.observability.ObservabilityService   : LAB9 Observability window=30s category=web.additional.stats count=987 sumNanos=342835969722 avgNanos=347351539
zil-additional-service  | 2026-05-05T00:19:14.291Z  INFO 1 --- [zil-additional-service] [   scheduling-1] r.a.observability.ObservabilityService   : LAB9 Observability window=30s category=http.main.rents count=1131 sumNanos=197093441578 avgNanos=174264758
zil-additional-service  | 2026-05-05T00:19:14.291Z  INFO 1 --- [zil-additional-service] [   scheduling-1] r.a.observability.ObservabilityService   : LAB9 Observability window=30s category=http.main.cars count=1134 sumNanos=197856937370 avgNanos=174477017
zil-additional-service  | 2026-05-05T00:19:14.291Z  INFO 1 --- [zil-additional-service] [   scheduling-1] r.a.observability.ObservabilityService   : LAB9 Observability window=30s category=web.additional.availability_new count=144 sumNanos=51786979288 avgNanos=359631800
zil-additional-service  | 2026-05-05T00:19:14.291Z  INFO 1 --- [zil-additional-service] [   scheduling-1] r.a.observability.ObservabilityService   : LAB9 Observability window=30s category=additional.statsComputation.availability.allCitiesAllDates count=144 sumNanos=18728637 avgNanos=130059
zil-additional-service  | 2026-05-05T00:19:14.292Z  INFO 1 --- [zil-additional-service] [   scheduling-1] r.a.observability.ObservabilityService   : LAB9 Observability window=1m category=additional.statsComputation.stats count=1647 sumNanos=1542943 avgNanos=936
zil-additional-service  | 2026-05-05T00:19:14.292Z  INFO 1 --- [zil-additional-service] [   scheduling-1] r.a.observability.ObservabilityService   : LAB9 Observability window=1m category=web.additional.stats count=1647 sumNanos=581788372387 avgNanos=353241270
zil-additional-service  | 2026-05-05T00:19:14.292Z  INFO 1 --- [zil-additional-service] [   scheduling-1] r.a.observability.ObservabilityService   : LAB9 Observability window=1m category=http.main.rents count=2453 sumNanos=440003738092 avgNanos=179373721
zil-additional-service  | 2026-05-05T00:19:14.292Z  INFO 1 --- [zil-additional-service] [   scheduling-1] r.a.observability.ObservabilityService   : LAB9 Observability window=1m category=http.main.cars count=2454 sumNanos=435427375961 avgNanos=177435768
zil-additional-service  | 2026-05-05T00:19:14.292Z  INFO 1 --- [zil-additional-service] [   scheduling-1] r.a.observability.ObservabilityService   : LAB9 Observability window=1m category=web.additional.availability_new count=806 sumNanos=294016349018 avgNanos=364784552
zil-additional-service  | 2026-05-05T00:19:14.292Z  INFO 1 --- [zil-additional-service] [   scheduling-1] r.a.observability.ObservabilityService   : LAB9 Observability window=1m category=additional.statsComputation.availability.allCitiesAllDates count=806 sumNanos=134648984 avgNanos=167058
zil-additional-service  | 2026-05-05T00:19:19.293Z  INFO 1 --- [zil-additional-service] [   scheduling-1] r.a.observability.ObservabilityService   : LAB9 Observability window=10s category=additional.statsComputation.stats count=429 sumNanos=101223 avgNanos=235
zil-additional-service  | 2026-05-05T00:19:19.293Z  INFO 1 --- [zil-additional-service] [   scheduling-1] r.a.observability.ObservabilityService   : LAB9 Observability window=10s category=web.additional.stats count=429 sumNanos=148171255922 avgNanos=345387542
zil-additional-service  | 2026-05-05T00:19:19.293Z  INFO 1 --- [zil-additional-service] [   scheduling-1] r.a.observability.ObservabilityService   : LAB9 Observability window=10s category=http.main.rents count=452 sumNanos=78948805764 avgNanos=174665499
zil-additional-service  | 2026-05-05T00:19:19.293Z  INFO 1 --- [zil-additional-service] [   scheduling-1] r.a.observability.ObservabilityService   : LAB9 Observability window=10s category=http.main.cars count=456 sumNanos=78360639453 avgNanos=171843507
zil-additional-service  | 2026-05-05T00:19:19.293Z  INFO 1 --- [zil-additional-service] [   scheduling-1] r.a.observability.ObservabilityService   : LAB9 Observability window=10s category=web.additional.availability_new count=23 sumNanos=8478798511 avgNanos=368643413
zil-additional-service  | 2026-05-05T00:19:19.293Z  INFO 1 --- [zil-additional-service] [   scheduling-1] r.a.observability.ObservabilityService   : LAB9 Observability window=10s category=additional.statsComputation.availability.allCitiesAllDates count=23 sumNanos=2268454 avgNanos=98628
zil-additional-service  | 2026-05-05T00:19:19.294Z  INFO 1 --- [zil-additional-service] [   scheduling-1] r.a.observability.ObservabilityService   : LAB9 Observability window=30s category=additional.statsComputation.stats count=1115 sumNanos=695476 avgNanos=623
zil-additional-service  | 2026-05-05T00:19:19.294Z  INFO 1 --- [zil-additional-service] [   scheduling-1] r.a.observability.ObservabilityService   : LAB9 Observability window=30s category=web.additional.stats count=1115 sumNanos=388378814374 avgNanos=348321806
zil-additional-service  | 2026-05-05T00:19:19.294Z  INFO 1 --- [zil-additional-service] [   scheduling-1] r.a.observability.ObservabilityService   : LAB9 Observability window=30s category=http.main.rents count=1162 sumNanos=202454380908 avgNanos=174229243
zil-additional-service  | 2026-05-05T00:19:19.294Z  INFO 1 --- [zil-additional-service] [   scheduling-1] r.a.observability.ObservabilityService   : LAB9 Observability window=30s category=http.main.cars count=1172 sumNanos=204300967647 avgNanos=174318231
zil-additional-service  | 2026-05-05T00:19:19.294Z  INFO 1 --- [zil-additional-service] [   scheduling-1] r.a.observability.ObservabilityService   : LAB9 Observability window=30s category=web.additional.availability_new count=47 sumNanos=16712711182 avgNanos=355589599
zil-additional-service  | 2026-05-05T00:19:19.294Z  INFO 1 --- [zil-additional-service] [   scheduling-1] r.a.observability.ObservabilityService   : LAB9 Observability window=30s category=additional.statsComputation.availability.allCitiesAllDates count=47 sumNanos=4528002 avgNanos=96340
zil-additional-service  | 2026-05-05T00:19:19.294Z  INFO 1 --- [zil-additional-service] [   scheduling-1] r.a.observability.ObservabilityService   : LAB9 Observability window=1m category=additional.statsComputation.stats count=1745 sumNanos=1443678 avgNanos=827
zil-additional-service  | 2026-05-05T00:19:19.294Z  INFO 1 --- [zil-additional-service] [   scheduling-1] r.a.observability.ObservabilityService   : LAB9 Observability window=1m category=web.additional.stats count=1745 sumNanos=618737461991 avgNanos=354577342
zil-additional-service  | 2026-05-05T00:19:19.294Z  INFO 1 --- [zil-additional-service] [   scheduling-1] r.a.observability.ObservabilityService   : LAB9 Observability window=1m category=http.main.rents count=2436 sumNanos=439511749023 avgNanos=180423542
zil-additional-service  | 2026-05-05T00:19:19.294Z  INFO 1 --- [zil-additional-service] [   scheduling-1] r.a.observability.ObservabilityService   : LAB9 Observability window=1m category=http.main.cars count=2440 sumNanos=436625956103 avgNanos=178945063
zil-additional-service  | 2026-05-05T00:19:19.294Z  INFO 1 --- [zil-additional-service] [   scheduling-1] r.a.observability.ObservabilityService   : LAB9 Observability window=1m category=web.additional.availability_new count=691 sumNanos=257050863006 avgNanos=371998354
zil-additional-service  | 2026-05-05T00:19:19.294Z  INFO 1 --- [zil-additional-service] [   scheduling-1] r.a.observability.ObservabilityService   : LAB9 Observability window=1m category=additional.statsComputation.availability.allCitiesAllDates count=691 sumNanos=117789446 avgNanos=170462
zil-additional-service  | 2026-05-05T00:19:22.959Z  INFO 1 --- [zil-additional-service] [   scheduling-1] r.additional.service.ClientCacheService  : [client-cache-statistics] Client cache size=1000
zil-additional-service  | 2026-05-05T00:19:24.295Z  INFO 1 --- [zil-additional-service] [   scheduling-1] r.a.observability.ObservabilityService   : LAB9 Observability window=10s category=additional.statsComputation.stats count=434 sumNanos=35967 avgNanos=82
zil-additional-service  | 2026-05-05T00:19:24.296Z  INFO 1 --- [zil-additional-service] [   scheduling-1] r.a.observability.ObservabilityService   : LAB9 Observability window=10s category=web.additional.stats count=434 sumNanos=150085602054 avgNanos=345819359
zil-additional-service  | 2026-05-05T00:19:24.296Z  INFO 1 --- [zil-additional-service] [   scheduling-1] r.a.observability.ObservabilityService   : LAB9 Observability window=10s category=http.main.rents count=457 sumNanos=78664833181 avgNanos=172133114
zil-additional-service  | 2026-05-05T00:19:24.297Z  INFO 1 --- [zil-additional-service] [   scheduling-1] r.a.observability.ObservabilityService   : LAB9 Observability window=10s category=http.main.cars count=459 sumNanos=79401833079 avgNanos=172988743
zil-additional-service  | 2026-05-05T00:19:24.297Z  INFO 1 --- [zil-additional-service] [   scheduling-1] r.a.observability.ObservabilityService   : LAB9 Observability window=10s category=web.additional.availability_new count=23 sumNanos=7880194137 avgNanos=342617136
zil-additional-service  | 2026-05-05T00:19:24.297Z  INFO 1 --- [zil-additional-service] [   scheduling-1] r.a.observability.ObservabilityService   : LAB9 Observability window=10s category=additional.statsComputation.availability.allCitiesAllDates count=23 sumNanos=2776817 avgNanos=120731
zil-additional-service  | 2026-05-05T00:19:24.297Z  INFO 1 --- [zil-additional-service] [   scheduling-1] r.a.observability.ObservabilityService   : LAB9 Observability window=30s category=additional.statsComputation.stats count=1311 sumNanos=691111 avgNanos=527
zil-additional-service  | 2026-05-05T00:19:24.297Z  INFO 1 --- [zil-additional-service] [   scheduling-1] r.a.observability.ObservabilityService   : LAB9 Observability window=30s category=web.additional.stats count=1311 sumNanos=453821042653 avgNanos=346164029
zil-additional-service  | 2026-05-05T00:19:24.297Z  INFO 1 --- [zil-additional-service] [   scheduling-1] r.a.observability.ObservabilityService   : LAB9 Observability window=30s category=http.main.rents count=1372 sumNanos=237913337072 avgNanos=173406222
zil-additional-service  | 2026-05-05T00:19:24.297Z  INFO 1 --- [zil-additional-service] [   scheduling-1] r.a.observability.ObservabilityService   : LAB9 Observability window=30s category=http.main.cars count=1372 sumNanos=237253564029 avgNanos=172925338
zil-additional-service  | 2026-05-05T00:19:24.297Z  INFO 1 --- [zil-additional-service] [   scheduling-1] r.a.observability.ObservabilityService   : LAB9 Observability window=30s category=web.additional.availability_new count=61 sumNanos=21254664013 avgNanos=348437114
zil-additional-service  | 2026-05-05T00:19:24.297Z  INFO 1 --- [zil-additional-service] [   scheduling-1] r.a.observability.ObservabilityService   : LAB9 Observability window=30s category=additional.statsComputation.availability.allCitiesAllDates count=61 sumNanos=6345778 avgNanos=104029
zil-additional-service  | 2026-05-05T00:19:24.298Z  INFO 1 --- [zil-additional-service] [   scheduling-1] r.a.observability.ObservabilityService   : LAB9 Observability window=1m category=additional.statsComputation.stats count=1836 sumNanos=1337669 avgNanos=728
zil-additional-service  | 2026-05-05T00:19:24.298Z  INFO 1 --- [zil-additional-service] [   scheduling-1] r.a.observability.ObservabilityService   : LAB9 Observability window=1m category=web.additional.stats count=1836 sumNanos=650673838731 avgNanos=354397515
zil-additional-service  | 2026-05-05T00:19:24.298Z  INFO 1 --- [zil-additional-service] [   scheduling-1] r.a.observability.ObservabilityService   : LAB9 Observability window=1m category=http.main.rents count=2428 sumNanos=438410353538 avgNanos=180564396
zil-additional-service  | 2026-05-05T00:19:24.298Z  INFO 1 --- [zil-additional-service] [   scheduling-1] r.a.observability.ObservabilityService   : LAB9 Observability window=1m category=http.main.cars count=2435 sumNanos=437609002850 avgNanos=179716222
zil-additional-service  | 2026-05-05T00:19:24.298Z  INFO 1 --- [zil-additional-service] [   scheduling-1] r.a.observability.ObservabilityService   : LAB9 Observability window=1m category=web.additional.availability_new count=592 sumNanos=224441820787 avgNanos=379124697
zil-app                 | 2026-05-05T00:21:38.802Z  INFO 1 --- [   scheduling-1] r.observability.ObservabilityService     : LAB9 Observability window=1m category=db.car.findAll count=2535 sumNanos=470312152563 avgNanos=185527476
zil-app                 | 2026-05-05T00:21:43.802Z  INFO 1 --- [   scheduling-1] r.observability.ObservabilityService     : LAB9 Observability window=10s category=web.RentController.getRents count=486 sumNanos=74413343809 avgNanos=153113876
zil-app                 | 2026-05-05T00:21:43.802Z  INFO 1 --- [   scheduling-1] r.observability.ObservabilityService     : LAB9 Observability window=10s category=db.rent.findAll count=486 sumNanos=74394921259 avgNanos=153075969
zil-app                 | 2026-05-05T00:21:43.802Z  INFO 1 --- [   scheduling-1] r.observability.ObservabilityService     : LAB9 Observability window=10s category=web.CarController.getCars count=486 sumNanos=73798023963 avgNanos=151847785
zil-app                 | 2026-05-05T00:21:43.802Z  INFO 1 --- [   scheduling-1] r.observability.ObservabilityService     : LAB9 Observability window=10s category=db.car.findAll count=486 sumNanos=73797643382 avgNanos=151847002
zil-app                 | 2026-05-05T00:21:43.804Z  INFO 1 --- [   scheduling-1] r.observability.ObservabilityService     : LAB9 Observability window=30s category=web.RentController.getRents count=1433 sumNanos=222893336492 avgNanos=155543151
zil-app                 | 2026-05-05T00:21:43.804Z  INFO 1 --- [   scheduling-1] r.observability.ObservabilityService     : LAB9 Observability window=30s category=db.rent.findAll count=1433 sumNanos=222873994978 avgNanos=155529654
zil-app                 | 2026-05-05T00:21:43.805Z  INFO 1 --- [   scheduling-1] r.observability.ObservabilityService     : LAB9 Observability window=30s category=web.CarController.getCars count=1433 sumNanos=224074973018 avgNanos=156367741
zil-app                 | 2026-05-05T00:21:43.805Z  INFO 1 --- [   scheduling-1] r.observability.ObservabilityService     : LAB9 Observability window=30s category=db.car.findAll count=1433 sumNanos=224073518375 avgNanos=156366726
zil-app                 | 2026-05-05T00:21:43.806Z  INFO 1 --- [   scheduling-1] r.observability.ObservabilityService     : LAB9 Observability window=1m category=web.RentController.getRents count=2715 sumNanos=455875011568 avgNanos=167909764
zil-app                 | 2026-05-05T00:21:43.806Z  INFO 1 --- [   scheduling-1] r.observability.ObservabilityService     : LAB9 Observability window=1m category=db.rent.findAll count=2715 sumNanos=455854677668 avgNanos=167902275
zil-app                 | 2026-05-05T00:21:43.806Z  INFO 1 --- [   scheduling-1] r.observability.ObservabilityService     : LAB9 Observability window=1m category=web.CarController.getCars count=2709 sumNanos=458337817039 avgNanos=169190777
zil-app                 | 2026-05-05T00:21:43.806Z  INFO 1 --- [   scheduling-1] r.observability.ObservabilityService     : LAB9 Observability window=1m category=db.car.findAll count=2709 sumNanos=458335220687 avgNanos=169189819
zil-app                 | 2026-05-05T00:21:48.807Z  INFO 1 --- [   scheduling-1] r.observability.ObservabilityService     : LAB9 Observability window=10s category=web.RentController.getRents count=475 sumNanos=74615941582 avgNanos=157086192
zil-app                 | 2026-05-05T00:21:48.807Z  INFO 1 --- [   scheduling-1] r.observability.ObservabilityService     : LAB9 Observability window=10s category=db.rent.findAll count=475 sumNanos=74597598441 avgNanos=157047575
zil-app                 | 2026-05-05T00:21:48.807Z  INFO 1 --- [   scheduling-1] r.observability.ObservabilityService     : LAB9 Observability window=10s category=web.CarController.getCars count=477 sumNanos=74295339428 avgNanos=155755428
zil-app                 | 2026-05-05T00:21:48.807Z  INFO 1 --- [   scheduling-1] r.observability.ObservabilityService     : LAB9 Observability window=10s category=db.car.findAll count=477 sumNanos=74294951090 avgNanos=155754614
zil-app                 | 2026-05-05T00:21:48.808Z  INFO 1 --- [   scheduling-1] r.observability.ObservabilityService     : LAB9 Observability window=30s category=web.RentController.getRents count=1432 sumNanos=223269233922 avgNanos=155914269
zil-app                 | 2026-05-05T00:21:48.808Z  INFO 1 --- [   scheduling-1] r.observability.ObservabilityService     : LAB9 Observability window=30s category=db.rent.findAll count=1432 sumNanos=223249884295 avgNanos=155900757
zil-app                 | 2026-05-05T00:21:48.808Z  INFO 1 --- [   scheduling-1] r.observability.ObservabilityService     : LAB9 Observability window=30s category=web.CarController.getCars count=1431 sumNanos=223531998514 avgNanos=156206847
zil-app                 | 2026-05-05T00:21:48.808Z  INFO 1 --- [   scheduling-1] r.observability.ObservabilityService     : LAB9 Observability window=30s category=db.car.findAll count=1431 sumNanos=223530922560 avgNanos=156206095
zil-app                 | 2026-05-05T00:21:48.808Z  INFO 1 --- [   scheduling-1] r.observability.ObservabilityService     : LAB9 Observability window=1m category=web.RentController.getRents count=2867 sumNanos=445081366045 avgNanos=155242890
zil-app                 | 2026-05-05T00:21:48.808Z  INFO 1 --- [   scheduling-1] r.observability.ObservabilityService     : LAB9 Observability window=1m category=db.rent.findAll count=2867 sumNanos=445060930724 avgNanos=155235762
zil-app                 | 2026-05-05T00:21:48.809Z  INFO 1 --- [   scheduling-1] r.observability.ObservabilityService     : LAB9 Observability window=1m category=web.CarController.getCars count=2868 sumNanos=449633944776 avgNanos=156776131
zil-app                 | 2026-05-05T00:21:48.809Z  INFO 1 --- [   scheduling-1] r.observability.ObservabilityService     : LAB9 Observability window=1m category=db.car.findAll count=2868 sumNanos=449631211591 avgNanos=156775178
zil-app                 | 2026-05-05T00:21:53.809Z  INFO 1 --- [   scheduling-1] r.observability.ObservabilityService     : LAB9 Observability window=10s category=web.RentController.getRents count=482 sumNanos=74693593408 avgNanos=154965961
zil-app                 | 2026-05-05T00:21:53.810Z  INFO 1 --- [   scheduling-1] r.observability.ObservabilityService     : LAB9 Observability window=10s category=db.rent.findAll count=482 sumNanos=74693267418 avgNanos=154965285
zil-app                 | 2026-05-05T00:21:53.810Z  INFO 1 --- [   scheduling-1] r.observability.ObservabilityService     : LAB9 Observability window=10s category=web.CarController.getCars count=477 sumNanos=75688619295 avgNanos=158676350
zil-app                 | 2026-05-05T00:21:53.810Z  INFO 1 --- [   scheduling-1] r.observability.ObservabilityService     : LAB9 Observability window=10s category=db.car.findAll count=477 sumNanos=75687655301 avgNanos=158674329
zil-app                 | 2026-05-05T00:21:53.810Z  INFO 1 --- [   scheduling-1] r.observability.ObservabilityService     : LAB9 Observability window=30s category=web.RentController.getRents count=1437 sumNanos=223966568587 avgNanos=155857041
zil-app                 | 2026-05-05T00:21:53.810Z  INFO 1 --- [   scheduling-1] r.observability.ObservabilityService     : LAB9 Observability window=30s category=db.rent.findAll count=1437 sumNanos=223947476284 avgNanos=155843755
zil-app                 | 2026-05-05T00:21:53.810Z  INFO 1 --- [   scheduling-1] r.observability.ObservabilityService     : LAB9 Observability window=30s category=web.CarController.getCars count=1434 sumNanos=224375071023 avgNanos=156467971
zil-app                 | 2026-05-05T00:21:53.810Z  INFO 1 --- [   scheduling-1] r.observability.ObservabilityService     : LAB9 Observability window=30s category=db.car.findAll count=1434 sumNanos=224373381868 avgNanos=156466793
zil-app                 | 2026-05-05T00:21:53.810Z  INFO 1 --- [   scheduling-1] r.observability.ObservabilityService     : LAB9 Observability window=1m category=web.RentController.getRents count=2875 sumNanos=445763922577 avgNanos=155048320
zil-app                 | 2026-05-05T00:21:53.810Z  INFO 1 --- [   scheduling-1] r.observability.ObservabilityService     : LAB9 Observability window=1m category=db.rent.findAll count=2875 sumNanos=445743521252 avgNanos=155041224
zil-app                 | 2026-05-05T00:21:53.810Z  INFO 1 --- [   scheduling-1] r.observability.ObservabilityService     : LAB9 Observability window=1m category=web.CarController.getCars count=2870 sumNanos=449785447716 avgNanos=156719668
zil-app                 | 2026-05-05T00:21:53.810Z  INFO 1 --- [   scheduling-1] r.observability.ObservabilityService     : LAB9 Observability window=1m category=db.car.findAll count=2870 sumNanos=449782146281 avgNanos=156718517
zil-app                 | 2026-05-05T00:21:58.811Z  INFO 1 --- [   scheduling-1] r.observability.ObservabilityService     : LAB9 Observability window=10s category=web.RentController.getRents count=250 sumNanos=37749463603 avgNanos=150997854
zil-app                 | 2026-05-05T00:21:58.811Z  INFO 1 --- [   scheduling-1] r.observability.ObservabilityService     : LAB9 Observability window=10s category=db.rent.findAll count=250 sumNanos=37749294652 avgNanos=150997178
zil-app                 | 2026-05-05T00:21:58.811Z  INFO 1 --- [   scheduling-1] r.observability.ObservabilityService     : LAB9 Observability window=10s category=web.CarController.getCars count=242 sumNanos=37676207648 avgNanos=155686808
zil-app                 | 2026-05-05T00:21:58.811Z  INFO 1 --- [   scheduling-1] r.observability.ObservabilityService     : LAB9 Observability window=10s category=db.car.findAll count=242 sumNanos=37675445532 avgNanos=155683659
zil-app                 | 2026-05-05T00:21:58.811Z  INFO 1 --- [   scheduling-1] r.observability.ObservabilityService     : LAB9 Observability window=30s category=web.RentController.getRents count=1201 sumNanos=187013697604 avgNanos=155714985
zil-app                 | 2026-05-05T00:21:58.811Z  INFO 1 --- [   scheduling-1] r.observability.ObservabilityService     : LAB9 Observability window=30s category=db.rent.findAll count=1201 sumNanos=186994761919 avgNanos=155699218
zil-app                 | 2026-05-05T00:21:58.811Z  INFO 1 --- [   scheduling-1] r.observability.ObservabilityService     : LAB9 Observability window=30s category=web.CarController.getCars count=1192 sumNanos=186445636381 avgNanos=156414124
zil-app                 | 2026-05-05T00:21:58.811Z  INFO 1 --- [   scheduling-1] r.observability.ObservabilityService     : LAB9 Observability window=30s category=db.car.findAll count=1192 sumNanos=186444106118 avgNanos=156412840
zil-app                 | 2026-05-05T00:21:58.811Z  INFO 1 --- [   scheduling-1] r.observability.ObservabilityService     : LAB9 Observability window=1m category=web.RentController.getRents count=2636 sumNanos=410207024217 avgNanos=155617232
zil-app                 | 2026-05-05T00:21:58.811Z  INFO 1 --- [   scheduling-1] r.observability.ObservabilityService     : LAB9 Observability window=1m category=db.rent.findAll count=2636 sumNanos=410186822896 avgNanos=155609568
zil-app                 | 2026-05-05T00:21:58.811Z  INFO 1 --- [   scheduling-1] r.observability.ObservabilityService     : LAB9 Observability window=1m category=web.CarController.getCars count=2629 sumNanos=411235993403 avgNanos=156422972
zil-app                 | 2026-05-05T00:21:58.811Z  INFO 1 --- [   scheduling-1] r.observability.ObservabilityService     : LAB9 Observability window=1m category=db.car.findAll count=2629 sumNanos=411232888534 avgNanos=156421790
zil-additional-service  | 2026-05-05T00:19:24.298Z  INFO 1 --- [zil-additional-service] [   scheduling-1] r.a.observability.ObservabilityService   : LAB9 Observability window=1m category=additional.statsComputation.availability.allCitiesAllDates count=592 sumNanos=104561292 avgNanos=176623
zil-additional-service  | 2026-05-05T00:19:29.299Z  INFO 1 --- [zil-additional-service] [   scheduling-1] r.a.observability.ObservabilityService   : LAB9 Observability window=10s category=additional.statsComputation.stats count=435 sumNanos=33817 avgNanos=77
zil-additional-service  | 2026-05-05T00:19:29.299Z  INFO 1 --- [zil-additional-service] [   scheduling-1] r.a.observability.ObservabilityService   : LAB9 Observability window=10s category=web.additional.stats count=435 sumNanos=149498672527 avgNanos=343675109
zil-additional-service  | 2026-05-05T00:19:29.299Z  INFO 1 --- [zil-additional-service] [   scheduling-1] r.a.observability.ObservabilityService   : LAB9 Observability window=10s category=http.main.rents count=461 sumNanos=78468872162 avgNanos=170214473
zil-additional-service  | 2026-05-05T00:19:29.299Z  INFO 1 --- [zil-additional-service] [   scheduling-1] r.a.observability.ObservabilityService   : LAB9 Observability window=10s category=http.main.cars count=460 sumNanos=79668574684 avgNanos=173192553
zil-additional-service  | 2026-05-05T00:19:29.299Z  INFO 1 --- [zil-additional-service] [   scheduling-1] r.a.observability.ObservabilityService   : LAB9 Observability window=10s category=web.additional.availability_new count=26 sumNanos=8476787849 avgNanos=326030301
zil-additional-service  | 2026-05-05T00:19:29.299Z  INFO 1 --- [zil-additional-service] [   scheduling-1] r.a.observability.ObservabilityService   : LAB9 Observability window=10s category=additional.statsComputation.availability.allCitiesAllDates count=26 sumNanos=3447439 avgNanos=132593
zil-additional-service  | 2026-05-05T00:19:29.299Z  INFO 1 --- [zil-additional-service] [   scheduling-1] r.a.observability.ObservabilityService   : LAB9 Observability window=30s category=additional.statsComputation.stats count=1312 sumNanos=522757 avgNanos=398
zil-additional-service  | 2026-05-05T00:19:29.299Z  INFO 1 --- [zil-additional-service] [   scheduling-1] r.a.observability.ObservabilityService   : LAB9 Observability window=30s category=web.additional.stats count=1312 sumNanos=453951605958 avgNanos=345999699
zil-additional-service  | 2026-05-05T00:19:29.299Z  INFO 1 --- [zil-additional-service] [   scheduling-1] r.a.observability.ObservabilityService   : LAB9 Observability window=30s category=http.main.rents count=1376 sumNanos=238040382417 avgNanos=172994463
zil-additional-service  | 2026-05-05T00:19:29.299Z  INFO 1 --- [zil-additional-service] [   scheduling-1] r.a.observability.ObservabilityService   : LAB9 Observability window=30s category=http.main.cars count=1377 sumNanos=238242838294 avgNanos=173015859
zil-additional-service  | 2026-05-05T00:19:29.299Z  INFO 1 --- [zil-additional-service] [   scheduling-1] r.a.observability.ObservabilityService   : LAB9 Observability window=30s category=web.additional.availability_new count=64 sumNanos=22137816189 avgNanos=345903377
zil-additional-service  | 2026-05-05T00:19:29.300Z  INFO 1 --- [zil-additional-service] [   scheduling-1] r.a.observability.ObservabilityService   : LAB9 Observability window=30s category=additional.statsComputation.availability.allCitiesAllDates count=64 sumNanos=7264167 avgNanos=113502
zil-additional-service  | 2026-05-05T00:19:29.300Z  INFO 1 --- [zil-additional-service] [   scheduling-1] r.a.observability.ObservabilityService   : LAB9 Observability window=1m category=additional.statsComputation.stats count=1921 sumNanos=1234424 avgNanos=642
zil-additional-service  | 2026-05-05T00:19:29.300Z  INFO 1 --- [zil-additional-service] [   scheduling-1] r.a.observability.ObservabilityService   : LAB9 Observability window=1m category=web.additional.stats count=1921 sumNanos=682506885343 avgNanos=355287290
zil-additional-service  | 2026-05-05T00:19:29.300Z  INFO 1 --- [zil-additional-service] [   scheduling-1] r.a.observability.ObservabilityService   : LAB9 Observability window=1m category=http.main.rents count=2422 sumNanos=439341109350 avgNanos=181395998
zil-additional-service  | 2026-05-05T00:19:29.300Z  INFO 1 --- [zil-additional-service] [   scheduling-1] r.a.observability.ObservabilityService   : LAB9 Observability window=1m category=http.main.cars count=2422 sumNanos=438347822885 avgNanos=180985888
zil-additional-service  | 2026-05-05T00:19:29.300Z  INFO 1 --- [zil-additional-service] [   scheduling-1] r.a.observability.ObservabilityService   : LAB9 Observability window=1m category=web.additional.availability_new count=501 sumNanos=195619325780 avgNanos=390457736
zil-additional-service  | 2026-05-05T00:19:29.300Z  INFO 1 --- [zil-additional-service] [   scheduling-1] r.a.observability.ObservabilityService   : LAB9 Observability window=1m category=additional.statsComputation.availability.allCitiesAllDates count=501 sumNanos=89643061 avgNanos=178928
zil-additional-service  | 2026-05-05T00:19:32.959Z  INFO 1 --- [zil-additional-service] [   scheduling-1] r.additional.service.ClientCacheService  : [client-cache-statistics] Client cache size=1000
zil-additional-service  | 2026-05-05T00:19:34.301Z  INFO 1 --- [zil-additional-service] [   scheduling-1] r.a.observability.ObservabilityService   : LAB9 Observability window=10s category=additional.statsComputation.stats count=427 sumNanos=32895 avgNanos=77
zil-additional-service  | 2026-05-05T00:19:34.302Z  INFO 1 --- [zil-additional-service] [   scheduling-1] r.a.observability.ObservabilityService   : LAB9 Observability window=10s category=web.additional.stats count=427 sumNanos=149768609550 avgNanos=350746158
zil-additional-service  | 2026-05-05T00:19:34.302Z  INFO 1 --- [zil-additional-service] [   scheduling-1] r.a.observability.ObservabilityService   : LAB9 Observability window=10s category=http.main.rents count=456 sumNanos=78341114298 avgNanos=171800689
zil-additional-service  | 2026-05-05T00:19:34.302Z  INFO 1 --- [zil-additional-service] [   scheduling-1] r.a.observability.ObservabilityService   : LAB9 Observability window=10s category=http.main.cars count=454 sumNanos=80892960389 avgNanos=178178326
zil-additional-service  | 2026-05-05T00:19:34.302Z  INFO 1 --- [zil-additional-service] [   scheduling-1] r.a.observability.ObservabilityService   : LAB9 Observability window=10s category=web.additional.availability_new count=29 sumNanos=9836756028 avgNanos=339198483
zil-additional-service  | 2026-05-05T00:19:34.302Z  INFO 1 --- [zil-additional-service] [   scheduling-1] r.a.observability.ObservabilityService   : LAB9 Observability window=10s category=additional.statsComputation.availability.allCitiesAllDates count=29 sumNanos=3219893 avgNanos=111030
zil-additional-service  | 2026-05-05T00:19:34.306Z  INFO 1 --- [zil-additional-service] [   scheduling-1] r.a.observability.ObservabilityService   : LAB9 Observability window=30s category=additional.statsComputation.stats count=1302 sumNanos=337217 avgNanos=258
zil-additional-service  | 2026-05-05T00:19:34.307Z  INFO 1 --- [zil-additional-service] [   scheduling-1] r.a.observability.ObservabilityService   : LAB9 Observability window=30s category=web.additional.stats count=1302 sumNanos=449934601320 avgNanos=345571890
zil-additional-service  | 2026-05-05T00:19:34.307Z  INFO 1 --- [zil-additional-service] [   scheduling-1] r.a.observability.ObservabilityService   : LAB9 Observability window=30s category=http.main.rents count=1375 sumNanos=237239972472 avgNanos=172538161
zil-additional-service  | 2026-05-05T00:19:34.307Z  INFO 1 --- [zil-additional-service] [   scheduling-1] r.a.observability.ObservabilityService   : LAB9 Observability window=30s category=http.main.cars count=1375 sumNanos=238061338324 avgNanos=173135518
zil-additional-service  | 2026-05-05T00:19:34.308Z  INFO 1 --- [zil-additional-service] [   scheduling-1] r.a.observability.ObservabilityService   : LAB9 Observability window=30s category=web.additional.availability_new count=73 sumNanos=25277761331 avgNanos=346270703
zil-additional-service  | 2026-05-05T00:19:34.308Z  INFO 1 --- [zil-additional-service] [   scheduling-1] r.a.observability.ObservabilityService   : LAB9 Observability window=30s category=additional.statsComputation.availability.allCitiesAllDates count=73 sumNanos=7835380 avgNanos=107333
zil-additional-service  | 2026-05-05T00:19:34.310Z  INFO 1 --- [zil-additional-service] [   scheduling-1] r.a.observability.ObservabilityService   : LAB9 Observability window=1m category=additional.statsComputation.stats count=2015 sumNanos=1113249 avgNanos=552
zil-additional-service  | 2026-05-05T00:19:34.310Z  INFO 1 --- [zil-additional-service] [   scheduling-1] r.a.observability.ObservabilityService   : LAB9 Observability window=1m category=web.additional.stats count=2015 sumNanos=718661417959 avgNanos=356655790
zil-additional-service  | 2026-05-05T00:19:34.310Z  INFO 1 --- [zil-additional-service] [   scheduling-1] r.a.observability.ObservabilityService   : LAB9 Observability window=1m category=http.main.rents count=2407 sumNanos=438157028895 avgNanos=182034494
zil-additional-service  | 2026-05-05T00:19:34.310Z  INFO 1 --- [zil-additional-service] [   scheduling-1] r.a.observability.ObservabilityService   : LAB9 Observability window=1m category=http.main.cars count=2406 sumNanos=439830879232 avgNanos=182805851
zil-additional-service  | 2026-05-05T00:19:34.310Z  INFO 1 --- [zil-additional-service] [   scheduling-1] r.a.observability.ObservabilityService   : LAB9 Observability window=1m category=web.additional.availability_new count=392 sumNanos=159708661805 avgNanos=407420055
zil-additional-service  | 2026-05-05T00:19:34.310Z  INFO 1 --- [zil-additional-service] [   scheduling-1] r.a.observability.ObservabilityService   : LAB9 Observability window=1m category=additional.statsComputation.availability.allCitiesAllDates count=392 sumNanos=67997511 avgNanos=173463
zil-additional-service  | 2026-05-05T00:19:39.311Z  INFO 1 --- [zil-additional-service] [   scheduling-1] r.a.observability.ObservabilityService   : LAB9 Observability window=10s category=additional.statsComputation.stats count=433 sumNanos=32148 avgNanos=74
zil-additional-service  | 2026-05-05T00:19:39.312Z  INFO 1 --- [zil-additional-service] [   scheduling-1] r.a.observability.ObservabilityService   : LAB9 Observability window=10s category=web.additional.stats count=433 sumNanos=149362041131 avgNanos=344946977
zil-additional-service  | 2026-05-05T00:19:39.312Z  INFO 1 --- [zil-additional-service] [   scheduling-1] r.a.observability.ObservabilityService   : LAB9 Observability window=10s category=http.main.rents count=461 sumNanos=78489400838 avgNanos=170259003
zil-additional-service  | 2026-05-05T00:19:39.312Z  INFO 1 --- [zil-additional-service] [   scheduling-1] r.a.observability.ObservabilityService   : LAB9 Observability window=10s category=http.main.cars count=462 sumNanos=80293643722 avgNanos=173795765
zil-additional-service  | 2026-05-05T00:19:39.312Z  INFO 1 --- [zil-additional-service] [   scheduling-1] r.a.observability.ObservabilityService   : LAB9 Observability window=10s category=web.additional.availability_new count=28 sumNanos=9722484830 avgNanos=347231601
zil-additional-service  | 2026-05-05T00:19:39.312Z  INFO 1 --- [zil-additional-service] [   scheduling-1] r.a.observability.ObservabilityService   : LAB9 Observability window=10s category=additional.statsComputation.availability.allCitiesAllDates count=28 sumNanos=2868203 avgNanos=102435
zil-additional-service  | 2026-05-05T00:19:39.312Z  INFO 1 --- [zil-additional-service] [   scheduling-1] r.a.observability.ObservabilityService   : LAB9 Observability window=30s category=additional.statsComputation.stats count=1297 sumNanos=167188 avgNanos=128
zil-additional-service  | 2026-05-05T00:19:39.312Z  INFO 1 --- [zil-additional-service] [   scheduling-1] r.a.observability.ObservabilityService   : LAB9 Observability window=30s category=web.additional.stats count=1297 sumNanos=447031969580 avgNanos=344666129
zil-additional-service  | 2026-05-05T00:19:39.312Z  INFO 1 --- [zil-additional-service] [   scheduling-1] r.a.observability.ObservabilityService   : LAB9 Observability window=30s category=http.main.rents count=1374 sumNanos=235907078764 avgNanos=171693652
zil-additional-service  | 2026-05-05T00:19:39.312Z  INFO 1 --- [zil-additional-service] [   scheduling-1] r.a.observability.ObservabilityService   : LAB9 Observability window=30s category=http.main.cars count=1378 sumNanos=238322857859 avgNanos=172948372
zil-additional-service  | 2026-05-05T00:19:39.312Z  INFO 1 --- [zil-additional-service] [   scheduling-1] r.a.observability.ObservabilityService   : LAB9 Observability window=30s category=web.additional.availability_new count=77 sumNanos=26678071190 avgNanos=346468457
zil-additional-service  | 2026-05-05T00:19:39.312Z  INFO 1 --- [zil-additional-service] [   scheduling-1] r.a.observability.ObservabilityService   : LAB9 Observability window=30s category=additional.statsComputation.availability.allCitiesAllDates count=77 sumNanos=8584096 avgNanos=111481
zil-additional-service  | 2026-05-05T00:19:39.312Z  INFO 1 --- [zil-additional-service] [   scheduling-1] r.a.observability.ObservabilityService   : LAB9 Observability window=1m category=additional.statsComputation.stats count=2172 sumNanos=1039598 avgNanos=478
zil-additional-service  | 2026-05-05T00:19:39.312Z  INFO 1 --- [zil-additional-service] [   scheduling-1] r.a.observability.ObservabilityService   : LAB9 Observability window=1m category=web.additional.stats count=2172 sumNanos=756755399107 avgNanos=348414087
zil-additional-service  | 2026-05-05T00:19:39.312Z  INFO 1 --- [zil-additional-service] [   scheduling-1] r.a.observability.ObservabilityService   : LAB9 Observability window=1m category=http.main.rents count=2490 sumNanos=434601611428 avgNanos=174538799
zil-additional-service  | 2026-05-05T00:19:39.312Z  INFO 1 --- [zil-additional-service] [   scheduling-1] r.a.observability.ObservabilityService   : LAB9 Observability window=1m category=http.main.cars count=2493 sumNanos=439058371737 avgNanos=176116474
zil-additional-service  | 2026-05-05T00:19:39.312Z  INFO 1 --- [zil-additional-service] [   scheduling-1] r.a.observability.ObservabilityService   : LAB9 Observability window=1m category=web.additional.availability_new count=318 sumNanos=117370458204 avgNanos=369089491
zil-additional-service  | 2026-05-05T00:19:39.312Z  INFO 1 --- [zil-additional-service] [   scheduling-1] r.a.observability.ObservabilityService   : LAB9 Observability window=1m category=additional.statsComputation.availability.allCitiesAllDates count=318 sumNanos=49229888 avgNanos=154810
zil-additional-service  | 2026-05-05T00:19:42.959Z  INFO 1 --- [zil-additional-service] [   scheduling-1] r.additional.service.ClientCacheService  : [client-cache-statistics] Client cache size=1000
zil-additional-service  | 2026-05-05T00:19:44.313Z  INFO 1 --- [zil-additional-service] [   scheduling-1] r.a.observability.ObservabilityService   : LAB9 Observability window=10s category=additional.statsComputation.stats count=438 sumNanos=55596 avgNanos=126
zil-additional-service  | 2026-05-05T00:19:44.313Z  INFO 1 --- [zil-additional-service] [   scheduling-1] r.a.observability.ObservabilityService   : LAB9 Observability window=10s category=web.additional.stats count=438 sumNanos=149171589149 avgNanos=340574404
zil-additional-service  | 2026-05-05T00:19:44.313Z  INFO 1 --- [zil-additional-service] [   scheduling-1] r.a.observability.ObservabilityService   : LAB9 Observability window=10s category=http.main.rents count=462 sumNanos=78726842537 avgNanos=170404421
zil-additional-service  | 2026-05-05T00:19:44.313Z  INFO 1 --- [zil-additional-service] [   scheduling-1] r.a.observability.ObservabilityService   : LAB9 Observability window=10s category=http.main.cars count=459 sumNanos=78544080839 avgNanos=171120001
zil-additional-service  | 2026-05-05T00:19:44.313Z  INFO 1 --- [zil-additional-service] [   scheduling-1] r.a.observability.ObservabilityService   : LAB9 Observability window=10s category=web.additional.availability_new count=24 sumNanos=8218003469 avgNanos=342416811
zil-additional-service  | 2026-05-05T00:19:44.313Z  INFO 1 --- [zil-additional-service] [   scheduling-1] r.a.observability.ObservabilityService   : LAB9 Observability window=10s category=additional.statsComputation.availability.allCitiesAllDates count=24 sumNanos=2870358 avgNanos=119598
zil-additional-service  | 2026-05-05T00:19:44.313Z  INFO 1 --- [zil-additional-service] [   scheduling-1] r.a.observability.ObservabilityService   : LAB9 Observability window=30s category=additional.statsComputation.stats count=1299 sumNanos=124458 avgNanos=95
zil-additional-service  | 2026-05-05T00:19:44.313Z  INFO 1 --- [zil-additional-service] [   scheduling-1] r.a.observability.ObservabilityService   : LAB9 Observability window=30s category=web.additional.stats count=1299 sumNanos=449025800753 avgNanos=345670362
zil-additional-service  | 2026-05-05T00:19:44.313Z  INFO 1 --- [zil-additional-service] [   scheduling-1] r.a.observability.ObservabilityService   : LAB9 Observability window=30s category=http.main.rents count=1375 sumNanos=235732790016 avgNanos=171442029
zil-additional-service  | 2026-05-05T00:19:44.314Z  INFO 1 --- [zil-additional-service] [   scheduling-1] r.a.observability.ObservabilityService   : LAB9 Observability window=30s category=http.main.cars count=1374 sumNanos=239069496288 avgNanos=173995266
zil-additional-service  | 2026-05-05T00:19:44.314Z  INFO 1 --- [zil-additional-service] [   scheduling-1] r.a.observability.ObservabilityService   : LAB9 Observability window=30s category=web.additional.availability_new count=76 sumNanos=25934953634 avgNanos=341249389
zil-additional-service  | 2026-05-05T00:19:44.314Z  INFO 1 --- [zil-additional-service] [   scheduling-1] r.a.observability.ObservabilityService   : LAB9 Observability window=30s category=additional.statsComputation.availability.allCitiesAllDates count=76 sumNanos=8867068 avgNanos=116671
zil-additional-service  | 2026-05-05T00:19:44.315Z  INFO 1 --- [zil-additional-service] [   scheduling-1] r.a.observability.ObservabilityService   : LAB9 Observability window=1m category=additional.statsComputation.stats count=2286 sumNanos=930992 avgNanos=407
zil-additional-service  | 2026-05-05T00:19:44.315Z  INFO 1 --- [zil-additional-service] [   scheduling-1] r.a.observability.ObservabilityService   : LAB9 Observability window=1m category=web.additional.stats count=2286 sumNanos=791861770475 avgNanos=346396225
zil-additional-service  | 2026-05-05T00:19:44.315Z  INFO 1 --- [zil-additional-service] [   scheduling-1] r.a.observability.ObservabilityService   : LAB9 Observability window=1m category=http.main.rents count=2506 sumNanos=432826231594 avgNanos=172715974
zil-additional-service  | 2026-05-05T00:19:44.315Z  INFO 1 --- [zil-additional-service] [   scheduling-1] r.a.observability.ObservabilityService   : LAB9 Observability window=1m category=http.main.cars count=2506 sumNanos=436462998977 avgNanos=174167198
zil-additional-service  | 2026-05-05T00:19:44.315Z  INFO 1 --- [zil-additional-service] [   scheduling-1] r.a.observability.ObservabilityService   : LAB9 Observability window=1m category=web.additional.availability_new count=220 sumNanos=77721932922 avgNanos=353281513
zil-additional-service  | 2026-05-05T00:19:44.315Z  INFO 1 --- [zil-additional-service] [   scheduling-1] r.a.observability.ObservabilityService   : LAB9 Observability window=1m category=additional.statsComputation.availability.allCitiesAllDates count=220 sumNanos=27595705 avgNanos=125435
zil-additional-service  | 2026-05-05T00:19:49.316Z  INFO 1 --- [zil-additional-service] [   scheduling-1] r.a.observability.ObservabilityService   : LAB9 Observability window=10s category=additional.statsComputation.stats count=438 sumNanos=58969 avgNanos=134
zil-additional-service  | 2026-05-05T00:19:49.317Z  INFO 1 --- [zil-additional-service] [   scheduling-1] r.a.observability.ObservabilityService   : LAB9 Observability window=10s category=web.additional.stats count=438 sumNanos=151657214320 avgNanos=346249347
zil-additional-service  | 2026-05-05T00:19:49.317Z  INFO 1 --- [zil-additional-service] [   scheduling-1] r.a.observability.ObservabilityService   : LAB9 Observability window=10s category=http.main.rents count=460 sumNanos=79796403413 avgNanos=173470442
zil-additional-service  | 2026-05-05T00:19:49.317Z  INFO 1 --- [zil-additional-service] [   scheduling-1] r.a.observability.ObservabilityService   : LAB9 Observability window=10s category=http.main.cars count=459 sumNanos=79229522002 avgNanos=172613337
zil-additional-service  | 2026-05-05T00:19:49.317Z  INFO 1 --- [zil-additional-service] [   scheduling-1] r.a.observability.ObservabilityService   : LAB9 Observability window=10s category=web.additional.availability_new count=22 sumNanos=7584059136 avgNanos=344729960
zil-additional-service  | 2026-05-05T00:19:49.317Z  INFO 1 --- [zil-additional-service] [   scheduling-1] r.a.observability.ObservabilityService   : LAB9 Observability window=10s category=additional.statsComputation.availability.allCitiesAllDates count=22 sumNanos=2700201 avgNanos=122736
zil-additional-service  | 2026-05-05T00:19:49.318Z  INFO 1 --- [zil-additional-service] [   scheduling-1] r.a.observability.ObservabilityService   : LAB9 Observability window=30s category=additional.statsComputation.stats count=1305 sumNanos=124801 avgNanos=95
zil-additional-service  | 2026-05-05T00:19:49.318Z  INFO 1 --- [zil-additional-service] [   scheduling-1] r.a.observability.ObservabilityService   : LAB9 Observability window=30s category=web.additional.stats count=1305 sumNanos=450204889411 avgNanos=344984589
zil-additional-service  | 2026-05-05T00:19:49.318Z  INFO 1 --- [zil-additional-service] [   scheduling-1] r.a.observability.ObservabilityService   : LAB9 Observability window=30s category=http.main.rents count=1381 sumNanos=236589654653 avgNanos=171317635
zil-additional-service  | 2026-05-05T00:19:49.318Z  INFO 1 --- [zil-additional-service] [   scheduling-1] r.a.observability.ObservabilityService   : LAB9 Observability window=30s category=http.main.cars count=1381 sumNanos=239191740408 avgNanos=173201839
zil-additional-service  | 2026-05-05T00:19:49.318Z  INFO 1 --- [zil-additional-service] [   scheduling-1] r.a.observability.ObservabilityService   : LAB9 Observability window=30s category=web.additional.availability_new count=76 sumNanos=25783331815 avgNanos=339254365
zil-additional-service  | 2026-05-05T00:19:49.318Z  INFO 1 --- [zil-additional-service] [   scheduling-1] r.a.observability.ObservabilityService   : LAB9 Observability window=30s category=additional.statsComputation.availability.allCitiesAllDates count=76 sumNanos=9015843 avgNanos=118629
zil-additional-service  | 2026-05-05T00:19:49.318Z  INFO 1 --- [zil-additional-service] [   scheduling-1] r.a.observability.ObservabilityService   : LAB9 Observability window=1m category=additional.statsComputation.stats count=2421 sumNanos=820410 avgNanos=338
zil-additional-service  | 2026-05-05T00:19:49.318Z  INFO 1 --- [zil-additional-service] [   scheduling-1] r.a.observability.ObservabilityService   : LAB9 Observability window=1m category=web.additional.stats count=2421 sumNanos=838896742352 avgNanos=346508361
zil-additional-service  | 2026-05-05T00:19:49.318Z  INFO 1 --- [zil-additional-service] [   scheduling-1] r.a.observability.ObservabilityService   : LAB9 Observability window=1m category=http.main.rents count=2544 sumNanos=439209057321 avgNanos=172645069
zil-additional-service  | 2026-05-05T00:19:49.318Z  INFO 1 --- [zil-additional-service] [   scheduling-1] r.a.observability.ObservabilityService   : LAB9 Observability window=1m category=http.main.cars count=2553 sumNanos=443492708055 avgNanos=173714339
zil-additional-service  | 2026-05-05T00:19:49.318Z  INFO 1 --- [zil-additional-service] [   scheduling-1] r.a.observability.ObservabilityService   : LAB9 Observability window=1m category=web.additional.availability_new count=123 sumNanos=42496042997 avgNanos=345496284
zil-additional-service  | 2026-05-05T00:19:49.318Z  INFO 1 --- [zil-additional-service] [   scheduling-1] r.a.observability.ObservabilityService   : LAB9 Observability window=1m category=additional.statsComputation.availability.allCitiesAllDates count=123 sumNanos=13543845 avgNanos=110112
zil-additional-service  | 2026-05-05T00:19:52.959Z  INFO 1 --- [zil-additional-service] [   scheduling-1] r.additional.service.ClientCacheService  : [client-cache-statistics] Client cache size=1000
zil-additional-service  | 2026-05-05T00:19:54.319Z  INFO 1 --- [zil-additional-service] [   scheduling-1] r.a.observability.ObservabilityService   : LAB9 Observability window=10s category=additional.statsComputation.stats count=443 sumNanos=46544 avgNanos=105
zil-additional-service  | 2026-05-05T00:19:54.319Z  INFO 1 --- [zil-additional-service] [   scheduling-1] r.a.observability.ObservabilityService   : LAB9 Observability window=10s category=web.additional.stats count=443 sumNanos=152731012125 avgNanos=344765264
zil-additional-service  | 2026-05-05T00:19:54.319Z  INFO 1 --- [zil-additional-service] [   scheduling-1] r.a.observability.ObservabilityService   : LAB9 Observability window=10s category=http.main.rents count=464 sumNanos=80672161327 avgNanos=173862416
zil-additional-service  | 2026-05-05T00:19:54.319Z  INFO 1 --- [zil-additional-service] [   scheduling-1] r.a.observability.ObservabilityService   : LAB9 Observability window=10s category=http.main.cars count=464 sumNanos=78952602266 avgNanos=170156470
zil-additional-service  | 2026-05-05T00:19:54.319Z  INFO 1 --- [zil-additional-service] [   scheduling-1] r.a.observability.ObservabilityService   : LAB9 Observability window=10s category=web.additional.availability_new count=21 sumNanos=7306613912 avgNanos=347933995
zil-additional-service  | 2026-05-05T00:19:54.319Z  INFO 1 --- [zil-additional-service] [   scheduling-1] r.a.observability.ObservabilityService   : LAB9 Observability window=10s category=additional.statsComputation.availability.allCitiesAllDates count=21 sumNanos=2953425 avgNanos=140639
zil-additional-service  | 2026-05-05T00:19:54.319Z  INFO 1 --- [zil-additional-service] [   scheduling-1] r.a.observability.ObservabilityService   : LAB9 Observability window=30s category=additional.statsComputation.stats count=1306 sumNanos=134931 avgNanos=103
zil-additional-service  | 2026-05-05T00:19:54.319Z  INFO 1 --- [zil-additional-service] [   scheduling-1] r.a.observability.ObservabilityService   : LAB9 Observability window=30s category=web.additional.stats count=1306 sumNanos=450928508869 avgNanos=345274509
zil-additional-service  | 2026-05-05T00:19:54.319Z  INFO 1 --- [zil-additional-service] [   scheduling-1] r.a.observability.ObservabilityService   : LAB9 Observability window=30s category=http.main.rents count=1380 sumNanos=237367090328 avgNanos=172005137
zil-additional-service  | 2026-05-05T00:19:54.319Z  INFO 1 --- [zil-additional-service] [   scheduling-1] r.a.observability.ObservabilityService   : LAB9 Observability window=30s category=http.main.cars count=1378 sumNanos=238321640586 avgNanos=172947489
zil-additional-service  | 2026-05-05T00:19:54.319Z  INFO 1 --- [zil-additional-service] [   scheduling-1] r.a.observability.ObservabilityService   : LAB9 Observability window=30s category=web.additional.availability_new count=74 sumNanos=25361373409 avgNanos=342721262
zil-additional-service  | 2026-05-05T00:19:54.320Z  INFO 1 --- [zil-additional-service] [   scheduling-1] r.a.observability.ObservabilityService   : LAB9 Observability window=30s category=additional.statsComputation.availability.allCitiesAllDates count=74 sumNanos=9043676 avgNanos=122211
zil-additional-service  | 2026-05-05T00:19:54.320Z  INFO 1 --- [zil-additional-service] [   scheduling-1] r.a.observability.ObservabilityService   : LAB9 Observability window=1m category=additional.statsComputation.stats count=2619 sumNanos=826146 avgNanos=315
zil-additional-service  | 2026-05-05T00:19:54.320Z  INFO 1 --- [zil-additional-service] [   scheduling-1] r.a.observability.ObservabilityService   : LAB9 Observability window=1m category=web.additional.stats count=2619 sumNanos=905492253477 avgNanos=345739692
zil-additional-service  | 2026-05-05T00:19:54.320Z  INFO 1 --- [zil-additional-service] [   scheduling-1] r.a.observability.ObservabilityService   : LAB9 Observability window=1m category=http.main.rents count=2754 sumNanos=475653455234 avgNanos=172713672
zil-additional-service  | 2026-05-05T00:19:54.320Z  INFO 1 --- [zil-additional-service] [   scheduling-1] r.a.observability.ObservabilityService   : LAB9 Observability window=1m category=http.main.cars count=2751 sumNanos=475873829504 avgNanos=172982126
zil-additional-service  | 2026-05-05T00:19:54.320Z  INFO 1 --- [zil-additional-service] [   scheduling-1] r.a.observability.ObservabilityService   : LAB9 Observability window=1m category=web.additional.availability_new count=135 sumNanos=46616037422 avgNanos=345303980
zil-additional-service  | 2026-05-05T00:19:54.320Z  INFO 1 --- [zil-additional-service] [   scheduling-1] r.a.observability.ObservabilityService   : LAB9 Observability window=1m category=additional.statsComputation.availability.allCitiesAllDates count=135 sumNanos=15389454 avgNanos=113995
zil-additional-service  | 2026-05-05T00:19:59.321Z  INFO 1 --- [zil-additional-service] [   scheduling-1] r.a.observability.ObservabilityService   : LAB9 Observability window=10s category=additional.statsComputation.stats count=436 sumNanos=50099 avgNanos=114
zil-additional-service  | 2026-05-05T00:19:59.321Z  INFO 1 --- [zil-additional-service] [   scheduling-1] r.a.observability.ObservabilityService   : LAB9 Observability window=10s category=web.additional.stats count=436 sumNanos=150901479391 avgNanos=346104310
zil-additional-service  | 2026-05-05T00:19:59.321Z  INFO 1 --- [zil-additional-service] [   scheduling-1] r.a.observability.ObservabilityService   : LAB9 Observability window=10s category=http.main.rents count=455 sumNanos=78990974122 avgNanos=173606536
zil-additional-service  | 2026-05-05T00:19:59.321Z  INFO 1 --- [zil-additional-service] [   scheduling-1] r.a.observability.ObservabilityService   : LAB9 Observability window=10s category=http.main.cars count=455 sumNanos=79170243437 avgNanos=174000535
zil-additional-service  | 2026-05-05T00:19:59.321Z  INFO 1 --- [zil-additional-service] [   scheduling-1] r.a.observability.ObservabilityService   : LAB9 Observability window=10s category=web.additional.availability_new count=19 sumNanos=6723577137 avgNanos=353872480
zil-additional-service  | 2026-05-05T00:19:59.321Z  INFO 1 --- [zil-additional-service] [   scheduling-1] r.a.observability.ObservabilityService   : LAB9 Observability window=10s category=additional.statsComputation.availability.allCitiesAllDates count=19 sumNanos=2859535 avgNanos=150501
zil-additional-service  | 2026-05-05T00:19:59.322Z  INFO 1 --- [zil-additional-service] [   scheduling-1] r.a.observability.ObservabilityService   : LAB9 Observability window=30s category=additional.statsComputation.stats count=1306 sumNanos=141173 avgNanos=108
zil-additional-service  | 2026-05-05T00:19:59.322Z  INFO 1 --- [zil-additional-service] [   scheduling-1] r.a.observability.ObservabilityService   : LAB9 Observability window=30s category=web.additional.stats count=1306 sumNanos=451480015370 avgNanos=345696795
zil-additional-service  | 2026-05-05T00:19:59.322Z  INFO 1 --- [zil-additional-service] [   scheduling-1] r.a.observability.ObservabilityService   : LAB9 Observability window=30s category=http.main.rents count=1375 sumNanos=237035246783 avgNanos=172389270
zil-additional-service  | 2026-05-05T00:19:59.322Z  INFO 1 --- [zil-additional-service] [   scheduling-1] r.a.observability.ObservabilityService   : LAB9 Observability window=30s category=http.main.cars count=1374 sumNanos=238221977725 avgNanos=173378440
zil-additional-service  | 2026-05-05T00:19:59.322Z  INFO 1 --- [zil-additional-service] [   scheduling-1] r.a.observability.ObservabilityService   : LAB9 Observability window=30s category=web.additional.availability_new count=69 sumNanos=24030121103 avgNanos=348262624
zil-additional-service  | 2026-05-05T00:19:59.322Z  INFO 1 --- [zil-additional-service] [   scheduling-1] r.a.observability.ObservabilityService   : LAB9 Observability window=30s category=additional.statsComputation.availability.allCitiesAllDates count=69 sumNanos=8427939 avgNanos=122144
zil-additional-service  | 2026-05-05T00:19:59.322Z  INFO 1 --- [zil-additional-service] [   scheduling-1] r.a.observability.ObservabilityService   : LAB9 Observability window=1m category=additional.statsComputation.stats count=2619 sumNanos=663973 avgNanos=253
zil-additional-service  | 2026-05-05T00:19:59.322Z  INFO 1 --- [zil-additional-service] [   scheduling-1] r.a.observability.ObservabilityService   : LAB9 Observability window=1m category=web.additional.stats count=2619 sumNanos=905872340800 avgNanos=345884818
zil-additional-service  | 2026-05-05T00:19:59.322Z  INFO 1 --- [zil-additional-service] [   scheduling-1] r.a.observability.ObservabilityService   : LAB9 Observability window=1m category=http.main.rents count=2752 sumNanos=475317160790 avgNanos=172716991
zil-additional-service  | 2026-05-05T00:19:59.322Z  INFO 1 --- [zil-additional-service] [   scheduling-1] r.a.observability.ObservabilityService   : LAB9 Observability window=1m category=http.main.cars count=2750 sumNanos=476236535530 avgNanos=173176922
zil-additional-service  | 2026-05-05T00:19:59.322Z  INFO 1 --- [zil-additional-service] [   scheduling-1] r.a.observability.ObservabilityService   : LAB9 Observability window=1m category=web.additional.availability_new count=133 sumNanos=46167937292 avgNanos=347127348
zil-additional-service  | 2026-05-05T00:19:59.322Z  INFO 1 --- [zil-additional-service] [   scheduling-1] r.a.observability.ObservabilityService   : LAB9 Observability window=1m category=additional.statsComputation.availability.allCitiesAllDates count=133 sumNanos=15692106 avgNanos=117985
zil-additional-service  | 2026-05-05T00:20:02.959Z  INFO 1 --- [zil-additional-service] [   scheduling-1] r.additional.service.ClientCacheService  : [client-cache-statistics] Client cache size=1000
zil-additional-service  | 2026-05-05T00:20:04.323Z  INFO 1 --- [zil-additional-service] [   scheduling-1] r.a.observability.ObservabilityService   : LAB9 Observability window=10s category=additional.statsComputation.stats count=343 sumNanos=35220 avgNanos=102
zil-additional-service  | 2026-05-05T00:20:04.323Z  INFO 1 --- [zil-additional-service] [   scheduling-1] r.a.observability.ObservabilityService   : LAB9 Observability window=10s category=web.additional.stats count=343 sumNanos=154928190402 avgNanos=451685686
zil-additional-service  | 2026-05-05T00:20:04.323Z  INFO 1 --- [zil-additional-service] [   scheduling-1] r.a.observability.ObservabilityService   : LAB9 Observability window=10s category=http.main.rents count=356 sumNanos=81473555598 avgNanos=228858302
zil-additional-service  | 2026-05-05T00:20:04.323Z  INFO 1 --- [zil-additional-service] [   scheduling-1] r.a.observability.ObservabilityService   : LAB9 Observability window=10s category=http.main.cars count=357 sumNanos=82212116531 avgNanos=230286040
zil-additional-service  | 2026-05-05T00:20:04.323Z  INFO 1 --- [zil-additional-service] [   scheduling-1] r.a.observability.ObservabilityService   : LAB9 Observability window=10s category=web.additional.availability_new count=13 sumNanos=6916787157 avgNanos=532060550
zil-additional-service  | 2026-05-05T00:20:04.323Z  INFO 1 --- [zil-additional-service] [   scheduling-1] r.a.observability.ObservabilityService   : LAB9 Observability window=10s category=additional.statsComputation.availability.allCitiesAllDates count=13 sumNanos=1661235 avgNanos=127787
zil-additional-service  | 2026-05-05T00:20:04.323Z  INFO 1 --- [zil-additional-service] [   scheduling-1] r.a.observability.ObservabilityService   : LAB9 Observability window=30s category=additional.statsComputation.stats count=1224 sumNanos=137360 avgNanos=112
zil-additional-service  | 2026-05-05T00:20:04.323Z  INFO 1 --- [zil-additional-service] [   scheduling-1] r.a.observability.ObservabilityService   : LAB9 Observability window=30s category=web.additional.stats count=1224 sumNanos=456830791676 avgNanos=373227770
zil-additional-service  | 2026-05-05T00:20:04.323Z  INFO 1 --- [zil-additional-service] [   scheduling-1] r.a.observability.ObservabilityService   : LAB9 Observability window=30s category=http.main.rents count=1282 sumNanos=240872559462 avgNanos=187888111
zil-additional-service  | 2026-05-05T00:20:04.323Z  INFO 1 --- [zil-additional-service] [   scheduling-1] r.a.observability.ObservabilityService   : LAB9 Observability window=30s category=http.main.cars count=1280 sumNanos=239708799636 avgNanos=187272499
zil-additional-service  | 2026-05-05T00:20:04.323Z  INFO 1 --- [zil-additional-service] [   scheduling-1] r.a.observability.ObservabilityService   : LAB9 Observability window=30s category=web.additional.availability_new count=58 sumNanos=22441404538 avgNanos=386920767
zil-additional-service  | 2026-05-05T00:20:04.323Z  INFO 1 --- [zil-additional-service] [   scheduling-1] r.a.observability.ObservabilityService   : LAB9 Observability window=30s category=additional.statsComputation.availability.allCitiesAllDates count=58 sumNanos=7485018 avgNanos=129052
zil-additional-service  | 2026-05-05T00:20:04.324Z  INFO 1 --- [zil-additional-service] [   scheduling-1] r.a.observability.ObservabilityService   : LAB9 Observability window=1m category=additional.statsComputation.stats count=2524 sumNanos=473591 avgNanos=187
zil-additional-service  | 2026-05-05T00:20:04.324Z  INFO 1 --- [zil-additional-service] [   scheduling-1] r.a.observability.ObservabilityService   : LAB9 Observability window=1m category=web.additional.stats count=2524 sumNanos=906096948439 avgNanos=358992451
zil-additional-service  | 2026-05-05T00:20:04.324Z  INFO 1 --- [zil-additional-service] [   scheduling-1] r.a.observability.ObservabilityService   : LAB9 Observability window=1m category=http.main.rents count=2655 sumNanos=477733599176 avgNanos=179937325
zil-additional-service  | 2026-05-05T00:20:04.324Z  INFO 1 --- [zil-additional-service] [   scheduling-1] r.a.observability.ObservabilityService   : LAB9 Observability window=1m category=http.main.cars count=2655 sumNanos=477674766791 avgNanos=179915166
zil-additional-service  | 2026-05-05T00:20:04.324Z  INFO 1 --- [zil-additional-service] [   scheduling-1] r.a.observability.ObservabilityService   : LAB9 Observability window=1m category=web.additional.availability_new count=131 sumNanos=47719165869 avgNanos=364268441
zil-additional-service  | 2026-05-05T00:20:04.324Z  INFO 1 --- [zil-additional-service] [   scheduling-1] r.a.observability.ObservabilityService   : LAB9 Observability window=1m category=additional.statsComputation.availability.allCitiesAllDates count=131 sumNanos=15320398 avgNanos=116949
zil-additional-service  | 2026-05-05T00:20:09.324Z  INFO 1 --- [zil-additional-service] [   scheduling-1] r.a.observability.ObservabilityService   : LAB9 Observability window=10s category=additional.statsComputation.stats count=207 sumNanos=20782 avgNanos=100
zil-additional-service  | 2026-05-05T00:20:09.325Z  INFO 1 --- [zil-additional-service] [   scheduling-1] r.a.observability.ObservabilityService   : LAB9 Observability window=10s category=web.additional.stats count=207 sumNanos=157011283267 avgNanos=758508614
zil-additional-service  | 2026-05-05T00:20:09.325Z  INFO 1 --- [zil-additional-service] [   scheduling-1] r.a.observability.ObservabilityService   : LAB9 Observability window=10s category=http.main.rents count=221 sumNanos=85133753062 avgNanos=385220602
zil-additional-service  | 2026-05-05T00:20:09.325Z  INFO 1 --- [zil-additional-service] [   scheduling-1] r.a.observability.ObservabilityService   : LAB9 Observability window=10s category=http.main.cars count=221 sumNanos=87434300582 avgNanos=395630319
zil-additional-service  | 2026-05-05T00:20:09.325Z  INFO 1 --- [zil-additional-service] [   scheduling-1] r.a.observability.ObservabilityService   : LAB9 Observability window=10s category=web.additional.availability_new count=14 sumNanos=11065310443 avgNanos=790379317
zil-additional-service  | 2026-05-05T00:20:09.325Z  INFO 1 --- [zil-additional-service] [   scheduling-1] r.a.observability.ObservabilityService   : LAB9 Observability window=10s category=additional.statsComputation.availability.allCitiesAllDates count=14 sumNanos=1517612 avgNanos=108400
zil-additional-service  | 2026-05-05T00:20:09.325Z  INFO 1 --- [zil-additional-service] [   scheduling-1] r.a.observability.ObservabilityService   : LAB9 Observability window=30s category=additional.statsComputation.stats count=1080 sumNanos=129783 avgNanos=120
zil-additional-service  | 2026-05-05T00:20:09.325Z  INFO 1 --- [zil-additional-service] [   scheduling-1] r.a.observability.ObservabilityService   : LAB9 Observability window=30s category=web.additional.stats count=1080 sumNanos=459192112309 avgNanos=425177881
zil-additional-service  | 2026-05-05T00:20:09.325Z  INFO 1 --- [zil-additional-service] [   scheduling-1] r.a.observability.ObservabilityService   : LAB9 Observability window=30s category=http.main.rents count=1135 sumNanos=243669287652 avgNanos=214686597
zil-additional-service  | 2026-05-05T00:20:09.325Z  INFO 1 --- [zil-additional-service] [   scheduling-1] r.a.observability.ObservabilityService   : LAB9 Observability window=30s category=http.main.cars count=1134 sumNanos=245683772604 avgNanos=216652356
zil-additional-service  | 2026-05-05T00:20:09.325Z  INFO 1 --- [zil-additional-service] [   scheduling-1] r.a.observability.ObservabilityService   : LAB9 Observability window=30s category=web.additional.availability_new count=55 sumNanos=25372946716 avgNanos=461326303
zil-additional-service  | 2026-05-05T00:20:09.325Z  INFO 1 --- [zil-additional-service] [   scheduling-1] r.a.observability.ObservabilityService   : LAB9 Observability window=30s category=additional.statsComputation.availability.allCitiesAllDates count=55 sumNanos=7077348 avgNanos=128679
zil-additional-service  | 2026-05-05T00:20:09.325Z  INFO 1 --- [zil-additional-service] [   scheduling-1] r.a.observability.ObservabilityService   : LAB9 Observability window=1m category=additional.statsComputation.stats count=2378 sumNanos=297038 avgNanos=124
zil-additional-service  | 2026-05-05T00:20:09.325Z  INFO 1 --- [zil-additional-service] [   scheduling-1] r.a.observability.ObservabilityService   : LAB9 Observability window=1m category=web.additional.stats count=2378 sumNanos=906601946558 avgNanos=381245562
zil-additional-service  | 2026-05-05T00:20:09.326Z  INFO 1 --- [zil-additional-service] [   scheduling-1] r.a.observability.ObservabilityService   : LAB9 Observability window=1m category=http.main.rents count=2510 sumNanos=479828209361 avgNanos=191166617
zil-additional-service  | 2026-05-05T00:20:09.326Z  INFO 1 --- [zil-additional-service] [   scheduling-1] r.a.observability.ObservabilityService   : LAB9 Observability window=1m category=http.main.cars count=2511 sumNanos=483822788309 avgNanos=192681317
zil-additional-service  | 2026-05-05T00:20:09.327Z  INFO 1 --- [zil-additional-service] [   scheduling-1] r.a.observability.ObservabilityService   : LAB9 Observability window=1m category=web.additional.availability_new count=132 sumNanos=52051017906 avgNanos=394325893
zil-additional-service  | 2026-05-05T00:20:09.327Z  INFO 1 --- [zil-additional-service] [   scheduling-1] r.a.observability.ObservabilityService   : LAB9 Observability window=1m category=additional.statsComputation.availability.allCitiesAllDates count=132 sumNanos=15661444 avgNanos=118647
zil-additional-service  | 2026-05-05T00:20:12.959Z  INFO 1 --- [zil-additional-service] [   scheduling-1] r.additional.service.ClientCacheService  : [client-cache-statistics] Client cache size=1000
zil-additional-service  | 2026-05-05T00:20:14.327Z  INFO 1 --- [zil-additional-service] [   scheduling-1] r.a.observability.ObservabilityService   : LAB9 Observability window=10s category=additional.statsComputation.stats count=149 sumNanos=16125 avgNanos=108
zil-additional-service  | 2026-05-05T00:20:14.328Z  INFO 1 --- [zil-additional-service] [   scheduling-1] r.a.observability.ObservabilityService   : LAB9 Observability window=10s category=web.additional.stats count=149 sumNanos=165465279970 avgNanos=1110505234
zil-additional-service  | 2026-05-05T00:20:14.328Z  INFO 1 --- [zil-additional-service] [   scheduling-1] r.a.observability.ObservabilityService   : LAB9 Observability window=10s category=http.main.rents count=160 sumNanos=87375733546 avgNanos=546098334
zil-additional-service  | 2026-05-05T00:20:14.328Z  INFO 1 --- [zil-additional-service] [   scheduling-1] r.a.observability.ObservabilityService   : LAB9 Observability window=10s category=http.main.cars count=161 sumNanos=92497389754 avgNanos=574517948
zil-additional-service  | 2026-05-05T00:20:14.328Z  INFO 1 --- [zil-additional-service] [   scheduling-1] r.a.observability.ObservabilityService   : LAB9 Observability window=10s category=web.additional.availability_new count=11 sumNanos=10733087673 avgNanos=975735243
zil-additional-service  | 2026-05-05T00:20:14.328Z  INFO 1 --- [zil-additional-service] [   scheduling-1] r.a.observability.ObservabilityService   : LAB9 Observability window=10s category=additional.statsComputation.availability.allCitiesAllDates count=11 sumNanos=1264929 avgNanos=114993
zil-additional-service  | 2026-05-05T00:20:14.328Z  INFO 1 --- [zil-additional-service] [   scheduling-1] r.a.observability.ObservabilityService   : LAB9 Observability window=30s category=additional.statsComputation.stats count=934 sumNanos=97827 avgNanos=104
zil-additional-service  | 2026-05-05T00:20:14.328Z  INFO 1 --- [zil-additional-service] [   scheduling-1] r.a.observability.ObservabilityService   : LAB9 Observability window=30s category=web.additional.stats count=934 sumNanos=472584252718 avgNanos=505978857
zil-additional-service  | 2026-05-05T00:20:14.328Z  INFO 1 --- [zil-additional-service] [   scheduling-1] r.a.observability.ObservabilityService   : LAB9 Observability window=30s category=http.main.rents count=980 sumNanos=249440476330 avgNanos=254531098
zil-additional-service  | 2026-05-05T00:20:14.328Z  INFO 1 --- [zil-additional-service] [   scheduling-1] r.a.observability.ObservabilityService   : LAB9 Observability window=30s category=http.main.cars count=982 sumNanos=253662108551 avgNanos=258311719
zil-additional-service  | 2026-05-05T00:20:14.328Z  INFO 1 --- [zil-additional-service] [   scheduling-1] r.a.observability.ObservabilityService   : LAB9 Observability window=30s category=web.additional.availability_new count=46 sumNanos=25683936988 avgNanos=558346456
zil-additional-service  | 2026-05-05T00:20:14.328Z  INFO 1 --- [zil-additional-service] [   scheduling-1] r.a.observability.ObservabilityService   : LAB9 Observability window=30s category=additional.statsComputation.availability.allCitiesAllDates count=46 sumNanos=5954010 avgNanos=129435
zil-additional-service  | 2026-05-05T00:20:14.328Z  INFO 1 --- [zil-additional-service] [   scheduling-1] r.a.observability.ObservabilityService   : LAB9 Observability window=1m category=additional.statsComputation.stats count=2231 sumNanos=222112 avgNanos=99
zil-additional-service  | 2026-05-05T00:20:14.328Z  INFO 1 --- [zil-additional-service] [   scheduling-1] r.a.observability.ObservabilityService   : LAB9 Observability window=1m category=web.additional.stats count=2231 sumNanos=920850821198 avgNanos=412752497
zil-additional-service  | 2026-05-05T00:20:14.328Z  INFO 1 --- [zil-additional-service] [   scheduling-1] r.a.observability.ObservabilityService   : LAB9 Observability window=1m category=http.main.rents count=2353 sumNanos=484925799678 avgNanos=206088312
zil-additional-service  | 2026-05-05T00:20:14.328Z  INFO 1 --- [zil-additional-service] [   scheduling-1] r.a.observability.ObservabilityService   : LAB9 Observability window=1m category=http.main.cars count=2356 sumNanos=492731604839 avgNanos=209139051
zil-additional-service  | 2026-05-05T00:20:14.328Z  INFO 1 --- [zil-additional-service] [   scheduling-1] r.a.observability.ObservabilityService   : LAB9 Observability window=1m category=web.additional.availability_new count=122 sumNanos=51618890622 avgNanos=423105660
zil-additional-service  | 2026-05-05T00:20:14.328Z  INFO 1 --- [zil-additional-service] [   scheduling-1] r.a.observability.ObservabilityService   : LAB9 Observability window=1m category=additional.statsComputation.availability.allCitiesAllDates count=122 sumNanos=14821078 avgNanos=121484
zil-additional-service  | 2026-05-05T00:20:19.329Z  INFO 1 --- [zil-additional-service] [   scheduling-1] r.a.observability.ObservabilityService   : LAB9 Observability window=10s category=additional.statsComputation.stats count=135 sumNanos=20611 avgNanos=152
zil-additional-service  | 2026-05-05T00:20:19.329Z  INFO 1 --- [zil-additional-service] [   scheduling-1] r.a.observability.ObservabilityService   : LAB9 Observability window=10s category=web.additional.stats count=135 sumNanos=172198613976 avgNanos=1275545288
zil-additional-service  | 2026-05-05T00:20:19.329Z  INFO 1 --- [zil-additional-service] [   scheduling-1] r.a.observability.ObservabilityService   : LAB9 Observability window=10s category=http.main.rents count=142 sumNanos=88721469482 avgNanos=624799080
zil-additional-service  | 2026-05-05T00:20:19.329Z  INFO 1 --- [zil-additional-service] [   scheduling-1] r.a.observability.ObservabilityService   : LAB9 Observability window=10s category=http.main.cars count=142 sumNanos=92020215576 avgNanos=648029687
zil-additional-service  | 2026-05-05T00:20:19.329Z  INFO 1 --- [zil-additional-service] [   scheduling-1] r.a.observability.ObservabilityService   : LAB9 Observability window=10s category=web.additional.availability_new count=7 sumNanos=8589067533 avgNanos=1227009647
zil-additional-service  | 2026-05-05T00:20:19.329Z  INFO 1 --- [zil-additional-service] [   scheduling-1] r.a.observability.ObservabilityService   : LAB9 Observability window=10s category=additional.statsComputation.availability.allCitiesAllDates count=7 sumNanos=799320 avgNanos=114188
zil-additional-service  | 2026-05-05T00:20:19.329Z  INFO 1 --- [zil-additional-service] [   scheduling-1] r.a.observability.ObservabilityService   : LAB9 Observability window=30s category=additional.statsComputation.stats count=778 sumNanos=91492 avgNanos=117
zil-additional-service  | 2026-05-05T00:20:19.329Z  INFO 1 --- [zil-additional-service] [   scheduling-1] r.a.observability.ObservabilityService   : LAB9 Observability window=30s category=web.additional.stats count=778 sumNanos=480111376634 avgNanos=617109738
zil-additional-service  | 2026-05-05T00:20:19.329Z  INFO 1 --- [zil-additional-service] [   scheduling-1] r.a.observability.ObservabilityService   : LAB9 Observability window=30s category=http.main.rents count=818 sumNanos=252846196666 avgNanos=309102929
zil-additional-service  | 2026-05-05T00:20:19.329Z  INFO 1 --- [zil-additional-service] [   scheduling-1] r.a.observability.ObservabilityService   : LAB9 Observability window=30s category=http.main.cars count=818 sumNanos=258624759595 avgNanos=316167187
zil-additional-service  | 2026-05-05T00:20:19.329Z  INFO 1 --- [zil-additional-service] [   scheduling-1] r.a.observability.ObservabilityService   : LAB9 Observability window=30s category=web.additional.availability_new count=40 sumNanos=26377955113 avgNanos=659448877
zil-additional-service  | 2026-05-05T00:20:19.329Z  INFO 1 --- [zil-additional-service] [   scheduling-1] r.a.observability.ObservabilityService   : LAB9 Observability window=30s category=additional.statsComputation.availability.allCitiesAllDates count=40 sumNanos=5176467 avgNanos=129411
zil-additional-service  | 2026-05-05T00:20:19.330Z  INFO 1 --- [zil-additional-service] [   scheduling-1] r.a.observability.ObservabilityService   : LAB9 Observability window=1m category=additional.statsComputation.stats count=2083 sumNanos=216293 avgNanos=103
zil-additional-service  | 2026-05-05T00:20:19.330Z  INFO 1 --- [zil-additional-service] [   scheduling-1] r.a.observability.ObservabilityService   : LAB9 Observability window=1m category=web.additional.stats count=2083 sumNanos=930316266045 avgNanos=446623267
zil-additional-service  | 2026-05-05T00:20:19.330Z  INFO 1 --- [zil-additional-service] [   scheduling-1] r.a.observability.ObservabilityService   : LAB9 Observability window=1m category=http.main.rents count=2199 sumNanos=489435851319 avgNanos=222572010
zil-additional-service  | 2026-05-05T00:20:19.330Z  INFO 1 --- [zil-additional-service] [   scheduling-1] r.a.observability.ObservabilityService   : LAB9 Observability window=1m category=http.main.cars count=2198 sumNanos=497561110950 avgNanos=226369932
zil-additional-service  | 2026-05-05T00:20:19.331Z  INFO 1 --- [zil-additional-service] [   scheduling-1] r.a.observability.ObservabilityService   : LAB9 Observability window=1m category=web.additional.availability_new count=116 sumNanos=52161286928 avgNanos=449666266
zil-additional-service  | 2026-05-05T00:20:19.331Z  INFO 1 --- [zil-additional-service] [   scheduling-1] r.a.observability.ObservabilityService   : LAB9 Observability window=1m category=additional.statsComputation.availability.allCitiesAllDates count=116 sumNanos=14192310 avgNanos=122347
zil-additional-service  | 2026-05-05T00:20:22.959Z  INFO 1 --- [zil-additional-service] [   scheduling-1] r.additional.service.ClientCacheService  : [client-cache-statistics] Client cache size=1000
zil-additional-service  | 2026-05-05T00:20:24.332Z  INFO 1 --- [zil-additional-service] [   scheduling-1] r.a.observability.ObservabilityService   : LAB9 Observability window=10s category=additional.statsComputation.stats count=129 sumNanos=20635 avgNanos=159
zil-additional-service  | 2026-05-05T00:20:24.332Z  INFO 1 --- [zil-additional-service] [   scheduling-1] r.a.observability.ObservabilityService   : LAB9 Observability window=10s category=web.additional.stats count=129 sumNanos=172939940509 avgNanos=1340619693
zil-additional-service  | 2026-05-05T00:20:24.332Z  INFO 1 --- [zil-additional-service] [   scheduling-1] r.a.observability.ObservabilityService   : LAB9 Observability window=10s category=http.main.rents count=135 sumNanos=89683091074 avgNanos=664319193
zil-additional-service  | 2026-05-05T00:20:24.332Z  INFO 1 --- [zil-additional-service] [   scheduling-1] r.a.observability.ObservabilityService   : LAB9 Observability window=10s category=http.main.cars count=138 sumNanos=93258618451 avgNanos=675787090
zil-additional-service  | 2026-05-05T00:20:24.332Z  INFO 1 --- [zil-additional-service] [   scheduling-1] r.a.observability.ObservabilityService   : LAB9 Observability window=10s category=web.additional.availability_new count=6 sumNanos=8354815583 avgNanos=1392469263
zil-additional-service  | 2026-05-05T00:20:24.332Z  INFO 1 --- [zil-additional-service] [   scheduling-1] r.a.observability.ObservabilityService   : LAB9 Observability window=10s category=additional.statsComputation.availability.allCitiesAllDates count=6 sumNanos=588052 avgNanos=98008
zil-additional-service  | 2026-05-05T00:20:24.332Z  INFO 1 --- [zil-additional-service] [   scheduling-1] r.a.observability.ObservabilityService   : LAB9 Observability window=30s category=additional.statsComputation.stats count=621 sumNanos=71980 avgNanos=115
zil-additional-service  | 2026-05-05T00:20:24.332Z  INFO 1 --- [zil-additional-service] [   scheduling-1] r.a.observability.ObservabilityService   : LAB9 Observability window=30s category=web.additional.stats count=621 sumNanos=493333410881 avgNanos=794417730
zil-additional-service  | 2026-05-05T00:20:24.332Z  INFO 1 --- [zil-additional-service] [   scheduling-1] r.a.observability.ObservabilityService   : LAB9 Observability window=30s category=http.main.rents count=652 sumNanos=258841251152 avgNanos=396995783
zil-additional-service  | 2026-05-05T00:20:24.332Z  INFO 1 --- [zil-additional-service] [   scheduling-1] r.a.observability.ObservabilityService   : LAB9 Observability window=30s category=http.main.cars count=656 sumNanos=267968124736 avgNanos=408487995
zil-additional-service  | 2026-05-05T00:20:24.332Z  INFO 1 --- [zil-additional-service] [   scheduling-1] r.a.observability.ObservabilityService   : LAB9 Observability window=30s category=web.additional.availability_new count=31 sumNanos=26732138659 avgNanos=862327053
zil-additional-service  | 2026-05-05T00:20:24.332Z  INFO 1 --- [zil-additional-service] [   scheduling-1] r.a.observability.ObservabilityService   : LAB9 Observability window=30s category=additional.statsComputation.availability.allCitiesAllDates count=31 sumNanos=3588637 avgNanos=115762
zil-additional-service  | 2026-05-05T00:20:24.332Z  INFO 1 --- [zil-additional-service] [   scheduling-1] r.a.observability.ObservabilityService   : LAB9 Observability window=1m category=additional.statsComputation.stats count=1926 sumNanos=206854 avgNanos=107
zil-additional-service  | 2026-05-05T00:20:24.332Z  INFO 1 --- [zil-additional-service] [   scheduling-1] r.a.observability.ObservabilityService   : LAB9 Observability window=1m category=web.additional.stats count=1926 sumNanos=943862375471 avgNanos=490063538
zil-additional-service  | 2026-05-05T00:20:24.332Z  INFO 1 --- [zil-additional-service] [   scheduling-1] r.a.observability.ObservabilityService   : LAB9 Observability window=1m category=http.main.rents count=2031 sumNanos=495996508495 avgNanos=244212953
zil-additional-service  | 2026-05-05T00:20:24.332Z  INFO 1 --- [zil-additional-service] [   scheduling-1] r.a.observability.ObservabilityService   : LAB9 Observability window=1m category=http.main.cars count=2034 sumNanos=506289765322 avgNanos=248913355
zil-additional-service  | 2026-05-05T00:20:24.332Z  INFO 1 --- [zil-additional-service] [   scheduling-1] r.a.observability.ObservabilityService   : LAB9 Observability window=1m category=web.additional.availability_new count=105 sumNanos=52093512068 avgNanos=496128686
zil-additional-service  | 2026-05-05T00:20:24.333Z  INFO 1 --- [zil-additional-service] [   scheduling-1] r.a.observability.ObservabilityService   : LAB9 Observability window=1m category=additional.statsComputation.availability.allCitiesAllDates count=105 sumNanos=12632313 avgNanos=120307
zil-additional-service  | 2026-05-05T00:20:29.333Z  INFO 1 --- [zil-additional-service] [   scheduling-1] r.a.observability.ObservabilityService   : LAB9 Observability window=10s category=additional.statsComputation.stats count=141 sumNanos=16735 avgNanos=118
zil-additional-service  | 2026-05-05T00:20:29.333Z  INFO 1 --- [zil-additional-service] [   scheduling-1] r.a.observability.ObservabilityService   : LAB9 Observability window=10s category=web.additional.stats count=141 sumNanos=182850999122 avgNanos=1296815596
zil-additional-service  | 2026-05-05T00:20:29.333Z  INFO 1 --- [zil-additional-service] [   scheduling-1] r.a.observability.ObservabilityService   : LAB9 Observability window=10s category=http.main.rents count=146 sumNanos=94181818511 avgNanos=645080948
zil-additional-service  | 2026-05-05T00:20:29.333Z  INFO 1 --- [zil-additional-service] [   scheduling-1] r.a.observability.ObservabilityService   : LAB9 Observability window=10s category=http.main.cars count=144 sumNanos=92441047678 avgNanos=641951719
zil-additional-service  | 2026-05-05T00:20:29.333Z  INFO 1 --- [zil-additional-service] [   scheduling-1] r.a.observability.ObservabilityService   : LAB9 Observability window=10s category=web.additional.availability_new count=5 sumNanos=6909989055 avgNanos=1381997811
zil-additional-service  | 2026-05-05T00:20:29.333Z  INFO 1 --- [zil-additional-service] [   scheduling-1] r.a.observability.ObservabilityService   : LAB9 Observability window=10s category=additional.statsComputation.availability.allCitiesAllDates count=5 sumNanos=418989 avgNanos=83797
zil-additional-service  | 2026-05-05T00:20:29.333Z  INFO 1 --- [zil-additional-service] [   scheduling-1] r.a.observability.ObservabilityService   : LAB9 Observability window=30s category=additional.statsComputation.stats count=483 sumNanos=58128 avgNanos=120
zil-additional-service  | 2026-05-05T00:20:29.333Z  INFO 1 --- [zil-additional-service] [   scheduling-1] r.a.observability.ObservabilityService   : LAB9 Observability window=30s category=web.additional.stats count=483 sumNanos=512060896365 avgNanos=1060167487
zil-additional-service  | 2026-05-05T00:20:29.333Z  INFO 1 --- [zil-additional-service] [   scheduling-1] r.a.observability.ObservabilityService   : LAB9 Observability window=30s category=http.main.rents count=509 sumNanos=268037041055 avgNanos=526595365
zil-additional-service  | 2026-05-05T00:20:29.333Z  INFO 1 --- [zil-additional-service] [   scheduling-1] r.a.observability.ObservabilityService   : LAB9 Observability window=30s category=http.main.cars count=505 sumNanos=271417941309 avgNanos=537461269
zil-additional-service  | 2026-05-05T00:20:29.333Z  INFO 1 --- [zil-additional-service] [   scheduling-1] r.a.observability.ObservabilityService   : LAB9 Observability window=30s category=web.additional.availability_new count=26 sumNanos=26564367031 avgNanos=1021706424
zil-additional-service  | 2026-05-05T00:20:29.333Z  INFO 1 --- [zil-additional-service] [   scheduling-1] r.a.observability.ObservabilityService   : LAB9 Observability window=30s category=additional.statsComputation.availability.allCitiesAllDates count=26 sumNanos=2735921 avgNanos=105227
zil-additional-service  | 2026-05-05T00:20:29.334Z  INFO 1 --- [zil-additional-service] [   scheduling-1] r.a.observability.ObservabilityService   : LAB9 Observability window=1m category=additional.statsComputation.stats count=1787 sumNanos=199203 avgNanos=111
zil-additional-service  | 2026-05-05T00:20:29.334Z  INFO 1 --- [zil-additional-service] [   scheduling-1] r.a.observability.ObservabilityService   : LAB9 Observability window=1m category=web.additional.stats count=1787 sumNanos=962798442514 avgNanos=538779206
zil-additional-service  | 2026-05-05T00:20:29.334Z  INFO 1 --- [zil-additional-service] [   scheduling-1] r.a.observability.ObservabilityService   : LAB9 Observability window=1m category=http.main.rents count=1882 sumNanos=504722567085 avgNanos=268184148
zil-additional-service  | 2026-05-05T00:20:29.334Z  INFO 1 --- [zil-additional-service] [   scheduling-1] r.a.observability.ObservabilityService   : LAB9 Observability window=1m category=http.main.cars count=1881 sumNanos=510117541561 avgNanos=271194865
zil-additional-service  | 2026-05-05T00:20:29.334Z  INFO 1 --- [zil-additional-service] [   scheduling-1] r.a.observability.ObservabilityService   : LAB9 Observability window=1m category=web.additional.availability_new count=95 sumNanos=50594488134 avgNanos=532573559
zil-additional-service  | 2026-05-05T00:20:29.334Z  INFO 1 --- [zil-additional-service] [   scheduling-1] r.a.observability.ObservabilityService   : LAB9 Observability window=1m category=additional.statsComputation.availability.allCitiesAllDates count=95 sumNanos=11163860 avgNanos=117514
zil-additional-service  | 2026-05-05T00:20:32.959Z  INFO 1 --- [zil-additional-service] [   scheduling-1] r.additional.service.ClientCacheService  : [client-cache-statistics] Client cache size=1000
zil-additional-service  | 2026-05-05T00:20:34.334Z  INFO 1 --- [zil-additional-service] [   scheduling-1] r.a.observability.ObservabilityService   : LAB9 Observability window=10s category=additional.statsComputation.stats count=148 sumNanos=17295 avgNanos=116
zil-additional-service  | 2026-05-05T00:20:34.334Z  INFO 1 --- [zil-additional-service] [   scheduling-1] r.a.observability.ObservabilityService   : LAB9 Observability window=10s category=web.additional.stats count=148 sumNanos=179559125074 avgNanos=1213237331
zil-additional-service  | 2026-05-05T00:20:34.335Z  INFO 1 --- [zil-additional-service] [   scheduling-1] r.a.observability.ObservabilityService   : LAB9 Observability window=10s category=http.main.rents count=154 sumNanos=92182586547 avgNanos=598588224
zil-additional-service  | 2026-05-05T00:20:34.335Z  INFO 1 --- [zil-additional-service] [   scheduling-1] r.a.observability.ObservabilityService   : LAB9 Observability window=10s category=http.main.cars count=152 sumNanos=91169243362 avgNanos=599797653
zil-additional-service  | 2026-05-05T00:20:34.335Z  INFO 1 --- [zil-additional-service] [   scheduling-1] r.a.observability.ObservabilityService   : LAB9 Observability window=10s category=web.additional.availability_new count=6 sumNanos=6602928306 avgNanos=1100488051
zil-additional-service  | 2026-05-05T00:20:34.335Z  INFO 1 --- [zil-additional-service] [   scheduling-1] r.a.observability.ObservabilityService   : LAB9 Observability window=10s category=additional.statsComputation.availability.allCitiesAllDates count=6 sumNanos=847316 avgNanos=141219
zil-additional-service  | 2026-05-05T00:20:34.335Z  INFO 1 --- [zil-additional-service] [   scheduling-1] r.a.observability.ObservabilityService   : LAB9 Observability window=30s category=additional.statsComputation.stats count=426 sumNanos=54055 avgNanos=126
zil-additional-service  | 2026-05-05T00:20:34.335Z  INFO 1 --- [zil-additional-service] [   scheduling-1] r.a.observability.ObservabilityService   : LAB9 Observability window=30s category=web.additional.stats count=426 sumNanos=517964345553 avgNanos=1215878745
zil-additional-service  | 2026-05-05T00:20:34.335Z  INFO 1 --- [zil-additional-service] [   scheduling-1] r.a.observability.ObservabilityService   : LAB9 Observability window=30s category=http.main.rents count=449 sumNanos=269241411167 avgNanos=599646795
zil-additional-service  | 2026-05-05T00:20:34.335Z  INFO 1 --- [zil-additional-service] [   scheduling-1] r.a.observability.ObservabilityService   : LAB9 Observability window=30s category=http.main.cars count=450 sumNanos=276535514850 avgNanos=614523366
zil-additional-service  | 2026-05-05T00:20:34.335Z  INFO 1 --- [zil-additional-service] [   scheduling-1] r.a.observability.ObservabilityService   : LAB9 Observability window=30s category=web.additional.availability_new count=23 sumNanos=25690831562 avgNanos=1116992676
zil-additional-service  | 2026-05-05T00:20:34.335Z  INFO 1 --- [zil-additional-service] [   scheduling-1] r.a.observability.ObservabilityService   : LAB9 Observability window=30s category=additional.statsComputation.availability.allCitiesAllDates count=23 sumNanos=2700297 avgNanos=117404
zil-additional-service  | 2026-05-05T00:20:34.335Z  INFO 1 --- [zil-additional-service] [   scheduling-1] r.a.observability.ObservabilityService   : LAB9 Observability window=1m category=additional.statsComputation.stats count=1650 sumNanos=191415 avgNanos=116
zil-additional-service  | 2026-05-05T00:20:34.335Z  INFO 1 --- [zil-additional-service] [   scheduling-1] r.a.observability.ObservabilityService   : LAB9 Observability window=1m category=web.additional.stats count=1650 sumNanos=974795137229 avgNanos=590784931
zil-additional-service  | 2026-05-05T00:20:34.335Z  INFO 1 --- [zil-additional-service] [   scheduling-1] r.a.observability.ObservabilityService   : LAB9 Observability window=1m category=http.main.rents count=1732 sumNanos=510422841563 avgNanos=294701409
zil-additional-service  | 2026-05-05T00:20:34.335Z  INFO 1 --- [zil-additional-service] [   scheduling-1] r.a.observability.ObservabilityService   : LAB9 Observability window=1m category=http.main.cars count=1731 sumNanos=516634051203 avgNanos=298459879
zil-additional-service  | 2026-05-05T00:20:34.335Z  INFO 1 --- [zil-additional-service] [   scheduling-1] r.a.observability.ObservabilityService   : LAB9 Observability window=1m category=web.additional.availability_new count=82 sumNanos=48859684346 avgNanos=595849809
zil-additional-service  | 2026-05-05T00:20:34.335Z  INFO 1 --- [zil-additional-service] [   scheduling-1] r.a.observability.ObservabilityService   : LAB9 Observability window=1m category=additional.statsComputation.availability.allCitiesAllDates count=82 sumNanos=10259736 avgNanos=125118
zil-additional-service  | 2026-05-05T00:20:39.336Z  INFO 1 --- [zil-additional-service] [   scheduling-1] r.a.observability.ObservabilityService   : LAB9 Observability window=10s category=additional.statsComputation.stats count=142 sumNanos=15129 avgNanos=106
zil-additional-service  | 2026-05-05T00:20:39.336Z  INFO 1 --- [zil-additional-service] [   scheduling-1] r.a.observability.ObservabilityService   : LAB9 Observability window=10s category=web.additional.stats count=142 sumNanos=165314713147 avgNanos=1164188120
zil-additional-service  | 2026-05-05T00:20:39.336Z  INFO 1 --- [zil-additional-service] [   scheduling-1] r.a.observability.ObservabilityService   : LAB9 Observability window=10s category=http.main.rents count=151 sumNanos=86140019452 avgNanos=570463704
zil-additional-service  | 2026-05-05T00:20:39.336Z  INFO 1 --- [zil-additional-service] [   scheduling-1] r.a.observability.ObservabilityService   : LAB9 Observability window=10s category=http.main.cars count=156 sumNanos=93912798472 avgNanos=602005118
zil-additional-service  | 2026-05-05T00:20:39.336Z  INFO 1 --- [zil-additional-service] [   scheduling-1] r.a.observability.ObservabilityService   : LAB9 Observability window=10s category=web.additional.availability_new count=9 sumNanos=10042231029 avgNanos=1115803447
zil-additional-service  | 2026-05-05T00:20:39.336Z  INFO 1 --- [zil-additional-service] [   scheduling-1] r.a.observability.ObservabilityService   : LAB9 Observability window=10s category=additional.statsComputation.availability.allCitiesAllDates count=9 sumNanos=1336301 avgNanos=148477
zil-additional-service  | 2026-05-05T00:20:39.337Z  INFO 1 --- [zil-additional-service] [   scheduling-1] r.a.observability.ObservabilityService   : LAB9 Observability window=30s category=additional.statsComputation.stats count=418 sumNanos=52475 avgNanos=125
zil-additional-service  | 2026-05-05T00:20:39.337Z  INFO 1 --- [zil-additional-service] [   scheduling-1] r.a.observability.ObservabilityService   : LAB9 Observability window=30s category=web.additional.stats count=418 sumNanos=520364326245 avgNanos=1244890732
zil-additional-service  | 2026-05-05T00:20:39.337Z  INFO 1 --- [zil-additional-service] [   scheduling-1] r.a.observability.ObservabilityService   : LAB9 Observability window=30s category=http.main.rents count=439 sumNanos=269043307445 avgNanos=612854914
zil-additional-service  | 2026-05-05T00:20:39.337Z  INFO 1 --- [zil-additional-service] [   scheduling-1] r.a.observability.ObservabilityService   : LAB9 Observability window=30s category=http.main.cars count=442 sumNanos=278374061726 avgNanos=629805569
zil-additional-service  | 2026-05-05T00:20:39.337Z  INFO 1 --- [zil-additional-service] [   scheduling-1] r.a.observability.ObservabilityService   : LAB9 Observability window=30s category=web.additional.availability_new count=21 sumNanos=25541287617 avgNanos=1216251791
zil-additional-service  | 2026-05-05T00:20:39.337Z  INFO 1 --- [zil-additional-service] [   scheduling-1] r.a.observability.ObservabilityService   : LAB9 Observability window=30s category=additional.statsComputation.availability.allCitiesAllDates count=21 sumNanos=2554610 avgNanos=121648
zil-additional-service  | 2026-05-05T00:20:39.338Z  INFO 1 --- [zil-additional-service] [   scheduling-1] r.a.observability.ObservabilityService   : LAB9 Observability window=1m category=additional.statsComputation.stats count=1497 sumNanos=182197 avgNanos=121
zil-additional-service  | 2026-05-05T00:20:39.338Z  INFO 1 --- [zil-additional-service] [   scheduling-1] r.a.observability.ObservabilityService   : LAB9 Observability window=1m category=web.additional.stats count=1497 sumNanos=979206104141 avgNanos=654112294
zil-additional-service  | 2026-05-05T00:20:39.338Z  INFO 1 --- [zil-additional-service] [   scheduling-1] r.a.observability.ObservabilityService   : LAB9 Observability window=1m category=http.main.rents count=1573 sumNanos=512546894456 avgNanos=325840365
zil-additional-service  | 2026-05-05T00:20:39.338Z  INFO 1 --- [zil-additional-service] [   scheduling-1] r.a.observability.ObservabilityService   : LAB9 Observability window=1m category=http.main.cars count=1575 sumNanos=523896042532 avgNanos=332632407
zil-additional-service  | 2026-05-05T00:20:39.338Z  INFO 1 --- [zil-additional-service] [   scheduling-1] r.a.observability.ObservabilityService   : LAB9 Observability window=1m category=web.additional.availability_new count=76 sumNanos=50914234333 avgNanos=669924135
zil-additional-service  | 2026-05-05T00:20:39.338Z  INFO 1 --- [zil-additional-service] [   scheduling-1] r.a.observability.ObservabilityService   : LAB9 Observability window=1m category=additional.statsComputation.availability.allCitiesAllDates count=76 sumNanos=9631958 avgNanos=126736
zil-additional-service  | 2026-05-05T00:20:42.959Z  INFO 1 --- [zil-additional-service] [   scheduling-1] r.additional.service.ClientCacheService  : [client-cache-statistics] Client cache size=1000
zil-additional-service  | 2026-05-05T00:20:44.339Z  INFO 1 --- [zil-additional-service] [   scheduling-1] r.a.observability.ObservabilityService   : LAB9 Observability window=10s category=additional.statsComputation.stats count=135 sumNanos=14600 avgNanos=108
zil-additional-service  | 2026-05-05T00:20:44.339Z  INFO 1 --- [zil-additional-service] [   scheduling-1] r.a.observability.ObservabilityService   : LAB9 Observability window=10s category=web.additional.stats count=135 sumNanos=169814742215 avgNanos=1257886979
zil-additional-service  | 2026-05-05T00:20:44.339Z  INFO 1 --- [zil-additional-service] [   scheduling-1] r.a.observability.ObservabilityService   : LAB9 Observability window=10s category=http.main.rents count=143 sumNanos=88807023139 avgNanos=621028133
zil-additional-service  | 2026-05-05T00:20:44.339Z  INFO 1 --- [zil-additional-service] [   scheduling-1] r.a.observability.ObservabilityService   : LAB9 Observability window=10s category=http.main.cars count=143 sumNanos=92729646860 avgNanos=648459068
zil-additional-service  | 2026-05-05T00:20:44.339Z  INFO 1 --- [zil-additional-service] [   scheduling-1] r.a.observability.ObservabilityService   : LAB9 Observability window=10s category=web.additional.availability_new count=8 sumNanos=10662407073 avgNanos=1332800884
zil-additional-service  | 2026-05-05T00:20:44.340Z  INFO 1 --- [zil-additional-service] [   scheduling-1] r.a.observability.ObservabilityService   : LAB9 Observability window=10s category=additional.statsComputation.availability.allCitiesAllDates count=8 sumNanos=962531 avgNanos=120316
zil-additional-service  | 2026-05-05T00:20:44.340Z  INFO 1 --- [zil-additional-service] [   scheduling-1] r.a.observability.ObservabilityService   : LAB9 Observability window=30s category=additional.statsComputation.stats count=412 sumNanos=52530 avgNanos=127
zil-additional-service  | 2026-05-05T00:20:44.340Z  INFO 1 --- [zil-additional-service] [   scheduling-1] r.a.observability.ObservabilityService   : LAB9 Observability window=30s category=web.additional.stats count=412 sumNanos=522313807798 avgNanos=1267751960
zil-additional-service  | 2026-05-05T00:20:44.340Z  INFO 1 --- [zil-additional-service] [   scheduling-1] r.a.observability.ObservabilityService   : LAB9 Observability window=30s category=http.main.rents count=432 sumNanos=270672700760 avgNanos=626557177
zil-additional-service  | 2026-05-05T00:20:44.340Z  INFO 1 --- [zil-additional-service] [   scheduling-1] r.a.observability.ObservabilityService   : LAB9 Observability window=30s category=http.main.cars count=433 sumNanos=277157508673 avgNanos=640086625
zil-additional-service  | 2026-05-05T00:20:44.340Z  INFO 1 --- [zil-additional-service] [   scheduling-1] r.a.observability.ObservabilityService   : LAB9 Observability window=30s category=web.additional.availability_new count=20 sumNanos=25620150962 avgNanos=1281007548
zil-additional-service  | 2026-05-05T00:20:44.340Z  INFO 1 --- [zil-additional-service] [   scheduling-1] r.a.observability.ObservabilityService   : LAB9 Observability window=30s category=additional.statsComputation.availability.allCitiesAllDates count=20 sumNanos=2397899 avgNanos=119894
zil-additional-service  | 2026-05-05T00:20:44.340Z  INFO 1 --- [zil-additional-service] [   scheduling-1] r.a.observability.ObservabilityService   : LAB9 Observability window=1m category=additional.statsComputation.stats count=1346 sumNanos=150357 avgNanos=111
zil-additional-service  | 2026-05-05T00:20:44.340Z  INFO 1 --- [zil-additional-service] [   scheduling-1] r.a.observability.ObservabilityService   : LAB9 Observability window=1m category=web.additional.stats count=1346 sumNanos=994898060516 avgNanos=739151605
zil-additional-service  | 2026-05-05T00:20:44.340Z  INFO 1 --- [zil-additional-service] [   scheduling-1] r.a.observability.ObservabilityService   : LAB9 Observability window=1m category=http.main.rents count=1412 sumNanos=520113177090 avgNanos=368352108
zil-additional-service  | 2026-05-05T00:20:44.340Z  INFO 1 --- [zil-additional-service] [   scheduling-1] r.a.observability.ObservabilityService   : LAB9 Observability window=1m category=http.main.cars count=1413 sumNanos=530210796003 avgNanos=375237647
zil-additional-service  | 2026-05-05T00:20:44.340Z  INFO 1 --- [zil-additional-service] [   scheduling-1] r.a.observability.ObservabilityService   : LAB9 Observability window=1m category=web.additional.availability_new count=66 sumNanos=51304087950 avgNanos=777334665
zil-additional-service  | 2026-05-05T00:20:44.340Z  INFO 1 --- [zil-additional-service] [   scheduling-1] r.a.observability.ObservabilityService   : LAB9 Observability window=1m category=additional.statsComputation.availability.allCitiesAllDates count=66 sumNanos=8351909 avgNanos=126544
zil-additional-service  | 2026-05-05T00:20:49.342Z  INFO 1 --- [zil-additional-service] [   scheduling-1] r.a.observability.ObservabilityService   : LAB9 Observability window=10s category=additional.statsComputation.stats count=155 sumNanos=16436 avgNanos=106
zil-additional-service  | 2026-05-05T00:20:49.342Z  INFO 1 --- [zil-additional-service] [   scheduling-1] r.a.observability.ObservabilityService   : LAB9 Observability window=10s category=web.additional.stats count=155 sumNanos=183159110134 avgNanos=1181671678
zil-additional-service  | 2026-05-05T00:20:49.342Z  INFO 1 --- [zil-additional-service] [   scheduling-1] r.a.observability.ObservabilityService   : LAB9 Observability window=10s category=http.main.rents count=164 sumNanos=94620561461 avgNanos=576954643
zil-additional-service  | 2026-05-05T00:20:49.342Z  INFO 1 --- [zil-additional-service] [   scheduling-1] r.a.observability.ObservabilityService   : LAB9 Observability window=10s category=http.main.cars count=159 sumNanos=93883203935 avgNanos=590460402
zil-additional-service  | 2026-05-05T00:20:49.342Z  INFO 1 --- [zil-additional-service] [   scheduling-1] r.a.observability.ObservabilityService   : LAB9 Observability window=10s category=web.additional.availability_new count=9 sumNanos=12286167029 avgNanos=1365129669
zil-additional-service  | 2026-05-05T00:20:49.342Z  INFO 1 --- [zil-additional-service] [   scheduling-1] r.a.observability.ObservabilityService   : LAB9 Observability window=10s category=additional.statsComputation.availability.allCitiesAllDates count=9 sumNanos=874811 avgNanos=97201
zil-additional-service  | 2026-05-05T00:20:49.343Z  INFO 1 --- [zil-additional-service] [   scheduling-1] r.a.observability.ObservabilityService   : LAB9 Observability window=30s category=additional.statsComputation.stats count=438 sumNanos=48300 avgNanos=110
zil-additional-service  | 2026-05-05T00:20:49.343Z  INFO 1 --- [zil-additional-service] [   scheduling-1] r.a.observability.ObservabilityService   : LAB9 Observability window=30s category=web.additional.stats count=438 sumNanos=531324822403 avgNanos=1213070370
zil-additional-service  | 2026-05-05T00:20:49.343Z  INFO 1 --- [zil-additional-service] [   scheduling-1] r.a.observability.ObservabilityService   : LAB9 Observability window=30s category=http.main.rents count=461 sumNanos=274942399424 avgNanos=596404337
zil-additional-service  | 2026-05-05T00:20:49.343Z  INFO 1 --- [zil-additional-service] [   scheduling-1] r.a.observability.ObservabilityService   : LAB9 Observability window=30s category=http.main.cars count=459 sumNanos=280225417729 avgNanos=610512892
zil-additional-service  | 2026-05-05T00:20:49.343Z  INFO 1 --- [zil-additional-service] [   scheduling-1] r.a.observability.ObservabilityService   : LAB9 Observability window=30s category=web.additional.availability_new count=23 sumNanos=29238387113 avgNanos=1271234222
zil-additional-service  | 2026-05-05T00:20:49.343Z  INFO 1 --- [zil-additional-service] [   scheduling-1] r.a.observability.ObservabilityService   : LAB9 Observability window=30s category=additional.statsComputation.availability.allCitiesAllDates count=23 sumNanos=2630101 avgNanos=114352
zil-additional-service  | 2026-05-05T00:20:49.343Z  INFO 1 --- [zil-additional-service] [   scheduling-1] r.a.observability.ObservabilityService   : LAB9 Observability window=1m category=additional.statsComputation.stats count=1215 sumNanos=139627 avgNanos=114
zil-additional-service  | 2026-05-05T00:20:49.343Z  INFO 1 --- [zil-additional-service] [   scheduling-1] r.a.observability.ObservabilityService   : LAB9 Observability window=1m category=web.additional.stats count=1215 sumNanos=1011101846754 avgNanos=832182589
zil-additional-service  | 2026-05-05T00:20:49.343Z  INFO 1 --- [zil-additional-service] [   scheduling-1] r.a.observability.ObservabilityService   : LAB9 Observability window=1m category=http.main.rents count=1278 sumNanos=527629467883 avgNanos=412855608
zil-additional-service  | 2026-05-05T00:20:49.343Z  INFO 1 --- [zil-additional-service] [   scheduling-1] r.a.observability.ObservabilityService   : LAB9 Observability window=1m category=http.main.cars count=1278 sumNanos=539381479382 avgNanos=422051235
zil-additional-service  | 2026-05-05T00:20:49.343Z  INFO 1 --- [zil-additional-service] [   scheduling-1] r.a.observability.ObservabilityService   : LAB9 Observability window=1m category=web.additional.availability_new count=63 sumNanos=55616342226 avgNanos=882799082
zil-additional-service  | 2026-05-05T00:20:49.343Z  INFO 1 --- [zil-additional-service] [   scheduling-1] r.a.observability.ObservabilityService   : LAB9 Observability window=1m category=additional.statsComputation.availability.allCitiesAllDates count=63 sumNanos=7806568 avgNanos=123913
zil-additional-service  | 2026-05-05T00:20:52.959Z  INFO 1 --- [zil-additional-service] [   scheduling-1] r.additional.service.ClientCacheService  : [client-cache-statistics] Client cache size=1000
zil-additional-service  | 2026-05-05T00:20:54.344Z  INFO 1 --- [zil-additional-service] [   scheduling-1] r.a.observability.ObservabilityService   : LAB9 Observability window=10s category=additional.statsComputation.stats count=324 sumNanos=31924 avgNanos=98
zil-additional-service  | 2026-05-05T00:20:54.344Z  INFO 1 --- [zil-additional-service] [   scheduling-1] r.a.observability.ObservabilityService   : LAB9 Observability window=10s category=web.additional.stats count=324 sumNanos=169034957339 avgNanos=521712831
zil-additional-service  | 2026-05-05T00:20:54.344Z  INFO 1 --- [zil-additional-service] [   scheduling-1] r.a.observability.ObservabilityService   : LAB9 Observability window=10s category=http.main.rents count=340 sumNanos=86956072743 avgNanos=255753155
zil-additional-service  | 2026-05-05T00:20:54.344Z  INFO 1 --- [zil-additional-service] [   scheduling-1] r.a.observability.ObservabilityService   : LAB9 Observability window=10s category=http.main.cars count=338 sumNanos=87945187220 avgNanos=260192861
zil-additional-service  | 2026-05-05T00:20:54.344Z  INFO 1 --- [zil-additional-service] [   scheduling-1] r.a.observability.ObservabilityService   : LAB9 Observability window=10s category=web.additional.availability_new count=16 sumNanos=10697071019 avgNanos=668566938
zil-additional-service  | 2026-05-05T00:20:54.344Z  INFO 1 --- [zil-additional-service] [   scheduling-1] r.a.observability.ObservabilityService   : LAB9 Observability window=10s category=additional.statsComputation.availability.allCitiesAllDates count=16 sumNanos=1680881 avgNanos=105055
zil-additional-service  | 2026-05-05T00:20:54.344Z  INFO 1 --- [zil-additional-service] [   scheduling-1] r.a.observability.ObservabilityService   : LAB9 Observability window=30s category=additional.statsComputation.stats count=607 sumNanos=63819 avgNanos=105
zil-additional-service  | 2026-05-05T00:20:54.344Z  INFO 1 --- [zil-additional-service] [   scheduling-1] r.a.observability.ObservabilityService   : LAB9 Observability window=30s category=web.additional.stats count=607 sumNanos=518408824628 avgNanos=854050781
zil-additional-service  | 2026-05-05T00:20:54.344Z  INFO 1 --- [zil-additional-service] [   scheduling-1] r.a.observability.ObservabilityService   : LAB9 Observability window=30s category=http.main.rents count=637 sumNanos=267945682429 avgNanos=420636864
zil-additional-service  | 2026-05-05T00:20:54.344Z  INFO 1 --- [zil-additional-service] [   scheduling-1] r.a.observability.ObservabilityService   : LAB9 Observability window=30s category=http.main.cars count=633 sumNanos=271844077442 avgNanos=429453518
zil-additional-service  | 2026-05-05T00:20:54.344Z  INFO 1 --- [zil-additional-service] [   scheduling-1] r.a.observability.ObservabilityService   : LAB9 Observability window=30s category=web.additional.availability_new count=30 sumNanos=27962406398 avgNanos=932080213
zil-additional-service  | 2026-05-05T00:20:54.344Z  INFO 1 --- [zil-additional-service] [   scheduling-1] r.a.observability.ObservabilityService   : LAB9 Observability window=30s category=additional.statsComputation.availability.allCitiesAllDates count=30 sumNanos=3490728 avgNanos=116357
zil-additional-service  | 2026-05-05T00:20:54.344Z  INFO 1 --- [zil-additional-service] [   scheduling-1] r.a.observability.ObservabilityService   : LAB9 Observability window=1m category=additional.statsComputation.stats count=1228 sumNanos=135799 avgNanos=110
zil-additional-service  | 2026-05-05T00:20:54.344Z  INFO 1 --- [zil-additional-service] [   scheduling-1] r.a.observability.ObservabilityService   : LAB9 Observability window=1m category=web.additional.stats count=1228 sumNanos=1011742235509 avgNanos=823894328
zil-additional-service  | 2026-05-05T00:20:54.344Z  INFO 1 --- [zil-additional-service] [   scheduling-1] r.a.observability.ObservabilityService   : LAB9 Observability window=1m category=http.main.rents count=1289 sumNanos=526786933581 avgNanos=408678769
zil-additional-service  | 2026-05-05T00:20:54.344Z  INFO 1 --- [zil-additional-service] [   scheduling-1] r.a.observability.ObservabilityService   : LAB9 Observability window=1m category=http.main.cars count=1289 sumNanos=539812202178 avgNanos=418783709
zil-additional-service  | 2026-05-05T00:20:54.344Z  INFO 1 --- [zil-additional-service] [   scheduling-1] r.a.observability.ObservabilityService   : LAB9 Observability window=1m category=web.additional.availability_new count=61 sumNanos=54694545057 avgNanos=896631886
zil-additional-service  | 2026-05-05T00:20:54.344Z  INFO 1 --- [zil-additional-service] [   scheduling-1] r.a.observability.ObservabilityService   : LAB9 Observability window=1m category=additional.statsComputation.availability.allCitiesAllDates count=61 sumNanos=7079365 avgNanos=116055
zil-additional-service  | 2026-05-05T00:20:59.345Z  INFO 1 --- [zil-additional-service] [   scheduling-1] r.a.observability.ObservabilityService   : LAB9 Observability window=10s category=additional.statsComputation.stats count=462 sumNanos=48467 avgNanos=104
zil-additional-service  | 2026-05-05T00:20:59.345Z  INFO 1 --- [zil-additional-service] [   scheduling-1] r.a.observability.ObservabilityService   : LAB9 Observability window=10s category=web.additional.stats count=462 sumNanos=150852950987 avgNanos=326521538
zil-additional-service  | 2026-05-05T00:20:59.345Z  INFO 1 --- [zil-additional-service] [   scheduling-1] r.a.observability.ObservabilityService   : LAB9 Observability window=10s category=http.main.rents count=482 sumNanos=77484192801 avgNanos=160755586
zil-additional-service  | 2026-05-05T00:20:59.345Z  INFO 1 --- [zil-additional-service] [   scheduling-1] r.a.observability.ObservabilityService   : LAB9 Observability window=10s category=http.main.cars count=483 sumNanos=80031306549 avgNanos=165696286
zil-additional-service  | 2026-05-05T00:20:59.345Z  INFO 1 --- [zil-additional-service] [   scheduling-1] r.a.observability.ObservabilityService   : LAB9 Observability window=10s category=web.additional.availability_new count=20 sumNanos=6492429871 avgNanos=324621493
zil-additional-service  | 2026-05-05T00:20:59.345Z  INFO 1 --- [zil-additional-service] [   scheduling-1] r.a.observability.ObservabilityService   : LAB9 Observability window=10s category=additional.statsComputation.availability.allCitiesAllDates count=20 sumNanos=2399447 avgNanos=119972
zil-additional-service  | 2026-05-05T00:20:59.345Z  INFO 1 --- [zil-additional-service] [   scheduling-1] r.a.observability.ObservabilityService   : LAB9 Observability window=30s category=additional.statsComputation.stats count=759 sumNanos=80032 avgNanos=105
zil-additional-service  | 2026-05-05T00:20:59.345Z  INFO 1 --- [zil-additional-service] [   scheduling-1] r.a.observability.ObservabilityService   : LAB9 Observability window=30s category=web.additional.stats count=759 sumNanos=499326774268 avgNanos=657874537
zil-additional-service  | 2026-05-05T00:20:59.345Z  INFO 1 --- [zil-additional-service] [   scheduling-1] r.a.observability.ObservabilityService   : LAB9 Observability window=30s category=http.main.rents count=797 sumNanos=258244773714 avgNanos=324021046
zil-additional-service  | 2026-05-05T00:20:59.345Z  INFO 1 --- [zil-additional-service] [   scheduling-1] r.a.observability.ObservabilityService   : LAB9 Observability window=30s category=http.main.cars count=800 sumNanos=268518126298 avgNanos=335647657
zil-additional-service  | 2026-05-05T00:20:59.345Z  INFO 1 --- [zil-additional-service] [   scheduling-1] r.a.observability.ObservabilityService   : LAB9 Observability window=30s category=web.additional.availability_new count=38 sumNanos=28820827929 avgNanos=758442840
zil-additional-service  | 2026-05-05T00:20:59.345Z  INFO 1 --- [zil-additional-service] [   scheduling-1] r.a.observability.ObservabilityService   : LAB9 Observability window=30s category=additional.statsComputation.availability.allCitiesAllDates count=38 sumNanos=4610559 avgNanos=121330
zil-additional-service  | 2026-05-05T00:20:59.345Z  INFO 1 --- [zil-additional-service] [   scheduling-1] r.a.observability.ObservabilityService   : LAB9 Observability window=1m category=additional.statsComputation.stats count=1242 sumNanos=138160 avgNanos=111
zil-additional-service  | 2026-05-05T00:20:59.345Z  INFO 1 --- [zil-additional-service] [   scheduling-1] r.a.observability.ObservabilityService   : LAB9 Observability window=1m category=web.additional.stats count=1242 sumNanos=1011387670633 avgNanos=814321796
zil-additional-service  | 2026-05-05T00:20:59.345Z  INFO 1 --- [zil-additional-service] [   scheduling-1] r.a.observability.ObservabilityService   : LAB9 Observability window=1m category=http.main.rents count=1306 sumNanos=526281814769 avgNanos=402972293
zil-additional-service  | 2026-05-05T00:20:59.345Z  INFO 1 --- [zil-additional-service] [   scheduling-1] r.a.observability.ObservabilityService   : LAB9 Observability window=1m category=http.main.cars count=1305 sumNanos=539936067607 avgNanos=413744113
zil-additional-service  | 2026-05-05T00:20:59.345Z  INFO 1 --- [zil-additional-service] [   scheduling-1] r.a.observability.ObservabilityService   : LAB9 Observability window=1m category=web.additional.availability_new count=64 sumNanos=55385194960 avgNanos=865393671
zil-additional-service  | 2026-05-05T00:20:59.345Z  INFO 1 --- [zil-additional-service] [   scheduling-1] r.a.observability.ObservabilityService   : LAB9 Observability window=1m category=additional.statsComputation.availability.allCitiesAllDates count=64 sumNanos=7346480 avgNanos=114788
zil-additional-service  | 2026-05-05T00:21:02.959Z  INFO 1 --- [zil-additional-service] [   scheduling-1] r.additional.service.ClientCacheService  : [client-cache-statistics] Client cache size=1000
zil-additional-service  | 2026-05-05T00:21:04.346Z  INFO 1 --- [zil-additional-service] [   scheduling-1] r.a.observability.ObservabilityService   : LAB9 Observability window=10s category=additional.statsComputation.stats count=457 sumNanos=45902 avgNanos=100
zil-additional-service  | 2026-05-05T00:21:04.349Z  INFO 1 --- [zil-additional-service] [   scheduling-1] r.a.observability.ObservabilityService   : LAB9 Observability window=10s category=web.additional.stats count=457 sumNanos=150757827507 avgNanos=329885836
zil-additional-service  | 2026-05-05T00:21:04.349Z  INFO 1 --- [zil-additional-service] [   scheduling-1] r.a.observability.ObservabilityService   : LAB9 Observability window=10s category=http.main.rents count=475 sumNanos=77139294034 avgNanos=162398513
zil-additional-service  | 2026-05-05T00:21:04.349Z  INFO 1 --- [zil-additional-service] [   scheduling-1] r.a.observability.ObservabilityService   : LAB9 Observability window=10s category=http.main.cars count=477 sumNanos=80119881285 avgNanos=167966208
zil-additional-service  | 2026-05-05T00:21:04.349Z  INFO 1 --- [zil-additional-service] [   scheduling-1] r.a.observability.ObservabilityService   : LAB9 Observability window=10s category=web.additional.availability_new count=18 sumNanos=5973544066 avgNanos=331863559
zil-additional-service  | 2026-05-05T00:21:04.349Z  INFO 1 --- [zil-additional-service] [   scheduling-1] r.a.observability.ObservabilityService   : LAB9 Observability window=10s category=additional.statsComputation.availability.allCitiesAllDates count=18 sumNanos=3768535 avgNanos=209363
zil-additional-service  | 2026-05-05T00:21:04.349Z  INFO 1 --- [zil-additional-service] [   scheduling-1] r.a.observability.ObservabilityService   : LAB9 Observability window=30s category=additional.statsComputation.stats count=917 sumNanos=92571 avgNanos=100
zil-additional-service  | 2026-05-05T00:21:04.349Z  INFO 1 --- [zil-additional-service] [   scheduling-1] r.a.observability.ObservabilityService   : LAB9 Observability window=30s category=web.additional.stats count=917 sumNanos=489930544973 avgNanos=534275403
zil-additional-service  | 2026-05-05T00:21:04.349Z  INFO 1 --- [zil-additional-service] [   scheduling-1] r.a.observability.ObservabilityService   : LAB9 Observability window=30s category=http.main.rents count=959 sumNanos=253070863948 avgNanos=263890369
zil-additional-service  | 2026-05-05T00:21:04.349Z  INFO 1 --- [zil-additional-service] [   scheduling-1] r.a.observability.ObservabilityService   : LAB9 Observability window=30s category=http.main.cars count=959 sumNanos=260911971595 avgNanos=272066706
zil-additional-service  | 2026-05-05T00:21:04.349Z  INFO 1 --- [zil-additional-service] [   scheduling-1] r.a.observability.ObservabilityService   : LAB9 Observability window=30s category=web.additional.availability_new count=42 sumNanos=27333022158 avgNanos=650786241
zil-additional-service  | 2026-05-05T00:21:04.349Z  INFO 1 --- [zil-additional-service] [   scheduling-1] r.a.observability.ObservabilityService   : LAB9 Observability window=30s category=additional.statsComputation.availability.allCitiesAllDates count=42 sumNanos=6411947 avgNanos=152665
zil-additional-service  | 2026-05-05T00:21:04.350Z  INFO 1 --- [zil-additional-service] [   scheduling-1] r.a.observability.ObservabilityService   : LAB9 Observability window=1m category=additional.statsComputation.stats count=1343 sumNanos=146626 avgNanos=109
zil-additional-service  | 2026-05-05T00:21:04.350Z  INFO 1 --- [zil-additional-service] [   scheduling-1] r.a.observability.ObservabilityService   : LAB9 Observability window=1m category=web.additional.stats count=1343 sumNanos=1007894890526 avgNanos=750480186
zil-additional-service  | 2026-05-05T00:21:04.350Z  INFO 1 --- [zil-additional-service] [   scheduling-1] r.a.observability.ObservabilityService   : LAB9 Observability window=1m category=http.main.rents count=1408 sumNanos=522312275115 avgNanos=370960422
zil-additional-service  | 2026-05-05T00:21:04.350Z  INFO 1 --- [zil-additional-service] [   scheduling-1] r.a.observability.ObservabilityService   : LAB9 Observability window=1m category=http.main.cars count=1408 sumNanos=537186007940 avgNanos=381524153
zil-additional-service  | 2026-05-05T00:21:04.350Z  INFO 1 --- [zil-additional-service] [   scheduling-1] r.a.observability.ObservabilityService   : LAB9 Observability window=1m category=web.additional.availability_new count=65 sumNanos=53023853720 avgNanos=815751595
zil-additional-service  | 2026-05-05T00:21:04.350Z  INFO 1 --- [zil-additional-service] [   scheduling-1] r.a.observability.ObservabilityService   : LAB9 Observability window=1m category=additional.statsComputation.availability.allCitiesAllDates count=65 sumNanos=9112244 avgNanos=140188
zil-additional-service  | 2026-05-05T00:21:09.350Z  INFO 1 --- [zil-additional-service] [   scheduling-1] r.a.observability.ObservabilityService   : LAB9 Observability window=10s category=additional.statsComputation.stats count=460 sumNanos=40283 avgNanos=87
zil-additional-service  | 2026-05-05T00:21:09.350Z  INFO 1 --- [zil-additional-service] [   scheduling-1] r.a.observability.ObservabilityService   : LAB9 Observability window=10s category=web.additional.stats count=460 sumNanos=150501408229 avgNanos=327176974
zil-additional-service  | 2026-05-05T00:21:09.350Z  INFO 1 --- [zil-additional-service] [   scheduling-1] r.a.observability.ObservabilityService   : LAB9 Observability window=10s category=http.main.rents count=481 sumNanos=79281276654 avgNanos=164825938
zil-additional-service  | 2026-05-05T00:21:09.350Z  INFO 1 --- [zil-additional-service] [   scheduling-1] r.a.observability.ObservabilityService   : LAB9 Observability window=10s category=http.main.cars count=480 sumNanos=77542585724 avgNanos=161547053
zil-additional-service  | 2026-05-05T00:21:09.350Z  INFO 1 --- [zil-additional-service] [   scheduling-1] r.a.observability.ObservabilityService   : LAB9 Observability window=10s category=web.additional.availability_new count=21 sumNanos=6897793247 avgNanos=328466345
zil-additional-service  | 2026-05-05T00:21:09.350Z  INFO 1 --- [zil-additional-service] [   scheduling-1] r.a.observability.ObservabilityService   : LAB9 Observability window=10s category=additional.statsComputation.availability.allCitiesAllDates count=21 sumNanos=3681963 avgNanos=175331
zil-additional-service  | 2026-05-05T00:21:09.351Z  INFO 1 --- [zil-additional-service] [   scheduling-1] r.a.observability.ObservabilityService   : LAB9 Observability window=30s category=additional.statsComputation.stats count=1076 sumNanos=104859 avgNanos=97
zil-additional-service  | 2026-05-05T00:21:09.351Z  INFO 1 --- [zil-additional-service] [   scheduling-1] r.a.observability.ObservabilityService   : LAB9 Observability window=30s category=web.additional.stats count=1076 sumNanos=482919824560 avgNanos=448810245
zil-additional-service  | 2026-05-05T00:21:09.351Z  INFO 1 --- [zil-additional-service] [   scheduling-1] r.a.observability.ObservabilityService   : LAB9 Observability window=30s category=http.main.rents count=1126 sumNanos=250324704242 avgNanos=222313236
zil-additional-service  | 2026-05-05T00:21:09.351Z  INFO 1 --- [zil-additional-service] [   scheduling-1] r.a.observability.ObservabilityService   : LAB9 Observability window=30s category=http.main.cars count=1123 sumNanos=251628243848 avgNanos=224067893
zil-additional-service  | 2026-05-05T00:21:09.351Z  INFO 1 --- [zil-additional-service] [   scheduling-1] r.a.observability.ObservabilityService   : LAB9 Observability window=30s category=web.additional.availability_new count=50 sumNanos=25676390147 avgNanos=513527802
zil-additional-service  | 2026-05-05T00:21:09.351Z  INFO 1 --- [zil-additional-service] [   scheduling-1] r.a.observability.ObservabilityService   : LAB9 Observability window=30s category=additional.statsComputation.availability.allCitiesAllDates count=50 sumNanos=6956221 avgNanos=139124
zil-additional-service  | 2026-05-05T00:21:09.351Z  INFO 1 --- [zil-additional-service] [   scheduling-1] r.a.observability.ObservabilityService   : LAB9 Observability window=1m category=additional.statsComputation.stats count=1495 sumNanos=157661 avgNanos=105
zil-additional-service  | 2026-05-05T00:21:09.351Z  INFO 1 --- [zil-additional-service] [   scheduling-1] r.a.observability.ObservabilityService   : LAB9 Observability window=1m category=web.additional.stats count=1495 sumNanos=1004877795595 avgNanos=672159060
zil-additional-service  | 2026-05-05T00:21:09.351Z  INFO 1 --- [zil-additional-service] [   scheduling-1] r.a.observability.ObservabilityService   : LAB9 Observability window=1m category=http.main.rents count=1566 sumNanos=520429338361 avgNanos=332330356
zil-additional-service  | 2026-05-05T00:21:09.351Z  INFO 1 --- [zil-additional-service] [   scheduling-1] r.a.observability.ObservabilityService   : LAB9 Observability window=1m category=http.main.cars count=1566 sumNanos=530521975276 avgNanos=338775207
zil-additional-service  | 2026-05-05T00:21:09.351Z  INFO 1 --- [zil-additional-service] [   scheduling-1] r.a.observability.ObservabilityService   : LAB9 Observability window=1m category=web.additional.availability_new count=71 sumNanos=51217677764 avgNanos=721375743
zil-additional-service  | 2026-05-05T00:21:09.351Z  INFO 1 --- [zil-additional-service] [   scheduling-1] r.a.observability.ObservabilityService   : LAB9 Observability window=1m category=additional.statsComputation.availability.allCitiesAllDates count=71 sumNanos=9510831 avgNanos=133955
zil-additional-service  | 2026-05-05T00:21:12.961Z  INFO 1 --- [zil-additional-service] [   scheduling-1] r.additional.service.ClientCacheService  : [client-cache-statistics] Client cache size=1000
zil-additional-service  | 2026-05-05T00:21:14.352Z  INFO 1 --- [zil-additional-service] [   scheduling-1] r.a.observability.ObservabilityService   : LAB9 Observability window=10s category=additional.statsComputation.stats count=456 sumNanos=746227 avgNanos=1636
zil-additional-service  | 2026-05-05T00:21:14.352Z  INFO 1 --- [zil-additional-service] [   scheduling-1] r.a.observability.ObservabilityService   : LAB9 Observability window=10s category=web.additional.stats count=456 sumNanos=148537697663 avgNanos=325740565
zil-additional-service  | 2026-05-05T00:21:14.352Z  INFO 1 --- [zil-additional-service] [   scheduling-1] r.a.observability.ObservabilityService   : LAB9 Observability window=10s category=http.main.rents count=482 sumNanos=79906090634 avgNanos=165780271
zil-additional-service  | 2026-05-05T00:21:14.352Z  INFO 1 --- [zil-additional-service] [   scheduling-1] r.a.observability.ObservabilityService   : LAB9 Observability window=10s category=http.main.cars count=480 sumNanos=76554790516 avgNanos=159489146
zil-additional-service  | 2026-05-05T00:21:14.352Z  INFO 1 --- [zil-additional-service] [   scheduling-1] r.a.observability.ObservabilityService   : LAB9 Observability window=10s category=web.additional.availability_new count=26 sumNanos=8388037090 avgNanos=322616811
zil-additional-service  | 2026-05-05T00:21:14.352Z  INFO 1 --- [zil-additional-service] [   scheduling-1] r.a.observability.ObservabilityService   : LAB9 Observability window=10s category=additional.statsComputation.availability.allCitiesAllDates count=26 sumNanos=4450304 avgNanos=171165
zil-additional-service  | 2026-05-05T00:21:14.352Z  INFO 1 --- [zil-additional-service] [   scheduling-1] r.a.observability.ObservabilityService   : LAB9 Observability window=30s category=additional.statsComputation.stats count=1237 sumNanos=824120 avgNanos=666
zil-additional-service  | 2026-05-05T00:21:14.353Z  INFO 1 --- [zil-additional-service] [   scheduling-1] r.a.observability.ObservabilityService   : LAB9 Observability window=30s category=web.additional.stats count=1237 sumNanos=467423552093 avgNanos=377868675
zil-additional-service  | 2026-05-05T00:21:14.353Z  INFO 1 --- [zil-additional-service] [   scheduling-1] r.a.observability.ObservabilityService   : LAB9 Observability window=30s category=http.main.rents count=1297 sumNanos=243478021571 avgNanos=187723995
zil-additional-service  | 2026-05-05T00:21:14.353Z  INFO 1 --- [zil-additional-service] [   scheduling-1] r.a.observability.ObservabilityService   : LAB9 Observability window=30s category=http.main.cars count=1296 sumNanos=244737115251 avgNanos=188840366
zil-additional-service  | 2026-05-05T00:21:14.353Z  INFO 1 --- [zil-additional-service] [   scheduling-1] r.a.observability.ObservabilityService   : LAB9 Observability window=30s category=web.additional.availability_new count=60 sumNanos=25058652175 avgNanos=417644202
zil-additional-service  | 2026-05-05T00:21:14.353Z  INFO 1 --- [zil-additional-service] [   scheduling-1] r.a.observability.ObservabilityService   : LAB9 Observability window=30s category=additional.statsComputation.availability.allCitiesAllDates count=60 sumNanos=9899720 avgNanos=164995
zil-additional-service  | 2026-05-05T00:21:14.353Z  INFO 1 --- [zil-additional-service] [   scheduling-1] r.a.observability.ObservabilityService   : LAB9 Observability window=1m category=additional.statsComputation.stats count=1649 sumNanos=876596 avgNanos=531
zil-additional-service  | 2026-05-05T00:21:14.353Z  INFO 1 --- [zil-additional-service] [   scheduling-1] r.a.observability.ObservabilityService   : LAB9 Observability window=1m category=web.additional.stats count=1649 sumNanos=989714903698 avgNanos=600190966
zil-additional-service  | 2026-05-05T00:21:14.353Z  INFO 1 --- [zil-additional-service] [   scheduling-1] r.a.observability.ObservabilityService   : LAB9 Observability window=1m category=http.main.rents count=1729 sumNanos=514238032512 avgNanos=297419336
zil-additional-service  | 2026-05-05T00:21:14.353Z  INFO 1 --- [zil-additional-service] [   scheduling-1] r.a.observability.ObservabilityService   : LAB9 Observability window=1m category=http.main.cars count=1729 sumNanos=521894623924 avgNanos=301847671
zil-additional-service  | 2026-05-05T00:21:14.353Z  INFO 1 --- [zil-additional-service] [   scheduling-1] r.a.observability.ObservabilityService   : LAB9 Observability window=1m category=web.additional.availability_new count=80 sumNanos=50678803137 avgNanos=633485039
zil-additional-service  | 2026-05-05T00:21:14.353Z  INFO 1 --- [zil-additional-service] [   scheduling-1] r.a.observability.ObservabilityService   : LAB9 Observability window=1m category=additional.statsComputation.availability.allCitiesAllDates count=80 sumNanos=12297619 avgNanos=153720
zil-additional-service  | 2026-05-05T00:21:19.354Z  INFO 1 --- [zil-additional-service] [   scheduling-1] r.a.observability.ObservabilityService   : LAB9 Observability window=10s category=additional.statsComputation.stats count=445 sumNanos=747856 avgNanos=1680
zil-additional-service  | 2026-05-05T00:21:19.354Z  INFO 1 --- [zil-additional-service] [   scheduling-1] r.a.observability.ObservabilityService   : LAB9 Observability window=10s category=web.additional.stats count=445 sumNanos=147633462793 avgNanos=331760590
zil-additional-service  | 2026-05-05T00:21:19.354Z  INFO 1 --- [zil-additional-service] [   scheduling-1] r.a.observability.ObservabilityService   : LAB9 Observability window=10s category=http.main.rents count=475 sumNanos=78855600300 avgNanos=166011790
zil-additional-service  | 2026-05-05T00:21:19.354Z  INFO 1 --- [zil-additional-service] [   scheduling-1] r.a.observability.ObservabilityService   : LAB9 Observability window=10s category=http.main.cars count=474 sumNanos=78440840351 avgNanos=165487004
zil-additional-service  | 2026-05-05T00:21:19.354Z  INFO 1 --- [zil-additional-service] [   scheduling-1] r.a.observability.ObservabilityService   : LAB9 Observability window=10s category=web.additional.availability_new count=30 sumNanos=9746436196 avgNanos=324881206
zil-additional-service  | 2026-05-05T00:21:19.354Z  INFO 1 --- [zil-additional-service] [   scheduling-1] r.a.observability.ObservabilityService   : LAB9 Observability window=10s category=additional.statsComputation.availability.allCitiesAllDates count=30 sumNanos=8562875 avgNanos=285429
zil-additional-service  | 2026-05-05T00:21:19.354Z  INFO 1 --- [zil-additional-service] [   scheduling-1] r.a.observability.ObservabilityService   : LAB9 Observability window=30s category=additional.statsComputation.stats count=1367 sumNanos=836606 avgNanos=612
zil-additional-service  | 2026-05-05T00:21:19.354Z  INFO 1 --- [zil-additional-service] [   scheduling-1] r.a.observability.ObservabilityService   : LAB9 Observability window=30s category=web.additional.stats count=1367 sumNanos=448987822009 avgNanos=328447565
zil-additional-service  | 2026-05-05T00:21:19.354Z  INFO 1 --- [zil-additional-service] [   scheduling-1] r.a.observability.ObservabilityService   : LAB9 Observability window=30s category=http.main.rents count=1438 sumNanos=235621069755 avgNanos=163853316
zil-additional-service  | 2026-05-05T00:21:19.354Z  INFO 1 --- [zil-additional-service] [   scheduling-1] r.a.observability.ObservabilityService   : LAB9 Observability window=30s category=http.main.cars count=1437 sumNanos=236014732624 avgNanos=164241289
zil-additional-service  | 2026-05-05T00:21:19.354Z  INFO 1 --- [zil-additional-service] [   scheduling-1] r.a.observability.ObservabilityService   : LAB9 Observability window=30s category=web.additional.availability_new count=71 sumNanos=23136659314 avgNanos=325868441
zil-additional-service  | 2026-05-05T00:21:19.354Z  INFO 1 --- [zil-additional-service] [   scheduling-1] r.a.observability.ObservabilityService   : LAB9 Observability window=30s category=additional.statsComputation.availability.allCitiesAllDates count=71 sumNanos=14644285 avgNanos=206257
zil-additional-service  | 2026-05-05T00:21:19.355Z  INFO 1 --- [zil-additional-service] [   scheduling-1] r.a.observability.ObservabilityService   : LAB9 Observability window=1m category=additional.statsComputation.stats count=1805 sumNanos=884906 avgNanos=490
zil-additional-service  | 2026-05-05T00:21:19.355Z  INFO 1 --- [zil-additional-service] [   scheduling-1] r.a.observability.ObservabilityService   : LAB9 Observability window=1m category=web.additional.stats count=1805 sumNanos=980312644412 avgNanos=543109498
zil-additional-service  | 2026-05-05T00:21:19.355Z  INFO 1 --- [zil-additional-service] [   scheduling-1] r.a.observability.ObservabilityService   : LAB9 Observability window=1m category=http.main.rents count=1899 sumNanos=510563469179 avgNanos=268859120
zil-additional-service  | 2026-05-05T00:21:19.356Z  INFO 1 --- [zil-additional-service] [   scheduling-1] r.a.observability.ObservabilityService   : LAB9 Observability window=1m category=http.main.cars count=1897 sumNanos=516411297993 avgNanos=272225249
zil-additional-service  | 2026-05-05T00:21:19.357Z  INFO 1 --- [zil-additional-service] [   scheduling-1] r.a.observability.ObservabilityService   : LAB9 Observability window=1m category=web.additional.availability_new count=94 sumNanos=52375046427 avgNanos=557181344
zil-additional-service  | 2026-05-05T00:21:19.357Z  INFO 1 --- [zil-additional-service] [   scheduling-1] r.a.observability.ObservabilityService   : LAB9 Observability window=1m category=additional.statsComputation.availability.allCitiesAllDates count=94 sumNanos=17274386 avgNanos=183770
zil-additional-service  | 2026-05-05T00:21:22.959Z  INFO 1 --- [zil-additional-service] [   scheduling-1] r.additional.service.ClientCacheService  : [client-cache-statistics] Client cache size=1000
zil-additional-service  | 2026-05-05T00:21:24.357Z  INFO 1 --- [zil-additional-service] [   scheduling-1] r.a.observability.ObservabilityService   : LAB9 Observability window=10s category=additional.statsComputation.stats count=452 sumNanos=37786 avgNanos=83
zil-additional-service  | 2026-05-05T00:21:24.358Z  INFO 1 --- [zil-additional-service] [   scheduling-1] r.a.observability.ObservabilityService   : LAB9 Observability window=10s category=web.additional.stats count=452 sumNanos=148028867428 avgNanos=327497494
zil-additional-service  | 2026-05-05T00:21:24.358Z  INFO 1 --- [zil-additional-service] [   scheduling-1] r.a.observability.ObservabilityService   : LAB9 Observability window=10s category=http.main.rents count=478 sumNanos=77828730219 avgNanos=162821611
zil-additional-service  | 2026-05-05T00:21:24.358Z  INFO 1 --- [zil-additional-service] [   scheduling-1] r.a.observability.ObservabilityService   : LAB9 Observability window=10s category=http.main.cars count=485 sumNanos=79424098235 avgNanos=163761027
zil-additional-service  | 2026-05-05T00:21:24.358Z  INFO 1 --- [zil-additional-service] [   scheduling-1] r.a.observability.ObservabilityService   : LAB9 Observability window=10s category=web.additional.availability_new count=26 sumNanos=8678574810 avgNanos=333791338
zil-additional-service  | 2026-05-05T00:21:24.358Z  INFO 1 --- [zil-additional-service] [   scheduling-1] r.a.observability.ObservabilityService   : LAB9 Observability window=10s category=additional.statsComputation.availability.allCitiesAllDates count=26 sumNanos=8128179 avgNanos=312622
zil-additional-service  | 2026-05-05T00:21:24.358Z  INFO 1 --- [zil-additional-service] [   scheduling-1] r.a.observability.ObservabilityService   : LAB9 Observability window=30s category=additional.statsComputation.stats count=1365 sumNanos=829915 avgNanos=607
zil-additional-service  | 2026-05-05T00:21:24.358Z  INFO 1 --- [zil-additional-service] [   scheduling-1] r.a.observability.ObservabilityService   : LAB9 Observability window=30s category=web.additional.stats count=1365 sumNanos=447324392598 avgNanos=327710177
zil-additional-service  | 2026-05-05T00:21:24.358Z  INFO 1 --- [zil-additional-service] [   scheduling-1] r.a.observability.ObservabilityService   : LAB9 Observability window=30s category=http.main.rents count=1435 sumNanos=234874114887 avgNanos=163675341
zil-additional-service  | 2026-05-05T00:21:24.358Z  INFO 1 --- [zil-additional-service] [   scheduling-1] r.a.observability.ObservabilityService   : LAB9 Observability window=30s category=http.main.cars count=1442 sumNanos=236066141626 avgNanos=163707449
zil-additional-service  | 2026-05-05T00:21:24.358Z  INFO 1 --- [zil-additional-service] [   scheduling-1] r.a.observability.ObservabilityService   : LAB9 Observability window=30s category=web.additional.availability_new count=70 sumNanos=23040155966 avgNanos=329145085
zil-additional-service  | 2026-05-05T00:21:24.358Z  INFO 1 --- [zil-additional-service] [   scheduling-1] r.a.observability.ObservabilityService   : LAB9 Observability window=30s category=additional.statsComputation.availability.allCitiesAllDates count=70 sumNanos=16347018 avgNanos=233528
zil-additional-service  | 2026-05-05T00:21:24.358Z  INFO 1 --- [zil-additional-service] [   scheduling-1] r.a.observability.ObservabilityService   : LAB9 Observability window=1m category=additional.statsComputation.stats count=1973 sumNanos=893879 avgNanos=453
zil-additional-service  | 2026-05-05T00:21:24.358Z  INFO 1 --- [zil-additional-service] [   scheduling-1] r.a.observability.ObservabilityService   : LAB9 Observability window=1m category=web.additional.stats count=1973 sumNanos=966056235138 avgNanos=489638233
zil-additional-service  | 2026-05-05T00:21:24.358Z  INFO 1 --- [zil-additional-service] [   scheduling-1] r.a.observability.ObservabilityService   : LAB9 Observability window=1m category=http.main.rents count=2073 sumNanos=502988271348 avgNanos=242637854
zil-additional-service  | 2026-05-05T00:21:24.358Z  INFO 1 --- [zil-additional-service] [   scheduling-1] r.a.observability.ObservabilityService   : LAB9 Observability window=1m category=http.main.cars count=2075 sumNanos=507263587611 avgNanos=244464379
zil-additional-service  | 2026-05-05T00:21:24.358Z  INFO 1 --- [zil-additional-service] [   scheduling-1] r.a.observability.ObservabilityService   : LAB9 Observability window=1m category=web.additional.availability_new count=100 sumNanos=51002562364 avgNanos=510025623
zil-additional-service  | 2026-05-05T00:21:24.358Z  INFO 1 --- [zil-additional-service] [   scheduling-1] r.a.observability.ObservabilityService   : LAB9 Observability window=1m category=additional.statsComputation.availability.allCitiesAllDates count=100 sumNanos=19837746 avgNanos=198377
zil-additional-service  | 2026-05-05T00:21:29.359Z  INFO 1 --- [zil-additional-service] [   scheduling-1] r.a.observability.ObservabilityService   : LAB9 Observability window=10s category=additional.statsComputation.stats count=462 sumNanos=53180 avgNanos=115
zil-additional-service  | 2026-05-05T00:21:29.359Z  INFO 1 --- [zil-additional-service] [   scheduling-1] r.a.observability.ObservabilityService   : LAB9 Observability window=10s category=web.additional.stats count=462 sumNanos=150887226343 avgNanos=326595728
zil-additional-service  | 2026-05-05T00:21:29.359Z  INFO 1 --- [zil-additional-service] [   scheduling-1] r.a.observability.ObservabilityService   : LAB9 Observability window=10s category=http.main.rents count=482 sumNanos=79022693329 avgNanos=163947496
zil-additional-service  | 2026-05-05T00:21:29.359Z  INFO 1 --- [zil-additional-service] [   scheduling-1] r.a.observability.ObservabilityService   : LAB9 Observability window=10s category=http.main.cars count=480 sumNanos=78612040014 avgNanos=163775083
zil-additional-service  | 2026-05-05T00:21:29.359Z  INFO 1 --- [zil-additional-service] [   scheduling-1] r.a.observability.ObservabilityService   : LAB9 Observability window=10s category=web.additional.availability_new count=20 sumNanos=6715854634 avgNanos=335792731
zil-additional-service  | 2026-05-05T00:21:29.359Z  INFO 1 --- [zil-additional-service] [   scheduling-1] r.a.observability.ObservabilityService   : LAB9 Observability window=10s category=additional.statsComputation.availability.allCitiesAllDates count=20 sumNanos=4150330 avgNanos=207516
zil-additional-service  | 2026-05-05T00:21:29.359Z  INFO 1 --- [zil-additional-service] [   scheduling-1] r.a.observability.ObservabilityService   : LAB9 Observability window=30s category=additional.statsComputation.stats count=1367 sumNanos=841319 avgNanos=615
zil-additional-service  | 2026-05-05T00:21:29.359Z  INFO 1 --- [zil-additional-service] [   scheduling-1] r.a.observability.ObservabilityService   : LAB9 Observability window=30s category=web.additional.stats count=1367 sumNanos=449022097365 avgNanos=328472638
zil-additional-service  | 2026-05-05T00:21:29.359Z  INFO 1 --- [zil-additional-service] [   scheduling-1] r.a.observability.ObservabilityService   : LAB9 Observability window=30s category=http.main.rents count=1437 sumNanos=236921000288 avgNanos=164871955
zil-additional-service  | 2026-05-05T00:21:29.359Z  INFO 1 --- [zil-additional-service] [   scheduling-1] r.a.observability.ObservabilityService   : LAB9 Observability window=30s category=http.main.cars count=1435 sumNanos=234702708748 avgNanos=163555894
zil-additional-service  | 2026-05-05T00:21:29.359Z  INFO 1 --- [zil-additional-service] [   scheduling-1] r.a.observability.ObservabilityService   : LAB9 Observability window=30s category=web.additional.availability_new count=70 sumNanos=22935060249 avgNanos=327643717
zil-additional-service  | 2026-05-05T00:21:29.359Z  INFO 1 --- [zil-additional-service] [   scheduling-1] r.a.observability.ObservabilityService   : LAB9 Observability window=30s category=additional.statsComputation.availability.allCitiesAllDates count=70 sumNanos=16320784 avgNanos=233154
zil-additional-service  | 2026-05-05T00:21:29.359Z  INFO 1 --- [zil-additional-service] [   scheduling-1] r.a.observability.ObservabilityService   : LAB9 Observability window=1m category=additional.statsComputation.stats count=2126 sumNanos=921351 avgNanos=433
zil-additional-service  | 2026-05-05T00:21:29.360Z  INFO 1 --- [zil-additional-service] [   scheduling-1] r.a.observability.ObservabilityService   : LAB9 Observability window=1m category=web.additional.stats count=2126 sumNanos=948348871633 avgNanos=446071905
zil-additional-service  | 2026-05-05T00:21:29.360Z  INFO 1 --- [zil-additional-service] [   scheduling-1] r.a.observability.ObservabilityService   : LAB9 Observability window=1m category=http.main.rents count=2235 sumNanos=495404343997 avgNanos=221657424
zil-additional-service  | 2026-05-05T00:21:29.360Z  INFO 1 --- [zil-additional-service] [   scheduling-1] r.a.observability.ObservabilityService   : LAB9 Observability window=1m category=http.main.cars count=2235 sumNanos=503220835046 avgNanos=225154736
zil-additional-service  | 2026-05-05T00:21:29.360Z  INFO 1 --- [zil-additional-service] [   scheduling-1] r.a.observability.ObservabilityService   : LAB9 Observability window=1m category=web.additional.availability_new count=109 sumNanos=52180912006 avgNanos=478723963
zil-additional-service  | 2026-05-05T00:21:29.360Z  INFO 1 --- [zil-additional-service] [   scheduling-1] r.a.observability.ObservabilityService   : LAB9 Observability window=1m category=additional.statsComputation.availability.allCitiesAllDates count=109 sumNanos=21005727 avgNanos=192713
zil-additional-service  | 2026-05-05T00:21:32.959Z  INFO 1 --- [zil-additional-service] [   scheduling-1] r.additional.service.ClientCacheService  : [client-cache-statistics] Client cache size=1000
zil-additional-service  | 2026-05-05T00:21:34.365Z  INFO 1 --- [zil-additional-service] [   scheduling-1] r.a.observability.ObservabilityService   : LAB9 Observability window=10s category=additional.statsComputation.stats count=448 sumNanos=64649 avgNanos=144
zil-additional-service  | 2026-05-05T00:21:34.366Z  INFO 1 --- [zil-additional-service] [   scheduling-1] r.a.observability.ObservabilityService   : LAB9 Observability window=10s category=web.additional.stats count=448 sumNanos=151335211079 avgNanos=337801810
zil-additional-service  | 2026-05-05T00:21:34.366Z  INFO 1 --- [zil-additional-service] [   scheduling-1] r.a.observability.ObservabilityService   : LAB9 Observability window=10s category=http.main.rents count=470 sumNanos=80401760918 avgNanos=171067576
zil-additional-service  | 2026-05-05T00:21:34.366Z  INFO 1 --- [zil-additional-service] [   scheduling-1] r.a.observability.ObservabilityService   : LAB9 Observability window=10s category=http.main.cars count=466 sumNanos=78484065622 avgNanos=168420741
zil-additional-service  | 2026-05-05T00:21:34.366Z  INFO 1 --- [zil-additional-service] [   scheduling-1] r.a.observability.ObservabilityService   : LAB9 Observability window=10s category=web.additional.availability_new count=22 sumNanos=7695651617 avgNanos=349802346
zil-additional-service  | 2026-05-05T00:21:34.366Z  INFO 1 --- [zil-additional-service] [   scheduling-1] r.a.observability.ObservabilityService   : LAB9 Observability window=10s category=additional.statsComputation.availability.allCitiesAllDates count=22 sumNanos=2673053 avgNanos=121502
zil-additional-service  | 2026-05-05T00:21:34.367Z  INFO 1 --- [zil-additional-service] [   scheduling-1] r.a.observability.ObservabilityService   : LAB9 Observability window=30s category=additional.statsComputation.stats count=1355 sumNanos=848465 avgNanos=626
zil-additional-service  | 2026-05-05T00:21:34.367Z  INFO 1 --- [zil-additional-service] [   scheduling-1] r.a.observability.ObservabilityService   : LAB9 Observability window=30s category=web.additional.stats count=1355 sumNanos=447606682925 avgNanos=330337035
zil-additional-service  | 2026-05-05T00:21:34.369Z  INFO 1 --- [zil-additional-service] [   scheduling-1] r.a.observability.ObservabilityService   : LAB9 Observability window=30s category=http.main.rents count=1429 sumNanos=238071033512 avgNanos=166599743
zil-additional-service  | 2026-05-05T00:21:34.369Z  INFO 1 --- [zil-additional-service] [   scheduling-1] r.a.observability.ObservabilityService   : LAB9 Observability window=30s category=http.main.cars count=1431 sumNanos=234509729595 avgNanos=163878217
zil-additional-service  | 2026-05-05T00:21:34.369Z  INFO 1 --- [zil-additional-service] [   scheduling-1] r.a.observability.ObservabilityService   : LAB9 Observability window=30s category=web.additional.availability_new count=74 sumNanos=24762263517 avgNanos=334625182
zil-additional-service  | 2026-05-05T00:21:34.369Z  INFO 1 --- [zil-additional-service] [   scheduling-1] r.a.observability.ObservabilityService   : LAB9 Observability window=30s category=additional.statsComputation.availability.allCitiesAllDates count=74 sumNanos=15251536 avgNanos=206101
zil-additional-service  | 2026-05-05T00:21:34.371Z  INFO 1 --- [zil-additional-service] [   scheduling-1] r.a.observability.ObservabilityService   : LAB9 Observability window=1m category=additional.statsComputation.stats count=2275 sumNanos=941322 avgNanos=413
zil-additional-service  | 2026-05-05T00:21:34.371Z  INFO 1 --- [zil-additional-service] [   scheduling-1] r.a.observability.ObservabilityService   : LAB9 Observability window=1m category=web.additional.stats count=2275 sumNanos=938484266724 avgNanos=412520556
zil-additional-service  | 2026-05-05T00:21:34.371Z  INFO 1 --- [zil-additional-service] [   scheduling-1] r.a.observability.ObservabilityService   : LAB9 Observability window=1m category=http.main.rents count=2391 sumNanos=491544497317 avgNanos=205581136
zil-additional-service  | 2026-05-05T00:21:34.372Z  INFO 1 --- [zil-additional-service] [   scheduling-1] r.a.observability.ObservabilityService   : LAB9 Observability window=1m category=http.main.cars count=2389 sumNanos=494408084170 avgNanos=206951897
zil-additional-service  | 2026-05-05T00:21:34.372Z  INFO 1 --- [zil-additional-service] [   scheduling-1] r.a.observability.ObservabilityService   : LAB9 Observability window=1m category=web.additional.availability_new count=116 sumNanos=52095285675 avgNanos=449097290
zil-additional-service  | 2026-05-05T00:21:34.372Z  INFO 1 --- [zil-additional-service] [   scheduling-1] r.a.observability.ObservabilityService   : LAB9 Observability window=1m category=additional.statsComputation.availability.allCitiesAllDates count=116 sumNanos=21663483 avgNanos=186754
zil-additional-service  | 2026-05-05T00:21:39.373Z  INFO 1 --- [zil-additional-service] [   scheduling-1] r.a.observability.ObservabilityService   : LAB9 Observability window=10s category=additional.statsComputation.stats count=453 sumNanos=52437 avgNanos=115
zil-additional-service  | 2026-05-05T00:21:39.373Z  INFO 1 --- [zil-additional-service] [   scheduling-1] r.a.observability.ObservabilityService   : LAB9 Observability window=10s category=web.additional.stats count=453 sumNanos=150518809066 avgNanos=332271101
zil-additional-service  | 2026-05-05T00:21:39.373Z  INFO 1 --- [zil-additional-service] [   scheduling-1] r.a.observability.ObservabilityService   : LAB9 Observability window=10s category=http.main.rents count=475 sumNanos=79360113642 avgNanos=167073923
zil-additional-service  | 2026-05-05T00:21:39.373Z  INFO 1 --- [zil-additional-service] [   scheduling-1] r.a.observability.ObservabilityService   : LAB9 Observability window=10s category=http.main.cars count=475 sumNanos=78542694695 avgNanos=165353041
zil-additional-service  | 2026-05-05T00:21:39.373Z  INFO 1 --- [zil-additional-service] [   scheduling-1] r.a.observability.ObservabilityService   : LAB9 Observability window=10s category=web.additional.availability_new count=22 sumNanos=7600640712 avgNanos=345483668
zil-additional-service  | 2026-05-05T00:21:39.373Z  INFO 1 --- [zil-additional-service] [   scheduling-1] r.a.observability.ObservabilityService   : LAB9 Observability window=10s category=additional.statsComputation.availability.allCitiesAllDates count=22 sumNanos=4335013 avgNanos=197046
zil-additional-service  | 2026-05-05T00:21:39.373Z  INFO 1 --- [zil-additional-service] [   scheduling-1] r.a.observability.ObservabilityService   : LAB9 Observability window=30s category=additional.statsComputation.stats count=1358 sumNanos=853378 avgNanos=628
zil-additional-service  | 2026-05-05T00:21:39.373Z  INFO 1 --- [zil-additional-service] [   scheduling-1] r.a.observability.ObservabilityService   : LAB9 Observability window=30s category=web.additional.stats count=1358 sumNanos=448416931256 avgNanos=330203925
zil-additional-service  | 2026-05-05T00:21:39.373Z  INFO 1 --- [zil-additional-service] [   scheduling-1] r.a.observability.ObservabilityService   : LAB9 Observability window=30s category=http.main.rents count=1430 sumNanos=237011047354 avgNanos=165741991
zil-additional-service  | 2026-05-05T00:21:39.373Z  INFO 1 --- [zil-additional-service] [   scheduling-1] r.a.observability.ObservabilityService   : LAB9 Observability window=30s category=http.main.cars count=1429 sumNanos=235599083264 avgNanos=164869897
zil-additional-service  | 2026-05-05T00:21:39.373Z  INFO 1 --- [zil-additional-service] [   scheduling-1] r.a.observability.ObservabilityService   : LAB9 Observability window=30s category=web.additional.availability_new count=72 sumNanos=24062931542 avgNanos=334207382
zil-additional-service  | 2026-05-05T00:21:39.373Z  INFO 1 --- [zil-additional-service] [   scheduling-1] r.a.observability.ObservabilityService   : LAB9 Observability window=30s category=additional.statsComputation.availability.allCitiesAllDates count=72 sumNanos=17048218 avgNanos=236780
zil-additional-service  | 2026-05-05T00:21:39.374Z  INFO 1 --- [zil-additional-service] [   scheduling-1] r.a.observability.ObservabilityService   : LAB9 Observability window=1m category=additional.statsComputation.stats count=2436 sumNanos=958332 avgNanos=393
zil-additional-service  | 2026-05-05T00:21:39.374Z  INFO 1 --- [zil-additional-service] [   scheduling-1] r.a.observability.ObservabilityService   : LAB9 Observability window=1m category=web.additional.stats count=2436 sumNanos=931959322762 avgNanos=382577718
zil-additional-service  | 2026-05-05T00:21:39.374Z  INFO 1 --- [zil-additional-service] [   scheduling-1] r.a.observability.ObservabilityService   : LAB9 Observability window=1m category=http.main.rents count=2558 sumNanos=487563111513 avgNanos=190603249
zil-additional-service  | 2026-05-05T00:21:39.375Z  INFO 1 --- [zil-additional-service] [   scheduling-1] r.a.observability.ObservabilityService   : LAB9 Observability window=1m category=http.main.cars count=2554 sumNanos=487501447104 avgNanos=190877622
zil-additional-service  | 2026-05-05T00:21:39.375Z  INFO 1 --- [zil-additional-service] [   scheduling-1] r.a.observability.ObservabilityService   : LAB9 Observability window=1m category=web.additional.availability_new count=122 sumNanos=49739321689 avgNanos=407699358
zil-additional-service  | 2026-05-05T00:21:39.375Z  INFO 1 --- [zil-additional-service] [   scheduling-1] r.a.observability.ObservabilityService   : LAB9 Observability window=1m category=additional.statsComputation.availability.allCitiesAllDates count=122 sumNanos=24004439 avgNanos=196757
zil-additional-service  | 2026-05-05T00:21:42.959Z  INFO 1 --- [zil-additional-service] [   scheduling-1] r.additional.service.ClientCacheService  : [client-cache-statistics] Client cache size=1000
zil-additional-service  | 2026-05-05T00:21:44.376Z  INFO 1 --- [zil-additional-service] [   scheduling-1] r.a.observability.ObservabilityService   : LAB9 Observability window=10s category=additional.statsComputation.stats count=457 sumNanos=39967 avgNanos=87
zil-additional-service  | 2026-05-05T00:21:44.376Z  INFO 1 --- [zil-additional-service] [   scheduling-1] r.a.observability.ObservabilityService   : LAB9 Observability window=10s category=web.additional.stats count=457 sumNanos=147867613665 avgNanos=323561517
zil-additional-service  | 2026-05-05T00:21:44.376Z  INFO 1 --- [zil-additional-service] [   scheduling-1] r.a.observability.ObservabilityService   : LAB9 Observability window=10s category=http.main.rents count=482 sumNanos=79031613348 avgNanos=163966002
zil-additional-service  | 2026-05-05T00:21:44.376Z  INFO 1 --- [zil-additional-service] [   scheduling-1] r.a.observability.ObservabilityService   : LAB9 Observability window=10s category=http.main.cars count=483 sumNanos=77582002264 avgNanos=160625263
zil-additional-service  | 2026-05-05T00:21:44.376Z  INFO 1 --- [zil-additional-service] [   scheduling-1] r.a.observability.ObservabilityService   : LAB9 Observability window=10s category=web.additional.availability_new count=25 sumNanos=8177413626 avgNanos=327096545
zil-additional-service  | 2026-05-05T00:21:44.376Z  INFO 1 --- [zil-additional-service] [   scheduling-1] r.a.observability.ObservabilityService   : LAB9 Observability window=10s category=additional.statsComputation.availability.allCitiesAllDates count=25 sumNanos=6049699 avgNanos=241987
zil-additional-service  | 2026-05-05T00:21:44.376Z  INFO 1 --- [zil-additional-service] [   scheduling-1] r.a.observability.ObservabilityService   : LAB9 Observability window=30s category=additional.statsComputation.stats count=1359 sumNanos=142491 avgNanos=104
zil-additional-service  | 2026-05-05T00:21:44.376Z  INFO 1 --- [zil-additional-service] [   scheduling-1] r.a.observability.ObservabilityService   : LAB9 Observability window=30s category=web.additional.stats count=1359 sumNanos=447883637753 avgNanos=329568534
zil-additional-service  | 2026-05-05T00:21:44.376Z  INFO 1 --- [zil-additional-service] [   scheduling-1] r.a.observability.ObservabilityService   : LAB9 Observability window=30s category=http.main.rents count=1432 sumNanos=237599156083 avgNanos=165921198
zil-additional-service  | 2026-05-05T00:21:44.376Z  INFO 1 --- [zil-additional-service] [   scheduling-1] r.a.observability.ObservabilityService   : LAB9 Observability window=30s category=http.main.cars count=1436 sumNanos=235799811448 avgNanos=164205996
zil-additional-service  | 2026-05-05T00:21:44.376Z  INFO 1 --- [zil-additional-service] [   scheduling-1] r.a.observability.ObservabilityService   : LAB9 Observability window=30s category=web.additional.availability_new count=73 sumNanos=24551640053 avgNanos=336323836
zil-additional-service  | 2026-05-05T00:21:44.376Z  INFO 1 --- [zil-additional-service] [   scheduling-1] r.a.observability.ObservabilityService   : LAB9 Observability window=30s category=additional.statsComputation.availability.allCitiesAllDates count=73 sumNanos=16850931 avgNanos=230834
zil-additional-service  | 2026-05-05T00:21:44.377Z  INFO 1 --- [zil-additional-service] [   scheduling-1] r.a.observability.ObservabilityService   : LAB9 Observability window=1m category=additional.statsComputation.stats count=2595 sumNanos=966531 avgNanos=372
zil-additional-service  | 2026-05-05T00:21:44.377Z  INFO 1 --- [zil-additional-service] [   scheduling-1] r.a.observability.ObservabilityService   : LAB9 Observability window=1m category=web.additional.stats count=2595 sumNanos=913820961110 avgNanos=352146805
zil-additional-service  | 2026-05-05T00:21:44.377Z  INFO 1 --- [zil-additional-service] [   scheduling-1] r.a.observability.ObservabilityService   : LAB9 Observability window=1m category=http.main.rents count=2728 sumNanos=480451401672 avgNanos=176118549
zil-additional-service  | 2026-05-05T00:21:44.377Z  INFO 1 --- [zil-additional-service] [   scheduling-1] r.a.observability.ObservabilityService   : LAB9 Observability window=1m category=http.main.cars count=2730 sumNanos=479326584502 avgNanos=175577503
zil-additional-service  | 2026-05-05T00:21:44.377Z  INFO 1 --- [zil-additional-service] [   scheduling-1] r.a.observability.ObservabilityService   : LAB9 Observability window=1m category=web.additional.availability_new count=133 sumNanos=49610292228 avgNanos=373009716
zil-additional-service  | 2026-05-05T00:21:44.377Z  INFO 1 --- [zil-additional-service] [   scheduling-1] r.a.observability.ObservabilityService   : LAB9 Observability window=1m category=additional.statsComputation.availability.allCitiesAllDates count=133 sumNanos=26750651 avgNanos=201132
zil-additional-service  | 2026-05-05T00:21:49.378Z  INFO 1 --- [zil-additional-service] [   scheduling-1] r.a.observability.ObservabilityService   : LAB9 Observability window=10s category=additional.statsComputation.stats count=455 sumNanos=32791 avgNanos=72
zil-additional-service  | 2026-05-05T00:21:49.378Z  INFO 1 --- [zil-additional-service] [   scheduling-1] r.a.observability.ObservabilityService   : LAB9 Observability window=10s category=web.additional.stats count=455 sumNanos=150000836774 avgNanos=329672168
zil-additional-service  | 2026-05-05T00:21:49.378Z  INFO 1 --- [zil-additional-service] [   scheduling-1] r.a.observability.ObservabilityService   : LAB9 Observability window=10s category=http.main.rents count=478 sumNanos=79852496948 avgNanos=167055432
zil-additional-service  | 2026-05-05T00:21:49.378Z  INFO 1 --- [zil-additional-service] [   scheduling-1] r.a.observability.ObservabilityService   : LAB9 Observability window=10s category=http.main.cars count=477 sumNanos=77641657568 avgNanos=162770770
zil-additional-service  | 2026-05-05T00:21:49.378Z  INFO 1 --- [zil-additional-service] [   scheduling-1] r.a.observability.ObservabilityService   : LAB9 Observability window=10s category=web.additional.availability_new count=23 sumNanos=7803938319 avgNanos=339301666
zil-additional-service  | 2026-05-05T00:21:49.378Z  INFO 1 --- [zil-additional-service] [   scheduling-1] r.a.observability.ObservabilityService   : LAB9 Observability window=10s category=additional.statsComputation.availability.allCitiesAllDates count=23 sumNanos=4098708 avgNanos=178204
zil-additional-service  | 2026-05-05T00:21:49.378Z  INFO 1 --- [zil-additional-service] [   scheduling-1] r.a.observability.ObservabilityService   : LAB9 Observability window=30s category=additional.statsComputation.stats count=1369 sumNanos=138345 avgNanos=101
zil-additional-service  | 2026-05-05T00:21:49.378Z  INFO 1 --- [zil-additional-service] [   scheduling-1] r.a.observability.ObservabilityService   : LAB9 Observability window=30s category=web.additional.stats count=1369 sumNanos=451154193162 avgNanos=329550177
zil-additional-service  | 2026-05-05T00:21:49.378Z  INFO 1 --- [zil-additional-service] [   scheduling-1] r.a.observability.ObservabilityService   : LAB9 Observability window=30s category=http.main.rents count=1434 sumNanos=238070831135 avgNanos=166018710
zil-additional-service  | 2026-05-05T00:21:49.378Z  INFO 1 --- [zil-additional-service] [   scheduling-1] r.a.observability.ObservabilityService   : LAB9 Observability window=30s category=http.main.cars count=1433 sumNanos=234966777814 avgNanos=163968442
zil-additional-service  | 2026-05-05T00:21:49.378Z  INFO 1 --- [zil-additional-service] [   scheduling-1] r.a.observability.ObservabilityService   : LAB9 Observability window=30s category=web.additional.availability_new count=65 sumNanos=22120433665 avgNanos=340314364
zil-additional-service  | 2026-05-05T00:21:49.378Z  INFO 1 --- [zil-additional-service] [   scheduling-1] r.a.observability.ObservabilityService   : LAB9 Observability window=30s category=additional.statsComputation.availability.allCitiesAllDates count=65 sumNanos=12584051 avgNanos=193600
zil-additional-service  | 2026-05-05T00:21:49.379Z  INFO 1 --- [zil-additional-service] [   scheduling-1] r.a.observability.ObservabilityService   : LAB9 Observability window=1m category=additional.statsComputation.stats count=2736 sumNanos=974868 avgNanos=356
zil-additional-service  | 2026-05-05T00:21:49.379Z  INFO 1 --- [zil-additional-service] [   scheduling-1] r.a.observability.ObservabilityService   : LAB9 Observability window=1m category=web.additional.stats count=2736 sumNanos=899984424169 avgNanos=328941675
zil-additional-service  | 2026-05-05T00:21:49.379Z  INFO 1 --- [zil-additional-service] [   scheduling-1] r.a.observability.ObservabilityService   : LAB9 Observability window=1m category=http.main.rents count=2872 sumNanos=473663382272 avgNanos=164924576
zil-additional-service  | 2026-05-05T00:21:49.379Z  INFO 1 --- [zil-additional-service] [   scheduling-1] r.a.observability.ObservabilityService   : LAB9 Observability window=1m category=http.main.cars count=2871 sumNanos=471088753097 avgNanos=164085250
zil-additional-service  | 2026-05-05T00:21:49.379Z  INFO 1 --- [zil-additional-service] [   scheduling-1] r.a.observability.ObservabilityService   : LAB9 Observability window=1m category=web.additional.availability_new count=136 sumNanos=45257092979 avgNanos=332772742
zil-additional-service  | 2026-05-05T00:21:49.379Z  INFO 1 --- [zil-additional-service] [   scheduling-1] r.a.observability.ObservabilityService   : LAB9 Observability window=1m category=additional.statsComputation.availability.allCitiesAllDates count=136 sumNanos=27228336 avgNanos=200208
zil-additional-service  | 2026-05-05T00:21:52.959Z  INFO 1 --- [zil-additional-service] [   scheduling-1] r.additional.service.ClientCacheService  : [client-cache-statistics] Client cache size=1000
zil-additional-service  | 2026-05-05T00:21:54.380Z  INFO 1 --- [zil-additional-service] [   scheduling-1] r.a.observability.ObservabilityService   : LAB9 Observability window=10s category=additional.statsComputation.stats count=441 sumNanos=41824 avgNanos=94
zil-additional-service  | 2026-05-05T00:21:54.380Z  INFO 1 --- [zil-additional-service] [   scheduling-1] r.a.observability.ObservabilityService   : LAB9 Observability window=10s category=web.additional.stats count=441 sumNanos=145124205900 avgNanos=329079831
zil-additional-service  | 2026-05-05T00:21:54.380Z  INFO 1 --- [zil-additional-service] [   scheduling-1] r.a.observability.ObservabilityService   : LAB9 Observability window=10s category=http.main.rents count=461 sumNanos=75255751886 avgNanos=163244581
zil-additional-service  | 2026-05-05T00:21:54.381Z  INFO 1 --- [zil-additional-service] [   scheduling-1] r.a.observability.ObservabilityService   : LAB9 Observability window=10s category=http.main.cars count=450 sumNanos=73970507882 avgNanos=164378906
zil-additional-service  | 2026-05-05T00:21:54.381Z  INFO 1 --- [zil-additional-service] [   scheduling-1] r.a.observability.ObservabilityService   : LAB9 Observability window=10s category=web.additional.availability_new count=20 sumNanos=6470569523 avgNanos=323528476
zil-additional-service  | 2026-05-05T00:21:54.381Z  INFO 1 --- [zil-additional-service] [   scheduling-1] r.a.observability.ObservabilityService   : LAB9 Observability window=10s category=additional.statsComputation.availability.allCitiesAllDates count=20 sumNanos=8214857 avgNanos=410742
zil-additional-service  | 2026-05-05T00:21:54.381Z  INFO 1 --- [zil-additional-service] [   scheduling-1] r.a.observability.ObservabilityService   : LAB9 Observability window=30s category=additional.statsComputation.stats count=1348 sumNanos=146529 avgNanos=108
zil-additional-service  | 2026-05-05T00:21:54.381Z  INFO 1 --- [zil-additional-service] [   scheduling-1] r.a.observability.ObservabilityService   : LAB9 Observability window=30s category=web.additional.stats count=1348 sumNanos=444978976225 avgNanos=330103098
zil-additional-service  | 2026-05-05T00:21:54.381Z  INFO 1 --- [zil-additional-service] [   scheduling-1] r.a.observability.ObservabilityService   : LAB9 Observability window=30s category=http.main.rents count=1415 sumNanos=235026177750 avgNanos=166096238
zil-additional-service  | 2026-05-05T00:21:54.381Z  INFO 1 --- [zil-additional-service] [   scheduling-1] r.a.observability.ObservabilityService   : LAB9 Observability window=30s category=http.main.cars count=1400 sumNanos=230153377650 avgNanos=164395269
zil-additional-service  | 2026-05-05T00:21:54.381Z  INFO 1 --- [zil-additional-service] [   scheduling-1] r.a.observability.ObservabilityService   : LAB9 Observability window=30s category=web.additional.availability_new count=67 sumNanos=22343634766 avgNanos=333487086
zil-additional-service  | 2026-05-05T00:21:54.381Z  INFO 1 --- [zil-additional-service] [   scheduling-1] r.a.observability.ObservabilityService   : LAB9 Observability window=30s category=additional.statsComputation.availability.allCitiesAllDates count=67 sumNanos=16937609 avgNanos=252800
zil-additional-service  | 2026-05-05T00:21:54.381Z  INFO 1 --- [zil-additional-service] [   scheduling-1] r.a.observability.ObservabilityService   : LAB9 Observability window=1m category=additional.statsComputation.stats count=2712 sumNanos=976311 avgNanos=359
zil-additional-service  | 2026-05-05T00:21:54.381Z  INFO 1 --- [zil-additional-service] [   scheduling-1] r.a.observability.ObservabilityService   : LAB9 Observability window=1m category=web.additional.stats count=2712 sumNanos=892018327576 avgNanos=328915312
zil-additional-service  | 2026-05-05T00:21:54.381Z  INFO 1 --- [zil-additional-service] [   scheduling-1] r.a.observability.ObservabilityService   : LAB9 Observability window=1m category=http.main.rents count=2849 sumNanos=469785313896 avgNanos=164894810
zil-additional-service  | 2026-05-05T00:21:54.381Z  INFO 1 --- [zil-additional-service] [   scheduling-1] r.a.observability.ObservabilityService   : LAB9 Observability window=1m category=http.main.cars count=2840 sumNanos=465933657935 avgNanos=164061147
zil-additional-service  | 2026-05-05T00:21:54.381Z  INFO 1 --- [zil-additional-service] [   scheduling-1] r.a.observability.ObservabilityService   : LAB9 Observability window=1m category=web.additional.availability_new count=137 sumNanos=45383790732 avgNanos=331268545
zil-additional-service  | 2026-05-05T00:21:54.382Z  INFO 1 --- [zil-additional-service] [   scheduling-1] r.a.observability.ObservabilityService   : LAB9 Observability window=1m category=additional.statsComputation.availability.allCitiesAllDates count=137 sumNanos=33284627 avgNanos=242953
zil-additional-service  | 2026-05-05T00:21:59.382Z  INFO 1 --- [zil-additional-service] [   scheduling-1] r.a.observability.ObservabilityService   : LAB9 Observability window=10s category=additional.statsComputation.stats count=210 sumNanos=24735 avgNanos=117
zil-additional-service  | 2026-05-05T00:21:59.382Z  INFO 1 --- [zil-additional-service] [   scheduling-1] r.a.observability.ObservabilityService   : LAB9 Observability window=10s category=web.additional.stats count=210 sumNanos=68070175790 avgNanos=324143694
zil-additional-service  | 2026-05-05T00:21:59.383Z  INFO 1 --- [zil-additional-service] [   scheduling-1] r.a.observability.ObservabilityService   : LAB9 Observability window=10s category=http.main.rents count=221 sumNanos=35487750582 avgNanos=160578056
zil-additional-service  | 2026-05-05T00:21:59.383Z  INFO 1 --- [zil-additional-service] [   scheduling-1] r.a.observability.ObservabilityService   : LAB9 Observability window=10s category=http.main.cars count=214 sumNanos=34816006377 avgNanos=162691618
zil-additional-service  | 2026-05-05T00:21:59.383Z  INFO 1 --- [zil-additional-service] [   scheduling-1] r.a.observability.ObservabilityService   : LAB9 Observability window=10s category=web.additional.availability_new count=11 sumNanos=3324895009 avgNanos=302263182
zil-additional-service  | 2026-05-05T00:21:59.383Z  INFO 1 --- [zil-additional-service] [   scheduling-1] r.a.observability.ObservabilityService   : LAB9 Observability window=10s category=additional.statsComputation.availability.allCitiesAllDates count=11 sumNanos=7174697 avgNanos=652245
zil-additional-service  | 2026-05-05T00:21:59.383Z  INFO 1 --- [zil-additional-service] [   scheduling-1] r.a.observability.ObservabilityService   : LAB9 Observability window=30s category=additional.statsComputation.stats count=1118 sumNanos=109963 avgNanos=98
zil-additional-service  | 2026-05-05T00:21:59.383Z  INFO 1 --- [zil-additional-service] [   scheduling-1] r.a.observability.ObservabilityService   : LAB9 Observability window=30s category=web.additional.stats count=1118 sumNanos=368589821630 avgNanos=329686781
zil-additional-service  | 2026-05-05T00:21:59.383Z  INFO 1 --- [zil-additional-service] [   scheduling-1] r.a.observability.ObservabilityService   : LAB9 Observability window=30s category=http.main.rents count=1174 sumNanos=194700361172 avgNanos=165843578
zil-additional-service  | 2026-05-05T00:21:59.383Z  INFO 1 --- [zil-additional-service] [   scheduling-1] r.a.observability.ObservabilityService   : LAB9 Observability window=30s category=http.main.cars count=1166 sumNanos=191000358640 avgNanos=163808197
zil-additional-service  | 2026-05-05T00:21:59.383Z  INFO 1 --- [zil-additional-service] [   scheduling-1] r.a.observability.ObservabilityService   : LAB9 Observability window=30s category=web.additional.availability_new count=56 sumNanos=18729474040 avgNanos=334454893
zil-additional-service  | 2026-05-05T00:21:59.383Z  INFO 1 --- [zil-additional-service] [   scheduling-1] r.a.observability.ObservabilityService   : LAB9 Observability window=30s category=additional.statsComputation.availability.allCitiesAllDates count=56 sumNanos=15608418 avgNanos=278721
zil-additional-service  | 2026-05-05T00:21:59.384Z  INFO 1 --- [zil-additional-service] [   scheduling-1] r.a.observability.ObservabilityService   : LAB9 Observability window=1m category=additional.statsComputation.stats count=2482 sumNanos=950889 avgNanos=383
zil-additional-service  | 2026-05-05T00:21:59.384Z  INFO 1 --- [zil-additional-service] [   scheduling-1] r.a.observability.ObservabilityService   : LAB9 Observability window=1m category=web.additional.stats count=2482 sumNanos=816611270118 avgNanos=329013404
zil-additional-service  | 2026-05-05T00:21:59.384Z  INFO 1 --- [zil-additional-service] [   scheduling-1] r.a.observability.ObservabilityService   : LAB9 Observability window=1m category=http.main.rents count=2608 sumNanos=431150402406 avgNanos=165318405
zil-additional-service  | 2026-05-05T00:21:59.384Z  INFO 1 --- [zil-additional-service] [   scheduling-1] r.a.observability.ObservabilityService   : LAB9 Observability window=1m category=http.main.cars count=2601 sumNanos=425711138122 avgNanos=163672102
zil-additional-service  | 2026-05-05T00:21:59.384Z  INFO 1 --- [zil-additional-service] [   scheduling-1] r.a.observability.ObservabilityService   : LAB9 Observability window=1m category=web.additional.availability_new count=126 sumNanos=41664534289 avgNanos=330670907
zil-additional-service  | 2026-05-05T00:21:59.384Z  INFO 1 --- [zil-additional-service] [   scheduling-1] r.a.observability.ObservabilityService   : LAB9 Observability window=1m category=additional.statsComputation.availability.allCitiesAllDates count=126 sumNanos=31929202 avgNanos=253406
