zil-app  | 
zil-app  |   .   ____          _            __ _ _
zil-app  |  /\\ / ___'_ __ _ _(_)_ __  __ _ \ \ \ \
zil-app  | ( ( )\___ | '_ | '_| | '_ \/ _` | \ \ \ \
zil-app  |  \\/  ___)| |_)| | | | | || (_| |  ) ) ) )
zil-app  |   '  |____| .__|_| |_|_| |_\__, | / / / /
zil-app  |  =========|_|==============|___/=/_/_/_/
zil-app  | 
zil-app  |  :: Spring Boot ::                (v4.0.3)
zil-app  | 
zil-app  | 2026-05-05T00:22:21.318Z  INFO 1 --- [           main] rental.Application                       : Starting Application v1.0-SNAPSHOT using Java 25.0.3 with PID 1 (/app/app.jar started by root in /app)
zil-app  | 2026-05-05T00:22:21.331Z  INFO 1 --- [           main] rental.Application                       : No active profile set, falling back to 1 default profile: "default"
zil-app  | 2026-05-05T00:22:24.329Z  INFO 1 --- [           main] .s.d.r.c.RepositoryConfigurationDelegate : Bootstrapping Spring Data JPA repositories in DEFAULT mode.
zil-app  | 2026-05-05T00:22:24.532Z  INFO 1 --- [           main] .s.d.r.c.RepositoryConfigurationDelegate : Finished Spring Data repository scanning in 170 ms. Found 3 JPA repository interfaces.
zil-app  | 2026-05-05T00:22:26.595Z  INFO 1 --- [           main] o.s.boot.tomcat.TomcatWebServer          : Tomcat initialized with port 8083 (http)
zil-app  | 2026-05-05T00:22:26.629Z  INFO 1 --- [           main] o.apache.catalina.core.StandardService   : Starting service [Tomcat]
zil-app  | 2026-05-05T00:22:26.633Z  INFO 1 --- [           main] o.apache.catalina.core.StandardEngine    : Starting Servlet engine: [Apache Tomcat/11.0.18]
zil-app  | 2026-05-05T00:22:26.923Z  INFO 1 --- [           main] b.w.c.s.WebApplicationContextInitializer : Root WebApplicationContext: initialization completed in 5392 ms
zil-app  | 2026-05-05T00:22:28.986Z  INFO 1 --- [           main] com.zaxxer.hikari.HikariDataSource       : HikariPool-1 - Starting...
zil-app  | 2026-05-05T00:22:29.488Z  INFO 1 --- [           main] com.zaxxer.hikari.pool.HikariPool        : HikariPool-1 - Added connection org.postgresql.jdbc.PgConnection@16029e2f
zil-app  | 2026-05-05T00:22:29.491Z  INFO 1 --- [           main] com.zaxxer.hikari.HikariDataSource       : HikariPool-1 - Start completed.
zil-app  | 2026-05-05T00:22:29.578Z  INFO 1 --- [           main] org.flywaydb.core.FlywayExecutor         : Database: jdbc:postgresql://hl12.zil:5433/hl7?currentSchema=hl7 (PostgreSQL 16.13)
zil-app  | 2026-05-05T00:22:29.871Z  INFO 1 --- [           main] o.f.core.internal.command.DbValidate     : Successfully validated 3 migrations (execution time 00:00.114s)
zil-app  | 2026-05-05T00:22:30.000Z  INFO 1 --- [           main] o.f.core.internal.command.DbMigrate      : Current version of schema "hl7": 2
zil-app  | 2026-05-05T00:22:30.050Z  INFO 1 --- [           main] o.f.core.internal.command.DbMigrate      : Schema "hl7" is up to date. No migration necessary.
zil-app  | 2026-05-05T00:22:30.575Z  INFO 1 --- [           main] org.hibernate.orm.jpa                    : HHH008540: Processing PersistenceUnitInfo [name: default]
zil-app  | 2026-05-05T00:22:30.796Z  INFO 1 --- [           main] org.hibernate.orm.core                   : HHH000001: Hibernate ORM core version 7.2.4.Final
zil-app  | 2026-05-05T00:22:32.585Z  INFO 1 --- [           main] o.s.o.j.p.SpringPersistenceUnitInfo      : No LoadTimeWeaver setup: ignoring JPA class transformer
zil-app  | 2026-05-05T00:22:32.889Z  INFO 1 --- [           main] org.hibernate.orm.connections.pooling    : HHH10001005: Database info:
zil-app  | 	Database JDBC URL [jdbc:postgresql://hl12.zil:5433/hl7?currentSchema=hl7]
zil-app  | 	Database driver: PostgreSQL JDBC Driver
zil-app  | 	Database dialect: PostgreSQLDialect
zil-app  | 	Database version: 16.13
zil-app  | 	Default catalog/schema: hl7/hl7
zil-app  | 	Autocommit mode: undefined/unknown
zil-app  | 	Isolation level: READ_COMMITTED [default READ_COMMITTED]
zil-app  | 	JDBC fetch size: none
zil-app  | 	Pool: DataSourceConnectionProvider
zil-app  | 	Minimum pool size: undefined/unknown
zil-app  | 	Maximum pool size: undefined/unknown
zil-app  | 2026-05-05T00:22:36.190Z  INFO 1 --- [           main] org.hibernate.orm.core                   : HHH000489: No JTA platform available (set 'hibernate.transaction.jta.platform' to enable JTA platform integration)
zil-app  | 2026-05-05T00:22:36.315Z  INFO 1 --- [           main] j.LocalContainerEntityManagerFactoryBean : Initialized JPA EntityManagerFactory for persistence unit 'default'
zil-app  | 2026-05-05T00:22:36.572Z  INFO 1 --- [           main] o.s.d.j.r.query.QueryEnhancerFactories   : Hibernate is in classpath; If applicable, HQL parser will be used.
zil-app  | 2026-05-05T00:22:40.663Z  INFO 1 --- [           main] o.s.boot.tomcat.TomcatWebServer          : Tomcat started on port 8083 (http) with context path '/'
zil-additional-service  | 
zil-additional-service  |   .   ____          _            __ _ _
zil-app                 | 2026-05-05T00:22:40.680Z  INFO 1 --- [           main] rental.Application                       : Started Application in 20.778 seconds (process running for 22.45)
zil-app                 | 2026-05-05T00:23:03.574Z  INFO 1 --- [nio-8083-exec-1] o.a.c.c.C.[Tomcat].[localhost].[/]       : Initializing Spring DispatcherServlet 'dispatcherServlet'
zil-app                 | 2026-05-05T00:23:03.574Z  INFO 1 --- [nio-8083-exec-1] o.s.web.servlet.DispatcherServlet        : Initializing Servlet 'dispatcherServlet'
zil-app                 | 2026-05-05T00:23:03.576Z  INFO 1 --- [nio-8083-exec-1] o.s.web.servlet.DispatcherServlet        : Completed initialization in 1 ms
zil-app                 | 2026-05-05T00:23:05.682Z  INFO 1 --- [   scheduling-1] r.observability.ObservabilityService     : LAB9 Observability window=10s category=web.ClientController.getClients count=1 sumNanos=345668609 avgNanos=345668609
zil-app                 | 2026-05-05T00:23:05.682Z  INFO 1 --- [   scheduling-1] r.observability.ObservabilityService     : LAB9 Observability window=10s category=db.stats.countRents count=1 sumNanos=14398053 avgNanos=14398053
zil-app                 | 2026-05-05T00:23:05.682Z  INFO 1 --- [   scheduling-1] r.observability.ObservabilityService     : LAB9 Observability window=10s category=web.RentController.getRents count=1 sumNanos=161012195 avgNanos=161012195
zil-app                 | 2026-05-05T00:23:05.683Z  INFO 1 --- [   scheduling-1] r.observability.ObservabilityService     : LAB9 Observability window=10s category=db.client.findAll count=1 sumNanos=345352965 avgNanos=345352965
zil-app                 | 2026-05-05T00:23:05.683Z  INFO 1 --- [   scheduling-1] r.observability.ObservabilityService     : LAB9 Observability window=10s category=db.rent.findAll count=1 sumNanos=160739029 avgNanos=160739029
zil-app                 | 2026-05-05T00:23:05.683Z  INFO 1 --- [   scheduling-1] r.observability.ObservabilityService     : LAB9 Observability window=10s category=db.stats.countClients count=1 sumNanos=15020908 avgNanos=15020908
zil-app                 | 2026-05-05T00:23:05.683Z  INFO 1 --- [   scheduling-1] r.observability.ObservabilityService     : LAB9 Observability window=10s category=db.stats.countCars count=1 sumNanos=310208593 avgNanos=310208593
zil-app                 | 2026-05-05T00:23:05.683Z  INFO 1 --- [   scheduling-1] r.observability.ObservabilityService     : LAB9 Observability window=10s category=web.CarController.getCars count=1 sumNanos=125257312 avgNanos=125257312
zil-app                 | 2026-05-05T00:23:05.683Z  INFO 1 --- [   scheduling-1] r.observability.ObservabilityService     : LAB9 Observability window=10s category=db.car.findAll count=1 sumNanos=125003664 avgNanos=125003664
zil-app                 | 2026-05-05T00:23:05.683Z  INFO 1 --- [   scheduling-1] r.observability.ObservabilityService     : LAB9 Observability window=10s category=web.StatsController.stats count=1 sumNanos=340475947 avgNanos=340475947
zil-app                 | 2026-05-05T00:23:05.683Z  INFO 1 --- [   scheduling-1] r.observability.ObservabilityService     : LAB9 Observability window=30s category=web.ClientController.getClients count=1 sumNanos=345668609 avgNanos=345668609
zil-app                 | 2026-05-05T00:23:05.683Z  INFO 1 --- [   scheduling-1] r.observability.ObservabilityService     : LAB9 Observability window=30s category=db.stats.countRents count=1 sumNanos=14398053 avgNanos=14398053
zil-app                 | 2026-05-05T00:23:05.683Z  INFO 1 --- [   scheduling-1] r.observability.ObservabilityService     : LAB9 Observability window=30s category=web.RentController.getRents count=1 sumNanos=161012195 avgNanos=161012195
zil-app                 | 2026-05-05T00:23:05.683Z  INFO 1 --- [   scheduling-1] r.observability.ObservabilityService     : LAB9 Observability window=30s category=db.client.findAll count=1 sumNanos=345352965 avgNanos=345352965
zil-app                 | 2026-05-05T00:23:05.683Z  INFO 1 --- [   scheduling-1] r.observability.ObservabilityService     : LAB9 Observability window=30s category=db.rent.findAll count=1 sumNanos=160739029 avgNanos=160739029
zil-app                 | 2026-05-05T00:23:05.683Z  INFO 1 --- [   scheduling-1] r.observability.ObservabilityService     : LAB9 Observability window=30s category=db.stats.countClients count=1 sumNanos=15020908 avgNanos=15020908
zil-app                 | 2026-05-05T00:23:05.683Z  INFO 1 --- [   scheduling-1] r.observability.ObservabilityService     : LAB9 Observability window=30s category=db.stats.countCars count=1 sumNanos=310208593 avgNanos=310208593
zil-app                 | 2026-05-05T00:23:05.684Z  INFO 1 --- [   scheduling-1] r.observability.ObservabilityService     : LAB9 Observability window=30s category=web.CarController.getCars count=1 sumNanos=125257312 avgNanos=125257312
zil-app                 | 2026-05-05T00:23:05.684Z  INFO 1 --- [   scheduling-1] r.observability.ObservabilityService     : LAB9 Observability window=30s category=db.car.findAll count=1 sumNanos=125003664 avgNanos=125003664
zil-app                 | 2026-05-05T00:23:05.684Z  INFO 1 --- [   scheduling-1] r.observability.ObservabilityService     : LAB9 Observability window=30s category=web.StatsController.stats count=1 sumNanos=340475947 avgNanos=340475947
zil-app                 | 2026-05-05T00:23:05.684Z  INFO 1 --- [   scheduling-1] r.observability.ObservabilityService     : LAB9 Observability window=1m category=web.ClientController.getClients count=1 sumNanos=345668609 avgNanos=345668609
zil-app                 | 2026-05-05T00:23:05.684Z  INFO 1 --- [   scheduling-1] r.observability.ObservabilityService     : LAB9 Observability window=1m category=db.stats.countRents count=1 sumNanos=14398053 avgNanos=14398053
zil-app                 | 2026-05-05T00:23:05.684Z  INFO 1 --- [   scheduling-1] r.observability.ObservabilityService     : LAB9 Observability window=1m category=web.RentController.getRents count=1 sumNanos=161012195 avgNanos=161012195
zil-app                 | 2026-05-05T00:23:05.684Z  INFO 1 --- [   scheduling-1] r.observability.ObservabilityService     : LAB9 Observability window=1m category=db.client.findAll count=1 sumNanos=345352965 avgNanos=345352965
zil-app                 | 2026-05-05T00:23:05.684Z  INFO 1 --- [   scheduling-1] r.observability.ObservabilityService     : LAB9 Observability window=1m category=db.rent.findAll count=1 sumNanos=160739029 avgNanos=160739029
zil-app                 | 2026-05-05T00:23:05.684Z  INFO 1 --- [   scheduling-1] r.observability.ObservabilityService     : LAB9 Observability window=1m category=db.stats.countClients count=1 sumNanos=15020908 avgNanos=15020908
zil-app                 | 2026-05-05T00:23:05.684Z  INFO 1 --- [   scheduling-1] r.observability.ObservabilityService     : LAB9 Observability window=1m category=db.stats.countCars count=1 sumNanos=310208593 avgNanos=310208593
zil-app                 | 2026-05-05T00:23:05.684Z  INFO 1 --- [   scheduling-1] r.observability.ObservabilityService     : LAB9 Observability window=1m category=web.CarController.getCars count=1 sumNanos=125257312 avgNanos=125257312
zil-app                 | 2026-05-05T00:23:05.684Z  INFO 1 --- [   scheduling-1] r.observability.ObservabilityService     : LAB9 Observability window=1m category=db.car.findAll count=1 sumNanos=125003664 avgNanos=125003664
zil-app                 | 2026-05-05T00:23:05.684Z  INFO 1 --- [   scheduling-1] r.observability.ObservabilityService     : LAB9 Observability window=1m category=web.StatsController.stats count=1 sumNanos=340475947 avgNanos=340475947
zil-app                 | 2026-05-05T00:23:10.709Z  INFO 1 --- [   scheduling-1] r.observability.ObservabilityService     : LAB9 Observability window=10s category=web.ClientController.getClients count=1 sumNanos=345668609 avgNanos=345668609
zil-app                 | 2026-05-05T00:23:10.709Z  INFO 1 --- [   scheduling-1] r.observability.ObservabilityService     : LAB9 Observability window=10s category=db.stats.countRents count=1 sumNanos=14398053 avgNanos=14398053
zil-app                 | 2026-05-05T00:23:10.709Z  INFO 1 --- [   scheduling-1] r.observability.ObservabilityService     : LAB9 Observability window=10s category=web.RentController.getRents count=73 sumNanos=38310648957 avgNanos=524803410
zil-app                 | 2026-05-05T00:23:10.709Z  INFO 1 --- [   scheduling-1] r.observability.ObservabilityService     : LAB9 Observability window=10s category=db.client.findAll count=1 sumNanos=345352965 avgNanos=345352965
zil-app                 | 2026-05-05T00:23:10.709Z  INFO 1 --- [   scheduling-1] r.observability.ObservabilityService     : LAB9 Observability window=10s category=db.rent.findAll count=73 sumNanos=38309401469 avgNanos=524786321
zil-app                 | 2026-05-05T00:23:10.710Z  INFO 1 --- [   scheduling-1] r.observability.ObservabilityService     : LAB9 Observability window=10s category=db.stats.countClients count=1 sumNanos=15020908 avgNanos=15020908
zil-app                 | 2026-05-05T00:23:10.710Z  INFO 1 --- [   scheduling-1] r.observability.ObservabilityService     : LAB9 Observability window=10s category=db.stats.countCars count=1 sumNanos=310208593 avgNanos=310208593
zil-app                 | 2026-05-05T00:23:10.710Z  INFO 1 --- [   scheduling-1] r.observability.ObservabilityService     : LAB9 Observability window=10s category=web.CarController.getCars count=79 sumNanos=28344464446 avgNanos=358790689
zil-app                 | 2026-05-05T00:23:10.710Z  INFO 1 --- [   scheduling-1] r.observability.ObservabilityService     : LAB9 Observability window=10s category=db.car.findAll count=79 sumNanos=28315521006 avgNanos=358424316
zil-app                 | 2026-05-05T00:23:10.710Z  INFO 1 --- [   scheduling-1] r.observability.ObservabilityService     : LAB9 Observability window=10s category=web.StatsController.stats count=1 sumNanos=340475947 avgNanos=340475947
zil-app                 | 2026-05-05T00:23:10.710Z  INFO 1 --- [   scheduling-1] r.observability.ObservabilityService     : LAB9 Observability window=30s category=web.ClientController.getClients count=1 sumNanos=345668609 avgNanos=345668609
zil-app                 | 2026-05-05T00:23:10.710Z  INFO 1 --- [   scheduling-1] r.observability.ObservabilityService     : LAB9 Observability window=30s category=db.stats.countRents count=1 sumNanos=14398053 avgNanos=14398053
zil-app                 | 2026-05-05T00:23:10.710Z  INFO 1 --- [   scheduling-1] r.observability.ObservabilityService     : LAB9 Observability window=30s category=web.RentController.getRents count=73 sumNanos=38310648957 avgNanos=524803410
zil-app                 | 2026-05-05T00:23:10.710Z  INFO 1 --- [   scheduling-1] r.observability.ObservabilityService     : LAB9 Observability window=30s category=db.client.findAll count=1 sumNanos=345352965 avgNanos=345352965
zil-app                 | 2026-05-05T00:23:10.710Z  INFO 1 --- [   scheduling-1] r.observability.ObservabilityService     : LAB9 Observability window=30s category=db.rent.findAll count=73 sumNanos=38309401469 avgNanos=524786321
zil-app                 | 2026-05-05T00:23:10.710Z  INFO 1 --- [   scheduling-1] r.observability.ObservabilityService     : LAB9 Observability window=30s category=db.stats.countClients count=1 sumNanos=15020908 avgNanos=15020908
zil-app                 | 2026-05-05T00:23:10.710Z  INFO 1 --- [   scheduling-1] r.observability.ObservabilityService     : LAB9 Observability window=30s category=db.stats.countCars count=1 sumNanos=310208593 avgNanos=310208593
zil-app                 | 2026-05-05T00:23:10.710Z  INFO 1 --- [   scheduling-1] r.observability.ObservabilityService     : LAB9 Observability window=30s category=web.CarController.getCars count=79 sumNanos=28344464446 avgNanos=358790689
zil-app                 | 2026-05-05T00:23:10.710Z  INFO 1 --- [   scheduling-1] r.observability.ObservabilityService     : LAB9 Observability window=30s category=db.car.findAll count=79 sumNanos=28315521006 avgNanos=358424316
zil-app                 | 2026-05-05T00:23:10.711Z  INFO 1 --- [   scheduling-1] r.observability.ObservabilityService     : LAB9 Observability window=30s category=web.StatsController.stats count=1 sumNanos=340475947 avgNanos=340475947
zil-app                 | 2026-05-05T00:23:10.711Z  INFO 1 --- [   scheduling-1] r.observability.ObservabilityService     : LAB9 Observability window=1m category=web.ClientController.getClients count=1 sumNanos=345668609 avgNanos=345668609
zil-app                 | 2026-05-05T00:23:10.711Z  INFO 1 --- [   scheduling-1] r.observability.ObservabilityService     : LAB9 Observability window=1m category=db.stats.countRents count=1 sumNanos=14398053 avgNanos=14398053
zil-app                 | 2026-05-05T00:23:10.711Z  INFO 1 --- [   scheduling-1] r.observability.ObservabilityService     : LAB9 Observability window=1m category=web.RentController.getRents count=73 sumNanos=38310648957 avgNanos=524803410
zil-app                 | 2026-05-05T00:23:10.711Z  INFO 1 --- [   scheduling-1] r.observability.ObservabilityService     : LAB9 Observability window=1m category=db.client.findAll count=1 sumNanos=345352965 avgNanos=345352965
zil-app                 | 2026-05-05T00:23:10.711Z  INFO 1 --- [   scheduling-1] r.observability.ObservabilityService     : LAB9 Observability window=1m category=db.rent.findAll count=73 sumNanos=38309401469 avgNanos=524786321
zil-app                 | 2026-05-05T00:23:10.711Z  INFO 1 --- [   scheduling-1] r.observability.ObservabilityService     : LAB9 Observability window=1m category=db.stats.countClients count=1 sumNanos=15020908 avgNanos=15020908
zil-app                 | 2026-05-05T00:23:10.711Z  INFO 1 --- [   scheduling-1] r.observability.ObservabilityService     : LAB9 Observability window=1m category=db.stats.countCars count=1 sumNanos=310208593 avgNanos=310208593
zil-app                 | 2026-05-05T00:23:10.711Z  INFO 1 --- [   scheduling-1] r.observability.ObservabilityService     : LAB9 Observability window=1m category=web.CarController.getCars count=79 sumNanos=28344464446 avgNanos=358790689
zil-app                 | 2026-05-05T00:23:10.711Z  INFO 1 --- [   scheduling-1] r.observability.ObservabilityService     : LAB9 Observability window=1m category=db.car.findAll count=79 sumNanos=28315521006 avgNanos=358424316
zil-app                 | 2026-05-05T00:23:10.711Z  INFO 1 --- [   scheduling-1] r.observability.ObservabilityService     : LAB9 Observability window=1m category=web.StatsController.stats count=1 sumNanos=340475947 avgNanos=340475947
zil-app                 | 2026-05-05T00:23:15.725Z  INFO 1 --- [   scheduling-1] r.observability.ObservabilityService     : LAB9 Observability window=10s category=web.RentController.getRents count=226 sumNanos=72995461616 avgNanos=322988768
zil-app                 | 2026-05-05T00:23:15.725Z  INFO 1 --- [   scheduling-1] r.observability.ObservabilityService     : LAB9 Observability window=10s category=db.rent.findAll count=226 sumNanos=72993552044 avgNanos=322980318
zil-app                 | 2026-05-05T00:23:15.725Z  INFO 1 --- [   scheduling-1] r.observability.ObservabilityService     : LAB9 Observability window=10s category=web.CarController.getCars count=231 sumNanos=59326218307 avgNanos=256823455
zil-app                 | 2026-05-05T00:23:15.725Z  INFO 1 --- [   scheduling-1] r.observability.ObservabilityService     : LAB9 Observability window=10s category=db.car.findAll count=231 sumNanos=59295968819 avgNanos=256692505
zil-app                 | 2026-05-05T00:23:15.726Z  INFO 1 --- [   scheduling-1] r.observability.ObservabilityService     : LAB9 Observability window=30s category=web.ClientController.getClients count=1 sumNanos=345668609 avgNanos=345668609
zil-app                 | 2026-05-05T00:23:15.726Z  INFO 1 --- [   scheduling-1] r.observability.ObservabilityService     : LAB9 Observability window=30s category=db.stats.countRents count=1 sumNanos=14398053 avgNanos=14398053
zil-app                 | 2026-05-05T00:23:15.726Z  INFO 1 --- [   scheduling-1] r.observability.ObservabilityService     : LAB9 Observability window=30s category=web.RentController.getRents count=227 sumNanos=73156473811 avgNanos=322275215
zil-app                 | 2026-05-05T00:23:15.726Z  INFO 1 --- [   scheduling-1] r.observability.ObservabilityService     : LAB9 Observability window=30s category=db.client.findAll count=1 sumNanos=345352965 avgNanos=345352965
zil-app                 | 2026-05-05T00:23:15.726Z  INFO 1 --- [   scheduling-1] r.observability.ObservabilityService     : LAB9 Observability window=30s category=db.rent.findAll count=227 sumNanos=73154291073 avgNanos=322265599
zil-app                 | 2026-05-05T00:23:15.726Z  INFO 1 --- [   scheduling-1] r.observability.ObservabilityService     : LAB9 Observability window=30s category=db.stats.countClients count=1 sumNanos=15020908 avgNanos=15020908
zil-app                 | 2026-05-05T00:23:15.726Z  INFO 1 --- [   scheduling-1] r.observability.ObservabilityService     : LAB9 Observability window=30s category=db.stats.countCars count=1 sumNanos=310208593 avgNanos=310208593
zil-app                 | 2026-05-05T00:23:15.726Z  INFO 1 --- [   scheduling-1] r.observability.ObservabilityService     : LAB9 Observability window=30s category=web.CarController.getCars count=232 sumNanos=59451475619 avgNanos=256256360
zil-app                 | 2026-05-05T00:23:15.726Z  INFO 1 --- [   scheduling-1] r.observability.ObservabilityService     : LAB9 Observability window=30s category=db.car.findAll count=232 sumNanos=59420972483 avgNanos=256124881
zil-app                 | 2026-05-05T00:23:15.726Z  INFO 1 --- [   scheduling-1] r.observability.ObservabilityService     : LAB9 Observability window=30s category=web.StatsController.stats count=1 sumNanos=340475947 avgNanos=340475947
zil-app                 | 2026-05-05T00:23:15.726Z  INFO 1 --- [   scheduling-1] r.observability.ObservabilityService     : LAB9 Observability window=1m category=web.ClientController.getClients count=1 sumNanos=345668609 avgNanos=345668609
zil-app                 | 2026-05-05T00:23:15.727Z  INFO 1 --- [   scheduling-1] r.observability.ObservabilityService     : LAB9 Observability window=1m category=db.stats.countRents count=1 sumNanos=14398053 avgNanos=14398053
zil-app                 | 2026-05-05T00:23:15.727Z  INFO 1 --- [   scheduling-1] r.observability.ObservabilityService     : LAB9 Observability window=1m category=web.RentController.getRents count=227 sumNanos=73156473811 avgNanos=322275215
zil-app                 | 2026-05-05T00:23:15.770Z  INFO 1 --- [   scheduling-1] r.observability.ObservabilityService     : LAB9 Observability window=1m category=db.client.findAll count=1 sumNanos=345352965 avgNanos=345352965
zil-app                 | 2026-05-05T00:23:15.771Z  INFO 1 --- [   scheduling-1] r.observability.ObservabilityService     : LAB9 Observability window=1m category=db.rent.findAll count=227 sumNanos=73154291073 avgNanos=322265599
zil-app                 | 2026-05-05T00:23:15.771Z  INFO 1 --- [   scheduling-1] r.observability.ObservabilityService     : LAB9 Observability window=1m category=db.stats.countClients count=1 sumNanos=15020908 avgNanos=15020908
zil-app                 | 2026-05-05T00:23:15.771Z  INFO 1 --- [   scheduling-1] r.observability.ObservabilityService     : LAB9 Observability window=1m category=db.stats.countCars count=1 sumNanos=310208593 avgNanos=310208593
zil-app                 | 2026-05-05T00:23:15.771Z  INFO 1 --- [   scheduling-1] r.observability.ObservabilityService     : LAB9 Observability window=1m category=web.CarController.getCars count=232 sumNanos=59451475619 avgNanos=256256360
zil-app                 | 2026-05-05T00:23:15.772Z  INFO 1 --- [   scheduling-1] r.observability.ObservabilityService     : LAB9 Observability window=1m category=db.car.findAll count=232 sumNanos=59420972483 avgNanos=256124881
zil-app                 | 2026-05-05T00:23:15.772Z  INFO 1 --- [   scheduling-1] r.observability.ObservabilityService     : LAB9 Observability window=1m category=web.StatsController.stats count=1 sumNanos=340475947 avgNanos=340475947
zil-app                 | 2026-05-05T00:23:20.780Z  INFO 1 --- [   scheduling-1] r.observability.ObservabilityService     : LAB9 Observability window=10s category=web.RentController.getRents count=373 sumNanos=63989154202 avgNanos=171552692
zil-app                 | 2026-05-05T00:23:20.782Z  INFO 1 --- [   scheduling-1] r.observability.ObservabilityService     : LAB9 Observability window=10s category=db.rent.findAll count=373 sumNanos=63987142085 avgNanos=171547297
zil-app                 | 2026-05-05T00:23:20.783Z  INFO 1 --- [   scheduling-1] r.observability.ObservabilityService     : LAB9 Observability window=10s category=web.CarController.getCars count=374 sumNanos=59195938245 avgNanos=158277909
zil-app                 | 2026-05-05T00:23:20.783Z  INFO 1 --- [   scheduling-1] r.observability.ObservabilityService     : LAB9 Observability window=10s category=db.car.findAll count=374 sumNanos=59191645910 avgNanos=158266432
zil-app                 | 2026-05-05T00:23:20.785Z  INFO 1 --- [   scheduling-1] r.observability.ObservabilityService     : LAB9 Observability window=30s category=web.ClientController.getClients count=1 sumNanos=345668609 avgNanos=345668609
zil-app                 | 2026-05-05T00:23:20.785Z  INFO 1 --- [   scheduling-1] r.observability.ObservabilityService     : LAB9 Observability window=30s category=db.stats.countRents count=1 sumNanos=14398053 avgNanos=14398053
zil-app                 | 2026-05-05T00:23:20.786Z  INFO 1 --- [   scheduling-1] r.observability.ObservabilityService     : LAB9 Observability window=30s category=web.RentController.getRents count=447 sumNanos=102613577732 avgNanos=229560576
zil-app                 | 2026-05-05T00:23:20.786Z  INFO 1 --- [   scheduling-1] r.observability.ObservabilityService     : LAB9 Observability window=30s category=db.client.findAll count=1 sumNanos=345352965 avgNanos=345352965
zil-app                 | 2026-05-05T00:23:20.787Z  INFO 1 --- [   scheduling-1] r.observability.ObservabilityService     : LAB9 Observability window=30s category=db.rent.findAll count=447 sumNanos=102610303540 avgNanos=229553251
zil-app                 | 2026-05-05T00:23:20.787Z  INFO 1 --- [   scheduling-1] r.observability.ObservabilityService     : LAB9 Observability window=30s category=db.stats.countClients count=1 sumNanos=15020908 avgNanos=15020908
zil-app                 | 2026-05-05T00:23:20.788Z  INFO 1 --- [   scheduling-1] r.observability.ObservabilityService     : LAB9 Observability window=30s category=db.stats.countCars count=1 sumNanos=310208593 avgNanos=310208593
zil-app                 | 2026-05-05T00:23:20.788Z  INFO 1 --- [   scheduling-1] r.observability.ObservabilityService     : LAB9 Observability window=30s category=web.CarController.getCars count=455 sumNanos=87997662684 avgNanos=193401456
zil-app                 | 2026-05-05T00:23:20.789Z  INFO 1 --- [   scheduling-1] r.observability.ObservabilityService     : LAB9 Observability window=30s category=db.car.findAll count=455 sumNanos=87964417005 avgNanos=193328389
zil-app                 | 2026-05-05T00:23:20.790Z  INFO 1 --- [   scheduling-1] r.observability.ObservabilityService     : LAB9 Observability window=30s category=web.StatsController.stats count=1 sumNanos=340475947 avgNanos=340475947
zil-app                 | 2026-05-05T00:23:20.793Z  INFO 1 --- [   scheduling-1] r.observability.ObservabilityService     : LAB9 Observability window=1m category=web.ClientController.getClients count=1 sumNanos=345668609 avgNanos=345668609
zil-app                 | 2026-05-05T00:23:20.793Z  INFO 1 --- [   scheduling-1] r.observability.ObservabilityService     : LAB9 Observability window=1m category=db.stats.countRents count=1 sumNanos=14398053 avgNanos=14398053
zil-app                 | 2026-05-05T00:23:20.793Z  INFO 1 --- [   scheduling-1] r.observability.ObservabilityService     : LAB9 Observability window=1m category=web.RentController.getRents count=448 sumNanos=102739928214 avgNanos=229330196
zil-app                 | 2026-05-05T00:23:20.793Z  INFO 1 --- [   scheduling-1] r.observability.ObservabilityService     : LAB9 Observability window=1m category=db.client.findAll count=1 sumNanos=345352965 avgNanos=345352965
zil-app                 | 2026-05-05T00:23:20.793Z  INFO 1 --- [   scheduling-1] r.observability.ObservabilityService     : LAB9 Observability window=1m category=db.rent.findAll count=448 sumNanos=102736650154 avgNanos=229322879
zil-app                 | 2026-05-05T00:23:20.793Z  INFO 1 --- [   scheduling-1] r.observability.ObservabilityService     : LAB9 Observability window=1m category=db.stats.countClients count=1 sumNanos=15020908 avgNanos=15020908
zil-app                 | 2026-05-05T00:23:20.793Z  INFO 1 --- [   scheduling-1] r.observability.ObservabilityService     : LAB9 Observability window=1m category=db.stats.countCars count=1 sumNanos=310208593 avgNanos=310208593
zil-app                 | 2026-05-05T00:23:20.793Z  INFO 1 --- [   scheduling-1] r.observability.ObservabilityService     : LAB9 Observability window=1m category=web.CarController.getCars count=455 sumNanos=87997662684 avgNanos=193401456
zil-app                 | 2026-05-05T00:23:20.793Z  INFO 1 --- [   scheduling-1] r.observability.ObservabilityService     : LAB9 Observability window=1m category=db.car.findAll count=455 sumNanos=87964417005 avgNanos=193328389
zil-app                 | 2026-05-05T00:23:20.793Z  INFO 1 --- [   scheduling-1] r.observability.ObservabilityService     : LAB9 Observability window=1m category=web.StatsController.stats count=1 sumNanos=340475947 avgNanos=340475947
zil-app                 | 2026-05-05T00:23:25.794Z  INFO 1 --- [   scheduling-1] r.observability.ObservabilityService     : LAB9 Observability window=10s category=web.RentController.getRents count=458 sumNanos=60762274782 avgNanos=132668722
zil-app                 | 2026-05-05T00:23:25.802Z  INFO 1 --- [   scheduling-1] r.observability.ObservabilityService     : LAB9 Observability window=10s category=db.rent.findAll count=458 sumNanos=60759958533 avgNanos=132663664
zil-app                 | 2026-05-05T00:23:25.810Z  INFO 1 --- [   scheduling-1] r.observability.ObservabilityService     : LAB9 Observability window=10s category=web.CarController.getCars count=456 sumNanos=57929030230 avgNanos=127037346
zil-app                 | 2026-05-05T00:23:25.810Z  INFO 1 --- [   scheduling-1] r.observability.ObservabilityService     : LAB9 Observability window=10s category=db.car.findAll count=456 sumNanos=57923252978 avgNanos=127024677
zil-app                 | 2026-05-05T00:23:25.813Z  INFO 1 --- [   scheduling-1] r.observability.ObservabilityService     : LAB9 Observability window=30s category=web.ClientController.getClients count=1 sumNanos=345668609 avgNanos=345668609
zil-app                 | 2026-05-05T00:23:25.813Z  INFO 1 --- [   scheduling-1] r.observability.ObservabilityService     : LAB9 Observability window=30s category=db.stats.countRents count=1 sumNanos=14398053 avgNanos=14398053
zil-app                 | 2026-05-05T00:23:25.814Z  INFO 1 --- [   scheduling-1] r.observability.ObservabilityService     : LAB9 Observability window=30s category=web.RentController.getRents count=687 sumNanos=134179223217 avgNanos=195311824
zil-app                 | 2026-05-05T00:23:25.816Z  INFO 1 --- [   scheduling-1] r.observability.ObservabilityService     : LAB9 Observability window=30s category=db.client.findAll count=1 sumNanos=345352965 avgNanos=345352965
zil-app                 | 2026-05-05T00:23:25.816Z  INFO 1 --- [   scheduling-1] r.observability.ObservabilityService     : LAB9 Observability window=30s category=db.rent.findAll count=687 sumNanos=134174716598 avgNanos=195305264
zil-app                 | 2026-05-05T00:23:25.816Z  INFO 1 --- [   scheduling-1] r.observability.ObservabilityService     : LAB9 Observability window=30s category=db.stats.countClients count=1 sumNanos=15020908 avgNanos=15020908
zil-app                 | 2026-05-05T00:23:25.816Z  INFO 1 --- [   scheduling-1] r.observability.ObservabilityService     : LAB9 Observability window=30s category=db.stats.countCars count=1 sumNanos=310208593 avgNanos=310208593
zil-app                 | 2026-05-05T00:23:25.817Z  INFO 1 --- [   scheduling-1] r.observability.ObservabilityService     : LAB9 Observability window=30s category=web.CarController.getCars count=693 sumNanos=118206084337 avgNanos=170571550
zil-app                 | 2026-05-05T00:23:25.818Z  INFO 1 --- [   scheduling-1] r.observability.ObservabilityService     : LAB9 Observability window=30s category=db.car.findAll count=693 sumNanos=118169784964 avgNanos=170519170
zil-app                 | 2026-05-05T00:23:25.828Z  INFO 1 --- [   scheduling-1] r.observability.ObservabilityService     : LAB9 Observability window=30s category=web.StatsController.stats count=1 sumNanos=340475947 avgNanos=340475947
zil-app                 | 2026-05-05T00:23:25.838Z  INFO 1 --- [   scheduling-1] r.observability.ObservabilityService     : LAB9 Observability window=1m category=web.ClientController.getClients count=1 sumNanos=345668609 avgNanos=345668609
zil-app                 | 2026-05-05T00:23:25.838Z  INFO 1 --- [   scheduling-1] r.observability.ObservabilityService     : LAB9 Observability window=1m category=db.stats.countRents count=1 sumNanos=14398053 avgNanos=14398053
zil-app                 | 2026-05-05T00:23:25.838Z  INFO 1 --- [   scheduling-1] r.observability.ObservabilityService     : LAB9 Observability window=1m category=web.RentController.getRents count=688 sumNanos=134323132058 avgNanos=195237110
zil-app                 | 2026-05-05T00:23:25.838Z  INFO 1 --- [   scheduling-1] r.observability.ObservabilityService     : LAB9 Observability window=1m category=db.client.findAll count=1 sumNanos=345352965 avgNanos=345352965
zil-app                 | 2026-05-05T00:23:25.839Z  INFO 1 --- [   scheduling-1] r.observability.ObservabilityService     : LAB9 Observability window=1m category=db.rent.findAll count=688 sumNanos=134318620221 avgNanos=195230552
zil-app                 | 2026-05-05T00:23:25.839Z  INFO 1 --- [   scheduling-1] r.observability.ObservabilityService     : LAB9 Observability window=1m category=db.stats.countClients count=1 sumNanos=15020908 avgNanos=15020908
zil-app                 | 2026-05-05T00:23:25.839Z  INFO 1 --- [   scheduling-1] r.observability.ObservabilityService     : LAB9 Observability window=1m category=db.stats.countCars count=1 sumNanos=310208593 avgNanos=310208593
zil-app                 | 2026-05-05T00:23:25.839Z  INFO 1 --- [   scheduling-1] r.observability.ObservabilityService     : LAB9 Observability window=1m category=web.CarController.getCars count=694 sumNanos=118453090258 avgNanos=170681686
zil-app                 | 2026-05-05T00:23:25.839Z  INFO 1 --- [   scheduling-1] r.observability.ObservabilityService     : LAB9 Observability window=1m category=db.car.findAll count=694 sumNanos=118416786804 avgNanos=170629375
zil-app                 | 2026-05-05T00:23:25.839Z  INFO 1 --- [   scheduling-1] r.observability.ObservabilityService     : LAB9 Observability window=1m category=web.StatsController.stats count=1 sumNanos=340475947 avgNanos=340475947
zil-app                 | 2026-05-05T00:23:30.843Z  INFO 1 --- [   scheduling-1] r.observability.ObservabilityService     : LAB9 Observability window=10s category=web.RentController.getRents count=471 sumNanos=64741737584 avgNanos=137455918
zil-app                 | 2026-05-05T00:23:30.845Z  INFO 1 --- [   scheduling-1] r.observability.ObservabilityService     : LAB9 Observability window=10s category=db.rent.findAll count=471 sumNanos=64720984914 avgNanos=137411857
zil-app                 | 2026-05-05T00:23:30.852Z  INFO 1 --- [   scheduling-1] r.observability.ObservabilityService     : LAB9 Observability window=10s category=web.CarController.getCars count=471 sumNanos=63700613956 avgNanos=135245464
zil-app                 | 2026-05-05T00:23:30.852Z  INFO 1 --- [   scheduling-1] r.observability.ObservabilityService     : LAB9 Observability window=10s category=db.car.findAll count=471 sumNanos=63696098405 avgNanos=135235877
zil-app                 | 2026-05-05T00:23:30.853Z  INFO 1 --- [   scheduling-1] r.observability.ObservabilityService     : LAB9 Observability window=30s category=web.ClientController.getClients count=1 sumNanos=345668609 avgNanos=345668609
zil-app                 | 2026-05-05T00:23:30.853Z  INFO 1 --- [   scheduling-1] r.observability.ObservabilityService     : LAB9 Observability window=30s category=db.stats.countRents count=1 sumNanos=14398053 avgNanos=14398053
zil-app                 | 2026-05-05T00:23:30.853Z  INFO 1 --- [   scheduling-1] r.observability.ObservabilityService     : LAB9 Observability window=30s category=web.RentController.getRents count=919 sumNanos=167481665798 avgNanos=182243379
zil-app                 | 2026-05-05T00:23:30.853Z  INFO 1 --- [   scheduling-1] r.observability.ObservabilityService     : LAB9 Observability window=30s category=db.client.findAll count=1 sumNanos=345352965 avgNanos=345352965
zil-app                 | 2026-05-05T00:23:30.853Z  INFO 1 --- [   scheduling-1] r.observability.ObservabilityService     : LAB9 Observability window=30s category=db.rent.findAll count=919 sumNanos=167457635068 avgNanos=182217230
zil-app                 | 2026-05-05T00:23:30.853Z  INFO 1 --- [   scheduling-1] r.observability.ObservabilityService     : LAB9 Observability window=30s category=db.stats.countClients count=1 sumNanos=15020908 avgNanos=15020908
zil-app                 | 2026-05-05T00:23:30.853Z  INFO 1 --- [   scheduling-1] r.observability.ObservabilityService     : LAB9 Observability window=30s category=db.stats.countCars count=1 sumNanos=310208593 avgNanos=310208593
zil-app                 | 2026-05-05T00:23:30.853Z  INFO 1 --- [   scheduling-1] r.observability.ObservabilityService     : LAB9 Observability window=30s category=web.CarController.getCars count=929 sumNanos=152034292423 avgNanos=163653705
zil-app                 | 2026-05-05T00:23:30.853Z  INFO 1 --- [   scheduling-1] r.observability.ObservabilityService     : LAB9 Observability window=30s category=db.car.findAll count=929 sumNanos=151996520585 avgNanos=163613046
zil-app                 | 2026-05-05T00:23:30.853Z  INFO 1 --- [   scheduling-1] r.observability.ObservabilityService     : LAB9 Observability window=30s category=web.StatsController.stats count=1 sumNanos=340475947 avgNanos=340475947
zil-app                 | 2026-05-05T00:23:30.872Z  INFO 1 --- [   scheduling-1] r.observability.ObservabilityService     : LAB9 Observability window=1m category=web.ClientController.getClients count=1 sumNanos=345668609 avgNanos=345668609
zil-app                 | 2026-05-05T00:23:30.881Z  INFO 1 --- [   scheduling-1] r.observability.ObservabilityService     : LAB9 Observability window=1m category=db.stats.countRents count=1 sumNanos=14398053 avgNanos=14398053
zil-app                 | 2026-05-05T00:23:30.881Z  INFO 1 --- [   scheduling-1] r.observability.ObservabilityService     : LAB9 Observability window=1m category=web.RentController.getRents count=921 sumNanos=167871934862 avgNanos=182271373
zil-app                 | 2026-05-05T00:23:30.882Z  INFO 1 --- [   scheduling-1] r.observability.ObservabilityService     : LAB9 Observability window=1m category=db.client.findAll count=1 sumNanos=345352965 avgNanos=345352965
zil-app                 | 2026-05-05T00:23:30.882Z  INFO 1 --- [   scheduling-1] r.observability.ObservabilityService     : LAB9 Observability window=1m category=db.rent.findAll count=921 sumNanos=167847890365 avgNanos=182245266
zil-app                 | 2026-05-05T00:23:30.882Z  INFO 1 --- [   scheduling-1] r.observability.ObservabilityService     : LAB9 Observability window=1m category=db.stats.countClients count=1 sumNanos=15020908 avgNanos=15020908
zil-app                 | 2026-05-05T00:23:30.882Z  INFO 1 --- [   scheduling-1] r.observability.ObservabilityService     : LAB9 Observability window=1m category=db.stats.countCars count=1 sumNanos=310208593 avgNanos=310208593
zil-app                 | 2026-05-05T00:23:30.882Z  INFO 1 --- [   scheduling-1] r.observability.ObservabilityService     : LAB9 Observability window=1m category=web.CarController.getCars count=929 sumNanos=152034292423 avgNanos=163653705
zil-app                 | 2026-05-05T00:23:30.882Z  INFO 1 --- [   scheduling-1] r.observability.ObservabilityService     : LAB9 Observability window=1m category=db.car.findAll count=929 sumNanos=151996520585 avgNanos=163613046
zil-app                 | 2026-05-05T00:23:30.882Z  INFO 1 --- [   scheduling-1] r.observability.ObservabilityService     : LAB9 Observability window=1m category=web.StatsController.stats count=1 sumNanos=340475947 avgNanos=340475947
zil-app                 | 2026-05-05T00:23:35.887Z  INFO 1 --- [   scheduling-1] r.observability.ObservabilityService     : LAB9 Observability window=10s category=web.RentController.getRents count=467 sumNanos=66384810688 avgNanos=142151628
zil-app                 | 2026-05-05T00:23:35.891Z  INFO 1 --- [   scheduling-1] r.observability.ObservabilityService     : LAB9 Observability window=10s category=db.rent.findAll count=467 sumNanos=66356509834 avgNanos=142091027
zil-app                 | 2026-05-05T00:23:35.893Z  INFO 1 --- [   scheduling-1] r.observability.ObservabilityService     : LAB9 Observability window=10s category=web.CarController.getCars count=466 sumNanos=64738667399 avgNanos=138924178
zil-app                 | 2026-05-05T00:23:35.893Z  INFO 1 --- [   scheduling-1] r.observability.ObservabilityService     : LAB9 Observability window=10s category=db.car.findAll count=466 sumNanos=64735439247 avgNanos=138917251
zil-app                 | 2026-05-05T00:23:35.896Z  INFO 1 --- [   scheduling-1] r.observability.ObservabilityService     : LAB9 Observability window=30s category=web.RentController.getRents count=1157 sumNanos=200979691316 avgNanos=173707598
zil-app                 | 2026-05-05T00:23:35.921Z  INFO 1 --- [   scheduling-1] r.observability.ObservabilityService     : LAB9 Observability window=30s category=db.rent.findAll count=1157 sumNanos=200946857733 avgNanos=173679220
zil-app                 | 2026-05-05T00:23:35.922Z  INFO 1 --- [   scheduling-1] r.observability.ObservabilityService     : LAB9 Observability window=30s category=web.CarController.getCars count=1165 sumNanos=184048415444 avgNanos=157981472
zil-app                 | 2026-05-05T00:23:35.923Z  INFO 1 --- [   scheduling-1] r.observability.ObservabilityService     : LAB9 Observability window=30s category=db.car.findAll count=1165 sumNanos=184009117628 avgNanos=157947740
zil-app                 | 2026-05-05T00:23:35.936Z  INFO 1 --- [   scheduling-1] r.observability.ObservabilityService     : LAB9 Observability window=1m category=web.ClientController.getClients count=1 sumNanos=345668609 avgNanos=345668609
zil-app                 | 2026-05-05T00:23:35.937Z  INFO 1 --- [   scheduling-1] r.observability.ObservabilityService     : LAB9 Observability window=1m category=db.stats.countRents count=1 sumNanos=14398053 avgNanos=14398053
zil-app                 | 2026-05-05T00:23:35.937Z  INFO 1 --- [   scheduling-1] r.observability.ObservabilityService     : LAB9 Observability window=1m category=web.RentController.getRents count=1160 sumNanos=201395409697 avgNanos=173616732
zil-app                 | 2026-05-05T00:23:35.941Z  INFO 1 --- [   scheduling-1] r.observability.ObservabilityService     : LAB9 Observability window=1m category=db.client.findAll count=1 sumNanos=345352965 avgNanos=345352965
zil-app                 | 2026-05-05T00:23:35.946Z  INFO 1 --- [   scheduling-1] r.observability.ObservabilityService     : LAB9 Observability window=1m category=db.rent.findAll count=1160 sumNanos=201362294578 avgNanos=173588184
zil-app                 | 2026-05-05T00:23:35.947Z  INFO 1 --- [   scheduling-1] r.observability.ObservabilityService     : LAB9 Observability window=1m category=db.stats.countClients count=1 sumNanos=15020908 avgNanos=15020908
zil-app                 | 2026-05-05T00:23:35.947Z  INFO 1 --- [   scheduling-1] r.observability.ObservabilityService     : LAB9 Observability window=1m category=db.stats.countCars count=1 sumNanos=310208593 avgNanos=310208593
zil-app                 | 2026-05-05T00:23:35.948Z  INFO 1 --- [   scheduling-1] r.observability.ObservabilityService     : LAB9 Observability window=1m category=web.CarController.getCars count=1168 sumNanos=184457878456 avgNanos=157926265
zil-app                 | 2026-05-05T00:23:35.948Z  INFO 1 --- [   scheduling-1] r.observability.ObservabilityService     : LAB9 Observability window=1m category=db.car.findAll count=1168 sumNanos=184418320762 avgNanos=157892397
zil-app                 | 2026-05-05T00:23:35.948Z  INFO 1 --- [   scheduling-1] r.observability.ObservabilityService     : LAB9 Observability window=1m category=web.StatsController.stats count=1 sumNanos=340475947 avgNanos=340475947
zil-app                 | 2026-05-05T00:23:40.952Z  INFO 1 --- [   scheduling-1] r.observability.ObservabilityService     : LAB9 Observability window=10s category=web.RentController.getRents count=478 sumNanos=67533582137 avgNanos=141283644
zil-app                 | 2026-05-05T00:23:40.961Z  INFO 1 --- [   scheduling-1] r.observability.ObservabilityService     : LAB9 Observability window=10s category=db.rent.findAll count=478 sumNanos=67522793070 avgNanos=141261073
zil-app                 | 2026-05-05T00:23:40.962Z  INFO 1 --- [   scheduling-1] r.observability.ObservabilityService     : LAB9 Observability window=10s category=web.CarController.getCars count=477 sumNanos=65105831261 avgNanos=136490212
zil-app                 | 2026-05-05T00:23:40.962Z  INFO 1 --- [   scheduling-1] r.observability.ObservabilityService     : LAB9 Observability window=10s category=db.car.findAll count=477 sumNanos=65101679755 avgNanos=136481508
zil-app                 | 2026-05-05T00:23:40.965Z  INFO 1 --- [   scheduling-1] r.observability.ObservabilityService     : LAB9 Observability window=30s category=web.RentController.getRents count=1327 sumNanos=196675413023 avgNanos=148210559
zil-app                 | 2026-05-05T00:23:40.967Z  INFO 1 --- [   scheduling-1] r.observability.ObservabilityService     : LAB9 Observability window=30s category=db.rent.findAll count=1327 sumNanos=196641834532 avgNanos=148185255
zil-app                 | 2026-05-05T00:23:40.968Z  INFO 1 --- [   scheduling-1] r.observability.ObservabilityService     : LAB9 Observability window=30s category=web.CarController.getCars count=1325 sumNanos=186875705675 avgNanos=141038268
zil-app                 | 2026-05-05T00:23:40.969Z  INFO 1 --- [   scheduling-1] r.observability.ObservabilityService     : LAB9 Observability window=30s category=db.car.findAll count=1325 sumNanos=186862768108 avgNanos=141028504
zil-app                 | 2026-05-05T00:23:40.973Z  INFO 1 --- [   scheduling-1] r.observability.ObservabilityService     : LAB9 Observability window=1m category=web.ClientController.getClients count=1 sumNanos=345668609 avgNanos=345668609
zil-app                 | 2026-05-05T00:23:40.974Z  INFO 1 --- [   scheduling-1] r.observability.ObservabilityService     : LAB9 Observability window=1m category=db.stats.countRents count=1 sumNanos=14398053 avgNanos=14398053
zil-app                 | 2026-05-05T00:23:40.974Z  INFO 1 --- [   scheduling-1] r.observability.ObservabilityService     : LAB9 Observability window=1m category=web.RentController.getRents count=1404 sumNanos=236096576793 avgNanos=168159954
zil-app                 | 2026-05-05T00:23:40.975Z  INFO 1 --- [   scheduling-1] r.observability.ObservabilityService     : LAB9 Observability window=1m category=db.client.findAll count=1 sumNanos=345352965 avgNanos=345352965
zil-app                 | 2026-05-05T00:23:40.977Z  INFO 1 --- [   scheduling-1] r.observability.ObservabilityService     : LAB9 Observability window=1m category=db.rent.findAll count=1404 sumNanos=236061718296 avgNanos=168135126
zil-app                 | 2026-05-05T00:23:40.979Z  INFO 1 --- [   scheduling-1] r.observability.ObservabilityService     : LAB9 Observability window=1m category=db.stats.countClients count=1 sumNanos=15020908 avgNanos=15020908
zil-app                 | 2026-05-05T00:23:40.980Z  INFO 1 --- [   scheduling-1] r.observability.ObservabilityService     : LAB9 Observability window=1m category=db.stats.countCars count=1 sumNanos=310208593 avgNanos=310208593
zil-app                 | 2026-05-05T00:23:40.981Z  INFO 1 --- [   scheduling-1] r.observability.ObservabilityService     : LAB9 Observability window=1m category=web.CarController.getCars count=1412 sumNanos=217926075532 avgNanos=154338580
zil-app                 | 2026-05-05T00:23:40.983Z  INFO 1 --- [   scheduling-1] r.observability.ObservabilityService     : LAB9 Observability window=1m category=db.car.findAll count=1412 sumNanos=217884128911 avgNanos=154308873
zil-app                 | 2026-05-05T00:23:40.984Z  INFO 1 --- [   scheduling-1] r.observability.ObservabilityService     : LAB9 Observability window=1m category=web.StatsController.stats count=1 sumNanos=340475947 avgNanos=340475947
zil-app                 | 2026-05-05T00:23:45.987Z  INFO 1 --- [   scheduling-1] r.observability.ObservabilityService     : LAB9 Observability window=10s category=web.RentController.getRents count=475 sumNanos=70076562094 avgNanos=147529604
zil-app                 | 2026-05-05T00:23:45.996Z  INFO 1 --- [   scheduling-1] r.observability.ObservabilityService     : LAB9 Observability window=10s category=db.rent.findAll count=475 sumNanos=70070990659 avgNanos=147517875
zil-app                 | 2026-05-05T00:23:45.999Z  INFO 1 --- [   scheduling-1] r.observability.ObservabilityService     : LAB9 Observability window=10s category=web.CarController.getCars count=476 sumNanos=69109437719 avgNanos=145187894
zil-app                 | 2026-05-05T00:23:46.000Z  INFO 1 --- [   scheduling-1] r.observability.ObservabilityService     : LAB9 Observability window=10s category=db.car.findAll count=476 sumNanos=69105610156 avgNanos=145179853
zil-app                 | 2026-05-05T00:23:46.005Z  INFO 1 --- [   scheduling-1] r.observability.ObservabilityService     : LAB9 Observability window=30s category=web.RentController.getRents count=1405 sumNanos=198141053234 avgNanos=141025660
zil-app                 | 2026-05-05T00:23:46.014Z  INFO 1 --- [   scheduling-1] r.observability.ObservabilityService     : LAB9 Observability window=30s category=db.rent.findAll count=1405 sumNanos=198104558541 avgNanos=140999685
zil-app                 | 2026-05-05T00:23:46.014Z  INFO 1 --- [   scheduling-1] r.observability.ObservabilityService     : LAB9 Observability window=30s category=web.CarController.getCars count=1403 sumNanos=193036756071 avgNanos=137588564
zil-app                 | 2026-05-05T00:23:46.014Z  INFO 1 --- [   scheduling-1] r.observability.ObservabilityService     : LAB9 Observability window=30s category=db.car.findAll count=1403 sumNanos=193023910733 avgNanos=137579408
zil-app                 | 2026-05-05T00:23:46.015Z  INFO 1 --- [   scheduling-1] r.observability.ObservabilityService     : LAB9 Observability window=1m category=web.ClientController.getClients count=1 sumNanos=345668609 avgNanos=345668609
zil-app                 | 2026-05-05T00:23:46.015Z  INFO 1 --- [   scheduling-1] r.observability.ObservabilityService     : LAB9 Observability window=1m category=db.stats.countRents count=1 sumNanos=14398053 avgNanos=14398053
zil-app                 | 2026-05-05T00:23:46.015Z  INFO 1 --- [   scheduling-1] r.observability.ObservabilityService     : LAB9 Observability window=1m category=web.RentController.getRents count=1642 sumNanos=272585544618 avgNanos=166008248
zil-app                 | 2026-05-05T00:23:46.015Z  INFO 1 --- [   scheduling-1] r.observability.ObservabilityService     : LAB9 Observability window=1m category=db.client.findAll count=1 sumNanos=345352965 avgNanos=345352965
zil-app                 | 2026-05-05T00:23:46.015Z  INFO 1 --- [   scheduling-1] r.observability.ObservabilityService     : LAB9 Observability window=1m category=db.rent.findAll count=1642 sumNanos=272546830861 avgNanos=165984671
zil-app                 | 2026-05-05T00:23:46.015Z  INFO 1 --- [   scheduling-1] r.observability.ObservabilityService     : LAB9 Observability window=1m category=db.stats.countClients count=1 sumNanos=15020908 avgNanos=15020908
zil-app                 | 2026-05-05T00:23:46.015Z  INFO 1 --- [   scheduling-1] r.observability.ObservabilityService     : LAB9 Observability window=1m category=db.stats.countCars count=1 sumNanos=310208593 avgNanos=310208593
zil-app                 | 2026-05-05T00:23:46.015Z  INFO 1 --- [   scheduling-1] r.observability.ObservabilityService     : LAB9 Observability window=1m category=web.CarController.getCars count=1647 sumNanos=254031489996 avgNanos=154238913
zil-app                 | 2026-05-05T00:23:46.015Z  INFO 1 --- [   scheduling-1] r.observability.ObservabilityService     : LAB9 Observability window=1m category=db.car.findAll count=1647 sumNanos=253988096896 avgNanos=154212566
zil-app                 | 2026-05-05T00:23:46.015Z  INFO 1 --- [   scheduling-1] r.observability.ObservabilityService     : LAB9 Observability window=1m category=web.StatsController.stats count=1 sumNanos=340475947 avgNanos=340475947
zil-app                 | 2026-05-05T00:23:51.017Z  INFO 1 --- [   scheduling-1] r.observability.ObservabilityService     : LAB9 Observability window=10s category=web.RentController.getRents count=477 sumNanos=71179120349 avgNanos=149222474
zil-app                 | 2026-05-05T00:23:51.020Z  INFO 1 --- [   scheduling-1] r.observability.ObservabilityService     : LAB9 Observability window=10s category=db.rent.findAll count=477 sumNanos=71173701116 avgNanos=149211113
zil-app                 | 2026-05-05T00:23:51.020Z  INFO 1 --- [   scheduling-1] r.observability.ObservabilityService     : LAB9 Observability window=10s category=web.CarController.getCars count=480 sumNanos=71507740503 avgNanos=148974459
zil-app                 | 2026-05-05T00:23:51.020Z  INFO 1 --- [   scheduling-1] r.observability.ObservabilityService     : LAB9 Observability window=10s category=db.car.findAll count=480 sumNanos=71505179073 avgNanos=148969123
zil-app                 | 2026-05-05T00:23:51.020Z  INFO 1 --- [   scheduling-1] r.observability.ObservabilityService     : LAB9 Observability window=30s category=web.RentController.getRents count=1427 sumNanos=203809749785 avgNanos=142823931
zil-app                 | 2026-05-05T00:23:51.020Z  INFO 1 --- [   scheduling-1] r.observability.ObservabilityService     : LAB9 Observability window=30s category=db.rent.findAll count=1427 sumNanos=203772771038 avgNanos=142798017
zil-app                 | 2026-05-05T00:23:51.020Z  INFO 1 --- [   scheduling-1] r.observability.ObservabilityService     : LAB9 Observability window=30s category=web.CarController.getCars count=1428 sumNanos=200562276745 avgNanos=140449773
zil-app                 | 2026-05-05T00:23:51.020Z  INFO 1 --- [   scheduling-1] r.observability.ObservabilityService     : LAB9 Observability window=30s category=db.car.findAll count=1428 sumNanos=200550725200 avgNanos=140441684
zil-app                 | 2026-05-05T00:23:51.021Z  INFO 1 --- [   scheduling-1] r.observability.ObservabilityService     : LAB9 Observability window=1m category=web.ClientController.getClients count=1 sumNanos=345668609 avgNanos=345668609
zil-app                 | 2026-05-05T00:23:51.021Z  INFO 1 --- [   scheduling-1] r.observability.ObservabilityService     : LAB9 Observability window=1m category=db.stats.countRents count=1 sumNanos=14398053 avgNanos=14398053
zil-app                 | 2026-05-05T00:23:51.021Z  INFO 1 --- [   scheduling-1] r.observability.ObservabilityService     : LAB9 Observability window=1m category=web.RentController.getRents count=1883 sumNanos=307604811332 avgNanos=163358901
zil-app                 | 2026-05-05T00:23:51.021Z  INFO 1 --- [   scheduling-1] r.observability.ObservabilityService     : LAB9 Observability window=1m category=db.client.findAll count=1 sumNanos=345352965 avgNanos=345352965
zil-app                 | 2026-05-05T00:23:51.021Z  INFO 1 --- [   scheduling-1] r.observability.ObservabilityService     : LAB9 Observability window=1m category=db.rent.findAll count=1883 sumNanos=307564525104 avgNanos=163337506
zil-app                 | 2026-05-05T00:23:51.022Z  INFO 1 --- [   scheduling-1] r.observability.ObservabilityService     : LAB9 Observability window=1m category=db.stats.countClients count=1 sumNanos=15020908 avgNanos=15020908
zil-app                 | 2026-05-05T00:23:51.022Z  INFO 1 --- [   scheduling-1] r.observability.ObservabilityService     : LAB9 Observability window=1m category=db.stats.countCars count=1 sumNanos=310208593 avgNanos=310208593
zil-app                 | 2026-05-05T00:23:51.022Z  INFO 1 --- [   scheduling-1] r.observability.ObservabilityService     : LAB9 Observability window=1m category=web.CarController.getCars count=1894 sumNanos=289767722303 avgNanos=152992461
zil-app                 | 2026-05-05T00:23:51.022Z  INFO 1 --- [   scheduling-1] r.observability.ObservabilityService     : LAB9 Observability window=1m category=db.car.findAll count=1894 sumNanos=289722878838 avgNanos=152968785
zil-app                 | 2026-05-05T00:23:51.023Z  INFO 1 --- [   scheduling-1] r.observability.ObservabilityService     : LAB9 Observability window=1m category=web.StatsController.stats count=1 sumNanos=340475947 avgNanos=340475947
zil-app                 | 2026-05-05T00:23:56.032Z  INFO 1 --- [   scheduling-1] r.observability.ObservabilityService     : LAB9 Observability window=10s category=web.RentController.getRents count=487 sumNanos=70667747373 avgNanos=145108310
zil-app                 | 2026-05-05T00:23:56.036Z  INFO 1 --- [   scheduling-1] r.observability.ObservabilityService     : LAB9 Observability window=10s category=db.rent.findAll count=487 sumNanos=70665573610 avgNanos=145103847
zil-app                 | 2026-05-05T00:23:56.036Z  INFO 1 --- [   scheduling-1] r.observability.ObservabilityService     : LAB9 Observability window=10s category=web.CarController.getCars count=488 sumNanos=69717708913 avgNanos=142864157
zil-app                 | 2026-05-05T00:23:56.036Z  INFO 1 --- [   scheduling-1] r.observability.ObservabilityService     : LAB9 Observability window=10s category=db.car.findAll count=488 sumNanos=69714950904 avgNanos=142858505
zil-app                 | 2026-05-05T00:23:56.037Z  INFO 1 --- [   scheduling-1] r.observability.ObservabilityService     : LAB9 Observability window=30s category=web.RentController.getRents count=1433 sumNanos=207793930825 avgNanos=145006232
zil-app                 | 2026-05-05T00:23:56.037Z  INFO 1 --- [   scheduling-1] r.observability.ObservabilityService     : LAB9 Observability window=30s category=db.rent.findAll count=1433 sumNanos=207757875252 avgNanos=144981071
zil-app                 | 2026-05-05T00:23:56.037Z  INFO 1 --- [   scheduling-1] r.observability.ObservabilityService     : LAB9 Observability window=30s category=web.CarController.getCars count=1430 sumNanos=203658493990 avgNanos=142418527
zil-app                 | 2026-05-05T00:23:56.037Z  INFO 1 --- [   scheduling-1] r.observability.ObservabilityService     : LAB9 Observability window=30s category=db.car.findAll count=1430 sumNanos=203648689494 avgNanos=142411670
zil-app                 | 2026-05-05T00:23:56.037Z  INFO 1 --- [   scheduling-1] r.observability.ObservabilityService     : LAB9 Observability window=1m category=web.ClientController.getClients count=1 sumNanos=345668609 avgNanos=345668609
zil-app                 | 2026-05-05T00:23:56.037Z  INFO 1 --- [   scheduling-1] r.observability.ObservabilityService     : LAB9 Observability window=1m category=db.stats.countRents count=1 sumNanos=14398053 avgNanos=14398053
zil-app                 | 2026-05-05T00:23:56.037Z  INFO 1 --- [   scheduling-1] r.observability.ObservabilityService     : LAB9 Observability window=1m category=web.RentController.getRents count=2129 sumNanos=343253291991 avgNanos=161227473
zil-app                 | 2026-05-05T00:23:56.037Z  INFO 1 --- [   scheduling-1] r.observability.ObservabilityService     : LAB9 Observability window=1m category=db.client.findAll count=1 sumNanos=345352965 avgNanos=345352965
zil-app                 | 2026-05-05T00:23:56.038Z  INFO 1 --- [   scheduling-1] r.observability.ObservabilityService     : LAB9 Observability window=1m category=db.rent.findAll count=2129 sumNanos=343212404471 avgNanos=161208268
zil-app                 | 2026-05-05T00:23:56.041Z  INFO 1 --- [   scheduling-1] r.observability.ObservabilityService     : LAB9 Observability window=1m category=db.stats.countClients count=1 sumNanos=15020908 avgNanos=15020908
zil-app                 | 2026-05-05T00:23:56.042Z  INFO 1 --- [   scheduling-1] r.observability.ObservabilityService     : LAB9 Observability window=1m category=db.stats.countCars count=1 sumNanos=310208593 avgNanos=310208593
zil-app                 | 2026-05-05T00:23:56.042Z  INFO 1 --- [   scheduling-1] r.observability.ObservabilityService     : LAB9 Observability window=1m category=web.CarController.getCars count=2136 sumNanos=323920694044 avgNanos=151648265
zil-app                 | 2026-05-05T00:23:56.042Z  INFO 1 --- [   scheduling-1] r.observability.ObservabilityService     : LAB9 Observability window=1m category=db.car.findAll count=2136 sumNanos=323874539858 avgNanos=151626657
zil-app                 | 2026-05-05T00:23:56.042Z  INFO 1 --- [   scheduling-1] r.observability.ObservabilityService     : LAB9 Observability window=1m category=web.StatsController.stats count=1 sumNanos=340475947 avgNanos=340475947
zil-app                 | 2026-05-05T00:24:01.047Z  INFO 1 --- [   scheduling-1] r.observability.ObservabilityService     : LAB9 Observability window=10s category=web.RentController.getRents count=478 sumNanos=70245164407 avgNanos=146956410
zil-app                 | 2026-05-05T00:24:01.048Z  INFO 1 --- [   scheduling-1] r.observability.ObservabilityService     : LAB9 Observability window=10s category=db.rent.findAll count=478 sumNanos=70244056856 avgNanos=146954093
zil-app                 | 2026-05-05T00:24:01.048Z  INFO 1 --- [   scheduling-1] r.observability.ObservabilityService     : LAB9 Observability window=10s category=web.CarController.getCars count=476 sumNanos=69716087469 avgNanos=146462368
zil-app                 | 2026-05-05T00:24:01.049Z  INFO 1 --- [   scheduling-1] r.observability.ObservabilityService     : LAB9 Observability window=10s category=db.car.findAll count=476 sumNanos=69714231371 avgNanos=146458469
zil-app                 | 2026-05-05T00:24:01.054Z  INFO 1 --- [   scheduling-1] r.observability.ObservabilityService     : LAB9 Observability window=30s category=web.RentController.getRents count=1432 sumNanos=208766028805 avgNanos=145786332
zil-app                 | 2026-05-05T00:24:01.055Z  INFO 1 --- [   scheduling-1] r.observability.ObservabilityService     : LAB9 Observability window=30s category=db.rent.findAll count=1432 sumNanos=208748726603 avgNanos=145774250
zil-app                 | 2026-05-05T00:24:01.056Z  INFO 1 --- [   scheduling-1] r.observability.ObservabilityService     : LAB9 Observability window=30s category=web.CarController.getCars count=1435 sumNanos=206616578127 avgNanos=143983678
zil-app                 | 2026-05-05T00:24:01.057Z  INFO 1 --- [   scheduling-1] r.observability.ObservabilityService     : LAB9 Observability window=30s category=db.car.findAll count=1435 sumNanos=206607676639 avgNanos=143977475
zil-app                 | 2026-05-05T00:24:01.062Z  INFO 1 --- [   scheduling-1] r.observability.ObservabilityService     : LAB9 Observability window=1m category=web.ClientController.getClients count=1 sumNanos=345668609 avgNanos=345668609
zil-app                 | 2026-05-05T00:24:01.062Z  INFO 1 --- [   scheduling-1] r.observability.ObservabilityService     : LAB9 Observability window=1m category=db.stats.countRents count=1 sumNanos=14398053 avgNanos=14398053
zil-app                 | 2026-05-05T00:24:01.063Z  INFO 1 --- [   scheduling-1] r.observability.ObservabilityService     : LAB9 Observability window=1m category=web.RentController.getRents count=2362 sumNanos=377979989634 avgNanos=160025397
zil-app                 | 2026-05-05T00:24:01.064Z  INFO 1 --- [   scheduling-1] r.observability.ObservabilityService     : LAB9 Observability window=1m category=db.client.findAll count=1 sumNanos=345352965 avgNanos=345352965
zil-app                 | 2026-05-05T00:24:01.064Z  INFO 1 --- [   scheduling-1] r.observability.ObservabilityService     : LAB9 Observability window=1m category=db.rent.findAll count=2362 sumNanos=377938593881 avgNanos=160007872
zil-app                 | 2026-05-05T00:24:01.064Z  INFO 1 --- [   scheduling-1] r.observability.ObservabilityService     : LAB9 Observability window=1m category=db.stats.countClients count=1 sumNanos=15020908 avgNanos=15020908
zil-app                 | 2026-05-05T00:24:01.064Z  INFO 1 --- [   scheduling-1] r.observability.ObservabilityService     : LAB9 Observability window=1m category=db.stats.countCars count=1 sumNanos=310208593 avgNanos=310208593
zil-app                 | 2026-05-05T00:24:01.064Z  INFO 1 --- [   scheduling-1] r.observability.ObservabilityService     : LAB9 Observability window=1m category=web.CarController.getCars count=2371 sumNanos=359652933281 avgNanos=151688289
zil-app                 | 2026-05-05T00:24:01.064Z  INFO 1 --- [   scheduling-1] r.observability.ObservabilityService     : LAB9 Observability window=1m category=db.car.findAll count=2371 sumNanos=359606232413 avgNanos=151668592
zil-app                 | 2026-05-05T00:24:01.064Z  INFO 1 --- [   scheduling-1] r.observability.ObservabilityService     : LAB9 Observability window=1m category=web.StatsController.stats count=1 sumNanos=340475947 avgNanos=340475947
zil-app                 | 2026-05-05T00:24:06.072Z  INFO 1 --- [   scheduling-1] r.observability.ObservabilityService     : LAB9 Observability window=10s category=web.RentController.getRents count=477 sumNanos=68944432826 avgNanos=144537595
zil-app                 | 2026-05-05T00:24:06.085Z  INFO 1 --- [   scheduling-1] r.observability.ObservabilityService     : LAB9 Observability window=10s category=db.rent.findAll count=477 sumNanos=68943360311 avgNanos=144535346
zil-app                 | 2026-05-05T00:24:06.094Z  INFO 1 --- [   scheduling-1] r.observability.ObservabilityService     : LAB9 Observability window=10s category=web.CarController.getCars count=472 sumNanos=70744155756 avgNanos=149881685
zil-app                 | 2026-05-05T00:24:06.094Z  INFO 1 --- [   scheduling-1] r.observability.ObservabilityService     : LAB9 Observability window=10s category=db.car.findAll count=472 sumNanos=70739652306 avgNanos=149872144
zil-app                 | 2026-05-05T00:24:06.095Z  INFO 1 --- [   scheduling-1] r.observability.ObservabilityService     : LAB9 Observability window=30s category=web.RentController.getRents count=1439 sumNanos=209816686094 avgNanos=145807287
zil-app                 | 2026-05-05T00:24:06.096Z  INFO 1 --- [   scheduling-1] r.observability.ObservabilityService     : LAB9 Observability window=30s category=db.rent.findAll count=1439 sumNanos=209807894524 avgNanos=145801177
zil-app                 | 2026-05-05T00:24:06.097Z  INFO 1 --- [   scheduling-1] r.observability.ObservabilityService     : LAB9 Observability window=30s category=web.CarController.getCars count=1441 sumNanos=210476273713 avgNanos=146062646
zil-app                 | 2026-05-05T00:24:06.100Z  INFO 1 --- [   scheduling-1] r.observability.ObservabilityService     : LAB9 Observability window=30s category=db.car.findAll count=1441 sumNanos=210465178811 avgNanos=146054947
zil-app                 | 2026-05-05T00:24:06.100Z  INFO 1 --- [   scheduling-1] r.observability.ObservabilityService     : LAB9 Observability window=1m category=web.RentController.getRents count=2606 sumNanos=412144067881 avgNanos=158151983
zil-app                 | 2026-05-05T00:24:06.101Z  INFO 1 --- [   scheduling-1] r.observability.ObservabilityService     : LAB9 Observability window=1m category=db.rent.findAll count=2606 sumNanos=412102379190 avgNanos=158135985
zil-app                 | 2026-05-05T00:24:06.105Z  INFO 1 --- [   scheduling-1] r.observability.ObservabilityService     : LAB9 Observability window=1m category=web.CarController.getCars count=2612 sumNanos=395324416768 avgNanos=151349317
zil-app                 | 2026-05-05T00:24:06.105Z  INFO 1 --- [   scheduling-1] r.observability.ObservabilityService     : LAB9 Observability window=1m category=db.car.findAll count=2612 sumNanos=395274004804 avgNanos=151330017
zil-app                 | 2026-05-05T00:24:11.108Z  INFO 1 --- [   scheduling-1] r.observability.ObservabilityService     : LAB9 Observability window=10s category=web.RentController.getRents count=479 sumNanos=68657362709 avgNanos=143334786
zil-app                 | 2026-05-05T00:24:11.108Z  INFO 1 --- [   scheduling-1] r.observability.ObservabilityService     : LAB9 Observability window=10s category=db.rent.findAll count=479 sumNanos=68656371909 avgNanos=143332717
zil-app                 | 2026-05-05T00:24:11.108Z  INFO 1 --- [   scheduling-1] r.observability.ObservabilityService     : LAB9 Observability window=10s category=web.CarController.getCars count=480 sumNanos=69311460975 avgNanos=144398877
zil-app                 | 2026-05-05T00:24:11.108Z  INFO 1 --- [   scheduling-1] r.observability.ObservabilityService     : LAB9 Observability window=10s category=db.car.findAll count=480 sumNanos=69307094706 avgNanos=144389780
zil-app                 | 2026-05-05T00:24:11.108Z  INFO 1 --- [   scheduling-1] r.observability.ObservabilityService     : LAB9 Observability window=30s category=web.RentController.getRents count=1435 sumNanos=210199324810 avgNanos=146480365
zil-app                 | 2026-05-05T00:24:11.108Z  INFO 1 --- [   scheduling-1] r.observability.ObservabilityService     : LAB9 Observability window=30s category=db.rent.findAll count=1435 sumNanos=210191840809 avgNanos=146475150
zil-app                 | 2026-05-05T00:24:11.108Z  INFO 1 --- [   scheduling-1] r.observability.ObservabilityService     : LAB9 Observability window=30s category=web.CarController.getCars count=1433 sumNanos=210411832273 avgNanos=146833099
zil-app                 | 2026-05-05T00:24:11.108Z  INFO 1 --- [   scheduling-1] r.observability.ObservabilityService     : LAB9 Observability window=30s category=db.car.findAll count=1433 sumNanos=210403068840 avgNanos=146826984
zil-app                 | 2026-05-05T00:24:11.108Z  INFO 1 --- [   scheduling-1] r.observability.ObservabilityService     : LAB9 Observability window=1m category=web.RentController.getRents count=2766 sumNanos=406904317850 avgNanos=147109297
zil-app                 | 2026-05-05T00:24:11.108Z  INFO 1 --- [   scheduling-1] r.observability.ObservabilityService     : LAB9 Observability window=1m category=db.rent.findAll count=2766 sumNanos=406863228124 avgNanos=147094442
zil-app                 | 2026-05-05T00:24:11.108Z  INFO 1 --- [   scheduling-1] r.observability.ObservabilityService     : LAB9 Observability window=1m category=web.CarController.getCars count=2762 sumNanos=397017790533 avgNanos=143742864
zil-app                 | 2026-05-05T00:24:11.108Z  INFO 1 --- [   scheduling-1] r.observability.ObservabilityService     : LAB9 Observability window=1m category=db.car.findAll count=2762 sumNanos=396995759446 avgNanos=143734887
zil-app                 | 2026-05-05T00:24:16.112Z  INFO 1 --- [   scheduling-1] r.observability.ObservabilityService     : LAB9 Observability window=10s category=web.RentController.getRents count=470 sumNanos=69129801490 avgNanos=147084684
zil-app                 | 2026-05-05T00:24:16.114Z  INFO 1 --- [   scheduling-1] r.observability.ObservabilityService     : LAB9 Observability window=10s category=db.rent.findAll count=470 sumNanos=69128812170 avgNanos=147082579
zil-app                 | 2026-05-05T00:24:16.115Z  INFO 1 --- [   scheduling-1] r.observability.ObservabilityService     : LAB9 Observability window=10s category=web.CarController.getCars count=471 sumNanos=69452844371 avgNanos=147458268
zil-app                 | 2026-05-05T00:24:16.115Z  INFO 1 --- [   scheduling-1] r.observability.ObservabilityService     : LAB9 Observability window=10s category=db.car.findAll count=471 sumNanos=69451929908 avgNanos=147456326
zil-app                 | 2026-05-05T00:24:16.117Z  INFO 1 --- [   scheduling-1] r.observability.ObservabilityService     : LAB9 Observability window=30s category=web.RentController.getRents count=1433 sumNanos=208640288542 avgNanos=145596851
zil-app                 | 2026-05-05T00:24:16.117Z  INFO 1 --- [   scheduling-1] r.observability.ObservabilityService     : LAB9 Observability window=30s category=db.rent.findAll count=1433 sumNanos=208636062988 avgNanos=145593902
zil-app                 | 2026-05-05T00:24:16.118Z  INFO 1 --- [   scheduling-1] r.observability.ObservabilityService     : LAB9 Observability window=30s category=web.CarController.getCars count=1435 sumNanos=210597008866 avgNanos=146757497
zil-app                 | 2026-05-05T00:24:16.118Z  INFO 1 --- [   scheduling-1] r.observability.ObservabilityService     : LAB9 Observability window=30s category=db.car.findAll count=1435 sumNanos=210588830226 avgNanos=146751798
zil-app                 | 2026-05-05T00:24:16.119Z  INFO 1 --- [   scheduling-1] r.observability.ObservabilityService     : LAB9 Observability window=1m category=web.RentController.getRents count=2838 sumNanos=406788335807 avgNanos=143336270
zil-app                 | 2026-05-05T00:24:16.120Z  INFO 1 --- [   scheduling-1] r.observability.ObservabilityService     : LAB9 Observability window=1m category=db.rent.findAll count=2838 sumNanos=406747614638 avgNanos=143321922
zil-app                 | 2026-05-05T00:24:16.121Z  INFO 1 --- [   scheduling-1] r.observability.ObservabilityService     : LAB9 Observability window=1m category=web.CarController.getCars count=2836 sumNanos=403186573830 avgNanos=142167339
zil-app                 | 2026-05-05T00:24:16.123Z  INFO 1 --- [   scheduling-1] r.observability.ObservabilityService     : LAB9 Observability window=1m category=db.car.findAll count=2836 sumNanos=403165560344 avgNanos=142159929
zil-app                 | 2026-05-05T00:24:21.125Z  INFO 1 --- [   scheduling-1] r.observability.ObservabilityService     : LAB9 Observability window=10s category=web.RentController.getRents count=475 sumNanos=70888563436 avgNanos=149239080
zil-app                 | 2026-05-05T00:24:21.126Z  INFO 1 --- [   scheduling-1] r.observability.ObservabilityService     : LAB9 Observability window=10s category=db.rent.findAll count=475 sumNanos=70887138194 avgNanos=149236080
zil-app                 | 2026-05-05T00:24:21.126Z  INFO 1 --- [   scheduling-1] r.observability.ObservabilityService     : LAB9 Observability window=10s category=web.CarController.getCars count=476 sumNanos=70469193570 avgNanos=148044524
zil-app                 | 2026-05-05T00:24:21.126Z  INFO 1 --- [   scheduling-1] r.observability.ObservabilityService     : LAB9 Observability window=10s category=db.car.findAll count=476 sumNanos=70468174255 avgNanos=148042382
zil-app                 | 2026-05-05T00:24:21.127Z  INFO 1 --- [   scheduling-1] r.observability.ObservabilityService     : LAB9 Observability window=30s category=web.RentController.getRents count=1432 sumNanos=209690112670 avgNanos=146431642
zil-app                 | 2026-05-05T00:24:21.127Z  INFO 1 --- [   scheduling-1] r.observability.ObservabilityService     : LAB9 Observability window=30s category=db.rent.findAll count=1432 sumNanos=209686584970 avgNanos=146429179
zil-app                 | 2026-05-05T00:24:21.127Z  INFO 1 --- [   scheduling-1] r.observability.ObservabilityService     : LAB9 Observability window=30s category=web.CarController.getCars count=1429 sumNanos=209126158167 avgNanos=146344407
zil-app                 | 2026-05-05T00:24:21.127Z  INFO 1 --- [   scheduling-1] r.observability.ObservabilityService     : LAB9 Observability window=30s category=db.car.findAll count=1429 sumNanos=209118921209 avgNanos=146339343
zil-app                 | 2026-05-05T00:24:21.127Z  INFO 1 --- [   scheduling-1] r.observability.ObservabilityService     : LAB9 Observability window=1m category=web.RentController.getRents count=2858 sumNanos=413369398797 avgNanos=144635898
zil-app                 | 2026-05-05T00:24:21.127Z  INFO 1 --- [   scheduling-1] r.observability.ObservabilityService     : LAB9 Observability window=1m category=db.rent.findAll count=2858 sumNanos=413328904083 avgNanos=144621729
zil-app                 | 2026-05-05T00:24:21.128Z  INFO 1 --- [   scheduling-1] r.observability.ObservabilityService     : LAB9 Observability window=1m category=web.CarController.getCars count=2861 sumNanos=410322242863 avgNanos=143419169
zil-app                 | 2026-05-05T00:24:21.128Z  INFO 1 --- [   scheduling-1] r.observability.ObservabilityService     : LAB9 Observability window=1m category=db.car.findAll count=2861 sumNanos=410303453759 avgNanos=143412601
zil-app                 | 2026-05-05T00:24:26.131Z  INFO 1 --- [   scheduling-1] r.observability.ObservabilityService     : LAB9 Observability window=10s category=web.RentController.getRents count=483 sumNanos=72455215850 avgNanos=150010798
zil-app                 | 2026-05-05T00:24:26.133Z  INFO 1 --- [   scheduling-1] r.observability.ObservabilityService     : LAB9 Observability window=10s category=db.rent.findAll count=483 sumNanos=72450542594 avgNanos=150001123
zil-app                 | 2026-05-05T00:24:26.134Z  INFO 1 --- [   scheduling-1] r.observability.ObservabilityService     : LAB9 Observability window=10s category=web.CarController.getCars count=486 sumNanos=69723736165 avgNanos=143464477
zil-app                 | 2026-05-05T00:24:26.135Z  INFO 1 --- [   scheduling-1] r.observability.ObservabilityService     : LAB9 Observability window=10s category=db.car.findAll count=486 sumNanos=69722029723 avgNanos=143460966
zil-app                 | 2026-05-05T00:24:26.135Z  INFO 1 --- [   scheduling-1] r.observability.ObservabilityService     : LAB9 Observability window=30s category=web.RentController.getRents count=1433 sumNanos=211012698443 avgNanos=147252406
zil-app                 | 2026-05-05T00:24:26.135Z  INFO 1 --- [   scheduling-1] r.observability.ObservabilityService     : LAB9 Observability window=30s category=db.rent.findAll count=1433 sumNanos=211005959132 avgNanos=147247703
zil-app                 | 2026-05-05T00:24:26.135Z  INFO 1 --- [   scheduling-1] r.observability.ObservabilityService     : LAB9 Observability window=30s category=web.CarController.getCars count=1430 sumNanos=210099596614 avgNanos=146922794
zil-app                 | 2026-05-05T00:24:26.135Z  INFO 1 --- [   scheduling-1] r.observability.ObservabilityService     : LAB9 Observability window=30s category=db.car.findAll count=1430 sumNanos=210092471040 avgNanos=146917811
zil-app                 | 2026-05-05T00:24:26.135Z  INFO 1 --- [   scheduling-1] r.observability.ObservabilityService     : LAB9 Observability window=1m category=web.RentController.getRents count=2862 sumNanos=418143453254 avgNanos=146101835
zil-app                 | 2026-05-05T00:24:26.135Z  INFO 1 --- [   scheduling-1] r.observability.ObservabilityService     : LAB9 Observability window=1m category=db.rent.findAll count=2862 sumNanos=418100679407 avgNanos=146086890
zil-app                 | 2026-05-05T00:24:26.135Z  INFO 1 --- [   scheduling-1] r.observability.ObservabilityService     : LAB9 Observability window=1m category=web.CarController.getCars count=2860 sumNanos=413862022481 avgNanos=144707000
zil-app                 | 2026-05-05T00:24:26.135Z  INFO 1 --- [   scheduling-1] r.observability.ObservabilityService     : LAB9 Observability window=1m category=db.car.findAll count=2860 sumNanos=413845103859 avgNanos=144701085
zil-app                 | 2026-05-05T00:24:31.141Z  INFO 1 --- [   scheduling-1] r.observability.ObservabilityService     : LAB9 Observability window=10s category=web.RentController.getRents count=471 sumNanos=71261190034 avgNanos=151297643
zil-app                 | 2026-05-05T00:24:31.146Z  INFO 1 --- [   scheduling-1] r.observability.ObservabilityService     : LAB9 Observability window=10s category=db.rent.findAll count=471 sumNanos=71256989439 avgNanos=151288724
zil-app                 | 2026-05-05T00:24:31.146Z  INFO 1 --- [   scheduling-1] r.observability.ObservabilityService     : LAB9 Observability window=10s category=web.CarController.getCars count=472 sumNanos=69725456238 avgNanos=147723424
zil-app                 | 2026-05-05T00:24:31.146Z  INFO 1 --- [   scheduling-1] r.observability.ObservabilityService     : LAB9 Observability window=10s category=db.car.findAll count=472 sumNanos=69723762266 avgNanos=147719835
zil-app                 | 2026-05-05T00:24:31.146Z  INFO 1 --- [   scheduling-1] r.observability.ObservabilityService     : LAB9 Observability window=30s category=web.RentController.getRents count=1424 sumNanos=210686063990 avgNanos=147953696
zil-app                 | 2026-05-05T00:24:31.146Z  INFO 1 --- [   scheduling-1] r.observability.ObservabilityService     : LAB9 Observability window=30s category=db.rent.findAll count=1424 sumNanos=210679449623 avgNanos=147949051
zil-app                 | 2026-05-05T00:24:31.146Z  INFO 1 --- [   scheduling-1] r.observability.ObservabilityService     : LAB9 Observability window=30s category=web.CarController.getCars count=1427 sumNanos=209316380061 avgNanos=146682817
zil-app                 | 2026-05-05T00:24:31.146Z  INFO 1 --- [   scheduling-1] r.observability.ObservabilityService     : LAB9 Observability window=30s category=db.car.findAll count=1427 sumNanos=209309303537 avgNanos=146677858
zil-app                 | 2026-05-05T00:24:31.146Z  INFO 1 --- [   scheduling-1] r.observability.ObservabilityService     : LAB9 Observability window=1m category=web.RentController.getRents count=2858 sumNanos=419627111208 avgNanos=146825441
zil-app                 | 2026-05-05T00:24:31.146Z  INFO 1 --- [   scheduling-1] r.observability.ObservabilityService     : LAB9 Observability window=1m category=db.rent.findAll count=2858 sumNanos=419603220149 avgNanos=146817081
zil-app                 | 2026-05-05T00:24:31.146Z  INFO 1 --- [   scheduling-1] r.observability.ObservabilityService     : LAB9 Observability window=1m category=web.CarController.getCars count=2859 sumNanos=415765403813 avgNanos=145423366
zil-app                 | 2026-05-05T00:24:31.146Z  INFO 1 --- [   scheduling-1] r.observability.ObservabilityService     : LAB9 Observability window=1m category=db.car.findAll count=2859 sumNanos=415749446824 avgNanos=145417784
zil-app                 | 2026-05-05T00:24:36.153Z  INFO 1 --- [   scheduling-1] r.observability.ObservabilityService     : LAB9 Observability window=10s category=web.RentController.getRents count=471 sumNanos=70538303703 avgNanos=149762852
zil-app                 | 2026-05-05T00:24:36.153Z  INFO 1 --- [   scheduling-1] r.observability.ObservabilityService     : LAB9 Observability window=10s category=db.rent.findAll count=471 sumNanos=70537341076 avgNanos=149760809
zil-app                 | 2026-05-05T00:24:36.153Z  INFO 1 --- [   scheduling-1] r.observability.ObservabilityService     : LAB9 Observability window=10s category=web.CarController.getCars count=472 sumNanos=71001549506 avgNanos=150427011
zil-app                 | 2026-05-05T00:24:36.153Z  INFO 1 --- [   scheduling-1] r.observability.ObservabilityService     : LAB9 Observability window=10s category=db.car.findAll count=472 sumNanos=70999896209 avgNanos=150423508
zil-app                 | 2026-05-05T00:24:36.153Z  INFO 1 --- [   scheduling-1] r.observability.ObservabilityService     : LAB9 Observability window=30s category=web.RentController.getRents count=1427 sumNanos=212705500537 avgNanos=149057813
zil-app                 | 2026-05-05T00:24:36.153Z  INFO 1 --- [   scheduling-1] r.observability.ObservabilityService     : LAB9 Observability window=30s category=db.rent.findAll count=1427 sumNanos=212698871788 avgNanos=149053168
zil-app                 | 2026-05-05T00:24:36.153Z  INFO 1 --- [   scheduling-1] r.observability.ObservabilityService     : LAB9 Observability window=30s category=web.CarController.getCars count=1427 sumNanos=209888657392 avgNanos=147083852
zil-app                 | 2026-05-05T00:24:36.153Z  INFO 1 --- [   scheduling-1] r.observability.ObservabilityService     : LAB9 Observability window=30s category=db.car.findAll count=1427 sumNanos=209884386855 avgNanos=147080859
zil-app                 | 2026-05-05T00:24:36.154Z  INFO 1 --- [   scheduling-1] r.observability.ObservabilityService     : LAB9 Observability window=1m category=web.RentController.getRents count=2865 sumNanos=422542269476 avgNanos=147484212
zil-app                 | 2026-05-05T00:24:36.154Z  INFO 1 --- [   scheduling-1] r.observability.ObservabilityService     : LAB9 Observability window=1m category=db.rent.findAll count=2865 sumNanos=422526861373 avgNanos=147478834
zil-app                 | 2026-05-05T00:24:36.154Z  INFO 1 --- [   scheduling-1] r.observability.ObservabilityService     : LAB9 Observability window=1m category=web.CarController.getCars count=2864 sumNanos=419863593379 avgNanos=146600416
zil-app                 | 2026-05-05T00:24:36.154Z  INFO 1 --- [   scheduling-1] r.observability.ObservabilityService     : LAB9 Observability window=1m category=db.car.findAll count=2864 sumNanos=419848244196 avgNanos=146595057
zil-app                 | 2026-05-05T00:24:41.158Z  INFO 1 --- [   scheduling-1] r.observability.ObservabilityService     : LAB9 Observability window=10s category=web.RentController.getRents count=481 sumNanos=69186564875 avgNanos=143839012
zil-app                 | 2026-05-05T00:24:41.159Z  INFO 1 --- [   scheduling-1] r.observability.ObservabilityService     : LAB9 Observability window=10s category=db.rent.findAll count=481 sumNanos=69185580241 avgNanos=143836965
zil-app                 | 2026-05-05T00:24:41.160Z  INFO 1 --- [   scheduling-1] r.observability.ObservabilityService     : LAB9 Observability window=10s category=web.CarController.getCars count=481 sumNanos=73172452467 avgNanos=152125680
zil-app                 | 2026-05-05T00:24:41.160Z  INFO 1 --- [   scheduling-1] r.observability.ObservabilityService     : LAB9 Observability window=10s category=db.car.findAll count=481 sumNanos=73170539504 avgNanos=152121703
zil-app                 | 2026-05-05T00:24:41.160Z  INFO 1 --- [   scheduling-1] r.observability.ObservabilityService     : LAB9 Observability window=30s category=web.RentController.getRents count=1427 sumNanos=211309447900 avgNanos=148079500
zil-app                 | 2026-05-05T00:24:41.162Z  INFO 1 --- [   scheduling-1] r.observability.ObservabilityService     : LAB9 Observability window=30s category=db.rent.findAll count=1427 sumNanos=211302837803 avgNanos=148074868
zil-app                 | 2026-05-05T00:24:41.162Z  INFO 1 --- [   scheduling-1] r.observability.ObservabilityService     : LAB9 Observability window=30s category=web.CarController.getCars count=1429 sumNanos=213378899850 avgNanos=149320433
zil-app                 | 2026-05-05T00:24:41.164Z  INFO 1 --- [   scheduling-1] r.observability.ObservabilityService     : LAB9 Observability window=30s category=db.car.findAll count=1429 sumNanos=213374275380 avgNanos=149317197
zil-app                 | 2026-05-05T00:24:41.164Z  INFO 1 --- [   scheduling-1] r.observability.ObservabilityService     : LAB9 Observability window=1m category=web.RentController.getRents count=2861 sumNanos=421399692249 avgNanos=147291049
zil-app                 | 2026-05-05T00:24:41.165Z  INFO 1 --- [   scheduling-1] r.observability.ObservabilityService     : LAB9 Observability window=1m category=db.rent.findAll count=2861 sumNanos=421385606047 avgNanos=147286125
zil-app                 | 2026-05-05T00:24:41.165Z  INFO 1 --- [   scheduling-1] r.observability.ObservabilityService     : LAB9 Observability window=1m category=web.CarController.getCars count=2863 sumNanos=423911230937 avgNanos=148065396
zil-app                 | 2026-05-05T00:24:41.165Z  INFO 1 --- [   scheduling-1] r.observability.ObservabilityService     : LAB9 Observability window=1m category=db.car.findAll count=2863 sumNanos=423897839744 avgNanos=148060719
zil-app                 | 2026-05-05T00:24:46.166Z  INFO 1 --- [   scheduling-1] r.observability.ObservabilityService     : LAB9 Observability window=10s category=web.RentController.getRents count=474 sumNanos=69725162873 avgNanos=147099499
zil-app                 | 2026-05-05T00:24:46.166Z  INFO 1 --- [   scheduling-1] r.observability.ObservabilityService     : LAB9 Observability window=10s category=db.rent.findAll count=474 sumNanos=69724303228 avgNanos=147097686
zil-app                 | 2026-05-05T00:24:46.166Z  INFO 1 --- [   scheduling-1] r.observability.ObservabilityService     : LAB9 Observability window=10s category=web.CarController.getCars count=474 sumNanos=73753655643 avgNanos=155598429
zil-app                 | 2026-05-05T00:24:46.168Z  INFO 1 --- [   scheduling-1] r.observability.ObservabilityService     : LAB9 Observability window=10s category=db.car.findAll count=474 sumNanos=73752426756 avgNanos=155595837
zil-app                 | 2026-05-05T00:24:46.169Z  INFO 1 --- [   scheduling-1] r.observability.ObservabilityService     : LAB9 Observability window=30s category=web.RentController.getRents count=1429 sumNanos=213004447765 avgNanos=149058395
zil-app                 | 2026-05-05T00:24:46.169Z  INFO 1 --- [   scheduling-1] r.observability.ObservabilityService     : LAB9 Observability window=30s category=db.rent.findAll count=1429 sumNanos=212997951026 avgNanos=149053849
zil-app                 | 2026-05-05T00:24:46.169Z  INFO 1 --- [   scheduling-1] r.observability.ObservabilityService     : LAB9 Observability window=30s category=web.CarController.getCars count=1430 sumNanos=214306701508 avgNanos=149864826
zil-app                 | 2026-05-05T00:24:46.170Z  INFO 1 --- [   scheduling-1] r.observability.ObservabilityService     : LAB9 Observability window=30s category=db.car.findAll count=1430 sumNanos=214302164020 avgNanos=149861653
zil-app                 | 2026-05-05T00:24:46.170Z  INFO 1 --- [   scheduling-1] r.observability.ObservabilityService     : LAB9 Observability window=1m category=web.RentController.getRents count=2865 sumNanos=422103475188 avgNanos=147331055
zil-app                 | 2026-05-05T00:24:46.171Z  INFO 1 --- [   scheduling-1] r.observability.ObservabilityService     : LAB9 Observability window=1m category=db.rent.findAll count=2865 sumNanos=422092749031 avgNanos=147327312
zil-app                 | 2026-05-05T00:24:46.174Z  INFO 1 --- [   scheduling-1] r.observability.ObservabilityService     : LAB9 Observability window=1m category=web.CarController.getCars count=2863 sumNanos=424526923317 avgNanos=148280448
zil-app                 | 2026-05-05T00:24:46.174Z  INFO 1 --- [   scheduling-1] r.observability.ObservabilityService     : LAB9 Observability window=1m category=db.car.findAll count=2863 sumNanos=424514168130 avgNanos=148275993
zil-app                 | 2026-05-05T00:24:51.175Z  INFO 1 --- [   scheduling-1] r.observability.ObservabilityService     : LAB9 Observability window=10s category=web.RentController.getRents count=479 sumNanos=73576808826 avgNanos=153605028
zil-app                 | 2026-05-05T00:24:51.175Z  INFO 1 --- [   scheduling-1] r.observability.ObservabilityService     : LAB9 Observability window=10s category=db.rent.findAll count=479 sumNanos=73575274296 avgNanos=153601825
zil-app                 | 2026-05-05T00:24:51.175Z  INFO 1 --- [   scheduling-1] r.observability.ObservabilityService     : LAB9 Observability window=10s category=web.CarController.getCars count=477 sumNanos=73048241841 avgNanos=153140968
zil-app                 | 2026-05-05T00:24:51.175Z  INFO 1 --- [   scheduling-1] r.observability.ObservabilityService     : LAB9 Observability window=10s category=db.car.findAll count=477 sumNanos=73046878967 avgNanos=153138111
zil-app                 | 2026-05-05T00:24:51.175Z  INFO 1 --- [   scheduling-1] r.observability.ObservabilityService     : LAB9 Observability window=30s category=web.RentController.getRents count=1429 sumNanos=213717691880 avgNanos=149557517
zil-app                 | 2026-05-05T00:24:51.175Z  INFO 1 --- [   scheduling-1] r.observability.ObservabilityService     : LAB9 Observability window=30s category=db.rent.findAll count=1429 sumNanos=213710976131 avgNanos=149552817
zil-app                 | 2026-05-05T00:24:51.175Z  INFO 1 --- [   scheduling-1] r.observability.ObservabilityService     : LAB9 Observability window=30s category=web.CarController.getCars count=1433 sumNanos=216371332432 avgNanos=150991857
zil-app                 | 2026-05-05T00:24:51.175Z  INFO 1 --- [   scheduling-1] r.observability.ObservabilityService     : LAB9 Observability window=30s category=db.car.findAll count=1433 sumNanos=216366358436 avgNanos=150988386
zil-app                 | 2026-05-05T00:24:51.176Z  INFO 1 --- [   scheduling-1] r.observability.ObservabilityService     : LAB9 Observability window=1m category=web.RentController.getRents count=2862 sumNanos=423625631181 avgNanos=148017341
zil-app                 | 2026-05-05T00:24:51.176Z  INFO 1 --- [   scheduling-1] r.observability.ObservabilityService     : LAB9 Observability window=1m category=db.rent.findAll count=2862 sumNanos=423615385202 avgNanos=148013761
zil-app                 | 2026-05-05T00:24:51.176Z  INFO 1 --- [   scheduling-1] r.observability.ObservabilityService     : LAB9 Observability window=1m category=web.CarController.getCars count=2863 sumNanos=425639293406 avgNanos=148668981
zil-app                 | 2026-05-05T00:24:51.176Z  INFO 1 --- [   scheduling-1] r.observability.ObservabilityService     : LAB9 Observability window=1m category=db.car.findAll count=2863 sumNanos=425627080816 avgNanos=148664715
zil-app                 | 2026-05-05T00:24:56.178Z  INFO 1 --- [   scheduling-1] r.observability.ObservabilityService     : LAB9 Observability window=10s category=web.RentController.getRents count=484 sumNanos=73004221595 avgNanos=150835168
zil-app                 | 2026-05-05T00:24:56.179Z  INFO 1 --- [   scheduling-1] r.observability.ObservabilityService     : LAB9 Observability window=10s category=db.rent.findAll count=484 sumNanos=73002213751 avgNanos=150831020
zil-app                 | 2026-05-05T00:24:56.179Z  INFO 1 --- [   scheduling-1] r.observability.ObservabilityService     : LAB9 Observability window=10s category=web.CarController.getCars count=488 sumNanos=71893989966 avgNanos=147323749
zil-app                 | 2026-05-05T00:24:56.179Z  INFO 1 --- [   scheduling-1] r.observability.ObservabilityService     : LAB9 Observability window=10s category=db.car.findAll count=488 sumNanos=71892558018 avgNanos=147320815
zil-app                 | 2026-05-05T00:24:56.179Z  INFO 1 --- [   scheduling-1] r.observability.ObservabilityService     : LAB9 Observability window=30s category=web.RentController.getRents count=1429 sumNanos=213414526346 avgNanos=149345364
zil-app                 | 2026-05-05T00:24:56.179Z  INFO 1 --- [   scheduling-1] r.observability.ObservabilityService     : LAB9 Observability window=30s category=db.rent.findAll count=1429 sumNanos=213410696025 avgNanos=149342684
zil-app                 | 2026-05-05T00:24:56.179Z  INFO 1 --- [   scheduling-1] r.observability.ObservabilityService     : LAB9 Observability window=30s category=web.CarController.getCars count=1432 sumNanos=216362443446 avgNanos=151091091
zil-app                 | 2026-05-05T00:24:56.179Z  INFO 1 --- [   scheduling-1] r.observability.ObservabilityService     : LAB9 Observability window=30s category=db.car.findAll count=1432 sumNanos=216358133379 avgNanos=151088081
zil-app                 | 2026-05-05T00:24:56.179Z  INFO 1 --- [   scheduling-1] r.observability.ObservabilityService     : LAB9 Observability window=1m category=web.RentController.getRents count=2862 sumNanos=424470213984 avgNanos=148312443
zil-app                 | 2026-05-05T00:24:56.180Z  INFO 1 --- [   scheduling-1] r.observability.ObservabilityService     : LAB9 Observability window=1m category=db.rent.findAll count=2862 sumNanos=424459646610 avgNanos=148308751
zil-app                 | 2026-05-05T00:24:56.180Z  INFO 1 --- [   scheduling-1] r.observability.ObservabilityService     : LAB9 Observability window=1m category=web.CarController.getCars count=2860 sumNanos=426160551399 avgNanos=149007185
zil-app                 | 2026-05-05T00:24:56.180Z  INFO 1 --- [   scheduling-1] r.observability.ObservabilityService     : LAB9 Observability window=1m category=db.car.findAll count=2860 sumNanos=426149119745 avgNanos=149003188
zil-app                 | 2026-05-05T00:25:01.181Z  INFO 1 --- [   scheduling-1] r.observability.ObservabilityService     : LAB9 Observability window=10s category=web.RentController.getRents count=478 sumNanos=71455011616 avgNanos=149487472
zil-app                 | 2026-05-05T00:25:01.183Z  INFO 1 --- [   scheduling-1] r.observability.ObservabilityService     : LAB9 Observability window=10s category=db.rent.findAll count=478 sumNanos=71453475504 avgNanos=149484258
zil-app                 | 2026-05-05T00:25:01.184Z  INFO 1 --- [   scheduling-1] r.observability.ObservabilityService     : LAB9 Observability window=10s category=web.CarController.getCars count=474 sumNanos=71829120909 avgNanos=151538229
zil-app                 | 2026-05-05T00:25:01.184Z  INFO 1 --- [   scheduling-1] r.observability.ObservabilityService     : LAB9 Observability window=10s category=db.car.findAll count=474 sumNanos=71828064434 avgNanos=151536000
zil-app                 | 2026-05-05T00:25:01.185Z  INFO 1 --- [   scheduling-1] r.observability.ObservabilityService     : LAB9 Observability window=30s category=web.RentController.getRents count=1436 sumNanos=213929349574 avgNanos=148975870
zil-app                 | 2026-05-05T00:25:01.185Z  INFO 1 --- [   scheduling-1] r.observability.ObservabilityService     : LAB9 Observability window=30s category=db.rent.findAll count=1436 sumNanos=213925298015 avgNanos=148973048
zil-app                 | 2026-05-05T00:25:01.186Z  INFO 1 --- [   scheduling-1] r.observability.ObservabilityService     : LAB9 Observability window=30s category=web.CarController.getCars count=1435 sumNanos=218484503521 avgNanos=152254009
zil-app                 | 2026-05-05T00:25:01.186Z  INFO 1 --- [   scheduling-1] r.observability.ObservabilityService     : LAB9 Observability window=30s category=db.car.findAll count=1435 sumNanos=218480166896 avgNanos=152250987
zil-app                 | 2026-05-05T00:25:01.187Z  INFO 1 --- [   scheduling-1] r.observability.ObservabilityService     : LAB9 Observability window=1m category=web.RentController.getRents count=2860 sumNanos=424537567101 avgNanos=148439708
zil-app                 | 2026-05-05T00:25:01.188Z  INFO 1 --- [   scheduling-1] r.observability.ObservabilityService     : LAB9 Observability window=1m category=db.rent.findAll count=2860 sumNanos=424526901464 avgNanos=148435979
zil-app                 | 2026-05-05T00:25:01.188Z  INFO 1 --- [   scheduling-1] r.observability.ObservabilityService     : LAB9 Observability window=1m category=web.CarController.getCars count=2860 sumNanos=427607383922 avgNanos=149513071
zil-app                 | 2026-05-05T00:25:01.188Z  INFO 1 --- [   scheduling-1] r.observability.ObservabilityService     : LAB9 Observability window=1m category=db.car.findAll count=2860 sumNanos=427595974578 avgNanos=149509082
zil-app                 | 2026-05-05T00:25:06.189Z  INFO 1 --- [   scheduling-1] r.observability.ObservabilityService     : LAB9 Observability window=10s category=web.RentController.getRents count=477 sumNanos=72681449139 avgNanos=152372010
zil-app                 | 2026-05-05T00:25:06.190Z  INFO 1 --- [   scheduling-1] r.observability.ObservabilityService     : LAB9 Observability window=10s category=db.rent.findAll count=477 sumNanos=72680436064 avgNanos=152369886
zil-app                 | 2026-05-05T00:25:06.190Z  INFO 1 --- [   scheduling-1] r.observability.ObservabilityService     : LAB9 Observability window=10s category=web.CarController.getCars count=473 sumNanos=73008704457 avgNanos=154352440
zil-app                 | 2026-05-05T00:25:06.190Z  INFO 1 --- [   scheduling-1] r.observability.ObservabilityService     : LAB9 Observability window=10s category=db.car.findAll count=473 sumNanos=73007781485 avgNanos=154350489
zil-app                 | 2026-05-05T00:25:06.190Z  INFO 1 --- [   scheduling-1] r.observability.ObservabilityService     : LAB9 Observability window=30s category=web.RentController.getRents count=1435 sumNanos=215456049372 avgNanos=150143588
zil-app                 | 2026-05-05T00:25:06.191Z  INFO 1 --- [   scheduling-1] r.observability.ObservabilityService     : LAB9 Observability window=30s category=db.rent.findAll count=1435 sumNanos=215452168551 avgNanos=150140884
zil-app                 | 2026-05-05T00:25:06.192Z  INFO 1 --- [   scheduling-1] r.observability.ObservabilityService     : LAB9 Observability window=30s category=web.CarController.getCars count=1435 sumNanos=218656350066 avgNanos=152373763
zil-app                 | 2026-05-05T00:25:06.192Z  INFO 1 --- [   scheduling-1] r.observability.ObservabilityService     : LAB9 Observability window=30s category=db.car.findAll count=1435 sumNanos=218652766259 avgNanos=152371265
zil-app                 | 2026-05-05T00:25:06.192Z  INFO 1 --- [   scheduling-1] r.observability.ObservabilityService     : LAB9 Observability window=1m category=web.RentController.getRents count=2863 sumNanos=428407535919 avgNanos=149635884
zil-app                 | 2026-05-05T00:25:06.193Z  INFO 1 --- [   scheduling-1] r.observability.ObservabilityService     : LAB9 Observability window=1m category=db.rent.findAll count=2863 sumNanos=428397024655 avgNanos=149632212
zil-app                 | 2026-05-05T00:25:06.193Z  INFO 1 --- [   scheduling-1] r.observability.ObservabilityService     : LAB9 Observability window=1m category=web.CarController.getCars count=2859 sumNanos=428234262222 avgNanos=149784631
zil-app                 | 2026-05-05T00:25:06.193Z  INFO 1 --- [   scheduling-1] r.observability.ObservabilityService     : LAB9 Observability window=1m category=db.car.findAll count=2859 sumNanos=428226412645 avgNanos=149781886
zil-app                 | 2026-05-05T00:25:11.193Z  INFO 1 --- [   scheduling-1] r.observability.ObservabilityService     : LAB9 Observability window=10s category=web.RentController.getRents count=481 sumNanos=72142011406 avgNanos=149983391
zil-app                 | 2026-05-05T00:25:11.193Z  INFO 1 --- [   scheduling-1] r.observability.ObservabilityService     : LAB9 Observability window=10s category=db.rent.findAll count=481 sumNanos=72136015266 avgNanos=149970925
zil-app                 | 2026-05-05T00:25:11.193Z  INFO 1 --- [   scheduling-1] r.observability.ObservabilityService     : LAB9 Observability window=10s category=web.CarController.getCars count=484 sumNanos=73989401603 avgNanos=152870664
zil-app                 | 2026-05-05T00:25:11.193Z  INFO 1 --- [   scheduling-1] r.observability.ObservabilityService     : LAB9 Observability window=10s category=db.car.findAll count=484 sumNanos=73987855780 avgNanos=152867470
zil-app                 | 2026-05-05T00:25:11.194Z  INFO 1 --- [   scheduling-1] r.observability.ObservabilityService     : LAB9 Observability window=30s category=web.RentController.getRents count=1436 sumNanos=216890575984 avgNanos=151038005
zil-app                 | 2026-05-05T00:25:11.194Z  INFO 1 --- [   scheduling-1] r.observability.ObservabilityService     : LAB9 Observability window=30s category=db.rent.findAll count=1436 sumNanos=216881512396 avgNanos=151031693
zil-app                 | 2026-05-05T00:25:11.194Z  INFO 1 --- [   scheduling-1] r.observability.ObservabilityService     : LAB9 Observability window=30s category=web.CarController.getCars count=1434 sumNanos=218703876084 avgNanos=152513163
zil-app                 | 2026-05-05T00:25:11.194Z  INFO 1 --- [   scheduling-1] r.observability.ObservabilityService     : LAB9 Observability window=30s category=db.car.findAll count=1434 sumNanos=218699911980 avgNanos=152510398
zil-app                 | 2026-05-05T00:25:11.194Z  INFO 1 --- [   scheduling-1] r.observability.ObservabilityService     : LAB9 Observability window=1m category=web.RentController.getRents count=2863 sumNanos=428250044683 avgNanos=149580874
zil-app                 | 2026-05-05T00:25:11.194Z  INFO 1 --- [   scheduling-1] r.observability.ObservabilityService     : LAB9 Observability window=1m category=db.rent.findAll count=2863 sumNanos=428234371342 avgNanos=149575400
zil-app                 | 2026-05-05T00:25:11.194Z  INFO 1 --- [   scheduling-1] r.observability.ObservabilityService     : LAB9 Observability window=1m category=web.CarController.getCars count=2863 sumNanos=432115851109 avgNanos=150931139
zil-app                 | 2026-05-05T00:25:11.194Z  INFO 1 --- [   scheduling-1] r.observability.ObservabilityService     : LAB9 Observability window=1m category=db.car.findAll count=2863 sumNanos=432107263068 avgNanos=150928139
zil-app                 | 2026-05-05T00:25:16.196Z  INFO 1 --- [   scheduling-1] r.observability.ObservabilityService     : LAB9 Observability window=10s category=web.RentController.getRents count=473 sumNanos=71719547458 avgNanos=151626950
zil-app                 | 2026-05-05T00:25:16.196Z  INFO 1 --- [   scheduling-1] r.observability.ObservabilityService     : LAB9 Observability window=10s category=db.rent.findAll count=473 sumNanos=71713536752 avgNanos=151614242
zil-app                 | 2026-05-05T00:25:16.196Z  INFO 1 --- [   scheduling-1] r.observability.ObservabilityService     : LAB9 Observability window=10s category=web.CarController.getCars count=475 sumNanos=75014205754 avgNanos=157924643
zil-app                 | 2026-05-05T00:25:16.196Z  INFO 1 --- [   scheduling-1] r.observability.ObservabilityService     : LAB9 Observability window=10s category=db.car.findAll count=475 sumNanos=75012609428 avgNanos=157921283
zil-app                 | 2026-05-05T00:25:16.196Z  INFO 1 --- [   scheduling-1] r.observability.ObservabilityService     : LAB9 Observability window=30s category=web.RentController.getRents count=1434 sumNanos=217443070826 avgNanos=151633940
zil-app                 | 2026-05-05T00:25:16.196Z  INFO 1 --- [   scheduling-1] r.observability.ObservabilityService     : LAB9 Observability window=30s category=db.rent.findAll count=1434 sumNanos=217434038751 avgNanos=151627642
zil-app                 | 2026-05-05T00:25:16.196Z  INFO 1 --- [   scheduling-1] r.observability.ObservabilityService     : LAB9 Observability window=30s category=web.CarController.getCars count=1435 sumNanos=219753574782 avgNanos=153138379
zil-app                 | 2026-05-05T00:25:16.196Z  INFO 1 --- [   scheduling-1] r.observability.ObservabilityService     : LAB9 Observability window=30s category=db.car.findAll count=1435 sumNanos=219749649536 avgNanos=153135644
zil-app                 | 2026-05-05T00:25:16.196Z  INFO 1 --- [   scheduling-1] r.observability.ObservabilityService     : LAB9 Observability window=1m category=web.RentController.getRents count=2864 sumNanos=430691170416 avgNanos=150380995
zil-app                 | 2026-05-05T00:25:16.197Z  INFO 1 --- [   scheduling-1] r.observability.ObservabilityService     : LAB9 Observability window=1m category=db.rent.findAll count=2864 sumNanos=430675639877 avgNanos=150375572
zil-app                 | 2026-05-05T00:25:16.197Z  INFO 1 --- [   scheduling-1] r.observability.ObservabilityService     : LAB9 Observability window=1m category=web.CarController.getCars count=2862 sumNanos=433706868368 avgNanos=151539786
zil-app                 | 2026-05-05T00:25:16.197Z  INFO 1 --- [   scheduling-1] r.observability.ObservabilityService     : LAB9 Observability window=1m category=db.car.findAll count=2862 sumNanos=433698384603 avgNanos=151536822
zil-app                 | 2026-05-05T00:25:21.203Z  INFO 1 --- [   scheduling-1] r.observability.ObservabilityService     : LAB9 Observability window=10s category=web.RentController.getRents count=474 sumNanos=73404295255 avgNanos=154861382
zil-app                 | 2026-05-05T00:25:21.207Z  INFO 1 --- [   scheduling-1] r.observability.ObservabilityService     : LAB9 Observability window=10s category=db.rent.findAll count=474 sumNanos=73403674532 avgNanos=154860072
zil-app                 | 2026-05-05T00:25:21.207Z  INFO 1 --- [   scheduling-1] r.observability.ObservabilityService     : LAB9 Observability window=10s category=web.CarController.getCars count=474 sumNanos=74006829726 avgNanos=156132552
zil-app                 | 2026-05-05T00:25:21.207Z  INFO 1 --- [   scheduling-1] r.observability.ObservabilityService     : LAB9 Observability window=10s category=db.car.findAll count=474 sumNanos=74005632506 avgNanos=156130026
zil-app                 | 2026-05-05T00:25:21.207Z  INFO 1 --- [   scheduling-1] r.observability.ObservabilityService     : LAB9 Observability window=30s category=web.RentController.getRents count=1434 sumNanos=217150840550 avgNanos=151430153
zil-app                 | 2026-05-05T00:25:21.207Z  INFO 1 --- [   scheduling-1] r.observability.ObservabilityService     : LAB9 Observability window=30s category=db.rent.findAll count=1434 sumNanos=217142686510 avgNanos=151424467
zil-app                 | 2026-05-05T00:25:21.207Z  INFO 1 --- [   scheduling-1] r.observability.ObservabilityService     : LAB9 Observability window=30s category=web.CarController.getCars count=1432 sumNanos=219825352238 avgNanos=153509324
zil-app                 | 2026-05-05T00:25:21.207Z  INFO 1 --- [   scheduling-1] r.observability.ObservabilityService     : LAB9 Observability window=30s category=db.car.findAll count=1432 sumNanos=219821552720 avgNanos=153506670
zil-app                 | 2026-05-05T00:25:21.208Z  INFO 1 --- [   scheduling-1] r.observability.ObservabilityService     : LAB9 Observability window=1m category=web.RentController.getRents count=2862 sumNanos=430729595649 avgNanos=150499509
zil-app                 | 2026-05-05T00:25:21.208Z  INFO 1 --- [   scheduling-1] r.observability.ObservabilityService     : LAB9 Observability window=1m category=db.rent.findAll count=2862 sumNanos=430714726759 avgNanos=150494314
zil-app                 | 2026-05-05T00:25:21.208Z  INFO 1 --- [   scheduling-1] r.observability.ObservabilityService     : LAB9 Observability window=1m category=web.CarController.getCars count=2862 sumNanos=435559433041 avgNanos=152187083
zil-app                 | 2026-05-05T00:25:21.208Z  INFO 1 --- [   scheduling-1] r.observability.ObservabilityService     : LAB9 Observability window=1m category=db.car.findAll count=2862 sumNanos=435550664362 avgNanos=152184019
zil-app                 | 2026-05-05T00:25:26.208Z  INFO 1 --- [   scheduling-1] r.observability.ObservabilityService     : LAB9 Observability window=10s category=web.RentController.getRents count=486 sumNanos=73240451758 avgNanos=150700518
zil-app                 | 2026-05-05T00:25:26.209Z  INFO 1 --- [   scheduling-1] r.observability.ObservabilityService     : LAB9 Observability window=10s category=db.rent.findAll count=486 sumNanos=73240020591 avgNanos=150699630
zil-app                 | 2026-05-05T00:25:26.209Z  INFO 1 --- [   scheduling-1] r.observability.ObservabilityService     : LAB9 Observability window=10s category=web.CarController.getCars count=487 sumNanos=72553289286 avgNanos=148980060
zil-app                 | 2026-05-05T00:25:26.209Z  INFO 1 --- [   scheduling-1] r.observability.ObservabilityService     : LAB9 Observability window=10s category=db.car.findAll count=487 sumNanos=72552126082 avgNanos=148977671
zil-app                 | 2026-05-05T00:25:26.209Z  INFO 1 --- [   scheduling-1] r.observability.ObservabilityService     : LAB9 Observability window=30s category=web.RentController.getRents count=1436 sumNanos=217717475878 avgNanos=151613841
zil-app                 | 2026-05-05T00:25:26.209Z  INFO 1 --- [   scheduling-1] r.observability.ObservabilityService     : LAB9 Observability window=30s category=db.rent.findAll count=1436 sumNanos=217710020388 avgNanos=151608649
zil-app                 | 2026-05-05T00:25:26.209Z  INFO 1 --- [   scheduling-1] r.observability.ObservabilityService     : LAB9 Observability window=30s category=web.CarController.getCars count=1436 sumNanos=220716239801 avgNanos=153702116
zil-app                 | 2026-05-05T00:25:26.209Z  INFO 1 --- [   scheduling-1] r.observability.ObservabilityService     : LAB9 Observability window=30s category=db.car.findAll count=1436 sumNanos=220712554853 avgNanos=153699550
zil-app                 | 2026-05-05T00:25:26.209Z  INFO 1 --- [   scheduling-1] r.observability.ObservabilityService     : LAB9 Observability window=1m category=web.RentController.getRents count=2865 sumNanos=431117839555 avgNanos=150477430
zil-app                 | 2026-05-05T00:25:26.209Z  INFO 1 --- [   scheduling-1] r.observability.ObservabilityService     : LAB9 Observability window=1m category=db.rent.findAll count=2865 sumNanos=431106554266 avgNanos=150473491
zil-app                 | 2026-05-05T00:25:26.209Z  INFO 1 --- [   scheduling-1] r.observability.ObservabilityService     : LAB9 Observability window=1m category=web.CarController.getCars count=2867 sumNanos=436965559569 avgNanos=152412124
zil-app                 | 2026-05-05T00:25:26.209Z  INFO 1 --- [   scheduling-1] r.observability.ObservabilityService     : LAB9 Observability window=1m category=db.car.findAll count=2867 sumNanos=436957566030 avgNanos=152409335
zil-app                 | 2026-05-05T00:25:31.213Z  INFO 1 --- [   scheduling-1] r.observability.ObservabilityService     : LAB9 Observability window=10s category=web.RentController.getRents count=474 sumNanos=74155049273 avgNanos=156445251
zil-app                 | 2026-05-05T00:25:31.215Z  INFO 1 --- [   scheduling-1] r.observability.ObservabilityService     : LAB9 Observability window=10s category=db.rent.findAll count=474 sumNanos=74154484579 avgNanos=156444060
zil-app                 | 2026-05-05T00:25:31.215Z  INFO 1 --- [   scheduling-1] r.observability.ObservabilityService     : LAB9 Observability window=10s category=web.CarController.getCars count=483 sumNanos=72812744277 avgNanos=150751023
zil-app                 | 2026-05-05T00:25:31.216Z  INFO 1 --- [   scheduling-1] r.observability.ObservabilityService     : LAB9 Observability window=10s category=db.car.findAll count=483 sumNanos=72811711424 avgNanos=150748884
zil-app                 | 2026-05-05T00:25:31.216Z  INFO 1 --- [   scheduling-1] r.observability.ObservabilityService     : LAB9 Observability window=30s category=web.RentController.getRents count=1434 sumNanos=220423277843 avgNanos=153712188
zil-app                 | 2026-05-05T00:25:31.217Z  INFO 1 --- [   scheduling-1] r.observability.ObservabilityService     : LAB9 Observability window=30s category=db.rent.findAll count=1434 sumNanos=220416091495 avgNanos=153707176
zil-app                 | 2026-05-05T00:25:31.218Z  INFO 1 --- [   scheduling-1] r.observability.ObservabilityService     : LAB9 Observability window=30s category=web.CarController.getCars count=1441 sumNanos=220808975606 avgNanos=153233154
zil-app                 | 2026-05-05T00:25:31.218Z  INFO 1 --- [   scheduling-1] r.observability.ObservabilityService     : LAB9 Observability window=30s category=db.car.findAll count=1441 sumNanos=220805199710 avgNanos=153230534
zil-app                 | 2026-05-05T00:25:31.219Z  INFO 1 --- [   scheduling-1] r.observability.ObservabilityService     : LAB9 Observability window=1m category=web.RentController.getRents count=2869 sumNanos=434204999012 avgNanos=151343673
zil-app                 | 2026-05-05T00:25:31.219Z  INFO 1 --- [   scheduling-1] r.observability.ObservabilityService     : LAB9 Observability window=1m category=db.rent.findAll count=2869 sumNanos=434193763292 avgNanos=151339757
zil-app                 | 2026-05-05T00:25:31.219Z  INFO 1 --- [   scheduling-1] r.observability.ObservabilityService     : LAB9 Observability window=1m category=web.CarController.getCars count=2876 sumNanos=439293479127 avgNanos=152744603
zil-app                 | 2026-05-05T00:25:31.219Z  INFO 1 --- [   scheduling-1] r.observability.ObservabilityService     : LAB9 Observability window=1m category=db.car.findAll count=2876 sumNanos=439285366606 avgNanos=152741782
zil-app                 | 2026-05-05T00:25:36.221Z  INFO 1 --- [   scheduling-1] r.observability.ObservabilityService     : LAB9 Observability window=10s category=web.RentController.getRents count=475 sumNanos=74726163724 avgNanos=157318239
zil-app                 | 2026-05-05T00:25:36.223Z  INFO 1 --- [   scheduling-1] r.observability.ObservabilityService     : LAB9 Observability window=10s category=db.rent.findAll count=475 sumNanos=74724438599 avgNanos=157314607
zil-app                 | 2026-05-05T00:25:36.224Z  INFO 1 --- [   scheduling-1] r.observability.ObservabilityService     : LAB9 Observability window=10s category=web.CarController.getCars count=475 sumNanos=73449602971 avgNanos=154630743
zil-app                 | 2026-05-05T00:25:36.224Z  INFO 1 --- [   scheduling-1] r.observability.ObservabilityService     : LAB9 Observability window=10s category=db.car.findAll count=475 sumNanos=73440178282 avgNanos=154610901
zil-app                 | 2026-05-05T00:25:36.224Z  INFO 1 --- [   scheduling-1] r.observability.ObservabilityService     : LAB9 Observability window=30s category=web.RentController.getRents count=1434 sumNanos=219644192233 avgNanos=153168892
zil-app                 | 2026-05-05T00:25:36.228Z  INFO 1 --- [   scheduling-1] r.observability.ObservabilityService     : LAB9 Observability window=30s category=db.rent.findAll count=1434 sumNanos=219636026485 avgNanos=153163198
zil-app                 | 2026-05-05T00:25:36.229Z  INFO 1 --- [   scheduling-1] r.observability.ObservabilityService     : LAB9 Observability window=30s category=web.CarController.getCars count=1439 sumNanos=221304470401 avgNanos=153790458
zil-app                 | 2026-05-05T00:25:36.240Z  INFO 1 --- [   scheduling-1] r.observability.ObservabilityService     : LAB9 Observability window=30s category=db.car.findAll count=1439 sumNanos=221292282570 avgNanos=153781989
zil-app                 | 2026-05-05T00:25:36.241Z  INFO 1 --- [   scheduling-1] r.observability.ObservabilityService     : LAB9 Observability window=1m category=web.RentController.getRents count=2872 sumNanos=435494152236 avgNanos=151634454
zil-app                 | 2026-05-05T00:25:36.241Z  INFO 1 --- [   scheduling-1] r.observability.ObservabilityService     : LAB9 Observability window=1m category=db.rent.findAll count=2872 sumNanos=435482101639 avgNanos=151630258
zil-app                 | 2026-05-05T00:25:36.241Z  INFO 1 --- [   scheduling-1] r.observability.ObservabilityService     : LAB9 Observability window=1m category=web.CarController.getCars count=2876 sumNanos=440175674176 avgNanos=153051347
zil-app                 | 2026-05-05T00:25:36.241Z  INFO 1 --- [   scheduling-1] r.observability.ObservabilityService     : LAB9 Observability window=1m category=db.car.findAll count=2876 sumNanos=440159899347 avgNanos=153045862
zil-app                 | 2026-05-05T00:25:41.241Z  INFO 1 --- [   scheduling-1] r.observability.ObservabilityService     : LAB9 Observability window=10s category=web.RentController.getRents count=487 sumNanos=73321111884 avgNanos=150556697
zil-app                 | 2026-05-05T00:25:41.242Z  INFO 1 --- [   scheduling-1] r.observability.ObservabilityService     : LAB9 Observability window=10s category=db.rent.findAll count=487 sumNanos=73318910482 avgNanos=150552177
zil-app                 | 2026-05-05T00:25:41.242Z  INFO 1 --- [   scheduling-1] r.observability.ObservabilityService     : LAB9 Observability window=10s category=web.CarController.getCars count=484 sumNanos=73757380864 avgNanos=152391282
zil-app                 | 2026-05-05T00:25:41.242Z  INFO 1 --- [   scheduling-1] r.observability.ObservabilityService     : LAB9 Observability window=10s category=db.car.findAll count=484 sumNanos=73747866504 avgNanos=152371625
zil-app                 | 2026-05-05T00:25:41.242Z  INFO 1 --- [   scheduling-1] r.observability.ObservabilityService     : LAB9 Observability window=30s category=web.RentController.getRents count=1439 sumNanos=221448606570 avgNanos=153890623
zil-app                 | 2026-05-05T00:25:41.242Z  INFO 1 --- [   scheduling-1] r.observability.ObservabilityService     : LAB9 Observability window=30s category=db.rent.findAll count=1439 sumNanos=221445205044 avgNanos=153888259
zil-app                 | 2026-05-05T00:25:41.244Z  INFO 1 --- [   scheduling-1] r.observability.ObservabilityService     : LAB9 Observability window=30s category=web.CarController.getCars count=1440 sumNanos=220499290135 avgNanos=153124507
zil-app                 | 2026-05-05T00:25:41.244Z  INFO 1 --- [   scheduling-1] r.observability.ObservabilityService     : LAB9 Observability window=30s category=db.car.findAll count=1440 sumNanos=220487547231 avgNanos=153116352
zil-app                 | 2026-05-05T00:25:41.245Z  INFO 1 --- [   scheduling-1] r.observability.ObservabilityService     : LAB9 Observability window=1m category=web.RentController.getRents count=2876 sumNanos=438330621755 avgNanos=152409812
zil-app                 | 2026-05-05T00:25:41.245Z  INFO 1 --- [   scheduling-1] r.observability.ObservabilityService     : LAB9 Observability window=1m category=db.rent.findAll count=2876 sumNanos=438318155050 avgNanos=152405478
zil-app                 | 2026-05-05T00:25:41.245Z  INFO 1 --- [   scheduling-1] r.observability.ObservabilityService     : LAB9 Observability window=1m category=web.CarController.getCars count=2875 sumNanos=439280830951 avgNanos=152793332
zil-app                 | 2026-05-05T00:25:41.245Z  INFO 1 --- [   scheduling-1] r.observability.ObservabilityService     : LAB9 Observability window=1m category=db.car.findAll count=2875 sumNanos=439265122414 avgNanos=152787868
zil-app                 | 2026-05-05T00:25:46.248Z  INFO 1 --- [   scheduling-1] r.observability.ObservabilityService     : LAB9 Observability window=10s category=web.RentController.getRents count=480 sumNanos=73390418624 avgNanos=152896705
zil-app                 | 2026-05-05T00:25:46.248Z  INFO 1 --- [   scheduling-1] r.observability.ObservabilityService     : LAB9 Observability window=10s category=db.rent.findAll count=480 sumNanos=73389372491 avgNanos=152894526
zil-app                 | 2026-05-05T00:25:46.248Z  INFO 1 --- [   scheduling-1] r.observability.ObservabilityService     : LAB9 Observability window=10s category=web.CarController.getCars count=477 sumNanos=73625963189 avgNanos=154352124
zil-app                 | 2026-05-05T00:25:46.249Z  INFO 1 --- [   scheduling-1] r.observability.ObservabilityService     : LAB9 Observability window=10s category=db.car.findAll count=477 sumNanos=73621522389 avgNanos=154342814
zil-app                 | 2026-05-05T00:25:46.249Z  INFO 1 --- [   scheduling-1] r.observability.ObservabilityService     : LAB9 Observability window=30s category=web.RentController.getRents count=1443 sumNanos=221637402620 avgNanos=153594873
zil-app                 | 2026-05-05T00:25:46.249Z  INFO 1 --- [   scheduling-1] r.observability.ObservabilityService     : LAB9 Observability window=30s category=db.rent.findAll count=1443 sumNanos=221634198741 avgNanos=153592653
zil-app                 | 2026-05-05T00:25:46.249Z  INFO 1 --- [   scheduling-1] r.observability.ObservabilityService     : LAB9 Observability window=30s category=web.CarController.getCars count=1441 sumNanos=219896596034 avgNanos=152599997
zil-app                 | 2026-05-05T00:25:46.249Z  INFO 1 --- [   scheduling-1] r.observability.ObservabilityService     : LAB9 Observability window=30s category=db.car.findAll count=1441 sumNanos=219881564484 avgNanos=152589565
zil-app                 | 2026-05-05T00:25:46.250Z  INFO 1 --- [   scheduling-1] r.observability.ObservabilityService     : LAB9 Observability window=1m category=web.RentController.getRents count=2877 sumNanos=439037411513 avgNanos=152602506
zil-app                 | 2026-05-05T00:25:46.250Z  INFO 1 --- [   scheduling-1] r.observability.ObservabilityService     : LAB9 Observability window=1m category=db.rent.findAll count=2877 sumNanos=439025177351 avgNanos=152598254
zil-app                 | 2026-05-05T00:25:46.250Z  INFO 1 --- [   scheduling-1] r.observability.ObservabilityService     : LAB9 Observability window=1m category=web.CarController.getCars count=2875 sumNanos=439448513516 avgNanos=152851656
zil-app                 | 2026-05-05T00:25:46.250Z  INFO 1 --- [   scheduling-1] r.observability.ObservabilityService     : LAB9 Observability window=1m category=db.car.findAll count=2875 sumNanos=439429557717 avgNanos=152845063
zil-app                 | 2026-05-05T00:25:51.251Z  INFO 1 --- [   scheduling-1] r.observability.ObservabilityService     : LAB9 Observability window=10s category=web.RentController.getRents count=482 sumNanos=72937569169 avgNanos=151322757
zil-app                 | 2026-05-05T00:25:51.252Z  INFO 1 --- [   scheduling-1] r.observability.ObservabilityService     : LAB9 Observability window=10s category=db.rent.findAll count=482 sumNanos=72937128909 avgNanos=151321844
zil-app                 | 2026-05-05T00:25:51.252Z  INFO 1 --- [   scheduling-1] r.observability.ObservabilityService     : LAB9 Observability window=10s category=web.CarController.getCars count=481 sumNanos=74683383265 avgNanos=155266909
zil-app                 | 2026-05-05T00:25:51.254Z  INFO 1 --- [   scheduling-1] r.observability.ObservabilityService     : LAB9 Observability window=10s category=db.car.findAll count=481 sumNanos=74679376583 avgNanos=155258579
zil-app                 | 2026-05-05T00:25:51.256Z  INFO 1 --- [   scheduling-1] r.observability.ObservabilityService     : LAB9 Observability window=30s category=web.RentController.getRents count=1445 sumNanos=220702271097 avgNanos=152735135
zil-app                 | 2026-05-05T00:25:51.256Z  INFO 1 --- [   scheduling-1] r.observability.ObservabilityService     : LAB9 Observability window=30s category=db.rent.findAll count=1445 sumNanos=220699050457 avgNanos=152732906
zil-app                 | 2026-05-05T00:25:51.256Z  INFO 1 --- [   scheduling-1] r.observability.ObservabilityService     : LAB9 Observability window=30s category=web.CarController.getCars count=1446 sumNanos=220961942966 avgNanos=152809089
zil-app                 | 2026-05-05T00:25:51.256Z  INFO 1 --- [   scheduling-1] r.observability.ObservabilityService     : LAB9 Observability window=30s category=db.car.findAll count=1446 sumNanos=220947392253 avgNanos=152799026
zil-app                 | 2026-05-05T00:25:51.256Z  INFO 1 --- [   scheduling-1] r.observability.ObservabilityService     : LAB9 Observability window=1m category=web.RentController.getRents count=2879 sumNanos=437797320481 avgNanos=152065759
zil-app                 | 2026-05-05T00:25:51.256Z  INFO 1 --- [   scheduling-1] r.observability.ObservabilityService     : LAB9 Observability window=1m category=db.rent.findAll count=2879 sumNanos=437785947148 avgNanos=152061808
zil-app                 | 2026-05-05T00:25:51.256Z  INFO 1 --- [   scheduling-1] r.observability.ObservabilityService     : LAB9 Observability window=1m category=web.CarController.getCars count=2878 sumNanos=440765322764 avgNanos=153149868
zil-app                 | 2026-05-05T00:25:51.256Z  INFO 1 --- [   scheduling-1] r.observability.ObservabilityService     : LAB9 Observability window=1m category=db.car.findAll count=2878 sumNanos=440746972252 avgNanos=153143492
zil-app                 | 2026-05-05T00:25:56.257Z  INFO 1 --- [   scheduling-1] r.observability.ObservabilityService     : LAB9 Observability window=10s category=web.RentController.getRents count=482 sumNanos=72907277294 avgNanos=151259911
zil-app                 | 2026-05-05T00:25:56.257Z  INFO 1 --- [   scheduling-1] r.observability.ObservabilityService     : LAB9 Observability window=10s category=db.rent.findAll count=482 sumNanos=72906812943 avgNanos=151258948
zil-app                 | 2026-05-05T00:25:56.257Z  INFO 1 --- [   scheduling-1] r.observability.ObservabilityService     : LAB9 Observability window=10s category=web.CarController.getCars count=484 sumNanos=73135872736 avgNanos=151107175
zil-app                 | 2026-05-05T00:25:56.257Z  INFO 1 --- [   scheduling-1] r.observability.ObservabilityService     : LAB9 Observability window=10s category=db.car.findAll count=484 sumNanos=73135392936 avgNanos=151106183
zil-app                 | 2026-05-05T00:25:56.261Z  INFO 1 --- [   scheduling-1] r.observability.ObservabilityService     : LAB9 Observability window=30s category=web.RentController.getRents count=1438 sumNanos=221057191890 avgNanos=153725446
zil-app                 | 2026-05-05T00:25:56.263Z  INFO 1 --- [   scheduling-1] r.observability.ObservabilityService     : LAB9 Observability window=30s category=db.rent.findAll count=1438 sumNanos=221053955239 avgNanos=153723195
zil-app                 | 2026-05-05T00:25:56.263Z  INFO 1 --- [   scheduling-1] r.observability.ObservabilityService     : LAB9 Observability window=30s category=web.CarController.getCars count=1440 sumNanos=220783239721 avgNanos=153321694
zil-app                 | 2026-05-05T00:25:56.263Z  INFO 1 --- [   scheduling-1] r.observability.ObservabilityService     : LAB9 Observability window=30s category=db.car.findAll count=1440 sumNanos=220768889292 avgNanos=153311728
zil-app                 | 2026-05-05T00:25:56.265Z  INFO 1 --- [   scheduling-1] r.observability.ObservabilityService     : LAB9 Observability window=1m category=web.RentController.getRents count=2874 sumNanos=438741039032 avgNanos=152658677
zil-app                 | 2026-05-05T00:25:56.265Z  INFO 1 --- [   scheduling-1] r.observability.ObservabilityService     : LAB9 Observability window=1m category=db.rent.findAll count=2874 sumNanos=438730348749 avgNanos=152654957
zil-app                 | 2026-05-05T00:25:56.265Z  INFO 1 --- [   scheduling-1] r.observability.ObservabilityService     : LAB9 Observability window=1m category=web.CarController.getCars count=2877 sumNanos=441649957880 avgNanos=153510586
zil-app                 | 2026-05-05T00:25:56.265Z  INFO 1 --- [   scheduling-1] r.observability.ObservabilityService     : LAB9 Observability window=1m category=db.car.findAll count=2877 sumNanos=441631922221 avgNanos=153504317
zil-app                 | 2026-05-05T00:26:01.266Z  INFO 1 --- [   scheduling-1] r.observability.ObservabilityService     : LAB9 Observability window=10s category=web.RentController.getRents count=475 sumNanos=74463527030 avgNanos=156765320
zil-app                 | 2026-05-05T00:26:01.266Z  INFO 1 --- [   scheduling-1] r.observability.ObservabilityService     : LAB9 Observability window=10s category=db.rent.findAll count=475 sumNanos=74463045458 avgNanos=156764306
zil-app                 | 2026-05-05T00:26:01.266Z  INFO 1 --- [   scheduling-1] r.observability.ObservabilityService     : LAB9 Observability window=10s category=web.CarController.getCars count=477 sumNanos=72277576237 avgNanos=151525317
zil-app                 | 2026-05-05T00:26:01.266Z  INFO 1 --- [   scheduling-1] r.observability.ObservabilityService     : LAB9 Observability window=10s category=db.car.findAll count=477 sumNanos=72277163201 avgNanos=151524451
zil-app                 | 2026-05-05T00:26:01.267Z  INFO 1 --- [   scheduling-1] r.observability.ObservabilityService     : LAB9 Observability window=30s category=web.RentController.getRents count=1440 sumNanos=220070947953 avgNanos=152827047
zil-app                 | 2026-05-05T00:26:01.267Z  INFO 1 --- [   scheduling-1] r.observability.ObservabilityService     : LAB9 Observability window=30s category=db.rent.findAll count=1440 sumNanos=220067827806 avgNanos=152824880
zil-app                 | 2026-05-05T00:26:01.267Z  INFO 1 --- [   scheduling-1] r.observability.ObservabilityService     : LAB9 Observability window=30s category=web.CarController.getCars count=1442 sumNanos=220718340366 avgNanos=153064036
zil-app                 | 2026-05-05T00:26:01.267Z  INFO 1 --- [   scheduling-1] r.observability.ObservabilityService     : LAB9 Observability window=30s category=db.car.findAll count=1442 sumNanos=220704406288 avgNanos=153054373
zil-app                 | 2026-05-05T00:26:01.267Z  INFO 1 --- [   scheduling-1] r.observability.ObservabilityService     : LAB9 Observability window=1m category=web.RentController.getRents count=2878 sumNanos=441172059253 avgNanos=153291195
zil-app                 | 2026-05-05T00:26:01.267Z  INFO 1 --- [   scheduling-1] r.observability.ObservabilityService     : LAB9 Observability window=1m category=db.rent.findAll count=2878 sumNanos=441161738407 avgNanos=153287608
zil-app                 | 2026-05-05T00:26:01.267Z  INFO 1 --- [   scheduling-1] r.observability.ObservabilityService     : LAB9 Observability window=1m category=web.CarController.getCars count=2879 sumNanos=440974222622 avgNanos=153169233
zil-app                 | 2026-05-05T00:26:01.267Z  INFO 1 --- [   scheduling-1] r.observability.ObservabilityService     : LAB9 Observability window=1m category=db.car.findAll count=2879 sumNanos=440956518395 avgNanos=153163083
zil-app                 | 2026-05-05T00:26:06.268Z  INFO 1 --- [   scheduling-1] r.observability.ObservabilityService     : LAB9 Observability window=10s category=web.RentController.getRents count=480 sumNanos=74318350652 avgNanos=154829897
zil-app                 | 2026-05-05T00:26:06.269Z  INFO 1 --- [   scheduling-1] r.observability.ObservabilityService     : LAB9 Observability window=10s category=db.rent.findAll count=480 sumNanos=74317846231 avgNanos=154828846
zil-app                 | 2026-05-05T00:26:06.269Z  INFO 1 --- [   scheduling-1] r.observability.ObservabilityService     : LAB9 Observability window=10s category=web.CarController.getCars count=471 sumNanos=71374556711 avgNanos=151538336
zil-app                 | 2026-05-05T00:26:06.269Z  INFO 1 --- [   scheduling-1] r.observability.ObservabilityService     : LAB9 Observability window=10s category=db.car.findAll count=471 sumNanos=71373929263 avgNanos=151537004
zil-app                 | 2026-05-05T00:26:06.269Z  INFO 1 --- [   scheduling-1] r.observability.ObservabilityService     : LAB9 Observability window=30s category=web.RentController.getRents count=1443 sumNanos=221000314275 avgNanos=153153370
zil-app                 | 2026-05-05T00:26:06.269Z  INFO 1 --- [   scheduling-1] r.observability.ObservabilityService     : LAB9 Observability window=30s category=db.rent.findAll count=1443 sumNanos=220998298577 avgNanos=153151974
zil-app                 | 2026-05-05T00:26:06.269Z  INFO 1 --- [   scheduling-1] r.observability.ObservabilityService     : LAB9 Observability window=30s category=web.CarController.getCars count=1434 sumNanos=218426376892 avgNanos=152319649
zil-app                 | 2026-05-05T00:26:06.269Z  INFO 1 --- [   scheduling-1] r.observability.ObservabilityService     : LAB9 Observability window=30s category=db.car.findAll count=1434 sumNanos=218420827263 avgNanos=152315779
zil-app                 | 2026-05-05T00:26:06.269Z  INFO 1 --- [   scheduling-1] r.observability.ObservabilityService     : LAB9 Observability window=1m category=web.RentController.getRents count=2880 sumNanos=441052267558 avgNanos=153143148
zil-app                 | 2026-05-05T00:26:06.269Z  INFO 1 --- [   scheduling-1] r.observability.ObservabilityService     : LAB9 Observability window=1m category=db.rent.findAll count=2880 sumNanos=441042083579 avgNanos=153139612
zil-app                 | 2026-05-05T00:26:06.270Z  INFO 1 --- [   scheduling-1] r.observability.ObservabilityService     : LAB9 Observability window=1m category=web.CarController.getCars count=2874 sumNanos=439875995309 avgNanos=153053582
zil-app                 | 2026-05-05T00:26:06.270Z  INFO 1 --- [   scheduling-1] r.observability.ObservabilityService     : LAB9 Observability window=1m category=db.car.findAll count=2874 sumNanos=439858256074 avgNanos=153047409
zil-app                 | 2026-05-05T00:26:11.270Z  INFO 1 --- [   scheduling-1] r.observability.ObservabilityService     : LAB9 Observability window=10s category=web.RentController.getRents count=244 sumNanos=37198127014 avgNanos=152451340
zil-app                 | 2026-05-05T00:26:11.270Z  INFO 1 --- [   scheduling-1] r.observability.ObservabilityService     : LAB9 Observability window=10s category=db.rent.findAll count=244 sumNanos=37197867868 avgNanos=152450278
zil-app                 | 2026-05-05T00:26:11.270Z  INFO 1 --- [   scheduling-1] r.observability.ObservabilityService     : LAB9 Observability window=10s category=web.CarController.getCars count=235 sumNanos=35104377818 avgNanos=149380331
zil-app                 | 2026-05-05T00:26:11.270Z  INFO 1 --- [   scheduling-1] r.observability.ObservabilityService     : LAB9 Observability window=10s category=db.car.findAll count=235 sumNanos=35103941032 avgNanos=149378472
zil-app                 | 2026-05-05T00:26:11.271Z  INFO 1 --- [   scheduling-1] r.observability.ObservabilityService     : LAB9 Observability window=30s category=web.RentController.getRents count=1200 sumNanos=184397456886 avgNanos=153664547
zil-app                 | 2026-05-05T00:26:11.271Z  INFO 1 --- [   scheduling-1] r.observability.ObservabilityService     : LAB9 Observability window=30s category=db.rent.findAll count=1200 sumNanos=184396276688 avgNanos=153663563
zil-app                 | 2026-05-05T00:26:11.271Z  INFO 1 --- [   scheduling-1] r.observability.ObservabilityService     : LAB9 Observability window=30s category=web.CarController.getCars count=1191 sumNanos=181770792329 avgNanos=152620312
zil-app                 | 2026-05-05T00:26:11.271Z  INFO 1 --- [   scheduling-1] r.observability.ObservabilityService     : LAB9 Observability window=30s category=db.car.findAll count=1191 sumNanos=181765939848 avgNanos=152616238
zil-app                 | 2026-05-05T00:26:11.271Z  INFO 1 --- [   scheduling-1] r.observability.ObservabilityService     : LAB9 Observability window=1m category=web.RentController.getRents count=2638 sumNanos=405766423907 avgNanos=153815930
zil-app                 | 2026-05-05T00:26:11.271Z  INFO 1 --- [   scheduling-1] r.observability.ObservabilityService     : LAB9 Observability window=1m category=db.rent.findAll count=2638 sumNanos=405761844495 avgNanos=153814194
zil-app                 | 2026-05-05T00:26:11.271Z  INFO 1 --- [   scheduling-1] r.observability.ObservabilityService     : LAB9 Observability window=1m category=web.CarController.getCars count=2632 sumNanos=402394597252 avgNanos=152885485
zil-app                 | 2026-05-05T00:26:11.271Z  INFO 1 --- [   scheduling-1] r.observability.ObservabilityService     : LAB9 Observability window=1m category=db.car.findAll count=2632 sumNanos=402377999594 avgNanos=152879179
zil-app                 | 2026-05-05T00:26:16.278Z  INFO 1 --- [   scheduling-1] r.observability.ObservabilityService     : LAB9 Observability window=10s category=web.RentController.getRents count=155 sumNanos=26547873788 avgNanos=171276605
zil-app                 | 2026-05-05T00:26:16.278Z  INFO 1 --- [   scheduling-1] r.observability.ObservabilityService     : LAB9 Observability window=10s category=db.rent.findAll count=155 sumNanos=26547692607 avgNanos=171275436
zil-app                 | 2026-05-05T00:26:16.278Z  INFO 1 --- [   scheduling-1] r.observability.ObservabilityService     : LAB9 Observability window=10s category=web.CarController.getCars count=164 sumNanos=26346283846 avgNanos=160648072
zil-app                 | 2026-05-05T00:26:16.278Z  INFO 1 --- [   scheduling-1] r.observability.ObservabilityService     : LAB9 Observability window=10s category=db.car.findAll count=164 sumNanos=26346078808 avgNanos=160646822
zil-app                 | 2026-05-05T00:26:16.278Z  INFO 1 --- [   scheduling-1] r.observability.ObservabilityService     : LAB9 Observability window=30s category=web.RentController.getRents count=1118 sumNanos=174157769439 avgNanos=155776180
zil-app                 | 2026-05-05T00:26:16.278Z  INFO 1 --- [   scheduling-1] r.observability.ObservabilityService     : LAB9 Observability window=30s category=db.rent.findAll count=1118 sumNanos=174156618693 avgNanos=155775150
zil-app                 | 2026-05-05T00:26:16.278Z  INFO 1 --- [   scheduling-1] r.observability.ObservabilityService     : LAB9 Observability window=30s category=web.CarController.getCars count=1119 sumNanos=170859301637 avgNanos=152689277
zil-app                 | 2026-05-05T00:26:16.278Z  INFO 1 --- [   scheduling-1] r.observability.ObservabilityService     : LAB9 Observability window=30s category=db.car.findAll count=1119 sumNanos=170857989693 avgNanos=152688105
zil-app                 | 2026-05-05T00:26:16.278Z  INFO 1 --- [   scheduling-1] r.observability.ObservabilityService     : LAB9 Observability window=1m category=web.RentController.getRents count=2558 sumNanos=395354918891 avgNanos=154556262
zil-app                 | 2026-05-05T00:26:16.278Z  INFO 1 --- [   scheduling-1] r.observability.ObservabilityService     : LAB9 Observability window=1m category=db.rent.findAll count=2558 sumNanos=395350566423 avgNanos=154554560
zil-app                 | 2026-05-05T00:26:16.278Z  INFO 1 --- [   scheduling-1] r.observability.ObservabilityService     : LAB9 Observability window=1m category=web.CarController.getCars count=2561 sumNanos=390876089351 avgNanos=152626352
zil-app                 | 2026-05-05T00:26:16.278Z  INFO 1 --- [   scheduling-1] r.observability.ObservabilityService     : LAB9 Observability window=1m category=db.car.findAll count=2561 sumNanos=390859745781 avgNanos=152619971
zil-app                 | 2026-05-05T00:26:21.279Z  INFO 1 --- [   scheduling-1] r.observability.ObservabilityService     : LAB9 Observability window=10s category=web.RentController.getRents count=400 sumNanos=62556576238 avgNanos=156391440
zil-app                 | 2026-05-05T00:26:21.279Z  INFO 1 --- [   scheduling-1] r.observability.ObservabilityService     : LAB9 Observability window=10s category=db.rent.findAll count=400 sumNanos=62555876994 avgNanos=156389692
zil-app                 | 2026-05-05T00:26:21.279Z  INFO 1 --- [   scheduling-1] r.observability.ObservabilityService     : LAB9 Observability window=10s category=web.CarController.getCars count=406 sumNanos=62289238879 avgNanos=153421770
zil-app                 | 2026-05-05T00:26:21.279Z  INFO 1 --- [   scheduling-1] r.observability.ObservabilityService     : LAB9 Observability window=10s category=db.car.findAll count=406 sumNanos=62288633682 avgNanos=153420280
zil-app                 | 2026-05-05T00:26:21.279Z  INFO 1 --- [   scheduling-1] r.observability.ObservabilityService     : LAB9 Observability window=30s category=web.RentController.getRents count=1119 sumNanos=174218230282 avgNanos=155691001
zil-app                 | 2026-05-05T00:26:21.281Z  INFO 1 --- [   scheduling-1] r.observability.ObservabilityService     : LAB9 Observability window=30s category=db.rent.findAll count=1119 sumNanos=174216790320 avgNanos=155689714
zil-app                 | 2026-05-05T00:26:21.281Z  INFO 1 --- [   scheduling-1] r.observability.ObservabilityService     : LAB9 Observability window=30s category=web.CarController.getCars count=1117 sumNanos=169547394031 avgNanos=151788177
zil-app                 | 2026-05-05T00:26:21.281Z  INFO 1 --- [   scheduling-1] r.observability.ObservabilityService     : LAB9 Observability window=30s category=db.car.findAll count=1117 sumNanos=169545939935 avgNanos=151786875
zil-app                 | 2026-05-05T00:26:21.281Z  INFO 1 --- [   scheduling-1] r.observability.ObservabilityService     : LAB9 Observability window=1m category=web.RentController.getRents count=2562 sumNanos=394598787260 avgNanos=154019823
zil-app                 | 2026-05-05T00:26:21.281Z  INFO 1 --- [   scheduling-1] r.observability.ObservabilityService     : LAB9 Observability window=1m category=db.rent.findAll count=2562 sumNanos=394594131402 avgNanos=154018006
zil-app                 | 2026-05-05T00:26:21.281Z  INFO 1 --- [   scheduling-1] r.observability.ObservabilityService     : LAB9 Observability window=1m category=web.CarController.getCars count=2562 sumNanos=390338603503 avgNanos=152356988
zil-app                 | 2026-05-05T00:26:21.281Z  INFO 1 --- [   scheduling-1] r.observability.ObservabilityService     : LAB9 Observability window=1m category=db.car.findAll count=2562 sumNanos=390322601082 avgNanos=152350742
zil-app                 | 2026-05-05T00:26:26.285Z  INFO 1 --- [   scheduling-1] r.observability.ObservabilityService     : LAB9 Observability window=10s category=web.RentController.getRents count=488 sumNanos=72966909350 avgNanos=149522355
zil-app                 | 2026-05-05T00:26:26.285Z  INFO 1 --- [   scheduling-1] r.observability.ObservabilityService     : LAB9 Observability window=10s category=db.rent.findAll count=488 sumNanos=72966116657 avgNanos=149520730
zil-app                 | 2026-05-05T00:26:26.285Z  INFO 1 --- [   scheduling-1] r.observability.ObservabilityService     : LAB9 Observability window=10s category=web.CarController.getCars count=489 sumNanos=73038639741 avgNanos=149363271
zil-app                 | 2026-05-05T00:26:26.285Z  INFO 1 --- [   scheduling-1] r.observability.ObservabilityService     : LAB9 Observability window=10s category=db.car.findAll count=489 sumNanos=73038044340 avgNanos=149362053
zil-app                 | 2026-05-05T00:26:26.285Z  INFO 1 --- [   scheduling-1] r.observability.ObservabilityService     : LAB9 Observability window=30s category=web.RentController.getRents count=1122 sumNanos=173641563764 avgNanos=154760752
zil-app                 | 2026-05-05T00:26:26.286Z  INFO 1 --- [   scheduling-1] r.observability.ObservabilityService     : LAB9 Observability window=30s category=db.rent.findAll count=1122 sumNanos=173640086291 avgNanos=154759435
zil-app                 | 2026-05-05T00:26:26.287Z  INFO 1 --- [   scheduling-1] r.observability.ObservabilityService     : LAB9 Observability window=30s category=web.CarController.getCars count=1124 sumNanos=170759480298 avgNanos=151921245
zil-app                 | 2026-05-05T00:26:26.289Z  INFO 1 --- [   scheduling-1] r.observability.ObservabilityService     : LAB9 Observability window=30s category=db.car.findAll count=1124 sumNanos=170758052411 avgNanos=151919975
zil-app                 | 2026-05-05T00:26:26.290Z  INFO 1 --- [   scheduling-1] r.observability.ObservabilityService     : LAB9 Observability window=1m category=web.RentController.getRents count=2560 sumNanos=394971768342 avgNanos=154285847
zil-app                 | 2026-05-05T00:26:26.291Z  INFO 1 --- [   scheduling-1] r.observability.ObservabilityService     : LAB9 Observability window=1m category=db.rent.findAll count=2560 sumNanos=394967054213 avgNanos=154284005
zil-app                 | 2026-05-05T00:26:26.291Z  INFO 1 --- [   scheduling-1] r.observability.ObservabilityService     : LAB9 Observability window=1m category=web.CarController.getCars count=2563 sumNanos=391360023970 avgNanos=152696068
zil-app                 | 2026-05-05T00:26:26.291Z  INFO 1 --- [   scheduling-1] r.observability.ObservabilityService     : LAB9 Observability window=1m category=db.car.findAll count=2563 sumNanos=391344249488 avgNanos=152689913
zil-app                 | 2026-05-05T00:26:31.292Z  INFO 1 --- [   scheduling-1] r.observability.ObservabilityService     : LAB9 Observability window=10s category=web.RentController.getRents count=481 sumNanos=75149954820 avgNanos=156236912
zil-app                 | 2026-05-05T00:26:31.294Z  INFO 1 --- [   scheduling-1] r.observability.ObservabilityService     : LAB9 Observability window=10s category=db.rent.findAll count=481 sumNanos=75149493156 avgNanos=156235952
zil-app                 | 2026-05-05T00:26:31.294Z  INFO 1 --- [   scheduling-1] r.observability.ObservabilityService     : LAB9 Observability window=10s category=web.CarController.getCars count=478 sumNanos=73504346798 avgNanos=153774784
zil-app                 | 2026-05-05T00:26:31.294Z  INFO 1 --- [   scheduling-1] r.observability.ObservabilityService     : LAB9 Observability window=10s category=db.car.findAll count=478 sumNanos=73503947634 avgNanos=153773949
zil-app                 | 2026-05-05T00:26:31.294Z  INFO 1 --- [   scheduling-1] r.observability.ObservabilityService     : LAB9 Observability window=30s category=web.RentController.getRents count=1124 sumNanos=174758195554 avgNanos=155478821
zil-app                 | 2026-05-05T00:26:31.294Z  INFO 1 --- [   scheduling-1] r.observability.ObservabilityService     : LAB9 Observability window=30s category=db.rent.findAll count=1124 sumNanos=174756776444 avgNanos=155477559
zil-app                 | 2026-05-05T00:26:31.294Z  INFO 1 --- [   scheduling-1] r.observability.ObservabilityService     : LAB9 Observability window=30s category=web.CarController.getCars count=1120 sumNanos=171087714282 avgNanos=152756887
zil-app                 | 2026-05-05T00:26:31.294Z  INFO 1 --- [   scheduling-1] r.observability.ObservabilityService     : LAB9 Observability window=30s category=db.car.findAll count=1120 sumNanos=171086272498 avgNanos=152755600
zil-app                 | 2026-05-05T00:26:31.294Z  INFO 1 --- [   scheduling-1] r.observability.ObservabilityService     : LAB9 Observability window=1m category=web.RentController.getRents count=2567 sumNanos=395279702772 avgNanos=153985080
zil-app                 | 2026-05-05T00:26:31.294Z  INFO 1 --- [   scheduling-1] r.observability.ObservabilityService     : LAB9 Observability window=1m category=db.rent.findAll count=2567 sumNanos=395275161093 avgNanos=153983311
zil-app                 | 2026-05-05T00:26:31.294Z  INFO 1 --- [   scheduling-1] r.observability.ObservabilityService     : LAB9 Observability window=1m category=web.CarController.getCars count=2561 sumNanos=391654806539 avgNanos=152930420
zil-app                 | 2026-05-05T00:26:31.294Z  INFO 1 --- [   scheduling-1] r.observability.ObservabilityService     : LAB9 Observability window=1m category=db.car.findAll count=2561 sumNanos=391639434766 avgNanos=152924418
zil-app                 | 2026-05-05T00:26:36.295Z  INFO 1 --- [   scheduling-1] r.observability.ObservabilityService     : LAB9 Observability window=10s category=web.RentController.getRents count=475 sumNanos=76385067814 avgNanos=160810669
zil-app                 | 2026-05-05T00:26:36.298Z  INFO 1 --- [   scheduling-1] r.observability.ObservabilityService     : LAB9 Observability window=10s category=db.rent.findAll count=475 sumNanos=76384579527 avgNanos=160809641
zil-app                 | 2026-05-05T00:26:36.298Z  INFO 1 --- [   scheduling-1] r.observability.ObservabilityService     : LAB9 Observability window=10s category=web.CarController.getCars count=473 sumNanos=73595459221 avgNanos=155592937
zil-app                 | 2026-05-05T00:26:36.298Z  INFO 1 --- [   scheduling-1] r.observability.ObservabilityService     : LAB9 Observability window=10s category=db.car.findAll count=473 sumNanos=73595023060 avgNanos=155592014
zil-app                 | 2026-05-05T00:26:36.298Z  INFO 1 --- [   scheduling-1] r.observability.ObservabilityService     : LAB9 Observability window=30s category=web.RentController.getRents count=1119 sumNanos=176073233593 avgNanos=157348734
zil-app                 | 2026-05-05T00:26:36.298Z  INFO 1 --- [   scheduling-1] r.observability.ObservabilityService     : LAB9 Observability window=30s category=db.rent.findAll count=1119 sumNanos=176071770708 avgNanos=157347426
zil-app                 | 2026-05-05T00:26:36.298Z  INFO 1 --- [   scheduling-1] r.observability.ObservabilityService     : LAB9 Observability window=30s category=web.CarController.getCars count=1127 sumNanos=173117097495 avgNanos=153608782
zil-app                 | 2026-05-05T00:26:36.299Z  INFO 1 --- [   scheduling-1] r.observability.ObservabilityService     : LAB9 Observability window=30s category=db.car.findAll count=1127 sumNanos=173115860126 avgNanos=153607684
zil-app                 | 2026-05-05T00:26:36.299Z  INFO 1 --- [   scheduling-1] r.observability.ObservabilityService     : LAB9 Observability window=1m category=web.RentController.getRents count=2561 sumNanos=396920998513 avgNanos=154986723
zil-app                 | 2026-05-05T00:26:36.299Z  INFO 1 --- [   scheduling-1] r.observability.ObservabilityService     : LAB9 Observability window=1m category=db.rent.findAll count=2561 sumNanos=396917520735 avgNanos=154985365
zil-app                 | 2026-05-05T00:26:36.299Z  INFO 1 --- [   scheduling-1] r.observability.ObservabilityService     : LAB9 Observability window=1m category=web.CarController.getCars count=2561 sumNanos=391543474387 avgNanos=152886948
zil-app                 | 2026-05-05T00:26:36.299Z  INFO 1 --- [   scheduling-1] r.observability.ObservabilityService     : LAB9 Observability window=1m category=db.car.findAll count=2561 sumNanos=391536687389 avgNanos=152884298
zil-app                 | 2026-05-05T00:26:41.301Z  INFO 1 --- [   scheduling-1] r.observability.ObservabilityService     : LAB9 Observability window=10s category=web.RentController.getRents count=479 sumNanos=75184971520 avgNanos=156962362
zil-app                 | 2026-05-05T00:26:41.303Z  INFO 1 --- [   scheduling-1] r.observability.ObservabilityService     : LAB9 Observability window=10s category=db.rent.findAll count=479 sumNanos=75184414896 avgNanos=156961200
zil-app                 | 2026-05-05T00:26:41.303Z  INFO 1 --- [   scheduling-1] r.observability.ObservabilityService     : LAB9 Observability window=10s category=web.CarController.getCars count=484 sumNanos=73313189914 avgNanos=151473532
zil-app                 | 2026-05-05T00:26:41.303Z  INFO 1 --- [   scheduling-1] r.observability.ObservabilityService     : LAB9 Observability window=10s category=db.car.findAll count=484 sumNanos=73312756733 avgNanos=151472637
zil-app                 | 2026-05-05T00:26:41.303Z  INFO 1 --- [   scheduling-1] r.observability.ObservabilityService     : LAB9 Observability window=30s category=web.RentController.getRents count=1362 sumNanos=213195599325 avgNanos=156531277
zil-app                 | 2026-05-05T00:26:41.304Z  INFO 1 --- [   scheduling-1] r.observability.ObservabilityService     : LAB9 Observability window=30s category=db.rent.findAll count=1362 sumNanos=213193880315 avgNanos=156530014
zil-app                 | 2026-05-05T00:26:41.304Z  INFO 1 --- [   scheduling-1] r.observability.ObservabilityService     : LAB9 Observability window=30s category=web.CarController.getCars count=1373 sumNanos=209832346998 avgNanos=152827638
zil-app                 | 2026-05-05T00:26:41.304Z  INFO 1 --- [   scheduling-1] r.observability.ObservabilityService     : LAB9 Observability window=30s category=db.car.findAll count=1373 sumNanos=209830905523 avgNanos=152826588
zil-app                 | 2026-05-05T00:26:41.304Z  INFO 1 --- [   scheduling-1] r.observability.ObservabilityService     : LAB9 Observability window=1m category=web.RentController.getRents count=2559 sumNanos=397216090782 avgNanos=155223169
zil-app                 | 2026-05-05T00:26:41.304Z  INFO 1 --- [   scheduling-1] r.observability.ObservabilityService     : LAB9 Observability window=1m category=db.rent.findAll count=2559 sumNanos=397213193676 avgNanos=155222037
zil-app                 | 2026-05-05T00:26:41.304Z  INFO 1 --- [   scheduling-1] r.observability.ObservabilityService     : LAB9 Observability window=1m category=web.CarController.getCars count=2563 sumNanos=391430321922 avgNanos=152723496
zil-app                 | 2026-05-05T00:26:41.304Z  INFO 1 --- [   scheduling-1] r.observability.ObservabilityService     : LAB9 Observability window=1m category=db.car.findAll count=2563 sumNanos=391424029598 avgNanos=152721041
zil-app                 | 2026-05-05T00:26:46.304Z  INFO 1 --- [   scheduling-1] r.observability.ObservabilityService     : LAB9 Observability window=10s category=web.RentController.getRents count=479 sumNanos=74498748004 avgNanos=155529745
zil-app                 | 2026-05-05T00:26:46.305Z  INFO 1 --- [   scheduling-1] r.observability.ObservabilityService     : LAB9 Observability window=10s category=db.rent.findAll count=479 sumNanos=74498260611 avgNanos=155528727
zil-app                 | 2026-05-05T00:26:46.305Z  INFO 1 --- [   scheduling-1] r.observability.ObservabilityService     : LAB9 Observability window=10s category=web.CarController.getCars count=481 sumNanos=73298259672 avgNanos=152387234
zil-app                 | 2026-05-05T00:26:46.305Z  INFO 1 --- [   scheduling-1] r.observability.ObservabilityService     : LAB9 Observability window=10s category=db.car.findAll count=481 sumNanos=73297862052 avgNanos=152386407
zil-app                 | 2026-05-05T00:26:46.305Z  INFO 1 --- [   scheduling-1] r.observability.ObservabilityService     : LAB9 Observability window=30s category=web.RentController.getRents count=1443 sumNanos=224073175790 avgNanos=155282866
zil-app                 | 2026-05-05T00:26:46.305Z  INFO 1 --- [   scheduling-1] r.observability.ObservabilityService     : LAB9 Observability window=30s category=db.rent.findAll count=1443 sumNanos=224071406726 avgNanos=155281640
zil-app                 | 2026-05-05T00:26:46.306Z  INFO 1 --- [   scheduling-1] r.observability.ObservabilityService     : LAB9 Observability window=30s category=web.CarController.getCars count=1443 sumNanos=219898177103 avgNanos=152389589
zil-app                 | 2026-05-05T00:26:46.306Z  INFO 1 --- [   scheduling-1] r.observability.ObservabilityService     : LAB9 Observability window=30s category=db.car.findAll count=1443 sumNanos=219896747872 avgNanos=152388598
zil-app                 | 2026-05-05T00:26:46.306Z  INFO 1 --- [   scheduling-1] r.observability.ObservabilityService     : LAB9 Observability window=1m category=web.RentController.getRents count=2558 sumNanos=397806392178 avgNanos=155514617
zil-app                 | 2026-05-05T00:26:46.307Z  INFO 1 --- [   scheduling-1] r.observability.ObservabilityService     : LAB9 Observability window=1m category=db.rent.findAll count=2558 sumNanos=397803475691 avgNanos=155513477
zil-app                 | 2026-05-05T00:26:46.307Z  INFO 1 --- [   scheduling-1] r.observability.ObservabilityService     : LAB9 Observability window=1m category=web.CarController.getCars count=2563 sumNanos=390928374958 avgNanos=152527653
zil-app                 | 2026-05-05T00:26:46.307Z  INFO 1 --- [   scheduling-1] r.observability.ObservabilityService     : LAB9 Observability window=1m category=db.car.findAll count=2563 sumNanos=390925633063 avgNanos=152526583
zil-app                 | 2026-05-05T00:26:51.308Z  INFO 1 --- [   scheduling-1] r.observability.ObservabilityService     : LAB9 Observability window=10s category=web.RentController.getRents count=481 sumNanos=74580502962 avgNanos=155053020
zil-app                 | 2026-05-05T00:26:51.310Z  INFO 1 --- [   scheduling-1] r.observability.ObservabilityService     : LAB9 Observability window=10s category=db.rent.findAll count=481 sumNanos=74579780511 avgNanos=155051518
zil-app                 | 2026-05-05T00:26:51.310Z  INFO 1 --- [   scheduling-1] r.observability.ObservabilityService     : LAB9 Observability window=10s category=web.CarController.getCars count=478 sumNanos=74466540601 avgNanos=155787741
zil-app                 | 2026-05-05T00:26:51.310Z  INFO 1 --- [   scheduling-1] r.observability.ObservabilityService     : LAB9 Observability window=10s category=db.car.findAll count=478 sumNanos=74465836174 avgNanos=155786268
zil-app                 | 2026-05-05T00:26:51.311Z  INFO 1 --- [   scheduling-1] r.observability.ObservabilityService     : LAB9 Observability window=30s category=web.RentController.getRents count=1439 sumNanos=224720882955 avgNanos=156164616
zil-app                 | 2026-05-05T00:26:51.311Z  INFO 1 --- [   scheduling-1] r.observability.ObservabilityService     : LAB9 Observability window=30s category=db.rent.findAll count=1439 sumNanos=224719143911 avgNanos=156163407
zil-app                 | 2026-05-05T00:26:51.311Z  INFO 1 --- [   scheduling-1] r.observability.ObservabilityService     : LAB9 Observability window=30s category=web.CarController.getCars count=1444 sumNanos=221772816174 avgNanos=153582282
zil-app                 | 2026-05-05T00:26:51.311Z  INFO 1 --- [   scheduling-1] r.observability.ObservabilityService     : LAB9 Observability window=30s category=db.car.findAll count=1444 sumNanos=221771276066 avgNanos=153581216
zil-app                 | 2026-05-05T00:26:51.311Z  INFO 1 --- [   scheduling-1] r.observability.ObservabilityService     : LAB9 Observability window=1m category=web.RentController.getRents count=2561 sumNanos=399316872778 avgNanos=155922246
zil-app                 | 2026-05-05T00:26:51.311Z  INFO 1 --- [   scheduling-1] r.observability.ObservabilityService     : LAB9 Observability window=1m category=db.rent.findAll count=2561 sumNanos=399313691937 avgNanos=155921004
zil-app                 | 2026-05-05T00:26:51.311Z  INFO 1 --- [   scheduling-1] r.observability.ObservabilityService     : LAB9 Observability window=1m category=web.CarController.getCars count=2563 sumNanos=391667796444 avgNanos=152816151
zil-app                 | 2026-05-05T00:26:51.311Z  INFO 1 --- [   scheduling-1] r.observability.ObservabilityService     : LAB9 Observability window=1m category=db.car.findAll count=2563 sumNanos=391664800910 avgNanos=152814982
zil-app                 | 2026-05-05T00:26:56.311Z  INFO 1 --- [   scheduling-1] r.observability.ObservabilityService     : LAB9 Observability window=10s category=web.RentController.getRents count=486 sumNanos=73609770180 avgNanos=151460432
zil-app                 | 2026-05-05T00:26:56.312Z  INFO 1 --- [   scheduling-1] r.observability.ObservabilityService     : LAB9 Observability window=10s category=db.rent.findAll count=486 sumNanos=73608645526 avgNanos=151458118
zil-app                 | 2026-05-05T00:26:56.312Z  INFO 1 --- [   scheduling-1] r.observability.ObservabilityService     : LAB9 Observability window=10s category=web.CarController.getCars count=486 sumNanos=74396795818 avgNanos=153079826
zil-app                 | 2026-05-05T00:26:56.312Z  INFO 1 --- [   scheduling-1] r.observability.ObservabilityService     : LAB9 Observability window=10s category=db.car.findAll count=486 sumNanos=74396070369 avgNanos=153078334
zil-app                 | 2026-05-05T00:26:56.313Z  INFO 1 --- [   scheduling-1] r.observability.ObservabilityService     : LAB9 Observability window=30s category=web.RentController.getRents count=1440 sumNanos=224578632333 avgNanos=155957383
zil-app                 | 2026-05-05T00:26:56.313Z  INFO 1 --- [   scheduling-1] r.observability.ObservabilityService     : LAB9 Observability window=30s category=db.rent.findAll count=1440 sumNanos=224576532017 avgNanos=155955925
zil-app                 | 2026-05-05T00:26:56.313Z  INFO 1 --- [   scheduling-1] r.observability.ObservabilityService     : LAB9 Observability window=30s category=web.CarController.getCars count=1441 sumNanos=221472677572 avgNanos=153693738
zil-app                 | 2026-05-05T00:26:56.313Z  INFO 1 --- [   scheduling-1] r.observability.ObservabilityService     : LAB9 Observability window=30s category=db.car.findAll count=1441 sumNanos=221471117658 avgNanos=153692656
zil-app                 | 2026-05-05T00:26:56.313Z  INFO 1 --- [   scheduling-1] r.observability.ObservabilityService     : LAB9 Observability window=1m category=web.RentController.getRents count=2562 sumNanos=398233208755 avgNanos=155438410
zil-app                 | 2026-05-05T00:26:56.314Z  INFO 1 --- [   scheduling-1] r.observability.ObservabilityService     : LAB9 Observability window=1m category=db.rent.findAll count=2562 sumNanos=398229631216 avgNanos=155437014
zil-app                 | 2026-05-05T00:26:56.314Z  INFO 1 --- [   scheduling-1] r.observability.ObservabilityService     : LAB9 Observability window=1m category=web.CarController.getCars count=2564 sumNanos=392123323487 avgNanos=152934213
zil-app                 | 2026-05-05T00:26:56.314Z  INFO 1 --- [   scheduling-1] r.observability.ObservabilityService     : LAB9 Observability window=1m category=db.car.findAll count=2564 sumNanos=392120336250 avgNanos=152933048
zil-app                 | 2026-05-05T00:27:01.315Z  INFO 1 --- [   scheduling-1] r.observability.ObservabilityService     : LAB9 Observability window=10s category=web.RentController.getRents count=478 sumNanos=73503905177 avgNanos=153773860
zil-app                 | 2026-05-05T00:27:01.315Z  INFO 1 --- [   scheduling-1] r.observability.ObservabilityService     : LAB9 Observability window=10s category=db.rent.findAll count=478 sumNanos=73503022998 avgNanos=153772014
zil-app                 | 2026-05-05T00:27:01.315Z  INFO 1 --- [   scheduling-1] r.observability.ObservabilityService     : LAB9 Observability window=10s category=web.CarController.getCars count=478 sumNanos=73755895982 avgNanos=154301037
zil-app                 | 2026-05-05T00:27:01.315Z  INFO 1 --- [   scheduling-1] r.observability.ObservabilityService     : LAB9 Observability window=10s category=db.car.findAll count=478 sumNanos=73755481995 avgNanos=154300171
zil-app                 | 2026-05-05T00:27:01.315Z  INFO 1 --- [   scheduling-1] r.observability.ObservabilityService     : LAB9 Observability window=30s category=web.RentController.getRents count=1438 sumNanos=223259464999 avgNanos=155256929
zil-app                 | 2026-05-05T00:27:01.315Z  INFO 1 --- [   scheduling-1] r.observability.ObservabilityService     : LAB9 Observability window=30s category=db.rent.findAll count=1438 sumNanos=223257303887 avgNanos=155255426
zil-app                 | 2026-05-05T00:27:01.315Z  INFO 1 --- [   scheduling-1] r.observability.ObservabilityService     : LAB9 Observability window=30s category=web.CarController.getCars count=1442 sumNanos=221772326210 avgNanos=153794955
zil-app                 | 2026-05-05T00:27:01.315Z  INFO 1 --- [   scheduling-1] r.observability.ObservabilityService     : LAB9 Observability window=30s category=db.car.findAll count=1442 sumNanos=221770772736 avgNanos=153793878
zil-app                 | 2026-05-05T00:27:01.315Z  INFO 1 --- [   scheduling-1] r.observability.ObservabilityService     : LAB9 Observability window=1m category=web.RentController.getRents count=2563 sumNanos=398111369792 avgNanos=155330226
zil-app                 | 2026-05-05T00:27:01.315Z  INFO 1 --- [   scheduling-1] r.observability.ObservabilityService     : LAB9 Observability window=1m category=db.rent.findAll count=2563 sumNanos=398107788817 avgNanos=155328829
zil-app                 | 2026-05-05T00:27:01.315Z  INFO 1 --- [   scheduling-1] r.observability.ObservabilityService     : LAB9 Observability window=1m category=web.CarController.getCars count=2564 sumNanos=393112079640 avgNanos=153319843
zil-app                 | 2026-05-05T00:27:01.315Z  INFO 1 --- [   scheduling-1] r.observability.ObservabilityService     : LAB9 Observability window=1m category=db.car.findAll count=2564 sumNanos=393109082925 avgNanos=153318675
zil-app                 | 2026-05-05T00:27:06.316Z  INFO 1 --- [   scheduling-1] r.observability.ObservabilityService     : LAB9 Observability window=10s category=web.RentController.getRents count=480 sumNanos=74429260651 avgNanos=155060959
zil-app                 | 2026-05-05T00:27:06.316Z  INFO 1 --- [   scheduling-1] r.observability.ObservabilityService     : LAB9 Observability window=10s category=db.rent.findAll count=480 sumNanos=74428797922 avgNanos=155059995
zil-app                 | 2026-05-05T00:27:06.317Z  INFO 1 --- [   scheduling-1] r.observability.ObservabilityService     : LAB9 Observability window=10s category=web.CarController.getCars count=477 sumNanos=73626385284 avgNanos=154353008
zil-app                 | 2026-05-05T00:27:06.317Z  INFO 1 --- [   scheduling-1] r.observability.ObservabilityService     : LAB9 Observability window=10s category=db.car.findAll count=477 sumNanos=73625994373 avgNanos=154352189
zil-app                 | 2026-05-05T00:27:06.318Z  INFO 1 --- [   scheduling-1] r.observability.ObservabilityService     : LAB9 Observability window=30s category=web.RentController.getRents count=1445 sumNanos=222537778835 avgNanos=154005383
zil-app                 | 2026-05-05T00:27:06.318Z  INFO 1 --- [   scheduling-1] r.observability.ObservabilityService     : LAB9 Observability window=30s category=db.rent.findAll count=1445 sumNanos=222535704059 avgNanos=154003947
zil-app                 | 2026-05-05T00:27:06.319Z  INFO 1 --- [   scheduling-1] r.observability.ObservabilityService     : LAB9 Observability window=30s category=web.CarController.getCars count=1444 sumNanos=221352753921 avgNanos=153291380
zil-app                 | 2026-05-05T00:27:06.319Z  INFO 1 --- [   scheduling-1] r.observability.ObservabilityService     : LAB9 Observability window=30s category=db.car.findAll count=1444 sumNanos=221351239957 avgNanos=153290332
zil-app                 | 2026-05-05T00:27:06.320Z  INFO 1 --- [   scheduling-1] r.observability.ObservabilityService     : LAB9 Observability window=1m category=web.RentController.getRents count=2565 sumNanos=398820398296 avgNanos=155485535
zil-app                 | 2026-05-05T00:27:06.320Z  INFO 1 --- [   scheduling-1] r.observability.ObservabilityService     : LAB9 Observability window=1m category=db.rent.findAll count=2565 sumNanos=398816859967 avgNanos=155484155
zil-app                 | 2026-05-05T00:27:06.320Z  INFO 1 --- [   scheduling-1] r.observability.ObservabilityService     : LAB9 Observability window=1m category=web.CarController.getCars count=2572 sumNanos=394620701130 avgNanos=153429510
zil-app                 | 2026-05-05T00:27:06.320Z  INFO 1 --- [   scheduling-1] r.observability.ObservabilityService     : LAB9 Observability window=1m category=db.car.findAll count=2572 sumNanos=394617949097 avgNanos=153428440
zil-app                 | 2026-05-05T00:27:11.321Z  INFO 1 --- [   scheduling-1] r.observability.ObservabilityService     : LAB9 Observability window=10s category=web.RentController.getRents count=486 sumNanos=74689587955 avgNanos=153682279
zil-app                 | 2026-05-05T00:27:11.322Z  INFO 1 --- [   scheduling-1] r.observability.ObservabilityService     : LAB9 Observability window=10s category=db.rent.findAll count=486 sumNanos=74689066584 avgNanos=153681206
zil-app                 | 2026-05-05T00:27:11.322Z  INFO 1 --- [   scheduling-1] r.observability.ObservabilityService     : LAB9 Observability window=10s category=web.CarController.getCars count=484 sumNanos=74405559753 avgNanos=153730495
zil-app                 | 2026-05-05T00:27:11.322Z  INFO 1 --- [   scheduling-1] r.observability.ObservabilityService     : LAB9 Observability window=10s category=db.car.findAll count=484 sumNanos=74404994947 avgNanos=153729328
zil-app                 | 2026-05-05T00:27:11.322Z  INFO 1 --- [   scheduling-1] r.observability.ObservabilityService     : LAB9 Observability window=30s category=web.RentController.getRents count=1446 sumNanos=222857790673 avgNanos=154120187
zil-app                 | 2026-05-05T00:27:11.322Z  INFO 1 --- [   scheduling-1] r.observability.ObservabilityService     : LAB9 Observability window=30s category=db.rent.findAll count=1446 sumNanos=222855664061 avgNanos=154118716
zil-app                 | 2026-05-05T00:27:11.322Z  INFO 1 --- [   scheduling-1] r.observability.ObservabilityService     : LAB9 Observability window=30s category=web.CarController.getCars count=1438 sumNanos=222392838838 avgNanos=154654269
zil-app                 | 2026-05-05T00:27:11.322Z  INFO 1 --- [   scheduling-1] r.observability.ObservabilityService     : LAB9 Observability window=30s category=db.car.findAll count=1438 sumNanos=222391156979 avgNanos=154653099
zil-app                 | 2026-05-05T00:27:11.323Z  INFO 1 --- [   scheduling-1] r.observability.ObservabilityService     : LAB9 Observability window=1m category=web.RentController.getRents count=2808 sumNanos=436053389998 avgNanos=155289668
zil-app                 | 2026-05-05T00:27:11.323Z  INFO 1 --- [   scheduling-1] r.observability.ObservabilityService     : LAB9 Observability window=1m category=db.rent.findAll count=2808 sumNanos=436049544376 avgNanos=155288299
zil-app                 | 2026-05-05T00:27:11.323Z  INFO 1 --- [   scheduling-1] r.observability.ObservabilityService     : LAB9 Observability window=1m category=web.CarController.getCars count=2814 sumNanos=432571097027 avgNanos=153721072
zil-app                 | 2026-05-05T00:27:11.323Z  INFO 1 --- [   scheduling-1] r.observability.ObservabilityService     : LAB9 Observability window=1m category=db.car.findAll count=2814 sumNanos=432567971599 avgNanos=153719961
zil-app                 | 2026-05-05T00:27:16.323Z  INFO 1 --- [   scheduling-1] r.observability.ObservabilityService     : LAB9 Observability window=10s category=web.RentController.getRents count=478 sumNanos=74136692755 avgNanos=155097683
zil-app                 | 2026-05-05T00:27:16.323Z  INFO 1 --- [   scheduling-1] r.observability.ObservabilityService     : LAB9 Observability window=10s category=db.rent.findAll count=478 sumNanos=74136000260 avgNanos=155096234
zil-app                 | 2026-05-05T00:27:16.323Z  INFO 1 --- [   scheduling-1] r.observability.ObservabilityService     : LAB9 Observability window=10s category=web.CarController.getCars count=480 sumNanos=76495240067 avgNanos=159365083
zil-app                 | 2026-05-05T00:27:16.323Z  INFO 1 --- [   scheduling-1] r.observability.ObservabilityService     : LAB9 Observability window=10s category=db.car.findAll count=480 sumNanos=76494653957 avgNanos=159363862
zil-app                 | 2026-05-05T00:27:16.324Z  INFO 1 --- [   scheduling-1] r.observability.ObservabilityService     : LAB9 Observability window=30s category=web.RentController.getRents count=1443 sumNanos=221975394435 avgNanos=153829102
zil-app                 | 2026-05-05T00:27:16.324Z  INFO 1 --- [   scheduling-1] r.observability.ObservabilityService     : LAB9 Observability window=30s category=db.rent.findAll count=1443 sumNanos=221973115291 avgNanos=153827522
zil-app                 | 2026-05-05T00:27:16.324Z  INFO 1 --- [   scheduling-1] r.observability.ObservabilityService     : LAB9 Observability window=30s category=web.CarController.getCars count=1441 sumNanos=224182002759 avgNanos=155573908
zil-app                 | 2026-05-05T00:27:16.324Z  INFO 1 --- [   scheduling-1] r.observability.ObservabilityService     : LAB9 Observability window=30s category=db.car.findAll count=1441 sumNanos=224180301578 avgNanos=155572728
zil-app                 | 2026-05-05T00:27:16.324Z  INFO 1 --- [   scheduling-1] r.observability.ObservabilityService     : LAB9 Observability window=1m category=web.RentController.getRents count=2887 sumNanos=446248899376 avgNanos=154571839
zil-app                 | 2026-05-05T00:27:16.324Z  INFO 1 --- [   scheduling-1] r.observability.ObservabilityService     : LAB9 Observability window=1m category=db.rent.findAll count=2887 sumNanos=446244850434 avgNanos=154570436
zil-app                 | 2026-05-05T00:27:16.324Z  INFO 1 --- [   scheduling-1] r.observability.ObservabilityService     : LAB9 Observability window=1m category=web.CarController.getCars count=2887 sumNanos=444598761133 avgNanos=154000263
zil-app                 | 2026-05-05T00:27:16.324Z  INFO 1 --- [   scheduling-1] r.observability.ObservabilityService     : LAB9 Observability window=1m category=db.car.findAll count=2887 sumNanos=444595628748 avgNanos=153999178
zil-app                 | 2026-05-05T00:27:21.324Z  INFO 1 --- [   scheduling-1] r.observability.ObservabilityService     : LAB9 Observability window=10s category=web.RentController.getRents count=477 sumNanos=73960397075 avgNanos=155053243
zil-app                 | 2026-05-05T00:27:21.325Z  INFO 1 --- [   scheduling-1] r.observability.ObservabilityService     : LAB9 Observability window=10s category=db.rent.findAll count=477 sumNanos=73959824733 avgNanos=155052043
zil-app                 | 2026-05-05T00:27:21.325Z  INFO 1 --- [   scheduling-1] r.observability.ObservabilityService     : LAB9 Observability window=10s category=web.CarController.getCars count=479 sumNanos=75541372312 avgNanos=157706414
zil-app                 | 2026-05-05T00:27:21.325Z  INFO 1 --- [   scheduling-1] r.observability.ObservabilityService     : LAB9 Observability window=10s category=db.car.findAll count=479 sumNanos=75540982132 avgNanos=157705599
zil-app                 | 2026-05-05T00:27:21.325Z  INFO 1 --- [   scheduling-1] r.observability.ObservabilityService     : LAB9 Observability window=30s category=web.RentController.getRents count=1439 sumNanos=221809527947 avgNanos=154141437
zil-app                 | 2026-05-05T00:27:21.325Z  INFO 1 --- [   scheduling-1] r.observability.ObservabilityService     : LAB9 Observability window=30s category=db.rent.findAll count=1439 sumNanos=221807554040 avgNanos=154140065
zil-app                 | 2026-05-05T00:27:21.325Z  INFO 1 --- [   scheduling-1] r.observability.ObservabilityService     : LAB9 Observability window=30s category=web.CarController.getCars count=1441 sumNanos=223702828047 avgNanos=155241379
zil-app                 | 2026-05-05T00:27:21.325Z  INFO 1 --- [   scheduling-1] r.observability.ObservabilityService     : LAB9 Observability window=30s category=db.car.findAll count=1441 sumNanos=223701459074 avgNanos=155240429
zil-app                 | 2026-05-05T00:27:21.326Z  INFO 1 --- [   scheduling-1] r.observability.ObservabilityService     : LAB9 Observability window=1m category=web.RentController.getRents count=2881 sumNanos=446958567741 avgNanos=155140079
zil-app                 | 2026-05-05T00:27:21.326Z  INFO 1 --- [   scheduling-1] r.observability.ObservabilityService     : LAB9 Observability window=1m category=db.rent.findAll count=2881 sumNanos=446954852194 avgNanos=155138789
zil-app                 | 2026-05-05T00:27:21.326Z  INFO 1 --- [   scheduling-1] r.observability.ObservabilityService     : LAB9 Observability window=1m category=web.CarController.getCars count=2884 sumNanos=445318881688 avgNanos=154410153
zil-app                 | 2026-05-05T00:27:21.326Z  INFO 1 --- [   scheduling-1] r.observability.ObservabilityService     : LAB9 Observability window=1m category=db.car.findAll count=2884 sumNanos=445315973286 avgNanos=154409144
zil-app                 | 2026-05-05T00:27:26.326Z  INFO 1 --- [   scheduling-1] r.observability.ObservabilityService     : LAB9 Observability window=10s category=web.RentController.getRents count=485 sumNanos=73127808393 avgNanos=150778986
zil-app                 | 2026-05-05T00:27:26.328Z  INFO 1 --- [   scheduling-1] r.observability.ObservabilityService     : LAB9 Observability window=10s category=db.rent.findAll count=485 sumNanos=73127419718 avgNanos=150778184
zil-app                 | 2026-05-05T00:27:26.328Z  INFO 1 --- [   scheduling-1] r.observability.ObservabilityService     : LAB9 Observability window=10s category=web.CarController.getCars count=485 sumNanos=74428836163 avgNanos=153461517
zil-app                 | 2026-05-05T00:27:26.328Z  INFO 1 --- [   scheduling-1] r.observability.ObservabilityService     : LAB9 Observability window=10s category=db.car.findAll count=485 sumNanos=74426991612 avgNanos=153457714
zil-app                 | 2026-05-05T00:27:26.328Z  INFO 1 --- [   scheduling-1] r.observability.ObservabilityService     : LAB9 Observability window=30s category=web.RentController.getRents count=1443 sumNanos=221693761799 avgNanos=153633930
zil-app                 | 2026-05-05T00:27:26.328Z  INFO 1 --- [   scheduling-1] r.observability.ObservabilityService     : LAB9 Observability window=30s category=db.rent.findAll count=1443 sumNanos=221692217900 avgNanos=153632860
zil-app                 | 2026-05-05T00:27:26.328Z  INFO 1 --- [   scheduling-1] r.observability.ObservabilityService     : LAB9 Observability window=30s category=web.CarController.getCars count=1442 sumNanos=224550461514 avgNanos=155721540
zil-app                 | 2026-05-05T00:27:26.328Z  INFO 1 --- [   scheduling-1] r.observability.ObservabilityService     : LAB9 Observability window=30s category=db.car.findAll count=1442 sumNanos=224547639942 avgNanos=155719583
zil-app                 | 2026-05-05T00:27:26.328Z  INFO 1 --- [   scheduling-1] r.observability.ObservabilityService     : LAB9 Observability window=1m category=web.RentController.getRents count=2882 sumNanos=446125417113 avgNanos=154797160
zil-app                 | 2026-05-05T00:27:26.328Z  INFO 1 --- [   scheduling-1] r.observability.ObservabilityService     : LAB9 Observability window=1m category=db.rent.findAll count=2882 sumNanos=446121773594 avgNanos=154795896
zil-app                 | 2026-05-05T00:27:26.328Z  INFO 1 --- [   scheduling-1] r.observability.ObservabilityService     : LAB9 Observability window=1m category=web.CarController.getCars count=2883 sumNanos=446023139086 avgNanos=154707991
zil-app                 | 2026-05-05T00:27:26.328Z  INFO 1 --- [   scheduling-1] r.observability.ObservabilityService     : LAB9 Observability window=1m category=db.car.findAll count=2883 sumNanos=446018757600 avgNanos=154706471
zil-app                 | 2026-05-05T00:27:31.329Z  INFO 1 --- [   scheduling-1] r.observability.ObservabilityService     : LAB9 Observability window=10s category=web.RentController.getRents count=481 sumNanos=73718828299 avgNanos=153261597
zil-app                 | 2026-05-05T00:27:31.329Z  INFO 1 --- [   scheduling-1] r.observability.ObservabilityService     : LAB9 Observability window=10s category=db.rent.findAll count=481 sumNanos=73718423351 avgNanos=153260755
zil-app                 | 2026-05-05T00:27:31.329Z  INFO 1 --- [   scheduling-1] r.observability.ObservabilityService     : LAB9 Observability window=10s category=web.CarController.getCars count=479 sumNanos=75068367372 avgNanos=156718929
zil-app                 | 2026-05-05T00:27:31.329Z  INFO 1 --- [   scheduling-1] r.observability.ObservabilityService     : LAB9 Observability window=10s category=db.car.findAll count=479 sumNanos=75066497782 avgNanos=156715026
zil-app                 | 2026-05-05T00:27:31.329Z  INFO 1 --- [   scheduling-1] r.observability.ObservabilityService     : LAB9 Observability window=30s category=web.RentController.getRents count=1444 sumNanos=222368813329 avgNanos=153995023
zil-app                 | 2026-05-05T00:27:31.329Z  INFO 1 --- [   scheduling-1] r.observability.ObservabilityService     : LAB9 Observability window=30s category=db.rent.findAll count=1444 sumNanos=222367314668 avgNanos=153993985
zil-app                 | 2026-05-05T00:27:31.329Z  INFO 1 --- [   scheduling-1] r.observability.ObservabilityService     : LAB9 Observability window=30s category=web.CarController.getCars count=1442 sumNanos=225015299437 avgNanos=156043896
zil-app                 | 2026-05-05T00:27:31.329Z  INFO 1 --- [   scheduling-1] r.observability.ObservabilityService     : LAB9 Observability window=30s category=db.car.findAll count=1442 sumNanos=225012474861 avgNanos=156041938
zil-app                 | 2026-05-05T00:27:31.329Z  INFO 1 --- [   scheduling-1] r.observability.ObservabilityService     : LAB9 Observability window=1m category=web.RentController.getRents count=2882 sumNanos=445628278328 avgNanos=154624662
zil-app                 | 2026-05-05T00:27:31.329Z  INFO 1 --- [   scheduling-1] r.observability.ObservabilityService     : LAB9 Observability window=1m category=db.rent.findAll count=2882 sumNanos=445624618555 avgNanos=154623392
zil-app                 | 2026-05-05T00:27:31.329Z  INFO 1 --- [   scheduling-1] r.observability.ObservabilityService     : LAB9 Observability window=1m category=web.CarController.getCars count=2884 sumNanos=446787625647 avgNanos=154919426
zil-app                 | 2026-05-05T00:27:31.329Z  INFO 1 --- [   scheduling-1] r.observability.ObservabilityService     : LAB9 Observability window=1m category=db.car.findAll count=2884 sumNanos=446783247597 avgNanos=154917908
zil-app                 | 2026-05-05T00:27:36.330Z  INFO 1 --- [   scheduling-1] r.observability.ObservabilityService     : LAB9 Observability window=10s category=web.RentController.getRents count=481 sumNanos=74797004509 avgNanos=155503127
zil-app                 | 2026-05-05T00:27:36.330Z  INFO 1 --- [   scheduling-1] r.observability.ObservabilityService     : LAB9 Observability window=10s category=db.rent.findAll count=481 sumNanos=74796332956 avgNanos=155501731
zil-app                 | 2026-05-05T00:27:36.330Z  INFO 1 --- [   scheduling-1] r.observability.ObservabilityService     : LAB9 Observability window=10s category=web.CarController.getCars count=478 sumNanos=74150707802 avgNanos=155127003
zil-app                 | 2026-05-05T00:27:36.330Z  INFO 1 --- [   scheduling-1] r.observability.ObservabilityService     : LAB9 Observability window=10s category=db.car.findAll count=478 sumNanos=74150314633 avgNanos=155126181
zil-app                 | 2026-05-05T00:27:36.330Z  INFO 1 --- [   scheduling-1] r.observability.ObservabilityService     : LAB9 Observability window=30s category=web.RentController.getRents count=1443 sumNanos=221896923544 avgNanos=153774721
zil-app                 | 2026-05-05T00:27:36.330Z  INFO 1 --- [   scheduling-1] r.observability.ObservabilityService     : LAB9 Observability window=30s category=db.rent.findAll count=1443 sumNanos=221895171501 avgNanos=153773507
zil-app                 | 2026-05-05T00:27:36.330Z  INFO 1 --- [   scheduling-1] r.observability.ObservabilityService     : LAB9 Observability window=30s category=web.CarController.getCars count=1442 sumNanos=224895015559 avgNanos=155960482
zil-app                 | 2026-05-05T00:27:36.330Z  INFO 1 --- [   scheduling-1] r.observability.ObservabilityService     : LAB9 Observability window=30s category=db.car.findAll count=1442 sumNanos=224892192541 avgNanos=155958524
zil-app                 | 2026-05-05T00:27:36.331Z  INFO 1 --- [   scheduling-1] r.observability.ObservabilityService     : LAB9 Observability window=1m category=web.RentController.getRents count=2888 sumNanos=444376334699 avgNanos=153869921
zil-app                 | 2026-05-05T00:27:36.331Z  INFO 1 --- [   scheduling-1] r.observability.ObservabilityService     : LAB9 Observability window=1m category=db.rent.findAll count=2888 sumNanos=444372507867 avgNanos=153868596
zil-app                 | 2026-05-05T00:27:36.331Z  INFO 1 --- [   scheduling-1] r.observability.ObservabilityService     : LAB9 Observability window=1m category=web.CarController.getCars count=2886 sumNanos=446258375098 avgNanos=154628681
zil-app                 | 2026-05-05T00:27:36.331Z  INFO 1 --- [   scheduling-1] r.observability.ObservabilityService     : LAB9 Observability window=1m category=db.car.findAll count=2886 sumNanos=446254037989 avgNanos=154627178
zil-app                 | 2026-05-05T00:27:41.334Z  INFO 1 --- [   scheduling-1] r.observability.ObservabilityService     : LAB9 Observability window=10s category=web.RentController.getRents count=487 sumNanos=74806163030 avgNanos=153606084
zil-app                 | 2026-05-05T00:27:41.334Z  INFO 1 --- [   scheduling-1] r.observability.ObservabilityService     : LAB9 Observability window=10s category=db.rent.findAll count=487 sumNanos=74805492838 avgNanos=153604708
zil-app                 | 2026-05-05T00:27:41.334Z  INFO 1 --- [   scheduling-1] r.observability.ObservabilityService     : LAB9 Observability window=10s category=web.CarController.getCars count=489 sumNanos=73139638046 avgNanos=149569811
zil-app                 | 2026-05-05T00:27:41.334Z  INFO 1 --- [   scheduling-1] r.observability.ObservabilityService     : LAB9 Observability window=10s category=db.car.findAll count=489 sumNanos=73139271002 avgNanos=149569061
zil-app                 | 2026-05-05T00:27:41.334Z  INFO 1 --- [   scheduling-1] r.observability.ObservabilityService     : LAB9 Observability window=30s category=web.RentController.getRents count=1444 sumNanos=222361679472 avgNanos=153990082
zil-app                 | 2026-05-05T00:27:41.334Z  INFO 1 --- [   scheduling-1] r.observability.ObservabilityService     : LAB9 Observability window=30s category=db.rent.findAll count=1444 sumNanos=222360032967 avgNanos=153988942
zil-app                 | 2026-05-05T00:27:41.334Z  INFO 1 --- [   scheduling-1] r.observability.ObservabilityService     : LAB9 Observability window=30s category=web.CarController.getCars count=1446 sumNanos=223594405665 avgNanos=154629602
zil-app                 | 2026-05-05T00:27:41.334Z  INFO 1 --- [   scheduling-1] r.observability.ObservabilityService     : LAB9 Observability window=30s category=db.car.findAll count=1446 sumNanos=223591779500 avgNanos=154627786
zil-app                 | 2026-05-05T00:27:41.337Z  INFO 1 --- [   scheduling-1] r.observability.ObservabilityService     : LAB9 Observability window=1m category=web.RentController.getRents count=2892 sumNanos=445439644738 avgNanos=154024773
zil-app                 | 2026-05-05T00:27:41.337Z  INFO 1 --- [   scheduling-1] r.observability.ObservabilityService     : LAB9 Observability window=1m category=db.rent.findAll count=2892 sumNanos=445435869804 avgNanos=154023468
zil-app                 | 2026-05-05T00:27:41.338Z  INFO 1 --- [   scheduling-1] r.observability.ObservabilityService     : LAB9 Observability window=1m category=web.CarController.getCars count=2885 sumNanos=446142216568 avgNanos=154642016
zil-app                 | 2026-05-05T00:27:41.338Z  INFO 1 --- [   scheduling-1] r.observability.ObservabilityService     : LAB9 Observability window=1m category=db.car.findAll count=2885 sumNanos=446137907895 avgNanos=154640522
zil-app                 | 2026-05-05T00:27:46.339Z  INFO 1 --- [   scheduling-1] r.observability.ObservabilityService     : LAB9 Observability window=10s category=web.RentController.getRents count=478 sumNanos=74759068464 avgNanos=156399724
zil-app                 | 2026-05-05T00:27:46.339Z  INFO 1 --- [   scheduling-1] r.observability.ObservabilityService     : LAB9 Observability window=10s category=db.rent.findAll count=478 sumNanos=74758456972 avgNanos=156398445
zil-app                 | 2026-05-05T00:27:46.339Z  INFO 1 --- [   scheduling-1] r.observability.ObservabilityService     : LAB9 Observability window=10s category=web.CarController.getCars count=481 sumNanos=73818848095 avgNanos=153469538
zil-app                 | 2026-05-05T00:27:46.339Z  INFO 1 --- [   scheduling-1] r.observability.ObservabilityService     : LAB9 Observability window=10s category=db.car.findAll count=481 sumNanos=73816150162 avgNanos=153463929
zil-app                 | 2026-05-05T00:27:46.339Z  INFO 1 --- [   scheduling-1] r.observability.ObservabilityService     : LAB9 Observability window=30s category=web.RentController.getRents count=1445 sumNanos=222879364816 avgNanos=154241774
zil-app                 | 2026-05-05T00:27:46.339Z  INFO 1 --- [   scheduling-1] r.observability.ObservabilityService     : LAB9 Observability window=30s category=db.rent.findAll count=1445 sumNanos=222877692020 avgNanos=154240617
zil-app                 | 2026-05-05T00:27:46.339Z  INFO 1 --- [   scheduling-1] r.observability.ObservabilityService     : LAB9 Observability window=30s category=web.CarController.getCars count=1445 sumNanos=222545861915 avgNanos=154010977
zil-app                 | 2026-05-05T00:27:46.339Z  INFO 1 --- [   scheduling-1] r.observability.ObservabilityService     : LAB9 Observability window=30s category=db.car.findAll count=1445 sumNanos=222540925641 avgNanos=154007560
zil-app                 | 2026-05-05T00:27:46.339Z  INFO 1 --- [   scheduling-1] r.observability.ObservabilityService     : LAB9 Observability window=1m category=web.RentController.getRents count=2885 sumNanos=444407827719 avgNanos=154040841
zil-app                 | 2026-05-05T00:27:46.339Z  INFO 1 --- [   scheduling-1] r.observability.ObservabilityService     : LAB9 Observability window=1m category=db.rent.findAll count=2885 sumNanos=444403878004 avgNanos=154039472
zil-app                 | 2026-05-05T00:27:46.339Z  INFO 1 --- [   scheduling-1] r.observability.ObservabilityService     : LAB9 Observability window=1m category=web.CarController.getCars count=2885 sumNanos=446574841127 avgNanos=154791972
zil-app                 | 2026-05-05T00:27:46.339Z  INFO 1 --- [   scheduling-1] r.observability.ObservabilityService     : LAB9 Observability window=1m category=db.car.findAll count=2885 sumNanos=446568204292 avgNanos=154789672
zil-app                 | 2026-05-05T00:27:51.341Z  INFO 1 --- [   scheduling-1] r.observability.ObservabilityService     : LAB9 Observability window=10s category=web.RentController.getRents count=476 sumNanos=74971558640 avgNanos=157503274
zil-app                 | 2026-05-05T00:27:51.341Z  INFO 1 --- [   scheduling-1] r.observability.ObservabilityService     : LAB9 Observability window=10s category=db.rent.findAll count=476 sumNanos=74970562921 avgNanos=157501182
zil-app                 | 2026-05-05T00:27:51.341Z  INFO 1 --- [   scheduling-1] r.observability.ObservabilityService     : LAB9 Observability window=10s category=web.CarController.getCars count=478 sumNanos=73418578365 avgNanos=153595352
zil-app                 | 2026-05-05T00:27:51.341Z  INFO 1 --- [   scheduling-1] r.observability.ObservabilityService     : LAB9 Observability window=10s category=db.car.findAll count=478 sumNanos=73415883160 avgNanos=153589713
zil-app                 | 2026-05-05T00:27:51.342Z  INFO 1 --- [   scheduling-1] r.observability.ObservabilityService     : LAB9 Observability window=30s category=web.RentController.getRents count=1445 sumNanos=223593015630 avgNanos=154735650
zil-app                 | 2026-05-05T00:27:51.342Z  INFO 1 --- [   scheduling-1] r.observability.ObservabilityService     : LAB9 Observability window=30s category=db.rent.findAll count=1445 sumNanos=223590943931 avgNanos=154734217
zil-app                 | 2026-05-05T00:27:51.342Z  INFO 1 --- [   scheduling-1] r.observability.ObservabilityService     : LAB9 Observability window=30s category=web.CarController.getCars count=1446 sumNanos=221626583783 avgNanos=153268730
zil-app                 | 2026-05-05T00:27:51.342Z  INFO 1 --- [   scheduling-1] r.observability.ObservabilityService     : LAB9 Observability window=30s category=db.car.findAll count=1446 sumNanos=221621651944 avgNanos=153265319
zil-app                 | 2026-05-05T00:27:51.342Z  INFO 1 --- [   scheduling-1] r.observability.ObservabilityService     : LAB9 Observability window=1m category=web.RentController.getRents count=2884 sumNanos=445402543577 avgNanos=154439162
zil-app                 | 2026-05-05T00:27:51.342Z  INFO 1 --- [   scheduling-1] r.observability.ObservabilityService     : LAB9 Observability window=1m category=db.rent.findAll count=2884 sumNanos=445398497971 avgNanos=154437759
zil-app                 | 2026-05-05T00:27:51.342Z  INFO 1 --- [   scheduling-1] r.observability.ObservabilityService     : LAB9 Observability window=1m category=web.CarController.getCars count=2883 sumNanos=444801209385 avgNanos=154284151
zil-app                 | 2026-05-05T00:27:51.342Z  INFO 1 --- [   scheduling-1] r.observability.ObservabilityService     : LAB9 Observability window=1m category=db.car.findAll count=2883 sumNanos=444794911941 avgNanos=154281967
zil-app                 | 2026-05-05T00:27:56.343Z  INFO 1 --- [   scheduling-1] r.observability.ObservabilityService     : LAB9 Observability window=10s category=web.RentController.getRents count=483 sumNanos=75712194267 avgNanos=156754025
zil-app                 | 2026-05-05T00:27:56.345Z  INFO 1 --- [   scheduling-1] r.observability.ObservabilityService     : LAB9 Observability window=10s category=db.rent.findAll count=483 sumNanos=75711302082 avgNanos=156752178
zil-app                 | 2026-05-05T00:27:56.345Z  INFO 1 --- [   scheduling-1] r.observability.ObservabilityService     : LAB9 Observability window=10s category=web.CarController.getCars count=481 sumNanos=73627131180 avgNanos=153070958
zil-app                 | 2026-05-05T00:27:56.345Z  INFO 1 --- [   scheduling-1] r.observability.ObservabilityService     : LAB9 Observability window=10s category=db.car.findAll count=481 sumNanos=73626776002 avgNanos=153070220
zil-app                 | 2026-05-05T00:27:56.345Z  INFO 1 --- [   scheduling-1] r.observability.ObservabilityService     : LAB9 Observability window=30s category=web.RentController.getRents count=1443 sumNanos=225463750690 avgNanos=156246535
zil-app                 | 2026-05-05T00:27:56.345Z  INFO 1 --- [   scheduling-1] r.observability.ObservabilityService     : LAB9 Observability window=30s category=db.rent.findAll count=1443 sumNanos=225461574384 avgNanos=156245027
zil-app                 | 2026-05-05T00:27:56.345Z  INFO 1 --- [   scheduling-1] r.observability.ObservabilityService     : LAB9 Observability window=30s category=web.CarController.getCars count=1441 sumNanos=221744156932 avgNanos=153882135
zil-app                 | 2026-05-05T00:27:56.345Z  INFO 1 --- [   scheduling-1] r.observability.ObservabilityService     : LAB9 Observability window=30s category=db.car.findAll count=1441 sumNanos=221740710031 avgNanos=153879743
zil-app                 | 2026-05-05T00:27:56.346Z  INFO 1 --- [   scheduling-1] r.observability.ObservabilityService     : LAB9 Observability window=1m category=web.RentController.getRents count=2885 sumNanos=447034456669 avgNanos=154951284
zil-app                 | 2026-05-05T00:27:56.347Z  INFO 1 --- [   scheduling-1] r.observability.ObservabilityService     : LAB9 Observability window=1m category=db.rent.findAll count=2885 sumNanos=447030737229 avgNanos=154949995
zil-app                 | 2026-05-05T00:27:56.347Z  INFO 1 --- [   scheduling-1] r.observability.ObservabilityService     : LAB9 Observability window=1m category=web.CarController.getCars count=2882 sumNanos=446174585349 avgNanos=154814221
zil-app                 | 2026-05-05T00:27:56.347Z  INFO 1 --- [   scheduling-1] r.observability.ObservabilityService     : LAB9 Observability window=1m category=db.car.findAll count=2882 sumNanos=446168317814 avgNanos=154812046
zil-app                 | 2026-05-05T00:28:01.348Z  INFO 1 --- [   scheduling-1] r.observability.ObservabilityService     : LAB9 Observability window=10s category=web.RentController.getRents count=478 sumNanos=75833704898 avgNanos=158647918
zil-app                 | 2026-05-05T00:28:01.348Z  INFO 1 --- [   scheduling-1] r.observability.ObservabilityService     : LAB9 Observability window=10s category=db.rent.findAll count=478 sumNanos=75833183806 avgNanos=158646828
zil-app                 | 2026-05-05T00:28:01.348Z  INFO 1 --- [   scheduling-1] r.observability.ObservabilityService     : LAB9 Observability window=10s category=web.CarController.getCars count=474 sumNanos=75251821513 avgNanos=158759117
zil-app                 | 2026-05-05T00:28:01.348Z  INFO 1 --- [   scheduling-1] r.observability.ObservabilityService     : LAB9 Observability window=10s category=db.car.findAll count=474 sumNanos=75251457884 avgNanos=158758349
zil-app                 | 2026-05-05T00:28:01.348Z  INFO 1 --- [   scheduling-1] r.observability.ObservabilityService     : LAB9 Observability window=30s category=web.RentController.getRents count=1442 sumNanos=225707892229 avgNanos=156524197
zil-app                 | 2026-05-05T00:28:01.348Z  INFO 1 --- [   scheduling-1] r.observability.ObservabilityService     : LAB9 Observability window=30s category=db.rent.findAll count=1442 sumNanos=225705704386 avgNanos=156522679
zil-app                 | 2026-05-05T00:28:01.348Z  INFO 1 --- [   scheduling-1] r.observability.ObservabilityService     : LAB9 Observability window=30s category=web.CarController.getCars count=1441 sumNanos=221810037924 avgNanos=153927854
zil-app                 | 2026-05-05T00:28:01.348Z  INFO 1 --- [   scheduling-1] r.observability.ObservabilityService     : LAB9 Observability window=30s category=db.car.findAll count=1441 sumNanos=221806612046 avgNanos=153925476
zil-app                 | 2026-05-05T00:28:01.348Z  INFO 1 --- [   scheduling-1] r.observability.ObservabilityService     : LAB9 Observability window=1m category=web.RentController.getRents count=2885 sumNanos=447902562223 avgNanos=155252187
zil-app                 | 2026-05-05T00:28:01.348Z  INFO 1 --- [   scheduling-1] r.observability.ObservabilityService     : LAB9 Observability window=1m category=db.rent.findAll count=2885 sumNanos=447898876593 avgNanos=155250910
zil-app                 | 2026-05-05T00:28:01.349Z  INFO 1 --- [   scheduling-1] r.observability.ObservabilityService     : LAB9 Observability window=1m category=web.CarController.getCars count=2883 sumNanos=446825337361 avgNanos=154986242
zil-app                 | 2026-05-05T00:28:01.349Z  INFO 1 --- [   scheduling-1] r.observability.ObservabilityService     : LAB9 Observability window=1m category=db.car.findAll count=2883 sumNanos=446819086907 avgNanos=154984074
zil-app                 | 2026-05-05T00:28:06.349Z  INFO 1 --- [   scheduling-1] r.observability.ObservabilityService     : LAB9 Observability window=10s category=web.RentController.getRents count=481 sumNanos=74304700028 avgNanos=154479625
zil-app                 | 2026-05-05T00:28:06.351Z  INFO 1 --- [   scheduling-1] r.observability.ObservabilityService     : LAB9 Observability window=10s category=db.rent.findAll count=481 sumNanos=74304261229 avgNanos=154478713
zil-app                 | 2026-05-05T00:28:06.351Z  INFO 1 --- [   scheduling-1] r.observability.ObservabilityService     : LAB9 Observability window=10s category=web.CarController.getCars count=480 sumNanos=75495807745 avgNanos=157282932
zil-app                 | 2026-05-05T00:28:06.351Z  INFO 1 --- [   scheduling-1] r.observability.ObservabilityService     : LAB9 Observability window=10s category=db.car.findAll count=480 sumNanos=75495394401 avgNanos=157282071
zil-app                 | 2026-05-05T00:28:06.351Z  INFO 1 --- [   scheduling-1] r.observability.ObservabilityService     : LAB9 Observability window=30s category=web.RentController.getRents count=1442 sumNanos=224858855567 avgNanos=155935406
zil-app                 | 2026-05-05T00:28:06.351Z  INFO 1 --- [   scheduling-1] r.observability.ObservabilityService     : LAB9 Observability window=30s category=db.rent.findAll count=1442 sumNanos=224856912988 avgNanos=155934058
zil-app                 | 2026-05-05T00:28:06.351Z  INFO 1 --- [   scheduling-1] r.observability.ObservabilityService     : LAB9 Observability window=30s category=web.CarController.getCars count=1441 sumNanos=222790761189 avgNanos=154608439
zil-app                 | 2026-05-05T00:28:06.351Z  INFO 1 --- [   scheduling-1] r.observability.ObservabilityService     : LAB9 Observability window=30s category=db.car.findAll count=1441 sumNanos=222787295314 avgNanos=154606034
zil-app                 | 2026-05-05T00:28:06.351Z  INFO 1 --- [   scheduling-1] r.observability.ObservabilityService     : LAB9 Observability window=1m category=web.RentController.getRents count=2885 sumNanos=446733630404 avgNanos=154847012
zil-app                 | 2026-05-05T00:28:06.351Z  INFO 1 --- [   scheduling-1] r.observability.ObservabilityService     : LAB9 Observability window=1m category=db.rent.findAll count=2885 sumNanos=446729935345 avgNanos=154845731
zil-app                 | 2026-05-05T00:28:06.352Z  INFO 1 --- [   scheduling-1] r.observability.ObservabilityService     : LAB9 Observability window=1m category=web.CarController.getCars count=2881 sumNanos=447444855872 avgNanos=155308870
zil-app                 | 2026-05-05T00:28:06.352Z  INFO 1 --- [   scheduling-1] r.observability.ObservabilityService     : LAB9 Observability window=1m category=db.car.findAll count=2881 sumNanos=447438568265 avgNanos=155306688
zil-app                 | 2026-05-05T00:28:11.352Z  INFO 1 --- [   scheduling-1] r.observability.ObservabilityService     : LAB9 Observability window=10s category=web.RentController.getRents count=485 sumNanos=72976482735 avgNanos=150466974
zil-app                 | 2026-05-05T00:28:11.353Z  INFO 1 --- [   scheduling-1] r.observability.ObservabilityService     : LAB9 Observability window=10s category=db.rent.findAll count=485 sumNanos=72976035986 avgNanos=150466053
zil-app                 | 2026-05-05T00:28:11.353Z  INFO 1 --- [   scheduling-1] r.observability.ObservabilityService     : LAB9 Observability window=10s category=web.CarController.getCars count=488 sumNanos=75912915526 avgNanos=155559253
zil-app                 | 2026-05-05T00:28:11.353Z  INFO 1 --- [   scheduling-1] r.observability.ObservabilityService     : LAB9 Observability window=10s category=db.car.findAll count=488 sumNanos=75912416893 avgNanos=155558231
zil-app                 | 2026-05-05T00:28:11.353Z  INFO 1 --- [   scheduling-1] r.observability.ObservabilityService     : LAB9 Observability window=30s category=web.RentController.getRents count=1439 sumNanos=223781746273 avgNanos=155511984
zil-app                 | 2026-05-05T00:28:11.353Z  INFO 1 --- [   scheduling-1] r.observability.ObservabilityService     : LAB9 Observability window=30s category=db.rent.findAll count=1439 sumNanos=223779782713 avgNanos=155510620
zil-app                 | 2026-05-05T00:28:11.353Z  INFO 1 --- [   scheduling-1] r.observability.ObservabilityService     : LAB9 Observability window=30s category=web.CarController.getCars count=1440 sumNanos=224583315404 avgNanos=155960635
zil-app                 | 2026-05-05T00:28:11.353Z  INFO 1 --- [   scheduling-1] r.observability.ObservabilityService     : LAB9 Observability window=30s category=db.car.findAll count=1440 sumNanos=224579757937 avgNanos=155958165
zil-app                 | 2026-05-05T00:28:11.354Z  INFO 1 --- [   scheduling-1] r.observability.ObservabilityService     : LAB9 Observability window=1m category=web.RentController.getRents count=2882 sumNanos=445978976305 avgNanos=154746348
zil-app                 | 2026-05-05T00:28:11.354Z  INFO 1 --- [   scheduling-1] r.observability.ObservabilityService     : LAB9 Observability window=1m category=db.rent.findAll count=2882 sumNanos=445975366705 avgNanos=154745096
zil-app                 | 2026-05-05T00:28:11.354Z  INFO 1 --- [   scheduling-1] r.observability.ObservabilityService     : LAB9 Observability window=1m category=web.CarController.getCars count=2884 sumNanos=447718679547 avgNanos=155242260
zil-app                 | 2026-05-05T00:28:11.354Z  INFO 1 --- [   scheduling-1] r.observability.ObservabilityService     : LAB9 Observability window=1m category=db.car.findAll count=2884 sumNanos=447712497715 avgNanos=155240117
zil-app                 | 2026-05-05T00:28:16.355Z  INFO 1 --- [   scheduling-1] r.observability.ObservabilityService     : LAB9 Observability window=10s category=web.RentController.getRents count=476 sumNanos=72401767718 avgNanos=152104554
zil-app                 | 2026-05-05T00:28:16.355Z  INFO 1 --- [   scheduling-1] r.observability.ObservabilityService     : LAB9 Observability window=10s category=db.rent.findAll count=476 sumNanos=72401258612 avgNanos=152103484
zil-app                 | 2026-05-05T00:28:16.355Z  INFO 1 --- [   scheduling-1] r.observability.ObservabilityService     : LAB9 Observability window=10s category=web.CarController.getCars count=477 sumNanos=75659078934 avgNanos=158614421
zil-app                 | 2026-05-05T00:28:16.355Z  INFO 1 --- [   scheduling-1] r.observability.ObservabilityService     : LAB9 Observability window=10s category=db.car.findAll count=477 sumNanos=75658627919 avgNanos=158613475
zil-app                 | 2026-05-05T00:28:16.355Z  INFO 1 --- [   scheduling-1] r.observability.ObservabilityService     : LAB9 Observability window=30s category=web.RentController.getRents count=1440 sumNanos=222411452493 avgNanos=154452397
zil-app                 | 2026-05-05T00:28:16.355Z  INFO 1 --- [   scheduling-1] r.observability.ObservabilityService     : LAB9 Observability window=30s category=db.rent.findAll count=1440 sumNanos=222409612196 avgNanos=154451119
zil-app                 | 2026-05-05T00:28:16.355Z  INFO 1 --- [   scheduling-1] r.observability.ObservabilityService     : LAB9 Observability window=30s category=web.CarController.getCars count=1438 sumNanos=224782017859 avgNanos=156315728
zil-app                 | 2026-05-05T00:28:16.355Z  INFO 1 --- [   scheduling-1] r.observability.ObservabilityService     : LAB9 Observability window=30s category=db.car.findAll count=1438 sumNanos=224780798322 avgNanos=156314880
zil-app                 | 2026-05-05T00:28:16.356Z  INFO 1 --- [   scheduling-1] r.observability.ObservabilityService     : LAB9 Observability window=1m category=web.RentController.getRents count=2886 sumNanos=445485154213 avgNanos=154360760
zil-app                 | 2026-05-05T00:28:16.356Z  INFO 1 --- [   scheduling-1] r.observability.ObservabilityService     : LAB9 Observability window=1m category=db.rent.findAll count=2886 sumNanos=445481640464 avgNanos=154359542
zil-app                 | 2026-05-05T00:28:16.356Z  INFO 1 --- [   scheduling-1] r.observability.ObservabilityService     : LAB9 Observability window=1m category=web.CarController.getCars count=2883 sumNanos=447327879774 avgNanos=155160554
zil-app                 | 2026-05-05T00:28:16.356Z  INFO 1 --- [   scheduling-1] r.observability.ObservabilityService     : LAB9 Observability window=1m category=db.car.findAll count=2883 sumNanos=447321723963 avgNanos=155158419
zil-app                 | 2026-05-05T00:28:21.358Z  INFO 1 --- [   scheduling-1] r.observability.ObservabilityService     : LAB9 Observability window=10s category=web.RentController.getRents count=481 sumNanos=72669868035 avgNanos=151080806
zil-app                 | 2026-05-05T00:28:21.360Z  INFO 1 --- [   scheduling-1] r.observability.ObservabilityService     : LAB9 Observability window=10s category=db.rent.findAll count=481 sumNanos=72669368352 avgNanos=151079767
zil-app                 | 2026-05-05T00:28:21.360Z  INFO 1 --- [   scheduling-1] r.observability.ObservabilityService     : LAB9 Observability window=10s category=web.CarController.getCars count=479 sumNanos=74404302549 avgNanos=155332573
zil-app                 | 2026-05-05T00:28:21.360Z  INFO 1 --- [   scheduling-1] r.observability.ObservabilityService     : LAB9 Observability window=10s category=db.car.findAll count=479 sumNanos=74403787039 avgNanos=155331496
zil-app                 | 2026-05-05T00:28:21.361Z  INFO 1 --- [   scheduling-1] r.observability.ObservabilityService     : LAB9 Observability window=30s category=web.RentController.getRents count=1444 sumNanos=221480055668 avgNanos=153379539
zil-app                 | 2026-05-05T00:28:21.361Z  INFO 1 --- [   scheduling-1] r.observability.ObservabilityService     : LAB9 Observability window=30s category=db.rent.findAll count=1444 sumNanos=221478588144 avgNanos=153378523
zil-app                 | 2026-05-05T00:28:21.361Z  INFO 1 --- [   scheduling-1] r.observability.ObservabilityService     : LAB9 Observability window=30s category=web.CarController.getCars count=1441 sumNanos=225569039588 avgNanos=156536460
zil-app                 | 2026-05-05T00:28:21.361Z  INFO 1 --- [   scheduling-1] r.observability.ObservabilityService     : LAB9 Observability window=30s category=db.car.findAll count=1441 sumNanos=225567661816 avgNanos=156535504
zil-app                 | 2026-05-05T00:28:21.361Z  INFO 1 --- [   scheduling-1] r.observability.ObservabilityService     : LAB9 Observability window=1m category=web.RentController.getRents count=2886 sumNanos=444612352828 avgNanos=154058334
zil-app                 | 2026-05-05T00:28:21.361Z  INFO 1 --- [   scheduling-1] r.observability.ObservabilityService     : LAB9 Observability window=1m category=db.rent.findAll count=2886 sumNanos=444608815767 avgNanos=154057108
zil-app                 | 2026-05-05T00:28:21.361Z  INFO 1 --- [   scheduling-1] r.observability.ObservabilityService     : LAB9 Observability window=1m category=web.CarController.getCars count=2885 sumNanos=446966409953 avgNanos=154927698
zil-app                 | 2026-05-05T00:28:21.361Z  INFO 1 --- [   scheduling-1] r.observability.ObservabilityService     : LAB9 Observability window=1m category=db.car.findAll count=2885 sumNanos=446960101638 avgNanos=154925511
zil-app                 | 2026-05-05T00:28:26.362Z  INFO 1 --- [   scheduling-1] r.observability.ObservabilityService     : LAB9 Observability window=10s category=web.RentController.getRents count=488 sumNanos=72728056923 avgNanos=149032903
zil-app                 | 2026-05-05T00:28:26.366Z  INFO 1 --- [   scheduling-1] r.observability.ObservabilityService     : LAB9 Observability window=10s category=db.rent.findAll count=488 sumNanos=72727339124 avgNanos=149031432
zil-app                 | 2026-05-05T00:28:26.366Z  INFO 1 --- [   scheduling-1] r.observability.ObservabilityService     : LAB9 Observability window=10s category=web.CarController.getCars count=489 sumNanos=74157174597 avgNanos=151650663
zil-app                 | 2026-05-05T00:28:26.366Z  INFO 1 --- [   scheduling-1] r.observability.ObservabilityService     : LAB9 Observability window=10s category=db.car.findAll count=489 sumNanos=74156667075 avgNanos=151649625
zil-app                 | 2026-05-05T00:28:26.367Z  INFO 1 --- [   scheduling-1] r.observability.ObservabilityService     : LAB9 Observability window=30s category=web.RentController.getRents count=1446 sumNanos=219605861879 avgNanos=151871273
zil-app                 | 2026-05-05T00:28:26.367Z  INFO 1 --- [   scheduling-1] r.observability.ObservabilityService     : LAB9 Observability window=30s category=db.rent.findAll count=1446 sumNanos=219604195040 avgNanos=151870121
zil-app                 | 2026-05-05T00:28:26.367Z  INFO 1 --- [   scheduling-1] r.observability.ObservabilityService     : LAB9 Observability window=30s category=web.CarController.getCars count=1447 sumNanos=225488353377 avgNanos=155831619
zil-app                 | 2026-05-05T00:28:26.367Z  INFO 1 --- [   scheduling-1] r.observability.ObservabilityService     : LAB9 Observability window=30s category=db.car.findAll count=1447 sumNanos=225486980809 avgNanos=155830670
zil-app                 | 2026-05-05T00:28:26.368Z  INFO 1 --- [   scheduling-1] r.observability.ObservabilityService     : LAB9 Observability window=1m category=web.RentController.getRents count=2889 sumNanos=445020951298 avgNanos=154039789
zil-app                 | 2026-05-05T00:28:26.368Z  INFO 1 --- [   scheduling-1] r.observability.ObservabilityService     : LAB9 Observability window=1m category=db.rent.findAll count=2889 sumNanos=445017108015 avgNanos=154038458
zil-app                 | 2026-05-05T00:28:26.368Z  INFO 1 --- [   scheduling-1] r.observability.ObservabilityService     : LAB9 Observability window=1m category=web.CarController.getCars count=2886 sumNanos=446884667179 avgNanos=154845692
zil-app                 | 2026-05-05T00:28:26.368Z  INFO 1 --- [   scheduling-1] r.observability.ObservabilityService     : LAB9 Observability window=1m category=db.car.findAll count=2886 sumNanos=446879849089 avgNanos=154844022
zil-app                 | 2026-05-05T00:28:31.369Z  INFO 1 --- [   scheduling-1] r.observability.ObservabilityService     : LAB9 Observability window=10s category=web.RentController.getRents count=480 sumNanos=73537089601 avgNanos=153202270
zil-app                 | 2026-05-05T00:28:31.370Z  INFO 1 --- [   scheduling-1] r.observability.ObservabilityService     : LAB9 Observability window=10s category=db.rent.findAll count=480 sumNanos=73536379715 avgNanos=153200791
zil-app                 | 2026-05-05T00:28:31.370Z  INFO 1 --- [   scheduling-1] r.observability.ObservabilityService     : LAB9 Observability window=10s category=web.CarController.getCars count=479 sumNanos=74382959931 avgNanos=155288016
zil-app                 | 2026-05-05T00:28:31.370Z  INFO 1 --- [   scheduling-1] r.observability.ObservabilityService     : LAB9 Observability window=10s category=db.car.findAll count=479 sumNanos=74382442701 avgNanos=155286936
zil-app                 | 2026-05-05T00:28:31.371Z  INFO 1 --- [   scheduling-1] r.observability.ObservabilityService     : LAB9 Observability window=30s category=web.RentController.getRents count=1446 sumNanos=219183440371 avgNanos=151579142
zil-app                 | 2026-05-05T00:28:31.372Z  INFO 1 --- [   scheduling-1] r.observability.ObservabilityService     : LAB9 Observability window=30s category=db.rent.findAll count=1446 sumNanos=219181784053 avgNanos=151577997
zil-app                 | 2026-05-05T00:28:31.372Z  INFO 1 --- [   scheduling-1] r.observability.ObservabilityService     : LAB9 Observability window=30s category=web.CarController.getCars count=1445 sumNanos=224556202675 avgNanos=155402216
zil-app                 | 2026-05-05T00:28:31.372Z  INFO 1 --- [   scheduling-1] r.observability.ObservabilityService     : LAB9 Observability window=30s category=db.car.findAll count=1445 sumNanos=224554672064 avgNanos=155401157
zil-app                 | 2026-05-05T00:28:31.372Z  INFO 1 --- [   scheduling-1] r.observability.ObservabilityService     : LAB9 Observability window=1m category=web.RentController.getRents count=2887 sumNanos=444699498012 avgNanos=154035156
zil-app                 | 2026-05-05T00:28:31.372Z  INFO 1 --- [   scheduling-1] r.observability.ObservabilityService     : LAB9 Observability window=1m category=db.rent.findAll count=2887 sumNanos=444695654526 avgNanos=154033825
zil-app                 | 2026-05-05T00:28:31.372Z  INFO 1 --- [   scheduling-1] r.observability.ObservabilityService     : LAB9 Observability window=1m category=web.CarController.getCars count=2885 sumNanos=446206002843 avgNanos=154664125
zil-app                 | 2026-05-05T00:28:31.372Z  INFO 1 --- [   scheduling-1] r.observability.ObservabilityService     : LAB9 Observability window=1m category=db.car.findAll count=2885 sumNanos=446201046849 avgNanos=154662407
zil-app                 | 2026-05-05T00:28:36.373Z  INFO 1 --- [   scheduling-1] r.observability.ObservabilityService     : LAB9 Observability window=10s category=web.RentController.getRents count=475 sumNanos=74626833873 avgNanos=157109123
zil-app                 | 2026-05-05T00:28:36.373Z  INFO 1 --- [   scheduling-1] r.observability.ObservabilityService     : LAB9 Observability window=10s category=db.rent.findAll count=475 sumNanos=74626447744 avgNanos=157108311
zil-app                 | 2026-05-05T00:28:36.373Z  INFO 1 --- [   scheduling-1] r.observability.ObservabilityService     : LAB9 Observability window=10s category=web.CarController.getCars count=476 sumNanos=73421439123 avgNanos=154246720
zil-app                 | 2026-05-05T00:28:36.373Z  INFO 1 --- [   scheduling-1] r.observability.ObservabilityService     : LAB9 Observability window=10s category=db.car.findAll count=476 sumNanos=73420895390 avgNanos=154245578
zil-app                 | 2026-05-05T00:28:36.373Z  INFO 1 --- [   scheduling-1] r.observability.ObservabilityService     : LAB9 Observability window=30s category=web.RentController.getRents count=1440 sumNanos=219927995724 avgNanos=152727774
zil-app                 | 2026-05-05T00:28:36.373Z  INFO 1 --- [   scheduling-1] r.observability.ObservabilityService     : LAB9 Observability window=30s category=db.rent.findAll count=1440 sumNanos=219926381555 avgNanos=152726653
zil-app                 | 2026-05-05T00:28:36.373Z  INFO 1 --- [   scheduling-1] r.observability.ObservabilityService     : LAB9 Observability window=30s category=web.CarController.getCars count=1442 sumNanos=223235951648 avgNanos=154809952
zil-app                 | 2026-05-05T00:28:36.373Z  INFO 1 --- [   scheduling-1] r.observability.ObservabilityService     : LAB9 Observability window=30s category=db.car.findAll count=1442 sumNanos=223234449413 avgNanos=154808910
zil-app                 | 2026-05-05T00:28:36.374Z  INFO 1 --- [   scheduling-1] r.observability.ObservabilityService     : LAB9 Observability window=1m category=web.RentController.getRents count=2881 sumNanos=444672605496 avgNanos=154346617
zil-app                 | 2026-05-05T00:28:36.374Z  INFO 1 --- [   scheduling-1] r.observability.ObservabilityService     : LAB9 Observability window=1m category=db.rent.findAll count=2881 sumNanos=444669049549 avgNanos=154345383
zil-app                 | 2026-05-05T00:28:36.374Z  INFO 1 --- [   scheduling-1] r.observability.ObservabilityService     : LAB9 Observability window=1m category=web.CarController.getCars count=2882 sumNanos=445940288019 avgNanos=154732924
zil-app                 | 2026-05-05T00:28:36.374Z  INFO 1 --- [   scheduling-1] r.observability.ObservabilityService     : LAB9 Observability window=1m category=db.car.findAll count=2882 sumNanos=445935320629 avgNanos=154731200
zil-app                 | 2026-05-05T00:28:41.375Z  INFO 1 --- [   scheduling-1] r.observability.ObservabilityService     : LAB9 Observability window=10s category=web.RentController.getRents count=480 sumNanos=74321084155 avgNanos=154835591
zil-app                 | 2026-05-05T00:28:41.379Z  INFO 1 --- [   scheduling-1] r.observability.ObservabilityService     : LAB9 Observability window=10s category=db.rent.findAll count=480 sumNanos=74320401862 avgNanos=154834170
zil-app                 | 2026-05-05T00:28:41.379Z  INFO 1 --- [   scheduling-1] r.observability.ObservabilityService     : LAB9 Observability window=10s category=web.CarController.getCars count=484 sumNanos=74250417917 avgNanos=153409954
zil-app                 | 2026-05-05T00:28:41.379Z  INFO 1 --- [   scheduling-1] r.observability.ObservabilityService     : LAB9 Observability window=10s category=db.car.findAll count=484 sumNanos=74250041175 avgNanos=153409175
zil-app                 | 2026-05-05T00:28:41.379Z  INFO 1 --- [   scheduling-1] r.observability.ObservabilityService     : LAB9 Observability window=30s category=web.RentController.getRents count=1441 sumNanos=220528041791 avgNanos=153038196
zil-app                 | 2026-05-05T00:28:41.379Z  INFO 1 --- [   scheduling-1] r.observability.ObservabilityService     : LAB9 Observability window=30s category=db.rent.findAll count=1441 sumNanos=220526149929 avgNanos=153036884
zil-app                 | 2026-05-05T00:28:41.379Z  INFO 1 --- [   scheduling-1] r.observability.ObservabilityService     : LAB9 Observability window=30s category=web.CarController.getCars count=1442 sumNanos=223037680397 avgNanos=154672455
zil-app                 | 2026-05-05T00:28:41.379Z  INFO 1 --- [   scheduling-1] r.observability.ObservabilityService     : LAB9 Observability window=30s category=db.car.findAll count=1442 sumNanos=223036270915 avgNanos=154671477
zil-app                 | 2026-05-05T00:28:41.379Z  INFO 1 --- [   scheduling-1] r.observability.ObservabilityService     : LAB9 Observability window=1m category=web.RentController.getRents count=2879 sumNanos=444109875951 avgNanos=154258379
zil-app                 | 2026-05-05T00:28:41.379Z  INFO 1 --- [   scheduling-1] r.observability.ObservabilityService     : LAB9 Observability window=1m category=db.rent.findAll count=2879 sumNanos=444106021350 avgNanos=154257041
zil-app                 | 2026-05-05T00:28:41.379Z  INFO 1 --- [   scheduling-1] r.observability.ObservabilityService     : LAB9 Observability window=1m category=web.CarController.getCars count=2882 sumNanos=447620995801 avgNanos=155316098
zil-app                 | 2026-05-05T00:28:41.379Z  INFO 1 --- [   scheduling-1] r.observability.ObservabilityService     : LAB9 Observability window=1m category=db.car.findAll count=2882 sumNanos=447616028852 avgNanos=155314375
zil-app                 | 2026-05-05T00:28:46.380Z  INFO 1 --- [   scheduling-1] r.observability.ObservabilityService     : LAB9 Observability window=10s category=web.RentController.getRents count=475 sumNanos=75046980811 avgNanos=157993643
zil-app                 | 2026-05-05T00:28:46.380Z  INFO 1 --- [   scheduling-1] r.observability.ObservabilityService     : LAB9 Observability window=10s category=db.rent.findAll count=475 sumNanos=75046278749 avgNanos=157992165
zil-app                 | 2026-05-05T00:28:46.380Z  INFO 1 --- [   scheduling-1] r.observability.ObservabilityService     : LAB9 Observability window=10s category=web.CarController.getCars count=477 sumNanos=74635872776 avgNanos=156469334
zil-app                 | 2026-05-05T00:28:46.380Z  INFO 1 --- [   scheduling-1] r.observability.ObservabilityService     : LAB9 Observability window=10s category=db.car.findAll count=477 sumNanos=74635304190 avgNanos=156468142
zil-app                 | 2026-05-05T00:28:46.381Z  INFO 1 --- [   scheduling-1] r.observability.ObservabilityService     : LAB9 Observability window=30s category=web.RentController.getRents count=1438 sumNanos=222358258812 avgNanos=154630221
zil-app                 | 2026-05-05T00:28:46.381Z  INFO 1 --- [   scheduling-1] r.observability.ObservabilityService     : LAB9 Observability window=30s category=db.rent.findAll count=1438 sumNanos=222356452953 avgNanos=154628965
zil-app                 | 2026-05-05T00:28:46.381Z  INFO 1 --- [   scheduling-1] r.observability.ObservabilityService     : LAB9 Observability window=30s category=web.CarController.getCars count=1442 sumNanos=222214486496 avgNanos=154101585
zil-app                 | 2026-05-05T00:28:46.381Z  INFO 1 --- [   scheduling-1] r.observability.ObservabilityService     : LAB9 Observability window=30s category=db.car.findAll count=1442 sumNanos=222212866655 avgNanos=154100462
zil-app                 | 2026-05-05T00:28:46.382Z  INFO 1 --- [   scheduling-1] r.observability.ObservabilityService     : LAB9 Observability window=1m category=web.RentController.getRents count=2881 sumNanos=445294046319 avgNanos=154562320
zil-app                 | 2026-05-05T00:28:46.384Z  INFO 1 --- [   scheduling-1] r.observability.ObservabilityService     : LAB9 Observability window=1m category=db.rent.findAll count=2881 sumNanos=445290397417 avgNanos=154561054
zil-app                 | 2026-05-05T00:28:46.384Z  INFO 1 --- [   scheduling-1] r.observability.ObservabilityService     : LAB9 Observability window=1m category=web.CarController.getCars count=2880 sumNanos=446978782995 avgNanos=155200966
zil-app                 | 2026-05-05T00:28:46.384Z  INFO 1 --- [   scheduling-1] r.observability.ObservabilityService     : LAB9 Observability window=1m category=db.car.findAll count=2880 sumNanos=446975943744 avgNanos=155199980
zil-app                 | 2026-05-05T00:28:51.385Z  INFO 1 --- [   scheduling-1] r.observability.ObservabilityService     : LAB9 Observability window=10s category=web.RentController.getRents count=477 sumNanos=75861681474 avgNanos=159039164
zil-app                 | 2026-05-05T00:28:51.386Z  INFO 1 --- [   scheduling-1] r.observability.ObservabilityService     : LAB9 Observability window=10s category=db.rent.findAll count=477 sumNanos=75861231760 avgNanos=159038221
zil-app                 | 2026-05-05T00:28:51.386Z  INFO 1 --- [   scheduling-1] r.observability.ObservabilityService     : LAB9 Observability window=10s category=web.CarController.getCars count=479 sumNanos=74145480198 avgNanos=154792234
zil-app                 | 2026-05-05T00:28:51.386Z  INFO 1 --- [   scheduling-1] r.observability.ObservabilityService     : LAB9 Observability window=10s category=db.car.findAll count=479 sumNanos=74144846393 avgNanos=154790911
zil-app                 | 2026-05-05T00:28:51.386Z  INFO 1 --- [   scheduling-1] r.observability.ObservabilityService     : LAB9 Observability window=30s category=web.RentController.getRents count=1438 sumNanos=223837916687 avgNanos=155659191
zil-app                 | 2026-05-05T00:28:51.386Z  INFO 1 --- [   scheduling-1] r.observability.ObservabilityService     : LAB9 Observability window=30s category=db.rent.findAll count=1438 sumNanos=223836074126 avgNanos=155657909
zil-app                 | 2026-05-05T00:28:51.386Z  INFO 1 --- [   scheduling-1] r.observability.ObservabilityService     : LAB9 Observability window=30s category=web.CarController.getCars count=1441 sumNanos=222633714674 avgNanos=154499455
zil-app                 | 2026-05-05T00:28:51.386Z  INFO 1 --- [   scheduling-1] r.observability.ObservabilityService     : LAB9 Observability window=30s category=db.car.findAll count=1441 sumNanos=222632187850 avgNanos=154498395
zil-app                 | 2026-05-05T00:28:51.387Z  INFO 1 --- [   scheduling-1] r.observability.ObservabilityService     : LAB9 Observability window=1m category=web.RentController.getRents count=2881 sumNanos=445163335902 avgNanos=154516951
zil-app                 | 2026-05-05T00:28:51.387Z  INFO 1 --- [   scheduling-1] r.observability.ObservabilityService     : LAB9 Observability window=1m category=db.rent.findAll count=2881 sumNanos=445160026505 avgNanos=154515802
zil-app                 | 2026-05-05T00:28:51.387Z  INFO 1 --- [   scheduling-1] r.observability.ObservabilityService     : LAB9 Observability window=1m category=web.CarController.getCars count=2881 sumNanos=448028512458 avgNanos=155511458
zil-app                 | 2026-05-05T00:28:51.387Z  INFO 1 --- [   scheduling-1] r.observability.ObservabilityService     : LAB9 Observability window=1m category=db.car.findAll count=2881 sumNanos=448025608252 avgNanos=155510450
zil-app                 | 2026-05-05T00:28:56.387Z  INFO 1 --- [   scheduling-1] r.observability.ObservabilityService     : LAB9 Observability window=10s category=web.RentController.getRents count=488 sumNanos=74331551728 avgNanos=152318753
zil-app                 | 2026-05-05T00:28:56.387Z  INFO 1 --- [   scheduling-1] r.observability.ObservabilityService     : LAB9 Observability window=10s category=db.rent.findAll count=488 sumNanos=74331102323 avgNanos=152317832
zil-app                 | 2026-05-05T00:28:56.388Z  INFO 1 --- [   scheduling-1] r.observability.ObservabilityService     : LAB9 Observability window=10s category=web.CarController.getCars count=489 sumNanos=74194841804 avgNanos=151727692
zil-app                 | 2026-05-05T00:28:56.388Z  INFO 1 --- [   scheduling-1] r.observability.ObservabilityService     : LAB9 Observability window=10s category=db.car.findAll count=489 sumNanos=74194231435 avgNanos=151726444
zil-app                 | 2026-05-05T00:28:56.388Z  INFO 1 --- [   scheduling-1] r.observability.ObservabilityService     : LAB9 Observability window=30s category=web.RentController.getRents count=1440 sumNanos=224314751421 avgNanos=155774132
zil-app                 | 2026-05-05T00:28:56.388Z  INFO 1 --- [   scheduling-1] r.observability.ObservabilityService     : LAB9 Observability window=30s category=db.rent.findAll count=1440 sumNanos=224313212345 avgNanos=155773064
zil-app                 | 2026-05-05T00:28:56.389Z  INFO 1 --- [   scheduling-1] r.observability.ObservabilityService     : LAB9 Observability window=30s category=web.CarController.getCars count=1442 sumNanos=222252153703 avgNanos=154127707
zil-app                 | 2026-05-05T00:28:56.389Z  INFO 1 --- [   scheduling-1] r.observability.ObservabilityService     : LAB9 Observability window=30s category=db.car.findAll count=1442 sumNanos=222250431015 avgNanos=154126512
zil-app                 | 2026-05-05T00:28:56.389Z  INFO 1 --- [   scheduling-1] r.observability.ObservabilityService     : LAB9 Observability window=1m category=web.RentController.getRents count=2886 sumNanos=443920613300 avgNanos=153818646
zil-app                 | 2026-05-05T00:28:56.389Z  INFO 1 --- [   scheduling-1] r.observability.ObservabilityService     : LAB9 Observability window=1m category=db.rent.findAll count=2886 sumNanos=443917407385 avgNanos=153817535
zil-app                 | 2026-05-05T00:28:56.389Z  INFO 1 --- [   scheduling-1] r.observability.ObservabilityService     : LAB9 Observability window=1m category=web.CarController.getCars count=2889 sumNanos=447740507080 avgNanos=154981137
zil-app                 | 2026-05-05T00:28:56.389Z  INFO 1 --- [   scheduling-1] r.observability.ObservabilityService     : LAB9 Observability window=1m category=db.car.findAll count=2889 sumNanos=447737411824 avgNanos=154980066
zil-app                 | 2026-05-05T00:29:01.390Z  INFO 1 --- [   scheduling-1] r.observability.ObservabilityService     : LAB9 Observability window=10s category=web.RentController.getRents count=478 sumNanos=73433814370 avgNanos=153627226
zil-app                 | 2026-05-05T00:29:01.391Z  INFO 1 --- [   scheduling-1] r.observability.ObservabilityService     : LAB9 Observability window=10s category=db.rent.findAll count=478 sumNanos=73433433466 avgNanos=153626429
zil-app                 | 2026-05-05T00:29:01.391Z  INFO 1 --- [   scheduling-1] r.observability.ObservabilityService     : LAB9 Observability window=10s category=web.CarController.getCars count=476 sumNanos=74635946810 avgNanos=156798207
zil-app                 | 2026-05-05T00:29:01.391Z  INFO 1 --- [   scheduling-1] r.observability.ObservabilityService     : LAB9 Observability window=10s category=db.car.findAll count=476 sumNanos=74635416465 avgNanos=156797093
zil-app                 | 2026-05-05T00:29:01.392Z  INFO 1 --- [   scheduling-1] r.observability.ObservabilityService     : LAB9 Observability window=30s category=web.RentController.getRents count=1436 sumNanos=223783079222 avgNanos=155837798
zil-app                 | 2026-05-05T00:29:01.392Z  INFO 1 --- [   scheduling-1] r.observability.ObservabilityService     : LAB9 Observability window=30s category=db.rent.findAll count=1436 sumNanos=223781565771 avgNanos=155836744
zil-app                 | 2026-05-05T00:29:01.392Z  INFO 1 --- [   scheduling-1] r.observability.ObservabilityService     : LAB9 Observability window=30s category=web.CarController.getCars count=1435 sumNanos=222318017298 avgNanos=154925447
zil-app                 | 2026-05-05T00:29:01.392Z  INFO 1 --- [   scheduling-1] r.observability.ObservabilityService     : LAB9 Observability window=30s category=db.car.findAll count=1435 sumNanos=222316479106 avgNanos=154924375
zil-app                 | 2026-05-05T00:29:01.392Z  INFO 1 --- [   scheduling-1] r.observability.ObservabilityService     : LAB9 Observability window=1m category=web.RentController.getRents count=2882 sumNanos=442998439270 avgNanos=153712157
zil-app                 | 2026-05-05T00:29:01.392Z  INFO 1 --- [   scheduling-1] r.observability.ObservabilityService     : LAB9 Observability window=1m category=db.rent.findAll count=2882 sumNanos=442995269426 avgNanos=153711058
zil-app                 | 2026-05-05T00:29:01.392Z  INFO 1 --- [   scheduling-1] r.observability.ObservabilityService     : LAB9 Observability window=1m category=web.CarController.getCars count=2881 sumNanos=447206593424 avgNanos=155226169
zil-app                 | 2026-05-05T00:29:01.392Z  INFO 1 --- [   scheduling-1] r.observability.ObservabilityService     : LAB9 Observability window=1m category=db.car.findAll count=2881 sumNanos=447203523862 avgNanos=155225103
zil-app                 | 2026-05-05T00:29:06.394Z  INFO 1 --- [   scheduling-1] r.observability.ObservabilityService     : LAB9 Observability window=10s category=web.RentController.getRents count=475 sumNanos=72842908955 avgNanos=153353492
zil-app                 | 2026-05-05T00:29:06.394Z  INFO 1 --- [   scheduling-1] r.observability.ObservabilityService     : LAB9 Observability window=10s category=db.rent.findAll count=475 sumNanos=72841504129 avgNanos=153350535
zil-app                 | 2026-05-05T00:29:06.394Z  INFO 1 --- [   scheduling-1] r.observability.ObservabilityService     : LAB9 Observability window=10s category=web.CarController.getCars count=475 sumNanos=76347457724 avgNanos=160731489
zil-app                 | 2026-05-05T00:29:06.394Z  INFO 1 --- [   scheduling-1] r.observability.ObservabilityService     : LAB9 Observability window=10s category=db.car.findAll count=475 sumNanos=76347115654 avgNanos=160730769
zil-app                 | 2026-05-05T00:29:06.395Z  INFO 1 --- [   scheduling-1] r.observability.ObservabilityService     : LAB9 Observability window=30s category=web.RentController.getRents count=1439 sumNanos=222378564392 avgNanos=154536875
zil-app                 | 2026-05-05T00:29:06.396Z  INFO 1 --- [   scheduling-1] r.observability.ObservabilityService     : LAB9 Observability window=30s category=db.rent.findAll count=1439 sumNanos=222376007326 avgNanos=154535098
zil-app                 | 2026-05-05T00:29:06.396Z  INFO 1 --- [   scheduling-1] r.observability.ObservabilityService     : LAB9 Observability window=30s category=web.CarController.getCars count=1441 sumNanos=225178172304 avgNanos=156265213
zil-app                 | 2026-05-05T00:29:06.396Z  INFO 1 --- [   scheduling-1] r.observability.ObservabilityService     : LAB9 Observability window=30s category=db.car.findAll count=1441 sumNanos=225176651279 avgNanos=156264157
zil-app                 | 2026-05-05T00:29:06.396Z  INFO 1 --- [   scheduling-1] r.observability.ObservabilityService     : LAB9 Observability window=1m category=web.RentController.getRents count=2878 sumNanos=442186081936 avgNanos=153643530
zil-app                 | 2026-05-05T00:29:06.396Z  INFO 1 --- [   scheduling-1] r.observability.ObservabilityService     : LAB9 Observability window=1m category=db.rent.findAll count=2878 sumNanos=442181912006 avgNanos=153642082
zil-app                 | 2026-05-05T00:29:06.397Z  INFO 1 --- [   scheduling-1] r.observability.ObservabilityService     : LAB9 Observability window=1m category=web.CarController.getCars count=2882 sumNanos=448275260341 avgNanos=155543116
zil-app                 | 2026-05-05T00:29:06.397Z  INFO 1 --- [   scheduling-1] r.observability.ObservabilityService     : LAB9 Observability window=1m category=db.car.findAll count=2882 sumNanos=448272238402 avgNanos=155542067
zil-app                 | 2026-05-05T00:29:11.397Z  INFO 1 --- [   scheduling-1] r.observability.ObservabilityService     : LAB9 Observability window=10s category=web.RentController.getRents count=485 sumNanos=73977033235 avgNanos=152529965
zil-app                 | 2026-05-05T00:29:11.398Z  INFO 1 --- [   scheduling-1] r.observability.ObservabilityService     : LAB9 Observability window=10s category=db.rent.findAll count=485 sumNanos=73975594303 avgNanos=152526998
zil-app                 | 2026-05-05T00:29:11.398Z  INFO 1 --- [   scheduling-1] r.observability.ObservabilityService     : LAB9 Observability window=10s category=web.CarController.getCars count=488 sumNanos=75240660355 avgNanos=154181681
zil-app                 | 2026-05-05T00:29:11.398Z  INFO 1 --- [   scheduling-1] r.observability.ObservabilityService     : LAB9 Observability window=10s category=db.car.findAll count=488 sumNanos=75240260242 avgNanos=154180861
zil-app                 | 2026-05-05T00:29:11.398Z  INFO 1 --- [   scheduling-1] r.observability.ObservabilityService     : LAB9 Observability window=30s category=web.RentController.getRents count=1440 sumNanos=223336346729 avgNanos=155094685
zil-app                 | 2026-05-05T00:29:11.398Z  INFO 1 --- [   scheduling-1] r.observability.ObservabilityService     : LAB9 Observability window=30s category=db.rent.findAll count=1440 sumNanos=223334077101 avgNanos=155093109
zil-app                 | 2026-05-05T00:29:11.398Z  INFO 1 --- [   scheduling-1] r.observability.ObservabilityService     : LAB9 Observability window=30s category=web.CarController.getCars count=1443 sumNanos=224022087363 avgNanos=155247461
zil-app                 | 2026-05-05T00:29:11.398Z  INFO 1 --- [   scheduling-1] r.observability.ObservabilityService     : LAB9 Observability window=30s category=db.car.findAll count=1443 sumNanos=224020523100 avgNanos=155246377
zil-app                 | 2026-05-05T00:29:11.398Z  INFO 1 --- [   scheduling-1] r.observability.ObservabilityService     : LAB9 Observability window=1m category=web.RentController.getRents count=2881 sumNanos=443771282281 avgNanos=154033766
zil-app                 | 2026-05-05T00:29:11.398Z  INFO 1 --- [   scheduling-1] r.observability.ObservabilityService     : LAB9 Observability window=1m category=db.rent.findAll count=2881 sumNanos=443767140655 avgNanos=154032329
zil-app                 | 2026-05-05T00:29:11.398Z  INFO 1 --- [   scheduling-1] r.observability.ObservabilityService     : LAB9 Observability window=1m category=web.CarController.getCars count=2884 sumNanos=446928745165 avgNanos=154968358
zil-app                 | 2026-05-05T00:29:11.398Z  INFO 1 --- [   scheduling-1] r.observability.ObservabilityService     : LAB9 Observability window=1m category=db.car.findAll count=2884 sumNanos=446925772195 avgNanos=154967327
zil-app                 | 2026-05-05T00:29:16.399Z  INFO 1 --- [   scheduling-1] r.observability.ObservabilityService     : LAB9 Observability window=10s category=web.RentController.getRents count=322 sumNanos=49281197971 avgNanos=153047198
zil-app                 | 2026-05-05T00:29:16.399Z  INFO 1 --- [   scheduling-1] r.observability.ObservabilityService     : LAB9 Observability window=10s category=db.rent.findAll count=322 sumNanos=49280926076 avgNanos=153046354
zil-app                 | 2026-05-05T00:29:16.399Z  INFO 1 --- [   scheduling-1] r.observability.ObservabilityService     : LAB9 Observability window=10s category=web.CarController.getCars count=313 sumNanos=47745533481 avgNanos=152541640
zil-app                 | 2026-05-05T00:29:16.399Z  INFO 1 --- [   scheduling-1] r.observability.ObservabilityService     : LAB9 Observability window=10s category=db.car.findAll count=313 sumNanos=47745259484 avgNanos=152540765
zil-app                 | 2026-05-05T00:29:16.399Z  INFO 1 --- [   scheduling-1] r.observability.ObservabilityService     : LAB9 Observability window=30s category=web.RentController.getRents count=1285 sumNanos=196455658654 avgNanos=152883781
zil-app                 | 2026-05-05T00:29:16.399Z  INFO 1 --- [   scheduling-1] r.observability.ObservabilityService     : LAB9 Observability window=30s category=db.rent.findAll count=1285 sumNanos=196453532528 avgNanos=152882126
zil-app                 | 2026-05-05T00:29:16.399Z  INFO 1 --- [   scheduling-1] r.observability.ObservabilityService     : LAB9 Observability window=30s category=web.CarController.getCars count=1277 sumNanos=198287833009 avgNanos=155276298
zil-app                 | 2026-05-05T00:29:16.399Z  INFO 1 --- [   scheduling-1] r.observability.ObservabilityService     : LAB9 Observability window=30s category=db.car.findAll count=1277 sumNanos=198286606573 avgNanos=155275337
zil-app                 | 2026-05-05T00:29:16.400Z  INFO 1 --- [   scheduling-1] r.observability.ObservabilityService     : LAB9 Observability window=1m category=web.RentController.getRents count=2724 sumNanos=418971040364 avgNanos=153807283
zil-app                 | 2026-05-05T00:29:16.400Z  INFO 1 --- [   scheduling-1] r.observability.ObservabilityService     : LAB9 Observability window=1m category=db.rent.findAll count=2724 sumNanos=418967107606 avgNanos=153805839
zil-app                 | 2026-05-05T00:29:16.400Z  INFO 1 --- [   scheduling-1] r.observability.ObservabilityService     : LAB9 Observability window=1m category=web.CarController.getCars count=2717 sumNanos=420106384719 avgNanos=154621415
zil-app                 | 2026-05-05T00:29:16.400Z  INFO 1 --- [   scheduling-1] r.observability.ObservabilityService     : LAB9 Observability window=1m category=db.car.findAll count=2717 sumNanos=420103539798 avgNanos=154620367
zil-app                 | 2026-05-05T00:29:21.400Z  INFO 1 --- [   scheduling-1] r.observability.ObservabilityService     : LAB9 Observability window=10s category=web.RentController.getRents count=235 sumNanos=36051174233 avgNanos=153409252
zil-app                 | 2026-05-05T00:29:21.400Z  INFO 1 --- [   scheduling-1] r.observability.ObservabilityService     : LAB9 Observability window=10s category=db.rent.findAll count=235 sumNanos=36050994094 avgNanos=153408485
zil-app                 | 2026-05-05T00:29:21.400Z  INFO 1 --- [   scheduling-1] r.observability.ObservabilityService     : LAB9 Observability window=10s category=web.CarController.getCars count=234 sumNanos=37215429838 avgNanos=159040298
zil-app                 | 2026-05-05T00:29:21.400Z  INFO 1 --- [   scheduling-1] r.observability.ObservabilityService     : LAB9 Observability window=10s category=db.car.findAll count=234 sumNanos=37215255222 avgNanos=159039552
zil-app                 | 2026-05-05T00:29:21.400Z  INFO 1 --- [   scheduling-1] r.observability.ObservabilityService     : LAB9 Observability window=30s category=web.RentController.getRents count=1198 sumNanos=183462021838 avgNanos=153140251
zil-app                 | 2026-05-05T00:29:21.400Z  INFO 1 --- [   scheduling-1] r.observability.ObservabilityService     : LAB9 Observability window=30s category=db.rent.findAll count=1198 sumNanos=183460021863 avgNanos=153138582
zil-app                 | 2026-05-05T00:29:21.401Z  INFO 1 --- [   scheduling-1] r.observability.ObservabilityService     : LAB9 Observability window=30s category=web.CarController.getCars count=1198 sumNanos=187092037003 avgNanos=156170314
zil-app                 | 2026-05-05T00:29:21.401Z  INFO 1 --- [   scheduling-1] r.observability.ObservabilityService     : LAB9 Observability window=30s category=db.car.findAll count=1198 sumNanos=187090931929 avgNanos=156169392
zil-app                 | 2026-05-05T00:29:21.401Z  INFO 1 --- [   scheduling-1] r.observability.ObservabilityService     : LAB9 Observability window=1m category=web.RentController.getRents count=2636 sumNanos=407374896735 avgNanos=154542828
zil-app                 | 2026-05-05T00:29:21.401Z  INFO 1 --- [   scheduling-1] r.observability.ObservabilityService     : LAB9 Observability window=1m category=db.rent.findAll count=2636 sumNanos=407371054318 avgNanos=154541371
zil-app                 | 2026-05-05T00:29:21.401Z  INFO 1 --- [   scheduling-1] r.observability.ObservabilityService     : LAB9 Observability window=1m category=web.CarController.getCars count=2636 sumNanos=409277756836 avgNanos=155264702
zil-app                 | 2026-05-05T00:29:21.401Z  INFO 1 --- [   scheduling-1] r.observability.ObservabilityService     : LAB9 Observability window=1m category=db.car.findAll count=2636 sumNanos=409275126923 avgNanos=155263705
zil-app                 | 2026-05-05T00:29:26.401Z  INFO 1 --- [   scheduling-1] r.observability.ObservabilityService     : LAB9 Observability window=10s category=web.RentController.getRents count=397 sumNanos=61358005379 avgNanos=154554169
zil-app                 | 2026-05-05T00:29:26.402Z  INFO 1 --- [   scheduling-1] r.observability.ObservabilityService     : LAB9 Observability window=10s category=db.rent.findAll count=397 sumNanos=61357703680 avgNanos=154553409
zil-app                 | 2026-05-05T00:29:26.402Z  INFO 1 --- [   scheduling-1] r.observability.ObservabilityService     : LAB9 Observability window=10s category=web.CarController.getCars count=405 sumNanos=64485500156 avgNanos=159223457
zil-app                 | 2026-05-05T00:29:26.402Z  INFO 1 --- [   scheduling-1] r.observability.ObservabilityService     : LAB9 Observability window=10s category=db.car.findAll count=405 sumNanos=64485155332 avgNanos=159222605
zil-app                 | 2026-05-05T00:29:26.402Z  INFO 1 --- [   scheduling-1] r.observability.ObservabilityService     : LAB9 Observability window=30s category=web.RentController.getRents count=1194 sumNanos=183482112305 avgNanos=153670110
zil-app                 | 2026-05-05T00:29:26.403Z  INFO 1 --- [   scheduling-1] r.observability.ObservabilityService     : LAB9 Observability window=30s category=db.rent.findAll count=1194 sumNanos=183480133885 avgNanos=153668453
zil-app                 | 2026-05-05T00:29:26.403Z  INFO 1 --- [   scheduling-1] r.observability.ObservabilityService     : LAB9 Observability window=30s category=web.CarController.getCars count=1193 sumNanos=188578491361 avgNanos=158070822
zil-app                 | 2026-05-05T00:29:26.403Z  INFO 1 --- [   scheduling-1] r.observability.ObservabilityService     : LAB9 Observability window=30s category=db.car.findAll count=1193 sumNanos=188577530470 avgNanos=158070017
zil-app                 | 2026-05-05T00:29:26.404Z  INFO 1 --- [   scheduling-1] r.observability.ObservabilityService     : LAB9 Observability window=1m category=web.RentController.getRents count=2633 sumNanos=407594547934 avgNanos=154802334
zil-app                 | 2026-05-05T00:29:26.404Z  INFO 1 --- [   scheduling-1] r.observability.ObservabilityService     : LAB9 Observability window=1m category=db.rent.findAll count=2633 sumNanos=407591031321 avgNanos=154800999
zil-app                 | 2026-05-05T00:29:26.405Z  INFO 1 --- [   scheduling-1] r.observability.ObservabilityService     : LAB9 Observability window=1m category=web.CarController.getCars count=2635 sumNanos=410830645064 avgNanos=155912958
zil-app                 | 2026-05-05T00:29:26.405Z  INFO 1 --- [   scheduling-1] r.observability.ObservabilityService     : LAB9 Observability window=1m category=db.car.findAll count=2635 sumNanos=410827961485 avgNanos=155911939
zil-app                 | 2026-05-05T00:29:31.405Z  INFO 1 --- [   scheduling-1] r.observability.ObservabilityService     : LAB9 Observability window=10s category=web.RentController.getRents count=477 sumNanos=75198141723 avgNanos=157648095
zil-app                 | 2026-05-05T00:29:31.405Z  INFO 1 --- [   scheduling-1] r.observability.ObservabilityService     : LAB9 Observability window=10s category=db.rent.findAll count=477 sumNanos=75197760404 avgNanos=157647296
zil-app                 | 2026-05-05T00:29:31.405Z  INFO 1 --- [   scheduling-1] r.observability.ObservabilityService     : LAB9 Observability window=10s category=web.CarController.getCars count=475 sumNanos=76491952614 avgNanos=161035689
zil-app                 | 2026-05-05T00:29:31.405Z  INFO 1 --- [   scheduling-1] r.observability.ObservabilityService     : LAB9 Observability window=10s category=db.car.findAll count=475 sumNanos=76491165636 avgNanos=161034032
zil-app                 | 2026-05-05T00:29:31.405Z  INFO 1 --- [   scheduling-1] r.observability.ObservabilityService     : LAB9 Observability window=30s category=web.RentController.getRents count=1197 sumNanos=185226349191 avgNanos=154742146
zil-app                 | 2026-05-05T00:29:31.406Z  INFO 1 --- [   scheduling-1] r.observability.ObservabilityService     : LAB9 Observability window=30s category=db.rent.findAll count=1197 sumNanos=185224348801 avgNanos=154740475
zil-app                 | 2026-05-05T00:29:31.406Z  INFO 1 --- [   scheduling-1] r.observability.ObservabilityService     : LAB9 Observability window=30s category=web.CarController.getCars count=1197 sumNanos=188948042807 avgNanos=157851330
zil-app                 | 2026-05-05T00:29:31.407Z  INFO 1 --- [   scheduling-1] r.observability.ObservabilityService     : LAB9 Observability window=30s category=db.car.findAll count=1197 sumNanos=188946681100 avgNanos=157850193
zil-app                 | 2026-05-05T00:29:31.407Z  INFO 1 --- [   scheduling-1] r.observability.ObservabilityService     : LAB9 Observability window=1m category=web.RentController.getRents count=2633 sumNanos=409009428413 avgNanos=155339699
zil-app                 | 2026-05-05T00:29:31.407Z  INFO 1 --- [   scheduling-1] r.observability.ObservabilityService     : LAB9 Observability window=1m category=db.rent.findAll count=2633 sumNanos=409005914572 avgNanos=155338364
zil-app                 | 2026-05-05T00:29:31.407Z  INFO 1 --- [   scheduling-1] r.observability.ObservabilityService     : LAB9 Observability window=1m category=web.CarController.getCars count=2631 sumNanos=411115730311 avgNanos=156258354
zil-app                 | 2026-05-05T00:29:31.407Z  INFO 1 --- [   scheduling-1] r.observability.ObservabilityService     : LAB9 Observability window=1m category=db.car.findAll count=2631 sumNanos=411112831055 avgNanos=156257252
zil-app                 | 2026-05-05T00:29:36.408Z  INFO 1 --- [   scheduling-1] r.observability.ObservabilityService     : LAB9 Observability window=10s category=web.RentController.getRents count=473 sumNanos=75898722568 avgNanos=160462415
zil-app                 | 2026-05-05T00:29:36.408Z  INFO 1 --- [   scheduling-1] r.observability.ObservabilityService     : LAB9 Observability window=10s category=db.rent.findAll count=473 sumNanos=75898029665 avgNanos=160460950
zil-app                 | 2026-05-05T00:29:36.408Z  INFO 1 --- [   scheduling-1] r.observability.ObservabilityService     : LAB9 Observability window=10s category=web.CarController.getCars count=478 sumNanos=75191523266 avgNanos=157304441
zil-app                 | 2026-05-05T00:29:36.408Z  INFO 1 --- [   scheduling-1] r.observability.ObservabilityService     : LAB9 Observability window=10s category=db.car.findAll count=478 sumNanos=75190663204 avgNanos=157302642
zil-app                 | 2026-05-05T00:29:36.408Z  INFO 1 --- [   scheduling-1] r.observability.ObservabilityService     : LAB9 Observability window=30s category=web.RentController.getRents count=1192 sumNanos=186537925918 avgNanos=156491548
zil-app                 | 2026-05-05T00:29:36.408Z  INFO 1 --- [   scheduling-1] r.observability.ObservabilityService     : LAB9 Observability window=30s category=db.rent.findAll count=1192 sumNanos=186536659421 avgNanos=156490486
zil-app                 | 2026-05-05T00:29:36.408Z  INFO 1 --- [   scheduling-1] r.observability.ObservabilityService     : LAB9 Observability window=30s category=web.CarController.getCars count=1195 sumNanos=187267274527 avgNanos=156709016
zil-app                 | 2026-05-05T00:29:36.408Z  INFO 1 --- [   scheduling-1] r.observability.ObservabilityService     : LAB9 Observability window=30s category=db.car.findAll count=1195 sumNanos=187265796535 avgNanos=156707779
zil-app                 | 2026-05-05T00:29:36.408Z  INFO 1 --- [   scheduling-1] r.observability.ObservabilityService     : LAB9 Observability window=1m category=web.RentController.getRents count=2631 sumNanos=408916490310 avgNanos=155422459
zil-app                 | 2026-05-05T00:29:36.408Z  INFO 1 --- [   scheduling-1] r.observability.ObservabilityService     : LAB9 Observability window=1m category=db.rent.findAll count=2631 sumNanos=408912666747 avgNanos=155421005
zil-app                 | 2026-05-05T00:29:36.408Z  INFO 1 --- [   scheduling-1] r.observability.ObservabilityService     : LAB9 Observability window=1m category=web.CarController.getCars count=2636 sumNanos=412476250865 avgNanos=156478092
zil-app                 | 2026-05-05T00:29:36.408Z  INFO 1 --- [   scheduling-1] r.observability.ObservabilityService     : LAB9 Observability window=1m category=db.car.findAll count=2636 sumNanos=412473251552 avgNanos=156476954
zil-app                 | 2026-05-05T00:29:41.409Z  INFO 1 --- [   scheduling-1] r.observability.ObservabilityService     : LAB9 Observability window=10s category=web.RentController.getRents count=481 sumNanos=74777466360 avgNanos=155462508
zil-app                 | 2026-05-05T00:29:41.409Z  INFO 1 --- [   scheduling-1] r.observability.ObservabilityService     : LAB9 Observability window=10s category=db.rent.findAll count=481 sumNanos=74776766357 avgNanos=155461052
zil-app                 | 2026-05-05T00:29:41.411Z  INFO 1 --- [   scheduling-1] r.observability.ObservabilityService     : LAB9 Observability window=10s category=web.CarController.getCars count=482 sumNanos=73923816344 avgNanos=153368913
zil-app                 | 2026-05-05T00:29:41.412Z  INFO 1 --- [   scheduling-1] r.observability.ObservabilityService     : LAB9 Observability window=10s category=db.car.findAll count=482 sumNanos=73923315235 avgNanos=153367873
zil-app                 | 2026-05-05T00:29:41.412Z  INFO 1 --- [   scheduling-1] r.observability.ObservabilityService     : LAB9 Observability window=30s category=web.RentController.getRents count=1193 sumNanos=186026782316 avgNanos=155931921
zil-app                 | 2026-05-05T00:29:41.412Z  INFO 1 --- [   scheduling-1] r.observability.ObservabilityService     : LAB9 Observability window=30s category=db.rent.findAll count=1193 sumNanos=186025520855 avgNanos=155930864
zil-app                 | 2026-05-05T00:29:41.412Z  INFO 1 --- [   scheduling-1] r.observability.ObservabilityService     : LAB9 Observability window=30s category=web.CarController.getCars count=1191 sumNanos=187631198796 avgNanos=157540888
zil-app                 | 2026-05-05T00:29:41.412Z  INFO 1 --- [   scheduling-1] r.observability.ObservabilityService     : LAB9 Observability window=30s category=db.car.findAll count=1191 sumNanos=187629736093 avgNanos=157539660
zil-app                 | 2026-05-05T00:29:41.415Z  INFO 1 --- [   scheduling-1] r.observability.ObservabilityService     : LAB9 Observability window=1m category=web.RentController.getRents count=2633 sumNanos=409363129045 avgNanos=155474033
zil-app                 | 2026-05-05T00:29:41.415Z  INFO 1 --- [   scheduling-1] r.observability.ObservabilityService     : LAB9 Observability window=1m category=db.rent.findAll count=2633 sumNanos=409359597956 avgNanos=155472691
zil-app                 | 2026-05-05T00:29:41.415Z  INFO 1 --- [   scheduling-1] r.observability.ObservabilityService     : LAB9 Observability window=1m category=web.CarController.getCars count=2634 sumNanos=411653286159 avgNanos=156284467
zil-app                 | 2026-05-05T00:29:41.415Z  INFO 1 --- [   scheduling-1] r.observability.ObservabilityService     : LAB9 Observability window=1m category=db.car.findAll count=2634 sumNanos=411650259193 avgNanos=156283317
zil-app                 | 2026-05-05T00:29:46.419Z  INFO 1 --- [   scheduling-1] r.observability.ObservabilityService     : LAB9 Observability window=10s category=web.RentController.getRents count=481 sumNanos=76207090707 avgNanos=158434700
zil-app                 | 2026-05-05T00:29:46.419Z  INFO 1 --- [   scheduling-1] r.observability.ObservabilityService     : LAB9 Observability window=10s category=db.rent.findAll count=481 sumNanos=76206706365 avgNanos=158433900
zil-app                 | 2026-05-05T00:29:46.419Z  INFO 1 --- [   scheduling-1] r.observability.ObservabilityService     : LAB9 Observability window=10s category=web.CarController.getCars count=475 sumNanos=73512925164 avgNanos=154764052
zil-app                 | 2026-05-05T00:29:46.419Z  INFO 1 --- [   scheduling-1] r.observability.ObservabilityService     : LAB9 Observability window=10s category=db.car.findAll count=475 sumNanos=73512552449 avgNanos=154763268
zil-app                 | 2026-05-05T00:29:46.419Z  INFO 1 --- [   scheduling-1] r.observability.ObservabilityService     : LAB9 Observability window=30s category=web.RentController.getRents count=1351 sumNanos=213463818654 avgNanos=158004306
zil-app                 | 2026-05-05T00:29:46.419Z  INFO 1 --- [   scheduling-1] r.observability.ObservabilityService     : LAB9 Observability window=30s category=db.rent.findAll count=1351 sumNanos=213462439710 avgNanos=158003286
zil-app                 | 2026-05-05T00:29:46.419Z  INFO 1 --- [   scheduling-1] r.observability.ObservabilityService     : LAB9 Observability window=30s category=web.CarController.getCars count=1358 sumNanos=213189948586 avgNanos=156988180
zil-app                 | 2026-05-05T00:29:46.419Z  INFO 1 --- [   scheduling-1] r.observability.ObservabilityService     : LAB9 Observability window=30s category=db.car.findAll count=1358 sumNanos=213188370985 avgNanos=156987018
zil-app                 | 2026-05-05T00:29:46.419Z  INFO 1 --- [   scheduling-1] r.observability.ObservabilityService     : LAB9 Observability window=1m category=web.RentController.getRents count=2633 sumNanos=409412033541 avgNanos=155492606
zil-app                 | 2026-05-05T00:29:46.419Z  INFO 1 --- [   scheduling-1] r.observability.ObservabilityService     : LAB9 Observability window=1m category=db.rent.findAll count=2633 sumNanos=409408530417 avgNanos=155491276
zil-app                 | 2026-05-05T00:29:46.420Z  INFO 1 --- [   scheduling-1] r.observability.ObservabilityService     : LAB9 Observability window=1m category=web.CarController.getCars count=2635 sumNanos=411477781595 avgNanos=156158550
zil-app                 | 2026-05-05T00:29:46.420Z  INFO 1 --- [   scheduling-1] r.observability.ObservabilityService     : LAB9 Observability window=1m category=db.car.findAll count=2635 sumNanos=411474977558 avgNanos=156157486
zil-app                 | 2026-05-05T00:29:51.421Z  INFO 1 --- [   scheduling-1] r.observability.ObservabilityService     : LAB9 Observability window=10s category=web.RentController.getRents count=478 sumNanos=75554948522 avgNanos=158064745
zil-app                 | 2026-05-05T00:29:51.421Z  INFO 1 --- [   scheduling-1] r.observability.ObservabilityService     : LAB9 Observability window=10s category=db.rent.findAll count=478 sumNanos=75554347929 avgNanos=158063489
zil-app                 | 2026-05-05T00:29:51.421Z  INFO 1 --- [   scheduling-1] r.observability.ObservabilityService     : LAB9 Observability window=10s category=web.CarController.getCars count=479 sumNanos=74170640510 avgNanos=154844760
zil-app                 | 2026-05-05T00:29:51.421Z  INFO 1 --- [   scheduling-1] r.observability.ObservabilityService     : LAB9 Observability window=10s category=db.car.findAll count=479 sumNanos=74170234787 avgNanos=154843913
zil-app                 | 2026-05-05T00:29:51.421Z  INFO 1 --- [   scheduling-1] r.observability.ObservabilityService     : LAB9 Observability window=30s category=web.RentController.getRents count=1436 sumNanos=225530556605 avgNanos=157054705
zil-app                 | 2026-05-05T00:29:51.421Z  INFO 1 --- [   scheduling-1] r.observability.ObservabilityService     : LAB9 Observability window=30s category=db.rent.findAll count=1436 sumNanos=225528874690 avgNanos=157053533
zil-app                 | 2026-05-05T00:29:51.421Z  INFO 1 --- [   scheduling-1] r.observability.ObservabilityService     : LAB9 Observability window=30s category=web.CarController.getCars count=1436 sumNanos=224586409468 avgNanos=156397221
zil-app                 | 2026-05-05T00:29:51.421Z  INFO 1 --- [   scheduling-1] r.observability.ObservabilityService     : LAB9 Observability window=30s category=db.car.findAll count=1436 sumNanos=224584715658 avgNanos=156396041
zil-app                 | 2026-05-05T00:29:51.421Z  INFO 1 --- [   scheduling-1] r.observability.ObservabilityService     : LAB9 Observability window=1m category=web.RentController.getRents count=2630 sumNanos=408380747527 avgNanos=155277850
zil-app                 | 2026-05-05T00:29:51.421Z  INFO 1 --- [   scheduling-1] r.observability.ObservabilityService     : LAB9 Observability window=1m category=db.rent.findAll count=2630 sumNanos=408377068430 avgNanos=155276451
zil-app                 | 2026-05-05T00:29:51.421Z  INFO 1 --- [   scheduling-1] r.observability.ObservabilityService     : LAB9 Observability window=1m category=web.CarController.getCars count=2632 sumNanos=411430700409 avgNanos=156318655
zil-app                 | 2026-05-05T00:29:51.421Z  INFO 1 --- [   scheduling-1] r.observability.ObservabilityService     : LAB9 Observability window=1m category=db.car.findAll count=2632 sumNanos=411427902885 avgNanos=156317592
zil-app                 | 2026-05-05T00:29:56.422Z  INFO 1 --- [   scheduling-1] r.observability.ObservabilityService     : LAB9 Observability window=10s category=web.RentController.getRents count=484 sumNanos=75331213359 avgNanos=155643002
zil-app                 | 2026-05-05T00:29:56.422Z  INFO 1 --- [   scheduling-1] r.observability.ObservabilityService     : LAB9 Observability window=10s category=db.rent.findAll count=484 sumNanos=75330595092 avgNanos=155641725
zil-app                 | 2026-05-05T00:29:56.422Z  INFO 1 --- [   scheduling-1] r.observability.ObservabilityService     : LAB9 Observability window=10s category=web.CarController.getCars count=484 sumNanos=73088702653 avgNanos=151009716
zil-app                 | 2026-05-05T00:29:56.422Z  INFO 1 --- [   scheduling-1] r.observability.ObservabilityService     : LAB9 Observability window=10s category=db.car.findAll count=484 sumNanos=73088269263 avgNanos=151008820
zil-app                 | 2026-05-05T00:29:56.422Z  INFO 1 --- [   scheduling-1] r.observability.ObservabilityService     : LAB9 Observability window=30s category=web.RentController.getRents count=1438 sumNanos=227437026634 avgNanos=158162049
zil-app                 | 2026-05-05T00:29:56.423Z  INFO 1 --- [   scheduling-1] r.observability.ObservabilityService     : LAB9 Observability window=30s category=db.rent.findAll count=1438 sumNanos=227435331122 avgNanos=158160870
zil-app                 | 2026-05-05T00:29:56.423Z  INFO 1 --- [   scheduling-1] r.observability.ObservabilityService     : LAB9 Observability window=30s category=web.CarController.getCars count=1437 sumNanos=221793151083 avgNanos=154344572
zil-app                 | 2026-05-05T00:29:56.423Z  INFO 1 --- [   scheduling-1] r.observability.ObservabilityService     : LAB9 Observability window=30s category=db.car.findAll count=1437 sumNanos=221791484916 avgNanos=154343413
zil-app                 | 2026-05-05T00:29:56.423Z  INFO 1 --- [   scheduling-1] r.observability.ObservabilityService     : LAB9 Observability window=1m category=web.RentController.getRents count=2631 sumNanos=410749742642 avgNanos=156119248
zil-app                 | 2026-05-05T00:29:56.424Z  INFO 1 --- [   scheduling-1] r.observability.ObservabilityService     : LAB9 Observability window=1m category=db.rent.findAll count=2631 sumNanos=410746069709 avgNanos=156117852
zil-app                 | 2026-05-05T00:29:56.424Z  INFO 1 --- [   scheduling-1] r.observability.ObservabilityService     : LAB9 Observability window=1m category=web.CarController.getCars count=2629 sumNanos=410200164854 avgNanos=156028971
zil-app                 | 2026-05-05T00:29:56.424Z  INFO 1 --- [   scheduling-1] r.observability.ObservabilityService     : LAB9 Observability window=1m category=db.car.findAll count=2629 sumNanos=410197538465 avgNanos=156027972
zil-app                 | 2026-05-05T00:30:01.425Z  INFO 1 --- [   scheduling-1] r.observability.ObservabilityService     : LAB9 Observability window=10s category=web.RentController.getRents count=476 sumNanos=75527224696 avgNanos=158670640
zil-app                 | 2026-05-05T00:30:01.425Z  INFO 1 --- [   scheduling-1] r.observability.ObservabilityService     : LAB9 Observability window=10s category=db.rent.findAll count=476 sumNanos=75526495443 avgNanos=158669108
zil-app                 | 2026-05-05T00:30:01.425Z  INFO 1 --- [   scheduling-1] r.observability.ObservabilityService     : LAB9 Observability window=10s category=web.CarController.getCars count=474 sumNanos=72421484305 avgNanos=152787941
zil-app                 | 2026-05-05T00:30:01.425Z  INFO 1 --- [   scheduling-1] r.observability.ObservabilityService     : LAB9 Observability window=10s category=db.car.findAll count=474 sumNanos=72421067044 avgNanos=152787061
zil-app                 | 2026-05-05T00:30:01.425Z  INFO 1 --- [   scheduling-1] r.observability.ObservabilityService     : LAB9 Observability window=30s category=web.RentController.getRents count=1434 sumNanos=225700672563 avgNanos=157392379
zil-app                 | 2026-05-05T00:30:01.425Z  INFO 1 --- [   scheduling-1] r.observability.ObservabilityService     : LAB9 Observability window=30s category=db.rent.findAll count=1434 sumNanos=225698643280 avgNanos=157390964
zil-app                 | 2026-05-05T00:30:01.425Z  INFO 1 --- [   scheduling-1] r.observability.ObservabilityService     : LAB9 Observability window=30s category=web.CarController.getCars count=1434 sumNanos=220400544486 avgNanos=153696335
zil-app                 | 2026-05-05T00:30:01.425Z  INFO 1 --- [   scheduling-1] r.observability.ObservabilityService     : LAB9 Observability window=30s category=db.car.findAll count=1434 sumNanos=220399220695 avgNanos=153695411
zil-app                 | 2026-05-05T00:30:01.425Z  INFO 1 --- [   scheduling-1] r.observability.ObservabilityService     : LAB9 Observability window=1m category=web.RentController.getRents count=2632 sumNanos=411085988769 avgNanos=156187685
zil-app                 | 2026-05-05T00:30:01.425Z  INFO 1 --- [   scheduling-1] r.observability.ObservabilityService     : LAB9 Observability window=1m category=db.rent.findAll count=2632 sumNanos=411081958530 avgNanos=156186154
zil-app                 | 2026-05-05T00:30:01.425Z  INFO 1 --- [   scheduling-1] r.observability.ObservabilityService     : LAB9 Observability window=1m category=web.CarController.getCars count=2633 sumNanos=409630061460 avgNanos=155575412
zil-app                 | 2026-05-05T00:30:01.425Z  INFO 1 --- [   scheduling-1] r.observability.ObservabilityService     : LAB9 Observability window=1m category=db.car.findAll count=2633 sumNanos=409627374758 avgNanos=155574392
zil-app                 | 2026-05-05T00:30:06.426Z  INFO 1 --- [   scheduling-1] r.observability.ObservabilityService     : LAB9 Observability window=10s category=web.RentController.getRents count=472 sumNanos=73884787066 avgNanos=156535565
zil-app                 | 2026-05-05T00:30:06.427Z  INFO 1 --- [   scheduling-1] r.observability.ObservabilityService     : LAB9 Observability window=10s category=db.rent.findAll count=472 sumNanos=73881917534 avgNanos=156529486
zil-app                 | 2026-05-05T00:30:06.427Z  INFO 1 --- [   scheduling-1] r.observability.ObservabilityService     : LAB9 Observability window=10s category=web.CarController.getCars count=477 sumNanos=75460054555 avgNanos=158197179
zil-app                 | 2026-05-05T00:30:06.427Z  INFO 1 --- [   scheduling-1] r.observability.ObservabilityService     : LAB9 Observability window=10s category=db.car.findAll count=477 sumNanos=75459561216 avgNanos=158196145
zil-app                 | 2026-05-05T00:30:06.427Z  INFO 1 --- [   scheduling-1] r.observability.ObservabilityService     : LAB9 Observability window=30s category=web.RentController.getRents count=1439 sumNanos=225685246904 avgNanos=156834778
zil-app                 | 2026-05-05T00:30:06.427Z  INFO 1 --- [   scheduling-1] r.observability.ObservabilityService     : LAB9 Observability window=30s category=db.rent.findAll count=1439 sumNanos=225681373421 avgNanos=156832087
zil-app                 | 2026-05-05T00:30:06.427Z  INFO 1 --- [   scheduling-1] r.observability.ObservabilityService     : LAB9 Observability window=30s category=web.CarController.getCars count=1436 sumNanos=222061682372 avgNanos=154639054
zil-app                 | 2026-05-05T00:30:06.427Z  INFO 1 --- [   scheduling-1] r.observability.ObservabilityService     : LAB9 Observability window=30s category=db.car.findAll count=1436 sumNanos=222060382928 avgNanos=154638149
zil-app                 | 2026-05-05T00:30:06.427Z  INFO 1 --- [   scheduling-1] r.observability.ObservabilityService     : LAB9 Observability window=1m category=web.RentController.getRents count=2631 sumNanos=412223172822 avgNanos=156679275
zil-app                 | 2026-05-05T00:30:06.427Z  INFO 1 --- [   scheduling-1] r.observability.ObservabilityService     : LAB9 Observability window=1m category=db.rent.findAll count=2631 sumNanos=412218032842 avgNanos=156677321
zil-app                 | 2026-05-05T00:30:06.427Z  INFO 1 --- [   scheduling-1] r.observability.ObservabilityService     : LAB9 Observability window=1m category=web.CarController.getCars count=2631 sumNanos=409328956899 avgNanos=155579231
zil-app                 | 2026-05-05T00:30:06.428Z  INFO 1 --- [   scheduling-1] r.observability.ObservabilityService     : LAB9 Observability window=1m category=db.car.findAll count=2631 sumNanos=409326179463 avgNanos=155578175
zil-app                 | 2026-05-05T00:30:11.429Z  INFO 1 --- [   scheduling-1] r.observability.ObservabilityService     : LAB9 Observability window=10s category=web.RentController.getRents count=484 sumNanos=74579212889 avgNanos=154089282
zil-app                 | 2026-05-05T00:30:11.430Z  INFO 1 --- [   scheduling-1] r.observability.ObservabilityService     : LAB9 Observability window=10s category=db.rent.findAll count=484 sumNanos=74576393928 avgNanos=154083458
zil-app                 | 2026-05-05T00:30:11.430Z  INFO 1 --- [   scheduling-1] r.observability.ObservabilityService     : LAB9 Observability window=10s category=web.CarController.getCars count=483 sumNanos=76244983378 avgNanos=157857108
zil-app                 | 2026-05-05T00:30:11.430Z  INFO 1 --- [   scheduling-1] r.observability.ObservabilityService     : LAB9 Observability window=10s category=db.car.findAll count=483 sumNanos=76244519560 avgNanos=157856148
zil-app                 | 2026-05-05T00:30:11.430Z  INFO 1 --- [   scheduling-1] r.observability.ObservabilityService     : LAB9 Observability window=30s category=web.RentController.getRents count=1437 sumNanos=225477213310 avgNanos=156908290
zil-app                 | 2026-05-05T00:30:11.430Z  INFO 1 --- [   scheduling-1] r.observability.ObservabilityService     : LAB9 Observability window=30s category=db.rent.findAll count=1437 sumNanos=225473065275 avgNanos=156905403
zil-app                 | 2026-05-05T00:30:11.430Z  INFO 1 --- [   scheduling-1] r.observability.ObservabilityService     : LAB9 Observability window=30s category=web.CarController.getCars count=1437 sumNanos=223003185687 avgNanos=155186628
zil-app                 | 2026-05-05T00:30:11.430Z  INFO 1 --- [   scheduling-1] r.observability.ObservabilityService     : LAB9 Observability window=30s category=db.car.findAll count=1437 sumNanos=223001897983 avgNanos=155185732
zil-app                 | 2026-05-05T00:30:11.431Z  INFO 1 --- [   scheduling-1] r.observability.ObservabilityService     : LAB9 Observability window=1m category=web.RentController.getRents count=2628 sumNanos=411113764997 avgNanos=156435983
zil-app                 | 2026-05-05T00:30:11.431Z  INFO 1 --- [   scheduling-1] r.observability.ObservabilityService     : LAB9 Observability window=1m category=db.rent.findAll count=2628 sumNanos=411108356827 avgNanos=156433925
zil-app                 | 2026-05-05T00:30:11.431Z  INFO 1 --- [   scheduling-1] r.observability.ObservabilityService     : LAB9 Observability window=1m category=web.CarController.getCars count=2628 sumNanos=410634384483 avgNanos=156253570
zil-app                 | 2026-05-05T00:30:11.431Z  INFO 1 --- [   scheduling-1] r.observability.ObservabilityService     : LAB9 Observability window=1m category=db.car.findAll count=2628 sumNanos=410631634076 avgNanos=156252524
zil-app                 | 2026-05-05T00:30:16.438Z  INFO 1 --- [   scheduling-1] r.observability.ObservabilityService     : LAB9 Observability window=10s category=web.RentController.getRents count=477 sumNanos=75945549630 avgNanos=159214988
zil-app                 | 2026-05-05T00:30:16.442Z  INFO 1 --- [   scheduling-1] r.observability.ObservabilityService     : LAB9 Observability window=10s category=db.rent.findAll count=477 sumNanos=75944863625 avgNanos=159213550
zil-app                 | 2026-05-05T00:30:16.442Z  INFO 1 --- [   scheduling-1] r.observability.ObservabilityService     : LAB9 Observability window=10s category=web.CarController.getCars count=477 sumNanos=75011698262 avgNanos=157257229
zil-app                 | 2026-05-05T00:30:16.444Z  INFO 1 --- [   scheduling-1] r.observability.ObservabilityService     : LAB9 Observability window=10s category=db.car.findAll count=477 sumNanos=75010996994 avgNanos=157255758
zil-app                 | 2026-05-05T00:30:16.444Z  INFO 1 --- [   scheduling-1] r.observability.ObservabilityService     : LAB9 Observability window=30s category=web.RentController.getRents count=1436 sumNanos=225616308233 avgNanos=157114420
zil-app                 | 2026-05-05T00:30:16.444Z  INFO 1 --- [   scheduling-1] r.observability.ObservabilityService     : LAB9 Observability window=30s category=db.rent.findAll count=1436 sumNanos=225612132465 avgNanos=157111512
zil-app                 | 2026-05-05T00:30:16.445Z  INFO 1 --- [   scheduling-1] r.observability.ObservabilityService     : LAB9 Observability window=30s category=web.CarController.getCars count=1436 sumNanos=223259066805 avgNanos=155472887
zil-app                 | 2026-05-05T00:30:16.445Z  INFO 1 --- [   scheduling-1] r.observability.ObservabilityService     : LAB9 Observability window=30s category=db.car.findAll count=1436 sumNanos=223257440023 avgNanos=155471754
zil-app                 | 2026-05-05T00:30:16.445Z  INFO 1 --- [   scheduling-1] r.observability.ObservabilityService     : LAB9 Observability window=1m category=web.RentController.getRents count=2787 sumNanos=439080126887 avgNanos=157545793
zil-app                 | 2026-05-05T00:30:16.445Z  INFO 1 --- [   scheduling-1] r.observability.ObservabilityService     : LAB9 Observability window=1m category=db.rent.findAll count=2787 sumNanos=439074572175 avgNanos=157543800
zil-app                 | 2026-05-05T00:30:16.445Z  INFO 1 --- [   scheduling-1] r.observability.ObservabilityService     : LAB9 Observability window=1m category=web.CarController.getCars count=2796 sumNanos=436750404056 avgNanos=156205437
zil-app                 | 2026-05-05T00:30:16.445Z  INFO 1 --- [   scheduling-1] r.observability.ObservabilityService     : LAB9 Observability window=1m category=db.car.findAll count=2796 sumNanos=436747198458 avgNanos=156204291
zil-app                 | 2026-05-05T00:30:21.446Z  INFO 1 --- [   scheduling-1] r.observability.ObservabilityService     : LAB9 Observability window=10s category=web.RentController.getRents count=478 sumNanos=76043910738 avgNanos=159087679
zil-app                 | 2026-05-05T00:30:21.447Z  INFO 1 --- [   scheduling-1] r.observability.ObservabilityService     : LAB9 Observability window=10s category=db.rent.findAll count=478 sumNanos=76043517765 avgNanos=159086857
zil-app                 | 2026-05-05T00:30:21.447Z  INFO 1 --- [   scheduling-1] r.observability.ObservabilityService     : LAB9 Observability window=10s category=web.CarController.getCars count=476 sumNanos=74489918212 avgNanos=156491424
zil-app                 | 2026-05-05T00:30:21.447Z  INFO 1 --- [   scheduling-1] r.observability.ObservabilityService     : LAB9 Observability window=10s category=db.car.findAll count=476 sumNanos=74489223439 avgNanos=156489965
zil-app                 | 2026-05-05T00:30:21.448Z  INFO 1 --- [   scheduling-1] r.observability.ObservabilityService     : LAB9 Observability window=30s category=web.RentController.getRents count=1434 sumNanos=225343457388 avgNanos=157143275
zil-app                 | 2026-05-05T00:30:21.448Z  INFO 1 --- [   scheduling-1] r.observability.ObservabilityService     : LAB9 Observability window=30s category=db.rent.findAll count=1434 sumNanos=225339519526 avgNanos=157140529
zil-app                 | 2026-05-05T00:30:21.448Z  INFO 1 --- [   scheduling-1] r.observability.ObservabilityService     : LAB9 Observability window=30s category=web.CarController.getCars count=1432 sumNanos=222979386795 avgNanos=155711862
zil-app                 | 2026-05-05T00:30:21.448Z  INFO 1 --- [   scheduling-1] r.observability.ObservabilityService     : LAB9 Observability window=30s category=db.car.findAll count=1432 sumNanos=222977811586 avgNanos=155710762
zil-app                 | 2026-05-05T00:30:21.449Z  INFO 1 --- [   scheduling-1] r.observability.ObservabilityService     : LAB9 Observability window=1m category=web.RentController.getRents count=2874 sumNanos=451667791592 avgNanos=157156503
zil-app                 | 2026-05-05T00:30:21.449Z  INFO 1 --- [   scheduling-1] r.observability.ObservabilityService     : LAB9 Observability window=1m category=db.rent.findAll count=2874 sumNanos=451662168775 avgNanos=157154547
zil-app                 | 2026-05-05T00:30:21.449Z  INFO 1 --- [   scheduling-1] r.observability.ObservabilityService     : LAB9 Observability window=1m category=web.CarController.getCars count=2870 sumNanos=447908872857 avgNanos=156065809
zil-app                 | 2026-05-05T00:30:21.449Z  INFO 1 --- [   scheduling-1] r.observability.ObservabilityService     : LAB9 Observability window=1m category=db.car.findAll count=2870 sumNanos=447905602293 avgNanos=156064669
zil-app                 | 2026-05-05T00:30:26.450Z  INFO 1 --- [   scheduling-1] r.observability.ObservabilityService     : LAB9 Observability window=10s category=web.RentController.getRents count=485 sumNanos=74747638164 avgNanos=154118841
zil-app                 | 2026-05-05T00:30:26.450Z  INFO 1 --- [   scheduling-1] r.observability.ObservabilityService     : LAB9 Observability window=10s category=db.rent.findAll count=485 sumNanos=74747259619 avgNanos=154118061
zil-app                 | 2026-05-05T00:30:26.450Z  INFO 1 --- [   scheduling-1] r.observability.ObservabilityService     : LAB9 Observability window=10s category=web.CarController.getCars count=484 sumNanos=75235086878 avgNanos=155444394
zil-app                 | 2026-05-05T00:30:26.450Z  INFO 1 --- [   scheduling-1] r.observability.ObservabilityService     : LAB9 Observability window=10s category=db.car.findAll count=484 sumNanos=75234343416 avgNanos=155442858
zil-app                 | 2026-05-05T00:30:26.450Z  INFO 1 --- [   scheduling-1] r.observability.ObservabilityService     : LAB9 Observability window=30s category=web.RentController.getRents count=1435 sumNanos=224770577266 avgNanos=156634548
zil-app                 | 2026-05-05T00:30:26.450Z  INFO 1 --- [   scheduling-1] r.observability.ObservabilityService     : LAB9 Observability window=30s category=db.rent.findAll count=1435 sumNanos=224766642562 avgNanos=156631806
zil-app                 | 2026-05-05T00:30:26.450Z  INFO 1 --- [   scheduling-1] r.observability.ObservabilityService     : LAB9 Observability window=30s category=web.CarController.getCars count=1437 sumNanos=225519384896 avgNanos=156937637
zil-app                 | 2026-05-05T00:30:26.450Z  INFO 1 --- [   scheduling-1] r.observability.ObservabilityService     : LAB9 Observability window=30s category=db.car.findAll count=1437 sumNanos=225517447468 avgNanos=156936289
zil-app                 | 2026-05-05T00:30:26.452Z  INFO 1 --- [   scheduling-1] r.observability.ObservabilityService     : LAB9 Observability window=1m category=web.RentController.getRents count=2871 sumNanos=451876391660 avgNanos=157393379
zil-app                 | 2026-05-05T00:30:26.453Z  INFO 1 --- [   scheduling-1] r.observability.ObservabilityService     : LAB9 Observability window=1m category=db.rent.findAll count=2871 sumNanos=451870763056 avgNanos=157391418
zil-app                 | 2026-05-05T00:30:26.453Z  INFO 1 --- [   scheduling-1] r.observability.ObservabilityService     : LAB9 Observability window=1m category=web.CarController.getCars count=2872 sumNanos=447022639211 avgNanos=155648551
zil-app                 | 2026-05-05T00:30:26.453Z  INFO 1 --- [   scheduling-1] r.observability.ObservabilityService     : LAB9 Observability window=1m category=db.car.findAll count=2872 sumNanos=447019036975 avgNanos=155647296
zil-app                 | 2026-05-05T00:30:31.454Z  INFO 1 --- [   scheduling-1] r.observability.ObservabilityService     : LAB9 Observability window=10s category=web.RentController.getRents count=475 sumNanos=73890862070 avgNanos=155559709
zil-app                 | 2026-05-05T00:30:31.454Z  INFO 1 --- [   scheduling-1] r.observability.ObservabilityService     : LAB9 Observability window=10s category=db.rent.findAll count=475 sumNanos=73889846839 avgNanos=155557572
zil-app                 | 2026-05-05T00:30:31.454Z  INFO 1 --- [   scheduling-1] r.observability.ObservabilityService     : LAB9 Observability window=10s category=web.CarController.getCars count=478 sumNanos=76232257145 avgNanos=159481709
zil-app                 | 2026-05-05T00:30:31.454Z  INFO 1 --- [   scheduling-1] r.observability.ObservabilityService     : LAB9 Observability window=10s category=db.car.findAll count=478 sumNanos=76231535655 avgNanos=159480200
zil-app                 | 2026-05-05T00:30:31.454Z  INFO 1 --- [   scheduling-1] r.observability.ObservabilityService     : LAB9 Observability window=30s category=web.RentController.getRents count=1435 sumNanos=224144544759 avgNanos=156198289
zil-app                 | 2026-05-05T00:30:31.454Z  INFO 1 --- [   scheduling-1] r.observability.ObservabilityService     : LAB9 Observability window=30s category=db.rent.findAll count=1435 sumNanos=224140319106 avgNanos=156195344
zil-app                 | 2026-05-05T00:30:31.454Z  INFO 1 --- [   scheduling-1] r.observability.ObservabilityService     : LAB9 Observability window=30s category=web.CarController.getCars count=1435 sumNanos=226634734170 avgNanos=157933612
zil-app                 | 2026-05-05T00:30:31.454Z  INFO 1 --- [   scheduling-1] r.observability.ObservabilityService     : LAB9 Observability window=30s category=db.car.findAll count=1435 sumNanos=226632855386 avgNanos=157932303
zil-app                 | 2026-05-05T00:30:31.455Z  INFO 1 --- [   scheduling-1] r.observability.ObservabilityService     : LAB9 Observability window=1m category=web.RentController.getRents count=2873 sumNanos=450487044934 avgNanos=156800224
zil-app                 | 2026-05-05T00:30:31.455Z  INFO 1 --- [   scheduling-1] r.observability.ObservabilityService     : LAB9 Observability window=1m category=db.rent.findAll count=2873 sumNanos=450480787051 avgNanos=156798046
zil-app                 | 2026-05-05T00:30:31.455Z  INFO 1 --- [   scheduling-1] r.observability.ObservabilityService     : LAB9 Observability window=1m category=web.CarController.getCars count=2869 sumNanos=447175855748 avgNanos=155864710
zil-app                 | 2026-05-05T00:30:31.455Z  INFO 1 --- [   scheduling-1] r.observability.ObservabilityService     : LAB9 Observability window=1m category=db.car.findAll count=2869 sumNanos=447172653186 avgNanos=155863594
zil-app                 | 2026-05-05T00:30:36.455Z  INFO 1 --- [   scheduling-1] r.observability.ObservabilityService     : LAB9 Observability window=10s category=web.RentController.getRents count=477 sumNanos=73164294216 avgNanos=153384264
zil-app                 | 2026-05-05T00:30:36.456Z  INFO 1 --- [   scheduling-1] r.observability.ObservabilityService     : LAB9 Observability window=10s category=db.rent.findAll count=477 sumNanos=73163255711 avgNanos=153382087
zil-app                 | 2026-05-05T00:30:36.456Z  INFO 1 --- [   scheduling-1] r.observability.ObservabilityService     : LAB9 Observability window=10s category=web.CarController.getCars count=478 sumNanos=76808662903 avgNanos=160687579
zil-app                 | 2026-05-05T00:30:36.456Z  INFO 1 --- [   scheduling-1] r.observability.ObservabilityService     : LAB9 Observability window=10s category=db.car.findAll count=478 sumNanos=76808322118 avgNanos=160686866
zil-app                 | 2026-05-05T00:30:36.456Z  INFO 1 --- [   scheduling-1] r.observability.ObservabilityService     : LAB9 Observability window=30s category=web.RentController.getRents count=1439 sumNanos=223844038969 avgNanos=155555273
zil-app                 | 2026-05-05T00:30:36.456Z  INFO 1 --- [   scheduling-1] r.observability.ObservabilityService     : LAB9 Observability window=30s category=db.rent.findAll count=1439 sumNanos=223841935884 avgNanos=155553812
zil-app                 | 2026-05-05T00:30:36.457Z  INFO 1 --- [   scheduling-1] r.observability.ObservabilityService     : LAB9 Observability window=30s category=web.CarController.getCars count=1439 sumNanos=227055448043 avgNanos=157786968
zil-app                 | 2026-05-05T00:30:36.457Z  INFO 1 --- [   scheduling-1] r.observability.ObservabilityService     : LAB9 Observability window=30s category=db.car.findAll count=1439 sumNanos=227053662528 avgNanos=157785727
zil-app                 | 2026-05-05T00:30:36.458Z  INFO 1 --- [   scheduling-1] r.observability.ObservabilityService     : LAB9 Observability window=1m category=web.RentController.getRents count=2877 sumNanos=449413214104 avgNanos=156208972
zil-app                 | 2026-05-05T00:30:36.458Z  INFO 1 --- [   scheduling-1] r.observability.ObservabilityService     : LAB9 Observability window=1m category=db.rent.findAll count=2877 sumNanos=449407238463 avgNanos=156206895
zil-app                 | 2026-05-05T00:30:36.458Z  INFO 1 --- [   scheduling-1] r.observability.ObservabilityService     : LAB9 Observability window=1m category=web.CarController.getCars count=2875 sumNanos=449084717625 avgNanos=156203380
zil-app                 | 2026-05-05T00:30:36.458Z  INFO 1 --- [   scheduling-1] r.observability.ObservabilityService     : LAB9 Observability window=1m category=db.car.findAll count=2875 sumNanos=449081632543 avgNanos=156202306
zil-app                 | 2026-05-05T00:30:41.462Z  INFO 1 --- [   scheduling-1] r.observability.ObservabilityService     : LAB9 Observability window=10s category=web.RentController.getRents count=486 sumNanos=73746788787 avgNanos=151742363
zil-app                 | 2026-05-05T00:30:41.464Z  INFO 1 --- [   scheduling-1] r.observability.ObservabilityService     : LAB9 Observability window=10s category=db.rent.findAll count=486 sumNanos=73746358639 avgNanos=151741478
zil-app                 | 2026-05-05T00:30:41.464Z  INFO 1 --- [   scheduling-1] r.observability.ObservabilityService     : LAB9 Observability window=10s category=web.CarController.getCars count=488 sumNanos=76380169443 avgNanos=156516740
zil-app                 | 2026-05-05T00:30:41.464Z  INFO 1 --- [   scheduling-1] r.observability.ObservabilityService     : LAB9 Observability window=10s category=db.car.findAll count=488 sumNanos=76379765284 avgNanos=156515912
zil-app                 | 2026-05-05T00:30:41.464Z  INFO 1 --- [   scheduling-1] r.observability.ObservabilityService     : LAB9 Observability window=30s category=web.RentController.getRents count=1439 sumNanos=223538697548 avgNanos=155343083
zil-app                 | 2026-05-05T00:30:41.464Z  INFO 1 --- [   scheduling-1] r.observability.ObservabilityService     : LAB9 Observability window=30s category=db.rent.findAll count=1439 sumNanos=223536859504 avgNanos=155341806
zil-app                 | 2026-05-05T00:30:41.464Z  INFO 1 --- [   scheduling-1] r.observability.ObservabilityService     : LAB9 Observability window=30s category=web.CarController.getCars count=1442 sumNanos=227065231114 avgNanos=157465486
zil-app                 | 2026-05-05T00:30:41.464Z  INFO 1 --- [   scheduling-1] r.observability.ObservabilityService     : LAB9 Observability window=30s category=db.car.findAll count=1442 sumNanos=227063410842 avgNanos=157464223
zil-app                 | 2026-05-05T00:30:41.470Z  INFO 1 --- [   scheduling-1] r.observability.ObservabilityService     : LAB9 Observability window=1m category=web.RentController.getRents count=2878 sumNanos=449375176972 avgNanos=156141479
zil-app                 | 2026-05-05T00:30:41.470Z  INFO 1 --- [   scheduling-1] r.observability.ObservabilityService     : LAB9 Observability window=1m category=db.rent.findAll count=2878 sumNanos=449369189095 avgNanos=156139398
zil-app                 | 2026-05-05T00:30:41.470Z  INFO 1 --- [   scheduling-1] r.observability.ObservabilityService     : LAB9 Observability window=1m category=web.CarController.getCars count=2877 sumNanos=449802711619 avgNanos=156344355
zil-app                 | 2026-05-05T00:30:41.470Z  INFO 1 --- [   scheduling-1] r.observability.ObservabilityService     : LAB9 Observability window=1m category=db.car.findAll count=2877 sumNanos=449799604709 avgNanos=156343275
zil-app                 | 2026-05-05T00:30:46.471Z  INFO 1 --- [   scheduling-1] r.observability.ObservabilityService     : LAB9 Observability window=10s category=web.RentController.getRents count=479 sumNanos=74745755517 avgNanos=156045418
zil-app                 | 2026-05-05T00:30:46.471Z  INFO 1 --- [   scheduling-1] r.observability.ObservabilityService     : LAB9 Observability window=10s category=db.rent.findAll count=479 sumNanos=74745324572 avgNanos=156044518
zil-app                 | 2026-05-05T00:30:46.471Z  INFO 1 --- [   scheduling-1] r.observability.ObservabilityService     : LAB9 Observability window=10s category=web.CarController.getCars count=476 sumNanos=75338544362 avgNanos=158274252
zil-app                 | 2026-05-05T00:30:46.471Z  INFO 1 --- [   scheduling-1] r.observability.ObservabilityService     : LAB9 Observability window=10s category=db.car.findAll count=476 sumNanos=75338108733 avgNanos=158273337
zil-app                 | 2026-05-05T00:30:46.472Z  INFO 1 --- [   scheduling-1] r.observability.ObservabilityService     : LAB9 Observability window=30s category=web.RentController.getRents count=1442 sumNanos=222822865913 avgNanos=154523485
zil-app                 | 2026-05-05T00:30:46.472Z  INFO 1 --- [   scheduling-1] r.observability.ObservabilityService     : LAB9 Observability window=30s category=db.rent.findAll count=1442 sumNanos=222821017225 avgNanos=154522203
zil-app                 | 2026-05-05T00:30:46.472Z  INFO 1 --- [   scheduling-1] r.observability.ObservabilityService     : LAB9 Observability window=30s category=web.CarController.getCars count=1438 sumNanos=227330167437 avgNanos=158087738
zil-app                 | 2026-05-05T00:30:46.472Z  INFO 1 --- [   scheduling-1] r.observability.ObservabilityService     : LAB9 Observability window=30s category=db.car.findAll count=1438 sumNanos=227328647595 avgNanos=158086681
zil-app                 | 2026-05-05T00:30:46.473Z  INFO 1 --- [   scheduling-1] r.observability.ObservabilityService     : LAB9 Observability window=1m category=web.RentController.getRents count=2875 sumNanos=448029053167 avgNanos=155836192
zil-app                 | 2026-05-05T00:30:46.473Z  INFO 1 --- [   scheduling-1] r.observability.ObservabilityService     : LAB9 Observability window=1m category=db.rent.findAll count=2875 sumNanos=448023031115 avgNanos=155834097
zil-app                 | 2026-05-05T00:30:46.473Z  INFO 1 --- [   scheduling-1] r.observability.ObservabilityService     : LAB9 Observability window=1m category=web.CarController.getCars count=2874 sumNanos=450609664738 avgNanos=156788331
zil-app                 | 2026-05-05T00:30:46.473Z  INFO 1 --- [   scheduling-1] r.observability.ObservabilityService     : LAB9 Observability window=1m category=db.car.findAll count=2874 sumNanos=450606518059 avgNanos=156787236
zil-app                 | 2026-05-05T00:30:51.473Z  INFO 1 --- [   scheduling-1] r.observability.ObservabilityService     : LAB9 Observability window=10s category=web.RentController.getRents count=474 sumNanos=75109862762 avgNanos=158459626
zil-app                 | 2026-05-05T00:30:51.474Z  INFO 1 --- [   scheduling-1] r.observability.ObservabilityService     : LAB9 Observability window=10s category=db.rent.findAll count=474 sumNanos=75109426748 avgNanos=158458706
zil-app                 | 2026-05-05T00:30:51.474Z  INFO 1 --- [   scheduling-1] r.observability.ObservabilityService     : LAB9 Observability window=10s category=web.CarController.getCars count=477 sumNanos=74509464275 avgNanos=156204327
zil-app                 | 2026-05-05T00:30:51.474Z  INFO 1 --- [   scheduling-1] r.observability.ObservabilityService     : LAB9 Observability window=10s category=db.car.findAll count=477 sumNanos=74509000193 avgNanos=156203354
zil-app                 | 2026-05-05T00:30:51.474Z  INFO 1 --- [   scheduling-1] r.observability.ObservabilityService     : LAB9 Observability window=30s category=web.RentController.getRents count=1436 sumNanos=222851200695 avgNanos=155188858
zil-app                 | 2026-05-05T00:30:51.475Z  INFO 1 --- [   scheduling-1] r.observability.ObservabilityService     : LAB9 Observability window=30s category=db.rent.findAll count=1436 sumNanos=222849318474 avgNanos=155187547
zil-app                 | 2026-05-05T00:30:51.475Z  INFO 1 --- [   scheduling-1] r.observability.ObservabilityService     : LAB9 Observability window=30s category=web.CarController.getCars count=1441 sumNanos=226815417204 avgNanos=157401399
zil-app                 | 2026-05-05T00:30:51.475Z  INFO 1 --- [   scheduling-1] r.observability.ObservabilityService     : LAB9 Observability window=30s category=db.car.findAll count=1441 sumNanos=226813828808 avgNanos=157400297
zil-app                 | 2026-05-05T00:30:51.476Z  INFO 1 --- [   scheduling-1] r.observability.ObservabilityService     : LAB9 Observability window=1m category=web.RentController.getRents count=2871 sumNanos=448343648794 avgNanos=156162887
zil-app                 | 2026-05-05T00:30:51.476Z  INFO 1 --- [   scheduling-1] r.observability.ObservabilityService     : LAB9 Observability window=1m category=db.rent.findAll count=2871 sumNanos=448337828489 avgNanos=156160859
zil-app                 | 2026-05-05T00:30:51.476Z  INFO 1 --- [   scheduling-1] r.observability.ObservabilityService     : LAB9 Observability window=1m category=web.CarController.getCars count=2876 sumNanos=450263106592 avgNanos=156558799
zil-app                 | 2026-05-05T00:30:51.477Z  INFO 1 --- [   scheduling-1] r.observability.ObservabilityService     : LAB9 Observability window=1m category=db.car.findAll count=2876 sumNanos=450259940929 avgNanos=156557698
zil-app                 | 2026-05-05T00:30:56.477Z  INFO 1 --- [   scheduling-1] r.observability.ObservabilityService     : LAB9 Observability window=10s category=web.RentController.getRents count=481 sumNanos=74320090808 avgNanos=154511623
zil-app                 | 2026-05-05T00:30:56.478Z  INFO 1 --- [   scheduling-1] r.observability.ObservabilityService     : LAB9 Observability window=10s category=db.rent.findAll count=481 sumNanos=74319617234 avgNanos=154510638
zil-app                 | 2026-05-05T00:30:56.479Z  INFO 1 --- [   scheduling-1] r.observability.ObservabilityService     : LAB9 Observability window=10s category=web.CarController.getCars count=484 sumNanos=75063121496 avgNanos=155089094
zil-app                 | 2026-05-05T00:30:56.479Z  INFO 1 --- [   scheduling-1] r.observability.ObservabilityService     : LAB9 Observability window=10s category=db.car.findAll count=484 sumNanos=75062565545 avgNanos=155087945
zil-app                 | 2026-05-05T00:30:56.480Z  INFO 1 --- [   scheduling-1] r.observability.ObservabilityService     : LAB9 Observability window=30s category=web.RentController.getRents count=1437 sumNanos=222230140541 avgNanos=154648671
zil-app                 | 2026-05-05T00:30:56.480Z  INFO 1 --- [   scheduling-1] r.observability.ObservabilityService     : LAB9 Observability window=30s category=db.rent.findAll count=1437 sumNanos=222228197517 avgNanos=154647319
zil-app                 | 2026-05-05T00:30:56.480Z  INFO 1 --- [   scheduling-1] r.observability.ObservabilityService     : LAB9 Observability window=30s category=web.CarController.getCars count=1440 sumNanos=227544534509 avgNanos=158017037
zil-app                 | 2026-05-05T00:30:56.480Z  INFO 1 --- [   scheduling-1] r.observability.ObservabilityService     : LAB9 Observability window=30s category=db.car.findAll count=1440 sumNanos=227543200775 avgNanos=158016111
zil-app                 | 2026-05-05T00:30:56.480Z  INFO 1 --- [   scheduling-1] r.observability.ObservabilityService     : LAB9 Observability window=1m category=web.RentController.getRents count=2873 sumNanos=447165895823 avgNanos=155644238
zil-app                 | 2026-05-05T00:30:56.480Z  INFO 1 --- [   scheduling-1] r.observability.ObservabilityService     : LAB9 Observability window=1m category=db.rent.findAll count=2873 sumNanos=447160017402 avgNanos=155642191
zil-app                 | 2026-05-05T00:30:56.480Z  INFO 1 --- [   scheduling-1] r.observability.ObservabilityService     : LAB9 Observability window=1m category=web.CarController.getCars count=2876 sumNanos=452949904395 avgNanos=157493012
zil-app                 | 2026-05-05T00:30:56.480Z  INFO 1 --- [   scheduling-1] r.observability.ObservabilityService     : LAB9 Observability window=1m category=db.car.findAll count=2876 sumNanos=452946633960 avgNanos=157491875
zil-app                 | 2026-05-05T00:31:01.483Z  INFO 1 --- [   scheduling-1] r.observability.ObservabilityService     : LAB9 Observability window=10s category=web.RentController.getRents count=479 sumNanos=74653704768 avgNanos=155853245
zil-app                 | 2026-05-05T00:31:01.484Z  INFO 1 --- [   scheduling-1] r.observability.ObservabilityService     : LAB9 Observability window=10s category=db.rent.findAll count=479 sumNanos=74653274571 avgNanos=155852347
zil-app                 | 2026-05-05T00:31:01.484Z  INFO 1 --- [   scheduling-1] r.observability.ObservabilityService     : LAB9 Observability window=10s category=web.CarController.getCars count=477 sumNanos=76278488730 avgNanos=159912974
zil-app                 | 2026-05-05T00:31:01.484Z  INFO 1 --- [   scheduling-1] r.observability.ObservabilityService     : LAB9 Observability window=10s category=db.car.findAll count=477 sumNanos=76278004525 avgNanos=159911959
zil-app                 | 2026-05-05T00:31:01.485Z  INFO 1 --- [   scheduling-1] r.observability.ObservabilityService     : LAB9 Observability window=30s category=web.RentController.getRents count=1439 sumNanos=223521051620 avgNanos=155330821
zil-app                 | 2026-05-05T00:31:01.485Z  INFO 1 --- [   scheduling-1] r.observability.ObservabilityService     : LAB9 Observability window=30s category=db.rent.findAll count=1439 sumNanos=223519755280 avgNanos=155329920
zil-app                 | 2026-05-05T00:31:01.485Z  INFO 1 --- [   scheduling-1] r.observability.ObservabilityService     : LAB9 Observability window=30s category=web.CarController.getCars count=1441 sumNanos=226957072428 avgNanos=157499703
zil-app                 | 2026-05-05T00:31:01.486Z  INFO 1 --- [   scheduling-1] r.observability.ObservabilityService     : LAB9 Observability window=30s category=db.car.findAll count=1441 sumNanos=226955720659 avgNanos=157498765
zil-app                 | 2026-05-05T00:31:01.486Z  INFO 1 --- [   scheduling-1] r.observability.ObservabilityService     : LAB9 Observability window=1m category=web.RentController.getRents count=2875 sumNanos=447612104534 avgNanos=155691166
zil-app                 | 2026-05-05T00:31:01.486Z  INFO 1 --- [   scheduling-1] r.observability.ObservabilityService     : LAB9 Observability window=1m category=db.rent.findAll count=2875 sumNanos=447606581786 avgNanos=155689245
zil-app                 | 2026-05-05T00:31:01.487Z  INFO 1 --- [   scheduling-1] r.observability.ObservabilityService     : LAB9 Observability window=1m category=web.CarController.getCars count=2877 sumNanos=453802856618 avgNanos=157734743
zil-app                 | 2026-05-05T00:31:01.487Z  INFO 1 --- [   scheduling-1] r.observability.ObservabilityService     : LAB9 Observability window=1m category=db.car.findAll count=2877 sumNanos=453799625388 avgNanos=157733620
zil-app                 | 2026-05-05T00:31:06.487Z  INFO 1 --- [   scheduling-1] r.observability.ObservabilityService     : LAB9 Observability window=10s category=web.RentController.getRents count=476 sumNanos=75684180820 avgNanos=159000379
zil-app                 | 2026-05-05T00:31:06.487Z  INFO 1 --- [   scheduling-1] r.observability.ObservabilityService     : LAB9 Observability window=10s category=db.rent.findAll count=476 sumNanos=75683793085 avgNanos=158999565
zil-app                 | 2026-05-05T00:31:06.487Z  INFO 1 --- [   scheduling-1] r.observability.ObservabilityService     : LAB9 Observability window=10s category=web.CarController.getCars count=473 sumNanos=75536724890 avgNanos=159697092
zil-app                 | 2026-05-05T00:31:06.487Z  INFO 1 --- [   scheduling-1] r.observability.ObservabilityService     : LAB9 Observability window=10s category=db.car.findAll count=473 sumNanos=75536354354 avgNanos=159696309
zil-app                 | 2026-05-05T00:31:06.488Z  INFO 1 --- [   scheduling-1] r.observability.ObservabilityService     : LAB9 Observability window=30s category=web.RentController.getRents count=1437 sumNanos=224814965790 avgNanos=156447436
zil-app                 | 2026-05-05T00:31:06.488Z  INFO 1 --- [   scheduling-1] r.observability.ObservabilityService     : LAB9 Observability window=30s category=db.rent.findAll count=1437 sumNanos=224813672784 avgNanos=156446536
zil-app                 | 2026-05-05T00:31:06.488Z  INFO 1 --- [   scheduling-1] r.observability.ObservabilityService     : LAB9 Observability window=30s category=web.CarController.getCars count=1436 sumNanos=226456853935 avgNanos=157699759
zil-app                 | 2026-05-05T00:31:06.488Z  INFO 1 --- [   scheduling-1] r.observability.ObservabilityService     : LAB9 Observability window=30s category=db.car.findAll count=1436 sumNanos=226455489768 avgNanos=157698809
zil-app                 | 2026-05-05T00:31:06.488Z  INFO 1 --- [   scheduling-1] r.observability.ObservabilityService     : LAB9 Observability window=1m category=web.RentController.getRents count=2874 sumNanos=448250332502 avgNanos=155967408
zil-app                 | 2026-05-05T00:31:06.488Z  INFO 1 --- [   scheduling-1] r.observability.ObservabilityService     : LAB9 Observability window=1m category=db.rent.findAll count=2874 sumNanos=448246937606 avgNanos=155966227
zil-app                 | 2026-05-05T00:31:06.488Z  INFO 1 --- [   scheduling-1] r.observability.ObservabilityService     : LAB9 Observability window=1m category=web.CarController.getCars count=2875 sumNanos=453480106869 avgNanos=157732211
zil-app                 | 2026-05-05T00:31:06.488Z  INFO 1 --- [   scheduling-1] r.observability.ObservabilityService     : LAB9 Observability window=1m category=db.car.findAll count=2875 sumNanos=453476957172 avgNanos=157731115
zil-app                 | 2026-05-05T00:31:11.489Z  INFO 1 --- [   scheduling-1] r.observability.ObservabilityService     : LAB9 Observability window=10s category=web.RentController.getRents count=483 sumNanos=75740551985 avgNanos=156812737
zil-app                 | 2026-05-05T00:31:11.489Z  INFO 1 --- [   scheduling-1] r.observability.ObservabilityService     : LAB9 Observability window=10s category=db.rent.findAll count=483 sumNanos=75740132491 avgNanos=156811868
zil-app                 | 2026-05-05T00:31:11.489Z  INFO 1 --- [   scheduling-1] r.observability.ObservabilityService     : LAB9 Observability window=10s category=web.CarController.getCars count=480 sumNanos=75564201529 avgNanos=157425419
zil-app                 | 2026-05-05T00:31:11.489Z  INFO 1 --- [   scheduling-1] r.observability.ObservabilityService     : LAB9 Observability window=10s category=db.car.findAll count=480 sumNanos=75563763388 avgNanos=157424507
zil-app                 | 2026-05-05T00:31:11.489Z  INFO 1 --- [   scheduling-1] r.observability.ObservabilityService     : LAB9 Observability window=30s category=web.RentController.getRents count=1436 sumNanos=225504119515 avgNanos=157036294
zil-app                 | 2026-05-05T00:31:11.489Z  INFO 1 --- [   scheduling-1] r.observability.ObservabilityService     : LAB9 Observability window=30s category=db.rent.findAll count=1436 sumNanos=225502833810 avgNanos=157035399
zil-app                 | 2026-05-05T00:31:11.489Z  INFO 1 --- [   scheduling-1] r.observability.ObservabilityService     : LAB9 Observability window=30s category=web.CarController.getCars count=1434 sumNanos=226352154534 avgNanos=157846690
zil-app                 | 2026-05-05T00:31:11.489Z  INFO 1 --- [   scheduling-1] r.observability.ObservabilityService     : LAB9 Observability window=30s category=db.car.findAll count=1434 sumNanos=226350768106 avgNanos=157845723
zil-app                 | 2026-05-05T00:31:11.489Z  INFO 1 --- [   scheduling-1] r.observability.ObservabilityService     : LAB9 Observability window=1m category=web.RentController.getRents count=2875 sumNanos=449037816425 avgNanos=156187066
zil-app                 | 2026-05-05T00:31:11.489Z  INFO 1 --- [   scheduling-1] r.observability.ObservabilityService     : LAB9 Observability window=1m category=db.rent.findAll count=2875 sumNanos=449034692611 avgNanos=156185980
zil-app                 | 2026-05-05T00:31:11.490Z  INFO 1 --- [   scheduling-1] r.observability.ObservabilityService     : LAB9 Observability window=1m category=web.CarController.getCars count=2873 sumNanos=452901453503 avgNanos=157640603
zil-app                 | 2026-05-05T00:31:11.490Z  INFO 1 --- [   scheduling-1] r.observability.ObservabilityService     : LAB9 Observability window=1m category=db.car.findAll count=2873 sumNanos=452898248764 avgNanos=157639487
zil-app                 | 2026-05-05T00:31:16.490Z  INFO 1 --- [   scheduling-1] r.observability.ObservabilityService     : LAB9 Observability window=10s category=web.RentController.getRents count=476 sumNanos=74822709365 avgNanos=157190565
zil-app                 | 2026-05-05T00:31:16.491Z  INFO 1 --- [   scheduling-1] r.observability.ObservabilityService     : LAB9 Observability window=10s category=db.rent.findAll count=476 sumNanos=74822272896 avgNanos=157189648
zil-app                 | 2026-05-05T00:31:16.491Z  INFO 1 --- [   scheduling-1] r.observability.ObservabilityService     : LAB9 Observability window=10s category=web.CarController.getCars count=474 sumNanos=76632122372 avgNanos=161671144
zil-app                 | 2026-05-05T00:31:16.491Z  INFO 1 --- [   scheduling-1] r.observability.ObservabilityService     : LAB9 Observability window=10s category=db.car.findAll count=474 sumNanos=76631705691 avgNanos=161670265
zil-app                 | 2026-05-05T00:31:16.491Z  INFO 1 --- [   scheduling-1] r.observability.ObservabilityService     : LAB9 Observability window=30s category=web.RentController.getRents count=1433 sumNanos=224716180745 avgNanos=156815199
zil-app                 | 2026-05-05T00:31:16.491Z  INFO 1 --- [   scheduling-1] r.observability.ObservabilityService     : LAB9 Observability window=30s category=db.rent.findAll count=1433 sumNanos=224714883045 avgNanos=156814293
zil-app                 | 2026-05-05T00:31:16.491Z  INFO 1 --- [   scheduling-1] r.observability.ObservabilityService     : LAB9 Observability window=30s category=web.CarController.getCars count=1433 sumNanos=227506896481 avgNanos=158762663
zil-app                 | 2026-05-05T00:31:16.491Z  INFO 1 --- [   scheduling-1] r.observability.ObservabilityService     : LAB9 Observability window=30s category=db.car.findAll count=1433 sumNanos=227505551986 avgNanos=158761725
zil-app                 | 2026-05-05T00:31:16.491Z  INFO 1 --- [   scheduling-1] r.observability.ObservabilityService     : LAB9 Observability window=1m category=web.RentController.getRents count=2875 sumNanos=447561778876 avgNanos=155673662
zil-app                 | 2026-05-05T00:31:16.491Z  INFO 1 --- [   scheduling-1] r.observability.ObservabilityService     : LAB9 Observability window=1m category=db.rent.findAll count=2875 sumNanos=447558632408 avgNanos=155672567
zil-app                 | 2026-05-05T00:31:16.491Z  INFO 1 --- [   scheduling-1] r.observability.ObservabilityService     : LAB9 Observability window=1m category=web.CarController.getCars count=2873 sumNanos=455213125838 avgNanos=158445223
zil-app                 | 2026-05-05T00:31:16.491Z  INFO 1 --- [   scheduling-1] r.observability.ObservabilityService     : LAB9 Observability window=1m category=db.car.findAll count=2873 sumNanos=455210260158 avgNanos=158444225
zil-app                 | 2026-05-05T00:31:21.492Z  INFO 1 --- [   scheduling-1] r.observability.ObservabilityService     : LAB9 Observability window=10s category=web.RentController.getRents count=472 sumNanos=73756493358 avgNanos=156263757
zil-app                 | 2026-05-05T00:31:21.492Z  INFO 1 --- [   scheduling-1] r.observability.ObservabilityService     : LAB9 Observability window=10s category=db.rent.findAll count=472 sumNanos=73756089218 avgNanos=156262900
zil-app                 | 2026-05-05T00:31:21.492Z  INFO 1 --- [   scheduling-1] r.observability.ObservabilityService     : LAB9 Observability window=10s category=web.CarController.getCars count=476 sumNanos=76884737096 avgNanos=161522556
zil-app                 | 2026-05-05T00:31:21.492Z  INFO 1 --- [   scheduling-1] r.observability.ObservabilityService     : LAB9 Observability window=10s category=db.car.findAll count=476 sumNanos=76884363900 avgNanos=161521772
zil-app                 | 2026-05-05T00:31:21.492Z  INFO 1 --- [   scheduling-1] r.observability.ObservabilityService     : LAB9 Observability window=30s category=web.RentController.getRents count=1431 sumNanos=223697257208 avgNanos=156322332
zil-app                 | 2026-05-05T00:31:21.492Z  INFO 1 --- [   scheduling-1] r.observability.ObservabilityService     : LAB9 Observability window=30s category=db.rent.findAll count=1431 sumNanos=223696005422 avgNanos=156321457
zil-app                 | 2026-05-05T00:31:21.492Z  INFO 1 --- [   scheduling-1] r.observability.ObservabilityService     : LAB9 Observability window=30s category=web.CarController.getCars count=1431 sumNanos=228407877698 avgNanos=159614170
zil-app                 | 2026-05-05T00:31:21.492Z  INFO 1 --- [   scheduling-1] r.observability.ObservabilityService     : LAB9 Observability window=30s category=db.car.findAll count=1431 sumNanos=228406583410 avgNanos=159613265
zil-app                 | 2026-05-05T00:31:21.492Z  INFO 1 --- [   scheduling-1] r.observability.ObservabilityService     : LAB9 Observability window=1m category=web.RentController.getRents count=2870 sumNanos=447001950806 avgNanos=155749808
zil-app                 | 2026-05-05T00:31:21.492Z  INFO 1 --- [   scheduling-1] r.observability.ObservabilityService     : LAB9 Observability window=1m category=db.rent.findAll count=2870 sumNanos=446998814754 avgNanos=155748715
zil-app                 | 2026-05-05T00:31:21.492Z  INFO 1 --- [   scheduling-1] r.observability.ObservabilityService     : LAB9 Observability window=1m category=web.CarController.getCars count=2874 sumNanos=455542844559 avgNanos=158504817
zil-app                 | 2026-05-05T00:31:21.492Z  INFO 1 --- [   scheduling-1] r.observability.ObservabilityService     : LAB9 Observability window=1m category=db.car.findAll count=2874 sumNanos=455539960621 avgNanos=158503813
zil-app                 | 2026-05-05T00:31:26.493Z  INFO 1 --- [   scheduling-1] r.observability.ObservabilityService     : LAB9 Observability window=10s category=web.RentController.getRents count=483 sumNanos=74835146750 avgNanos=154938192
zil-app                 | 2026-05-05T00:31:26.493Z  INFO 1 --- [   scheduling-1] r.observability.ObservabilityService     : LAB9 Observability window=10s category=db.rent.findAll count=483 sumNanos=74834644404 avgNanos=154937151
zil-app                 | 2026-05-05T00:31:26.493Z  INFO 1 --- [   scheduling-1] r.observability.ObservabilityService     : LAB9 Observability window=10s category=web.CarController.getCars count=484 sumNanos=75250154794 avgNanos=155475526
zil-app                 | 2026-05-05T00:31:26.493Z  INFO 1 --- [   scheduling-1] r.observability.ObservabilityService     : LAB9 Observability window=10s category=db.car.findAll count=484 sumNanos=75249789424 avgNanos=155474771
zil-app                 | 2026-05-05T00:31:26.494Z  INFO 1 --- [   scheduling-1] r.observability.ObservabilityService     : LAB9 Observability window=30s category=web.RentController.getRents count=1435 sumNanos=225342036935 avgNanos=157032778
zil-app                 | 2026-05-05T00:31:26.494Z  INFO 1 --- [   scheduling-1] r.observability.ObservabilityService     : LAB9 Observability window=30s category=db.rent.findAll count=1435 sumNanos=225340710385 avgNanos=157031853
zil-app                 | 2026-05-05T00:31:26.494Z  INFO 1 --- [   scheduling-1] r.observability.ObservabilityService     : LAB9 Observability window=30s category=web.CarController.getCars count=1431 sumNanos=227396843663 avgNanos=158907647
zil-app                 | 2026-05-05T00:31:26.494Z  INFO 1 --- [   scheduling-1] r.observability.ObservabilityService     : LAB9 Observability window=30s category=db.car.findAll count=1431 sumNanos=227395691075 avgNanos=158906842
zil-app                 | 2026-05-05T00:31:26.494Z  INFO 1 --- [   scheduling-1] r.observability.ObservabilityService     : LAB9 Observability window=1m category=web.RentController.getRents count=2872 sumNanos=447448420510 avgNanos=155796803
zil-app                 | 2026-05-05T00:31:26.494Z  INFO 1 --- [   scheduling-1] r.observability.ObservabilityService     : LAB9 Observability window=1m category=db.rent.findAll count=2872 sumNanos=447445151057 avgNanos=155795665
zil-app                 | 2026-05-05T00:31:26.494Z  INFO 1 --- [   scheduling-1] r.observability.ObservabilityService     : LAB9 Observability window=1m category=web.CarController.getCars count=2874 sumNanos=455411425648 avgNanos=158459090
zil-additional-service  |  /\\ / ___'_ __ _ _(_)_ __  __ _ \ \ \ \
zil-additional-service  | ( ( )\___ | '_ | '_| | '_ \/ _` | \ \ \ \
zil-additional-service  |  \\/  ___)| |_)| | | | | || (_| |  ) ) ) )
zil-additional-service  |   '  |____| .__|_| |_|_| |_\__, | / / / /
zil-additional-service  |  =========|_|==============|___/=/_/_/_/
zil-additional-service  | 
zil-additional-service  |  :: Spring Boot ::                (v4.0.6)
zil-additional-service  | 
zil-additional-service  | 2026-05-05T00:22:21.321Z  INFO 1 --- [zil-additional-service] [           main] r.a.ZilAdditionalServiceApplication      : Starting ZilAdditionalServiceApplication v0.0.1-SNAPSHOT using Java 25.0.3 with PID 1 (/app/app.jar started by root in /app)
zil-additional-service  | 2026-05-05T00:22:21.342Z  INFO 1 --- [zil-additional-service] [           main] r.a.ZilAdditionalServiceApplication      : No active profile set, falling back to 1 default profile: "default"
zil-additional-service  | 2026-05-05T00:22:25.240Z  INFO 1 --- [zil-additional-service] [           main] o.s.boot.tomcat.TomcatWebServer          : Tomcat initialized with port 8084 (http)
zil-additional-service  | 2026-05-05T00:22:25.277Z  INFO 1 --- [zil-additional-service] [           main] o.apache.catalina.core.StandardService   : Starting service [Tomcat]
zil-additional-service  | 2026-05-05T00:22:25.278Z  INFO 1 --- [zil-additional-service] [           main] o.apache.catalina.core.StandardEngine    : Starting Servlet engine: [Apache Tomcat/11.0.21]
zil-additional-service  | 2026-05-05T00:22:25.521Z  INFO 1 --- [zil-additional-service] [           main] b.w.c.s.WebApplicationContextInitializer : Root WebApplicationContext: initialization completed in 3980 ms
zil-additional-service  | 2026-05-05T00:22:28.518Z  INFO 1 --- [zil-additional-service] [           main] o.s.b.a.e.web.EndpointLinksResolver      : Exposing 1 endpoint beneath base path '/actuator'
zil-additional-service  | 2026-05-05T00:22:28.844Z  INFO 1 --- [zil-additional-service] [           main] o.s.boot.tomcat.TomcatWebServer          : Tomcat started on port 8084 (http) with context path '/'
zil-additional-service  | 2026-05-05T00:22:28.878Z  INFO 1 --- [zil-additional-service] [           main] r.a.ZilAdditionalServiceApplication      : Started ZilAdditionalServiceApplication in 8.948 seconds (process running for 10.448)
zil-additional-service  | 2026-05-05T00:22:28.938Z  INFO 1 --- [zil-additional-service] [   scheduling-1] r.additional.service.ClientCacheService  : [client-cache-statistics] Client cache size=0
zil-additional-service  | 2026-05-05T00:22:38.866Z  INFO 1 --- [zil-additional-service] [   scheduling-1] r.additional.service.ClientCacheService  : [client-cache-statistics] Client cache size=0
zil-additional-service  | 2026-05-05T00:22:48.862Z  INFO 1 --- [zil-additional-service] [   scheduling-1] r.additional.service.ClientCacheService  : [client-cache-statistics] Client cache size=0
zil-additional-service  | 2026-05-05T00:22:58.862Z  INFO 1 --- [zil-additional-service] [   scheduling-1] r.additional.service.ClientCacheService  : [client-cache-statistics] Client cache size=0
zil-additional-service  | 2026-05-05T00:23:04.260Z  INFO 1 --- [zil-additional-service] [nio-8084-exec-1] o.a.c.c.C.[Tomcat].[localhost].[/]       : Initializing Spring DispatcherServlet 'dispatcherServlet'
zil-additional-service  | 2026-05-05T00:23:04.266Z  INFO 1 --- [zil-additional-service] [nio-8084-exec-1] o.s.web.servlet.DispatcherServlet        : Initializing Servlet 'dispatcherServlet'
zil-additional-service  | 2026-05-05T00:23:04.268Z  INFO 1 --- [zil-additional-service] [nio-8084-exec-1] o.s.web.servlet.DispatcherServlet        : Completed initialization in 1 ms
zil-additional-service  | 2026-05-05T00:23:08.866Z  INFO 1 --- [zil-additional-service] [   scheduling-1] r.additional.service.ClientCacheService  : [client-cache-statistics] Client cache size=1000
zil-additional-service  | 2026-05-05T00:23:08.951Z  INFO 1 --- [zil-additional-service] [   scheduling-1] r.a.observability.ObservabilityService   : LAB9 Observability window=10s category=additional.statsComputation.stats count=3 sumNanos=42413 avgNanos=14137
zil-additional-service  | 2026-05-05T00:23:08.954Z  INFO 1 --- [zil-additional-service] [   scheduling-1] r.a.observability.ObservabilityService   : LAB9 Observability window=10s category=web.additional.stats count=3 sumNanos=3571549274 avgNanos=1190516424
zil-additional-service  | 2026-05-05T00:23:08.956Z  INFO 1 --- [zil-additional-service] [   scheduling-1] r.a.observability.ObservabilityService   : LAB9 Observability window=10s category=http.main.clients count=1 sumNanos=879422181 avgNanos=879422181
zil-additional-service  | 2026-05-05T00:23:08.956Z  INFO 1 --- [zil-additional-service] [   scheduling-1] r.a.observability.ObservabilityService   : LAB9 Observability window=10s category=http.main.rents count=38 sumNanos=30017286452 avgNanos=789928590
zil-additional-service  | 2026-05-05T00:23:08.959Z  INFO 1 --- [zil-additional-service] [   scheduling-1] r.a.observability.ObservabilityService   : LAB9 Observability window=10s category=http.main.cars count=47 sumNanos=21439849403 avgNanos=456167008
zil-additional-service  | 2026-05-05T00:23:08.959Z  INFO 1 --- [zil-additional-service] [   scheduling-1] r.a.observability.ObservabilityService   : LAB9 Observability window=10s category=web.additional.availability_new count=35 sumNanos=45426074598 avgNanos=1297887845
zil-additional-service  | 2026-05-05T00:23:08.959Z  INFO 1 --- [zil-additional-service] [   scheduling-1] r.a.observability.ObservabilityService   : LAB9 Observability window=10s category=additional.statsComputation.availability.allCitiesAllDates count=35 sumNanos=68761983 avgNanos=1964628
zil-additional-service  | 2026-05-05T00:23:08.960Z  INFO 1 --- [zil-additional-service] [   scheduling-1] r.a.observability.ObservabilityService   : LAB9 Observability window=30s category=additional.statsComputation.stats count=3 sumNanos=42413 avgNanos=14137
zil-additional-service  | 2026-05-05T00:23:08.961Z  INFO 1 --- [zil-additional-service] [   scheduling-1] r.a.observability.ObservabilityService   : LAB9 Observability window=30s category=web.additional.stats count=3 sumNanos=3571549274 avgNanos=1190516424
zil-additional-service  | 2026-05-05T00:23:08.965Z  INFO 1 --- [zil-additional-service] [   scheduling-1] r.a.observability.ObservabilityService   : LAB9 Observability window=30s category=http.main.clients count=1 sumNanos=879422181 avgNanos=879422181
zil-additional-service  | 2026-05-05T00:23:08.967Z  INFO 1 --- [zil-additional-service] [   scheduling-1] r.a.observability.ObservabilityService   : LAB9 Observability window=30s category=http.main.rents count=38 sumNanos=30017286452 avgNanos=789928590
zil-additional-service  | 2026-05-05T00:23:08.968Z  INFO 1 --- [zil-additional-service] [   scheduling-1] r.a.observability.ObservabilityService   : LAB9 Observability window=30s category=http.main.cars count=47 sumNanos=21439849403 avgNanos=456167008
zil-additional-service  | 2026-05-05T00:23:08.969Z  INFO 1 --- [zil-additional-service] [   scheduling-1] r.a.observability.ObservabilityService   : LAB9 Observability window=30s category=web.additional.availability_new count=35 sumNanos=45426074598 avgNanos=1297887845
zil-additional-service  | 2026-05-05T00:23:08.969Z  INFO 1 --- [zil-additional-service] [   scheduling-1] r.a.observability.ObservabilityService   : LAB9 Observability window=30s category=additional.statsComputation.availability.allCitiesAllDates count=35 sumNanos=68761983 avgNanos=1964628
zil-additional-service  | 2026-05-05T00:23:08.969Z  INFO 1 --- [zil-additional-service] [   scheduling-1] r.a.observability.ObservabilityService   : LAB9 Observability window=1m category=additional.statsComputation.stats count=3 sumNanos=42413 avgNanos=14137
zil-additional-service  | 2026-05-05T00:23:08.969Z  INFO 1 --- [zil-additional-service] [   scheduling-1] r.a.observability.ObservabilityService   : LAB9 Observability window=1m category=web.additional.stats count=3 sumNanos=3571549274 avgNanos=1190516424
zil-additional-service  | 2026-05-05T00:23:08.969Z  INFO 1 --- [zil-additional-service] [   scheduling-1] r.a.observability.ObservabilityService   : LAB9 Observability window=1m category=http.main.clients count=1 sumNanos=879422181 avgNanos=879422181
zil-additional-service  | 2026-05-05T00:23:08.969Z  INFO 1 --- [zil-additional-service] [   scheduling-1] r.a.observability.ObservabilityService   : LAB9 Observability window=1m category=http.main.rents count=38 sumNanos=30017286452 avgNanos=789928590
zil-additional-service  | 2026-05-05T00:23:08.969Z  INFO 1 --- [zil-additional-service] [   scheduling-1] r.a.observability.ObservabilityService   : LAB9 Observability window=1m category=http.main.cars count=47 sumNanos=21439849403 avgNanos=456167008
zil-additional-service  | 2026-05-05T00:23:08.969Z  INFO 1 --- [zil-additional-service] [   scheduling-1] r.a.observability.ObservabilityService   : LAB9 Observability window=1m category=web.additional.availability_new count=35 sumNanos=45426074598 avgNanos=1297887845
zil-additional-service  | 2026-05-05T00:23:08.969Z  INFO 1 --- [zil-additional-service] [   scheduling-1] r.a.observability.ObservabilityService   : LAB9 Observability window=1m category=additional.statsComputation.availability.allCitiesAllDates count=35 sumNanos=68761983 avgNanos=1964628
zil-additional-service  | 2026-05-05T00:23:14.022Z  INFO 1 --- [zil-additional-service] [   scheduling-1] r.a.observability.ObservabilityService   : LAB9 Observability window=10s category=additional.statsComputation.stats count=4 sumNanos=44184 avgNanos=11046
zil-additional-service  | 2026-05-05T00:23:14.023Z  INFO 1 --- [zil-additional-service] [   scheduling-1] r.a.observability.ObservabilityService   : LAB9 Observability window=10s category=web.additional.stats count=4 sumNanos=4767517637 avgNanos=1191879409
zil-additional-service  | 2026-05-05T00:23:14.023Z  INFO 1 --- [zil-additional-service] [   scheduling-1] r.a.observability.ObservabilityService   : LAB9 Observability window=10s category=http.main.clients count=1 sumNanos=879422181 avgNanos=879422181
zil-additional-service  | 2026-05-05T00:23:14.023Z  INFO 1 --- [zil-additional-service] [   scheduling-1] r.a.observability.ObservabilityService   : LAB9 Observability window=10s category=http.main.rents count=160 sumNanos=81389679127 avgNanos=508685494
zil-additional-service  | 2026-05-05T00:23:14.023Z  INFO 1 --- [zil-additional-service] [   scheduling-1] r.a.observability.ObservabilityService   : LAB9 Observability window=10s category=http.main.cars count=167 sumNanos=66097403967 avgNanos=395792838
zil-additional-service  | 2026-05-05T00:23:14.023Z  INFO 1 --- [zil-additional-service] [   scheduling-1] r.a.observability.ObservabilityService   : LAB9 Observability window=10s category=web.additional.availability_new count=156 sumNanos=141909599812 avgNanos=909676921
zil-additional-service  | 2026-05-05T00:23:14.023Z  INFO 1 --- [zil-additional-service] [   scheduling-1] r.a.observability.ObservabilityService   : LAB9 Observability window=10s category=additional.statsComputation.availability.allCitiesAllDates count=156 sumNanos=138363598 avgNanos=886946
zil-additional-service  | 2026-05-05T00:23:14.023Z  INFO 1 --- [zil-additional-service] [   scheduling-1] r.a.observability.ObservabilityService   : LAB9 Observability window=30s category=additional.statsComputation.stats count=4 sumNanos=44184 avgNanos=11046
zil-additional-service  | 2026-05-05T00:23:14.023Z  INFO 1 --- [zil-additional-service] [   scheduling-1] r.a.observability.ObservabilityService   : LAB9 Observability window=30s category=web.additional.stats count=4 sumNanos=4767517637 avgNanos=1191879409
zil-additional-service  | 2026-05-05T00:23:14.023Z  INFO 1 --- [zil-additional-service] [   scheduling-1] r.a.observability.ObservabilityService   : LAB9 Observability window=30s category=http.main.clients count=1 sumNanos=879422181 avgNanos=879422181
zil-additional-service  | 2026-05-05T00:23:14.024Z  INFO 1 --- [zil-additional-service] [   scheduling-1] r.a.observability.ObservabilityService   : LAB9 Observability window=30s category=http.main.rents count=160 sumNanos=81389679127 avgNanos=508685494
zil-additional-service  | 2026-05-05T00:23:14.024Z  INFO 1 --- [zil-additional-service] [   scheduling-1] r.a.observability.ObservabilityService   : LAB9 Observability window=30s category=http.main.cars count=167 sumNanos=66097403967 avgNanos=395792838
zil-additional-service  | 2026-05-05T00:23:14.024Z  INFO 1 --- [zil-additional-service] [   scheduling-1] r.a.observability.ObservabilityService   : LAB9 Observability window=30s category=web.additional.availability_new count=156 sumNanos=141909599812 avgNanos=909676921
zil-additional-service  | 2026-05-05T00:23:14.024Z  INFO 1 --- [zil-additional-service] [   scheduling-1] r.a.observability.ObservabilityService   : LAB9 Observability window=30s category=additional.statsComputation.availability.allCitiesAllDates count=156 sumNanos=138363598 avgNanos=886946
zil-additional-service  | 2026-05-05T00:23:14.024Z  INFO 1 --- [zil-additional-service] [   scheduling-1] r.a.observability.ObservabilityService   : LAB9 Observability window=1m category=additional.statsComputation.stats count=4 sumNanos=44184 avgNanos=11046
zil-additional-service  | 2026-05-05T00:23:14.024Z  INFO 1 --- [zil-additional-service] [   scheduling-1] r.a.observability.ObservabilityService   : LAB9 Observability window=1m category=web.additional.stats count=4 sumNanos=4767517637 avgNanos=1191879409
zil-additional-service  | 2026-05-05T00:23:14.024Z  INFO 1 --- [zil-additional-service] [   scheduling-1] r.a.observability.ObservabilityService   : LAB9 Observability window=1m category=http.main.clients count=1 sumNanos=879422181 avgNanos=879422181
zil-additional-service  | 2026-05-05T00:23:14.024Z  INFO 1 --- [zil-additional-service] [   scheduling-1] r.a.observability.ObservabilityService   : LAB9 Observability window=1m category=http.main.rents count=160 sumNanos=81389679127 avgNanos=508685494
zil-additional-service  | 2026-05-05T00:23:14.024Z  INFO 1 --- [zil-additional-service] [   scheduling-1] r.a.observability.ObservabilityService   : LAB9 Observability window=1m category=http.main.cars count=167 sumNanos=66097403967 avgNanos=395792838
zil-additional-service  | 2026-05-05T00:23:14.024Z  INFO 1 --- [zil-additional-service] [   scheduling-1] r.a.observability.ObservabilityService   : LAB9 Observability window=1m category=web.additional.availability_new count=156 sumNanos=141909599812 avgNanos=909676921
zil-additional-service  | 2026-05-05T00:23:14.025Z  INFO 1 --- [zil-additional-service] [   scheduling-1] r.a.observability.ObservabilityService   : LAB9 Observability window=1m category=additional.statsComputation.availability.allCitiesAllDates count=156 sumNanos=138363598 avgNanos=886946
zil-additional-service  | 2026-05-05T00:23:18.865Z  INFO 1 --- [zil-additional-service] [   scheduling-1] r.additional.service.ClientCacheService  : [client-cache-statistics] Client cache size=1000
zil-additional-service  | 2026-05-05T00:23:19.034Z  INFO 1 --- [zil-additional-service] [   scheduling-1] r.a.observability.ObservabilityService   : LAB9 Observability window=10s category=additional.statsComputation.stats count=11 sumNanos=23377 avgNanos=2125
zil-additional-service  | 2026-05-05T00:23:19.035Z  INFO 1 --- [zil-additional-service] [   scheduling-1] r.a.observability.ObservabilityService   : LAB9 Observability window=10s category=web.additional.stats count=11 sumNanos=4890105470 avgNanos=444555042
zil-additional-service  | 2026-05-05T00:23:19.038Z  INFO 1 --- [zil-additional-service] [   scheduling-1] r.a.observability.ObservabilityService   : LAB9 Observability window=10s category=http.main.rents count=328 sumNanos=94563476394 avgNanos=288303281
zil-additional-service  | 2026-05-05T00:23:19.038Z  INFO 1 --- [zil-additional-service] [   scheduling-1] r.a.observability.ObservabilityService   : LAB9 Observability window=10s category=http.main.cars count=324 sumNanos=83016785314 avgNanos=256224646
zil-additional-service  | 2026-05-05T00:23:19.042Z  INFO 1 --- [zil-additional-service] [   scheduling-1] r.a.observability.ObservabilityService   : LAB9 Observability window=10s category=web.additional.availability_new count=317 sumNanos=176472551839 avgNanos=556695747
zil-additional-service  | 2026-05-05T00:23:19.042Z  INFO 1 --- [zil-additional-service] [   scheduling-1] r.a.observability.ObservabilityService   : LAB9 Observability window=10s category=additional.statsComputation.availability.allCitiesAllDates count=317 sumNanos=161681663 avgNanos=510036
zil-additional-service  | 2026-05-05T00:23:19.046Z  INFO 1 --- [zil-additional-service] [   scheduling-1] r.a.observability.ObservabilityService   : LAB9 Observability window=30s category=additional.statsComputation.stats count=14 sumNanos=65790 avgNanos=4699
zil-additional-service  | 2026-05-05T00:23:19.046Z  INFO 1 --- [zil-additional-service] [   scheduling-1] r.a.observability.ObservabilityService   : LAB9 Observability window=30s category=web.additional.stats count=14 sumNanos=8461654744 avgNanos=604403910
zil-additional-service  | 2026-05-05T00:23:19.046Z  INFO 1 --- [zil-additional-service] [   scheduling-1] r.a.observability.ObservabilityService   : LAB9 Observability window=30s category=http.main.clients count=1 sumNanos=879422181 avgNanos=879422181
zil-additional-service  | 2026-05-05T00:23:19.046Z  INFO 1 --- [zil-additional-service] [   scheduling-1] r.a.observability.ObservabilityService   : LAB9 Observability window=30s category=http.main.rents count=366 sumNanos=124580762846 avgNanos=340384597
zil-additional-service  | 2026-05-05T00:23:19.046Z  INFO 1 --- [zil-additional-service] [   scheduling-1] r.a.observability.ObservabilityService   : LAB9 Observability window=30s category=http.main.cars count=374 sumNanos=105323800069 avgNanos=281614438
zil-additional-service  | 2026-05-05T00:23:19.046Z  INFO 1 --- [zil-additional-service] [   scheduling-1] r.a.observability.ObservabilityService   : LAB9 Observability window=30s category=web.additional.availability_new count=352 sumNanos=221898626437 avgNanos=630393825
zil-additional-service  | 2026-05-05T00:23:19.047Z  INFO 1 --- [zil-additional-service] [   scheduling-1] r.a.observability.ObservabilityService   : LAB9 Observability window=30s category=additional.statsComputation.availability.allCitiesAllDates count=352 sumNanos=230443646 avgNanos=654669
zil-additional-service  | 2026-05-05T00:23:19.047Z  INFO 1 --- [zil-additional-service] [   scheduling-1] r.a.observability.ObservabilityService   : LAB9 Observability window=1m category=additional.statsComputation.stats count=14 sumNanos=65790 avgNanos=4699
zil-additional-service  | 2026-05-05T00:23:19.047Z  INFO 1 --- [zil-additional-service] [   scheduling-1] r.a.observability.ObservabilityService   : LAB9 Observability window=1m category=web.additional.stats count=14 sumNanos=8461654744 avgNanos=604403910
zil-additional-service  | 2026-05-05T00:23:19.047Z  INFO 1 --- [zil-additional-service] [   scheduling-1] r.a.observability.ObservabilityService   : LAB9 Observability window=1m category=http.main.clients count=1 sumNanos=879422181 avgNanos=879422181
zil-additional-service  | 2026-05-05T00:23:19.047Z  INFO 1 --- [zil-additional-service] [   scheduling-1] r.a.observability.ObservabilityService   : LAB9 Observability window=1m category=http.main.rents count=366 sumNanos=124580762846 avgNanos=340384597
zil-additional-service  | 2026-05-05T00:23:19.047Z  INFO 1 --- [zil-additional-service] [   scheduling-1] r.a.observability.ObservabilityService   : LAB9 Observability window=1m category=http.main.cars count=374 sumNanos=105323800069 avgNanos=281614438
zil-additional-service  | 2026-05-05T00:23:19.047Z  INFO 1 --- [zil-additional-service] [   scheduling-1] r.a.observability.ObservabilityService   : LAB9 Observability window=1m category=web.additional.availability_new count=352 sumNanos=221898626437 avgNanos=630393825
zil-additional-service  | 2026-05-05T00:23:19.047Z  INFO 1 --- [zil-additional-service] [   scheduling-1] r.a.observability.ObservabilityService   : LAB9 Observability window=1m category=additional.statsComputation.availability.allCitiesAllDates count=352 sumNanos=230443646 avgNanos=654669
zil-additional-service  | 2026-05-05T00:23:24.053Z  INFO 1 --- [zil-additional-service] [   scheduling-1] r.a.observability.ObservabilityService   : LAB9 Observability window=10s category=additional.statsComputation.stats count=19 sumNanos=44267 avgNanos=2329
zil-additional-service  | 2026-05-05T00:23:24.068Z  INFO 1 --- [zil-additional-service] [   scheduling-1] r.a.observability.ObservabilityService   : LAB9 Observability window=10s category=web.additional.stats count=19 sumNanos=6665319637 avgNanos=350806296
zil-additional-service  | 2026-05-05T00:23:24.069Z  INFO 1 --- [zil-additional-service] [   scheduling-1] r.a.observability.ObservabilityService   : LAB9 Observability window=10s category=http.main.rents count=440 sumNanos=83139921258 avgNanos=188954366
zil-additional-service  | 2026-05-05T00:23:24.069Z  INFO 1 --- [zil-additional-service] [   scheduling-1] r.a.observability.ObservabilityService   : LAB9 Observability window=10s category=http.main.cars count=445 sumNanos=76541716884 avgNanos=172003858
zil-additional-service  | 2026-05-05T00:23:24.070Z  INFO 1 --- [zil-additional-service] [   scheduling-1] r.a.observability.ObservabilityService   : LAB9 Observability window=10s category=web.additional.availability_new count=421 sumNanos=154106533993 avgNanos=366048774
zil-additional-service  | 2026-05-05T00:23:24.070Z  INFO 1 --- [zil-additional-service] [   scheduling-1] r.a.observability.ObservabilityService   : LAB9 Observability window=10s category=additional.statsComputation.availability.allCitiesAllDates count=421 sumNanos=226743228 avgNanos=538582
zil-additional-service  | 2026-05-05T00:23:24.071Z  INFO 1 --- [zil-additional-service] [   scheduling-1] r.a.observability.ObservabilityService   : LAB9 Observability window=30s category=additional.statsComputation.stats count=23 sumNanos=88451 avgNanos=3845
zil-additional-service  | 2026-05-05T00:23:24.077Z  INFO 1 --- [zil-additional-service] [   scheduling-1] r.a.observability.ObservabilityService   : LAB9 Observability window=30s category=web.additional.stats count=23 sumNanos=11432837274 avgNanos=497079881
zil-additional-service  | 2026-05-05T00:23:24.078Z  INFO 1 --- [zil-additional-service] [   scheduling-1] r.a.observability.ObservabilityService   : LAB9 Observability window=30s category=http.main.clients count=1 sumNanos=879422181 avgNanos=879422181
zil-additional-service  | 2026-05-05T00:23:24.078Z  INFO 1 --- [zil-additional-service] [   scheduling-1] r.a.observability.ObservabilityService   : LAB9 Observability window=30s category=http.main.rents count=601 sumNanos=164893370729 avgNanos=274365009
zil-additional-service  | 2026-05-05T00:23:24.078Z  INFO 1 --- [zil-additional-service] [   scheduling-1] r.a.observability.ObservabilityService   : LAB9 Observability window=30s category=http.main.cars count=613 sumNanos=142792742360 avgNanos=232940852
zil-additional-service  | 2026-05-05T00:23:24.078Z  INFO 1 --- [zil-additional-service] [   scheduling-1] r.a.observability.ObservabilityService   : LAB9 Observability window=30s category=web.additional.availability_new count=578 sumNanos=296605098227 avgNanos=513157609
zil-additional-service  | 2026-05-05T00:23:24.078Z  INFO 1 --- [zil-additional-service] [   scheduling-1] r.a.observability.ObservabilityService   : LAB9 Observability window=30s category=additional.statsComputation.availability.allCitiesAllDates count=578 sumNanos=365236907 avgNanos=631897
zil-additional-service  | 2026-05-05T00:23:24.079Z  INFO 1 --- [zil-additional-service] [   scheduling-1] r.a.observability.ObservabilityService   : LAB9 Observability window=1m category=additional.statsComputation.stats count=23 sumNanos=88451 avgNanos=3845
zil-additional-service  | 2026-05-05T00:23:24.079Z  INFO 1 --- [zil-additional-service] [   scheduling-1] r.a.observability.ObservabilityService   : LAB9 Observability window=1m category=web.additional.stats count=23 sumNanos=11432837274 avgNanos=497079881
zil-additional-service  | 2026-05-05T00:23:24.079Z  INFO 1 --- [zil-additional-service] [   scheduling-1] r.a.observability.ObservabilityService   : LAB9 Observability window=1m category=http.main.clients count=1 sumNanos=879422181 avgNanos=879422181
zil-additional-service  | 2026-05-05T00:23:24.079Z  INFO 1 --- [zil-additional-service] [   scheduling-1] r.a.observability.ObservabilityService   : LAB9 Observability window=1m category=http.main.rents count=601 sumNanos=164893370729 avgNanos=274365009
zil-additional-service  | 2026-05-05T00:23:24.079Z  INFO 1 --- [zil-additional-service] [   scheduling-1] r.a.observability.ObservabilityService   : LAB9 Observability window=1m category=http.main.cars count=613 sumNanos=142792742360 avgNanos=232940852
zil-additional-service  | 2026-05-05T00:23:24.079Z  INFO 1 --- [zil-additional-service] [   scheduling-1] r.a.observability.ObservabilityService   : LAB9 Observability window=1m category=web.additional.availability_new count=578 sumNanos=296605098227 avgNanos=513157609
zil-additional-service  | 2026-05-05T00:23:24.079Z  INFO 1 --- [zil-additional-service] [   scheduling-1] r.a.observability.ObservabilityService   : LAB9 Observability window=1m category=additional.statsComputation.availability.allCitiesAllDates count=578 sumNanos=365236907 avgNanos=631897
zil-additional-service  | 2026-05-05T00:23:28.862Z  INFO 1 --- [zil-additional-service] [   scheduling-1] r.additional.service.ClientCacheService  : [client-cache-statistics] Client cache size=1000
zil-additional-service  | 2026-05-05T00:23:29.085Z  INFO 1 --- [zil-additional-service] [   scheduling-1] r.a.observability.ObservabilityService   : LAB9 Observability window=10s category=additional.statsComputation.stats count=19 sumNanos=48338 avgNanos=2544
zil-additional-service  | 2026-05-05T00:23:29.085Z  INFO 1 --- [zil-additional-service] [   scheduling-1] r.a.observability.ObservabilityService   : LAB9 Observability window=10s category=web.additional.stats count=19 sumNanos=6090031629 avgNanos=320527980
zil-additional-service  | 2026-05-05T00:23:29.085Z  INFO 1 --- [zil-additional-service] [   scheduling-1] r.a.observability.ObservabilityService   : LAB9 Observability window=10s category=http.main.rents count=474 sumNanos=79619837159 avgNanos=167974339
zil-additional-service  | 2026-05-05T00:23:29.085Z  INFO 1 --- [zil-additional-service] [   scheduling-1] r.a.observability.ObservabilityService   : LAB9 Observability window=10s category=http.main.cars count=473 sumNanos=74591824540 avgNanos=157699417
zil-additional-service  | 2026-05-05T00:23:29.085Z  INFO 1 --- [zil-additional-service] [   scheduling-1] r.a.observability.ObservabilityService   : LAB9 Observability window=10s category=web.additional.availability_new count=455 sumNanos=148420779732 avgNanos=326199515
zil-additional-service  | 2026-05-05T00:23:29.086Z  INFO 1 --- [zil-additional-service] [   scheduling-1] r.a.observability.ObservabilityService   : LAB9 Observability window=10s category=additional.statsComputation.availability.allCitiesAllDates count=455 sumNanos=277872823 avgNanos=610709
zil-additional-service  | 2026-05-05T00:23:29.088Z  INFO 1 --- [zil-additional-service] [   scheduling-1] r.a.observability.ObservabilityService   : LAB9 Observability window=30s category=additional.statsComputation.stats count=33 sumNanos=114128 avgNanos=3458
zil-additional-service  | 2026-05-05T00:23:29.088Z  INFO 1 --- [zil-additional-service] [   scheduling-1] r.a.observability.ObservabilityService   : LAB9 Observability window=30s category=web.additional.stats count=33 sumNanos=14551686373 avgNanos=440960193
zil-additional-service  | 2026-05-05T00:23:29.088Z  INFO 1 --- [zil-additional-service] [   scheduling-1] r.a.observability.ObservabilityService   : LAB9 Observability window=30s category=http.main.clients count=1 sumNanos=879422181 avgNanos=879422181
zil-additional-service  | 2026-05-05T00:23:29.089Z  INFO 1 --- [zil-additional-service] [   scheduling-1] r.a.observability.ObservabilityService   : LAB9 Observability window=30s category=http.main.rents count=842 sumNanos=204509623745 avgNanos=242885538
zil-additional-service  | 2026-05-05T00:23:29.089Z  INFO 1 --- [zil-additional-service] [   scheduling-1] r.a.observability.ObservabilityService   : LAB9 Observability window=30s category=http.main.cars count=849 sumNanos=180133864311 avgNanos=212171807
zil-additional-service  | 2026-05-05T00:23:29.089Z  INFO 1 --- [zil-additional-service] [   scheduling-1] r.a.observability.ObservabilityService   : LAB9 Observability window=30s category=web.additional.availability_new count=809 sumNanos=371039184135 avgNanos=458639288
zil-additional-service  | 2026-05-05T00:23:29.090Z  INFO 1 --- [zil-additional-service] [   scheduling-1] r.a.observability.ObservabilityService   : LAB9 Observability window=30s category=additional.statsComputation.availability.allCitiesAllDates count=809 sumNanos=508506545 avgNanos=628561
zil-additional-service  | 2026-05-05T00:23:29.091Z  INFO 1 --- [zil-additional-service] [   scheduling-1] r.a.observability.ObservabilityService   : LAB9 Observability window=1m category=additional.statsComputation.stats count=33 sumNanos=114128 avgNanos=3458
zil-additional-service  | 2026-05-05T00:23:29.091Z  INFO 1 --- [zil-additional-service] [   scheduling-1] r.a.observability.ObservabilityService   : LAB9 Observability window=1m category=web.additional.stats count=33 sumNanos=14551686373 avgNanos=440960193
zil-additional-service  | 2026-05-05T00:23:29.091Z  INFO 1 --- [zil-additional-service] [   scheduling-1] r.a.observability.ObservabilityService   : LAB9 Observability window=1m category=http.main.clients count=1 sumNanos=879422181 avgNanos=879422181
zil-additional-service  | 2026-05-05T00:23:29.091Z  INFO 1 --- [zil-additional-service] [   scheduling-1] r.a.observability.ObservabilityService   : LAB9 Observability window=1m category=http.main.rents count=842 sumNanos=204509623745 avgNanos=242885538
zil-additional-service  | 2026-05-05T00:23:29.092Z  INFO 1 --- [zil-additional-service] [   scheduling-1] r.a.observability.ObservabilityService   : LAB9 Observability window=1m category=http.main.cars count=849 sumNanos=180133864311 avgNanos=212171807
zil-additional-service  | 2026-05-05T00:23:29.092Z  INFO 1 --- [zil-additional-service] [   scheduling-1] r.a.observability.ObservabilityService   : LAB9 Observability window=1m category=web.additional.availability_new count=809 sumNanos=371039184135 avgNanos=458639288
zil-additional-service  | 2026-05-05T00:23:29.092Z  INFO 1 --- [zil-additional-service] [   scheduling-1] r.a.observability.ObservabilityService   : LAB9 Observability window=1m category=additional.statsComputation.availability.allCitiesAllDates count=809 sumNanos=508506545 avgNanos=628561
zil-additional-service  | 2026-05-05T00:23:34.098Z  INFO 1 --- [zil-additional-service] [   scheduling-1] r.a.observability.ObservabilityService   : LAB9 Observability window=10s category=additional.statsComputation.stats count=17 sumNanos=43718 avgNanos=2571
zil-additional-service  | 2026-05-05T00:23:34.098Z  INFO 1 --- [zil-additional-service] [   scheduling-1] r.a.observability.ObservabilityService   : LAB9 Observability window=10s category=web.additional.stats count=17 sumNanos=6050777546 avgNanos=355928090
zil-additional-service  | 2026-05-05T00:23:34.105Z  INFO 1 --- [zil-additional-service] [   scheduling-1] r.a.observability.ObservabilityService   : LAB9 Observability window=10s category=http.main.rents count=468 sumNanos=79172941046 avgNanos=169172950
zil-additional-service  | 2026-05-05T00:23:34.105Z  INFO 1 --- [zil-additional-service] [   scheduling-1] r.a.observability.ObservabilityService   : LAB9 Observability window=10s category=http.main.cars count=467 sumNanos=75267574393 avgNanos=161172536
zil-additional-service  | 2026-05-05T00:23:34.105Z  INFO 1 --- [zil-additional-service] [   scheduling-1] r.a.observability.ObservabilityService   : LAB9 Observability window=10s category=web.additional.availability_new count=451 sumNanos=149079472787 avgNanos=330553154
zil-additional-service  | 2026-05-05T00:23:34.105Z  INFO 1 --- [zil-additional-service] [   scheduling-1] r.a.observability.ObservabilityService   : LAB9 Observability window=10s category=additional.statsComputation.availability.allCitiesAllDates count=451 sumNanos=221150344 avgNanos=490355
zil-additional-service  | 2026-05-05T00:23:34.106Z  INFO 1 --- [zil-additional-service] [   scheduling-1] r.a.observability.ObservabilityService   : LAB9 Observability window=30s category=additional.statsComputation.stats count=40 sumNanos=132169 avgNanos=3304
zil-additional-service  | 2026-05-05T00:23:34.107Z  INFO 1 --- [zil-additional-service] [   scheduling-1] r.a.observability.ObservabilityService   : LAB9 Observability window=30s category=web.additional.stats count=40 sumNanos=17483614820 avgNanos=437090370
zil-additional-service  | 2026-05-05T00:23:34.108Z  INFO 1 --- [zil-additional-service] [   scheduling-1] r.a.observability.ObservabilityService   : LAB9 Observability window=30s category=http.main.clients count=1 sumNanos=879422181 avgNanos=879422181
zil-additional-service  | 2026-05-05T00:23:34.111Z  INFO 1 --- [zil-additional-service] [   scheduling-1] r.a.observability.ObservabilityService   : LAB9 Observability window=30s category=http.main.rents count=1070 sumNanos=244201239109 avgNanos=228225457
zil-additional-service  | 2026-05-05T00:23:34.112Z  INFO 1 --- [zil-additional-service] [   scheduling-1] r.a.observability.ObservabilityService   : LAB9 Observability window=30s category=http.main.cars count=1080 sumNanos=218060316753 avgNanos=201907700
zil-additional-service  | 2026-05-05T00:23:34.112Z  INFO 1 --- [zil-additional-service] [   scheduling-1] r.a.observability.ObservabilityService   : LAB9 Observability window=30s category=web.additional.availability_new count=1030 sumNanos=445960623323 avgNanos=432971478
zil-additional-service  | 2026-05-05T00:23:34.112Z  INFO 1 --- [zil-additional-service] [   scheduling-1] r.a.observability.ObservabilityService   : LAB9 Observability window=30s category=additional.statsComputation.availability.allCitiesAllDates count=1030 sumNanos=586552732 avgNanos=569468
zil-additional-service  | 2026-05-05T00:23:34.114Z  INFO 1 --- [zil-additional-service] [   scheduling-1] r.a.observability.ObservabilityService   : LAB9 Observability window=1m category=additional.statsComputation.stats count=40 sumNanos=132169 avgNanos=3304
zil-additional-service  | 2026-05-05T00:23:34.115Z  INFO 1 --- [zil-additional-service] [   scheduling-1] r.a.observability.ObservabilityService   : LAB9 Observability window=1m category=web.additional.stats count=40 sumNanos=17483614820 avgNanos=437090370
zil-additional-service  | 2026-05-05T00:23:34.115Z  INFO 1 --- [zil-additional-service] [   scheduling-1] r.a.observability.ObservabilityService   : LAB9 Observability window=1m category=http.main.clients count=1 sumNanos=879422181 avgNanos=879422181
zil-additional-service  | 2026-05-05T00:23:34.116Z  INFO 1 --- [zil-additional-service] [   scheduling-1] r.a.observability.ObservabilityService   : LAB9 Observability window=1m category=http.main.rents count=1071 sumNanos=244352338793 avgNanos=228153444
zil-additional-service  | 2026-05-05T00:23:34.117Z  INFO 1 --- [zil-additional-service] [   scheduling-1] r.a.observability.ObservabilityService   : LAB9 Observability window=1m category=http.main.cars count=1080 sumNanos=218060316753 avgNanos=201907700
zil-additional-service  | 2026-05-05T00:23:34.123Z  INFO 1 --- [zil-additional-service] [   scheduling-1] r.a.observability.ObservabilityService   : LAB9 Observability window=1m category=web.additional.availability_new count=1030 sumNanos=445960623323 avgNanos=432971478
zil-additional-service  | 2026-05-05T00:23:34.123Z  INFO 1 --- [zil-additional-service] [   scheduling-1] r.a.observability.ObservabilityService   : LAB9 Observability window=1m category=additional.statsComputation.availability.allCitiesAllDates count=1030 sumNanos=586552732 avgNanos=569468
zil-additional-service  | 2026-05-05T00:23:38.897Z  INFO 1 --- [zil-additional-service] [   scheduling-1] r.additional.service.ClientCacheService  : [client-cache-statistics] Client cache size=1000
zil-additional-service  | 2026-05-05T00:23:39.127Z  INFO 1 --- [zil-additional-service] [   scheduling-1] r.a.observability.ObservabilityService   : LAB9 Observability window=10s category=additional.statsComputation.stats count=18 sumNanos=48731 avgNanos=2707
zil-additional-service  | 2026-05-05T00:23:39.130Z  INFO 1 --- [zil-additional-service] [   scheduling-1] r.a.observability.ObservabilityService   : LAB9 Observability window=10s category=web.additional.stats count=18 sumNanos=6573104513 avgNanos=365172472
zil-additional-service  | 2026-05-05T00:23:39.131Z  INFO 1 --- [zil-additional-service] [   scheduling-1] r.a.observability.ObservabilityService   : LAB9 Observability window=10s category=http.main.rents count=473 sumNanos=79667130766 avgNanos=168429451
zil-additional-service  | 2026-05-05T00:23:39.132Z  INFO 1 --- [zil-additional-service] [   scheduling-1] r.a.observability.ObservabilityService   : LAB9 Observability window=10s category=http.main.cars count=474 sumNanos=75338501372 avgNanos=158941986
zil-additional-service  | 2026-05-05T00:23:39.132Z  INFO 1 --- [zil-additional-service] [   scheduling-1] r.a.observability.ObservabilityService   : LAB9 Observability window=10s category=web.additional.availability_new count=455 sumNanos=149379236373 avgNanos=328306014
zil-additional-service  | 2026-05-05T00:23:39.133Z  INFO 1 --- [zil-additional-service] [   scheduling-1] r.a.observability.ObservabilityService   : LAB9 Observability window=10s category=additional.statsComputation.availability.allCitiesAllDates count=455 sumNanos=175500960 avgNanos=385716
zil-additional-service  | 2026-05-05T00:23:39.135Z  INFO 1 --- [zil-additional-service] [   scheduling-1] r.a.observability.ObservabilityService   : LAB9 Observability window=30s category=additional.statsComputation.stats count=48 sumNanos=120446 avgNanos=2509
zil-additional-service  | 2026-05-05T00:23:39.136Z  INFO 1 --- [zil-additional-service] [   scheduling-1] r.a.observability.ObservabilityService   : LAB9 Observability window=30s category=web.additional.stats count=48 sumNanos=17553241612 avgNanos=365692533
zil-additional-service  | 2026-05-05T00:23:39.136Z  INFO 1 --- [zil-additional-service] [   scheduling-1] r.a.observability.ObservabilityService   : LAB9 Observability window=30s category=http.main.rents count=1277 sumNanos=253612804565 avgNanos=198600473
zil-additional-service  | 2026-05-05T00:23:39.137Z  INFO 1 --- [zil-additional-service] [   scheduling-1] r.a.observability.ObservabilityService   : LAB9 Observability window=30s category=http.main.cars count=1275 sumNanos=233011000076 avgNanos=182753725
zil-additional-service  | 2026-05-05T00:23:39.138Z  INFO 1 --- [zil-additional-service] [   scheduling-1] r.a.observability.ObservabilityService   : LAB9 Observability window=30s category=web.additional.availability_new count=1229 sumNanos=474237069647 avgNanos=385872310
zil-additional-service  | 2026-05-05T00:23:39.139Z  INFO 1 --- [zil-additional-service] [   scheduling-1] r.a.observability.ObservabilityService   : LAB9 Observability window=30s category=additional.statsComputation.availability.allCitiesAllDates count=1229 sumNanos=615297704 avgNanos=500649
zil-additional-service  | 2026-05-05T00:23:39.142Z  INFO 1 --- [zil-additional-service] [   scheduling-1] r.a.observability.ObservabilityService   : LAB9 Observability window=1m category=additional.statsComputation.stats count=51 sumNanos=162859 avgNanos=3193
zil-additional-service  | 2026-05-05T00:23:39.142Z  INFO 1 --- [zil-additional-service] [   scheduling-1] r.a.observability.ObservabilityService   : LAB9 Observability window=1m category=web.additional.stats count=51 sumNanos=21124790886 avgNanos=414211586
zil-additional-service  | 2026-05-05T00:23:39.142Z  INFO 1 --- [zil-additional-service] [   scheduling-1] r.a.observability.ObservabilityService   : LAB9 Observability window=1m category=http.main.clients count=1 sumNanos=879422181 avgNanos=879422181
zil-additional-service  | 2026-05-05T00:23:39.142Z  INFO 1 --- [zil-additional-service] [   scheduling-1] r.a.observability.ObservabilityService   : LAB9 Observability window=1m category=http.main.rents count=1316 sumNanos=284335748223 avgNanos=216060598
zil-additional-service  | 2026-05-05T00:23:39.142Z  INFO 1 --- [zil-additional-service] [   scheduling-1] r.a.observability.ObservabilityService   : LAB9 Observability window=1m category=http.main.cars count=1325 sumNanos=255746648236 avgNanos=193016338
zil-additional-service  | 2026-05-05T00:23:39.143Z  INFO 1 --- [zil-additional-service] [   scheduling-1] r.a.observability.ObservabilityService   : LAB9 Observability window=1m category=web.additional.availability_new count=1265 sumNanos=520768887009 avgNanos=411675009
zil-additional-service  | 2026-05-05T00:23:39.143Z  INFO 1 --- [zil-additional-service] [   scheduling-1] r.a.observability.ObservabilityService   : LAB9 Observability window=1m category=additional.statsComputation.availability.allCitiesAllDates count=1265 sumNanos=684218320 avgNanos=540884
zil-additional-service  | 2026-05-05T00:23:44.145Z  INFO 1 --- [zil-additional-service] [   scheduling-1] r.a.observability.ObservabilityService   : LAB9 Observability window=10s category=additional.statsComputation.stats count=24 sumNanos=66305 avgNanos=2762
zil-additional-service  | 2026-05-05T00:23:44.148Z  INFO 1 --- [zil-additional-service] [   scheduling-1] r.a.observability.ObservabilityService   : LAB9 Observability window=10s category=web.additional.stats count=24 sumNanos=7517636940 avgNanos=313234872
zil-additional-service  | 2026-05-05T00:23:44.149Z  INFO 1 --- [zil-additional-service] [   scheduling-1] r.a.observability.ObservabilityService   : LAB9 Observability window=10s category=http.main.rents count=481 sumNanos=78808635654 avgNanos=163843317
zil-additional-service  | 2026-05-05T00:23:44.149Z  INFO 1 --- [zil-additional-service] [   scheduling-1] r.a.observability.ObservabilityService   : LAB9 Observability window=10s category=http.main.cars count=482 sumNanos=74987945593 avgNanos=155576650
zil-additional-service  | 2026-05-05T00:23:44.150Z  INFO 1 --- [zil-additional-service] [   scheduling-1] r.a.observability.ObservabilityService   : LAB9 Observability window=10s category=web.additional.availability_new count=457 sumNanos=146434817404 avgNanos=320426296
zil-additional-service  | 2026-05-05T00:23:44.150Z  INFO 1 --- [zil-additional-service] [   scheduling-1] r.a.observability.ObservabilityService   : LAB9 Observability window=10s category=additional.statsComputation.availability.allCitiesAllDates count=457 sumNanos=176521758 avgNanos=386262
zil-additional-service  | 2026-05-05T00:23:44.151Z  INFO 1 --- [zil-additional-service] [   scheduling-1] r.a.observability.ObservabilityService   : LAB9 Observability window=30s category=additional.statsComputation.stats count=60 sumNanos=154290 avgNanos=2571
zil-additional-service  | 2026-05-05T00:23:44.153Z  INFO 1 --- [zil-additional-service] [   scheduling-1] r.a.observability.ObservabilityService   : LAB9 Observability window=30s category=web.additional.stats count=60 sumNanos=20233734123 avgNanos=337228902
zil-additional-service  | 2026-05-05T00:23:44.153Z  INFO 1 --- [zil-additional-service] [   scheduling-1] r.a.observability.ObservabilityService   : LAB9 Observability window=30s category=http.main.rents count=1392 sumNanos=241625865418 avgNanos=173581799
zil-additional-service  | 2026-05-05T00:23:44.153Z  INFO 1 --- [zil-additional-service] [   scheduling-1] r.a.observability.ObservabilityService   : LAB9 Observability window=30s category=http.main.cars count=1396 sumNanos=227374035256 avgNanos=162875383
zil-additional-service  | 2026-05-05T00:23:44.153Z  INFO 1 --- [zil-additional-service] [   scheduling-1] r.a.observability.ObservabilityService   : LAB9 Observability window=30s category=web.additional.availability_new count=1332 sumNanos=450416741140 avgNanos=338150706
zil-additional-service  | 2026-05-05T00:23:44.155Z  INFO 1 --- [zil-additional-service] [   scheduling-1] r.a.observability.ObservabilityService   : LAB9 Observability window=30s category=additional.statsComputation.availability.allCitiesAllDates count=1332 sumNanos=624798139 avgNanos=469067
zil-additional-service  | 2026-05-05T00:23:44.158Z  INFO 1 --- [zil-additional-service] [   scheduling-1] r.a.observability.ObservabilityService   : LAB9 Observability window=1m category=additional.statsComputation.stats count=64 sumNanos=198474 avgNanos=3101
zil-additional-service  | 2026-05-05T00:23:44.159Z  INFO 1 --- [zil-additional-service] [   scheduling-1] r.a.observability.ObservabilityService   : LAB9 Observability window=1m category=web.additional.stats count=64 sumNanos=25001251760 avgNanos=390644558
zil-additional-service  | 2026-05-05T00:23:44.159Z  INFO 1 --- [zil-additional-service] [   scheduling-1] r.a.observability.ObservabilityService   : LAB9 Observability window=1m category=http.main.clients count=1 sumNanos=879422181 avgNanos=879422181
zil-additional-service  | 2026-05-05T00:23:44.159Z  INFO 1 --- [zil-additional-service] [   scheduling-1] r.a.observability.ObservabilityService   : LAB9 Observability window=1m category=http.main.rents count=1555 sumNanos=323627373663 avgNanos=208120497
zil-additional-service  | 2026-05-05T00:23:44.159Z  INFO 1 --- [zil-additional-service] [   scheduling-1] r.a.observability.ObservabilityService   : LAB9 Observability window=1m category=http.main.cars count=1565 sumNanos=293749521277 avgNanos=187699374
zil-additional-service  | 2026-05-05T00:23:44.159Z  INFO 1 --- [zil-additional-service] [   scheduling-1] r.a.observability.ObservabilityService   : LAB9 Observability window=1m category=web.additional.availability_new count=1491 sumNanos=593714225436 avgNanos=398198675
zil-additional-service  | 2026-05-05T00:23:44.159Z  INFO 1 --- [zil-additional-service] [   scheduling-1] r.a.observability.ObservabilityService   : LAB9 Observability window=1m category=additional.statsComputation.availability.allCitiesAllDates count=1491 sumNanos=763548920 avgNanos=512105
zil-additional-service  | 2026-05-05T00:23:48.864Z  INFO 1 --- [zil-additional-service] [   scheduling-1] r.additional.service.ClientCacheService  : [client-cache-statistics] Client cache size=1000
zil-additional-service  | 2026-05-05T00:23:49.163Z  INFO 1 --- [zil-additional-service] [   scheduling-1] r.a.observability.ObservabilityService   : LAB9 Observability window=10s category=additional.statsComputation.stats count=21 sumNanos=68855 avgNanos=3278
zil-additional-service  | 2026-05-05T00:23:49.164Z  INFO 1 --- [zil-additional-service] [   scheduling-1] r.a.observability.ObservabilityService   : LAB9 Observability window=10s category=web.additional.stats count=21 sumNanos=6442038761 avgNanos=306763750
zil-additional-service  | 2026-05-05T00:23:49.166Z  INFO 1 --- [zil-additional-service] [   scheduling-1] r.a.observability.ObservabilityService   : LAB9 Observability window=10s category=http.main.rents count=477 sumNanos=79001488296 avgNanos=165621568
zil-additional-service  | 2026-05-05T00:23:49.168Z  INFO 1 --- [zil-additional-service] [   scheduling-1] r.a.observability.ObservabilityService   : LAB9 Observability window=10s category=http.main.cars count=475 sumNanos=76494153216 avgNanos=161040322
zil-additional-service  | 2026-05-05T00:23:49.169Z  INFO 1 --- [zil-additional-service] [   scheduling-1] r.a.observability.ObservabilityService   : LAB9 Observability window=10s category=web.additional.availability_new count=456 sumNanos=149489712451 avgNanos=327828316
zil-additional-service  | 2026-05-05T00:23:49.175Z  INFO 1 --- [zil-additional-service] [   scheduling-1] r.a.observability.ObservabilityService   : LAB9 Observability window=10s category=additional.statsComputation.availability.allCitiesAllDates count=456 sumNanos=131311582 avgNanos=287963
zil-additional-service  | 2026-05-05T00:23:49.176Z  INFO 1 --- [zil-additional-service] [   scheduling-1] r.a.observability.ObservabilityService   : LAB9 Observability window=30s category=additional.statsComputation.stats count=58 sumNanos=165924 avgNanos=2860
zil-additional-service  | 2026-05-05T00:23:49.177Z  INFO 1 --- [zil-additional-service] [   scheduling-1] r.a.observability.ObservabilityService   : LAB9 Observability window=30s category=web.additional.stats count=58 sumNanos=19105174903 avgNanos=329399567
zil-additional-service  | 2026-05-05T00:23:49.179Z  INFO 1 --- [zil-additional-service] [   scheduling-1] r.a.observability.ObservabilityService   : LAB9 Observability window=30s category=http.main.rents count=1425 sumNanos=238462861912 avgNanos=167342359
zil-additional-service  | 2026-05-05T00:23:49.180Z  INFO 1 --- [zil-additional-service] [   scheduling-1] r.a.observability.ObservabilityService   : LAB9 Observability window=30s category=http.main.cars count=1422 sumNanos=226436373611 avgNanos=159237956
zil-additional-service  | 2026-05-05T00:23:49.182Z  INFO 1 --- [zil-additional-service] [   scheduling-1] r.a.observability.ObservabilityService   : LAB9 Observability window=30s category=web.additional.availability_new count=1366 sumNanos=447288476176 avgNanos=327443979
zil-additional-service  | 2026-05-05T00:23:49.183Z  INFO 1 --- [zil-additional-service] [   scheduling-1] r.a.observability.ObservabilityService   : LAB9 Observability window=30s category=additional.statsComputation.availability.allCitiesAllDates count=1366 sumNanos=584613727 avgNanos=427974
zil-additional-service  | 2026-05-05T00:23:49.183Z  INFO 1 --- [zil-additional-service] [   scheduling-1] r.a.observability.ObservabilityService   : LAB9 Observability window=1m category=additional.statsComputation.stats count=72 sumNanos=231714 avgNanos=3218
zil-additional-service  | 2026-05-05T00:23:49.183Z  INFO 1 --- [zil-additional-service] [   scheduling-1] r.a.observability.ObservabilityService   : LAB9 Observability window=1m category=web.additional.stats count=72 sumNanos=27566829647 avgNanos=382872633
zil-additional-service  | 2026-05-05T00:23:49.183Z  INFO 1 --- [zil-additional-service] [   scheduling-1] r.a.observability.ObservabilityService   : LAB9 Observability window=1m category=http.main.clients count=1 sumNanos=879422181 avgNanos=879422181
zil-additional-service  | 2026-05-05T00:23:49.183Z  INFO 1 --- [zil-additional-service] [   scheduling-1] r.a.observability.ObservabilityService   : LAB9 Observability window=1m category=http.main.rents count=1795 sumNanos=363619551024 avgNanos=202573566
zil-additional-service  | 2026-05-05T00:23:49.183Z  INFO 1 --- [zil-additional-service] [   scheduling-1] r.a.observability.ObservabilityService   : LAB9 Observability window=1m category=http.main.cars count=1801 sumNanos=332373235912 avgNanos=184549270
zil-additional-service  | 2026-05-05T00:23:49.183Z  INFO 1 --- [zil-additional-service] [   scheduling-1] r.a.observability.ObservabilityService   : LAB9 Observability window=1m category=web.additional.availability_new count=1722 sumNanos=670558784379 avgNanos=389406959
zil-additional-service  | 2026-05-05T00:23:49.184Z  INFO 1 --- [zil-additional-service] [   scheduling-1] r.a.observability.ObservabilityService   : LAB9 Observability window=1m category=additional.statsComputation.availability.allCitiesAllDates count=1722 sumNanos=815623354 avgNanos=473648
zil-additional-service  | 2026-05-05T00:23:54.192Z  INFO 1 --- [zil-additional-service] [   scheduling-1] r.a.observability.ObservabilityService   : LAB9 Observability window=10s category=additional.statsComputation.stats count=21 sumNanos=84064 avgNanos=4003
zil-additional-service  | 2026-05-05T00:23:54.201Z  INFO 1 --- [zil-additional-service] [   scheduling-1] r.a.observability.ObservabilityService   : LAB9 Observability window=10s category=web.additional.stats count=21 sumNanos=6575322382 avgNanos=313110589
zil-additional-service  | 2026-05-05T00:23:54.202Z  INFO 1 --- [zil-additional-service] [   scheduling-1] r.a.observability.ObservabilityService   : LAB9 Observability window=10s category=http.main.rents count=483 sumNanos=78612605004 avgNanos=162759016
zil-additional-service  | 2026-05-05T00:23:54.202Z  INFO 1 --- [zil-additional-service] [   scheduling-1] r.a.observability.ObservabilityService   : LAB9 Observability window=10s category=http.main.cars count=479 sumNanos=76283847553 avgNanos=159256466
zil-additional-service  | 2026-05-05T00:23:54.202Z  INFO 1 --- [zil-additional-service] [   scheduling-1] r.a.observability.ObservabilityService   : LAB9 Observability window=10s category=web.additional.availability_new count=462 sumNanos=149686233372 avgNanos=323996176
zil-additional-service  | 2026-05-05T00:23:54.203Z  INFO 1 --- [zil-additional-service] [   scheduling-1] r.a.observability.ObservabilityService   : LAB9 Observability window=10s category=additional.statsComputation.availability.allCitiesAllDates count=462 sumNanos=122584551 avgNanos=265334
zil-additional-service  | 2026-05-05T00:23:54.204Z  INFO 1 --- [zil-additional-service] [   scheduling-1] r.a.observability.ObservabilityService   : LAB9 Observability window=30s category=additional.statsComputation.stats count=62 sumNanos=194087 avgNanos=3130
zil-additional-service  | 2026-05-05T00:23:54.204Z  INFO 1 --- [zil-additional-service] [   scheduling-1] r.a.observability.ObservabilityService   : LAB9 Observability window=30s category=web.additional.stats count=62 sumNanos=20143736868 avgNanos=324898981
zil-additional-service  | 2026-05-05T00:23:54.204Z  INFO 1 --- [zil-additional-service] [   scheduling-1] r.a.observability.ObservabilityService   : LAB9 Observability window=30s category=http.main.rents count=1434 sumNanos=236868934416 avgNanos=165180567
zil-additional-service  | 2026-05-05T00:23:54.204Z  INFO 1 --- [zil-additional-service] [   scheduling-1] r.a.observability.ObservabilityService   : LAB9 Observability window=30s category=http.main.cars count=1430 sumNanos=226945881693 avgNanos=158703413
zil-additional-service  | 2026-05-05T00:23:54.204Z  INFO 1 --- [zil-additional-service] [   scheduling-1] r.a.observability.ObservabilityService   : LAB9 Observability window=30s category=web.additional.availability_new count=1372 sumNanos=445844582702 avgNanos=324959608
zil-additional-service  | 2026-05-05T00:23:54.204Z  INFO 1 --- [zil-additional-service] [   scheduling-1] r.a.observability.ObservabilityService   : LAB9 Observability window=30s category=additional.statsComputation.availability.allCitiesAllDates count=1372 sumNanos=517531454 avgNanos=377209
zil-additional-service  | 2026-05-05T00:23:54.205Z  INFO 1 --- [zil-additional-service] [   scheduling-1] r.a.observability.ObservabilityService   : LAB9 Observability window=1m category=additional.statsComputation.stats count=85 sumNanos=282538 avgNanos=3323
zil-additional-service  | 2026-05-05T00:23:54.205Z  INFO 1 --- [zil-additional-service] [   scheduling-1] r.a.observability.ObservabilityService   : LAB9 Observability window=1m category=web.additional.stats count=85 sumNanos=31576574142 avgNanos=371489107
zil-additional-service  | 2026-05-05T00:23:54.205Z  INFO 1 --- [zil-additional-service] [   scheduling-1] r.a.observability.ObservabilityService   : LAB9 Observability window=1m category=http.main.clients count=1 sumNanos=879422181 avgNanos=879422181
zil-additional-service  | 2026-05-05T00:23:54.205Z  INFO 1 --- [zil-additional-service] [   scheduling-1] r.a.observability.ObservabilityService   : LAB9 Observability window=1m category=http.main.rents count=2041 sumNanos=402708103669 avgNanos=197309212
zil-additional-service  | 2026-05-05T00:23:54.205Z  INFO 1 --- [zil-additional-service] [   scheduling-1] r.a.observability.ObservabilityService   : LAB9 Observability window=1m category=http.main.cars count=2046 sumNanos=370311485855 avgNanos=180992906
zil-additional-service  | 2026-05-05T00:23:54.205Z  INFO 1 --- [zil-additional-service] [   scheduling-1] r.a.observability.ObservabilityService   : LAB9 Observability window=1m category=web.additional.availability_new count=1956 sumNanos=744283377392 avgNanos=380512974
zil-additional-service  | 2026-05-05T00:23:54.205Z  INFO 1 --- [zil-additional-service] [   scheduling-1] r.a.observability.ObservabilityService   : LAB9 Observability window=1m category=additional.statsComputation.availability.allCitiesAllDates count=1956 sumNanos=886483959 avgNanos=453212
zil-additional-service  | 2026-05-05T00:23:58.862Z  INFO 1 --- [zil-additional-service] [   scheduling-1] r.additional.service.ClientCacheService  : [client-cache-statistics] Client cache size=1000
zil-additional-service  | 2026-05-05T00:23:59.207Z  INFO 1 --- [zil-additional-service] [   scheduling-1] r.a.observability.ObservabilityService   : LAB9 Observability window=10s category=additional.statsComputation.stats count=28 sumNanos=106956 avgNanos=3819
zil-additional-service  | 2026-05-05T00:23:59.209Z  INFO 1 --- [zil-additional-service] [   scheduling-1] r.a.observability.ObservabilityService   : LAB9 Observability window=10s category=web.additional.stats count=28 sumNanos=8804988161 avgNanos=314463862
zil-additional-service  | 2026-05-05T00:23:59.210Z  INFO 1 --- [zil-additional-service] [   scheduling-1] r.a.observability.ObservabilityService   : LAB9 Observability window=10s category=http.main.rents count=482 sumNanos=77787520753 avgNanos=161384897
zil-additional-service  | 2026-05-05T00:23:59.210Z  INFO 1 --- [zil-additional-service] [   scheduling-1] r.a.observability.ObservabilityService   : LAB9 Observability window=10s category=http.main.cars count=484 sumNanos=76287521932 avgNanos=157618846
zil-additional-service  | 2026-05-05T00:23:59.211Z  INFO 1 --- [zil-additional-service] [   scheduling-1] r.a.observability.ObservabilityService   : LAB9 Observability window=10s category=web.additional.availability_new count=454 sumNanos=145214747097 avgNanos=319856271
zil-additional-service  | 2026-05-05T00:23:59.212Z  INFO 1 --- [zil-additional-service] [   scheduling-1] r.a.observability.ObservabilityService   : LAB9 Observability window=10s category=additional.statsComputation.availability.allCitiesAllDates count=454 sumNanos=162436059 avgNanos=357788
zil-additional-service  | 2026-05-05T00:23:59.213Z  INFO 1 --- [zil-additional-service] [   scheduling-1] r.a.observability.ObservabilityService   : LAB9 Observability window=30s category=additional.statsComputation.stats count=67 sumNanos=224542 avgNanos=3351
zil-additional-service  | 2026-05-05T00:23:59.217Z  INFO 1 --- [zil-additional-service] [   scheduling-1] r.a.observability.ObservabilityService   : LAB9 Observability window=30s category=web.additional.stats count=67 sumNanos=21820131435 avgNanos=325673603
zil-additional-service  | 2026-05-05T00:23:59.218Z  INFO 1 --- [zil-additional-service] [   scheduling-1] r.a.observability.ObservabilityService   : LAB9 Observability window=30s category=http.main.rents count=1432 sumNanos=236324476108 avgNanos=165031058
zil-additional-service  | 2026-05-05T00:23:59.218Z  INFO 1 --- [zil-additional-service] [   scheduling-1] r.a.observability.ObservabilityService   : LAB9 Observability window=30s category=http.main.cars count=1432 sumNanos=227806075408 avgNanos=159082454
zil-additional-service  | 2026-05-05T00:23:59.218Z  INFO 1 --- [zil-additional-service] [   scheduling-1] r.a.observability.ObservabilityService   : LAB9 Observability window=30s category=web.additional.availability_new count=1365 sumNanos=444009525025 avgNanos=325281703
zil-additional-service  | 2026-05-05T00:23:59.221Z  INFO 1 --- [zil-additional-service] [   scheduling-1] r.a.observability.ObservabilityService   : LAB9 Observability window=30s category=additional.statsComputation.availability.allCitiesAllDates count=1365 sumNanos=469540263 avgNanos=343985
zil-additional-service  | 2026-05-05T00:23:59.222Z  INFO 1 --- [zil-additional-service] [   scheduling-1] r.a.observability.ObservabilityService   : LAB9 Observability window=1m category=additional.statsComputation.stats count=100 sumNanos=338670 avgNanos=3386
zil-additional-service  | 2026-05-05T00:23:59.222Z  INFO 1 --- [zil-additional-service] [   scheduling-1] r.a.observability.ObservabilityService   : LAB9 Observability window=1m category=web.additional.stats count=100 sumNanos=36371817808 avgNanos=363718178
zil-additional-service  | 2026-05-05T00:23:59.222Z  INFO 1 --- [zil-additional-service] [   scheduling-1] r.a.observability.ObservabilityService   : LAB9 Observability window=1m category=http.main.clients count=1 sumNanos=879422181 avgNanos=879422181
zil-additional-service  | 2026-05-05T00:23:59.222Z  INFO 1 --- [zil-additional-service] [   scheduling-1] r.a.observability.ObservabilityService   : LAB9 Observability window=1m category=http.main.rents count=2278 sumNanos=441549662523 avgNanos=193832160
zil-additional-service  | 2026-05-05T00:23:59.223Z  INFO 1 --- [zil-additional-service] [   scheduling-1] r.a.observability.ObservabilityService   : LAB9 Observability window=1m category=http.main.cars count=2287 sumNanos=408967710922 avgNanos=178822785
zil-additional-service  | 2026-05-05T00:23:59.223Z  INFO 1 --- [zil-additional-service] [   scheduling-1] r.a.observability.ObservabilityService   : LAB9 Observability window=1m category=web.additional.availability_new count=2178 sumNanos=816446584342 avgNanos=374860690
zil-additional-service  | 2026-05-05T00:23:59.223Z  INFO 1 --- [zil-additional-service] [   scheduling-1] r.a.observability.ObservabilityService   : LAB9 Observability window=1m category=additional.statsComputation.availability.allCitiesAllDates count=2178 sumNanos=978467916 avgNanos=449250
zil-additional-service  | 2026-05-05T00:24:04.231Z  INFO 1 --- [zil-additional-service] [   scheduling-1] r.a.observability.ObservabilityService   : LAB9 Observability window=10s category=additional.statsComputation.stats count=24 sumNanos=81219 avgNanos=3384
zil-additional-service  | 2026-05-05T00:24:04.232Z  INFO 1 --- [zil-additional-service] [   scheduling-1] r.a.observability.ObservabilityService   : LAB9 Observability window=10s category=web.additional.stats count=24 sumNanos=7705678824 avgNanos=321069951
zil-additional-service  | 2026-05-05T00:24:04.232Z  INFO 1 --- [zil-additional-service] [   scheduling-1] r.a.observability.ObservabilityService   : LAB9 Observability window=10s category=http.main.rents count=476 sumNanos=77973616744 avgNanos=163810119
zil-additional-service  | 2026-05-05T00:24:04.233Z  INFO 1 --- [zil-additional-service] [   scheduling-1] r.a.observability.ObservabilityService   : LAB9 Observability window=10s category=http.main.cars count=475 sumNanos=77135491171 avgNanos=162390507
zil-additional-service  | 2026-05-05T00:24:04.233Z  INFO 1 --- [zil-additional-service] [   scheduling-1] r.a.observability.ObservabilityService   : LAB9 Observability window=10s category=web.additional.availability_new count=452 sumNanos=148071033954 avgNanos=327590783
zil-additional-service  | 2026-05-05T00:24:04.236Z  INFO 1 --- [zil-additional-service] [   scheduling-1] r.a.observability.ObservabilityService   : LAB9 Observability window=10s category=additional.statsComputation.availability.allCitiesAllDates count=452 sumNanos=209865163 avgNanos=464303
zil-additional-service  | 2026-05-05T00:24:04.238Z  INFO 1 --- [zil-additional-service] [   scheduling-1] r.a.observability.ObservabilityService   : LAB9 Observability window=30s category=additional.statsComputation.stats count=69 sumNanos=231588 avgNanos=3356
zil-additional-service  | 2026-05-05T00:24:04.242Z  INFO 1 --- [zil-additional-service] [   scheduling-1] r.a.observability.ObservabilityService   : LAB9 Observability window=30s category=web.additional.stats count=69 sumNanos=21798638146 avgNanos=315922291
zil-additional-service  | 2026-05-05T00:24:04.242Z  INFO 1 --- [zil-additional-service] [   scheduling-1] r.a.observability.ObservabilityService   : LAB9 Observability window=30s category=http.main.rents count=1440 sumNanos=235474828764 avgNanos=163524186
zil-additional-service  | 2026-05-05T00:24:04.243Z  INFO 1 --- [zil-additional-service] [   scheduling-1] r.a.observability.ObservabilityService   : LAB9 Observability window=30s category=http.main.cars count=1438 sumNanos=228697217256 avgNanos=159038398
zil-additional-service  | 2026-05-05T00:24:04.243Z  INFO 1 --- [zil-additional-service] [   scheduling-1] r.a.observability.ObservabilityService   : LAB9 Observability window=30s category=web.additional.availability_new count=1371 sumNanos=444267346724 avgNanos=324046204
zil-additional-service  | 2026-05-05T00:24:04.244Z  INFO 1 --- [zil-additional-service] [   scheduling-1] r.a.observability.ObservabilityService   : LAB9 Observability window=30s category=additional.statsComputation.availability.allCitiesAllDates count=1371 sumNanos=508604447 avgNanos=370973
zil-additional-service  | 2026-05-05T00:24:04.247Z  INFO 1 --- [zil-additional-service] [   scheduling-1] r.a.observability.ObservabilityService   : LAB9 Observability window=1m category=additional.statsComputation.stats count=109 sumNanos=363757 avgNanos=3337
zil-additional-service  | 2026-05-05T00:24:04.248Z  INFO 1 --- [zil-additional-service] [   scheduling-1] r.a.observability.ObservabilityService   : LAB9 Observability window=1m category=web.additional.stats count=109 sumNanos=39282252966 avgNanos=360387641
zil-additional-service  | 2026-05-05T00:24:04.249Z  INFO 1 --- [zil-additional-service] [   scheduling-1] r.a.observability.ObservabilityService   : LAB9 Observability window=1m category=http.main.clients count=1 sumNanos=879422181 avgNanos=879422181
zil-additional-service  | 2026-05-05T00:24:04.249Z  INFO 1 --- [zil-additional-service] [   scheduling-1] r.a.observability.ObservabilityService   : LAB9 Observability window=1m category=http.main.rents count=2517 sumNanos=480681720413 avgNanos=190974064
zil-additional-service  | 2026-05-05T00:24:04.250Z  INFO 1 --- [zil-additional-service] [   scheduling-1] r.a.observability.ObservabilityService   : LAB9 Observability window=1m category=http.main.cars count=2524 sumNanos=447917525389 avgNanos=177463361
zil-additional-service  | 2026-05-05T00:24:04.256Z  INFO 1 --- [zil-additional-service] [   scheduling-1] r.a.observability.ObservabilityService   : LAB9 Observability window=1m category=web.additional.availability_new count=2408 sumNanos=892354411346 avgNanos=370579074
zil-additional-service  | 2026-05-05T00:24:04.256Z  INFO 1 --- [zil-additional-service] [   scheduling-1] r.a.observability.ObservabilityService   : LAB9 Observability window=1m category=additional.statsComputation.availability.allCitiesAllDates count=2408 sumNanos=1096349122 avgNanos=455294
zil-additional-service  | 2026-05-05T00:24:08.865Z  INFO 1 --- [zil-additional-service] [   scheduling-1] r.additional.service.ClientCacheService  : [client-cache-statistics] Client cache size=1000
zil-additional-service  | 2026-05-05T00:24:09.264Z  INFO 1 --- [zil-additional-service] [   scheduling-1] r.a.observability.ObservabilityService   : LAB9 Observability window=10s category=additional.statsComputation.stats count=22 sumNanos=63886 avgNanos=2903
zil-additional-service  | 2026-05-05T00:24:09.268Z  INFO 1 --- [zil-additional-service] [   scheduling-1] r.a.observability.ObservabilityService   : LAB9 Observability window=10s category=web.additional.stats count=22 sumNanos=7184619100 avgNanos=326573595
zil-additional-service  | 2026-05-05T00:24:09.269Z  INFO 1 --- [zil-additional-service] [   scheduling-1] r.a.observability.ObservabilityService   : LAB9 Observability window=10s category=http.main.rents count=476 sumNanos=78734008364 avgNanos=165407580
zil-additional-service  | 2026-05-05T00:24:09.269Z  INFO 1 --- [zil-additional-service] [   scheduling-1] r.a.observability.ObservabilityService   : LAB9 Observability window=10s category=http.main.cars count=474 sumNanos=77042474289 avgNanos=162536865
zil-additional-service  | 2026-05-05T00:24:09.269Z  INFO 1 --- [zil-additional-service] [   scheduling-1] r.a.observability.ObservabilityService   : LAB9 Observability window=10s category=web.additional.availability_new count=454 sumNanos=149203143434 avgNanos=328641285
zil-additional-service  | 2026-05-05T00:24:09.269Z  INFO 1 --- [zil-additional-service] [   scheduling-1] r.a.observability.ObservabilityService   : LAB9 Observability window=10s category=additional.statsComputation.availability.allCitiesAllDates count=454 sumNanos=216817381 avgNanos=477571
zil-additional-service  | 2026-05-05T00:24:09.269Z  INFO 1 --- [zil-additional-service] [   scheduling-1] r.a.observability.ObservabilityService   : LAB9 Observability window=30s category=additional.statsComputation.stats count=70 sumNanos=237245 avgNanos=3389
zil-additional-service  | 2026-05-05T00:24:09.269Z  INFO 1 --- [zil-additional-service] [   scheduling-1] r.a.observability.ObservabilityService   : LAB9 Observability window=30s category=web.additional.stats count=70 sumNanos=22092758095 avgNanos=315610829
zil-additional-service  | 2026-05-05T00:24:09.274Z  INFO 1 --- [zil-additional-service] [   scheduling-1] r.a.observability.ObservabilityService   : LAB9 Observability window=30s category=http.main.rents count=1435 sumNanos=235483046761 avgNanos=164099684
zil-additional-service  | 2026-05-05T00:24:09.275Z  INFO 1 --- [zil-additional-service] [   scheduling-1] r.a.observability.ObservabilityService   : LAB9 Observability window=30s category=http.main.cars count=1434 sumNanos=229945951370 avgNanos=160352825
zil-additional-service  | 2026-05-05T00:24:09.275Z  INFO 1 --- [zil-additional-service] [   scheduling-1] r.a.observability.ObservabilityService   : LAB9 Observability window=30s category=web.additional.availability_new count=1365 sumNanos=444520858345 avgNanos=325656306
zil-additional-service  | 2026-05-05T00:24:09.275Z  INFO 1 --- [zil-additional-service] [   scheduling-1] r.a.observability.ObservabilityService   : LAB9 Observability window=30s category=additional.statsComputation.availability.allCitiesAllDates count=1365 sumNanos=510900968 avgNanos=374286
zil-additional-service  | 2026-05-05T00:24:09.276Z  INFO 1 --- [zil-additional-service] [   scheduling-1] r.a.observability.ObservabilityService   : LAB9 Observability window=1m category=additional.statsComputation.stats count=118 sumNanos=358372 avgNanos=3037
zil-additional-service  | 2026-05-05T00:24:09.276Z  INFO 1 --- [zil-additional-service] [   scheduling-1] r.a.observability.ObservabilityService   : LAB9 Observability window=1m category=web.additional.stats count=118 sumNanos=38788919271 avgNanos=328719654
zil-additional-service  | 2026-05-05T00:24:09.276Z  INFO 1 --- [zil-additional-service] [   scheduling-1] r.a.observability.ObservabilityService   : LAB9 Observability window=1m category=http.main.rents count=2717 sumNanos=488873453919 avgNanos=179931341
zil-additional-service  | 2026-05-05T00:24:09.277Z  INFO 1 --- [zil-additional-service] [   scheduling-1] r.a.observability.ObservabilityService   : LAB9 Observability window=1m category=http.main.cars count=2711 sumNanos=462118370407 avgNanos=170460483
zil-additional-service  | 2026-05-05T00:24:09.277Z  INFO 1 --- [zil-additional-service] [   scheduling-1] r.a.observability.ObservabilityService   : LAB9 Observability window=1m category=web.additional.availability_new count=2599 sumNanos=919273871112 avgNanos=353702913
zil-additional-service  | 2026-05-05T00:24:09.277Z  INFO 1 --- [zil-additional-service] [   scheduling-1] r.a.observability.ObservabilityService   : LAB9 Observability window=1m category=additional.statsComputation.availability.allCitiesAllDates count=2599 sumNanos=1126824146 avgNanos=433560
zil-additional-service  | 2026-05-05T00:24:14.281Z  INFO 1 --- [zil-additional-service] [   scheduling-1] r.a.observability.ObservabilityService   : LAB9 Observability window=10s category=additional.statsComputation.stats count=25 sumNanos=140956 avgNanos=5638
zil-additional-service  | 2026-05-05T00:24:14.283Z  INFO 1 --- [zil-additional-service] [   scheduling-1] r.a.observability.ObservabilityService   : LAB9 Observability window=10s category=web.additional.stats count=25 sumNanos=8013667325 avgNanos=320546693
zil-additional-service  | 2026-05-05T00:24:14.283Z  INFO 1 --- [zil-additional-service] [   scheduling-1] r.a.observability.ObservabilityService   : LAB9 Observability window=10s category=http.main.rents count=477 sumNanos=78374424541 avgNanos=164306969
zil-additional-service  | 2026-05-05T00:24:14.284Z  INFO 1 --- [zil-additional-service] [   scheduling-1] r.a.observability.ObservabilityService   : LAB9 Observability window=10s category=http.main.cars count=476 sumNanos=76829863447 avgNanos=161407276
zil-additional-service  | 2026-05-05T00:24:14.284Z  INFO 1 --- [zil-additional-service] [   scheduling-1] r.a.observability.ObservabilityService   : LAB9 Observability window=10s category=web.additional.availability_new count=452 sumNanos=147777644136 avgNanos=326941690
zil-additional-service  | 2026-05-05T00:24:14.284Z  INFO 1 --- [zil-additional-service] [   scheduling-1] r.a.observability.ObservabilityService   : LAB9 Observability window=10s category=additional.statsComputation.availability.allCitiesAllDates count=452 sumNanos=202307065 avgNanos=447582
zil-additional-service  | 2026-05-05T00:24:14.285Z  INFO 1 --- [zil-additional-service] [   scheduling-1] r.a.observability.ObservabilityService   : LAB9 Observability window=30s category=additional.statsComputation.stats count=70 sumNanos=306239 avgNanos=4374
zil-additional-service  | 2026-05-05T00:24:14.285Z  INFO 1 --- [zil-additional-service] [   scheduling-1] r.a.observability.ObservabilityService   : LAB9 Observability window=30s category=web.additional.stats count=70 sumNanos=22294668531 avgNanos=318495264
zil-additional-service  | 2026-05-05T00:24:14.286Z  INFO 1 --- [zil-additional-service] [   scheduling-1] r.a.observability.ObservabilityService   : LAB9 Observability window=30s category=http.main.rents count=1435 sumNanos=234760364900 avgNanos=163596073
zil-additional-service  | 2026-05-05T00:24:14.286Z  INFO 1 --- [zil-additional-service] [   scheduling-1] r.a.observability.ObservabilityService   : LAB9 Observability window=30s category=http.main.cars count=1435 sumNanos=230996054881 avgNanos=160972860
zil-additional-service  | 2026-05-05T00:24:14.286Z  INFO 1 --- [zil-additional-service] [   scheduling-1] r.a.observability.ObservabilityService   : LAB9 Observability window=30s category=web.additional.availability_new count=1365 sumNanos=444934116950 avgNanos=325959060
zil-additional-service  | 2026-05-05T00:24:14.286Z  INFO 1 --- [zil-additional-service] [   scheduling-1] r.a.observability.ObservabilityService   : LAB9 Observability window=30s category=additional.statsComputation.availability.allCitiesAllDates count=1365 sumNanos=534308441 avgNanos=391434
zil-additional-service  | 2026-05-05T00:24:14.287Z  INFO 1 --- [zil-additional-service] [   scheduling-1] r.a.observability.ObservabilityService   : LAB9 Observability window=1m category=additional.statsComputation.stats count=130 sumNanos=460529 avgNanos=3542
zil-additional-service  | 2026-05-05T00:24:14.287Z  INFO 1 --- [zil-additional-service] [   scheduling-1] r.a.observability.ObservabilityService   : LAB9 Observability window=1m category=web.additional.stats count=130 sumNanos=42528402654 avgNanos=327141558
zil-additional-service  | 2026-05-05T00:24:14.287Z  INFO 1 --- [zil-additional-service] [   scheduling-1] r.a.observability.ObservabilityService   : LAB9 Observability window=1m category=http.main.rents count=2829 sumNanos=476576353774 avgNanos=168461065
zil-additional-service  | 2026-05-05T00:24:14.288Z  INFO 1 --- [zil-additional-service] [   scheduling-1] r.a.observability.ObservabilityService   : LAB9 Observability window=1m category=http.main.cars count=2827 sumNanos=457985609599 avgNanos=162004106
zil-additional-service  | 2026-05-05T00:24:14.288Z  INFO 1 --- [zil-additional-service] [   scheduling-1] r.a.observability.ObservabilityService   : LAB9 Observability window=1m category=web.additional.availability_new count=2699 sumNanos=895427161370 avgNanos=331762564
zil-additional-service  | 2026-05-05T00:24:14.288Z  INFO 1 --- [zil-additional-service] [   scheduling-1] r.a.observability.ObservabilityService   : LAB9 Observability window=1m category=additional.statsComputation.availability.allCitiesAllDates count=2699 sumNanos=1158640612 avgNanos=429285
zil-additional-service  | 2026-05-05T00:24:18.862Z  INFO 1 --- [zil-additional-service] [   scheduling-1] r.additional.service.ClientCacheService  : [client-cache-statistics] Client cache size=1000
zil-additional-service  | 2026-05-05T00:24:19.295Z  INFO 1 --- [zil-additional-service] [   scheduling-1] r.a.observability.ObservabilityService   : LAB9 Observability window=10s category=additional.statsComputation.stats count=19 sumNanos=128124 avgNanos=6743
zil-additional-service  | 2026-05-05T00:24:19.295Z  INFO 1 --- [zil-additional-service] [   scheduling-1] r.a.observability.ObservabilityService   : LAB9 Observability window=10s category=web.additional.stats count=19 sumNanos=6074211025 avgNanos=319695317
zil-additional-service  | 2026-05-05T00:24:19.295Z  INFO 1 --- [zil-additional-service] [   scheduling-1] r.a.observability.ObservabilityService   : LAB9 Observability window=10s category=http.main.rents count=475 sumNanos=77958222732 avgNanos=164122574
zil-additional-service  | 2026-05-05T00:24:19.295Z  INFO 1 --- [zil-additional-service] [   scheduling-1] r.a.observability.ObservabilityService   : LAB9 Observability window=10s category=http.main.cars count=477 sumNanos=77169337943 avgNanos=161780582
zil-additional-service  | 2026-05-05T00:24:19.295Z  INFO 1 --- [zil-additional-service] [   scheduling-1] r.a.observability.ObservabilityService   : LAB9 Observability window=10s category=web.additional.availability_new count=455 sumNanos=149004840228 avgNanos=327483165
zil-additional-service  | 2026-05-05T00:24:19.295Z  INFO 1 --- [zil-additional-service] [   scheduling-1] r.a.observability.ObservabilityService   : LAB9 Observability window=10s category=additional.statsComputation.availability.allCitiesAllDates count=455 sumNanos=192588094 avgNanos=423270
zil-additional-service  | 2026-05-05T00:24:19.296Z  INFO 1 --- [zil-additional-service] [   scheduling-1] r.a.observability.ObservabilityService   : LAB9 Observability window=30s category=additional.statsComputation.stats count=69 sumNanos=298966 avgNanos=4332
zil-additional-service  | 2026-05-05T00:24:19.296Z  INFO 1 --- [zil-additional-service] [   scheduling-1] r.a.observability.ObservabilityService   : LAB9 Observability window=30s category=web.additional.stats count=69 sumNanos=22063818286 avgNanos=319765482
zil-additional-service  | 2026-05-05T00:24:19.296Z  INFO 1 --- [zil-additional-service] [   scheduling-1] r.a.observability.ObservabilityService   : LAB9 Observability window=30s category=http.main.rents count=1434 sumNanos=234679875868 avgNanos=163654027
zil-additional-service  | 2026-05-05T00:24:19.296Z  INFO 1 --- [zil-additional-service] [   scheduling-1] r.a.observability.ObservabilityService   : LAB9 Observability window=30s category=http.main.cars count=1433 sumNanos=230402964496 avgNanos=160783645
zil-additional-service  | 2026-05-05T00:24:19.296Z  INFO 1 --- [zil-additional-service] [   scheduling-1] r.a.observability.ObservabilityService   : LAB9 Observability window=30s category=web.additional.availability_new count=1364 sumNanos=443898623135 avgNanos=325438873
zil-additional-service  | 2026-05-05T00:24:19.296Z  INFO 1 --- [zil-additional-service] [   scheduling-1] r.a.observability.ObservabilityService   : LAB9 Observability window=30s category=additional.statsComputation.availability.allCitiesAllDates count=1364 sumNanos=571845123 avgNanos=419241
zil-additional-service  | 2026-05-05T00:24:19.296Z  INFO 1 --- [zil-additional-service] [   scheduling-1] r.a.observability.ObservabilityService   : LAB9 Observability window=1m category=additional.statsComputation.stats count=127 sumNanos=464890 avgNanos=3660
zil-additional-service  | 2026-05-05T00:24:19.297Z  INFO 1 --- [zil-additional-service] [   scheduling-1] r.a.observability.ObservabilityService   : LAB9 Observability window=1m category=web.additional.stats count=127 sumNanos=41168993189 avgNanos=324165300
zil-additional-service  | 2026-05-05T00:24:19.297Z  INFO 1 --- [zil-additional-service] [   scheduling-1] r.a.observability.ObservabilityService   : LAB9 Observability window=1m category=http.main.rents count=2857 sumNanos=472702970400 avgNanos=165454312
zil-additional-service  | 2026-05-05T00:24:19.297Z  INFO 1 --- [zil-additional-service] [   scheduling-1] r.a.observability.ObservabilityService   : LAB9 Observability window=1m category=http.main.cars count=2854 sumNanos=456474720747 avgNanos=159942088
zil-additional-service  | 2026-05-05T00:24:19.297Z  INFO 1 --- [zil-additional-service] [   scheduling-1] r.a.observability.ObservabilityService   : LAB9 Observability window=1m category=web.additional.availability_new count=2729 sumNanos=890970388516 avgNanos=326482370
zil-additional-service  | 2026-05-05T00:24:19.297Z  INFO 1 --- [zil-additional-service] [   scheduling-1] r.a.observability.ObservabilityService   : LAB9 Observability window=1m category=additional.statsComputation.availability.allCitiesAllDates count=2729 sumNanos=1144282015 avgNanos=419304
zil-additional-service  | 2026-05-05T00:24:24.305Z  INFO 1 --- [zil-additional-service] [   scheduling-1] r.a.observability.ObservabilityService   : LAB9 Observability window=10s category=additional.statsComputation.stats count=24 sumNanos=2315293 avgNanos=96470
zil-additional-service  | 2026-05-05T00:24:24.305Z  INFO 1 --- [zil-additional-service] [   scheduling-1] r.a.observability.ObservabilityService   : LAB9 Observability window=10s category=web.additional.stats count=24 sumNanos=7698934339 avgNanos=320788930
zil-additional-service  | 2026-05-05T00:24:24.305Z  INFO 1 --- [zil-additional-service] [   scheduling-1] r.a.observability.ObservabilityService   : LAB9 Observability window=10s category=http.main.rents count=481 sumNanos=79710109751 avgNanos=165717483
zil-additional-service  | 2026-05-05T00:24:24.305Z  INFO 1 --- [zil-additional-service] [   scheduling-1] r.a.observability.ObservabilityService   : LAB9 Observability window=10s category=http.main.cars count=479 sumNanos=76502721218 avgNanos=159713405
zil-additional-service  | 2026-05-05T00:24:24.305Z  INFO 1 --- [zil-additional-service] [   scheduling-1] r.a.observability.ObservabilityService   : LAB9 Observability window=10s category=web.additional.availability_new count=457 sumNanos=149412053733 avgNanos=326941036
zil-additional-service  | 2026-05-05T00:24:24.305Z  INFO 1 --- [zil-additional-service] [   scheduling-1] r.a.observability.ObservabilityService   : LAB9 Observability window=10s category=additional.statsComputation.availability.allCitiesAllDates count=457 sumNanos=125549184 avgNanos=274724
zil-additional-service  | 2026-05-05T00:24:24.306Z  INFO 1 --- [zil-additional-service] [   scheduling-1] r.a.observability.ObservabilityService   : LAB9 Observability window=30s category=additional.statsComputation.stats count=72 sumNanos=2534027 avgNanos=35194
zil-additional-service  | 2026-05-05T00:24:24.306Z  INFO 1 --- [zil-additional-service] [   scheduling-1] r.a.observability.ObservabilityService   : LAB9 Observability window=30s category=web.additional.stats count=72 sumNanos=23130633983 avgNanos=321258805
zil-additional-service  | 2026-05-05T00:24:24.306Z  INFO 1 --- [zil-additional-service] [   scheduling-1] r.a.observability.ObservabilityService   : LAB9 Observability window=30s category=http.main.rents count=1430 sumNanos=235538646105 avgNanos=164712339
zil-additional-service  | 2026-05-05T00:24:24.307Z  INFO 1 --- [zil-additional-service] [   scheduling-1] r.a.observability.ObservabilityService   : LAB9 Observability window=30s category=http.main.cars count=1431 sumNanos=230815125036 avgNanos=161296383
zil-additional-service  | 2026-05-05T00:24:24.307Z  INFO 1 --- [zil-additional-service] [   scheduling-1] r.a.observability.ObservabilityService   : LAB9 Observability window=30s category=web.additional.availability_new count=1358 sumNanos=444451125375 avgNanos=327283597
zil-additional-service  | 2026-05-05T00:24:24.309Z  INFO 1 --- [zil-additional-service] [   scheduling-1] r.a.observability.ObservabilityService   : LAB9 Observability window=30s category=additional.statsComputation.availability.allCitiesAllDates count=1358 sumNanos=536773773 avgNanos=395267
zil-additional-service  | 2026-05-05T00:24:24.309Z  INFO 1 --- [zil-additional-service] [   scheduling-1] r.a.observability.ObservabilityService   : LAB9 Observability window=1m category=additional.statsComputation.stats count=135 sumNanos=2731555 avgNanos=20233
zil-additional-service  | 2026-05-05T00:24:24.309Z  INFO 1 --- [zil-additional-service] [   scheduling-1] r.a.observability.ObservabilityService   : LAB9 Observability window=1m category=web.additional.stats count=135 sumNanos=43562017356 avgNanos=322681610
zil-additional-service  | 2026-05-05T00:24:24.309Z  INFO 1 --- [zil-additional-service] [   scheduling-1] r.a.observability.ObservabilityService   : LAB9 Observability window=1m category=http.main.rents count=2862 sumNanos=471797538295 avgNanos=164848895
zil-additional-service  | 2026-05-05T00:24:24.309Z  INFO 1 --- [zil-additional-service] [   scheduling-1] r.a.observability.ObservabilityService   : LAB9 Observability window=1m category=http.main.cars count=2862 sumNanos=457815060413 avgNanos=159963333
zil-additional-service  | 2026-05-05T00:24:24.309Z  INFO 1 --- [zil-additional-service] [   scheduling-1] r.a.observability.ObservabilityService   : LAB9 Observability window=1m category=web.additional.availability_new count=2727 sumNanos=889097771983 avgNanos=326035119
zil-additional-service  | 2026-05-05T00:24:24.309Z  INFO 1 --- [zil-additional-service] [   scheduling-1] r.a.observability.ObservabilityService   : LAB9 Observability window=1m category=additional.statsComputation.availability.allCitiesAllDates count=2727 sumNanos=1049102516 avgNanos=384709
zil-additional-service  | 2026-05-05T00:24:28.862Z  INFO 1 --- [zil-additional-service] [   scheduling-1] r.additional.service.ClientCacheService  : [client-cache-statistics] Client cache size=1000
zil-additional-service  | 2026-05-05T00:24:29.313Z  INFO 1 --- [zil-additional-service] [   scheduling-1] r.a.observability.ObservabilityService   : LAB9 Observability window=10s category=additional.statsComputation.stats count=30 sumNanos=2327876 avgNanos=77595
zil-additional-service  | 2026-05-05T00:24:29.314Z  INFO 1 --- [zil-additional-service] [   scheduling-1] r.a.observability.ObservabilityService   : LAB9 Observability window=10s category=web.additional.stats count=30 sumNanos=9471762666 avgNanos=315725422
zil-additional-service  | 2026-05-05T00:24:29.314Z  INFO 1 --- [zil-additional-service] [   scheduling-1] r.a.observability.ObservabilityService   : LAB9 Observability window=10s category=http.main.rents count=475 sumNanos=79049493536 avgNanos=166419986
zil-additional-service  | 2026-05-05T00:24:29.314Z  INFO 1 --- [zil-additional-service] [   scheduling-1] r.a.observability.ObservabilityService   : LAB9 Observability window=10s category=http.main.cars count=470 sumNanos=75846439991 avgNanos=161375404
zil-additional-service  | 2026-05-05T00:24:29.314Z  INFO 1 --- [zil-additional-service] [   scheduling-1] r.a.observability.ObservabilityService   : LAB9 Observability window=10s category=web.additional.availability_new count=445 sumNanos=146204588963 avgNanos=328549638
zil-additional-service  | 2026-05-05T00:24:29.314Z  INFO 1 --- [zil-additional-service] [   scheduling-1] r.a.observability.ObservabilityService   : LAB9 Observability window=10s category=additional.statsComputation.availability.allCitiesAllDates count=445 sumNanos=97739335 avgNanos=219638
zil-additional-service  | 2026-05-05T00:24:29.314Z  INFO 1 --- [zil-additional-service] [   scheduling-1] r.a.observability.ObservabilityService   : LAB9 Observability window=30s category=additional.statsComputation.stats count=71 sumNanos=2519886 avgNanos=35491
zil-additional-service  | 2026-05-05T00:24:29.314Z  INFO 1 --- [zil-additional-service] [   scheduling-1] r.a.observability.ObservabilityService   : LAB9 Observability window=30s category=web.additional.stats count=71 sumNanos=22730592791 avgNanos=320149194
zil-additional-service  | 2026-05-05T00:24:29.314Z  INFO 1 --- [zil-additional-service] [   scheduling-1] r.a.observability.ObservabilityService   : LAB9 Observability window=30s category=http.main.rents count=1427 sumNanos=235897447693 avgNanos=165310054
zil-additional-service  | 2026-05-05T00:24:29.314Z  INFO 1 --- [zil-additional-service] [   scheduling-1] r.a.observability.ObservabilityService   : LAB9 Observability window=30s category=http.main.cars count=1423 sumNanos=230412531701 avgNanos=161920261
zil-additional-service  | 2026-05-05T00:24:29.315Z  INFO 1 --- [zil-additional-service] [   scheduling-1] r.a.observability.ObservabilityService   : LAB9 Observability window=30s category=web.additional.availability_new count=1356 sumNanos=445083636122 avgNanos=328232770
zil-additional-service  | 2026-05-05T00:24:29.315Z  INFO 1 --- [zil-additional-service] [   scheduling-1] r.a.observability.ObservabilityService   : LAB9 Observability window=30s category=additional.statsComputation.availability.allCitiesAllDates count=1356 sumNanos=507276715 avgNanos=374097
zil-additional-service  | 2026-05-05T00:24:29.315Z  INFO 1 --- [zil-additional-service] [   scheduling-1] r.a.observability.ObservabilityService   : LAB9 Observability window=1m category=additional.statsComputation.stats count=137 sumNanos=2741781 avgNanos=20013
zil-additional-service  | 2026-05-05T00:24:29.315Z  INFO 1 --- [zil-additional-service] [   scheduling-1] r.a.observability.ObservabilityService   : LAB9 Observability window=1m category=web.additional.stats count=137 sumNanos=43927342987 avgNanos=320637540
zil-additional-service  | 2026-05-05T00:24:29.315Z  INFO 1 --- [zil-additional-service] [   scheduling-1] r.a.observability.ObservabilityService   : LAB9 Observability window=1m category=http.main.rents count=2859 sumNanos=472071435028 avgNanos=165117675
zil-additional-service  | 2026-05-05T00:24:29.315Z  INFO 1 --- [zil-additional-service] [   scheduling-1] r.a.observability.ObservabilityService   : LAB9 Observability window=1m category=http.main.cars count=2855 sumNanos=457956113966 avgNanos=160404943
zil-additional-service  | 2026-05-05T00:24:29.315Z  INFO 1 --- [zil-additional-service] [   scheduling-1] r.a.observability.ObservabilityService   : LAB9 Observability window=1m category=web.additional.availability_new count=2722 sumNanos=889272174241 avgNanos=326698080
zil-additional-service  | 2026-05-05T00:24:29.315Z  INFO 1 --- [zil-additional-service] [   scheduling-1] r.a.observability.ObservabilityService   : LAB9 Observability window=1m category=additional.statsComputation.availability.allCitiesAllDates count=2722 sumNanos=977234664 avgNanos=359013
zil-additional-service  | 2026-05-05T00:24:34.320Z  INFO 1 --- [zil-additional-service] [   scheduling-1] r.a.observability.ObservabilityService   : LAB9 Observability window=10s category=additional.statsComputation.stats count=24 sumNanos=70038 avgNanos=2918
zil-additional-service  | 2026-05-05T00:24:34.320Z  INFO 1 --- [zil-additional-service] [   scheduling-1] r.a.observability.ObservabilityService   : LAB9 Observability window=10s category=web.additional.stats count=24 sumNanos=7776978513 avgNanos=324040771
zil-additional-service  | 2026-05-05T00:24:34.321Z  INFO 1 --- [zil-additional-service] [   scheduling-1] r.a.observability.ObservabilityService   : LAB9 Observability window=10s category=http.main.rents count=472 sumNanos=79014395936 avgNanos=167403381
zil-additional-service  | 2026-05-05T00:24:34.321Z  INFO 1 --- [zil-additional-service] [   scheduling-1] r.a.observability.ObservabilityService   : LAB9 Observability window=10s category=http.main.cars count=470 sumNanos=76455015900 avgNanos=162670246
zil-additional-service  | 2026-05-05T00:24:34.322Z  INFO 1 --- [zil-additional-service] [   scheduling-1] r.a.observability.ObservabilityService   : LAB9 Observability window=10s category=web.additional.availability_new count=448 sumNanos=148347659376 avgNanos=331133168
zil-additional-service  | 2026-05-05T00:24:34.326Z  INFO 1 --- [zil-additional-service] [   scheduling-1] r.a.observability.ObservabilityService   : LAB9 Observability window=10s category=additional.statsComputation.availability.allCitiesAllDates count=448 sumNanos=154511065 avgNanos=344890
zil-additional-service  | 2026-05-05T00:24:34.326Z  INFO 1 --- [zil-additional-service] [   scheduling-1] r.a.observability.ObservabilityService   : LAB9 Observability window=30s category=additional.statsComputation.stats count=73 sumNanos=2526287 avgNanos=34606
zil-additional-service  | 2026-05-05T00:24:34.326Z  INFO 1 --- [zil-additional-service] [   scheduling-1] r.a.observability.ObservabilityService   : LAB9 Observability window=30s category=web.additional.stats count=73 sumNanos=23489580177 avgNanos=321775070
zil-additional-service  | 2026-05-05T00:24:34.327Z  INFO 1 --- [zil-additional-service] [   scheduling-1] r.a.observability.ObservabilityService   : LAB9 Observability window=30s category=http.main.rents count=1427 sumNanos=236596878153 avgNanos=165800194
zil-additional-service  | 2026-05-05T00:24:34.328Z  INFO 1 --- [zil-additional-service] [   scheduling-1] r.a.observability.ObservabilityService   : LAB9 Observability window=30s category=http.main.cars count=1424 sumNanos=229651535145 avgNanos=161272145
zil-additional-service  | 2026-05-05T00:24:34.328Z  INFO 1 --- [zil-additional-service] [   scheduling-1] r.a.observability.ObservabilityService   : LAB9 Observability window=30s category=web.additional.availability_new count=1354 sumNanos=444644348223 avgNanos=328393167
zil-app                 | 2026-05-05T00:31:26.494Z  INFO 1 --- [   scheduling-1] r.observability.ObservabilityService     : LAB9 Observability window=1m category=db.car.findAll count=2874 sumNanos=455408937318 avgNanos=158458224
zil-app                 | 2026-05-05T00:31:31.495Z  INFO 1 --- [   scheduling-1] r.observability.ObservabilityService     : LAB9 Observability window=10s category=web.RentController.getRents count=481 sumNanos=75119252331 avgNanos=156173081
zil-app                 | 2026-05-05T00:31:31.496Z  INFO 1 --- [   scheduling-1] r.observability.ObservabilityService     : LAB9 Observability window=10s category=db.rent.findAll count=481 sumNanos=75118421001 avgNanos=156171353
zil-app                 | 2026-05-05T00:31:31.497Z  INFO 1 --- [   scheduling-1] r.observability.ObservabilityService     : LAB9 Observability window=10s category=web.CarController.getCars count=478 sumNanos=75559698209 avgNanos=158074682
zil-app                 | 2026-05-05T00:31:31.497Z  INFO 1 --- [   scheduling-1] r.observability.ObservabilityService     : LAB9 Observability window=10s category=db.car.findAll count=478 sumNanos=75559324373 avgNanos=158073900
zil-app                 | 2026-05-05T00:31:31.498Z  INFO 1 --- [   scheduling-1] r.observability.ObservabilityService     : LAB9 Observability window=30s category=web.RentController.getRents count=1436 sumNanos=224616297674 avgNanos=156418034
zil-app                 | 2026-05-05T00:31:31.498Z  INFO 1 --- [   scheduling-1] r.observability.ObservabilityService     : LAB9 Observability window=30s category=db.rent.findAll count=1436 sumNanos=224614642710 avgNanos=156416882
zil-app                 | 2026-05-05T00:31:31.498Z  INFO 1 --- [   scheduling-1] r.observability.ObservabilityService     : LAB9 Observability window=30s category=web.CarController.getCars count=1434 sumNanos=228008636834 avgNanos=159001838
zil-app                 | 2026-05-05T00:31:31.498Z  INFO 1 --- [   scheduling-1] r.observability.ObservabilityService     : LAB9 Observability window=30s category=db.car.findAll count=1434 sumNanos=228007451661 avgNanos=159001012
zil-app                 | 2026-05-05T00:31:31.498Z  INFO 1 --- [   scheduling-1] r.observability.ObservabilityService     : LAB9 Observability window=1m category=web.RentController.getRents count=2873 sumNanos=447736919552 avgNanos=155842993
zil-app                 | 2026-05-05T00:31:31.498Z  INFO 1 --- [   scheduling-1] r.observability.ObservabilityService     : LAB9 Observability window=1m category=db.rent.findAll count=2873 sumNanos=447733969564 avgNanos=155841966
zil-app                 | 2026-05-05T00:31:31.498Z  INFO 1 --- [   scheduling-1] r.observability.ObservabilityService     : LAB9 Observability window=1m category=web.CarController.getCars count=2875 sumNanos=454965709262 avgNanos=158248942
zil-app                 | 2026-05-05T00:31:31.498Z  INFO 1 --- [   scheduling-1] r.observability.ObservabilityService     : LAB9 Observability window=1m category=db.car.findAll count=2875 sumNanos=454963172320 avgNanos=158248059
zil-app                 | 2026-05-05T00:31:36.499Z  INFO 1 --- [   scheduling-1] r.observability.ObservabilityService     : LAB9 Observability window=10s category=web.RentController.getRents count=478 sumNanos=76026629627 avgNanos=159051526
zil-app                 | 2026-05-05T00:31:36.500Z  INFO 1 --- [   scheduling-1] r.observability.ObservabilityService     : LAB9 Observability window=10s category=db.rent.findAll count=478 sumNanos=76025929781 avgNanos=159050062
zil-app                 | 2026-05-05T00:31:36.500Z  INFO 1 --- [   scheduling-1] r.observability.ObservabilityService     : LAB9 Observability window=10s category=web.CarController.getCars count=478 sumNanos=74728159290 avgNanos=156335061
zil-app                 | 2026-05-05T00:31:36.500Z  INFO 1 --- [   scheduling-1] r.observability.ObservabilityService     : LAB9 Observability window=10s category=db.car.findAll count=478 sumNanos=74727619487 avgNanos=156333931
zil-app                 | 2026-05-05T00:31:36.500Z  INFO 1 --- [   scheduling-1] r.observability.ObservabilityService     : LAB9 Observability window=30s category=web.RentController.getRents count=1435 sumNanos=225320477557 avgNanos=157017754
zil-app                 | 2026-05-05T00:31:36.500Z  INFO 1 --- [   scheduling-1] r.observability.ObservabilityService     : LAB9 Observability window=30s category=db.rent.findAll count=1435 sumNanos=225318840272 avgNanos=157016613
zil-app                 | 2026-05-05T00:31:36.500Z  INFO 1 --- [   scheduling-1] r.observability.ObservabilityService     : LAB9 Observability window=30s category=web.CarController.getCars count=1436 sumNanos=226610436456 avgNanos=157806710
zil-app                 | 2026-05-05T00:31:36.500Z  INFO 1 --- [   scheduling-1] r.observability.ObservabilityService     : LAB9 Observability window=30s category=db.car.findAll count=1436 sumNanos=226609114602 avgNanos=157805790
zil-app                 | 2026-05-05T00:31:36.500Z  INFO 1 --- [   scheduling-1] r.observability.ObservabilityService     : LAB9 Observability window=1m category=web.RentController.getRents count=2874 sumNanos=450499451532 avgNanos=156749983
zil-app                 | 2026-05-05T00:31:36.500Z  INFO 1 --- [   scheduling-1] r.observability.ObservabilityService     : LAB9 Observability window=1m category=db.rent.findAll count=2874 sumNanos=450496519865 avgNanos=156748963
zil-app                 | 2026-05-05T00:31:36.500Z  INFO 1 --- [   scheduling-1] r.observability.ObservabilityService     : LAB9 Observability window=1m category=web.CarController.getCars count=2873 sumNanos=453199816847 avgNanos=157744454
zil-app                 | 2026-05-05T00:31:36.500Z  INFO 1 --- [   scheduling-1] r.observability.ObservabilityService     : LAB9 Observability window=1m category=db.car.findAll count=2873 sumNanos=453197130207 avgNanos=157743519
zil-app                 | 2026-05-05T00:31:41.501Z  INFO 1 --- [   scheduling-1] r.observability.ObservabilityService     : LAB9 Observability window=10s category=web.RentController.getRents count=482 sumNanos=75959790408 avgNanos=157592926
zil-app                 | 2026-05-05T00:31:41.501Z  INFO 1 --- [   scheduling-1] r.observability.ObservabilityService     : LAB9 Observability window=10s category=db.rent.findAll count=482 sumNanos=75959399722 avgNanos=157592115
zil-app                 | 2026-05-05T00:31:41.501Z  INFO 1 --- [   scheduling-1] r.observability.ObservabilityService     : LAB9 Observability window=10s category=web.CarController.getCars count=487 sumNanos=73724155768 avgNanos=151384303
zil-app                 | 2026-05-05T00:31:41.501Z  INFO 1 --- [   scheduling-1] r.observability.ObservabilityService     : LAB9 Observability window=10s category=db.car.findAll count=487 sumNanos=73723259686 avgNanos=151382463
zil-app                 | 2026-05-05T00:31:41.501Z  INFO 1 --- [   scheduling-1] r.observability.ObservabilityService     : LAB9 Observability window=30s category=web.RentController.getRents count=1435 sumNanos=224835536097 avgNanos=156679816
zil-app                 | 2026-05-05T00:31:41.501Z  INFO 1 --- [   scheduling-1] r.observability.ObservabilityService     : LAB9 Observability window=30s category=db.rent.findAll count=1435 sumNanos=224833909941 avgNanos=156678682
zil-app                 | 2026-05-05T00:31:41.501Z  INFO 1 --- [   scheduling-1] r.observability.ObservabilityService     : LAB9 Observability window=30s category=web.CarController.getCars count=1441 sumNanos=226168591073 avgNanos=156952526
zil-app                 | 2026-05-05T00:31:41.501Z  INFO 1 --- [   scheduling-1] r.observability.ObservabilityService     : LAB9 Observability window=30s category=db.car.findAll count=1441 sumNanos=226166947959 avgNanos=156951386
zil-app                 | 2026-05-05T00:31:41.503Z  INFO 1 --- [   scheduling-1] r.observability.ObservabilityService     : LAB9 Observability window=1m category=web.RentController.getRents count=2871 sumNanos=450339655612 avgNanos=156858117
zil-app                 | 2026-05-05T00:31:41.503Z  INFO 1 --- [   scheduling-1] r.observability.ObservabilityService     : LAB9 Observability window=1m category=db.rent.findAll count=2871 sumNanos=450336743751 avgNanos=156857103
zil-app                 | 2026-05-05T00:31:41.503Z  INFO 1 --- [   scheduling-1] r.observability.ObservabilityService     : LAB9 Observability window=1m category=web.CarController.getCars count=2875 sumNanos=452520745607 avgNanos=157398520
zil-app                 | 2026-05-05T00:31:41.503Z  INFO 1 --- [   scheduling-1] r.observability.ObservabilityService     : LAB9 Observability window=1m category=db.car.findAll count=2875 sumNanos=452517716065 avgNanos=157397466
zil-app                 | 2026-05-05T00:31:46.509Z  INFO 1 --- [   scheduling-1] r.observability.ObservabilityService     : LAB9 Observability window=10s category=web.RentController.getRents count=480 sumNanos=76001727186 avgNanos=158336931
zil-app                 | 2026-05-05T00:31:46.509Z  INFO 1 --- [   scheduling-1] r.observability.ObservabilityService     : LAB9 Observability window=10s category=db.rent.findAll count=480 sumNanos=76001219328 avgNanos=158335873
zil-app                 | 2026-05-05T00:31:46.509Z  INFO 1 --- [   scheduling-1] r.observability.ObservabilityService     : LAB9 Observability window=10s category=web.CarController.getCars count=479 sumNanos=75360504728 avgNanos=157328819
zil-app                 | 2026-05-05T00:31:46.509Z  INFO 1 --- [   scheduling-1] r.observability.ObservabilityService     : LAB9 Observability window=10s category=db.car.findAll count=479 sumNanos=75358903662 avgNanos=157325477
zil-app                 | 2026-05-05T00:31:46.509Z  INFO 1 --- [   scheduling-1] r.observability.ObservabilityService     : LAB9 Observability window=30s category=web.RentController.getRents count=1440 sumNanos=226704008466 avgNanos=157433339
zil-app                 | 2026-05-05T00:31:46.509Z  INFO 1 --- [   scheduling-1] r.observability.ObservabilityService     : LAB9 Observability window=30s category=db.rent.findAll count=1440 sumNanos=226702299005 avgNanos=157432152
zil-app                 | 2026-05-05T00:31:46.509Z  INFO 1 --- [   scheduling-1] r.observability.ObservabilityService     : LAB9 Observability window=30s category=web.CarController.getCars count=1439 sumNanos=225054220025 avgNanos=156396261
zil-app                 | 2026-05-05T00:31:46.509Z  INFO 1 --- [   scheduling-1] r.observability.ObservabilityService     : LAB9 Observability window=30s category=db.car.findAll count=1439 sumNanos=225051714953 avgNanos=156394520
zil-app                 | 2026-05-05T00:31:46.510Z  INFO 1 --- [   scheduling-1] r.observability.ObservabilityService     : LAB9 Observability window=1m category=web.RentController.getRents count=2874 sumNanos=451579684308 avgNanos=157125847
zil-app                 | 2026-05-05T00:31:46.510Z  INFO 1 --- [   scheduling-1] r.observability.ObservabilityService     : LAB9 Observability window=1m category=db.rent.findAll count=2874 sumNanos=451576676558 avgNanos=157124800
zil-app                 | 2026-05-05T00:31:46.510Z  INFO 1 --- [   scheduling-1] r.observability.ObservabilityService     : LAB9 Observability window=1m category=web.CarController.getCars count=2872 sumNanos=452549039808 avgNanos=157572785
zil-app                 | 2026-05-05T00:31:46.510Z  INFO 1 --- [   scheduling-1] r.observability.ObservabilityService     : LAB9 Observability window=1m category=db.car.findAll count=2872 sumNanos=452545190329 avgNanos=157571445
zil-app                 | 2026-05-05T00:31:51.511Z  INFO 1 --- [   scheduling-1] r.observability.ObservabilityService     : LAB9 Observability window=10s category=web.RentController.getRents count=480 sumNanos=76771341870 avgNanos=159940295
zil-app                 | 2026-05-05T00:31:51.511Z  INFO 1 --- [   scheduling-1] r.observability.ObservabilityService     : LAB9 Observability window=10s category=db.rent.findAll count=480 sumNanos=76770826300 avgNanos=159939221
zil-app                 | 2026-05-05T00:31:51.511Z  INFO 1 --- [   scheduling-1] r.observability.ObservabilityService     : LAB9 Observability window=10s category=web.CarController.getCars count=473 sumNanos=75507784212 avgNanos=159635907
zil-app                 | 2026-05-05T00:31:51.511Z  INFO 1 --- [   scheduling-1] r.observability.ObservabilityService     : LAB9 Observability window=10s category=db.car.findAll count=473 sumNanos=75506532088 avgNanos=159633260
zil-app                 | 2026-05-05T00:31:51.511Z  INFO 1 --- [   scheduling-1] r.observability.ObservabilityService     : LAB9 Observability window=30s category=web.RentController.getRents count=1442 sumNanos=227679395680 avgNanos=157891397
zil-app                 | 2026-05-05T00:31:51.511Z  INFO 1 --- [   scheduling-1] r.observability.ObservabilityService     : LAB9 Observability window=30s category=db.rent.findAll count=1442 sumNanos=227677658752 avgNanos=157890193
zil-app                 | 2026-05-05T00:31:51.511Z  INFO 1 --- [   scheduling-1] r.observability.ObservabilityService     : LAB9 Observability window=30s category=web.CarController.getCars count=1436 sumNanos=224477469396 avgNanos=156321357
zil-app                 | 2026-05-05T00:31:51.511Z  INFO 1 --- [   scheduling-1] r.observability.ObservabilityService     : LAB9 Observability window=30s category=db.car.findAll count=1436 sumNanos=224474948758 avgNanos=156319602
zil-app                 | 2026-05-05T00:31:51.512Z  INFO 1 --- [   scheduling-1] r.observability.ObservabilityService     : LAB9 Observability window=1m category=web.RentController.getRents count=2872 sumNanos=451219017567 avgNanos=157109685
zil-app                 | 2026-05-05T00:31:51.512Z  INFO 1 --- [   scheduling-1] r.observability.ObservabilityService     : LAB9 Observability window=1m category=db.rent.findAll count=2872 sumNanos=451216029588 avgNanos=157108645
zil-app                 | 2026-05-05T00:31:51.512Z  INFO 1 --- [   scheduling-1] r.observability.ObservabilityService     : LAB9 Observability window=1m category=web.CarController.getCars count=2868 sumNanos=453066889401 avgNanos=157973113
zil-app                 | 2026-05-05T00:31:51.512Z  INFO 1 --- [   scheduling-1] r.observability.ObservabilityService     : LAB9 Observability window=1m category=db.car.findAll count=2868 sumNanos=453063073672 avgNanos=157971783
zil-app                 | 2026-05-05T00:31:56.513Z  INFO 1 --- [   scheduling-1] r.observability.ObservabilityService     : LAB9 Observability window=10s category=web.RentController.getRents count=482 sumNanos=74670272965 avgNanos=154917578
zil-app                 | 2026-05-05T00:31:56.513Z  INFO 1 --- [   scheduling-1] r.observability.ObservabilityService     : LAB9 Observability window=10s category=db.rent.findAll count=482 sumNanos=74669445335 avgNanos=154915861
zil-app                 | 2026-05-05T00:31:56.513Z  INFO 1 --- [   scheduling-1] r.observability.ObservabilityService     : LAB9 Observability window=10s category=web.CarController.getCars count=482 sumNanos=75028909284 avgNanos=155661637
zil-app                 | 2026-05-05T00:31:56.513Z  INFO 1 --- [   scheduling-1] r.observability.ObservabilityService     : LAB9 Observability window=10s category=db.car.findAll count=482 sumNanos=75028403426 avgNanos=155660588
zil-app                 | 2026-05-05T00:31:56.513Z  INFO 1 --- [   scheduling-1] r.observability.ObservabilityService     : LAB9 Observability window=30s category=web.RentController.getRents count=1440 sumNanos=226698629778 avgNanos=157429604
zil-app                 | 2026-05-05T00:31:56.513Z  INFO 1 --- [   scheduling-1] r.observability.ObservabilityService     : LAB9 Observability window=30s category=db.rent.findAll count=1440 sumNanos=226696594444 avgNanos=157428190
zil-app                 | 2026-05-05T00:31:56.513Z  INFO 1 --- [   scheduling-1] r.observability.ObservabilityService     : LAB9 Observability window=30s category=web.CarController.getCars count=1438 sumNanos=225023595282 avgNanos=156483724
zil-app                 | 2026-05-05T00:31:56.514Z  INFO 1 --- [   scheduling-1] r.observability.ObservabilityService     : LAB9 Observability window=30s category=db.car.findAll count=1438 sumNanos=225020949298 avgNanos=156481884
zil-app                 | 2026-05-05T00:31:56.514Z  INFO 1 --- [   scheduling-1] r.observability.ObservabilityService     : LAB9 Observability window=1m category=web.RentController.getRents count=2874 sumNanos=451867346545 avgNanos=157225938
zil-app                 | 2026-05-05T00:31:56.514Z  INFO 1 --- [   scheduling-1] r.observability.ObservabilityService     : LAB9 Observability window=1m category=db.rent.findAll count=2874 sumNanos=451863985403 avgNanos=157224768
zil-app                 | 2026-05-05T00:31:56.514Z  INFO 1 --- [   scheduling-1] r.observability.ObservabilityService     : LAB9 Observability window=1m category=web.CarController.getCars count=2869 sumNanos=452401682016 avgNanos=157686191
zil-app                 | 2026-05-05T00:31:56.514Z  INFO 1 --- [   scheduling-1] r.observability.ObservabilityService     : LAB9 Observability window=1m category=db.car.findAll count=2869 sumNanos=452397883438 avgNanos=157684867
zil-app                 | 2026-05-05T00:32:01.515Z  INFO 1 --- [   scheduling-1] r.observability.ObservabilityService     : LAB9 Observability window=10s category=web.RentController.getRents count=474 sumNanos=73830034948 avgNanos=155759567
zil-app                 | 2026-05-05T00:32:01.516Z  INFO 1 --- [   scheduling-1] r.observability.ObservabilityService     : LAB9 Observability window=10s category=db.rent.findAll count=474 sumNanos=73829167512 avgNanos=155757737
zil-app                 | 2026-05-05T00:32:01.516Z  INFO 1 --- [   scheduling-1] r.observability.ObservabilityService     : LAB9 Observability window=10s category=web.CarController.getCars count=477 sumNanos=75678569259 avgNanos=158655281
zil-app                 | 2026-05-05T00:32:01.516Z  INFO 1 --- [   scheduling-1] r.observability.ObservabilityService     : LAB9 Observability window=10s category=db.car.findAll count=477 sumNanos=75678057554 avgNanos=158654208
zil-app                 | 2026-05-05T00:32:01.516Z  INFO 1 --- [   scheduling-1] r.observability.ObservabilityService     : LAB9 Observability window=30s category=web.RentController.getRents count=1436 sumNanos=226561167226 avgNanos=157772400
zil-additional-service  | 2026-05-05T00:24:34.328Z  INFO 1 --- [zil-additional-service] [   scheduling-1] r.a.observability.ObservabilityService   : LAB9 Observability window=30s category=additional.statsComputation.availability.allCitiesAllDates count=1354 sumNanos=482150721 avgNanos=356093
zil-additional-service  | 2026-05-05T00:24:34.328Z  INFO 1 --- [zil-additional-service] [   scheduling-1] r.a.observability.ObservabilityService   : LAB9 Observability window=1m category=additional.statsComputation.stats count=142 sumNanos=2757875 avgNanos=19421
zil-additional-service  | 2026-05-05T00:24:34.329Z  INFO 1 --- [zil-additional-service] [   scheduling-1] r.a.observability.ObservabilityService   : LAB9 Observability window=1m category=web.additional.stats count=142 sumNanos=45288218323 avgNanos=318931114
zil-additional-service  | 2026-05-05T00:24:34.329Z  INFO 1 --- [zil-additional-service] [   scheduling-1] r.a.observability.ObservabilityService   : LAB9 Observability window=1m category=http.main.rents count=2864 sumNanos=471571127661 avgNanos=164654723
zil-additional-service  | 2026-05-05T00:24:34.329Z  INFO 1 --- [zil-additional-service] [   scheduling-1] r.a.observability.ObservabilityService   : LAB9 Observability window=1m category=http.main.cars count=2864 sumNanos=458792253177 avgNanos=160192825
zil-additional-service  | 2026-05-05T00:24:34.329Z  INFO 1 --- [zil-additional-service] [   scheduling-1] r.a.observability.ObservabilityService   : LAB9 Observability window=1m category=web.additional.availability_new count=2722 sumNanos=887710385178 avgNanos=326124314
zil-additional-service  | 2026-05-05T00:24:34.329Z  INFO 1 --- [zil-additional-service] [   scheduling-1] r.a.observability.ObservabilityService   : LAB9 Observability window=1m category=additional.statsComputation.availability.allCitiesAllDates count=2722 sumNanos=990375069 avgNanos=363840
zil-additional-service  | 2026-05-05T00:24:38.862Z  INFO 1 --- [zil-additional-service] [   scheduling-1] r.additional.service.ClientCacheService  : [client-cache-statistics] Client cache size=1000
zil-app                 | 2026-05-05T00:32:01.516Z  INFO 1 --- [   scheduling-1] r.observability.ObservabilityService     : LAB9 Observability window=30s category=db.rent.findAll count=1436 sumNanos=226559393534 avgNanos=157771165
zil-app                 | 2026-05-05T00:32:01.516Z  INFO 1 --- [   scheduling-1] r.observability.ObservabilityService     : LAB9 Observability window=30s category=web.CarController.getCars count=1437 sumNanos=224910509239 avgNanos=156513924
zil-app                 | 2026-05-05T00:32:01.516Z  INFO 1 --- [   scheduling-1] r.observability.ObservabilityService     : LAB9 Observability window=30s category=db.car.findAll count=1437 sumNanos=224907849328 avgNanos=156512073
zil-app                 | 2026-05-05T00:32:01.516Z  INFO 1 --- [   scheduling-1] r.observability.ObservabilityService     : LAB9 Observability window=1m category=web.RentController.getRents count=2872 sumNanos=451177464900 avgNanos=157095217
zil-app                 | 2026-05-05T00:32:01.516Z  INFO 1 --- [   scheduling-1] r.observability.ObservabilityService     : LAB9 Observability window=1m category=db.rent.findAll count=2872 sumNanos=451174036244 avgNanos=157094023
zil-app                 | 2026-05-05T00:32:01.516Z  INFO 1 --- [   scheduling-1] r.observability.ObservabilityService     : LAB9 Observability window=1m category=web.CarController.getCars count=2871 sumNanos=452919146073 avgNanos=157756581
zil-app                 | 2026-05-05T00:32:01.516Z  INFO 1 --- [   scheduling-1] r.observability.ObservabilityService     : LAB9 Observability window=1m category=db.car.findAll count=2871 sumNanos=452915300989 avgNanos=157755242
zil-app                 | 2026-05-05T00:32:06.517Z  INFO 1 --- [   scheduling-1] r.observability.ObservabilityService     : LAB9 Observability window=10s category=web.RentController.getRents count=477 sumNanos=74691427628 avgNanos=156585802
zil-app                 | 2026-05-05T00:32:06.517Z  INFO 1 --- [   scheduling-1] r.observability.ObservabilityService     : LAB9 Observability window=10s category=db.rent.findAll count=477 sumNanos=74690901123 avgNanos=156584698
zil-app                 | 2026-05-05T00:32:06.517Z  INFO 1 --- [   scheduling-1] r.observability.ObservabilityService     : LAB9 Observability window=10s category=web.CarController.getCars count=480 sumNanos=75441477215 avgNanos=157169744
zil-app                 | 2026-05-05T00:32:06.517Z  INFO 1 --- [   scheduling-1] r.observability.ObservabilityService     : LAB9 Observability window=10s category=db.car.findAll count=480 sumNanos=75440979932 avgNanos=157168708
zil-app                 | 2026-05-05T00:32:06.518Z  INFO 1 --- [   scheduling-1] r.observability.ObservabilityService     : LAB9 Observability window=30s category=web.RentController.getRents count=1437 sumNanos=225109237784 avgNanos=156652218
zil-app                 | 2026-05-05T00:32:06.518Z  INFO 1 --- [   scheduling-1] r.observability.ObservabilityService     : LAB9 Observability window=30s category=db.rent.findAll count=1437 sumNanos=225107377286 avgNanos=156650923
zil-app                 | 2026-05-05T00:32:06.518Z  INFO 1 --- [   scheduling-1] r.observability.ObservabilityService     : LAB9 Observability window=30s category=web.CarController.getCars count=1440 sumNanos=225696474974 avgNanos=156733663
zil-app                 | 2026-05-05T00:32:06.519Z  INFO 1 --- [   scheduling-1] r.observability.ObservabilityService     : LAB9 Observability window=30s category=db.car.findAll count=1440 sumNanos=225693871286 avgNanos=156731855
zil-app                 | 2026-05-05T00:32:06.519Z  INFO 1 --- [   scheduling-1] r.observability.ObservabilityService     : LAB9 Observability window=1m category=web.RentController.getRents count=2873 sumNanos=450536170089 avgNanos=156817323
zil-app                 | 2026-05-05T00:32:06.519Z  INFO 1 --- [   scheduling-1] r.observability.ObservabilityService     : LAB9 Observability window=1m category=db.rent.findAll count=2873 sumNanos=450532671589 avgNanos=156816105
zil-app                 | 2026-05-05T00:32:06.519Z  INFO 1 --- [   scheduling-1] r.observability.ObservabilityService     : LAB9 Observability window=1m category=web.CarController.getCars count=2874 sumNanos=452044227023 avgNanos=157287483
zil-app                 | 2026-05-05T00:32:06.520Z  INFO 1 --- [   scheduling-1] r.observability.ObservabilityService     : LAB9 Observability window=1m category=db.car.findAll count=2874 sumNanos=452040302993 avgNanos=157286117
zil-app                 | 2026-05-05T00:32:11.521Z  INFO 1 --- [   scheduling-1] r.observability.ObservabilityService     : LAB9 Observability window=10s category=web.RentController.getRents count=483 sumNanos=73442989275 avgNanos=152055878
zil-app                 | 2026-05-05T00:32:11.521Z  INFO 1 --- [   scheduling-1] r.observability.ObservabilityService     : LAB9 Observability window=10s category=db.rent.findAll count=483 sumNanos=73442466038 avgNanos=152054795
zil-app                 | 2026-05-05T00:32:11.522Z  INFO 1 --- [   scheduling-1] r.observability.ObservabilityService     : LAB9 Observability window=10s category=web.CarController.getCars count=487 sumNanos=74381402645 avgNanos=152733886
zil-app                 | 2026-05-05T00:32:11.522Z  INFO 1 --- [   scheduling-1] r.observability.ObservabilityService     : LAB9 Observability window=10s category=db.car.findAll count=487 sumNanos=74380221298 avgNanos=152731460
zil-app                 | 2026-05-05T00:32:11.522Z  INFO 1 --- [   scheduling-1] r.observability.ObservabilityService     : LAB9 Observability window=30s category=web.RentController.getRents count=1437 sumNanos=224044366093 avgNanos=155911180
zil-app                 | 2026-05-05T00:32:11.523Z  INFO 1 --- [   scheduling-1] r.observability.ObservabilityService     : LAB9 Observability window=30s category=db.rent.findAll count=1437 sumNanos=224042459850 avgNanos=155909853
zil-app                 | 2026-05-05T00:32:11.523Z  INFO 1 --- [   scheduling-1] r.observability.ObservabilityService     : LAB9 Observability window=30s category=web.CarController.getCars count=1438 sumNanos=225736267354 avgNanos=156979323
zil-app                 | 2026-05-05T00:32:11.523Z  INFO 1 --- [   scheduling-1] r.observability.ObservabilityService     : LAB9 Observability window=30s category=db.car.findAll count=1438 sumNanos=225733321199 avgNanos=156977274
zil-app                 | 2026-05-05T00:32:11.524Z  INFO 1 --- [   scheduling-1] r.observability.ObservabilityService     : LAB9 Observability window=1m category=web.RentController.getRents count=2872 sumNanos=448879902190 avgNanos=156295230
zil-app                 | 2026-05-05T00:32:11.524Z  INFO 1 --- [   scheduling-1] r.observability.ObservabilityService     : LAB9 Observability window=1m category=db.rent.findAll count=2872 sumNanos=448876369791 avgNanos=156294000
zil-app                 | 2026-05-05T00:32:11.524Z  INFO 1 --- [   scheduling-1] r.observability.ObservabilityService     : LAB9 Observability window=1m category=web.CarController.getCars count=2878 sumNanos=451730254495 avgNanos=156959782
zil-app                 | 2026-05-05T00:32:11.524Z  INFO 1 --- [   scheduling-1] r.observability.ObservabilityService     : LAB9 Observability window=1m category=db.car.findAll count=2878 sumNanos=451725666063 avgNanos=156958188
zil-app                 | 2026-05-05T00:32:16.525Z  INFO 1 --- [   scheduling-1] r.observability.ObservabilityService     : LAB9 Observability window=10s category=web.RentController.getRents count=476 sumNanos=73245990900 avgNanos=153878132
zil-app                 | 2026-05-05T00:32:16.526Z  INFO 1 --- [   scheduling-1] r.observability.ObservabilityService     : LAB9 Observability window=10s category=db.rent.findAll count=476 sumNanos=73245492426 avgNanos=153877084
zil-app                 | 2026-05-05T00:32:16.526Z  INFO 1 --- [   scheduling-1] r.observability.ObservabilityService     : LAB9 Observability window=10s category=web.CarController.getCars count=475 sumNanos=75939731310 avgNanos=159873118
zil-app                 | 2026-05-05T00:32:16.526Z  INFO 1 --- [   scheduling-1] r.observability.ObservabilityService     : LAB9 Observability window=10s category=db.car.findAll count=475 sumNanos=75938497958 avgNanos=159870522
zil-app                 | 2026-05-05T00:32:16.526Z  INFO 1 --- [   scheduling-1] r.observability.ObservabilityService     : LAB9 Observability window=30s category=web.RentController.getRents count=1435 sumNanos=222607691493 avgNanos=155127311
zil-app                 | 2026-05-05T00:32:16.526Z  INFO 1 --- [   scheduling-1] r.observability.ObservabilityService     : LAB9 Observability window=30s category=db.rent.findAll count=1435 sumNanos=222605838884 avgNanos=155126020
zil-app                 | 2026-05-05T00:32:16.527Z  INFO 1 --- [   scheduling-1] r.observability.ObservabilityService     : LAB9 Observability window=30s category=web.CarController.getCars count=1436 sumNanos=226231497240 avgNanos=157542825
zil-app                 | 2026-05-05T00:32:16.527Z  INFO 1 --- [   scheduling-1] r.observability.ObservabilityService     : LAB9 Observability window=30s category=db.car.findAll count=1436 sumNanos=226229261420 avgNanos=157541268
zil-app                 | 2026-05-05T00:32:16.527Z  INFO 1 --- [   scheduling-1] r.observability.ObservabilityService     : LAB9 Observability window=1m category=web.RentController.getRents count=2875 sumNanos=449311699959 avgNanos=156282330
zil-app                 | 2026-05-05T00:32:16.527Z  INFO 1 --- [   scheduling-1] r.observability.ObservabilityService     : LAB9 Observability window=1m category=db.rent.findAll count=2875 sumNanos=449308137889 avgNanos=156281091
zil-app                 | 2026-05-05T00:32:16.527Z  INFO 1 --- [   scheduling-1] r.observability.ObservabilityService     : LAB9 Observability window=1m category=web.CarController.getCars count=2876 sumNanos=451464337834 avgNanos=156976473
zil-app                 | 2026-05-05T00:32:16.528Z  INFO 1 --- [   scheduling-1] r.observability.ObservabilityService     : LAB9 Observability window=1m category=db.car.findAll count=2876 sumNanos=451459596269 avgNanos=156974824
zil-app                 | 2026-05-05T00:32:21.528Z  INFO 1 --- [   scheduling-1] r.observability.ObservabilityService     : LAB9 Observability window=10s category=web.RentController.getRents count=326 sumNanos=51149754822 avgNanos=156901088
zil-app                 | 2026-05-05T00:32:21.528Z  INFO 1 --- [   scheduling-1] r.observability.ObservabilityService     : LAB9 Observability window=10s category=db.rent.findAll count=326 sumNanos=51147231223 avgNanos=156893347
zil-app                 | 2026-05-05T00:32:21.529Z  INFO 1 --- [   scheduling-1] r.observability.ObservabilityService     : LAB9 Observability window=10s category=web.CarController.getCars count=314 sumNanos=51319710731 avgNanos=163438569
zil-app                 | 2026-05-05T00:32:21.529Z  INFO 1 --- [   scheduling-1] r.observability.ObservabilityService     : LAB9 Observability window=10s category=db.car.findAll count=314 sumNanos=51319314488 avgNanos=163437307
zil-app                 | 2026-05-05T00:32:21.529Z  INFO 1 --- [   scheduling-1] r.observability.ObservabilityService     : LAB9 Observability window=30s category=web.RentController.getRents count=1283 sumNanos=198422779045 avgNanos=154655322
zil-app                 | 2026-05-05T00:32:21.529Z  INFO 1 --- [   scheduling-1] r.observability.ObservabilityService     : LAB9 Observability window=30s category=db.rent.findAll count=1283 sumNanos=198418864773 avgNanos=154652271
zil-app                 | 2026-05-05T00:32:21.529Z  INFO 1 --- [   scheduling-1] r.observability.ObservabilityService     : LAB9 Observability window=30s category=web.CarController.getCars count=1279 sumNanos=201548193873 avgNanos=157582637
zil-app                 | 2026-05-05T00:32:21.529Z  INFO 1 --- [   scheduling-1] r.observability.ObservabilityService     : LAB9 Observability window=30s category=db.car.findAll count=1279 sumNanos=201546103599 avgNanos=157581003
zil-app                 | 2026-05-05T00:32:21.529Z  INFO 1 --- [   scheduling-1] r.observability.ObservabilityService     : LAB9 Observability window=1m category=web.RentController.getRents count=2722 sumNanos=425599680051 avgNanos=156355503
zil-app                 | 2026-05-05T00:32:21.529Z  INFO 1 --- [   scheduling-1] r.observability.ObservabilityService     : LAB9 Observability window=1m category=db.rent.findAll count=2722 sumNanos=425594030931 avgNanos=156353427
zil-app                 | 2026-05-05T00:32:21.529Z  INFO 1 --- [   scheduling-1] r.observability.ObservabilityService     : LAB9 Observability window=1m category=web.CarController.getCars count=2714 sumNanos=425918208617 avgNanos=156933754
zil-app                 | 2026-05-05T00:32:21.529Z  INFO 1 --- [   scheduling-1] r.observability.ObservabilityService     : LAB9 Observability window=1m category=db.car.findAll count=2714 sumNanos=425913598403 avgNanos=156932055
zil-additional-service  | 2026-05-05T00:24:39.332Z  INFO 1 --- [zil-additional-service] [   scheduling-1] r.a.observability.ObservabilityService   : LAB9 Observability window=10s category=additional.statsComputation.stats count=19 sumNanos=52922 avgNanos=2785
zil-additional-service  | 2026-05-05T00:24:39.332Z  INFO 1 --- [zil-additional-service] [   scheduling-1] r.a.observability.ObservabilityService   : LAB9 Observability window=10s category=web.additional.stats count=19 sumNanos=6095019208 avgNanos=320790484
zil-additional-service  | 2026-05-05T00:24:39.333Z  INFO 1 --- [zil-additional-service] [   scheduling-1] r.a.observability.ObservabilityService   : LAB9 Observability window=10s category=http.main.rents count=475 sumNanos=77238220357 avgNanos=162606779
zil-additional-service  | 2026-05-05T00:24:39.333Z  INFO 1 --- [zil-additional-service] [   scheduling-1] r.a.observability.ObservabilityService   : LAB9 Observability window=10s category=http.main.cars count=479 sumNanos=78662265468 avgNanos=164221848
zil-additional-service  | 2026-05-05T00:24:39.333Z  INFO 1 --- [zil-additional-service] [   scheduling-1] r.a.observability.ObservabilityService   : LAB9 Observability window=10s category=web.additional.availability_new count=456 sumNanos=149752756056 avgNanos=328405166
zil-additional-service  | 2026-05-05T00:24:39.333Z  INFO 1 --- [zil-additional-service] [   scheduling-1] r.a.observability.ObservabilityService   : LAB9 Observability window=10s category=additional.statsComputation.availability.allCitiesAllDates count=456 sumNanos=148839303 avgNanos=326401
zil-additional-service  | 2026-05-05T00:24:39.336Z  INFO 1 --- [zil-additional-service] [   scheduling-1] r.a.observability.ObservabilityService   : LAB9 Observability window=30s category=additional.statsComputation.stats count=68 sumNanos=2508922 avgNanos=36895
zil-additional-service  | 2026-05-05T00:24:39.337Z  INFO 1 --- [zil-additional-service] [   scheduling-1] r.a.observability.ObservabilityService   : LAB9 Observability window=30s category=web.additional.stats count=68 sumNanos=21640992899 avgNanos=318249895
zil-additional-service  | 2026-05-05T00:24:39.338Z  INFO 1 --- [zil-additional-service] [   scheduling-1] r.a.observability.ObservabilityService   : LAB9 Observability window=30s category=http.main.rents count=1426 sumNanos=234404077641 avgNanos=164378736
zil-additional-service  | 2026-05-05T00:24:39.344Z  INFO 1 --- [zil-additional-service] [   scheduling-1] r.a.observability.ObservabilityService   : LAB9 Observability window=30s category=http.main.cars count=1428 sumNanos=231949565785 avgNanos=162429667
zil-additional-service  | 2026-05-05T00:24:39.345Z  INFO 1 --- [zil-additional-service] [   scheduling-1] r.a.observability.ObservabilityService   : LAB9 Observability window=30s category=web.additional.availability_new count=1358 sumNanos=445556633950 avgNanos=328097668
zil-additional-service  | 2026-05-05T00:24:39.346Z  INFO 1 --- [zil-additional-service] [   scheduling-1] r.a.observability.ObservabilityService   : LAB9 Observability window=30s category=additional.statsComputation.availability.allCitiesAllDates count=1358 sumNanos=439370012 avgNanos=323541
zil-additional-service  | 2026-05-05T00:24:39.346Z  INFO 1 --- [zil-additional-service] [   scheduling-1] r.a.observability.ObservabilityService   : LAB9 Observability window=1m category=additional.statsComputation.stats count=137 sumNanos=2743505 avgNanos=20025
zil-additional-service  | 2026-05-05T00:24:39.346Z  INFO 1 --- [zil-additional-service] [   scheduling-1] r.a.observability.ObservabilityService   : LAB9 Observability window=1m category=web.additional.stats count=137 sumNanos=43412349318 avgNanos=316878462
zil-additional-service  | 2026-05-05T00:24:39.346Z  INFO 1 --- [zil-additional-service] [   scheduling-1] r.a.observability.ObservabilityService   : LAB9 Observability window=1m category=http.main.rents count=2858 sumNanos=469470121881 avgNanos=164265263
zil-additional-service  | 2026-05-05T00:24:39.346Z  INFO 1 --- [zil-additional-service] [   scheduling-1] r.a.observability.ObservabilityService   : LAB9 Observability window=1m category=http.main.cars count=2860 sumNanos=461620958952 avgNanos=161405929
zil-additional-service  | 2026-05-05T00:24:39.346Z  INFO 1 --- [zil-additional-service] [   scheduling-1] r.a.observability.ObservabilityService   : LAB9 Observability window=1m category=web.additional.availability_new count=2721 sumNanos=889532203441 avgNanos=326913709
zil-additional-service  | 2026-05-05T00:24:39.347Z  INFO 1 --- [zil-additional-service] [   scheduling-1] r.a.observability.ObservabilityService   : LAB9 Observability window=1m category=additional.statsComputation.availability.allCitiesAllDates count=2721 sumNanos=949809131 avgNanos=349066
zil-additional-service  | 2026-05-05T00:24:44.348Z  INFO 1 --- [zil-additional-service] [   scheduling-1] r.a.observability.ObservabilityService   : LAB9 Observability window=10s category=additional.statsComputation.stats count=27 sumNanos=88878 avgNanos=3291
zil-additional-service  | 2026-05-05T00:24:44.349Z  INFO 1 --- [zil-additional-service] [   scheduling-1] r.a.observability.ObservabilityService   : LAB9 Observability window=10s category=web.additional.stats count=27 sumNanos=8353658276 avgNanos=309394750
zil-additional-service  | 2026-05-05T00:24:44.351Z  INFO 1 --- [zil-additional-service] [   scheduling-1] r.a.observability.ObservabilityService   : LAB9 Observability window=10s category=http.main.rents count=480 sumNanos=76533032525 avgNanos=159443817
zil-additional-service  | 2026-05-05T00:24:44.352Z  INFO 1 --- [zil-additional-service] [   scheduling-1] r.a.observability.ObservabilityService   : LAB9 Observability window=10s category=http.main.cars count=479 sumNanos=79311673603 avgNanos=165577606
zil-additional-service  | 2026-05-05T00:24:44.352Z  INFO 1 --- [zil-additional-service] [   scheduling-1] r.a.observability.ObservabilityService   : LAB9 Observability window=10s category=web.additional.availability_new count=453 sumNanos=147565234593 avgNanos=325751069
zil-additional-service  | 2026-05-05T00:24:44.352Z  INFO 1 --- [zil-additional-service] [   scheduling-1] r.a.observability.ObservabilityService   : LAB9 Observability window=10s category=additional.statsComputation.availability.allCitiesAllDates count=453 sumNanos=109986988 avgNanos=242796
zil-additional-service  | 2026-05-05T00:24:44.353Z  INFO 1 --- [zil-additional-service] [   scheduling-1] r.a.observability.ObservabilityService   : LAB9 Observability window=30s category=additional.statsComputation.stats count=75 sumNanos=2474209 avgNanos=32989
zil-additional-service  | 2026-05-05T00:24:44.353Z  INFO 1 --- [zil-additional-service] [   scheduling-1] r.a.observability.ObservabilityService   : LAB9 Observability window=30s category=web.additional.stats count=75 sumNanos=23829571128 avgNanos=317727615
zil-additional-service  | 2026-05-05T00:24:44.354Z  INFO 1 --- [zil-additional-service] [   scheduling-1] r.a.observability.ObservabilityService   : LAB9 Observability window=30s category=http.main.rents count=1429 sumNanos=234625805320 avgNanos=164188807
zil-additional-service  | 2026-05-05T00:24:44.354Z  INFO 1 --- [zil-additional-service] [   scheduling-1] r.a.observability.ObservabilityService   : LAB9 Observability window=30s category=http.main.cars count=1428 sumNanos=232220166089 avgNanos=162619163
zil-additional-service  | 2026-05-05T00:24:44.354Z  INFO 1 --- [zil-additional-service] [   scheduling-1] r.a.observability.ObservabilityService   : LAB9 Observability window=30s category=web.additional.availability_new count=1354 sumNanos=444044871612 avgNanos=327950422
zil-additional-service  | 2026-05-05T00:24:44.355Z  INFO 1 --- [zil-additional-service] [   scheduling-1] r.a.observability.ObservabilityService   : LAB9 Observability window=30s category=additional.statsComputation.availability.allCitiesAllDates count=1354 sumNanos=387611052 avgNanos=286271
zil-additional-service  | 2026-05-05T00:24:44.357Z  INFO 1 --- [zil-additional-service] [   scheduling-1] r.a.observability.ObservabilityService   : LAB9 Observability window=1m category=additional.statsComputation.stats count=145 sumNanos=2780448 avgNanos=19175
zil-additional-service  | 2026-05-05T00:24:44.357Z  INFO 1 --- [zil-additional-service] [   scheduling-1] r.a.observability.ObservabilityService   : LAB9 Observability window=1m category=web.additional.stats count=145 sumNanos=46124239659 avgNanos=318098204
zil-additional-service  | 2026-05-05T00:24:44.357Z  INFO 1 --- [zil-additional-service] [   scheduling-1] r.a.observability.ObservabilityService   : LAB9 Observability window=1m category=http.main.rents count=2866 sumNanos=469683964586 avgNanos=163881355
zil-additional-service  | 2026-05-05T00:24:44.357Z  INFO 1 --- [zil-additional-service] [   scheduling-1] r.a.observability.ObservabilityService   : LAB9 Observability window=1m category=http.main.cars count=2863 sumNanos=463243258814 avgNanos=161803443
zil-additional-service  | 2026-05-05T00:24:44.358Z  INFO 1 --- [zil-additional-service] [   scheduling-1] r.a.observability.ObservabilityService   : LAB9 Observability window=1m category=web.additional.availability_new count=2721 sumNanos=889644975706 avgNanos=326955154
zil-additional-service  | 2026-05-05T00:24:44.358Z  INFO 1 --- [zil-additional-service] [   scheduling-1] r.a.observability.ObservabilityService   : LAB9 Observability window=1m category=additional.statsComputation.availability.allCitiesAllDates count=2721 sumNanos=923978021 avgNanos=339572
zil-additional-service  | 2026-05-05T00:24:48.863Z  INFO 1 --- [zil-additional-service] [   scheduling-1] r.additional.service.ClientCacheService  : [client-cache-statistics] Client cache size=1000
zil-additional-service  | 2026-05-05T00:24:49.359Z  INFO 1 --- [zil-additional-service] [   scheduling-1] r.a.observability.ObservabilityService   : LAB9 Observability window=10s category=additional.statsComputation.stats count=30 sumNanos=100882 avgNanos=3362
zil-additional-service  | 2026-05-05T00:24:49.360Z  INFO 1 --- [zil-additional-service] [   scheduling-1] r.a.observability.ObservabilityService   : LAB9 Observability window=10s category=web.additional.stats count=30 sumNanos=9352335426 avgNanos=311744514
zil-additional-service  | 2026-05-05T00:24:49.360Z  INFO 1 --- [zil-additional-service] [   scheduling-1] r.a.observability.ObservabilityService   : LAB9 Observability window=10s category=http.main.rents count=479 sumNanos=77930083092 avgNanos=162693284
zil-additional-service  | 2026-05-05T00:24:49.361Z  INFO 1 --- [zil-additional-service] [   scheduling-1] r.a.observability.ObservabilityService   : LAB9 Observability window=10s category=http.main.cars count=478 sumNanos=78365041564 avgNanos=163943601
zil-additional-service  | 2026-05-05T00:24:49.361Z  INFO 1 --- [zil-additional-service] [   scheduling-1] r.a.observability.ObservabilityService   : LAB9 Observability window=10s category=web.additional.availability_new count=449 sumNanos=147633948042 avgNanos=328806120
zil-additional-service  | 2026-05-05T00:24:49.361Z  INFO 1 --- [zil-additional-service] [   scheduling-1] r.a.observability.ObservabilityService   : LAB9 Observability window=10s category=additional.statsComputation.availability.allCitiesAllDates count=449 sumNanos=110609200 avgNanos=246345
zil-additional-service  | 2026-05-05T00:24:49.362Z  INFO 1 --- [zil-additional-service] [   scheduling-1] r.a.observability.ObservabilityService   : LAB9 Observability window=30s category=additional.statsComputation.stats count=79 sumNanos=2481680 avgNanos=31413
zil-additional-service  | 2026-05-05T00:24:49.362Z  INFO 1 --- [zil-additional-service] [   scheduling-1] r.a.observability.ObservabilityService   : LAB9 Observability window=30s category=web.additional.stats count=79 sumNanos=24919117300 avgNanos=315431864
zil-additional-service  | 2026-05-05T00:24:49.362Z  INFO 1 --- [zil-additional-service] [   scheduling-1] r.a.observability.ObservabilityService   : LAB9 Observability window=30s category=http.main.rents count=1430 sumNanos=234379515186 avgNanos=163901758
zil-additional-service  | 2026-05-05T00:24:49.362Z  INFO 1 --- [zil-additional-service] [   scheduling-1] r.a.observability.ObservabilityService   : LAB9 Observability window=30s category=http.main.cars count=1426 sumNanos=232689211143 avgNanos=163176164
zil-additional-service  | 2026-05-05T00:24:49.362Z  INFO 1 --- [zil-additional-service] [   scheduling-1] r.a.observability.ObservabilityService   : LAB9 Observability window=30s category=web.additional.availability_new count=1351 sumNanos=443874635575 avgNanos=328552654
zil-additional-service  | 2026-05-05T00:24:49.362Z  INFO 1 --- [zil-additional-service] [   scheduling-1] r.a.observability.ObservabilityService   : LAB9 Observability window=30s category=additional.statsComputation.availability.allCitiesAllDates count=1351 sumNanos=357256533 avgNanos=264438
zil-additional-service  | 2026-05-05T00:24:49.362Z  INFO 1 --- [zil-additional-service] [   scheduling-1] r.a.observability.ObservabilityService   : LAB9 Observability window=1m category=additional.statsComputation.stats count=148 sumNanos=2780646 avgNanos=18788
zil-additional-service  | 2026-05-05T00:24:49.362Z  INFO 1 --- [zil-additional-service] [   scheduling-1] r.a.observability.ObservabilityService   : LAB9 Observability window=1m category=web.additional.stats count=148 sumNanos=46982935586 avgNanos=317452267
zil-additional-service  | 2026-05-05T00:24:49.362Z  INFO 1 --- [zil-additional-service] [   scheduling-1] r.a.observability.ObservabilityService   : LAB9 Observability window=1m category=http.main.rents count=2864 sumNanos=469037879402 avgNanos=163770209
zil-additional-service  | 2026-05-05T00:24:49.362Z  INFO 1 --- [zil-additional-service] [   scheduling-1] r.a.observability.ObservabilityService   : LAB9 Observability window=1m category=http.main.cars count=2860 sumNanos=463334537462 avgNanos=162005083
zil-additional-service  | 2026-05-05T00:24:49.362Z  INFO 1 --- [zil-additional-service] [   scheduling-1] r.a.observability.ObservabilityService   : LAB9 Observability window=1m category=web.additional.availability_new count=2716 sumNanos=888078143285 avgNanos=326980170
zil-additional-service  | 2026-05-05T00:24:49.362Z  INFO 1 --- [zil-additional-service] [   scheduling-1] r.a.observability.ObservabilityService   : LAB9 Observability window=1m category=additional.statsComputation.availability.allCitiesAllDates count=2716 sumNanos=929189540 avgNanos=342116
zil-additional-service  | 2026-05-05T00:24:54.369Z  INFO 1 --- [zil-additional-service] [   scheduling-1] r.a.observability.ObservabilityService   : LAB9 Observability window=10s category=additional.statsComputation.stats count=24 sumNanos=71955 avgNanos=2998
zil-additional-service  | 2026-05-05T00:24:54.373Z  INFO 1 --- [zil-additional-service] [   scheduling-1] r.a.observability.ObservabilityService   : LAB9 Observability window=10s category=web.additional.stats count=24 sumNanos=7313841638 avgNanos=304743401
zil-additional-service  | 2026-05-05T00:24:54.373Z  INFO 1 --- [zil-additional-service] [   scheduling-1] r.a.observability.ObservabilityService   : LAB9 Observability window=10s category=http.main.rents count=478 sumNanos=78501655782 avgNanos=164229405
zil-additional-service  | 2026-05-05T00:24:54.373Z  INFO 1 --- [zil-additional-service] [   scheduling-1] r.a.observability.ObservabilityService   : LAB9 Observability window=10s category=http.main.cars count=480 sumNanos=76386790062 avgNanos=159139145
zil-additional-service  | 2026-05-05T00:24:54.374Z  INFO 1 --- [zil-additional-service] [   scheduling-1] r.a.observability.ObservabilityService   : LAB9 Observability window=10s category=web.additional.availability_new count=454 sumNanos=147903864728 avgNanos=325779437
zil-additional-service  | 2026-05-05T00:24:54.375Z  INFO 1 --- [zil-additional-service] [   scheduling-1] r.a.observability.ObservabilityService   : LAB9 Observability window=10s category=additional.statsComputation.availability.allCitiesAllDates count=454 sumNanos=134452464 avgNanos=296150
zil-additional-service  | 2026-05-05T00:24:54.381Z  INFO 1 --- [zil-additional-service] [   scheduling-1] r.a.observability.ObservabilityService   : LAB9 Observability window=30s category=additional.statsComputation.stats count=75 sumNanos=230871 avgNanos=3078
zil-additional-service  | 2026-05-05T00:24:54.382Z  INFO 1 --- [zil-additional-service] [   scheduling-1] r.a.observability.ObservabilityService   : LAB9 Observability window=30s category=web.additional.stats count=75 sumNanos=23444478427 avgNanos=312593045
zil-additional-service  | 2026-05-05T00:24:54.384Z  INFO 1 --- [zil-additional-service] [   scheduling-1] r.a.observability.ObservabilityService   : LAB9 Observability window=30s category=http.main.rents count=1432 sumNanos=234359461559 avgNanos=163658841
zil-additional-service  | 2026-05-05T00:24:54.384Z  INFO 1 --- [zil-additional-service] [   scheduling-1] r.a.observability.ObservabilityService   : LAB9 Observability window=30s category=http.main.cars count=1433 sumNanos=232871699291 avgNanos=162506419
zil-additional-service  | 2026-05-05T00:24:54.384Z  INFO 1 --- [zil-additional-service] [   scheduling-1] r.a.observability.ObservabilityService   : LAB9 Observability window=30s category=web.additional.availability_new count=1357 sumNanos=444444166508 avgNanos=327519651
zil-additional-service  | 2026-05-05T00:24:54.384Z  INFO 1 --- [zil-additional-service] [   scheduling-1] r.a.observability.ObservabilityService   : LAB9 Observability window=30s category=additional.statsComputation.availability.allCitiesAllDates count=1357 sumNanos=399159916 avgNanos=294148
zil-additional-service  | 2026-05-05T00:24:54.385Z  INFO 1 --- [zil-additional-service] [   scheduling-1] r.a.observability.ObservabilityService   : LAB9 Observability window=1m category=additional.statsComputation.stats count=147 sumNanos=2764898 avgNanos=18808
zil-additional-service  | 2026-05-05T00:24:54.386Z  INFO 1 --- [zil-additional-service] [   scheduling-1] r.a.observability.ObservabilityService   : LAB9 Observability window=1m category=web.additional.stats count=147 sumNanos=46575112410 avgNanos=316837499
zil-additional-service  | 2026-05-05T00:24:54.386Z  INFO 1 --- [zil-additional-service] [   scheduling-1] r.a.observability.ObservabilityService   : LAB9 Observability window=1m category=http.main.rents count=2861 sumNanos=469733033166 avgNanos=164184911
zil-additional-service  | 2026-05-05T00:24:54.387Z  INFO 1 --- [zil-additional-service] [   scheduling-1] r.a.observability.ObservabilityService   : LAB9 Observability window=1m category=http.main.cars count=2862 sumNanos=463477177997 avgNanos=161941711
zil-additional-service  | 2026-05-05T00:24:54.388Z  INFO 1 --- [zil-additional-service] [   scheduling-1] r.a.observability.ObservabilityService   : LAB9 Observability window=1m category=web.additional.availability_new count=2714 sumNanos=888577450512 avgNanos=327405103
zil-additional-service  | 2026-05-05T00:24:54.388Z  INFO 1 --- [zil-additional-service] [   scheduling-1] r.a.observability.ObservabilityService   : LAB9 Observability window=1m category=additional.statsComputation.availability.allCitiesAllDates count=2714 sumNanos=935683188 avgNanos=344761
zil-additional-service  | 2026-05-05T00:24:58.862Z  INFO 1 --- [zil-additional-service] [   scheduling-1] r.additional.service.ClientCacheService  : [client-cache-statistics] Client cache size=1000
zil-additional-service  | 2026-05-05T00:24:59.409Z  INFO 1 --- [zil-additional-service] [   scheduling-1] r.a.observability.ObservabilityService   : LAB9 Observability window=10s category=additional.statsComputation.stats count=24 sumNanos=74547 avgNanos=3106
zil-additional-service  | 2026-05-05T00:24:59.410Z  INFO 1 --- [zil-additional-service] [   scheduling-1] r.a.observability.ObservabilityService   : LAB9 Observability window=10s category=web.additional.stats count=24 sumNanos=7661295525 avgNanos=319220646
zil-additional-service  | 2026-05-05T00:24:59.410Z  INFO 1 --- [zil-additional-service] [   scheduling-1] r.a.observability.ObservabilityService   : LAB9 Observability window=10s category=http.main.rents count=481 sumNanos=78472909069 avgNanos=163145341
zil-additional-service  | 2026-05-05T00:24:59.410Z  INFO 1 --- [zil-additional-service] [   scheduling-1] r.a.observability.ObservabilityService   : LAB9 Observability window=10s category=http.main.cars count=480 sumNanos=76319780067 avgNanos=158999541
zil-additional-service  | 2026-05-05T00:24:59.410Z  INFO 1 --- [zil-additional-service] [   scheduling-1] r.a.observability.ObservabilityService   : LAB9 Observability window=10s category=web.additional.availability_new count=457 sumNanos=147290656463 avgNanos=322299029
zil-additional-service  | 2026-05-05T00:24:59.410Z  INFO 1 --- [zil-additional-service] [   scheduling-1] r.a.observability.ObservabilityService   : LAB9 Observability window=10s category=additional.statsComputation.availability.allCitiesAllDates count=457 sumNanos=133239724 avgNanos=291553
zil-additional-service  | 2026-05-05T00:24:59.410Z  INFO 1 --- [zil-additional-service] [   scheduling-1] r.a.observability.ObservabilityService   : LAB9 Observability window=30s category=additional.statsComputation.stats count=73 sumNanos=228351 avgNanos=3128
zil-additional-service  | 2026-05-05T00:24:59.410Z  INFO 1 --- [zil-additional-service] [   scheduling-1] r.a.observability.ObservabilityService   : LAB9 Observability window=30s category=web.additional.stats count=73 sumNanos=23108650159 avgNanos=316556851
zil-additional-service  | 2026-05-05T00:24:59.410Z  INFO 1 --- [zil-additional-service] [   scheduling-1] r.a.observability.ObservabilityService   : LAB9 Observability window=30s category=http.main.rents count=1435 sumNanos=233562491098 avgNanos=162761317
zil-additional-service  | 2026-05-05T00:24:59.415Z  INFO 1 --- [zil-additional-service] [   scheduling-1] r.a.observability.ObservabilityService   : LAB9 Observability window=30s category=http.main.cars count=1435 sumNanos=232818762283 avgNanos=162243039
zil-additional-service  | 2026-05-05T00:24:59.415Z  INFO 1 --- [zil-additional-service] [   scheduling-1] r.a.observability.ObservabilityService   : LAB9 Observability window=30s category=web.additional.availability_new count=1363 sumNanos=444858278849 avgNanos=326381715
zil-additional-service  | 2026-05-05T00:24:59.415Z  INFO 1 --- [zil-additional-service] [   scheduling-1] r.a.observability.ObservabilityService   : LAB9 Observability window=30s category=additional.statsComputation.availability.allCitiesAllDates count=1363 sumNanos=392741310 avgNanos=288144
zil-additional-service  | 2026-05-05T00:24:59.416Z  INFO 1 --- [zil-additional-service] [   scheduling-1] r.a.observability.ObservabilityService   : LAB9 Observability window=1m category=additional.statsComputation.stats count=144 sumNanos=2748237 avgNanos=19084
zil-additional-service  | 2026-05-05T00:24:59.418Z  INFO 1 --- [zil-additional-service] [   scheduling-1] r.a.observability.ObservabilityService   : LAB9 Observability window=1m category=web.additional.stats count=144 sumNanos=45839242950 avgNanos=318328076
zil-additional-service  | 2026-05-05T00:24:59.418Z  INFO 1 --- [zil-additional-service] [   scheduling-1] r.a.observability.ObservabilityService   : LAB9 Observability window=1m category=http.main.rents count=2862 sumNanos=469497932963 avgNanos=164045399
zil-additional-service  | 2026-05-05T00:24:59.418Z  INFO 1 --- [zil-additional-service] [   scheduling-1] r.a.observability.ObservabilityService   : LAB9 Observability window=1m category=http.main.cars count=2859 sumNanos=463508092461 avgNanos=162122452
zil-additional-service  | 2026-05-05T00:24:59.418Z  INFO 1 --- [zil-additional-service] [   scheduling-1] r.a.observability.ObservabilityService   : LAB9 Observability window=1m category=web.additional.availability_new count=2718 sumNanos=889627066801 avgNanos=327309443
zil-additional-service  | 2026-05-05T00:24:59.418Z  INFO 1 --- [zil-additional-service] [   scheduling-1] r.a.observability.ObservabilityService   : LAB9 Observability window=1m category=additional.statsComputation.availability.allCitiesAllDates count=2718 sumNanos=900008746 avgNanos=331129
zil-additional-service  | 2026-05-05T00:25:04.419Z  INFO 1 --- [zil-additional-service] [   scheduling-1] r.a.observability.ObservabilityService   : LAB9 Observability window=10s category=additional.statsComputation.stats count=25 sumNanos=150233 avgNanos=6009
zil-additional-service  | 2026-05-05T00:25:04.420Z  INFO 1 --- [zil-additional-service] [   scheduling-1] r.a.observability.ObservabilityService   : LAB9 Observability window=10s category=web.additional.stats count=25 sumNanos=8511894905 avgNanos=340475796
zil-additional-service  | 2026-05-05T00:25:04.420Z  INFO 1 --- [zil-additional-service] [   scheduling-1] r.a.observability.ObservabilityService   : LAB9 Observability window=10s category=http.main.rents count=479 sumNanos=78346396634 avgNanos=163562414
zil-additional-service  | 2026-05-05T00:25:04.420Z  INFO 1 --- [zil-additional-service] [   scheduling-1] r.a.observability.ObservabilityService   : LAB9 Observability window=10s category=http.main.cars count=474 sumNanos=77675596964 avgNanos=163872567
zil-additional-service  | 2026-05-05T00:25:04.420Z  INFO 1 --- [zil-additional-service] [   scheduling-1] r.a.observability.ObservabilityService   : LAB9 Observability window=10s category=web.additional.availability_new count=454 sumNanos=148681626800 avgNanos=327492570
zil-additional-service  | 2026-05-05T00:25:04.420Z  INFO 1 --- [zil-additional-service] [   scheduling-1] r.a.observability.ObservabilityService   : LAB9 Observability window=10s category=additional.statsComputation.availability.allCitiesAllDates count=454 sumNanos=111624813 avgNanos=245869
zil-additional-service  | 2026-05-05T00:25:04.420Z  INFO 1 --- [zil-additional-service] [   scheduling-1] r.a.observability.ObservabilityService   : LAB9 Observability window=30s category=additional.statsComputation.stats count=75 sumNanos=308595 avgNanos=4114
zil-additional-service  | 2026-05-05T00:25:04.420Z  INFO 1 --- [zil-additional-service] [   scheduling-1] r.a.observability.ObservabilityService   : LAB9 Observability window=30s category=web.additional.stats count=75 sumNanos=23856625907 avgNanos=318088345
zil-additional-service  | 2026-05-05T00:25:04.420Z  INFO 1 --- [zil-additional-service] [   scheduling-1] r.a.observability.ObservabilityService   : LAB9 Observability window=30s category=http.main.rents count=1437 sumNanos=233367238090 avgNanos=162398913
zil-additional-service  | 2026-05-05T00:25:04.420Z  INFO 1 --- [zil-additional-service] [   scheduling-1] r.a.observability.ObservabilityService   : LAB9 Observability window=30s category=http.main.cars count=1435 sumNanos=233644292770 avgNanos=162818322
zil-additional-service  | 2026-05-05T00:25:04.420Z  INFO 1 --- [zil-additional-service] [   scheduling-1] r.a.observability.ObservabilityService   : LAB9 Observability window=30s category=web.additional.availability_new count=1362 sumNanos=444501778542 avgNanos=326359602
zil-additional-service  | 2026-05-05T00:25:04.420Z  INFO 1 --- [zil-additional-service] [   scheduling-1] r.a.observability.ObservabilityService   : LAB9 Observability window=30s category=additional.statsComputation.availability.allCitiesAllDates count=1362 sumNanos=356209231 avgNanos=261533
zil-additional-service  | 2026-05-05T00:25:04.420Z  INFO 1 --- [zil-additional-service] [   scheduling-1] r.a.observability.ObservabilityService   : LAB9 Observability window=1m category=additional.statsComputation.stats count=148 sumNanos=2834489 avgNanos=19151
zil-additional-service  | 2026-05-05T00:25:04.420Z  INFO 1 --- [zil-additional-service] [   scheduling-1] r.a.observability.ObservabilityService   : LAB9 Observability window=1m category=web.additional.stats count=148 sumNanos=47347201786 avgNanos=319913525
zil-additional-service  | 2026-05-05T00:25:04.420Z  INFO 1 --- [zil-additional-service] [   scheduling-1] r.a.observability.ObservabilityService   : LAB9 Observability window=1m category=http.main.rents count=2858 sumNanos=469095358347 avgNanos=164134135
zil-additional-service  | 2026-05-05T00:25:04.420Z  INFO 1 --- [zil-additional-service] [   scheduling-1] r.a.observability.ObservabilityService   : LAB9 Observability window=1m category=http.main.cars count=2862 sumNanos=463977743920 avgNanos=162116612
zil-additional-service  | 2026-05-05T00:25:04.421Z  INFO 1 --- [zil-additional-service] [   scheduling-1] r.a.observability.ObservabilityService   : LAB9 Observability window=1m category=web.additional.availability_new count=2710 sumNanos=887217070024 avgNanos=327386372
zil-additional-service  | 2026-05-05T00:25:04.421Z  INFO 1 --- [zil-additional-service] [   scheduling-1] r.a.observability.ObservabilityService   : LAB9 Observability window=1m category=additional.statsComputation.availability.allCitiesAllDates count=2710 sumNanos=837600870 avgNanos=309077
zil-additional-service  | 2026-05-05T00:25:08.862Z  INFO 1 --- [zil-additional-service] [   scheduling-1] r.additional.service.ClientCacheService  : [client-cache-statistics] Client cache size=1000
zil-additional-service  | 2026-05-05T00:25:09.425Z  INFO 1 --- [zil-additional-service] [   scheduling-1] r.a.observability.ObservabilityService   : LAB9 Observability window=10s category=additional.statsComputation.stats count=23 sumNanos=123659 avgNanos=5376
zil-additional-service  | 2026-05-05T00:25:09.427Z  INFO 1 --- [zil-additional-service] [   scheduling-1] r.a.observability.ObservabilityService   : LAB9 Observability window=10s category=web.additional.stats count=23 sumNanos=8006598186 avgNanos=348112964
zil-additional-service  | 2026-05-05T00:25:09.427Z  INFO 1 --- [zil-additional-service] [   scheduling-1] r.a.observability.ObservabilityService   : LAB9 Observability window=10s category=http.main.rents count=478 sumNanos=78289413535 avgNanos=163785383
zil-additional-service  | 2026-05-05T00:25:09.428Z  INFO 1 --- [zil-additional-service] [   scheduling-1] r.a.observability.ObservabilityService   : LAB9 Observability window=10s category=http.main.cars count=478 sumNanos=78651243337 avgNanos=164542350
zil-additional-service  | 2026-05-05T00:25:09.429Z  INFO 1 --- [zil-additional-service] [   scheduling-1] r.a.observability.ObservabilityService   : LAB9 Observability window=10s category=web.additional.availability_new count=455 sumNanos=149223586906 avgNanos=327963927
zil-additional-service  | 2026-05-05T00:25:09.429Z  INFO 1 --- [zil-additional-service] [   scheduling-1] r.a.observability.ObservabilityService   : LAB9 Observability window=10s category=additional.statsComputation.availability.allCitiesAllDates count=455 sumNanos=164184958 avgNanos=360846
zil-additional-service  | 2026-05-05T00:25:09.429Z  INFO 1 --- [zil-additional-service] [   scheduling-1] r.a.observability.ObservabilityService   : LAB9 Observability window=30s category=additional.statsComputation.stats count=77 sumNanos=299088 avgNanos=3884
zil-additional-service  | 2026-05-05T00:25:09.429Z  INFO 1 --- [zil-additional-service] [   scheduling-1] r.a.observability.ObservabilityService   : LAB9 Observability window=30s category=web.additional.stats count=77 sumNanos=25020229137 avgNanos=324938040
zil-additional-service  | 2026-05-05T00:25:09.429Z  INFO 1 --- [zil-additional-service] [   scheduling-1] r.a.observability.ObservabilityService   : LAB9 Observability window=30s category=http.main.rents count=1438 sumNanos=234590149456 avgNanos=163136404
zil-additional-service  | 2026-05-05T00:25:09.430Z  INFO 1 --- [zil-additional-service] [   scheduling-1] r.a.observability.ObservabilityService   : LAB9 Observability window=30s category=http.main.cars count=1437 sumNanos=233338851107 avgNanos=162379158
zil-additional-service  | 2026-05-05T00:25:09.434Z  INFO 1 --- [zil-additional-service] [   scheduling-1] r.a.observability.ObservabilityService   : LAB9 Observability window=30s category=web.additional.availability_new count=1361 sumNanos=444108307402 avgNanos=326310291
zil-additional-service  | 2026-05-05T00:25:09.434Z  INFO 1 --- [zil-additional-service] [   scheduling-1] r.a.observability.ObservabilityService   : LAB9 Observability window=30s category=additional.statsComputation.availability.allCitiesAllDates count=1361 sumNanos=408076515 avgNanos=299835
zil-additional-service  | 2026-05-05T00:25:09.435Z  INFO 1 --- [zil-additional-service] [   scheduling-1] r.a.observability.ObservabilityService   : LAB9 Observability window=1m category=additional.statsComputation.stats count=144 sumNanos=2805326 avgNanos=19481
zil-additional-service  | 2026-05-05T00:25:09.438Z  INFO 1 --- [zil-additional-service] [   scheduling-1] r.a.observability.ObservabilityService   : LAB9 Observability window=1m category=web.additional.stats count=144 sumNanos=46329563051 avgNanos=321733076
zil-additional-service  | 2026-05-05T00:25:09.438Z  INFO 1 --- [zil-additional-service] [   scheduling-1] r.a.observability.ObservabilityService   : LAB9 Observability window=1m category=http.main.rents count=2862 sumNanos=468740067847 avgNanos=163780596
zil-additional-service  | 2026-05-05T00:25:09.438Z  INFO 1 --- [zil-additional-service] [   scheduling-1] r.a.observability.ObservabilityService   : LAB9 Observability window=1m category=http.main.cars count=2862 sumNanos=465083528092 avgNanos=162502979
zil-additional-service  | 2026-05-05T00:25:09.438Z  INFO 1 --- [zil-additional-service] [   scheduling-1] r.a.observability.ObservabilityService   : LAB9 Observability window=1m category=web.additional.availability_new count=2718 sumNanos=889309726925 avgNanos=327192688
zil-additional-service  | 2026-05-05T00:25:09.438Z  INFO 1 --- [zil-additional-service] [   scheduling-1] r.a.observability.ObservabilityService   : LAB9 Observability window=1m category=additional.statsComputation.availability.allCitiesAllDates count=2718 sumNanos=847239975 avgNanos=311714
zil-additional-service  | 2026-05-05T00:25:14.445Z  INFO 1 --- [zil-additional-service] [   scheduling-1] r.a.observability.ObservabilityService   : LAB9 Observability window=10s category=additional.statsComputation.stats count=22 sumNanos=23458 avgNanos=1066
zil-additional-service  | 2026-05-05T00:25:14.445Z  INFO 1 --- [zil-additional-service] [   scheduling-1] r.a.observability.ObservabilityService   : LAB9 Observability window=10s category=web.additional.stats count=22 sumNanos=7128739037 avgNanos=324033592
zil-additional-service  | 2026-05-05T00:25:14.446Z  INFO 1 --- [zil-additional-service] [   scheduling-1] r.a.observability.ObservabilityService   : LAB9 Observability window=10s category=http.main.rents count=474 sumNanos=77086533363 avgNanos=162629817
zil-additional-service  | 2026-05-05T00:25:14.446Z  INFO 1 --- [zil-additional-service] [   scheduling-1] r.a.observability.ObservabilityService   : LAB9 Observability window=10s category=http.main.cars count=476 sumNanos=78146931302 avgNanos=164174225
zil-additional-service  | 2026-05-05T00:25:14.447Z  INFO 1 --- [zil-additional-service] [   scheduling-1] r.a.observability.ObservabilityService   : LAB9 Observability window=10s category=web.additional.availability_new count=452 sumNanos=148087389170 avgNanos=327626967
zil-additional-service  | 2026-05-05T00:25:14.448Z  INFO 1 --- [zil-additional-service] [   scheduling-1] r.a.observability.ObservabilityService   : LAB9 Observability window=10s category=additional.statsComputation.availability.allCitiesAllDates count=452 sumNanos=158902922 avgNanos=351555
zil-additional-service  | 2026-05-05T00:25:14.449Z  INFO 1 --- [zil-additional-service] [   scheduling-1] r.a.observability.ObservabilityService   : LAB9 Observability window=30s category=additional.statsComputation.stats count=71 sumNanos=245646 avgNanos=3459
zil-additional-service  | 2026-05-05T00:25:14.449Z  INFO 1 --- [zil-additional-service] [   scheduling-1] r.a.observability.ObservabilityService   : LAB9 Observability window=30s category=web.additional.stats count=71 sumNanos=22954475580 avgNanos=323302472
zil-additional-service  | 2026-05-05T00:25:14.449Z  INFO 1 --- [zil-additional-service] [   scheduling-1] r.a.observability.ObservabilityService   : LAB9 Observability window=30s category=http.main.rents count=1432 sumNanos=234221151275 avgNanos=163562256
zil-additional-service  | 2026-05-05T00:25:14.449Z  INFO 1 --- [zil-additional-service] [   scheduling-1] r.a.observability.ObservabilityService   : LAB9 Observability window=30s category=http.main.cars count=1433 sumNanos=232783822006 avgNanos=162445095
zil-additional-service  | 2026-05-05T00:25:14.449Z  INFO 1 --- [zil-additional-service] [   scheduling-1] r.a.observability.ObservabilityService   : LAB9 Observability window=30s category=web.additional.availability_new count=1361 sumNanos=444906241294 avgNanos=326896576
zil-additional-service  | 2026-05-05T00:25:14.449Z  INFO 1 --- [zil-additional-service] [   scheduling-1] r.a.observability.ObservabilityService   : LAB9 Observability window=30s category=additional.statsComputation.availability.allCitiesAllDates count=1361 sumNanos=405095223 avgNanos=297645
zil-additional-service  | 2026-05-05T00:25:14.449Z  INFO 1 --- [zil-additional-service] [   scheduling-1] r.a.observability.ObservabilityService   : LAB9 Observability window=1m category=additional.statsComputation.stats count=146 sumNanos=2719855 avgNanos=18629
zil-additional-service  | 2026-05-05T00:25:14.459Z  INFO 1 --- [zil-additional-service] [   scheduling-1] r.a.observability.ObservabilityService   : LAB9 Observability window=1m category=web.additional.stats count=146 sumNanos=46784046708 avgNanos=320438676
zil-additional-service  | 2026-05-05T00:25:14.459Z  INFO 1 --- [zil-additional-service] [   scheduling-1] r.a.observability.ObservabilityService   : LAB9 Observability window=1m category=http.main.rents count=2860 sumNanos=468495356990 avgNanos=163809565
zil-additional-service  | 2026-05-05T00:25:14.459Z  INFO 1 --- [zil-additional-service] [   scheduling-1] r.a.observability.ObservabilityService   : LAB9 Observability window=1m category=http.main.cars count=2863 sumNanos=465364748965 avgNanos=162544446
zil-additional-service  | 2026-05-05T00:25:14.460Z  INFO 1 --- [zil-additional-service] [   scheduling-1] r.a.observability.ObservabilityService   : LAB9 Observability window=1m category=web.additional.availability_new count=2714 sumNanos=888585029034 avgNanos=327407895
zil-additional-service  | 2026-05-05T00:25:14.460Z  INFO 1 --- [zil-additional-service] [   scheduling-1] r.a.observability.ObservabilityService   : LAB9 Observability window=1m category=additional.statsComputation.availability.allCitiesAllDates count=2714 sumNanos=792554484 avgNanos=292024
zil-additional-service  | 2026-05-05T00:25:18.862Z  INFO 1 --- [zil-additional-service] [   scheduling-1] r.additional.service.ClientCacheService  : [client-cache-statistics] Client cache size=1000
zil-additional-service  | 2026-05-05T00:25:19.461Z  INFO 1 --- [zil-additional-service] [   scheduling-1] r.a.observability.ObservabilityService   : LAB9 Observability window=10s category=additional.statsComputation.stats count=19 sumNanos=22243 avgNanos=1170
zil-additional-service  | 2026-05-05T00:25:19.461Z  INFO 1 --- [zil-additional-service] [   scheduling-1] r.a.observability.ObservabilityService   : LAB9 Observability window=10s category=web.additional.stats count=19 sumNanos=6375287523 avgNanos=335541448
zil-additional-service  | 2026-05-05T00:25:19.461Z  INFO 1 --- [zil-additional-service] [   scheduling-1] r.a.observability.ObservabilityService   : LAB9 Observability window=10s category=http.main.rents count=479 sumNanos=78587692871 avgNanos=164066164
zil-additional-service  | 2026-05-05T00:25:19.461Z  INFO 1 --- [zil-additional-service] [   scheduling-1] r.a.observability.ObservabilityService   : LAB9 Observability window=10s category=http.main.cars count=478 sumNanos=78209274046 avgNanos=163617728
zil-additional-service  | 2026-05-05T00:25:19.462Z  INFO 1 --- [zil-additional-service] [   scheduling-1] r.a.observability.ObservabilityService   : LAB9 Observability window=10s category=web.additional.availability_new count=460 sumNanos=151122518086 avgNanos=328527213
zil-additional-service  | 2026-05-05T00:25:19.463Z  INFO 1 --- [zil-additional-service] [   scheduling-1] r.a.observability.ObservabilityService   : LAB9 Observability window=10s category=additional.statsComputation.availability.allCitiesAllDates count=460 sumNanos=95488961 avgNanos=207584
zil-additional-service  | 2026-05-05T00:25:19.464Z  INFO 1 --- [zil-additional-service] [   scheduling-1] r.a.observability.ObservabilityService   : LAB9 Observability window=30s category=additional.statsComputation.stats count=65 sumNanos=217255 avgNanos=3342
zil-additional-service  | 2026-05-05T00:25:19.464Z  INFO 1 --- [zil-additional-service] [   scheduling-1] r.a.observability.ObservabilityService   : LAB9 Observability window=30s category=web.additional.stats count=65 sumNanos=21766447415 avgNanos=334868421
zil-additional-service  | 2026-05-05T00:25:19.464Z  INFO 1 --- [zil-additional-service] [   scheduling-1] r.a.observability.ObservabilityService   : LAB9 Observability window=30s category=http.main.rents count=1436 sumNanos=234819828614 avgNanos=163523557
zil-additional-service  | 2026-05-05T00:25:19.464Z  INFO 1 --- [zil-additional-service] [   scheduling-1] r.a.observability.ObservabilityService   : LAB9 Observability window=30s category=http.main.cars count=1434 sumNanos=232949522488 avgNanos=162447365
zil-additional-service  | 2026-05-05T00:25:19.464Z  INFO 1 --- [zil-additional-service] [   scheduling-1] r.a.observability.ObservabilityService   : LAB9 Observability window=30s category=web.additional.availability_new count=1371 sumNanos=447146356052 avgNanos=326146138
zil-additional-service  | 2026-05-05T00:25:19.464Z  INFO 1 --- [zil-additional-service] [   scheduling-1] r.a.observability.ObservabilityService   : LAB9 Observability window=30s category=additional.statsComputation.availability.allCitiesAllDates count=1371 sumNanos=392759932 avgNanos=286476
zil-additional-service  | 2026-05-05T00:25:19.464Z  INFO 1 --- [zil-additional-service] [   scheduling-1] r.a.observability.ObservabilityService   : LAB9 Observability window=1m category=additional.statsComputation.stats count=145 sumNanos=2702129 avgNanos=18635
zil-additional-service  | 2026-05-05T00:25:19.465Z  INFO 1 --- [zil-additional-service] [   scheduling-1] r.a.observability.ObservabilityService   : LAB9 Observability window=1m category=web.additional.stats count=145 sumNanos=46962298534 avgNanos=323877920
zil-additional-service  | 2026-05-05T00:25:19.465Z  INFO 1 --- [zil-additional-service] [   scheduling-1] r.a.observability.ObservabilityService   : LAB9 Observability window=1m category=http.main.rents count=2864 sumNanos=468934168572 avgNanos=163733997
zil-additional-service  | 2026-05-05T00:25:19.465Z  INFO 1 --- [zil-additional-service] [   scheduling-1] r.a.observability.ObservabilityService   : LAB9 Observability window=1m category=http.main.cars count=2862 sumNanos=465833542017 avgNanos=162765039
zil-additional-service  | 2026-05-05T00:25:19.466Z  INFO 1 --- [zil-additional-service] [   scheduling-1] r.a.observability.ObservabilityService   : LAB9 Observability window=1m category=web.additional.availability_new count=2719 sumNanos=890189880640 avgNanos=327396057
zil-additional-service  | 2026-05-05T00:25:19.466Z  INFO 1 --- [zil-additional-service] [   scheduling-1] r.a.observability.ObservabilityService   : LAB9 Observability window=1m category=additional.statsComputation.availability.allCitiesAllDates count=2719 sumNanos=749421381 avgNanos=275623
zil-additional-service  | 2026-05-05T00:25:24.468Z  INFO 1 --- [zil-additional-service] [   scheduling-1] r.a.observability.ObservabilityService   : LAB9 Observability window=10s category=additional.statsComputation.stats count=17 sumNanos=21841 avgNanos=1284
zil-additional-service  | 2026-05-05T00:25:24.469Z  INFO 1 --- [zil-additional-service] [   scheduling-1] r.a.observability.ObservabilityService   : LAB9 Observability window=10s category=web.additional.stats count=17 sumNanos=6000374533 avgNanos=352963207
zil-additional-service  | 2026-05-05T00:25:24.470Z  INFO 1 --- [zil-additional-service] [   scheduling-1] r.a.observability.ObservabilityService   : LAB9 Observability window=10s category=http.main.rents count=482 sumNanos=78395542241 avgNanos=162646353
zil-additional-service  | 2026-05-05T00:25:24.470Z  INFO 1 --- [zil-additional-service] [   scheduling-1] r.a.observability.ObservabilityService   : LAB9 Observability window=10s category=http.main.cars count=486 sumNanos=77918368221 avgNanos=160325860
zil-additional-service  | 2026-05-05T00:25:24.470Z  INFO 1 --- [zil-additional-service] [   scheduling-1] r.a.observability.ObservabilityService   : LAB9 Observability window=10s category=web.additional.availability_new count=465 sumNanos=150094088920 avgNanos=322782986
zil-additional-service  | 2026-05-05T00:25:24.470Z  INFO 1 --- [zil-additional-service] [   scheduling-1] r.a.observability.ObservabilityService   : LAB9 Observability window=10s category=additional.statsComputation.availability.allCitiesAllDates count=465 sumNanos=86602305 avgNanos=186241
zil-additional-service  | 2026-05-05T00:25:24.472Z  INFO 1 --- [zil-additional-service] [   scheduling-1] r.a.observability.ObservabilityService   : LAB9 Observability window=30s category=additional.statsComputation.stats count=63 sumNanos=192252 avgNanos=3051
zil-additional-service  | 2026-05-05T00:25:24.472Z  INFO 1 --- [zil-additional-service] [   scheduling-1] r.a.observability.ObservabilityService   : LAB9 Observability window=30s category=web.additional.stats count=63 sumNanos=21323536391 avgNanos=338468831
zil-additional-service  | 2026-05-05T00:25:24.472Z  INFO 1 --- [zil-additional-service] [   scheduling-1] r.a.observability.ObservabilityService   : LAB9 Observability window=30s category=http.main.rents count=1438 sumNanos=234667148570 avgNanos=163189950
zil-additional-service  | 2026-05-05T00:25:24.472Z  INFO 1 --- [zil-additional-service] [   scheduling-1] r.a.observability.ObservabilityService   : LAB9 Observability window=30s category=http.main.cars count=1437 sumNanos=233957811716 avgNanos=162809889
zil-additional-service  | 2026-05-05T00:25:24.472Z  INFO 1 --- [zil-additional-service] [   scheduling-1] r.a.observability.ObservabilityService   : LAB9 Observability window=30s category=web.additional.availability_new count=1375 sumNanos=448447191694 avgNanos=326143412
zil-additional-service  | 2026-05-05T00:25:24.472Z  INFO 1 --- [zil-additional-service] [   scheduling-1] r.a.observability.ObservabilityService   : LAB9 Observability window=30s category=additional.statsComputation.availability.allCitiesAllDates count=1375 sumNanos=357709295 avgNanos=260152
zil-additional-service  | 2026-05-05T00:25:24.472Z  INFO 1 --- [zil-additional-service] [   scheduling-1] r.a.observability.ObservabilityService   : LAB9 Observability window=1m category=additional.statsComputation.stats count=139 sumNanos=426403 avgNanos=3067
zil-additional-service  | 2026-05-05T00:25:24.472Z  INFO 1 --- [zil-additional-service] [   scheduling-1] r.a.observability.ObservabilityService   : LAB9 Observability window=1m category=web.additional.stats count=139 sumNanos=45085486902 avgNanos=324356020
zil-additional-service  | 2026-05-05T00:25:24.472Z  INFO 1 --- [zil-additional-service] [   scheduling-1] r.a.observability.ObservabilityService   : LAB9 Observability window=1m category=http.main.rents count=2866 sumNanos=468092133229 avgNanos=163325936
zil-additional-service  | 2026-05-05T00:25:24.472Z  INFO 1 --- [zil-additional-service] [   scheduling-1] r.a.observability.ObservabilityService   : LAB9 Observability window=1m category=http.main.cars count=2868 sumNanos=466465234121 avgNanos=162644781
zil-additional-service  | 2026-05-05T00:25:24.472Z  INFO 1 --- [zil-additional-service] [   scheduling-1] r.a.observability.ObservabilityService   : LAB9 Observability window=1m category=web.additional.availability_new count=2727 sumNanos=891208802442 avgNanos=326809241
zil-additional-service  | 2026-05-05T00:25:24.472Z  INFO 1 --- [zil-additional-service] [   scheduling-1] r.a.observability.ObservabilityService   : LAB9 Observability window=1m category=additional.statsComputation.availability.allCitiesAllDates count=2727 sumNanos=756554860 avgNanos=277431
zil-additional-service  | 2026-05-05T00:25:28.874Z  INFO 1 --- [zil-additional-service] [   scheduling-1] r.additional.service.ClientCacheService  : [client-cache-statistics] Client cache size=1000
zil-additional-service  | 2026-05-05T00:25:29.473Z  INFO 1 --- [zil-additional-service] [   scheduling-1] r.a.observability.ObservabilityService   : LAB9 Observability window=10s category=additional.statsComputation.stats count=26 sumNanos=52377 avgNanos=2014
zil-additional-service  | 2026-05-05T00:25:29.474Z  INFO 1 --- [zil-additional-service] [   scheduling-1] r.a.observability.ObservabilityService   : LAB9 Observability window=10s category=web.additional.stats count=26 sumNanos=8286804798 avgNanos=318723261
zil-additional-service  | 2026-05-05T00:25:29.474Z  INFO 1 --- [zil-additional-service] [   scheduling-1] r.a.observability.ObservabilityService   : LAB9 Observability window=10s category=http.main.rents count=484 sumNanos=80128446000 avgNanos=165554640
zil-additional-service  | 2026-05-05T00:25:29.474Z  INFO 1 --- [zil-additional-service] [   scheduling-1] r.a.observability.ObservabilityService   : LAB9 Observability window=10s category=http.main.cars count=479 sumNanos=75862684148 avgNanos=158377211
zil-additional-service  | 2026-05-05T00:25:29.474Z  INFO 1 --- [zil-additional-service] [   scheduling-1] r.a.observability.ObservabilityService   : LAB9 Observability window=10s category=web.additional.availability_new count=458 sumNanos=148536345651 avgNanos=324315165
zil-additional-service  | 2026-05-05T00:25:29.474Z  INFO 1 --- [zil-additional-service] [   scheduling-1] r.a.observability.ObservabilityService   : LAB9 Observability window=10s category=additional.statsComputation.availability.allCitiesAllDates count=458 sumNanos=128634339 avgNanos=280861
zil-additional-service  | 2026-05-05T00:25:29.475Z  INFO 1 --- [zil-additional-service] [   scheduling-1] r.a.observability.ObservabilityService   : LAB9 Observability window=30s category=additional.statsComputation.stats count=67 sumNanos=195258 avgNanos=2914
zil-additional-service  | 2026-05-05T00:25:29.475Z  INFO 1 --- [zil-additional-service] [   scheduling-1] r.a.observability.ObservabilityService   : LAB9 Observability window=30s category=web.additional.stats count=67 sumNanos=22346259302 avgNanos=333526258
zil-additional-service  | 2026-05-05T00:25:29.475Z  INFO 1 --- [zil-additional-service] [   scheduling-1] r.a.observability.ObservabilityService   : LAB9 Observability window=30s category=http.main.rents count=1438 sumNanos=236446954316 avgNanos=164427645
zil-additional-service  | 2026-05-05T00:25:29.475Z  INFO 1 --- [zil-additional-service] [   scheduling-1] r.a.observability.ObservabilityService   : LAB9 Observability window=30s category=http.main.cars count=1434 sumNanos=232385356040 avgNanos=162053944
zil-additional-service  | 2026-05-05T00:25:29.475Z  INFO 1 --- [zil-additional-service] [   scheduling-1] r.a.observability.ObservabilityService   : LAB9 Observability window=30s category=web.additional.availability_new count=1371 sumNanos=448153636604 avgNanos=326880843
zil-additional-service  | 2026-05-05T00:25:29.475Z  INFO 1 --- [zil-additional-service] [   scheduling-1] r.a.observability.ObservabilityService   : LAB9 Observability window=30s category=additional.statsComputation.availability.allCitiesAllDates count=1371 sumNanos=388114878 avgNanos=283088
zil-additional-service  | 2026-05-05T00:25:29.476Z  INFO 1 --- [zil-additional-service] [   scheduling-1] r.a.observability.ObservabilityService   : LAB9 Observability window=1m category=additional.statsComputation.stats count=141 sumNanos=426630 avgNanos=3025
zil-additional-service  | 2026-05-05T00:25:29.476Z  INFO 1 --- [zil-additional-service] [   scheduling-1] r.a.observability.ObservabilityService   : LAB9 Observability window=1m category=web.additional.stats count=141 sumNanos=45777340666 avgNanos=324661990
zil-additional-service  | 2026-05-05T00:25:29.476Z  INFO 1 --- [zil-additional-service] [   scheduling-1] r.a.observability.ObservabilityService   : LAB9 Observability window=1m category=http.main.rents count=2876 sumNanos=470584966438 avgNanos=163624814
zil-additional-service  | 2026-05-05T00:25:29.476Z  INFO 1 --- [zil-additional-service] [   scheduling-1] r.a.observability.ObservabilityService   : LAB9 Observability window=1m category=http.main.cars count=2871 sumNanos=465794818190 avgNanos=162241315
zil-additional-service  | 2026-05-05T00:25:29.476Z  INFO 1 --- [zil-additional-service] [   scheduling-1] r.a.observability.ObservabilityService   : LAB9 Observability window=1m category=web.additional.availability_new count=2735 sumNanos=893445589505 avgNanos=326671147
zil-additional-service  | 2026-05-05T00:25:29.476Z  INFO 1 --- [zil-additional-service] [   scheduling-1] r.a.observability.ObservabilityService   : LAB9 Observability window=1m category=additional.statsComputation.availability.allCitiesAllDates count=2735 sumNanos=770984949 avgNanos=281895
zil-additional-service  | 2026-05-05T00:25:34.478Z  INFO 1 --- [zil-additional-service] [   scheduling-1] r.a.observability.ObservabilityService   : LAB9 Observability window=10s category=additional.statsComputation.stats count=31 sumNanos=59152 avgNanos=1908
zil-additional-service  | 2026-05-05T00:25:34.479Z  INFO 1 --- [zil-additional-service] [   scheduling-1] r.a.observability.ObservabilityService   : LAB9 Observability window=10s category=web.additional.stats count=31 sumNanos=9949048777 avgNanos=320937057
zil-additional-service  | 2026-05-05T00:25:34.480Z  INFO 1 --- [zil-additional-service] [   scheduling-1] r.a.observability.ObservabilityService   : LAB9 Observability window=10s category=http.main.rents count=477 sumNanos=80153983331 avgNanos=168037700
zil-additional-service  | 2026-05-05T00:25:34.480Z  INFO 1 --- [zil-additional-service] [   scheduling-1] r.a.observability.ObservabilityService   : LAB9 Observability window=10s category=http.main.cars count=476 sumNanos=77213824959 avgNanos=162213917
zil-additional-service  | 2026-05-05T00:25:34.480Z  INFO 1 --- [zil-additional-service] [   scheduling-1] r.a.observability.ObservabilityService   : LAB9 Observability window=10s category=web.additional.availability_new count=446 sumNanos=148007588083 avgNanos=331855578
zil-additional-service  | 2026-05-05T00:25:34.481Z  INFO 1 --- [zil-additional-service] [   scheduling-1] r.a.observability.ObservabilityService   : LAB9 Observability window=10s category=additional.statsComputation.availability.allCitiesAllDates count=446 sumNanos=113048438 avgNanos=253471
zil-additional-service  | 2026-05-05T00:25:34.481Z  INFO 1 --- [zil-additional-service] [   scheduling-1] r.a.observability.ObservabilityService   : LAB9 Observability window=30s category=additional.statsComputation.stats count=70 sumNanos=104451 avgNanos=1492
zil-additional-service  | 2026-05-05T00:25:34.481Z  INFO 1 --- [zil-additional-service] [   scheduling-1] r.a.observability.ObservabilityService   : LAB9 Observability window=30s category=web.additional.stats count=70 sumNanos=23078162347 avgNanos=329688033
zil-additional-service  | 2026-05-05T00:25:34.481Z  INFO 1 --- [zil-additional-service] [   scheduling-1] r.a.observability.ObservabilityService   : LAB9 Observability window=30s category=http.main.rents count=1436 sumNanos=236498843352 avgNanos=164692787
zil-additional-service  | 2026-05-05T00:25:34.481Z  INFO 1 --- [zil-additional-service] [   scheduling-1] r.a.observability.ObservabilityService   : LAB9 Observability window=30s category=http.main.cars count=1437 sumNanos=233137829086 avgNanos=162239268
zil-additional-service  | 2026-05-05T00:25:34.481Z  INFO 1 --- [zil-additional-service] [   scheduling-1] r.a.observability.ObservabilityService   : LAB9 Observability window=30s category=web.additional.availability_new count=1366 sumNanos=447530422370 avgNanos=327621099
zil-additional-service  | 2026-05-05T00:25:34.481Z  INFO 1 --- [zil-additional-service] [   scheduling-1] r.a.observability.ObservabilityService   : LAB9 Observability window=30s category=additional.statsComputation.availability.allCitiesAllDates count=1366 sumNanos=358948810 avgNanos=262773
zil-additional-service  | 2026-05-05T00:25:34.482Z  INFO 1 --- [zil-additional-service] [   scheduling-1] r.a.observability.ObservabilityService   : LAB9 Observability window=1m category=additional.statsComputation.stats count=145 sumNanos=413046 avgNanos=2848
zil-additional-service  | 2026-05-05T00:25:34.482Z  INFO 1 --- [zil-additional-service] [   scheduling-1] r.a.observability.ObservabilityService   : LAB9 Observability window=1m category=web.additional.stats count=145 sumNanos=46934788254 avgNanos=323688194
zil-additional-service  | 2026-05-05T00:25:34.482Z  INFO 1 --- [zil-additional-service] [   scheduling-1] r.a.observability.ObservabilityService   : LAB9 Observability window=1m category=http.main.rents count=2873 sumNanos=469885386993 avgNanos=163552170
zil-additional-service  | 2026-05-05T00:25:34.482Z  INFO 1 --- [zil-additional-service] [   scheduling-1] r.a.observability.ObservabilityService   : LAB9 Observability window=1m category=http.main.cars count=2870 sumNanos=466406573981 avgNanos=162511001
zil-additional-service  | 2026-05-05T00:25:34.482Z  INFO 1 --- [zil-additional-service] [   scheduling-1] r.a.observability.ObservabilityService   : LAB9 Observability window=1m category=web.additional.availability_new count=2728 sumNanos=892112726194 avgNanos=327020794
zil-additional-service  | 2026-05-05T00:25:34.482Z  INFO 1 --- [zil-additional-service] [   scheduling-1] r.a.observability.ObservabilityService   : LAB9 Observability window=1m category=additional.statsComputation.availability.allCitiesAllDates count=2728 sumNanos=715305113 avgNanos=262208
zil-additional-service  | 2026-05-05T00:25:38.862Z  INFO 1 --- [zil-additional-service] [   scheduling-1] r.additional.service.ClientCacheService  : [client-cache-statistics] Client cache size=1000
zil-additional-service  | 2026-05-05T00:25:39.483Z  INFO 1 --- [zil-additional-service] [   scheduling-1] r.a.observability.ObservabilityService   : LAB9 Observability window=10s category=additional.statsComputation.stats count=26 sumNanos=32729 avgNanos=1258
zil-additional-service  | 2026-05-05T00:25:39.484Z  INFO 1 --- [zil-additional-service] [   scheduling-1] r.a.observability.ObservabilityService   : LAB9 Observability window=10s category=web.additional.stats count=26 sumNanos=8650057784 avgNanos=332694530
zil-additional-service  | 2026-05-05T00:25:39.484Z  INFO 1 --- [zil-additional-service] [   scheduling-1] r.a.observability.ObservabilityService   : LAB9 Observability window=10s category=http.main.rents count=481 sumNanos=78894630781 avgNanos=164022101
zil-additional-service  | 2026-05-05T00:25:39.485Z  INFO 1 --- [zil-additional-service] [   scheduling-1] r.a.observability.ObservabilityService   : LAB9 Observability window=10s category=http.main.cars count=485 sumNanos=77914416847 avgNanos=160648282
zil-additional-service  | 2026-05-05T00:25:39.488Z  INFO 1 --- [zil-additional-service] [   scheduling-1] r.a.observability.ObservabilityService   : LAB9 Observability window=10s category=web.additional.availability_new count=455 sumNanos=148272603088 avgNanos=325873852
zil-additional-service  | 2026-05-05T00:25:39.488Z  INFO 1 --- [zil-additional-service] [   scheduling-1] r.a.observability.ObservabilityService   : LAB9 Observability window=10s category=additional.statsComputation.availability.allCitiesAllDates count=455 sumNanos=69783741 avgNanos=153370
zil-additional-service  | 2026-05-05T00:25:39.489Z  INFO 1 --- [zil-additional-service] [   scheduling-1] r.a.observability.ObservabilityService   : LAB9 Observability window=30s category=additional.statsComputation.stats count=71 sumNanos=107349 avgNanos=1511
zil-additional-service  | 2026-05-05T00:25:39.491Z  INFO 1 --- [zil-additional-service] [   scheduling-1] r.a.observability.ObservabilityService   : LAB9 Observability window=30s category=web.additional.stats count=71 sumNanos=23312150105 avgNanos=328340142
zil-additional-service  | 2026-05-05T00:25:39.491Z  INFO 1 --- [zil-additional-service] [   scheduling-1] r.a.observability.ObservabilityService   : LAB9 Observability window=30s category=http.main.rents count=1444 sumNanos=237610769652 avgNanos=164550394
zil-additional-service  | 2026-05-05T00:25:39.491Z  INFO 1 --- [zil-additional-service] [   scheduling-1] r.a.observability.ObservabilityService   : LAB9 Observability window=30s category=http.main.cars count=1442 sumNanos=231904421630 avgNanos=160821374
zil-additional-service  | 2026-05-05T00:25:39.491Z  INFO 1 --- [zil-additional-service] [   scheduling-1] r.a.observability.ObservabilityService   : LAB9 Observability window=30s category=web.additional.availability_new count=1373 sumNanos=447931466825 avgNanos=326242874
zil-additional-service  | 2026-05-05T00:25:39.491Z  INFO 1 --- [zil-additional-service] [   scheduling-1] r.a.observability.ObservabilityService   : LAB9 Observability window=30s category=additional.statsComputation.availability.allCitiesAllDates count=1373 sumNanos=293907041 avgNanos=214061
zil-additional-service  | 2026-05-05T00:25:39.492Z  INFO 1 --- [zil-additional-service] [   scheduling-1] r.a.observability.ObservabilityService   : LAB9 Observability window=1m category=additional.statsComputation.stats count=147 sumNanos=403515 avgNanos=2745
zil-additional-service  | 2026-05-05T00:25:39.493Z  INFO 1 --- [zil-additional-service] [   scheduling-1] r.a.observability.ObservabilityService   : LAB9 Observability window=1m category=web.additional.stats count=147 sumNanos=47939022829 avgNanos=326115801
zil-additional-service  | 2026-05-05T00:25:39.493Z  INFO 1 --- [zil-additional-service] [   scheduling-1] r.a.observability.ObservabilityService   : LAB9 Observability window=1m category=http.main.rents count=2879 sumNanos=471664309280 avgNanos=163829214
zil-additional-service  | 2026-05-05T00:25:39.494Z  INFO 1 --- [zil-additional-service] [   scheduling-1] r.a.observability.ObservabilityService   : LAB9 Observability window=1m category=http.main.cars count=2879 sumNanos=465208757346 avgNanos=161586925
zil-additional-service  | 2026-05-05T00:25:39.494Z  INFO 1 --- [zil-additional-service] [   scheduling-1] r.a.observability.ObservabilityService   : LAB9 Observability window=1m category=web.additional.availability_new count=2732 sumNanos=891256497453 avgNanos=326228586
zil-additional-service  | 2026-05-05T00:25:39.494Z  INFO 1 --- [zil-additional-service] [   scheduling-1] r.a.observability.ObservabilityService   : LAB9 Observability window=1m category=additional.statsComputation.availability.allCitiesAllDates count=2732 sumNanos=701997800 avgNanos=256953
zil-additional-service  | 2026-05-05T00:25:44.495Z  INFO 1 --- [zil-additional-service] [   scheduling-1] r.a.observability.ObservabilityService   : LAB9 Observability window=10s category=additional.statsComputation.stats count=26 sumNanos=34940 avgNanos=1343
zil-additional-service  | 2026-05-05T00:25:44.495Z  INFO 1 --- [zil-additional-service] [   scheduling-1] r.a.observability.ObservabilityService   : LAB9 Observability window=10s category=web.additional.stats count=26 sumNanos=8719830314 avgNanos=335378089
zil-additional-service  | 2026-05-05T00:25:44.495Z  INFO 1 --- [zil-additional-service] [   scheduling-1] r.a.observability.ObservabilityService   : LAB9 Observability window=10s category=http.main.rents count=483 sumNanos=78707756068 avgNanos=162956016
zil-additional-service  | 2026-05-05T00:25:44.495Z  INFO 1 --- [zil-additional-service] [   scheduling-1] r.a.observability.ObservabilityService   : LAB9 Observability window=10s category=http.main.cars count=481 sumNanos=77454709029 avgNanos=161028501
zil-additional-service  | 2026-05-05T00:25:44.495Z  INFO 1 --- [zil-additional-service] [   scheduling-1] r.a.observability.ObservabilityService   : LAB9 Observability window=10s category=web.additional.availability_new count=457 sumNanos=147653718094 avgNanos=323093475
zil-additional-service  | 2026-05-05T00:25:44.495Z  INFO 1 --- [zil-additional-service] [   scheduling-1] r.a.observability.ObservabilityService   : LAB9 Observability window=10s category=additional.statsComputation.availability.allCitiesAllDates count=457 sumNanos=83922708 avgNanos=183638
zil-additional-service  | 2026-05-05T00:25:44.496Z  INFO 1 --- [zil-additional-service] [   scheduling-1] r.a.observability.ObservabilityService   : LAB9 Observability window=30s category=additional.statsComputation.stats count=74 sumNanos=115933 avgNanos=1566
zil-additional-service  | 2026-05-05T00:25:44.496Z  INFO 1 --- [zil-additional-service] [   scheduling-1] r.a.observability.ObservabilityService   : LAB9 Observability window=30s category=web.additional.stats count=74 sumNanos=24669253624 avgNanos=333368292
zil-additional-service  | 2026-05-05T00:25:44.496Z  INFO 1 --- [zil-additional-service] [   scheduling-1] r.a.observability.ObservabilityService   : LAB9 Observability window=30s category=http.main.rents count=1443 sumNanos=237407765576 avgNanos=164523746
zil-additional-service  | 2026-05-05T00:25:44.499Z  INFO 1 --- [zil-additional-service] [   scheduling-1] r.a.observability.ObservabilityService   : LAB9 Observability window=30s category=http.main.cars count=1441 sumNanos=232181588763 avgNanos=161125321
zil-additional-service  | 2026-05-05T00:25:44.499Z  INFO 1 --- [zil-additional-service] [   scheduling-1] r.a.observability.ObservabilityService   : LAB9 Observability window=30s category=web.additional.availability_new count=1369 sumNanos=446030754168 avgNanos=325807709
zil-additional-service  | 2026-05-05T00:25:44.500Z  INFO 1 --- [zil-additional-service] [   scheduling-1] r.a.observability.ObservabilityService   : LAB9 Observability window=30s category=additional.statsComputation.availability.allCitiesAllDates count=1369 sumNanos=283642663 avgNanos=207189
zil-additional-service  | 2026-05-05T00:25:44.500Z  INFO 1 --- [zil-additional-service] [   scheduling-1] r.a.observability.ObservabilityService   : LAB9 Observability window=1m category=additional.statsComputation.stats count=145 sumNanos=361579 avgNanos=2493
zil-additional-service  | 2026-05-05T00:25:44.500Z  INFO 1 --- [zil-additional-service] [   scheduling-1] r.a.observability.ObservabilityService   : LAB9 Observability window=1m category=web.additional.stats count=145 sumNanos=47623729204 avgNanos=328439511
zil-additional-service  | 2026-05-05T00:25:44.500Z  INFO 1 --- [zil-additional-service] [   scheduling-1] r.a.observability.ObservabilityService   : LAB9 Observability window=1m category=http.main.rents count=2878 sumNanos=472411868865 avgNanos=164145889
zil-additional-service  | 2026-05-05T00:25:44.500Z  INFO 1 --- [zil-additional-service] [   scheduling-1] r.a.observability.ObservabilityService   : LAB9 Observability window=1m category=http.main.cars count=2873 sumNanos=464850264606 avgNanos=161799604
zil-additional-service  | 2026-05-05T00:25:44.500Z  INFO 1 --- [zil-additional-service] [   scheduling-1] r.a.observability.ObservabilityService   : LAB9 Observability window=1m category=web.additional.availability_new count=2733 sumNanos=892151979179 avgNanos=326436874
zil-additional-service  | 2026-05-05T00:25:44.500Z  INFO 1 --- [zil-additional-service] [   scheduling-1] r.a.observability.ObservabilityService   : LAB9 Observability window=1m category=additional.statsComputation.availability.allCitiesAllDates count=2733 sumNanos=685996815 avgNanos=251005
zil-additional-service  | 2026-05-05T00:25:48.862Z  INFO 1 --- [zil-additional-service] [   scheduling-1] r.additional.service.ClientCacheService  : [client-cache-statistics] Client cache size=1000
zil-additional-service  | 2026-05-05T00:25:49.502Z  INFO 1 --- [zil-additional-service] [   scheduling-1] r.a.observability.ObservabilityService   : LAB9 Observability window=10s category=additional.statsComputation.stats count=29 sumNanos=41522 avgNanos=1431
zil-additional-service  | 2026-05-05T00:25:49.502Z  INFO 1 --- [zil-additional-service] [   scheduling-1] r.a.observability.ObservabilityService   : LAB9 Observability window=10s category=web.additional.stats count=29 sumNanos=9647529066 avgNanos=332673416
zil-additional-service  | 2026-05-05T00:25:49.502Z  INFO 1 --- [zil-additional-service] [   scheduling-1] r.a.observability.ObservabilityService   : LAB9 Observability window=10s category=http.main.rents count=481 sumNanos=78351993206 avgNanos=162893956
zil-additional-service  | 2026-05-05T00:25:49.503Z  INFO 1 --- [zil-additional-service] [   scheduling-1] r.a.observability.ObservabilityService   : LAB9 Observability window=10s category=http.main.cars count=480 sumNanos=78496078334 avgNanos=163533496
zil-additional-service  | 2026-05-05T00:25:49.503Z  INFO 1 --- [zil-additional-service] [   scheduling-1] r.a.observability.ObservabilityService   : LAB9 Observability window=10s category=web.additional.availability_new count=452 sumNanos=147229034894 avgNanos=325727953
zil-additional-service  | 2026-05-05T00:25:49.503Z  INFO 1 --- [zil-additional-service] [   scheduling-1] r.a.observability.ObservabilityService   : LAB9 Observability window=10s category=additional.statsComputation.availability.allCitiesAllDates count=452 sumNanos=86710141 avgNanos=191836
zil-additional-service  | 2026-05-05T00:25:49.504Z  INFO 1 --- [zil-additional-service] [   scheduling-1] r.a.observability.ObservabilityService   : LAB9 Observability window=30s category=additional.statsComputation.stats count=80 sumNanos=125388 avgNanos=1567
zil-additional-service  | 2026-05-05T00:25:49.504Z  INFO 1 --- [zil-additional-service] [   scheduling-1] r.a.observability.ObservabilityService   : LAB9 Observability window=30s category=web.additional.stats count=80 sumNanos=26347895245 avgNanos=329348690
zil-additional-service  | 2026-05-05T00:25:49.504Z  INFO 1 --- [zil-additional-service] [   scheduling-1] r.a.observability.ObservabilityService   : LAB9 Observability window=30s category=http.main.rents count=1445 sumNanos=237213639674 avgNanos=164161688
zil-additional-service  | 2026-05-05T00:25:49.504Z  INFO 1 --- [zil-additional-service] [   scheduling-1] r.a.observability.ObservabilityService   : LAB9 Observability window=30s category=http.main.cars count=1442 sumNanos=232026940153 avgNanos=160906338
zil-additional-service  | 2026-05-05T00:25:49.504Z  INFO 1 --- [zil-additional-service] [   scheduling-1] r.a.observability.ObservabilityService   : LAB9 Observability window=30s category=web.additional.availability_new count=1365 sumNanos=443986811825 avgNanos=325265063
zil-additional-service  | 2026-05-05T00:25:49.504Z  INFO 1 --- [zil-additional-service] [   scheduling-1] r.a.observability.ObservabilityService   : LAB9 Observability window=30s category=additional.statsComputation.availability.allCitiesAllDates count=1365 sumNanos=285340304 avgNanos=209040
zil-additional-service  | 2026-05-05T00:25:49.505Z  INFO 1 --- [zil-additional-service] [   scheduling-1] r.a.observability.ObservabilityService   : LAB9 Observability window=1m category=additional.statsComputation.stats count=146 sumNanos=343883 avgNanos=2355
zil-additional-service  | 2026-05-05T00:25:49.505Z  INFO 1 --- [zil-additional-service] [   scheduling-1] r.a.observability.ObservabilityService   : LAB9 Observability window=1m category=web.additional.stats count=146 sumNanos=48350839063 avgNanos=331170130
zil-additional-service  | 2026-05-05T00:25:49.505Z  INFO 1 --- [zil-additional-service] [   scheduling-1] r.a.observability.ObservabilityService   : LAB9 Observability window=1m category=http.main.rents count=2882 sumNanos=472190091369 avgNanos=163841114
zil-additional-service  | 2026-05-05T00:25:49.505Z  INFO 1 --- [zil-additional-service] [   scheduling-1] r.a.observability.ObservabilityService   : LAB9 Observability window=1m category=http.main.cars count=2878 sumNanos=465183935235 avgNanos=161634445
zil-additional-service  | 2026-05-05T00:25:49.505Z  INFO 1 --- [zil-additional-service] [   scheduling-1] r.a.observability.ObservabilityService   : LAB9 Observability window=1m category=web.additional.availability_new count=2736 sumNanos=891246276851 avgNanos=325747908
zil-additional-service  | 2026-05-05T00:25:49.505Z  INFO 1 --- [zil-additional-service] [   scheduling-1] r.a.observability.ObservabilityService   : LAB9 Observability window=1m category=additional.statsComputation.availability.allCitiesAllDates count=2736 sumNanos=678096962 avgNanos=247842
zil-additional-service  | 2026-05-05T00:25:54.506Z  INFO 1 --- [zil-additional-service] [   scheduling-1] r.a.observability.ObservabilityService   : LAB9 Observability window=10s category=additional.statsComputation.stats count=26 sumNanos=37633 avgNanos=1447
zil-additional-service  | 2026-05-05T00:25:54.507Z  INFO 1 --- [zil-additional-service] [   scheduling-1] r.a.observability.ObservabilityService   : LAB9 Observability window=10s category=web.additional.stats count=26 sumNanos=8805558963 avgNanos=338675344
zil-additional-service  | 2026-05-05T00:25:54.509Z  INFO 1 --- [zil-additional-service] [   scheduling-1] r.a.observability.ObservabilityService   : LAB9 Observability window=10s category=http.main.rents count=479 sumNanos=78462549540 avgNanos=163804905
zil-additional-service  | 2026-05-05T00:25:54.510Z  INFO 1 --- [zil-additional-service] [   scheduling-1] r.a.observability.ObservabilityService   : LAB9 Observability window=10s category=http.main.cars count=483 sumNanos=77517582188 avgNanos=160491888
zil-additional-service  | 2026-05-05T00:25:54.510Z  INFO 1 --- [zil-additional-service] [   scheduling-1] r.a.observability.ObservabilityService   : LAB9 Observability window=10s category=web.additional.availability_new count=453 sumNanos=147016081199 avgNanos=324538810
zil-additional-service  | 2026-05-05T00:25:54.511Z  INFO 1 --- [zil-additional-service] [   scheduling-1] r.a.observability.ObservabilityService   : LAB9 Observability window=10s category=additional.statsComputation.availability.allCitiesAllDates count=453 sumNanos=119642765 avgNanos=264112
zil-additional-service  | 2026-05-05T00:25:54.513Z  INFO 1 --- [zil-additional-service] [   scheduling-1] r.a.observability.ObservabilityService   : LAB9 Observability window=30s category=additional.statsComputation.stats count=83 sumNanos=131725 avgNanos=1587
zil-additional-service  | 2026-05-05T00:25:54.513Z  INFO 1 --- [zil-additional-service] [   scheduling-1] r.a.observability.ObservabilityService   : LAB9 Observability window=30s category=web.additional.stats count=83 sumNanos=27474438054 avgNanos=331017325
zil-additional-service  | 2026-05-05T00:25:54.513Z  INFO 1 --- [zil-additional-service] [   scheduling-1] r.a.observability.ObservabilityService   : LAB9 Observability window=30s category=http.main.rents count=1438 sumNanos=237234930437 avgNanos=164975612
zil-additional-service  | 2026-05-05T00:25:54.513Z  INFO 1 --- [zil-additional-service] [   scheduling-1] r.a.observability.ObservabilityService   : LAB9 Observability window=30s category=http.main.cars count=1438 sumNanos=231860264998 avgNanos=161238014
zil-additional-service  | 2026-05-05T00:25:54.513Z  INFO 1 --- [zil-additional-service] [   scheduling-1] r.a.observability.ObservabilityService   : LAB9 Observability window=30s category=web.additional.availability_new count=1355 sumNanos=442413237221 avgNanos=326504234
zil-additional-service  | 2026-05-05T00:25:54.514Z  INFO 1 --- [zil-additional-service] [   scheduling-1] r.a.observability.ObservabilityService   : LAB9 Observability window=30s category=additional.statsComputation.availability.allCitiesAllDates count=1355 sumNanos=316620881 avgNanos=233668
zil-additional-service  | 2026-05-05T00:25:54.514Z  INFO 1 --- [zil-additional-service] [   scheduling-1] r.a.observability.ObservabilityService   : LAB9 Observability window=1m category=additional.statsComputation.stats count=146 sumNanos=323977 avgNanos=2219
zil-additional-service  | 2026-05-05T00:25:54.514Z  INFO 1 --- [zil-additional-service] [   scheduling-1] r.a.observability.ObservabilityService   : LAB9 Observability window=1m category=web.additional.stats count=146 sumNanos=48797974445 avgNanos=334232701
zil-additional-service  | 2026-05-05T00:25:54.514Z  INFO 1 --- [zil-additional-service] [   scheduling-1] r.a.observability.ObservabilityService   : LAB9 Observability window=1m category=http.main.rents count=2877 sumNanos=472054195542 avgNanos=164078622
zil-additional-service  | 2026-05-05T00:25:54.514Z  INFO 1 --- [zil-additional-service] [   scheduling-1] r.a.observability.ObservabilityService   : LAB9 Observability window=1m category=http.main.cars count=2877 sumNanos=466143927892 avgNanos=162024305
zil-additional-service  | 2026-05-05T00:25:54.514Z  INFO 1 --- [zil-additional-service] [   scheduling-1] r.a.observability.ObservabilityService   : LAB9 Observability window=1m category=web.additional.availability_new count=2730 sumNanos=890869791492 avgNanos=326325930
zil-additional-service  | 2026-05-05T00:25:54.515Z  INFO 1 --- [zil-additional-service] [   scheduling-1] r.a.observability.ObservabilityService   : LAB9 Observability window=1m category=additional.statsComputation.availability.allCitiesAllDates count=2730 sumNanos=673811468 avgNanos=246817
zil-additional-service  | 2026-05-05T00:25:58.867Z  INFO 1 --- [zil-additional-service] [   scheduling-1] r.additional.service.ClientCacheService  : [client-cache-statistics] Client cache size=1000
zil-additional-service  | 2026-05-05T00:25:59.519Z  INFO 1 --- [zil-additional-service] [   scheduling-1] r.a.observability.ObservabilityService   : LAB9 Observability window=10s category=additional.statsComputation.stats count=26 sumNanos=34252 avgNanos=1317
zil-additional-service  | 2026-05-05T00:25:59.519Z  INFO 1 --- [zil-additional-service] [   scheduling-1] r.a.observability.ObservabilityService   : LAB9 Observability window=10s category=web.additional.stats count=26 sumNanos=8649135600 avgNanos=332659061
zil-additional-service  | 2026-05-05T00:25:59.520Z  INFO 1 --- [zil-additional-service] [   scheduling-1] r.a.observability.ObservabilityService   : LAB9 Observability window=10s category=http.main.rents count=479 sumNanos=79522569031 avgNanos=166017889
zil-additional-service  | 2026-05-05T00:25:59.522Z  INFO 1 --- [zil-additional-service] [   scheduling-1] r.a.observability.ObservabilityService   : LAB9 Observability window=10s category=http.main.cars count=479 sumNanos=75989393726 avgNanos=158641740
zil-additional-service  | 2026-05-05T00:25:59.522Z  INFO 1 --- [zil-additional-service] [   scheduling-1] r.a.observability.ObservabilityService   : LAB9 Observability window=10s category=web.additional.availability_new count=453 sumNanos=147092468267 avgNanos=324707435
zil-additional-service  | 2026-05-05T00:25:59.524Z  INFO 1 --- [zil-additional-service] [   scheduling-1] r.a.observability.ObservabilityService   : LAB9 Observability window=10s category=additional.statsComputation.availability.allCitiesAllDates count=453 sumNanos=100470502 avgNanos=221789
zil-additional-service  | 2026-05-05T00:25:59.524Z  INFO 1 --- [zil-additional-service] [   scheduling-1] r.a.observability.ObservabilityService   : LAB9 Observability window=30s category=additional.statsComputation.stats count=81 sumNanos=108503 avgNanos=1339
zil-additional-service  | 2026-05-05T00:25:59.524Z  INFO 1 --- [zil-additional-service] [   scheduling-1] r.a.observability.ObservabilityService   : LAB9 Observability window=30s category=web.additional.stats count=81 sumNanos=26946722450 avgNanos=332675585
zil-additional-service  | 2026-05-05T00:25:59.524Z  INFO 1 --- [zil-additional-service] [   scheduling-1] r.a.observability.ObservabilityService   : LAB9 Observability window=30s category=http.main.rents count=1441 sumNanos=236704311762 avgNanos=164263922
zil-additional-service  | 2026-05-05T00:25:59.524Z  INFO 1 --- [zil-additional-service] [   scheduling-1] r.a.observability.ObservabilityService   : LAB9 Observability window=30s category=http.main.cars count=1443 sumNanos=232271867648 avgNanos=160964565
zil-additional-service  | 2026-05-05T00:25:59.524Z  INFO 1 --- [zil-additional-service] [   scheduling-1] r.a.observability.ObservabilityService   : LAB9 Observability window=30s category=web.additional.availability_new count=1360 sumNanos=442510334438 avgNanos=325375245
zil-additional-service  | 2026-05-05T00:25:59.524Z  INFO 1 --- [zil-additional-service] [   scheduling-1] r.a.observability.ObservabilityService   : LAB9 Observability window=30s category=additional.statsComputation.availability.allCitiesAllDates count=1360 sumNanos=257133678 avgNanos=189068
zil-additional-service  | 2026-05-05T00:25:59.524Z  INFO 1 --- [zil-additional-service] [   scheduling-1] r.a.observability.ObservabilityService   : LAB9 Observability window=1m category=additional.statsComputation.stats count=148 sumNanos=303761 avgNanos=2052
zil-additional-service  | 2026-05-05T00:25:59.524Z  INFO 1 --- [zil-additional-service] [   scheduling-1] r.a.observability.ObservabilityService   : LAB9 Observability window=1m category=web.additional.stats count=148 sumNanos=49292981752 avgNanos=333060687
zil-additional-service  | 2026-05-05T00:25:59.524Z  INFO 1 --- [zil-additional-service] [   scheduling-1] r.a.observability.ObservabilityService   : LAB9 Observability window=1m category=http.main.rents count=2879 sumNanos=473221037064 avgNanos=164369932
zil-additional-service  | 2026-05-05T00:25:59.524Z  INFO 1 --- [zil-additional-service] [   scheduling-1] r.a.observability.ObservabilityService   : LAB9 Observability window=1m category=http.main.cars count=2878 sumNanos=464785244947 avgNanos=161495915
zil-additional-service  | 2026-05-05T00:25:59.524Z  INFO 1 --- [zil-additional-service] [   scheduling-1] r.a.observability.ObservabilityService   : LAB9 Observability window=1m category=web.additional.availability_new count=2731 sumNanos=890743276071 avgNanos=326160115
zil-additional-service  | 2026-05-05T00:25:59.524Z  INFO 1 --- [zil-additional-service] [   scheduling-1] r.a.observability.ObservabilityService   : LAB9 Observability window=1m category=additional.statsComputation.availability.allCitiesAllDates count=2731 sumNanos=645138719 avgNanos=236228
zil-additional-service  | 2026-05-05T00:26:04.526Z  INFO 1 --- [zil-additional-service] [   scheduling-1] r.a.observability.ObservabilityService   : LAB9 Observability window=10s category=additional.statsComputation.stats count=28 sumNanos=56263 avgNanos=2009
zil-additional-service  | 2026-05-05T00:26:04.527Z  INFO 1 --- [zil-additional-service] [   scheduling-1] r.a.observability.ObservabilityService   : LAB9 Observability window=10s category=web.additional.stats count=28 sumNanos=9246474007 avgNanos=330231214
zil-additional-service  | 2026-05-05T00:26:04.527Z  INFO 1 --- [zil-additional-service] [   scheduling-1] r.a.observability.ObservabilityService   : LAB9 Observability window=10s category=http.main.rents count=477 sumNanos=80103649598 avgNanos=167932179
zil-additional-service  | 2026-05-05T00:26:04.527Z  INFO 1 --- [zil-additional-service] [   scheduling-1] r.a.observability.ObservabilityService   : LAB9 Observability window=10s category=http.main.cars count=479 sumNanos=76460000303 avgNanos=159624217
zil-additional-service  | 2026-05-05T00:26:04.527Z  INFO 1 --- [zil-additional-service] [   scheduling-1] r.a.observability.ObservabilityService   : LAB9 Observability window=10s category=web.additional.availability_new count=449 sumNanos=147377263519 avgNanos=328234439
zil-additional-service  | 2026-05-05T00:26:04.527Z  INFO 1 --- [zil-additional-service] [   scheduling-1] r.a.observability.ObservabilityService   : LAB9 Observability window=10s category=additional.statsComputation.availability.allCitiesAllDates count=449 sumNanos=73109450 avgNanos=162827
zil-additional-service  | 2026-05-05T00:26:04.527Z  INFO 1 --- [zil-additional-service] [   scheduling-1] r.a.observability.ObservabilityService   : LAB9 Observability window=30s category=additional.statsComputation.stats count=80 sumNanos=128836 avgNanos=1610
zil-additional-service  | 2026-05-05T00:26:04.527Z  INFO 1 --- [zil-additional-service] [   scheduling-1] r.a.observability.ObservabilityService   : LAB9 Observability window=30s category=web.additional.stats count=80 sumNanos=26771863284 avgNanos=334648291
zil-additional-service  | 2026-05-05T00:26:04.527Z  INFO 1 --- [zil-additional-service] [   scheduling-1] r.a.observability.ObservabilityService   : LAB9 Observability window=30s category=http.main.rents count=1440 sumNanos=237452904467 avgNanos=164897850
zil-additional-service  | 2026-05-05T00:26:04.527Z  INFO 1 --- [zil-additional-service] [   scheduling-1] r.a.observability.ObservabilityService   : LAB9 Observability window=30s category=http.main.cars count=1442 sumNanos=231229555261 avgNanos=160353367
zil-additional-service  | 2026-05-05T00:26:04.527Z  INFO 1 --- [zil-additional-service] [   scheduling-1] r.a.observability.ObservabilityService   : LAB9 Observability window=30s category=web.additional.availability_new count=1360 sumNanos=442446735451 avgNanos=325328481
zil-additional-service  | 2026-05-05T00:26:04.527Z  INFO 1 --- [zil-additional-service] [   scheduling-1] r.a.observability.ObservabilityService   : LAB9 Observability window=30s category=additional.statsComputation.availability.allCitiesAllDates count=1360 sumNanos=276913204 avgNanos=203612
zil-additional-service  | 2026-05-05T00:26:04.527Z  INFO 1 --- [zil-additional-service] [   scheduling-1] r.a.observability.ObservabilityService   : LAB9 Observability window=1m category=additional.statsComputation.stats count=150 sumNanos=233287 avgNanos=1555
zil-additional-service  | 2026-05-05T00:26:04.527Z  INFO 1 --- [zil-additional-service] [   scheduling-1] r.a.observability.ObservabilityService   : LAB9 Observability window=1m category=web.additional.stats count=150 sumNanos=49850025631 avgNanos=332333504
zil-additional-service  | 2026-05-05T00:26:04.527Z  INFO 1 --- [zil-additional-service] [   scheduling-1] r.a.observability.ObservabilityService   : LAB9 Observability window=1m category=http.main.rents count=2876 sumNanos=473961672179 avgNanos=164798912
zil-additional-service  | 2026-05-05T00:26:04.527Z  INFO 1 --- [zil-additional-service] [   scheduling-1] r.a.observability.ObservabilityService   : LAB9 Observability window=1m category=http.main.cars count=2878 sumNanos=464219888343 avgNanos=161299474
zil-additional-service  | 2026-05-05T00:26:04.527Z  INFO 1 --- [zil-additional-service] [   scheduling-1] r.a.observability.ObservabilityService   : LAB9 Observability window=1m category=web.additional.availability_new count=2726 sumNanos=889884647999 avgNanos=326443377
zil-additional-service  | 2026-05-05T00:26:04.527Z  INFO 1 --- [zil-additional-service] [   scheduling-1] r.a.observability.ObservabilityService   : LAB9 Observability window=1m category=additional.statsComputation.availability.allCitiesAllDates count=2726 sumNanos=635829151 avgNanos=233246
zil-additional-service  | 2026-05-05T00:26:08.862Z  INFO 1 --- [zil-additional-service] [   scheduling-1] r.additional.service.ClientCacheService  : [client-cache-statistics] Client cache size=1000
zil-additional-service  | 2026-05-05T00:26:09.529Z  INFO 1 --- [zil-additional-service] [   scheduling-1] r.a.observability.ObservabilityService   : LAB9 Observability window=10s category=additional.statsComputation.stats count=16 sumNanos=42277 avgNanos=2642
zil-additional-service  | 2026-05-05T00:26:09.529Z  INFO 1 --- [zil-additional-service] [   scheduling-1] r.a.observability.ObservabilityService   : LAB9 Observability window=10s category=web.additional.stats count=16 sumNanos=5249653797 avgNanos=328103362
zil-additional-service  | 2026-05-05T00:26:09.529Z  INFO 1 --- [zil-additional-service] [   scheduling-1] r.a.observability.ObservabilityService   : LAB9 Observability window=10s category=http.main.rents count=324 sumNanos=53662158881 avgNanos=165623947
zil-additional-service  | 2026-05-05T00:26:09.529Z  INFO 1 --- [zil-additional-service] [   scheduling-1] r.a.observability.ObservabilityService   : LAB9 Observability window=10s category=http.main.cars count=317 sumNanos=50576736413 avgNanos=159548064
zil-additional-service  | 2026-05-05T00:26:09.529Z  INFO 1 --- [zil-additional-service] [   scheduling-1] r.a.observability.ObservabilityService   : LAB9 Observability window=10s category=web.additional.availability_new count=308 sumNanos=100693329028 avgNanos=326926392
zil-additional-service  | 2026-05-05T00:26:09.529Z  INFO 1 --- [zil-additional-service] [   scheduling-1] r.a.observability.ObservabilityService   : LAB9 Observability window=10s category=additional.statsComputation.availability.allCitiesAllDates count=308 sumNanos=85359763 avgNanos=277142
zil-additional-service  | 2026-05-05T00:26:09.529Z  INFO 1 --- [zil-additional-service] [   scheduling-1] r.a.observability.ObservabilityService   : LAB9 Observability window=30s category=additional.statsComputation.stats count=71 sumNanos=118051 avgNanos=1662
zil-additional-service  | 2026-05-05T00:26:09.529Z  INFO 1 --- [zil-additional-service] [   scheduling-1] r.a.observability.ObservabilityService   : LAB9 Observability window=30s category=web.additional.stats count=71 sumNanos=23546318463 avgNanos=331638288
zil-additional-service  | 2026-05-05T00:26:09.529Z  INFO 1 --- [zil-additional-service] [   scheduling-1] r.a.observability.ObservabilityService   : LAB9 Observability window=30s category=http.main.rents count=1285 sumNanos=211712814880 avgNanos=164757054
zil-additional-service  | 2026-05-05T00:26:09.529Z  INFO 1 --- [zil-additional-service] [   scheduling-1] r.a.observability.ObservabilityService   : LAB9 Observability window=30s category=http.main.cars count=1277 sumNanos=205496440447 avgNanos=160921253
zil-additional-service  | 2026-05-05T00:26:09.529Z  INFO 1 --- [zil-additional-service] [   scheduling-1] r.a.observability.ObservabilityService   : LAB9 Observability window=30s category=web.additional.availability_new count=1214 sumNanos=395383378598 avgNanos=325686473
zil-additional-service  | 2026-05-05T00:26:09.529Z  INFO 1 --- [zil-additional-service] [   scheduling-1] r.a.observability.ObservabilityService   : LAB9 Observability window=30s category=additional.statsComputation.availability.allCitiesAllDates count=1214 sumNanos=272629275 avgNanos=224571
zil-additional-service  | 2026-05-05T00:26:09.530Z  INFO 1 --- [zil-additional-service] [   scheduling-1] r.a.observability.ObservabilityService   : LAB9 Observability window=1m category=additional.statsComputation.stats count=142 sumNanos=225400 avgNanos=1587
zil-additional-service  | 2026-05-05T00:26:09.530Z  INFO 1 --- [zil-additional-service] [   scheduling-1] r.a.observability.ObservabilityService   : LAB9 Observability window=1m category=web.additional.stats count=142 sumNanos=46858468568 avgNanos=329989215
zil-additional-service  | 2026-05-05T00:26:09.530Z  INFO 1 --- [zil-additional-service] [   scheduling-1] r.a.observability.ObservabilityService   : LAB9 Observability window=1m category=http.main.rents count=2727 sumNanos=448805270016 avgNanos=164578390
zil-additional-service  | 2026-05-05T00:26:09.530Z  INFO 1 --- [zil-additional-service] [   scheduling-1] r.a.observability.ObservabilityService   : LAB9 Observability window=1m category=http.main.cars count=2715 sumNanos=436638457953 avgNanos=160824478
zil-additional-service  | 2026-05-05T00:26:09.531Z  INFO 1 --- [zil-additional-service] [   scheduling-1] r.a.observability.ObservabilityService   : LAB9 Observability window=1m category=web.additional.availability_new count=2585 sumNanos=842419320491 avgNanos=325887551
zil-additional-service  | 2026-05-05T00:26:09.531Z  INFO 1 --- [zil-additional-service] [   scheduling-1] r.a.observability.ObservabilityService   : LAB9 Observability window=1m category=additional.statsComputation.availability.allCitiesAllDates count=2585 sumNanos=566616818 avgNanos=219194
zil-additional-service  | 2026-05-05T00:26:14.534Z  INFO 1 --- [zil-additional-service] [   scheduling-1] r.a.observability.ObservabilityService   : LAB9 Observability window=10s category=additional.statsComputation.stats count=34 sumNanos=30252 avgNanos=889
zil-additional-service  | 2026-05-05T00:26:14.534Z  INFO 1 --- [zil-additional-service] [   scheduling-1] r.a.observability.ObservabilityService   : LAB9 Observability window=10s category=web.additional.stats count=34 sumNanos=12072597047 avgNanos=355076383
zil-additional-service  | 2026-05-05T00:26:14.534Z  INFO 1 --- [zil-additional-service] [   scheduling-1] r.a.observability.ObservabilityService   : LAB9 Observability window=10s category=http.main.rents count=161 sumNanos=27415658777 avgNanos=170283594
zil-additional-service  | 2026-05-05T00:26:14.535Z  INFO 1 --- [zil-additional-service] [   scheduling-1] r.a.observability.ObservabilityService   : LAB9 Observability window=10s category=http.main.cars count=162 sumNanos=27114749125 avgNanos=167374994
zil-additional-service  | 2026-05-05T00:26:14.535Z  INFO 1 --- [zil-additional-service] [   scheduling-1] r.a.observability.ObservabilityService   : LAB9 Observability window=10s category=web.additional.availability_new count=127 sumNanos=42190972370 avgNanos=332212380
zil-additional-service  | 2026-05-05T00:26:14.535Z  INFO 1 --- [zil-additional-service] [   scheduling-1] r.a.observability.ObservabilityService   : LAB9 Observability window=10s category=additional.statsComputation.availability.allCitiesAllDates count=127 sumNanos=44060674 avgNanos=346934
zil-additional-service  | 2026-05-05T00:26:14.535Z  INFO 1 --- [zil-additional-service] [   scheduling-1] r.a.observability.ObservabilityService   : LAB9 Observability window=30s category=additional.statsComputation.stats count=88 sumNanos=124148 avgNanos=1410
zil-additional-service  | 2026-05-05T00:26:14.535Z  INFO 1 --- [zil-additional-service] [   scheduling-1] r.a.observability.ObservabilityService   : LAB9 Observability window=30s category=web.additional.stats count=88 sumNanos=30124630017 avgNanos=342325341
zil-additional-service  | 2026-05-05T00:26:14.535Z  INFO 1 --- [zil-additional-service] [   scheduling-1] r.a.observability.ObservabilityService   : LAB9 Observability window=30s category=http.main.rents count=1117 sumNanos=185925259503 avgNanos=166450545
zil-additional-service  | 2026-05-05T00:26:14.535Z  INFO 1 --- [zil-additional-service] [   scheduling-1] r.a.observability.ObservabilityService   : LAB9 Observability window=30s category=http.main.cars count=1123 sumNanos=180870717800 avgNanos=161060300
zil-additional-service  | 2026-05-05T00:26:14.536Z  INFO 1 --- [zil-additional-service] [   scheduling-1] r.a.observability.ObservabilityService   : LAB9 Observability window=30s category=web.additional.availability_new count=1029 sumNanos=336473585291 avgNanos=326990850
zil-additional-service  | 2026-05-05T00:26:14.536Z  INFO 1 --- [zil-additional-service] [   scheduling-1] r.a.observability.ObservabilityService   : LAB9 Observability window=30s category=additional.statsComputation.availability.allCitiesAllDates count=1029 sumNanos=236829036 avgNanos=230154
zil-additional-service  | 2026-05-05T00:26:14.538Z  INFO 1 --- [zil-additional-service] [   scheduling-1] r.a.observability.ObservabilityService   : LAB9 Observability window=1m category=additional.statsComputation.stats count=162 sumNanos=240081 avgNanos=1481
zil-additional-service  | 2026-05-05T00:26:14.538Z  INFO 1 --- [zil-additional-service] [   scheduling-1] r.a.observability.ObservabilityService   : LAB9 Observability window=1m category=web.additional.stats count=162 sumNanos=54793883641 avgNanos=338233849
zil-additional-service  | 2026-05-05T00:26:14.539Z  INFO 1 --- [zil-additional-service] [   scheduling-1] r.a.observability.ObservabilityService   : LAB9 Observability window=1m category=http.main.rents count=2562 sumNanos=423758024877 avgNanos=165401258
zil-additional-service  | 2026-05-05T00:26:14.539Z  INFO 1 --- [zil-additional-service] [   scheduling-1] r.a.observability.ObservabilityService   : LAB9 Observability window=1m category=http.main.cars count=2564 sumNanos=413077837191 avgNanos=161106800
zil-additional-service  | 2026-05-05T00:26:14.539Z  INFO 1 --- [zil-additional-service] [   scheduling-1] r.a.observability.ObservabilityService   : LAB9 Observability window=1m category=web.additional.availability_new count=2400 sumNanos=783318133716 avgNanos=326382555
zil-additional-service  | 2026-05-05T00:26:14.539Z  INFO 1 --- [zil-additional-service] [   scheduling-1] r.a.observability.ObservabilityService   : LAB9 Observability window=1m category=additional.statsComputation.availability.allCitiesAllDates count=2400 sumNanos=520765622 avgNanos=216985
zil-additional-service  | 2026-05-05T00:26:18.862Z  INFO 1 --- [zil-additional-service] [   scheduling-1] r.additional.service.ClientCacheService  : [client-cache-statistics] Client cache size=1000
zil-additional-service  | 2026-05-05T00:26:19.541Z  INFO 1 --- [zil-additional-service] [   scheduling-1] r.a.observability.ObservabilityService   : LAB9 Observability window=10s category=additional.statsComputation.stats count=154 sumNanos=137633 avgNanos=893
zil-additional-service  | 2026-05-05T00:26:19.545Z  INFO 1 --- [zil-additional-service] [   scheduling-1] r.a.observability.ObservabilityService   : LAB9 Observability window=10s category=web.additional.stats count=154 sumNanos=51142034436 avgNanos=332091132
zil-additional-service  | 2026-05-05T00:26:19.547Z  INFO 1 --- [zil-additional-service] [   scheduling-1] r.a.observability.ObservabilityService   : LAB9 Observability window=10s category=http.main.rents count=314 sumNanos=54065773048 avgNanos=172183990
zil-additional-service  | 2026-05-05T00:26:19.547Z  INFO 1 --- [zil-additional-service] [   scheduling-1] r.a.observability.ObservabilityService   : LAB9 Observability window=10s category=http.main.cars count=323 sumNanos=52979425771 avgNanos=164022990
zil-additional-service  | 2026-05-05T00:26:19.548Z  INFO 1 --- [zil-additional-service] [   scheduling-1] r.a.observability.ObservabilityService   : LAB9 Observability window=10s category=web.additional.availability_new count=160 sumNanos=54574458293 avgNanos=341090364
zil-additional-service  | 2026-05-05T00:26:19.548Z  INFO 1 --- [zil-additional-service] [   scheduling-1] r.a.observability.ObservabilityService   : LAB9 Observability window=10s category=additional.statsComputation.availability.allCitiesAllDates count=160 sumNanos=20357326 avgNanos=127233
zil-additional-service  | 2026-05-05T00:26:19.550Z  INFO 1 --- [zil-additional-service] [   scheduling-1] r.a.observability.ObservabilityService   : LAB9 Observability window=30s category=additional.statsComputation.stats count=196 sumNanos=214162 avgNanos=1092
zil-additional-service  | 2026-05-05T00:26:19.553Z  INFO 1 --- [zil-additional-service] [   scheduling-1] r.a.observability.ObservabilityService   : LAB9 Observability window=30s category=web.additional.stats count=196 sumNanos=65040823833 avgNanos=331840937
zil-additional-service  | 2026-05-05T00:26:19.553Z  INFO 1 --- [zil-additional-service] [   scheduling-1] r.a.observability.ObservabilityService   : LAB9 Observability window=30s category=http.main.rents count=1118 sumNanos=187426594722 avgNanos=167644539
zil-additional-service  | 2026-05-05T00:26:19.553Z  INFO 1 --- [zil-additional-service] [   scheduling-1] r.a.observability.ObservabilityService   : LAB9 Observability window=30s category=http.main.cars count=1120 sumNanos=179979787884 avgNanos=160696239
zil-additional-service  | 2026-05-05T00:26:19.553Z  INFO 1 --- [zil-additional-service] [   scheduling-1] r.a.observability.ObservabilityService   : LAB9 Observability window=30s category=web.additional.availability_new count=922 sumNanos=302728801997 avgNanos=328339264
zil-additional-service  | 2026-05-05T00:26:19.553Z  INFO 1 --- [zil-additional-service] [   scheduling-1] r.a.observability.ObservabilityService   : LAB9 Observability window=30s category=additional.statsComputation.availability.allCitiesAllDates count=922 sumNanos=206276460 avgNanos=223727
zil-additional-service  | 2026-05-05T00:26:19.555Z  INFO 1 --- [zil-additional-service] [   scheduling-1] r.a.observability.ObservabilityService   : LAB9 Observability window=1m category=additional.statsComputation.stats count=276 sumNanos=339550 avgNanos=1230
zil-additional-service  | 2026-05-05T00:26:19.556Z  INFO 1 --- [zil-additional-service] [   scheduling-1] r.a.observability.ObservabilityService   : LAB9 Observability window=1m category=web.additional.stats count=276 sumNanos=91388719078 avgNanos=331118547
zil-additional-service  | 2026-05-05T00:26:19.557Z  INFO 1 --- [zil-additional-service] [   scheduling-1] r.a.observability.ObservabilityService   : LAB9 Observability window=1m category=http.main.rents count=2561 sumNanos=424338263844 avgNanos=165692410
zil-additional-service  | 2026-05-05T00:26:19.557Z  INFO 1 --- [zil-additional-service] [   scheduling-1] r.a.observability.ObservabilityService   : LAB9 Observability window=1m category=http.main.cars count=2561 sumNanos=411813991113 avgNanos=160802026
zil-additional-service  | 2026-05-05T00:26:19.557Z  INFO 1 --- [zil-additional-service] [   scheduling-1] r.a.observability.ObservabilityService   : LAB9 Observability window=1m category=web.additional.availability_new count=2285 sumNanos=746167272028 avgNanos=326550228
zil-additional-service  | 2026-05-05T00:26:19.557Z  INFO 1 --- [zil-additional-service] [   scheduling-1] r.a.observability.ObservabilityService   : LAB9 Observability window=1m category=additional.statsComputation.availability.allCitiesAllDates count=2285 sumNanos=491281313 avgNanos=215002
zil-additional-service  | 2026-05-05T00:26:24.558Z  INFO 1 --- [zil-additional-service] [   scheduling-1] r.a.observability.ObservabilityService   : LAB9 Observability window=10s category=additional.statsComputation.stats count=244 sumNanos=279674 avgNanos=1146
zil-additional-service  | 2026-05-05T00:26:24.558Z  INFO 1 --- [zil-additional-service] [   scheduling-1] r.a.observability.ObservabilityService   : LAB9 Observability window=10s category=web.additional.stats count=244 sumNanos=78561861077 avgNanos=321974840
zil-additional-service  | 2026-05-05T00:26:24.558Z  INFO 1 --- [zil-additional-service] [   scheduling-1] r.a.observability.ObservabilityService   : LAB9 Observability window=10s category=http.main.rents count=488 sumNanos=79798875736 avgNanos=163522286
zil-additional-service  | 2026-05-05T00:26:24.558Z  INFO 1 --- [zil-additional-service] [   scheduling-1] r.a.observability.ObservabilityService   : LAB9 Observability window=10s category=http.main.cars count=483 sumNanos=76606104712 avgNanos=158604771
zil-additional-service  | 2026-05-05T00:26:24.558Z  INFO 1 --- [zil-additional-service] [   scheduling-1] r.a.observability.ObservabilityService   : LAB9 Observability window=10s category=web.additional.availability_new count=244 sumNanos=78982380320 avgNanos=323698280
zil-additional-service  | 2026-05-05T00:26:24.559Z  INFO 1 --- [zil-additional-service] [   scheduling-1] r.a.observability.ObservabilityService   : LAB9 Observability window=10s category=additional.statsComputation.availability.allCitiesAllDates count=244 sumNanos=43143563 avgNanos=176817
zil-additional-service  | 2026-05-05T00:26:24.559Z  INFO 1 --- [zil-additional-service] [   scheduling-1] r.a.observability.ObservabilityService   : LAB9 Observability window=30s category=additional.statsComputation.stats count=306 sumNanos=366189 avgNanos=1196
zil-additional-service  | 2026-05-05T00:26:24.559Z  INFO 1 --- [zil-additional-service] [   scheduling-1] r.a.observability.ObservabilityService   : LAB9 Observability window=30s category=web.additional.stats count=306 sumNanos=99880932131 avgNanos=326408274
zil-additional-service  | 2026-05-05T00:26:24.559Z  INFO 1 --- [zil-additional-service] [   scheduling-1] r.a.observability.ObservabilityService   : LAB9 Observability window=30s category=http.main.rents count=1125 sumNanos=186961365031 avgNanos=166187880
zil-additional-service  | 2026-05-05T00:26:24.559Z  INFO 1 --- [zil-additional-service] [   scheduling-1] r.a.observability.ObservabilityService   : LAB9 Observability window=30s category=http.main.cars count=1123 sumNanos=179982729206 avgNanos=160269571
zil-additional-service  | 2026-05-05T00:26:24.559Z  INFO 1 --- [zil-additional-service] [   scheduling-1] r.a.observability.ObservabilityService   : LAB9 Observability window=30s category=web.additional.availability_new count=819 sumNanos=267981540110 avgNanos=327205787
zil-additional-service  | 2026-05-05T00:26:24.559Z  INFO 1 --- [zil-additional-service] [   scheduling-1] r.a.observability.ObservabilityService   : LAB9 Observability window=30s category=additional.statsComputation.availability.allCitiesAllDates count=819 sumNanos=160256470 avgNanos=195673
zil-additional-service  | 2026-05-05T00:26:24.560Z  INFO 1 --- [zil-additional-service] [   scheduling-1] r.a.observability.ObservabilityService   : LAB9 Observability window=1m category=additional.statsComputation.stats count=389 sumNanos=497914 avgNanos=1279
zil-additional-service  | 2026-05-05T00:26:24.560Z  INFO 1 --- [zil-additional-service] [   scheduling-1] r.a.observability.ObservabilityService   : LAB9 Observability window=1m category=web.additional.stats count=389 sumNanos=127355370185 avgNanos=327391697
zil-additional-service  | 2026-05-05T00:26:24.560Z  INFO 1 --- [zil-additional-service] [   scheduling-1] r.a.observability.ObservabilityService   : LAB9 Observability window=1m category=http.main.rents count=2563 sumNanos=424460243267 avgNanos=165610707
zil-additional-service  | 2026-05-05T00:26:24.560Z  INFO 1 --- [zil-additional-service] [   scheduling-1] r.a.observability.ObservabilityService   : LAB9 Observability window=1m category=http.main.cars count=2560 sumNanos=411811101673 avgNanos=160863711
zil-additional-service  | 2026-05-05T00:26:24.560Z  INFO 1 --- [zil-additional-service] [   scheduling-1] r.a.observability.ObservabilityService   : LAB9 Observability window=1m category=web.additional.availability_new count=2174 sumNanos=710775096111 avgNanos=326943466
zil-additional-service  | 2026-05-05T00:26:24.560Z  INFO 1 --- [zil-additional-service] [   scheduling-1] r.a.observability.ObservabilityService   : LAB9 Observability window=1m category=additional.statsComputation.availability.allCitiesAllDates count=2174 sumNanos=476914688 avgNanos=219371
zil-additional-service  | 2026-05-05T00:26:28.863Z  INFO 1 --- [zil-additional-service] [   scheduling-1] r.additional.service.ClientCacheService  : [client-cache-statistics] Client cache size=1000
zil-additional-service  | 2026-05-05T00:26:29.561Z  INFO 1 --- [zil-additional-service] [   scheduling-1] r.a.observability.ObservabilityService   : LAB9 Observability window=10s category=additional.statsComputation.stats count=237 sumNanos=310692 avgNanos=1310
zil-additional-service  | 2026-05-05T00:26:29.561Z  INFO 1 --- [zil-additional-service] [   scheduling-1] r.a.observability.ObservabilityService   : LAB9 Observability window=10s category=web.additional.stats count=237 sumNanos=76316819206 avgNanos=322011895
zil-additional-service  | 2026-05-05T00:26:29.561Z  INFO 1 --- [zil-additional-service] [   scheduling-1] r.a.observability.ObservabilityService   : LAB9 Observability window=10s category=http.main.rents count=485 sumNanos=78337669031 avgNanos=161520967
zil-additional-service  | 2026-05-05T00:26:29.561Z  INFO 1 --- [zil-additional-service] [   scheduling-1] r.a.observability.ObservabilityService   : LAB9 Observability window=10s category=http.main.cars count=484 sumNanos=77106697440 avgNanos=159311358
zil-additional-service  | 2026-05-05T00:26:29.561Z  INFO 1 --- [zil-additional-service] [   scheduling-1] r.a.observability.ObservabilityService   : LAB9 Observability window=10s category=web.additional.availability_new count=248 sumNanos=79193403820 avgNanos=319328241
zil-additional-service  | 2026-05-05T00:26:29.561Z  INFO 1 --- [zil-additional-service] [   scheduling-1] r.a.observability.ObservabilityService   : LAB9 Observability window=10s category=additional.statsComputation.availability.allCitiesAllDates count=248 sumNanos=52274635 avgNanos=210784
zil-additional-service  | 2026-05-05T00:26:29.561Z  INFO 1 --- [zil-additional-service] [   scheduling-1] r.a.observability.ObservabilityService   : LAB9 Observability window=30s category=additional.statsComputation.stats count=407 sumNanos=490602 avgNanos=1205
zil-additional-service  | 2026-05-05T00:26:29.561Z  INFO 1 --- [zil-additional-service] [   scheduling-1] r.a.observability.ObservabilityService   : LAB9 Observability window=30s category=web.additional.stats count=407 sumNanos=132708507439 avgNanos=326065128
zil-additional-service  | 2026-05-05T00:26:29.561Z  INFO 1 --- [zil-additional-service] [   scheduling-1] r.a.observability.ObservabilityService   : LAB9 Observability window=30s category=http.main.rents count=1123 sumNanos=186065600960 avgNanos=165686198
zil-additional-service  | 2026-05-05T00:26:29.561Z  INFO 1 --- [zil-additional-service] [   scheduling-1] r.a.observability.ObservabilityService   : LAB9 Observability window=30s category=http.main.cars count=1123 sumNanos=180409724654 avgNanos=160649799
zil-additional-service  | 2026-05-05T00:26:29.561Z  INFO 1 --- [zil-additional-service] [   scheduling-1] r.a.observability.ObservabilityService   : LAB9 Observability window=30s category=web.additional.availability_new count=716 sumNanos=234461191141 avgNanos=327459764
zil-additional-service  | 2026-05-05T00:26:29.564Z  INFO 1 --- [zil-additional-service] [   scheduling-1] r.a.observability.ObservabilityService   : LAB9 Observability window=30s category=additional.statsComputation.availability.allCitiesAllDates count=716 sumNanos=157991724 avgNanos=220658
zil-additional-service  | 2026-05-05T00:26:29.564Z  INFO 1 --- [zil-additional-service] [   scheduling-1] r.a.observability.ObservabilityService   : LAB9 Observability window=1m category=additional.statsComputation.stats count=488 sumNanos=599105 avgNanos=1227
zil-additional-service  | 2026-05-05T00:26:29.565Z  INFO 1 --- [zil-additional-service] [   scheduling-1] r.a.observability.ObservabilityService   : LAB9 Observability window=1m category=web.additional.stats count=488 sumNanos=159655229889 avgNanos=327162356
zil-additional-service  | 2026-05-05T00:26:29.565Z  INFO 1 --- [zil-additional-service] [   scheduling-1] r.a.observability.ObservabilityService   : LAB9 Observability window=1m category=http.main.rents count=2564 sumNanos=422766690883 avgNanos=164885604
zil-additional-service  | 2026-05-05T00:26:29.565Z  INFO 1 --- [zil-additional-service] [   scheduling-1] r.a.observability.ObservabilityService   : LAB9 Observability window=1m category=http.main.cars count=2565 sumNanos=412761344002 avgNanos=160920601
zil-additional-service  | 2026-05-05T00:26:29.565Z  INFO 1 --- [zil-additional-service] [   scheduling-1] r.a.observability.ObservabilityService   : LAB9 Observability window=1m category=web.additional.availability_new count=2076 sumNanos=676907654074 avgNanos=326063417
zil-additional-service  | 2026-05-05T00:26:29.566Z  INFO 1 --- [zil-additional-service] [   scheduling-1] r.a.observability.ObservabilityService   : LAB9 Observability window=1m category=additional.statsComputation.availability.allCitiesAllDates count=2076 sumNanos=415142682 avgNanos=199972
zil-additional-service  | 2026-05-05T00:26:34.568Z  INFO 1 --- [zil-additional-service] [   scheduling-1] r.a.observability.ObservabilityService   : LAB9 Observability window=10s category=additional.statsComputation.stats count=233 sumNanos=235988 avgNanos=1012
zil-additional-service  | 2026-05-05T00:26:34.568Z  INFO 1 --- [zil-additional-service] [   scheduling-1] r.a.observability.ObservabilityService   : LAB9 Observability window=10s category=web.additional.stats count=233 sumNanos=76826207962 avgNanos=329726214
zil-additional-service  | 2026-05-05T00:26:34.568Z  INFO 1 --- [zil-additional-service] [   scheduling-1] r.a.observability.ObservabilityService   : LAB9 Observability window=10s category=http.main.rents count=475 sumNanos=79914668037 avgNanos=168241406
zil-additional-service  | 2026-05-05T00:26:34.568Z  INFO 1 --- [zil-additional-service] [   scheduling-1] r.a.observability.ObservabilityService   : LAB9 Observability window=10s category=http.main.cars count=477 sumNanos=77061297898 avgNanos=161554083
zil-additional-service  | 2026-05-05T00:26:34.568Z  INFO 1 --- [zil-additional-service] [   scheduling-1] r.a.observability.ObservabilityService   : LAB9 Observability window=10s category=web.additional.availability_new count=242 sumNanos=79935862534 avgNanos=330313481
zil-additional-service  | 2026-05-05T00:26:34.568Z  INFO 1 --- [zil-additional-service] [   scheduling-1] r.a.observability.ObservabilityService   : LAB9 Observability window=10s category=additional.statsComputation.availability.allCitiesAllDates count=242 sumNanos=44272840 avgNanos=182945
zil-additional-service  | 2026-05-05T00:26:34.569Z  INFO 1 --- [zil-additional-service] [   scheduling-1] r.a.observability.ObservabilityService   : LAB9 Observability window=30s category=additional.statsComputation.stats count=511 sumNanos=545914 avgNanos=1068
zil-additional-service  | 2026-05-05T00:26:34.569Z  INFO 1 --- [zil-additional-service] [   scheduling-1] r.a.observability.ObservabilityService   : LAB9 Observability window=30s category=web.additional.stats count=511 sumNanos=167460666086 avgNanos=327711675
zil-additional-service  | 2026-05-05T00:26:34.569Z  INFO 1 --- [zil-additional-service] [   scheduling-1] r.a.observability.ObservabilityService   : LAB9 Observability window=30s category=http.main.rents count=1121 sumNanos=186675778906 avgNanos=166526118
zil-additional-service  | 2026-05-05T00:26:34.569Z  INFO 1 --- [zil-additional-service] [   scheduling-1] r.a.observability.ObservabilityService   : LAB9 Observability window=30s category=http.main.cars count=1120 sumNanos=180620981293 avgNanos=161268733
zil-additional-service  | 2026-05-05T00:26:34.569Z  INFO 1 --- [zil-additional-service] [   scheduling-1] r.a.observability.ObservabilityService   : LAB9 Observability window=30s category=web.additional.availability_new count=610 sumNanos=200179632208 avgNanos=328163331
zil-additional-service  | 2026-05-05T00:26:34.569Z  INFO 1 --- [zil-additional-service] [   scheduling-1] r.a.observability.ObservabilityService   : LAB9 Observability window=30s category=additional.statsComputation.availability.allCitiesAllDates count=610 sumNanos=131234149 avgNanos=215137
zil-additional-service  | 2026-05-05T00:26:34.569Z  INFO 1 --- [zil-additional-service] [   scheduling-1] r.a.observability.ObservabilityService   : LAB9 Observability window=1m category=additional.statsComputation.stats count=591 sumNanos=674750 avgNanos=1141
zil-additional-service  | 2026-05-05T00:26:34.569Z  INFO 1 --- [zil-additional-service] [   scheduling-1] r.a.observability.ObservabilityService   : LAB9 Observability window=1m category=web.additional.stats count=591 sumNanos=194232529370 avgNanos=328650641
zil-additional-service  | 2026-05-05T00:26:34.569Z  INFO 1 --- [zil-additional-service] [   scheduling-1] r.a.observability.ObservabilityService   : LAB9 Observability window=1m category=http.main.rents count=2561 sumNanos=424019135083 avgNanos=165567799
zil-additional-service  | 2026-05-05T00:26:34.570Z  INFO 1 --- [zil-additional-service] [   scheduling-1] r.a.observability.ObservabilityService   : LAB9 Observability window=1m category=http.main.cars count=2565 sumNanos=412216983420 avgNanos=160708375
zil-additional-service  | 2026-05-05T00:26:34.570Z  INFO 1 --- [zil-additional-service] [   scheduling-1] r.a.observability.ObservabilityService   : LAB9 Observability window=1m category=web.additional.availability_new count=1970 sumNanos=642555956308 avgNanos=326170536
zil-additional-service  | 2026-05-05T00:26:34.570Z  INFO 1 --- [zil-additional-service] [   scheduling-1] r.a.observability.ObservabilityService   : LAB9 Observability window=1m category=additional.statsComputation.availability.allCitiesAllDates count=1970 sumNanos=408154074 avgNanos=207184
zil-additional-service  | 2026-05-05T00:26:38.864Z  INFO 1 --- [zil-additional-service] [   scheduling-1] r.additional.service.ClientCacheService  : [client-cache-statistics] Client cache size=1000
zil-additional-service  | 2026-05-05T00:26:39.571Z  INFO 1 --- [zil-additional-service] [   scheduling-1] r.a.observability.ObservabilityService   : LAB9 Observability window=10s category=additional.statsComputation.stats count=249 sumNanos=222332 avgNanos=892
zil-additional-service  | 2026-05-05T00:26:39.574Z  INFO 1 --- [zil-additional-service] [   scheduling-1] r.a.observability.ObservabilityService   : LAB9 Observability window=10s category=web.additional.stats count=249 sumNanos=81960141227 avgNanos=329157193
zil-additional-service  | 2026-05-05T00:26:39.574Z  INFO 1 --- [zil-additional-service] [   scheduling-1] r.a.observability.ObservabilityService   : LAB9 Observability window=10s category=http.main.rents count=483 sumNanos=81609489554 avgNanos=168963746
zil-additional-service  | 2026-05-05T00:26:39.574Z  INFO 1 --- [zil-additional-service] [   scheduling-1] r.a.observability.ObservabilityService   : LAB9 Observability window=10s category=http.main.cars count=479 sumNanos=76851687386 avgNanos=160441936
zil-additional-service  | 2026-05-05T00:26:39.574Z  INFO 1 --- [zil-additional-service] [   scheduling-1] r.a.observability.ObservabilityService   : LAB9 Observability window=10s category=web.additional.availability_new count=234 sumNanos=77481518504 avgNanos=331117600
zil-additional-service  | 2026-05-05T00:26:39.574Z  INFO 1 --- [zil-additional-service] [   scheduling-1] r.a.observability.ObservabilityService   : LAB9 Observability window=10s category=additional.statsComputation.availability.allCitiesAllDates count=234 sumNanos=42979156 avgNanos=183671
zil-additional-service  | 2026-05-05T00:26:39.575Z  INFO 1 --- [zil-additional-service] [   scheduling-1] r.a.observability.ObservabilityService   : LAB9 Observability window=30s category=additional.statsComputation.stats count=640 sumNanos=670657 avgNanos=1047
zil-additional-service  | 2026-05-05T00:26:39.575Z  INFO 1 --- [zil-additional-service] [   scheduling-1] r.a.observability.ObservabilityService   : LAB9 Observability window=30s category=web.additional.stats count=640 sumNanos=209418994869 avgNanos=327217179
zil-additional-service  | 2026-05-05T00:26:39.575Z  INFO 1 --- [zil-additional-service] [   scheduling-1] r.a.observability.ObservabilityService   : LAB9 Observability window=30s category=http.main.rents count=1282 sumNanos=214012931633 avgNanos=166936764
zil-additional-service  | 2026-05-05T00:26:39.575Z  INFO 1 --- [zil-additional-service] [   scheduling-1] r.a.observability.ObservabilityService   : LAB9 Observability window=30s category=http.main.cars count=1287 sumNanos=207136197569 avgNanos=160944986
zil-additional-service  | 2026-05-05T00:26:39.575Z  INFO 1 --- [zil-additional-service] [   scheduling-1] r.a.observability.ObservabilityService   : LAB9 Observability window=30s category=web.additional.availability_new count=642 sumNanos=211249380617 avgNanos=329048879
zil-additional-service  | 2026-05-05T00:26:39.575Z  INFO 1 --- [zil-additional-service] [   scheduling-1] r.a.observability.ObservabilityService   : LAB9 Observability window=30s category=additional.statsComputation.availability.allCitiesAllDates count=642 sumNanos=115611117 avgNanos=180079
zil-additional-service  | 2026-05-05T00:26:39.576Z  INFO 1 --- [zil-additional-service] [   scheduling-1] r.a.observability.ObservabilityService   : LAB9 Observability window=1m category=additional.statsComputation.stats count=711 sumNanos=788708 avgNanos=1109
zil-additional-service  | 2026-05-05T00:26:39.576Z  INFO 1 --- [zil-additional-service] [   scheduling-1] r.a.observability.ObservabilityService   : LAB9 Observability window=1m category=web.additional.stats count=711 sumNanos=232965313332 avgNanos=327658668
zil-additional-service  | 2026-05-05T00:26:39.576Z  INFO 1 --- [zil-additional-service] [   scheduling-1] r.a.observability.ObservabilityService   : LAB9 Observability window=1m category=http.main.rents count=2567 sumNanos=425725746513 avgNanos=165845635
zil-additional-service  | 2026-05-05T00:26:39.576Z  INFO 1 --- [zil-additional-service] [   scheduling-1] r.a.observability.ObservabilityService   : LAB9 Observability window=1m category=http.main.cars count=2562 sumNanos=412268898653 avgNanos=160916822
zil-additional-service  | 2026-05-05T00:26:39.576Z  INFO 1 --- [zil-additional-service] [   scheduling-1] r.a.observability.ObservabilityService   : LAB9 Observability window=1m category=web.additional.availability_new count=1856 sumNanos=606632759215 avgNanos=326849546
zil-additional-service  | 2026-05-05T00:26:39.576Z  INFO 1 --- [zil-additional-service] [   scheduling-1] r.a.observability.ObservabilityService   : LAB9 Observability window=1m category=additional.statsComputation.availability.allCitiesAllDates count=1856 sumNanos=388240392 avgNanos=209181
zil-additional-service  | 2026-05-05T00:26:44.577Z  INFO 1 --- [zil-additional-service] [   scheduling-1] r.a.observability.ObservabilityService   : LAB9 Observability window=10s category=additional.statsComputation.stats count=248 sumNanos=229155 avgNanos=924
zil-additional-service  | 2026-05-05T00:26:44.577Z  INFO 1 --- [zil-additional-service] [   scheduling-1] r.a.observability.ObservabilityService   : LAB9 Observability window=10s category=web.additional.stats count=248 sumNanos=81028315867 avgNanos=326727080
zil-additional-service  | 2026-05-05T00:26:44.577Z  INFO 1 --- [zil-additional-service] [   scheduling-1] r.a.observability.ObservabilityService   : LAB9 Observability window=10s category=http.main.rents count=482 sumNanos=79727986981 avgNanos=165410761
zil-additional-service  | 2026-05-05T00:26:44.577Z  INFO 1 --- [zil-additional-service] [   scheduling-1] r.a.observability.ObservabilityService   : LAB9 Observability window=10s category=http.main.cars count=482 sumNanos=76560192523 avgNanos=158838573
zil-additional-service  | 2026-05-05T00:26:44.577Z  INFO 1 --- [zil-additional-service] [   scheduling-1] r.a.observability.ObservabilityService   : LAB9 Observability window=10s category=web.additional.availability_new count=234 sumNanos=75246361338 avgNanos=321565646
zil-additional-service  | 2026-05-05T00:26:44.577Z  INFO 1 --- [zil-additional-service] [   scheduling-1] r.a.observability.ObservabilityService   : LAB9 Observability window=10s category=additional.statsComputation.availability.allCitiesAllDates count=234 sumNanos=48085671 avgNanos=205494
zil-additional-service  | 2026-05-05T00:26:44.577Z  INFO 1 --- [zil-additional-service] [   scheduling-1] r.a.observability.ObservabilityService   : LAB9 Observability window=30s category=additional.statsComputation.stats count=725 sumNanos=744817 avgNanos=1027
zil-additional-service  | 2026-05-05T00:26:44.577Z  INFO 1 --- [zil-additional-service] [   scheduling-1] r.a.observability.ObservabilityService   : LAB9 Observability window=30s category=web.additional.stats count=725 sumNanos=236416384906 avgNanos=326091565
zil-additional-service  | 2026-05-05T00:26:44.577Z  INFO 1 --- [zil-additional-service] [   scheduling-1] r.a.observability.ObservabilityService   : LAB9 Observability window=30s category=http.main.rents count=1445 sumNanos=239441530754 avgNanos=165703481
zil-additional-service  | 2026-05-05T00:26:44.577Z  INFO 1 --- [zil-additional-service] [   scheduling-1] r.a.observability.ObservabilityService   : LAB9 Observability window=30s category=http.main.cars count=1443 sumNanos=230329140468 avgNanos=159618253
zil-additional-service  | 2026-05-05T00:26:44.577Z  INFO 1 --- [zil-additional-service] [   scheduling-1] r.a.observability.ObservabilityService   : LAB9 Observability window=30s category=web.additional.availability_new count=720 sumNanos=234164604192 avgNanos=325228616
zil-additional-service  | 2026-05-05T00:26:44.577Z  INFO 1 --- [zil-additional-service] [   scheduling-1] r.a.observability.ObservabilityService   : LAB9 Observability window=30s category=additional.statsComputation.availability.allCitiesAllDates count=720 sumNanos=135502074 avgNanos=188197
zil-additional-service  | 2026-05-05T00:26:44.578Z  INFO 1 --- [zil-additional-service] [   scheduling-1] r.a.observability.ObservabilityService   : LAB9 Observability window=1m category=additional.statsComputation.stats count=813 sumNanos=868965 avgNanos=1068
zil-additional-service  | 2026-05-05T00:26:44.578Z  INFO 1 --- [zil-additional-service] [   scheduling-1] r.a.observability.ObservabilityService   : LAB9 Observability window=1m category=web.additional.stats count=813 sumNanos=266541014923 avgNanos=327848726
zil-additional-service  | 2026-05-05T00:26:44.578Z  INFO 1 --- [zil-additional-service] [   scheduling-1] r.a.observability.ObservabilityService   : LAB9 Observability window=1m category=http.main.rents count=2560 sumNanos=425023876505 avgNanos=166024951
zil-additional-service  | 2026-05-05T00:26:44.578Z  INFO 1 --- [zil-additional-service] [   scheduling-1] r.a.observability.ObservabilityService   : LAB9 Observability window=1m category=http.main.cars count=2564 sumNanos=410964978755 avgNanos=160282753
zil-additional-service  | 2026-05-05T00:26:44.579Z  INFO 1 --- [zil-additional-service] [   scheduling-1] r.a.observability.ObservabilityService   : LAB9 Observability window=1m category=web.additional.availability_new count=1747 sumNanos=569799241571 avgNanos=326158695
zil-additional-service  | 2026-05-05T00:26:44.579Z  INFO 1 --- [zil-additional-service] [   scheduling-1] r.a.observability.ObservabilityService   : LAB9 Observability window=1m category=additional.statsComputation.availability.allCitiesAllDates count=1747 sumNanos=372164369 avgNanos=213030
zil-additional-service  | 2026-05-05T00:26:48.863Z  INFO 1 --- [zil-additional-service] [   scheduling-1] r.additional.service.ClientCacheService  : [client-cache-statistics] Client cache size=1000
zil-additional-service  | 2026-05-05T00:26:49.580Z  INFO 1 --- [zil-additional-service] [   scheduling-1] r.a.observability.ObservabilityService   : LAB9 Observability window=10s category=additional.statsComputation.stats count=243 sumNanos=219679 avgNanos=904
zil-additional-service  | 2026-05-05T00:26:49.580Z  INFO 1 --- [zil-additional-service] [   scheduling-1] r.a.observability.ObservabilityService   : LAB9 Observability window=10s category=web.additional.stats count=243 sumNanos=79310405299 avgNanos=326380268
zil-additional-service  | 2026-05-05T00:26:49.580Z  INFO 1 --- [zil-additional-service] [   scheduling-1] r.a.observability.ObservabilityService   : LAB9 Observability window=10s category=http.main.rents count=478 sumNanos=78709034747 avgNanos=164663252
zil-additional-service  | 2026-05-05T00:26:49.580Z  INFO 1 --- [zil-additional-service] [   scheduling-1] r.a.observability.ObservabilityService   : LAB9 Observability window=10s category=http.main.cars count=482 sumNanos=77576075422 avgNanos=160946214
zil-additional-service  | 2026-05-05T00:26:49.580Z  INFO 1 --- [zil-additional-service] [   scheduling-1] r.a.observability.ObservabilityService   : LAB9 Observability window=10s category=web.additional.availability_new count=235 sumNanos=76462089422 avgNanos=325370593
zil-additional-service  | 2026-05-05T00:26:49.580Z  INFO 1 --- [zil-additional-service] [   scheduling-1] r.a.observability.ObservabilityService   : LAB9 Observability window=10s category=additional.statsComputation.availability.allCitiesAllDates count=235 sumNanos=45137370 avgNanos=192073
zil-additional-service  | 2026-05-05T00:26:49.581Z  INFO 1 --- [zil-additional-service] [   scheduling-1] r.a.observability.ObservabilityService   : LAB9 Observability window=30s category=additional.statsComputation.stats count=729 sumNanos=752703 avgNanos=1032
zil-additional-service  | 2026-05-05T00:26:49.581Z  INFO 1 --- [zil-additional-service] [   scheduling-1] r.a.observability.ObservabilityService   : LAB9 Observability window=30s category=web.additional.stats count=729 sumNanos=237587365732 avgNanos=325908594
zil-additional-service  | 2026-05-05T00:26:49.583Z  INFO 1 --- [zil-additional-service] [   scheduling-1] r.a.observability.ObservabilityService   : LAB9 Observability window=30s category=http.main.rents count=1446 sumNanos=238586127860 avgNanos=164997322
zil-additional-service  | 2026-05-05T00:26:49.584Z  INFO 1 --- [zil-additional-service] [   scheduling-1] r.a.observability.ObservabilityService   : LAB9 Observability window=30s category=http.main.cars count=1446 sumNanos=231732847220 avgNanos=160257847
zil-additional-service  | 2026-05-05T00:26:49.584Z  INFO 1 --- [zil-additional-service] [   scheduling-1] r.a.observability.ObservabilityService   : LAB9 Observability window=30s category=web.additional.availability_new count=717 sumNanos=233127283885 avgNanos=325142655
zil-additional-service  | 2026-05-05T00:26:49.584Z  INFO 1 --- [zil-additional-service] [   scheduling-1] r.a.observability.ObservabilityService   : LAB9 Observability window=30s category=additional.statsComputation.availability.allCitiesAllDates count=717 sumNanos=140386279 avgNanos=195796
zil-additional-service  | 2026-05-05T00:26:49.585Z  INFO 1 --- [zil-additional-service] [   scheduling-1] r.a.observability.ObservabilityService   : LAB9 Observability window=1m category=additional.statsComputation.stats count=925 sumNanos=966865 avgNanos=1045
zil-additional-service  | 2026-05-05T00:26:49.585Z  INFO 1 --- [zil-additional-service] [   scheduling-1] r.a.observability.ObservabilityService   : LAB9 Observability window=1m category=web.additional.stats count=925 sumNanos=302628189565 avgNanos=327165610
zil-additional-service  | 2026-05-05T00:26:49.585Z  INFO 1 --- [zil-additional-service] [   scheduling-1] r.a.observability.ObservabilityService   : LAB9 Observability window=1m category=http.main.rents count=2561 sumNanos=425503971159 avgNanos=166147587
zil-additional-service  | 2026-05-05T00:26:49.585Z  INFO 1 --- [zil-additional-service] [   scheduling-1] r.a.observability.ObservabilityService   : LAB9 Observability window=1m category=http.main.cars count=2562 sumNanos=410967939472 avgNanos=160409031
zil-additional-service  | 2026-05-05T00:26:49.585Z  INFO 1 --- [zil-additional-service] [   scheduling-1] r.a.observability.ObservabilityService   : LAB9 Observability window=1m category=web.additional.availability_new count=1636 sumNanos=534833895387 avgNanos=326915583
zil-additional-service  | 2026-05-05T00:26:49.585Z  INFO 1 --- [zil-additional-service] [   scheduling-1] r.a.observability.ObservabilityService   : LAB9 Observability window=1m category=additional.statsComputation.availability.allCitiesAllDates count=1636 sumNanos=343832739 avgNanos=210166
zil-additional-service  | 2026-05-05T00:26:54.592Z  INFO 1 --- [zil-additional-service] [   scheduling-1] r.a.observability.ObservabilityService   : LAB9 Observability window=10s category=additional.statsComputation.stats count=243 sumNanos=225086 avgNanos=926
zil-additional-service  | 2026-05-05T00:26:54.592Z  INFO 1 --- [zil-additional-service] [   scheduling-1] r.a.observability.ObservabilityService   : LAB9 Observability window=10s category=web.additional.stats count=243 sumNanos=77944483143 avgNanos=320759189
zil-additional-service  | 2026-05-05T00:26:54.592Z  INFO 1 --- [zil-additional-service] [   scheduling-1] r.a.observability.ObservabilityService   : LAB9 Observability window=10s category=http.main.rents count=484 sumNanos=78756855548 avgNanos=162720775
zil-additional-service  | 2026-05-05T00:26:54.593Z  INFO 1 --- [zil-additional-service] [   scheduling-1] r.a.observability.ObservabilityService   : LAB9 Observability window=10s category=http.main.cars count=486 sumNanos=78528677673 avgNanos=161581641
zil-additional-service  | 2026-05-05T00:26:54.593Z  INFO 1 --- [zil-additional-service] [   scheduling-1] r.a.observability.ObservabilityService   : LAB9 Observability window=10s category=web.additional.availability_new count=241 sumNanos=79506404839 avgNanos=329902094
zil-additional-service  | 2026-05-05T00:26:54.593Z  INFO 1 --- [zil-additional-service] [   scheduling-1] r.a.observability.ObservabilityService   : LAB9 Observability window=10s category=additional.statsComputation.availability.allCitiesAllDates count=241 sumNanos=61056325 avgNanos=253345
zil-additional-service  | 2026-05-05T00:26:54.593Z  INFO 1 --- [zil-additional-service] [   scheduling-1] r.a.observability.ObservabilityService   : LAB9 Observability window=30s category=additional.statsComputation.stats count=724 sumNanos=690229 avgNanos=953
zil-additional-service  | 2026-05-05T00:26:54.593Z  INFO 1 --- [zil-additional-service] [   scheduling-1] r.a.observability.ObservabilityService   : LAB9 Observability window=30s category=web.additional.stats count=724 sumNanos=235799006972 avgNanos=325689236
zil-additional-service  | 2026-05-05T00:26:54.593Z  INFO 1 --- [zil-additional-service] [   scheduling-1] r.a.observability.ObservabilityService   : LAB9 Observability window=30s category=http.main.rents count=1442 sumNanos=238611838302 avgNanos=165472842
zil-additional-service  | 2026-05-05T00:26:54.593Z  INFO 1 --- [zil-additional-service] [   scheduling-1] r.a.observability.ObservabilityService   : LAB9 Observability window=30s category=http.main.cars count=1445 sumNanos=232150168094 avgNanos=160657555
zil-additional-service  | 2026-05-05T00:26:54.593Z  INFO 1 --- [zil-additional-service] [   scheduling-1] r.a.observability.ObservabilityService   : LAB9 Observability window=30s category=web.additional.availability_new count=718 sumNanos=235073259917 avgNanos=327400083
zil-additional-service  | 2026-05-05T00:26:54.593Z  INFO 1 --- [zil-additional-service] [   scheduling-1] r.a.observability.ObservabilityService   : LAB9 Observability window=30s category=additional.statsComputation.availability.allCitiesAllDates count=718 sumNanos=153498393 avgNanos=213786
zil-additional-service  | 2026-05-05T00:26:54.596Z  INFO 1 --- [zil-additional-service] [   scheduling-1] r.a.observability.ObservabilityService   : LAB9 Observability window=1m category=additional.statsComputation.stats count=1030 sumNanos=1056418 avgNanos=1025
zil-additional-service  | 2026-05-05T00:26:54.596Z  INFO 1 --- [zil-additional-service] [   scheduling-1] r.a.observability.ObservabilityService   : LAB9 Observability window=1m category=web.additional.stats count=1030 sumNanos=335679939103 avgNanos=325902853
zil-additional-service  | 2026-05-05T00:26:54.596Z  INFO 1 --- [zil-additional-service] [   scheduling-1] r.a.observability.ObservabilityService   : LAB9 Observability window=1m category=http.main.rents count=2565 sumNanos=425208507412 avgNanos=165773297
zil-additional-service  | 2026-05-05T00:26:54.596Z  INFO 1 --- [zil-additional-service] [   scheduling-1] r.a.observability.ObservabilityService   : LAB9 Observability window=1m category=http.main.cars count=2567 sumNanos=411947136210 avgNanos=160478042
zil-additional-service  | 2026-05-05T00:26:54.596Z  INFO 1 --- [zil-additional-service] [   scheduling-1] r.a.observability.ObservabilityService   : LAB9 Observability window=1m category=web.additional.availability_new count=1535 sumNanos=502340179005 avgNanos=327257445
zil-additional-service  | 2026-05-05T00:26:54.596Z  INFO 1 --- [zil-additional-service] [   scheduling-1] r.a.observability.ObservabilityService   : LAB9 Observability window=1m category=additional.statsComputation.availability.allCitiesAllDates count=1535 sumNanos=313658832 avgNanos=204338
zil-additional-service  | 2026-05-05T00:26:58.862Z  INFO 1 --- [zil-additional-service] [   scheduling-1] r.additional.service.ClientCacheService  : [client-cache-statistics] Client cache size=1000
zil-additional-service  | 2026-05-05T00:26:59.600Z  INFO 1 --- [zil-additional-service] [   scheduling-1] r.a.observability.ObservabilityService   : LAB9 Observability window=10s category=additional.statsComputation.stats count=248 sumNanos=255444 avgNanos=1030
zil-additional-service  | 2026-05-05T00:26:59.600Z  INFO 1 --- [zil-additional-service] [   scheduling-1] r.a.observability.ObservabilityService   : LAB9 Observability window=10s category=web.additional.stats count=248 sumNanos=79830447732 avgNanos=321896966
zil-additional-service  | 2026-05-05T00:26:59.600Z  INFO 1 --- [zil-additional-service] [   scheduling-1] r.a.observability.ObservabilityService   : LAB9 Observability window=10s category=http.main.rents count=480 sumNanos=78724180641 avgNanos=164008709
zil-additional-service  | 2026-05-05T00:26:59.600Z  INFO 1 --- [zil-additional-service] [   scheduling-1] r.a.observability.ObservabilityService   : LAB9 Observability window=10s category=http.main.cars count=480 sumNanos=77856674582 avgNanos=162201405
zil-additional-service  | 2026-05-05T00:26:59.600Z  INFO 1 --- [zil-additional-service] [   scheduling-1] r.a.observability.ObservabilityService   : LAB9 Observability window=10s category=web.additional.availability_new count=232 sumNanos=76724308262 avgNanos=330708225
zil-additional-service  | 2026-05-05T00:26:59.600Z  INFO 1 --- [zil-additional-service] [   scheduling-1] r.a.observability.ObservabilityService   : LAB9 Observability window=10s category=additional.statsComputation.availability.allCitiesAllDates count=232 sumNanos=67118667 avgNanos=289304
zil-additional-service  | 2026-05-05T00:26:59.600Z  INFO 1 --- [zil-additional-service] [   scheduling-1] r.a.observability.ObservabilityService   : LAB9 Observability window=30s category=additional.statsComputation.stats count=740 sumNanos=697455 avgNanos=942
zil-additional-service  | 2026-05-05T00:26:59.600Z  INFO 1 --- [zil-additional-service] [   scheduling-1] r.a.observability.ObservabilityService   : LAB9 Observability window=30s category=web.additional.stats count=740 sumNanos=241100994258 avgNanos=325812154
zil-additional-service  | 2026-05-05T00:26:59.600Z  INFO 1 --- [zil-additional-service] [   scheduling-1] r.a.observability.ObservabilityService   : LAB9 Observability window=30s category=http.main.rents count=1442 sumNanos=239050153674 avgNanos=165776805
zil-additional-service  | 2026-05-05T00:26:59.600Z  INFO 1 --- [zil-additional-service] [   scheduling-1] r.a.observability.ObservabilityService   : LAB9 Observability window=30s category=http.main.cars count=1441 sumNanos=232284437390 avgNanos=161196694
zil-additional-service  | 2026-05-05T00:26:59.600Z  INFO 1 --- [zil-additional-service] [   scheduling-1] r.a.observability.ObservabilityService   : LAB9 Observability window=30s category=web.additional.availability_new count=702 sumNanos=230880969234 avgNanos=328890269
zil-additional-service  | 2026-05-05T00:26:59.600Z  INFO 1 --- [zil-additional-service] [   scheduling-1] r.a.observability.ObservabilityService   : LAB9 Observability window=30s category=additional.statsComputation.availability.allCitiesAllDates count=702 sumNanos=155348195 avgNanos=221293
zil-additional-service  | 2026-05-05T00:26:59.601Z  INFO 1 --- [zil-additional-service] [   scheduling-1] r.a.observability.ObservabilityService   : LAB9 Observability window=1m category=additional.statsComputation.stats count=1147 sumNanos=1188057 avgNanos=1035
zil-additional-service  | 2026-05-05T00:26:59.601Z  INFO 1 --- [zil-additional-service] [   scheduling-1] r.a.observability.ObservabilityService   : LAB9 Observability window=1m category=web.additional.stats count=1147 sumNanos=373809501697 avgNanos=325901919
zil-additional-service  | 2026-05-05T00:26:59.601Z  INFO 1 --- [zil-additional-service] [   scheduling-1] r.a.observability.ObservabilityService   : LAB9 Observability window=1m category=http.main.rents count=2565 sumNanos=425126113718 avgNanos=165741174
zil-additional-service  | 2026-05-05T00:26:59.601Z  INFO 1 --- [zil-additional-service] [   scheduling-1] r.a.observability.ObservabilityService   : LAB9 Observability window=1m category=http.main.cars count=2565 sumNanos=412892549016 avgNanos=160971754
zil-additional-service  | 2026-05-05T00:26:59.601Z  INFO 1 --- [zil-additional-service] [   scheduling-1] r.a.observability.ObservabilityService   : LAB9 Observability window=1m category=web.additional.availability_new count=1418 sumNanos=465402171399 avgNanos=328210276
zil-additional-service  | 2026-05-05T00:26:59.601Z  INFO 1 --- [zil-additional-service] [   scheduling-1] r.a.observability.ObservabilityService   : LAB9 Observability window=1m category=additional.statsComputation.availability.allCitiesAllDates count=1418 sumNanos=313328697 avgNanos=220965
zil-additional-service  | 2026-05-05T00:27:04.601Z  INFO 1 --- [zil-additional-service] [   scheduling-1] r.a.observability.ObservabilityService   : LAB9 Observability window=10s category=additional.statsComputation.stats count=242 sumNanos=249786 avgNanos=1032
zil-additional-service  | 2026-05-05T00:27:04.602Z  INFO 1 --- [zil-additional-service] [   scheduling-1] r.a.observability.ObservabilityService   : LAB9 Observability window=10s category=web.additional.stats count=242 sumNanos=78095864853 avgNanos=322710185
zil-additional-service  | 2026-05-05T00:27:04.602Z  INFO 1 --- [zil-additional-service] [   scheduling-1] r.a.observability.ObservabilityService   : LAB9 Observability window=10s category=http.main.rents count=476 sumNanos=78496721198 avgNanos=164909078
zil-additional-service  | 2026-05-05T00:27:04.602Z  INFO 1 --- [zil-additional-service] [   scheduling-1] r.a.observability.ObservabilityService   : LAB9 Observability window=10s category=http.main.cars count=475 sumNanos=77571612391 avgNanos=163308657
zil-additional-service  | 2026-05-05T00:27:04.602Z  INFO 1 --- [zil-additional-service] [   scheduling-1] r.a.observability.ObservabilityService   : LAB9 Observability window=10s category=web.additional.availability_new count=234 sumNanos=78119539968 avgNanos=333844187
zil-additional-service  | 2026-05-05T00:27:04.602Z  INFO 1 --- [zil-additional-service] [   scheduling-1] r.a.observability.ObservabilityService   : LAB9 Observability window=10s category=additional.statsComputation.availability.allCitiesAllDates count=234 sumNanos=42761563 avgNanos=182741
zil-additional-service  | 2026-05-05T00:27:04.602Z  INFO 1 --- [zil-additional-service] [   scheduling-1] r.a.observability.ObservabilityService   : LAB9 Observability window=30s category=additional.statsComputation.stats count=733 sumNanos=685036 avgNanos=934
zil-additional-service  | 2026-05-05T00:27:04.602Z  INFO 1 --- [zil-additional-service] [   scheduling-1] r.a.observability.ObservabilityService   : LAB9 Observability window=30s category=web.additional.stats count=733 sumNanos=237054542157 avgNanos=323403195
zil-additional-service  | 2026-05-05T00:27:04.602Z  INFO 1 --- [zil-additional-service] [   scheduling-1] r.a.observability.ObservabilityService   : LAB9 Observability window=30s category=http.main.rents count=1443 sumNanos=237268597527 avgNanos=164427302
zil-additional-service  | 2026-05-05T00:27:04.602Z  INFO 1 --- [zil-additional-service] [   scheduling-1] r.a.observability.ObservabilityService   : LAB9 Observability window=30s category=http.main.cars count=1444 sumNanos=232828132855 avgNanos=161238319
zil-additional-service  | 2026-05-05T00:27:04.602Z  INFO 1 --- [zil-additional-service] [   scheduling-1] r.a.observability.ObservabilityService   : LAB9 Observability window=30s category=web.additional.availability_new count=710 sumNanos=233256937351 avgNanos=328530897
zil-additional-service  | 2026-05-05T00:27:04.602Z  INFO 1 --- [zil-additional-service] [   scheduling-1] r.a.observability.ObservabilityService   : LAB9 Observability window=30s category=additional.statsComputation.availability.allCitiesAllDates count=710 sumNanos=151987116 avgNanos=214066
zil-additional-service  | 2026-05-05T00:27:04.605Z  INFO 1 --- [zil-additional-service] [   scheduling-1] r.a.observability.ObservabilityService   : LAB9 Observability window=1m category=additional.statsComputation.stats count=1245 sumNanos=1251198 avgNanos=1004
zil-additional-service  | 2026-05-05T00:27:04.605Z  INFO 1 --- [zil-additional-service] [   scheduling-1] r.a.observability.ObservabilityService   : LAB9 Observability window=1m category=web.additional.stats count=1245 sumNanos=404799120496 avgNanos=325139855
zil-additional-service  | 2026-05-05T00:27:04.605Z  INFO 1 --- [zil-additional-service] [   scheduling-1] r.a.observability.ObservabilityService   : LAB9 Observability window=1m category=http.main.rents count=2564 sumNanos=423914541360 avgNanos=165333284
zil-additional-service  | 2026-05-05T00:27:04.605Z  INFO 1 --- [zil-additional-service] [   scheduling-1] r.a.observability.ObservabilityService   : LAB9 Observability window=1m category=http.main.cars count=2563 sumNanos=413282898088 avgNanos=161249667
zil-additional-service  | 2026-05-05T00:27:04.605Z  INFO 1 --- [zil-additional-service] [   scheduling-1] r.a.observability.ObservabilityService   : LAB9 Observability window=1m category=web.additional.availability_new count=1319 sumNanos=433144517232 avgNanos=328388564
zil-additional-service  | 2026-05-05T00:27:04.605Z  INFO 1 --- [zil-additional-service] [   scheduling-1] r.a.observability.ObservabilityService   : LAB9 Observability window=1m category=additional.statsComputation.availability.allCitiesAllDates count=1319 sumNanos=283117139 avgNanos=214645
zil-additional-service  | 2026-05-05T00:27:08.862Z  INFO 1 --- [zil-additional-service] [   scheduling-1] r.additional.service.ClientCacheService  : [client-cache-statistics] Client cache size=1000
zil-additional-service  | 2026-05-05T00:27:09.606Z  INFO 1 --- [zil-additional-service] [   scheduling-1] r.a.observability.ObservabilityService   : LAB9 Observability window=10s category=additional.statsComputation.stats count=234 sumNanos=308559 avgNanos=1318
zil-additional-service  | 2026-05-05T00:27:09.606Z  INFO 1 --- [zil-additional-service] [   scheduling-1] r.a.observability.ObservabilityService   : LAB9 Observability window=10s category=web.additional.stats count=234 sumNanos=75315238479 avgNanos=321859993
zil-additional-service  | 2026-05-05T00:27:09.606Z  INFO 1 --- [zil-additional-service] [   scheduling-1] r.a.observability.ObservabilityService   : LAB9 Observability window=10s category=http.main.rents count=483 sumNanos=78866438999 avgNanos=163284552
zil-additional-service  | 2026-05-05T00:27:09.606Z  INFO 1 --- [zil-additional-service] [   scheduling-1] r.a.observability.ObservabilityService   : LAB9 Observability window=10s category=http.main.cars count=484 sumNanos=78493513852 avgNanos=162176681
zil-additional-service  | 2026-05-05T00:27:09.606Z  INFO 1 --- [zil-additional-service] [   scheduling-1] r.a.observability.ObservabilityService   : LAB9 Observability window=10s category=web.additional.availability_new count=249 sumNanos=82333990155 avgNanos=330658595
zil-additional-service  | 2026-05-05T00:27:09.606Z  INFO 1 --- [zil-additional-service] [   scheduling-1] r.a.observability.ObservabilityService   : LAB9 Observability window=10s category=additional.statsComputation.availability.allCitiesAllDates count=249 sumNanos=30937927 avgNanos=124248
zil-additional-service  | 2026-05-05T00:27:09.607Z  INFO 1 --- [zil-additional-service] [   scheduling-1] r.a.observability.ObservabilityService   : LAB9 Observability window=30s category=additional.statsComputation.stats count=725 sumNanos=783682 avgNanos=1080
zil-additional-service  | 2026-05-05T00:27:09.607Z  INFO 1 --- [zil-additional-service] [   scheduling-1] r.a.observability.ObservabilityService   : LAB9 Observability window=30s category=web.additional.stats count=725 sumNanos=234456091510 avgNanos=323387712
zil-additional-service  | 2026-05-05T00:27:09.607Z  INFO 1 --- [zil-additional-service] [   scheduling-1] r.a.observability.ObservabilityService   : LAB9 Observability window=30s category=http.main.rents count=1442 sumNanos=236438673627 avgNanos=163965793
zil-additional-service  | 2026-05-05T00:27:09.607Z  INFO 1 --- [zil-additional-service] [   scheduling-1] r.a.observability.ObservabilityService   : LAB9 Observability window=30s category=http.main.cars count=1444 sumNanos=233632007467 avgNanos=161795019
zil-additional-service  | 2026-05-05T00:27:09.607Z  INFO 1 --- [zil-additional-service] [   scheduling-1] r.a.observability.ObservabilityService   : LAB9 Observability window=30s category=web.additional.availability_new count=717 sumNanos=235856250989 avgNanos=328948746
zil-additional-service  | 2026-05-05T00:27:09.607Z  INFO 1 --- [zil-additional-service] [   scheduling-1] r.a.observability.ObservabilityService   : LAB9 Observability window=30s category=additional.statsComputation.availability.allCitiesAllDates count=717 sumNanos=143315905 avgNanos=199882
zil-additional-service  | 2026-05-05T00:27:09.607Z  INFO 1 --- [zil-additional-service] [   scheduling-1] r.a.observability.ObservabilityService   : LAB9 Observability window=1m category=additional.statsComputation.stats count=1365 sumNanos=1454339 avgNanos=1065
zil-additional-service  | 2026-05-05T00:27:09.607Z  INFO 1 --- [zil-additional-service] [   scheduling-1] r.a.observability.ObservabilityService   : LAB9 Observability window=1m category=web.additional.stats count=1365 sumNanos=443875086379 avgNanos=325183213
zil-additional-service  | 2026-05-05T00:27:09.607Z  INFO 1 --- [zil-additional-service] [   scheduling-1] r.a.observability.ObservabilityService   : LAB9 Observability window=1m category=http.main.rents count=2725 sumNanos=450553533672 avgNanos=165340746
zil-additional-service  | 2026-05-05T00:27:09.607Z  INFO 1 --- [zil-additional-service] [   scheduling-1] r.a.observability.ObservabilityService   : LAB9 Observability window=1m category=http.main.cars count=2733 sumNanos=441062461425 avgNanos=161383996
zil-additional-service  | 2026-05-05T00:27:09.607Z  INFO 1 --- [zil-additional-service] [   scheduling-1] r.a.observability.ObservabilityService   : LAB9 Observability window=1m category=web.additional.availability_new count=1360 sumNanos=447400231992 avgNanos=328970758
zil-additional-service  | 2026-05-05T00:27:09.607Z  INFO 1 --- [zil-additional-service] [   scheduling-1] r.a.observability.ObservabilityService   : LAB9 Observability window=1m category=additional.statsComputation.availability.allCitiesAllDates count=1360 sumNanos=258995475 avgNanos=190437
zil-additional-service  | 2026-05-05T00:27:14.608Z  INFO 1 --- [zil-additional-service] [   scheduling-1] r.a.observability.ObservabilityService   : LAB9 Observability window=10s category=additional.statsComputation.stats count=238 sumNanos=319926 avgNanos=1344
zil-additional-service  | 2026-05-05T00:27:14.608Z  INFO 1 --- [zil-additional-service] [   scheduling-1] r.a.observability.ObservabilityService   : LAB9 Observability window=10s category=web.additional.stats count=238 sumNanos=77401463944 avgNanos=325216235
zil-additional-service  | 2026-05-05T00:27:14.608Z  INFO 1 --- [zil-additional-service] [   scheduling-1] r.a.observability.ObservabilityService   : LAB9 Observability window=10s category=http.main.rents count=480 sumNanos=78515749759 avgNanos=163574478
zil-additional-service  | 2026-05-05T00:27:14.608Z  INFO 1 --- [zil-additional-service] [   scheduling-1] r.a.observability.ObservabilityService   : LAB9 Observability window=10s category=http.main.cars count=482 sumNanos=79621657437 avgNanos=165190160
zil-additional-service  | 2026-05-05T00:27:14.608Z  INFO 1 --- [zil-additional-service] [   scheduling-1] r.a.observability.ObservabilityService   : LAB9 Observability window=10s category=web.additional.availability_new count=242 sumNanos=80251359178 avgNanos=331617186
zil-additional-service  | 2026-05-05T00:27:14.608Z  INFO 1 --- [zil-additional-service] [   scheduling-1] r.a.observability.ObservabilityService   : LAB9 Observability window=10s category=additional.statsComputation.availability.allCitiesAllDates count=242 sumNanos=29325960 avgNanos=121181
zil-additional-service  | 2026-05-05T00:27:14.609Z  INFO 1 --- [zil-additional-service] [   scheduling-1] r.a.observability.ObservabilityService   : LAB9 Observability window=30s category=additional.statsComputation.stats count=724 sumNanos=796055 avgNanos=1099
zil-additional-service  | 2026-05-05T00:27:14.609Z  INFO 1 --- [zil-additional-service] [   scheduling-1] r.a.observability.ObservabilityService   : LAB9 Observability window=30s category=web.additional.stats count=724 sumNanos=233711602487 avgNanos=322806080
zil-additional-service  | 2026-05-05T00:27:14.609Z  INFO 1 --- [zil-additional-service] [   scheduling-1] r.a.observability.ObservabilityService   : LAB9 Observability window=30s category=http.main.rents count=1441 sumNanos=235942606477 avgNanos=163735327
zil-additional-service  | 2026-05-05T00:27:14.609Z  INFO 1 --- [zil-additional-service] [   scheduling-1] r.a.observability.ObservabilityService   : LAB9 Observability window=30s category=http.main.cars count=1443 sumNanos=235677900984 avgNanos=163324948
zil-additional-service  | 2026-05-05T00:27:14.609Z  INFO 1 --- [zil-additional-service] [   scheduling-1] r.a.observability.ObservabilityService   : LAB9 Observability window=30s category=web.additional.availability_new count=717 sumNanos=237877303985 avgNanos=331767509
zil-additional-service  | 2026-05-05T00:27:14.609Z  INFO 1 --- [zil-additional-service] [   scheduling-1] r.a.observability.ObservabilityService   : LAB9 Observability window=30s category=additional.statsComputation.availability.allCitiesAllDates count=717 sumNanos=133143848 avgNanos=185695
zil-additional-service  | 2026-05-05T00:27:14.610Z  INFO 1 --- [zil-additional-service] [   scheduling-1] r.a.observability.ObservabilityService   : LAB9 Observability window=1m category=additional.statsComputation.stats count=1448 sumNanos=1539661 avgNanos=1063
zil-additional-service  | 2026-05-05T00:27:14.610Z  INFO 1 --- [zil-additional-service] [   scheduling-1] r.a.observability.ObservabilityService   : LAB9 Observability window=1m category=web.additional.stats count=1448 sumNanos=469753063870 avgNanos=324415099
zil-additional-service  | 2026-05-05T00:27:14.610Z  INFO 1 --- [zil-additional-service] [   scheduling-1] r.a.observability.ObservabilityService   : LAB9 Observability window=1m category=http.main.rents count=2883 sumNanos=474828524430 avgNanos=164699453
zil-additional-service  | 2026-05-05T00:27:14.610Z  INFO 1 --- [zil-additional-service] [   scheduling-1] r.a.observability.ObservabilityService   : LAB9 Observability window=1m category=http.main.cars count=2886 sumNanos=466026389130 avgNanos=161478305
zil-additional-service  | 2026-05-05T00:27:14.610Z  INFO 1 --- [zil-additional-service] [   scheduling-1] r.a.observability.ObservabilityService   : LAB9 Observability window=1m category=web.additional.availability_new count=1435 sumNanos=471365198466 avgNanos=328477490
zil-additional-service  | 2026-05-05T00:27:14.610Z  INFO 1 --- [zil-additional-service] [   scheduling-1] r.a.observability.ObservabilityService   : LAB9 Observability window=1m category=additional.statsComputation.availability.allCitiesAllDates count=1435 sumNanos=268495276 avgNanos=187104
zil-additional-service  | 2026-05-05T00:27:18.862Z  INFO 1 --- [zil-additional-service] [   scheduling-1] r.additional.service.ClientCacheService  : [client-cache-statistics] Client cache size=1000
zil-additional-service  | 2026-05-05T00:27:19.618Z  INFO 1 --- [zil-additional-service] [   scheduling-1] r.a.observability.ObservabilityService   : LAB9 Observability window=10s category=additional.statsComputation.stats count=240 sumNanos=241565 avgNanos=1006
zil-additional-service  | 2026-05-05T00:27:19.619Z  INFO 1 --- [zil-additional-service] [   scheduling-1] r.a.observability.ObservabilityService   : LAB9 Observability window=10s category=web.additional.stats count=240 sumNanos=78819552737 avgNanos=328414803
zil-additional-service  | 2026-05-05T00:27:19.619Z  INFO 1 --- [zil-additional-service] [   scheduling-1] r.a.observability.ObservabilityService   : LAB9 Observability window=10s category=http.main.rents count=475 sumNanos=79118038183 avgNanos=166564290
zil-additional-service  | 2026-05-05T00:27:19.619Z  INFO 1 --- [zil-additional-service] [   scheduling-1] r.a.observability.ObservabilityService   : LAB9 Observability window=10s category=http.main.cars count=476 sumNanos=78675581493 avgNanos=165284835
zil-additional-service  | 2026-05-05T00:27:19.619Z  INFO 1 --- [zil-additional-service] [   scheduling-1] r.a.observability.ObservabilityService   : LAB9 Observability window=10s category=web.additional.availability_new count=235 sumNanos=78765171631 avgNanos=335170943
zil-additional-service  | 2026-05-05T00:27:19.619Z  INFO 1 --- [zil-additional-service] [   scheduling-1] r.a.observability.ObservabilityService   : LAB9 Observability window=10s category=additional.statsComputation.availability.allCitiesAllDates count=235 sumNanos=30180704 avgNanos=128428
zil-additional-service  | 2026-05-05T00:27:19.619Z  INFO 1 --- [zil-additional-service] [   scheduling-1] r.a.observability.ObservabilityService   : LAB9 Observability window=30s category=additional.statsComputation.stats count=722 sumNanos=805043 avgNanos=1115
zil-additional-service  | 2026-05-05T00:27:19.619Z  INFO 1 --- [zil-additional-service] [   scheduling-1] r.a.observability.ObservabilityService   : LAB9 Observability window=30s category=web.additional.stats count=722 sumNanos=233899142136 avgNanos=323960030
zil-additional-service  | 2026-05-05T00:27:19.619Z  INFO 1 --- [zil-additional-service] [   scheduling-1] r.a.observability.ObservabilityService   : LAB9 Observability window=30s category=http.main.rents count=1438 sumNanos=236702054521 avgNanos=164605044
zil-additional-service  | 2026-05-05T00:27:19.619Z  INFO 1 --- [zil-additional-service] [   scheduling-1] r.a.observability.ObservabilityService   : LAB9 Observability window=30s category=http.main.cars count=1439 sumNanos=234869719345 avgNanos=163217317
zil-additional-service  | 2026-05-05T00:27:19.619Z  INFO 1 --- [zil-additional-service] [   scheduling-1] r.a.observability.ObservabilityService   : LAB9 Observability window=30s category=web.additional.availability_new count=716 sumNanos=237823470048 avgNanos=332155684
zil-additional-service  | 2026-05-05T00:27:19.619Z  INFO 1 --- [zil-additional-service] [   scheduling-1] r.a.observability.ObservabilityService   : LAB9 Observability window=30s category=additional.statsComputation.availability.allCitiesAllDates count=716 sumNanos=128237298 avgNanos=179102
zil-additional-service  | 2026-05-05T00:27:19.620Z  INFO 1 --- [zil-additional-service] [   scheduling-1] r.a.observability.ObservabilityService   : LAB9 Observability window=1m category=additional.statsComputation.stats count=1452 sumNanos=1559394 avgNanos=1073
zil-additional-service  | 2026-05-05T00:27:19.620Z  INFO 1 --- [zil-additional-service] [   scheduling-1] r.a.observability.ObservabilityService   : LAB9 Observability window=1m category=web.additional.stats count=1452 sumNanos=471857431883 avgNanos=324970683
zil-additional-service  | 2026-05-05T00:27:19.620Z  INFO 1 --- [zil-additional-service] [   scheduling-1] r.a.observability.ObservabilityService   : LAB9 Observability window=1m category=http.main.rents count=2886 sumNanos=475580228174 avgNanos=164788713
zil-additional-service  | 2026-05-05T00:27:19.620Z  INFO 1 --- [zil-additional-service] [   scheduling-1] r.a.observability.ObservabilityService   : LAB9 Observability window=1m category=http.main.cars count=2882 sumNanos=466051464070 avgNanos=161711125
zil-additional-service  | 2026-05-05T00:27:19.620Z  INFO 1 --- [zil-additional-service] [   scheduling-1] r.a.observability.ObservabilityService   : LAB9 Observability window=1m category=web.additional.availability_new count=1434 sumNanos=471286617083 avgNanos=328651755
zil-additional-service  | 2026-05-05T00:27:19.620Z  INFO 1 --- [zil-additional-service] [   scheduling-1] r.a.observability.ObservabilityService   : LAB9 Observability window=1m category=additional.statsComputation.availability.allCitiesAllDates count=1434 sumNanos=268745518 avgNanos=187409
zil-additional-service  | 2026-05-05T00:27:24.622Z  INFO 1 --- [zil-additional-service] [   scheduling-1] r.a.observability.ObservabilityService   : LAB9 Observability window=10s category=additional.statsComputation.stats count=241 sumNanos=257016 avgNanos=1066
zil-additional-service  | 2026-05-05T00:27:24.627Z  INFO 1 --- [zil-additional-service] [   scheduling-1] r.a.observability.ObservabilityService   : LAB9 Observability window=10s category=web.additional.stats count=241 sumNanos=78445990467 avgNanos=325502035
zil-additional-service  | 2026-05-05T00:27:24.627Z  INFO 1 --- [zil-additional-service] [   scheduling-1] r.a.observability.ObservabilityService   : LAB9 Observability window=10s category=http.main.rents count=482 sumNanos=77994806799 avgNanos=161814951
zil-additional-service  | 2026-05-05T00:27:24.627Z  INFO 1 --- [zil-additional-service] [   scheduling-1] r.a.observability.ObservabilityService   : LAB9 Observability window=10s category=http.main.cars count=482 sumNanos=78095058973 avgNanos=162022943
zil-additional-service  | 2026-05-05T00:27:24.627Z  INFO 1 --- [zil-additional-service] [   scheduling-1] r.a.observability.ObservabilityService   : LAB9 Observability window=10s category=web.additional.availability_new count=241 sumNanos=78145411939 avgNanos=324254821
zil-additional-service  | 2026-05-05T00:27:24.627Z  INFO 1 --- [zil-additional-service] [   scheduling-1] r.a.observability.ObservabilityService   : LAB9 Observability window=10s category=additional.statsComputation.availability.allCitiesAllDates count=241 sumNanos=58462470 avgNanos=242582
zil-additional-service  | 2026-05-05T00:27:24.627Z  INFO 1 --- [zil-additional-service] [   scheduling-1] r.a.observability.ObservabilityService   : LAB9 Observability window=30s category=additional.statsComputation.stats count=721 sumNanos=826728 avgNanos=1146
zil-additional-service  | 2026-05-05T00:27:24.627Z  INFO 1 --- [zil-additional-service] [   scheduling-1] r.a.observability.ObservabilityService   : LAB9 Observability window=30s category=web.additional.stats count=721 sumNanos=233943319264 avgNanos=324470623
zil-additional-service  | 2026-05-05T00:27:24.627Z  INFO 1 --- [zil-additional-service] [   scheduling-1] r.a.observability.ObservabilityService   : LAB9 Observability window=30s category=http.main.rents count=1437 sumNanos=234833689186 avgNanos=163419407
zil-additional-service  | 2026-05-05T00:27:24.627Z  INFO 1 --- [zil-additional-service] [   scheduling-1] r.a.observability.ObservabilityService   : LAB9 Observability window=30s category=http.main.cars count=1440 sumNanos=235400451451 avgNanos=163472535
zil-additional-service  | 2026-05-05T00:27:24.627Z  INFO 1 --- [zil-additional-service] [   scheduling-1] r.a.observability.ObservabilityService   : LAB9 Observability window=30s category=web.additional.availability_new count=716 sumNanos=236169524515 avgNanos=329845704
zil-additional-service  | 2026-05-05T00:27:24.627Z  INFO 1 --- [zil-additional-service] [   scheduling-1] r.a.observability.ObservabilityService   : LAB9 Observability window=30s category=additional.statsComputation.availability.allCitiesAllDates count=716 sumNanos=130311942 avgNanos=181999
zil-additional-service  | 2026-05-05T00:27:24.627Z  INFO 1 --- [zil-additional-service] [   scheduling-1] r.a.observability.ObservabilityService   : LAB9 Observability window=1m category=additional.statsComputation.stats count=1446 sumNanos=1518214 avgNanos=1049
zil-additional-service  | 2026-05-05T00:27:24.627Z  INFO 1 --- [zil-additional-service] [   scheduling-1] r.a.observability.ObservabilityService   : LAB9 Observability window=1m category=web.additional.stats count=1446 sumNanos=470012116783 avgNanos=325042957
zil-additional-service  | 2026-05-05T00:27:24.627Z  INFO 1 --- [zil-additional-service] [   scheduling-1] r.a.observability.ObservabilityService   : LAB9 Observability window=1m category=http.main.rents count=2881 sumNanos=473792396030 avgNanos=164454146
zil-additional-service  | 2026-05-05T00:27:24.627Z  INFO 1 --- [zil-additional-service] [   scheduling-1] r.a.observability.ObservabilityService   : LAB9 Observability window=1m category=http.main.cars count=2885 sumNanos=467614527134 avgNanos=162084758
zil-additional-service  | 2026-05-05T00:27:24.627Z  INFO 1 --- [zil-additional-service] [   scheduling-1] r.a.observability.ObservabilityService   : LAB9 Observability window=1m category=web.additional.availability_new count=1435 sumNanos=471589571002 avgNanos=328633847
zil-additional-service  | 2026-05-05T00:27:24.627Z  INFO 1 --- [zil-additional-service] [   scheduling-1] r.a.observability.ObservabilityService   : LAB9 Observability window=1m category=additional.statsComputation.availability.allCitiesAllDates count=1435 sumNanos=284048386 avgNanos=197943
zil-additional-service  | 2026-05-05T00:27:28.862Z  INFO 1 --- [zil-additional-service] [   scheduling-1] r.additional.service.ClientCacheService  : [client-cache-statistics] Client cache size=1000
zil-additional-service  | 2026-05-05T00:27:29.628Z  INFO 1 --- [zil-additional-service] [   scheduling-1] r.a.observability.ObservabilityService   : LAB9 Observability window=10s category=additional.statsComputation.stats count=241 sumNanos=231162 avgNanos=959
zil-additional-service  | 2026-05-05T00:27:29.628Z  INFO 1 --- [zil-additional-service] [   scheduling-1] r.a.observability.ObservabilityService   : LAB9 Observability window=10s category=web.additional.stats count=241 sumNanos=77382045335 avgNanos=321087325
zil-additional-service  | 2026-05-05T00:27:29.628Z  INFO 1 --- [zil-additional-service] [   scheduling-1] r.a.observability.ObservabilityService   : LAB9 Observability window=10s category=http.main.rents count=483 sumNanos=77692902374 avgNanos=160854870
zil-additional-service  | 2026-05-05T00:27:29.628Z  INFO 1 --- [zil-additional-service] [   scheduling-1] r.a.observability.ObservabilityService   : LAB9 Observability window=10s category=http.main.cars count=481 sumNanos=77704373017 avgNanos=161547553
zil-additional-service  | 2026-05-05T00:27:29.628Z  INFO 1 --- [zil-additional-service] [   scheduling-1] r.a.observability.ObservabilityService   : LAB9 Observability window=10s category=web.additional.availability_new count=242 sumNanos=78482231876 avgNanos=324306743
zil-additional-service  | 2026-05-05T00:27:29.628Z  INFO 1 --- [zil-additional-service] [   scheduling-1] r.a.observability.ObservabilityService   : LAB9 Observability window=10s category=additional.statsComputation.availability.allCitiesAllDates count=242 sumNanos=58772322 avgNanos=242860
zil-additional-service  | 2026-05-05T00:27:29.628Z  INFO 1 --- [zil-additional-service] [   scheduling-1] r.a.observability.ObservabilityService   : LAB9 Observability window=30s category=additional.statsComputation.stats count=717 sumNanos=783502 avgNanos=1092
zil-additional-service  | 2026-05-05T00:27:29.629Z  INFO 1 --- [zil-additional-service] [   scheduling-1] r.a.observability.ObservabilityService   : LAB9 Observability window=30s category=web.additional.stats count=717 sumNanos=232131579507 avgNanos=323753946
zil-additional-service  | 2026-05-05T00:27:29.629Z  INFO 1 --- [zil-additional-service] [   scheduling-1] r.a.observability.ObservabilityService   : LAB9 Observability window=30s category=http.main.rents count=1443 sumNanos=235945196194 avgNanos=163510184
zil-additional-service  | 2026-05-05T00:27:29.629Z  INFO 1 --- [zil-additional-service] [   scheduling-1] r.a.observability.ObservabilityService   : LAB9 Observability window=30s category=http.main.cars count=1439 sumNanos=234469624180 avgNanos=162939280
zil-additional-service  | 2026-05-05T00:27:29.629Z  INFO 1 --- [zil-additional-service] [   scheduling-1] r.a.observability.ObservabilityService   : LAB9 Observability window=30s category=web.additional.availability_new count=726 sumNanos=239581393662 avgNanos=330001919
zil-additional-service  | 2026-05-05T00:27:29.629Z  INFO 1 --- [zil-additional-service] [   scheduling-1] r.a.observability.ObservabilityService   : LAB9 Observability window=30s category=additional.statsComputation.availability.allCitiesAllDates count=726 sumNanos=119890953 avgNanos=165139
zil-additional-service  | 2026-05-05T00:27:29.629Z  INFO 1 --- [zil-additional-service] [   scheduling-1] r.a.observability.ObservabilityService   : LAB9 Observability window=1m category=additional.statsComputation.stats count=1456 sumNanos=1480045 avgNanos=1016
zil-additional-service  | 2026-05-05T00:27:29.629Z  INFO 1 --- [zil-additional-service] [   scheduling-1] r.a.observability.ObservabilityService   : LAB9 Observability window=1m category=web.additional.stats count=1456 sumNanos=472837935805 avgNanos=324751329
zil-additional-service  | 2026-05-05T00:27:29.629Z  INFO 1 --- [zil-additional-service] [   scheduling-1] r.a.observability.ObservabilityService   : LAB9 Observability window=1m category=http.main.rents count=2881 sumNanos=474190814195 avgNanos=164592438
zil-additional-service  | 2026-05-05T00:27:29.629Z  INFO 1 --- [zil-additional-service] [   scheduling-1] r.a.observability.ObservabilityService   : LAB9 Observability window=1m category=http.main.cars count=2879 sumNanos=466611960214 avgNanos=162074317
zil-additional-service  | 2026-05-05T00:27:29.629Z  INFO 1 --- [zil-additional-service] [   scheduling-1] r.a.observability.ObservabilityService   : LAB9 Observability window=1m category=web.additional.availability_new count=1425 sumNanos=469341603141 avgNanos=329362528
zil-additional-service  | 2026-05-05T00:27:29.629Z  INFO 1 --- [zil-additional-service] [   scheduling-1] r.a.observability.ObservabilityService   : LAB9 Observability window=1m category=additional.statsComputation.availability.allCitiesAllDates count=1425 sumNanos=273795408 avgNanos=192137
zil-additional-service  | 2026-05-05T00:27:34.632Z  INFO 1 --- [zil-additional-service] [   scheduling-1] r.a.observability.ObservabilityService   : LAB9 Observability window=10s category=additional.statsComputation.stats count=244 sumNanos=224979 avgNanos=922
zil-additional-service  | 2026-05-05T00:27:34.632Z  INFO 1 --- [zil-additional-service] [   scheduling-1] r.a.observability.ObservabilityService   : LAB9 Observability window=10s category=web.additional.stats count=244 sumNanos=79346420172 avgNanos=325190246
zil-additional-service  | 2026-05-05T00:27:34.632Z  INFO 1 --- [zil-additional-service] [   scheduling-1] r.a.observability.ObservabilityService   : LAB9 Observability window=10s category=http.main.rents count=481 sumNanos=78906724832 avgNanos=164047244
zil-additional-service  | 2026-05-05T00:27:34.632Z  INFO 1 --- [zil-additional-service] [   scheduling-1] r.a.observability.ObservabilityService   : LAB9 Observability window=10s category=http.main.cars count=478 sumNanos=77854107346 avgNanos=162874701
zil-additional-service  | 2026-05-05T00:27:34.632Z  INFO 1 --- [zil-additional-service] [   scheduling-1] r.a.observability.ObservabilityService   : LAB9 Observability window=10s category=web.additional.availability_new count=237 sumNanos=77993602593 avgNanos=329086930
zil-additional-service  | 2026-05-05T00:27:34.632Z  INFO 1 --- [zil-additional-service] [   scheduling-1] r.a.observability.ObservabilityService   : LAB9 Observability window=10s category=additional.statsComputation.availability.allCitiesAllDates count=237 sumNanos=39526556 avgNanos=166778
zil-additional-service  | 2026-05-05T00:27:34.632Z  INFO 1 --- [zil-additional-service] [   scheduling-1] r.a.observability.ObservabilityService   : LAB9 Observability window=30s category=additional.statsComputation.stats count=721 sumNanos=800295 avgNanos=1109
zil-additional-service  | 2026-05-05T00:27:34.632Z  INFO 1 --- [zil-additional-service] [   scheduling-1] r.a.observability.ObservabilityService   : LAB9 Observability window=30s category=web.additional.stats count=721 sumNanos=234588588995 avgNanos=325365588
zil-additional-service  | 2026-05-05T00:27:34.632Z  INFO 1 --- [zil-additional-service] [   scheduling-1] r.a.observability.ObservabilityService   : LAB9 Observability window=30s category=http.main.rents count=1440 sumNanos=234942932425 avgNanos=163154814
zil-additional-service  | 2026-05-05T00:27:34.632Z  INFO 1 --- [zil-additional-service] [   scheduling-1] r.a.observability.ObservabilityService   : LAB9 Observability window=30s category=http.main.cars count=1441 sumNanos=235310434278 avgNanos=163296623
zil-additional-service  | 2026-05-05T00:27:34.632Z  INFO 1 --- [zil-additional-service] [   scheduling-1] r.a.observability.ObservabilityService   : LAB9 Observability window=30s category=web.additional.availability_new count=719 sumNanos=236045699054 avgNanos=328297217
zil-additional-service  | 2026-05-05T00:27:34.632Z  INFO 1 --- [zil-additional-service] [   scheduling-1] r.a.observability.ObservabilityService   : LAB9 Observability window=30s category=additional.statsComputation.availability.allCitiesAllDates count=719 sumNanos=127140620 avgNanos=176829
zil-additional-service  | 2026-05-05T00:27:34.632Z  INFO 1 --- [zil-additional-service] [   scheduling-1] r.a.observability.ObservabilityService   : LAB9 Observability window=1m category=additional.statsComputation.stats count=1454 sumNanos=1485121 avgNanos=1021
zil-additional-service  | 2026-05-05T00:27:34.632Z  INFO 1 --- [zil-additional-service] [   scheduling-1] r.a.observability.ObservabilityService   : LAB9 Observability window=1m category=web.additional.stats count=1454 sumNanos=471680781025 avgNanos=324402187
zil-additional-service  | 2026-05-05T00:27:34.632Z  INFO 1 --- [zil-additional-service] [   scheduling-1] r.a.observability.ObservabilityService   : LAB9 Observability window=1m category=http.main.rents count=2883 sumNanos=472250138209 avgNanos=163805112
zil-additional-service  | 2026-05-05T00:27:34.632Z  INFO 1 --- [zil-additional-service] [   scheduling-1] r.a.observability.ObservabilityService   : LAB9 Observability window=1m category=http.main.cars count=2885 sumNanos=468239503011 avgNanos=162301387
zil-additional-service  | 2026-05-05T00:27:34.632Z  INFO 1 --- [zil-additional-service] [   scheduling-1] r.a.observability.ObservabilityService   : LAB9 Observability window=1m category=web.additional.availability_new count=1429 sumNanos=469382701976 avgNanos=328469350
zil-additional-service  | 2026-05-05T00:27:34.633Z  INFO 1 --- [zil-additional-service] [   scheduling-1] r.a.observability.ObservabilityService   : LAB9 Observability window=1m category=additional.statsComputation.availability.allCitiesAllDates count=1429 sumNanos=279256577 avgNanos=195420
zil-additional-service  | 2026-05-05T00:27:38.862Z  INFO 1 --- [zil-additional-service] [   scheduling-1] r.additional.service.ClientCacheService  : [client-cache-statistics] Client cache size=1000
zil-additional-service  | 2026-05-05T00:27:39.633Z  INFO 1 --- [zil-additional-service] [   scheduling-1] r.a.observability.ObservabilityService   : LAB9 Observability window=10s category=additional.statsComputation.stats count=245 sumNanos=275064 avgNanos=1122
zil-additional-service  | 2026-05-05T00:27:39.633Z  INFO 1 --- [zil-additional-service] [   scheduling-1] r.a.observability.ObservabilityService   : LAB9 Observability window=10s category=web.additional.stats count=245 sumNanos=79138322501 avgNanos=323013561
zil-additional-service  | 2026-05-05T00:27:39.633Z  INFO 1 --- [zil-additional-service] [   scheduling-1] r.a.observability.ObservabilityService   : LAB9 Observability window=10s category=http.main.rents count=487 sumNanos=79368485467 avgNanos=162974302
zil-additional-service  | 2026-05-05T00:27:39.634Z  INFO 1 --- [zil-additional-service] [   scheduling-1] r.a.observability.ObservabilityService   : LAB9 Observability window=10s category=http.main.cars count=488 sumNanos=77082620119 avgNanos=157956188
zil-additional-service  | 2026-05-05T00:27:39.635Z  INFO 1 --- [zil-additional-service] [   scheduling-1] r.a.observability.ObservabilityService   : LAB9 Observability window=10s category=web.additional.availability_new count=242 sumNanos=77367036280 avgNanos=319698497
zil-additional-service  | 2026-05-05T00:27:39.635Z  INFO 1 --- [zil-additional-service] [   scheduling-1] r.a.observability.ObservabilityService   : LAB9 Observability window=10s category=additional.statsComputation.availability.allCitiesAllDates count=242 sumNanos=49357862 avgNanos=203958
zil-additional-service  | 2026-05-05T00:27:39.635Z  INFO 1 --- [zil-additional-service] [   scheduling-1] r.a.observability.ObservabilityService   : LAB9 Observability window=30s category=additional.statsComputation.stats count=727 sumNanos=748884 avgNanos=1030
zil-additional-service  | 2026-05-05T00:27:39.635Z  INFO 1 --- [zil-additional-service] [   scheduling-1] r.a.observability.ObservabilityService   : LAB9 Observability window=30s category=web.additional.stats count=727 sumNanos=235649836326 avgNanos=324140077
zil-additional-service  | 2026-05-05T00:27:39.635Z  INFO 1 --- [zil-additional-service] [   scheduling-1] r.a.observability.ObservabilityService   : LAB9 Observability window=30s category=http.main.rents count=1446 sumNanos=236300819411 avgNanos=163416887
zil-additional-service  | 2026-05-05T00:27:39.635Z  INFO 1 --- [zil-additional-service] [   scheduling-1] r.a.observability.ObservabilityService   : LAB9 Observability window=30s category=http.main.cars count=1444 sumNanos=233299197803 avgNanos=161564541
zil-additional-service  | 2026-05-05T00:27:39.635Z  INFO 1 --- [zil-additional-service] [   scheduling-1] r.a.observability.ObservabilityService   : LAB9 Observability window=30s category=web.additional.availability_new count=719 sumNanos=234614439787 avgNanos=326306592
zil-additional-service  | 2026-05-05T00:27:39.635Z  INFO 1 --- [zil-additional-service] [   scheduling-1] r.a.observability.ObservabilityService   : LAB9 Observability window=30s category=additional.statsComputation.availability.allCitiesAllDates count=719 sumNanos=138310888 avgNanos=192365
zil-additional-service  | 2026-05-05T00:27:39.635Z  INFO 1 --- [zil-additional-service] [   scheduling-1] r.a.observability.ObservabilityService   : LAB9 Observability window=1m category=additional.statsComputation.stats count=1453 sumNanos=1533689 avgNanos=1055
zil-additional-service  | 2026-05-05T00:27:39.636Z  INFO 1 --- [zil-additional-service] [   scheduling-1] r.a.observability.ObservabilityService   : LAB9 Observability window=1m category=web.additional.stats count=1453 sumNanos=470410755039 avgNanos=323751379
zil-additional-service  | 2026-05-05T00:27:39.636Z  INFO 1 --- [zil-additional-service] [   scheduling-1] r.a.observability.ObservabilityService   : LAB9 Observability window=1m category=http.main.rents count=2889 sumNanos=472885916289 avgNanos=163684983
zil-additional-service  | 2026-05-05T00:27:39.639Z  INFO 1 --- [zil-additional-service] [   scheduling-1] r.a.observability.ObservabilityService   : LAB9 Observability window=1m category=http.main.cars count=2889 sumNanos=467094582096 avgNanos=161680367
zil-additional-service  | 2026-05-05T00:27:39.639Z  INFO 1 --- [zil-additional-service] [   scheduling-1] r.a.observability.ObservabilityService   : LAB9 Observability window=1m category=web.additional.availability_new count=1436 sumNanos=470470690776 avgNanos=327625829
zil-additional-service  | 2026-05-05T00:27:39.639Z  INFO 1 --- [zil-additional-service] [   scheduling-1] r.a.observability.ObservabilityService   : LAB9 Observability window=1m category=additional.statsComputation.availability.allCitiesAllDates count=1436 sumNanos=281626793 avgNanos=196118
zil-additional-service  | 2026-05-05T00:27:44.640Z  INFO 1 --- [zil-additional-service] [   scheduling-1] r.a.observability.ObservabilityService   : LAB9 Observability window=10s category=additional.statsComputation.stats count=252 sumNanos=296815 avgNanos=1177
zil-additional-service  | 2026-05-05T00:27:44.641Z  INFO 1 --- [zil-additional-service] [   scheduling-1] r.a.observability.ObservabilityService   : LAB9 Observability window=10s category=web.additional.stats count=252 sumNanos=82172703367 avgNanos=326082156
zil-additional-service  | 2026-05-05T00:27:44.641Z  INFO 1 --- [zil-additional-service] [   scheduling-1] r.a.observability.ObservabilityService   : LAB9 Observability window=10s category=http.main.rents count=479 sumNanos=79039198290 avgNanos=165008764
zil-additional-service  | 2026-05-05T00:27:44.641Z  INFO 1 --- [zil-additional-service] [   scheduling-1] r.a.observability.ObservabilityService   : LAB9 Observability window=10s category=http.main.cars count=482 sumNanos=76240229555 avgNanos=158174750
zil-additional-service  | 2026-05-05T00:27:44.641Z  INFO 1 --- [zil-additional-service] [   scheduling-1] r.a.observability.ObservabilityService   : LAB9 Observability window=10s category=web.additional.availability_new count=227 sumNanos=72289641254 avgNanos=318456569
zil-additional-service  | 2026-05-05T00:27:44.641Z  INFO 1 --- [zil-additional-service] [   scheduling-1] r.a.observability.ObservabilityService   : LAB9 Observability window=10s category=additional.statsComputation.availability.allCitiesAllDates count=227 sumNanos=41470883 avgNanos=182691
zil-additional-service  | 2026-05-05T00:27:44.641Z  INFO 1 --- [zil-additional-service] [   scheduling-1] r.a.observability.ObservabilityService   : LAB9 Observability window=30s category=additional.statsComputation.stats count=737 sumNanos=778810 avgNanos=1056
zil-additional-service  | 2026-05-05T00:27:44.641Z  INFO 1 --- [zil-additional-service] [   scheduling-1] r.a.observability.ObservabilityService   : LAB9 Observability window=30s category=web.additional.stats count=737 sumNanos=239965114006 avgNanos=325597169
zil-additional-service  | 2026-05-05T00:27:44.641Z  INFO 1 --- [zil-additional-service] [   scheduling-1] r.a.observability.ObservabilityService   : LAB9 Observability window=30s category=http.main.rents count=1445 sumNanos=236619004751 avgNanos=163750176
zil-additional-service  | 2026-05-05T00:27:44.641Z  INFO 1 --- [zil-additional-service] [   scheduling-1] r.a.observability.ObservabilityService   : LAB9 Observability window=30s category=http.main.cars count=1443 sumNanos=232301518524 avgNanos=160985113
zil-additional-service  | 2026-05-05T00:27:44.641Z  INFO 1 --- [zil-additional-service] [   scheduling-1] r.a.observability.ObservabilityService   : LAB9 Observability window=30s category=web.additional.availability_new count=708 sumNanos=229509005941 avgNanos=324165262
zil-additional-service  | 2026-05-05T00:27:44.641Z  INFO 1 --- [zil-additional-service] [   scheduling-1] r.a.observability.ObservabilityService   : LAB9 Observability window=30s category=additional.statsComputation.availability.allCitiesAllDates count=708 sumNanos=139857828 avgNanos=197539
zil-additional-service  | 2026-05-05T00:27:44.641Z  INFO 1 --- [zil-additional-service] [   scheduling-1] r.a.observability.ObservabilityService   : LAB9 Observability window=1m category=additional.statsComputation.stats count=1460 sumNanos=1573854 avgNanos=1077
zil-additional-service  | 2026-05-05T00:27:44.641Z  INFO 1 --- [zil-additional-service] [   scheduling-1] r.a.observability.ObservabilityService   : LAB9 Observability window=1m category=web.additional.stats count=1460 sumNanos=473316320299 avgNanos=324189260
zil-additional-service  | 2026-05-05T00:27:44.641Z  INFO 1 --- [zil-additional-service] [   scheduling-1] r.a.observability.ObservabilityService   : LAB9 Observability window=1m category=http.main.rents count=2885 sumNanos=472363593388 avgNanos=163730881
zil-additional-service  | 2026-05-05T00:27:44.641Z  INFO 1 --- [zil-additional-service] [   scheduling-1] r.a.observability.ObservabilityService   : LAB9 Observability window=1m category=http.main.cars count=2883 sumNanos=467493386052 avgNanos=162155180
zil-additional-service  | 2026-05-05T00:27:44.641Z  INFO 1 --- [zil-additional-service] [   scheduling-1] r.a.observability.ObservabilityService   : LAB9 Observability window=1m category=web.additional.availability_new count=1425 sumNanos=467386309926 avgNanos=327990392
zil-additional-service  | 2026-05-05T00:27:44.641Z  INFO 1 --- [zil-additional-service] [   scheduling-1] r.a.observability.ObservabilityService   : LAB9 Observability window=1m category=additional.statsComputation.availability.allCitiesAllDates count=1425 sumNanos=273001676 avgNanos=191580
zil-additional-service  | 2026-05-05T00:27:48.862Z  INFO 1 --- [zil-additional-service] [   scheduling-1] r.additional.service.ClientCacheService  : [client-cache-statistics] Client cache size=1000
zil-additional-service  | 2026-05-05T00:27:49.642Z  INFO 1 --- [zil-additional-service] [   scheduling-1] r.a.observability.ObservabilityService   : LAB9 Observability window=10s category=additional.statsComputation.stats count=242 sumNanos=242562 avgNanos=1002
zil-additional-service  | 2026-05-05T00:27:49.643Z  INFO 1 --- [zil-additional-service] [   scheduling-1] r.a.observability.ObservabilityService   : LAB9 Observability window=10s category=web.additional.stats count=242 sumNanos=80235063916 avgNanos=331549850
zil-additional-service  | 2026-05-05T00:27:49.643Z  INFO 1 --- [zil-additional-service] [   scheduling-1] r.a.observability.ObservabilityService   : LAB9 Observability window=10s category=http.main.rents count=476 sumNanos=79722641043 avgNanos=167484540
zil-additional-service  | 2026-05-05T00:27:49.643Z  INFO 1 --- [zil-additional-service] [   scheduling-1] r.a.observability.ObservabilityService   : LAB9 Observability window=10s category=http.main.cars count=478 sumNanos=77431143021 avgNanos=161989838
zil-additional-service  | 2026-05-05T00:27:49.643Z  INFO 1 --- [zil-additional-service] [   scheduling-1] r.a.observability.ObservabilityService   : LAB9 Observability window=10s category=web.additional.availability_new count=234 sumNanos=76933568552 avgNanos=328775933
zil-additional-service  | 2026-05-05T00:27:49.643Z  INFO 1 --- [zil-additional-service] [   scheduling-1] r.a.observability.ObservabilityService   : LAB9 Observability window=10s category=additional.statsComputation.availability.allCitiesAllDates count=234 sumNanos=39556533 avgNanos=169045
zil-additional-service  | 2026-05-05T00:27:49.644Z  INFO 1 --- [zil-additional-service] [   scheduling-1] r.a.observability.ObservabilityService   : LAB9 Observability window=30s category=additional.statsComputation.stats count=729 sumNanos=749364 avgNanos=1027
zil-additional-service  | 2026-05-05T00:27:49.644Z  INFO 1 --- [zil-additional-service] [   scheduling-1] r.a.observability.ObservabilityService   : LAB9 Observability window=30s category=web.additional.stats count=729 sumNanos=237099278699 avgNanos=325239065
zil-additional-service  | 2026-05-05T00:27:49.644Z  INFO 1 --- [zil-additional-service] [   scheduling-1] r.a.observability.ObservabilityService   : LAB9 Observability window=30s category=http.main.rents count=1447 sumNanos=236979881858 avgNanos=163773242
zil-additional-service  | 2026-05-05T00:27:49.644Z  INFO 1 --- [zil-additional-service] [   scheduling-1] r.a.observability.ObservabilityService   : LAB9 Observability window=30s category=http.main.cars count=1447 sumNanos=232218136157 avgNanos=160482471
zil-additional-service  | 2026-05-05T00:27:49.644Z  INFO 1 --- [zil-additional-service] [   scheduling-1] r.a.observability.ObservabilityService   : LAB9 Observability window=30s category=web.additional.availability_new count=718 sumNanos=232782836708 avgNanos=324210078
zil-additional-service  | 2026-05-05T00:27:49.644Z  INFO 1 --- [zil-additional-service] [   scheduling-1] r.a.observability.ObservabilityService   : LAB9 Observability window=30s category=additional.statsComputation.availability.allCitiesAllDates count=718 sumNanos=147686717 avgNanos=205691
zil-additional-service  | 2026-05-05T00:27:49.645Z  INFO 1 --- [zil-additional-service] [   scheduling-1] r.a.observability.ObservabilityService   : LAB9 Observability window=1m category=additional.statsComputation.stats count=1452 sumNanos=1555500 avgNanos=1071
zil-additional-service  | 2026-05-05T00:27:49.645Z  INFO 1 --- [zil-additional-service] [   scheduling-1] r.a.observability.ObservabilityService   : LAB9 Observability window=1m category=web.additional.stats count=1452 sumNanos=471308336588 avgNanos=324592518
zil-additional-service  | 2026-05-05T00:27:49.645Z  INFO 1 --- [zil-additional-service] [   scheduling-1] r.a.observability.ObservabilityService   : LAB9 Observability window=1m category=http.main.rents count=2885 sumNanos=473633741106 avgNanos=164171140
zil-additional-service  | 2026-05-05T00:27:49.645Z  INFO 1 --- [zil-additional-service] [   scheduling-1] r.a.observability.ObservabilityService   : LAB9 Observability window=1m category=http.main.cars count=2884 sumNanos=466791515511 avgNanos=161855587
zil-additional-service  | 2026-05-05T00:27:49.645Z  INFO 1 --- [zil-additional-service] [   scheduling-1] r.a.observability.ObservabilityService   : LAB9 Observability window=1m category=web.additional.availability_new count=1433 sumNanos=470291114592 avgNanos=328186402
zil-additional-service  | 2026-05-05T00:27:49.645Z  INFO 1 --- [zil-additional-service] [   scheduling-1] r.a.observability.ObservabilityService   : LAB9 Observability window=1m category=additional.statsComputation.availability.allCitiesAllDates count=1433 sumNanos=275849491 avgNanos=192497
zil-additional-service  | 2026-05-05T00:27:54.648Z  INFO 1 --- [zil-additional-service] [   scheduling-1] r.a.observability.ObservabilityService   : LAB9 Observability window=10s category=additional.statsComputation.stats count=240 sumNanos=220174 avgNanos=917
zil-additional-service  | 2026-05-05T00:27:54.651Z  INFO 1 --- [zil-additional-service] [   scheduling-1] r.a.observability.ObservabilityService   : LAB9 Observability window=10s category=web.additional.stats count=240 sumNanos=77936150762 avgNanos=324733961
zil-additional-service  | 2026-05-05T00:27:54.651Z  INFO 1 --- [zil-additional-service] [   scheduling-1] r.a.observability.ObservabilityService   : LAB9 Observability window=10s category=http.main.rents count=483 sumNanos=80347795840 avgNanos=166351544
zil-additional-service  | 2026-05-05T00:27:54.651Z  INFO 1 --- [zil-additional-service] [   scheduling-1] r.a.observability.ObservabilityService   : LAB9 Observability window=10s category=http.main.cars count=482 sumNanos=77042242693 avgNanos=159838677
zil-additional-service  | 2026-05-05T00:27:54.651Z  INFO 1 --- [zil-additional-service] [   scheduling-1] r.a.observability.ObservabilityService   : LAB9 Observability window=10s category=web.additional.availability_new count=244 sumNanos=80621027228 avgNanos=330414046
zil-additional-service  | 2026-05-05T00:27:54.651Z  INFO 1 --- [zil-additional-service] [   scheduling-1] r.a.observability.ObservabilityService   : LAB9 Observability window=10s category=additional.statsComputation.availability.allCitiesAllDates count=244 sumNanos=45013886 avgNanos=184483
zil-additional-service  | 2026-05-05T00:27:54.651Z  INFO 1 --- [zil-additional-service] [   scheduling-1] r.a.observability.ObservabilityService   : LAB9 Observability window=30s category=additional.statsComputation.stats count=736 sumNanos=741968 avgNanos=1008
zil-additional-service  | 2026-05-05T00:27:54.652Z  INFO 1 --- [zil-additional-service] [   scheduling-1] r.a.observability.ObservabilityService   : LAB9 Observability window=30s category=web.additional.stats count=736 sumNanos=239455274301 avgNanos=325346840
zil-additional-service  | 2026-05-05T00:27:54.652Z  INFO 1 --- [zil-additional-service] [   scheduling-1] r.a.observability.ObservabilityService   : LAB9 Observability window=30s category=http.main.rents count=1445 sumNanos=238801402893 avgNanos=165260486
zil-additional-service  | 2026-05-05T00:27:54.652Z  INFO 1 --- [zil-additional-service] [   scheduling-1] r.a.observability.ObservabilityService   : LAB9 Observability window=30s category=http.main.cars count=1441 sumNanos=230927937531 avgNanos=160255334
zil-additional-service  | 2026-05-05T00:27:54.652Z  INFO 1 --- [zil-additional-service] [   scheduling-1] r.a.observability.ObservabilityService   : LAB9 Observability window=30s category=web.additional.availability_new count=709 sumNanos=231336325169 avgNanos=326285366
zil-additional-service  | 2026-05-05T00:27:54.652Z  INFO 1 --- [zil-additional-service] [   scheduling-1] r.a.observability.ObservabilityService   : LAB9 Observability window=30s category=additional.statsComputation.availability.allCitiesAllDates count=709 sumNanos=126268492 avgNanos=178093
zil-additional-service  | 2026-05-05T00:27:54.652Z  INFO 1 --- [zil-additional-service] [   scheduling-1] r.a.observability.ObservabilityService   : LAB9 Observability window=1m category=additional.statsComputation.stats count=1457 sumNanos=1568696 avgNanos=1076
zil-additional-service  | 2026-05-05T00:27:54.652Z  INFO 1 --- [zil-additional-service] [   scheduling-1] r.a.observability.ObservabilityService   : LAB9 Observability window=1m category=web.additional.stats count=1457 sumNanos=473398593565 avgNanos=324913241
zil-additional-service  | 2026-05-05T00:27:54.652Z  INFO 1 --- [zil-additional-service] [   scheduling-1] r.a.observability.ObservabilityService   : LAB9 Observability window=1m category=http.main.rents count=2883 sumNanos=473808264837 avgNanos=164345565
zil-additional-service  | 2026-05-05T00:27:54.652Z  INFO 1 --- [zil-additional-service] [   scheduling-1] r.a.observability.ObservabilityService   : LAB9 Observability window=1m category=http.main.cars count=2882 sumNanos=466537031045 avgNanos=161879608
zil-additional-service  | 2026-05-05T00:27:54.652Z  INFO 1 --- [zil-additional-service] [   scheduling-1] r.a.observability.ObservabilityService   : LAB9 Observability window=1m category=web.additional.availability_new count=1426 sumNanos=467833046189 avgNanos=328073664
zil-additional-service  | 2026-05-05T00:27:54.652Z  INFO 1 --- [zil-additional-service] [   scheduling-1] r.a.observability.ObservabilityService   : LAB9 Observability window=1m category=additional.statsComputation.availability.allCitiesAllDates count=1426 sumNanos=256580940 avgNanos=179930
zil-additional-service  | 2026-05-05T00:27:58.862Z  INFO 1 --- [zil-additional-service] [   scheduling-1] r.additional.service.ClientCacheService  : [client-cache-statistics] Client cache size=1000
zil-additional-service  | 2026-05-05T00:27:59.653Z  INFO 1 --- [zil-additional-service] [   scheduling-1] r.a.observability.ObservabilityService   : LAB9 Observability window=10s category=additional.statsComputation.stats count=246 sumNanos=233069 avgNanos=947
zil-additional-service  | 2026-05-05T00:27:59.653Z  INFO 1 --- [zil-additional-service] [   scheduling-1] r.a.observability.ObservabilityService   : LAB9 Observability window=10s category=web.additional.stats count=246 sumNanos=79256041480 avgNanos=322179030
zil-additional-service  | 2026-05-05T00:27:59.653Z  INFO 1 --- [zil-additional-service] [   scheduling-1] r.a.observability.ObservabilityService   : LAB9 Observability window=10s category=http.main.rents count=474 sumNanos=78287168466 avgNanos=165162802
zil-additional-service  | 2026-05-05T00:27:59.653Z  INFO 1 --- [zil-additional-service] [   scheduling-1] r.a.observability.ObservabilityService   : LAB9 Observability window=10s category=http.main.cars count=477 sumNanos=78405170479 avgNanos=164371426
zil-additional-service  | 2026-05-05T00:27:59.653Z  INFO 1 --- [zil-additional-service] [   scheduling-1] r.a.observability.ObservabilityService   : LAB9 Observability window=10s category=web.additional.availability_new count=228 sumNanos=76637480103 avgNanos=336129298
zil-additional-service  | 2026-05-05T00:27:59.653Z  INFO 1 --- [zil-additional-service] [   scheduling-1] r.a.observability.ObservabilityService   : LAB9 Observability window=10s category=additional.statsComputation.availability.allCitiesAllDates count=228 sumNanos=51095194 avgNanos=224101
zil-additional-service  | 2026-05-05T00:27:59.653Z  INFO 1 --- [zil-additional-service] [   scheduling-1] r.a.observability.ObservabilityService   : LAB9 Observability window=30s category=additional.statsComputation.stats count=734 sumNanos=751108 avgNanos=1023
zil-additional-service  | 2026-05-05T00:27:59.653Z  INFO 1 --- [zil-additional-service] [   scheduling-1] r.a.observability.ObservabilityService   : LAB9 Observability window=30s category=web.additional.stats count=734 sumNanos=238948339814 avgNanos=325542697
zil-additional-service  | 2026-05-05T00:27:59.653Z  INFO 1 --- [zil-additional-service] [   scheduling-1] r.a.observability.ObservabilityService   : LAB9 Observability window=30s category=http.main.rents count=1438 sumNanos=237526221866 avgNanos=165178179
zil-additional-service  | 2026-05-05T00:27:59.653Z  INFO 1 --- [zil-additional-service] [   scheduling-1] r.a.observability.ObservabilityService   : LAB9 Observability window=30s category=http.main.cars count=1442 sumNanos=232713122304 avgNanos=161382192
zil-additional-service  | 2026-05-05T00:27:59.653Z  INFO 1 --- [zil-additional-service] [   scheduling-1] r.a.observability.ObservabilityService   : LAB9 Observability window=30s category=web.additional.availability_new count=704 sumNanos=230938084935 avgNanos=328037052
zil-additional-service  | 2026-05-05T00:27:59.653Z  INFO 1 --- [zil-additional-service] [   scheduling-1] r.a.observability.ObservabilityService   : LAB9 Observability window=30s category=additional.statsComputation.availability.allCitiesAllDates count=704 sumNanos=140009589 avgNanos=198877
zil-additional-service  | 2026-05-05T00:27:59.654Z  INFO 1 --- [zil-additional-service] [   scheduling-1] r.a.observability.ObservabilityService   : LAB9 Observability window=1m category=additional.statsComputation.stats count=1451 sumNanos=1534398 avgNanos=1057
zil-additional-service  | 2026-05-05T00:27:59.654Z  INFO 1 --- [zil-additional-service] [   scheduling-1] r.a.observability.ObservabilityService   : LAB9 Observability window=1m category=web.additional.stats count=1451 sumNanos=471037838024 avgNanos=324629798
zil-additional-service  | 2026-05-05T00:27:59.654Z  INFO 1 --- [zil-additional-service] [   scheduling-1] r.a.observability.ObservabilityService   : LAB9 Observability window=1m category=http.main.rents count=2881 sumNanos=473457888751 avgNanos=164338038
zil-additional-service  | 2026-05-05T00:27:59.654Z  INFO 1 --- [zil-additional-service] [   scheduling-1] r.a.observability.ObservabilityService   : LAB9 Observability window=1m category=http.main.cars count=2881 sumNanos=467189800301 avgNanos=162162374
zil-additional-service  | 2026-05-05T00:27:59.654Z  INFO 1 --- [zil-additional-service] [   scheduling-1] r.a.observability.ObservabilityService   : LAB9 Observability window=1m category=web.additional.availability_new count=1430 sumNanos=470519478597 avgNanos=329034600
zil-additional-service  | 2026-05-05T00:27:59.654Z  INFO 1 --- [zil-additional-service] [   scheduling-1] r.a.observability.ObservabilityService   : LAB9 Observability window=1m category=additional.statsComputation.availability.allCitiesAllDates count=1430 sumNanos=259900542 avgNanos=181748
zil-additional-service  | 2026-05-05T00:28:04.656Z  INFO 1 --- [zil-additional-service] [   scheduling-1] r.a.observability.ObservabilityService   : LAB9 Observability window=10s category=additional.statsComputation.stats count=243 sumNanos=266728 avgNanos=1097
zil-additional-service  | 2026-05-05T00:28:04.656Z  INFO 1 --- [zil-additional-service] [   scheduling-1] r.a.observability.ObservabilityService   : LAB9 Observability window=10s category=web.additional.stats count=243 sumNanos=78910838547 avgNanos=324735961
zil-additional-service  | 2026-05-05T00:28:04.657Z  INFO 1 --- [zil-additional-service] [   scheduling-1] r.a.observability.ObservabilityService   : LAB9 Observability window=10s category=http.main.rents count=478 sumNanos=79247553462 avgNanos=165789860
zil-additional-service  | 2026-05-05T00:28:04.658Z  INFO 1 --- [zil-additional-service] [   scheduling-1] r.a.observability.ObservabilityService   : LAB9 Observability window=10s category=http.main.cars count=479 sumNanos=78961552027 avgNanos=164846663
zil-additional-service  | 2026-05-05T00:28:04.658Z  INFO 1 --- [zil-additional-service] [   scheduling-1] r.a.observability.ObservabilityService   : LAB9 Observability window=10s category=web.additional.availability_new count=235 sumNanos=79331420637 avgNanos=337580513
zil-additional-service  | 2026-05-05T00:28:04.658Z  INFO 1 --- [zil-additional-service] [   scheduling-1] r.a.observability.ObservabilityService   : LAB9 Observability window=10s category=additional.statsComputation.availability.allCitiesAllDates count=235 sumNanos=57583442 avgNanos=245035
zil-additional-service  | 2026-05-05T00:28:04.658Z  INFO 1 --- [zil-additional-service] [   scheduling-1] r.a.observability.ObservabilityService   : LAB9 Observability window=30s category=additional.statsComputation.stats count=735 sumNanos=783717 avgNanos=1066
zil-additional-service  | 2026-05-05T00:28:04.658Z  INFO 1 --- [zil-additional-service] [   scheduling-1] r.a.observability.ObservabilityService   : LAB9 Observability window=30s category=web.additional.stats count=735 sumNanos=239019692676 avgNanos=325196860
zil-additional-service  | 2026-05-05T00:28:04.658Z  INFO 1 --- [zil-additional-service] [   scheduling-1] r.a.observability.ObservabilityService   : LAB9 Observability window=30s category=http.main.rents count=1439 sumNanos=238567513853 avgNanos=165787014
zil-additional-service  | 2026-05-05T00:28:04.658Z  INFO 1 --- [zil-additional-service] [   scheduling-1] r.a.observability.ObservabilityService   : LAB9 Observability window=30s category=http.main.cars count=1441 sumNanos=231933874913 avgNanos=160953417
zil-additional-service  | 2026-05-05T00:28:04.658Z  INFO 1 --- [zil-additional-service] [   scheduling-1] r.a.observability.ObservabilityService   : LAB9 Observability window=30s category=web.additional.availability_new count=704 sumNanos=231647387410 avgNanos=329044584
zil-additional-service  | 2026-05-05T00:28:04.658Z  INFO 1 --- [zil-additional-service] [   scheduling-1] r.a.observability.ObservabilityService   : LAB9 Observability window=30s category=additional.statsComputation.availability.allCitiesAllDates count=704 sumNanos=143762610 avgNanos=204208
zil-additional-service  | 2026-05-05T00:28:04.659Z  INFO 1 --- [zil-additional-service] [   scheduling-1] r.a.observability.ObservabilityService   : LAB9 Observability window=1m category=additional.statsComputation.stats count=1456 sumNanos=1584012 avgNanos=1087
zil-additional-service  | 2026-05-05T00:28:04.659Z  INFO 1 --- [zil-additional-service] [   scheduling-1] r.a.observability.ObservabilityService   : LAB9 Observability window=1m category=web.additional.stats count=1456 sumNanos=473608281671 avgNanos=325280413
zil-additional-service  | 2026-05-05T00:28:04.659Z  INFO 1 --- [zil-additional-service] [   scheduling-1] r.a.observability.ObservabilityService   : LAB9 Observability window=1m category=http.main.rents count=2883 sumNanos=474306109317 avgNanos=164518248
zil-additional-service  | 2026-05-05T00:28:04.659Z  INFO 1 --- [zil-additional-service] [   scheduling-1] r.a.observability.ObservabilityService   : LAB9 Observability window=1m category=http.main.cars count=2882 sumNanos=467279378060 avgNanos=162137188
zil-additional-service  | 2026-05-05T00:28:04.659Z  INFO 1 --- [zil-additional-service] [   scheduling-1] r.a.observability.ObservabilityService   : LAB9 Observability window=1m category=web.additional.availability_new count=1427 sumNanos=469050275646 avgNanos=328696759
zil-additional-service  | 2026-05-05T00:28:04.659Z  INFO 1 --- [zil-additional-service] [   scheduling-1] r.a.observability.ObservabilityService   : LAB9 Observability window=1m category=additional.statsComputation.availability.allCitiesAllDates count=1427 sumNanos=271535254 avgNanos=190283
zil-additional-service  | 2026-05-05T00:28:08.862Z  INFO 1 --- [zil-additional-service] [   scheduling-1] r.additional.service.ClientCacheService  : [client-cache-statistics] Client cache size=1000
zil-additional-service  | 2026-05-05T00:28:09.661Z  INFO 1 --- [zil-additional-service] [   scheduling-1] r.a.observability.ObservabilityService   : LAB9 Observability window=10s category=additional.statsComputation.stats count=234 sumNanos=299766 avgNanos=1281
zil-additional-service  | 2026-05-05T00:28:09.663Z  INFO 1 --- [zil-additional-service] [   scheduling-1] r.a.observability.ObservabilityService   : LAB9 Observability window=10s category=web.additional.stats count=234 sumNanos=76290180100 avgNanos=326026410
zil-additional-service  | 2026-05-05T00:28:09.663Z  INFO 1 --- [zil-additional-service] [   scheduling-1] r.a.observability.ObservabilityService   : LAB9 Observability window=10s category=http.main.rents count=486 sumNanos=79309370041 avgNanos=163188004
zil-additional-service  | 2026-05-05T00:28:09.664Z  INFO 1 --- [zil-additional-service] [   scheduling-1] r.a.observability.ObservabilityService   : LAB9 Observability window=10s category=http.main.cars count=483 sumNanos=78878185432 avgNanos=163308872
zil-additional-service  | 2026-05-05T00:28:09.664Z  INFO 1 --- [zil-additional-service] [   scheduling-1] r.a.observability.ObservabilityService   : LAB9 Observability window=10s category=web.additional.availability_new count=252 sumNanos=82768449331 avgNanos=328446227
zil-additional-service  | 2026-05-05T00:28:09.664Z  INFO 1 --- [zil-additional-service] [   scheduling-1] r.a.observability.ObservabilityService   : LAB9 Observability window=10s category=additional.statsComputation.availability.allCitiesAllDates count=252 sumNanos=56529814 avgNanos=224324
zil-additional-service  | 2026-05-05T00:28:09.665Z  INFO 1 --- [zil-additional-service] [   scheduling-1] r.a.observability.ObservabilityService   : LAB9 Observability window=30s category=additional.statsComputation.stats count=723 sumNanos=776252 avgNanos=1073
zil-additional-service  | 2026-05-05T00:28:09.665Z  INFO 1 --- [zil-additional-service] [   scheduling-1] r.a.observability.ObservabilityService   : LAB9 Observability window=30s category=web.additional.stats count=723 sumNanos=236057759143 avgNanos=326497592
zil-additional-service  | 2026-05-05T00:28:09.665Z  INFO 1 --- [zil-additional-service] [   scheduling-1] r.a.observability.ObservabilityService   : LAB9 Observability window=30s category=http.main.rents count=1437 sumNanos=237426115360 avgNanos=165223462
zil-additional-service  | 2026-05-05T00:28:09.665Z  INFO 1 --- [zil-additional-service] [   scheduling-1] r.a.observability.ObservabilityService   : LAB9 Observability window=30s category=http.main.cars count=1439 sumNanos=234882389459 avgNanos=163226121
zil-additional-service  | 2026-05-05T00:28:09.665Z  INFO 1 --- [zil-additional-service] [   scheduling-1] r.a.observability.ObservabilityService   : LAB9 Observability window=30s category=web.additional.availability_new count=714 sumNanos=236339497986 avgNanos=331007700
zil-additional-service  | 2026-05-05T00:28:09.665Z  INFO 1 --- [zil-additional-service] [   scheduling-1] r.a.observability.ObservabilityService   : LAB9 Observability window=30s category=additional.statsComputation.availability.allCitiesAllDates count=714 sumNanos=147181541 avgNanos=206136
zil-additional-service  | 2026-05-05T00:28:09.665Z  INFO 1 --- [zil-additional-service] [   scheduling-1] r.a.observability.ObservabilityService   : LAB9 Observability window=1m category=additional.statsComputation.stats count=1450 sumNanos=1524772 avgNanos=1051
zil-additional-service  | 2026-05-05T00:28:09.665Z  INFO 1 --- [zil-additional-service] [   scheduling-1] r.a.observability.ObservabilityService   : LAB9 Observability window=1m category=web.additional.stats count=1450 sumNanos=471745011248 avgNanos=325341387
zil-additional-service  | 2026-05-05T00:28:09.665Z  INFO 1 --- [zil-additional-service] [   scheduling-1] r.a.observability.ObservabilityService   : LAB9 Observability window=1m category=http.main.rents count=2883 sumNanos=473746350728 avgNanos=164324089
zil-additional-service  | 2026-05-05T00:28:09.665Z  INFO 1 --- [zil-additional-service] [   scheduling-1] r.a.observability.ObservabilityService   : LAB9 Observability window=1m category=http.main.cars count=2883 sumNanos=468175333679 avgNanos=162391721
zil-additional-service  | 2026-05-05T00:28:09.665Z  INFO 1 --- [zil-additional-service] [   scheduling-1] r.a.observability.ObservabilityService   : LAB9 Observability window=1m category=web.additional.availability_new count=1433 sumNanos=470953937773 avgNanos=328648944
zil-additional-service  | 2026-05-05T00:28:09.665Z  INFO 1 --- [zil-additional-service] [   scheduling-1] r.a.observability.ObservabilityService   : LAB9 Observability window=1m category=additional.statsComputation.availability.allCitiesAllDates count=1433 sumNanos=285492429 avgNanos=199227
zil-additional-service  | 2026-05-05T00:28:14.666Z  INFO 1 --- [zil-additional-service] [   scheduling-1] r.a.observability.ObservabilityService   : LAB9 Observability window=10s category=additional.statsComputation.stats count=242 sumNanos=306209 avgNanos=1265
zil-additional-service  | 2026-05-05T00:28:14.667Z  INFO 1 --- [zil-additional-service] [   scheduling-1] r.a.observability.ObservabilityService   : LAB9 Observability window=10s category=web.additional.stats count=242 sumNanos=77823585527 avgNanos=321585064
zil-additional-service  | 2026-05-05T00:28:14.667Z  INFO 1 --- [zil-additional-service] [   scheduling-1] r.a.observability.ObservabilityService   : LAB9 Observability window=10s category=http.main.rents count=477 sumNanos=76329241749 avgNanos=160019374
zil-additional-service  | 2026-05-05T00:28:14.667Z  INFO 1 --- [zil-additional-service] [   scheduling-1] r.a.observability.ObservabilityService   : LAB9 Observability window=10s category=http.main.cars count=482 sumNanos=79722431521 avgNanos=165399235
zil-additional-service  | 2026-05-05T00:28:14.667Z  INFO 1 --- [zil-additional-service] [   scheduling-1] r.a.observability.ObservabilityService   : LAB9 Observability window=10s category=web.additional.availability_new count=235 sumNanos=77238842599 avgNanos=328675925
zil-additional-service  | 2026-05-05T00:28:14.667Z  INFO 1 --- [zil-additional-service] [   scheduling-1] r.a.observability.ObservabilityService   : LAB9 Observability window=10s category=additional.statsComputation.availability.allCitiesAllDates count=235 sumNanos=51206261 avgNanos=217898
zil-additional-service  | 2026-05-05T00:28:14.668Z  INFO 1 --- [zil-additional-service] [   scheduling-1] r.a.observability.ObservabilityService   : LAB9 Observability window=30s category=additional.statsComputation.stats count=723 sumNanos=791717 avgNanos=1095
zil-additional-service  | 2026-05-05T00:28:14.668Z  INFO 1 --- [zil-additional-service] [   scheduling-1] r.a.observability.ObservabilityService   : LAB9 Observability window=30s category=web.additional.stats count=723 sumNanos=233889354671 avgNanos=323498415
zil-additional-service  | 2026-05-05T00:28:14.668Z  INFO 1 --- [zil-additional-service] [   scheduling-1] r.a.observability.ObservabilityService   : LAB9 Observability window=30s category=http.main.rents count=1436 sumNanos=235615071563 avgNanos=164077347
zil-additional-service  | 2026-05-05T00:28:14.668Z  INFO 1 --- [zil-additional-service] [   scheduling-1] r.a.observability.ObservabilityService   : LAB9 Observability window=30s category=http.main.cars count=1442 sumNanos=235555430422 avgNanos=163353280
zil-additional-service  | 2026-05-05T00:28:14.668Z  INFO 1 --- [zil-additional-service] [   scheduling-1] r.a.observability.ObservabilityService   : LAB9 Observability window=30s category=web.additional.availability_new count=713 sumNanos=236685812913 avgNanos=331957661
zil-additional-service  | 2026-05-05T00:28:14.669Z  INFO 1 --- [zil-additional-service] [   scheduling-1] r.a.observability.ObservabilityService   : LAB9 Observability window=30s category=additional.statsComputation.availability.allCitiesAllDates count=713 sumNanos=153625948 avgNanos=215464
zil-additional-service  | 2026-05-05T00:28:14.672Z  INFO 1 --- [zil-additional-service] [   scheduling-1] r.a.observability.ObservabilityService   : LAB9 Observability window=1m category=additional.statsComputation.stats count=1460 sumNanos=1569911 avgNanos=1075
zil-additional-service  | 2026-05-05T00:28:14.672Z  INFO 1 --- [zil-additional-service] [   scheduling-1] r.a.observability.ObservabilityService   : LAB9 Observability window=1m category=web.additional.stats count=1460 sumNanos=473862257731 avgNanos=324563190
zil-additional-service  | 2026-05-05T00:28:14.672Z  INFO 1 --- [zil-additional-service] [   scheduling-1] r.a.observability.ObservabilityService   : LAB9 Observability window=1m category=http.main.rents count=2880 sumNanos=471937301959 avgNanos=163867118
zil-additional-service  | 2026-05-05T00:28:14.672Z  INFO 1 --- [zil-additional-service] [   scheduling-1] r.a.observability.ObservabilityService   : LAB9 Observability window=1m category=http.main.cars count=2885 sumNanos=467830082345 avgNanos=162159473
zil-additional-service  | 2026-05-05T00:28:14.672Z  INFO 1 --- [zil-additional-service] [   scheduling-1] r.a.observability.ObservabilityService   : LAB9 Observability window=1m category=web.additional.availability_new count=1420 sumNanos=465843273556 avgNanos=328058643
zil-additional-service  | 2026-05-05T00:28:14.672Z  INFO 1 --- [zil-additional-service] [   scheduling-1] r.a.observability.ObservabilityService   : LAB9 Observability window=1m category=additional.statsComputation.availability.allCitiesAllDates count=1420 sumNanos=293546906 avgNanos=206723
zil-additional-service  | 2026-05-05T00:28:18.862Z  INFO 1 --- [zil-additional-service] [   scheduling-1] r.additional.service.ClientCacheService  : [client-cache-statistics] Client cache size=1000
zil-additional-service  | 2026-05-05T00:28:19.682Z  INFO 1 --- [zil-additional-service] [   scheduling-1] r.a.observability.ObservabilityService   : LAB9 Observability window=10s category=additional.statsComputation.stats count=249 sumNanos=327599 avgNanos=1315
zil-additional-service  | 2026-05-05T00:28:19.683Z  INFO 1 --- [zil-additional-service] [   scheduling-1] r.a.observability.ObservabilityService   : LAB9 Observability window=10s category=web.additional.stats count=249 sumNanos=79904668085 avgNanos=320902281
zil-additional-service  | 2026-05-05T00:28:19.683Z  INFO 1 --- [zil-additional-service] [   scheduling-1] r.a.observability.ObservabilityService   : LAB9 Observability window=10s category=http.main.rents count=479 sumNanos=76505587109 avgNanos=159719388
zil-additional-service  | 2026-05-05T00:28:19.683Z  INFO 1 --- [zil-additional-service] [   scheduling-1] r.a.observability.ObservabilityService   : LAB9 Observability window=10s category=http.main.cars count=482 sumNanos=78531716935 avgNanos=162928873
zil-additional-service  | 2026-05-05T00:28:19.683Z  INFO 1 --- [zil-additional-service] [   scheduling-1] r.a.observability.ObservabilityService   : LAB9 Observability window=10s category=web.additional.availability_new count=230 sumNanos=74841826420 avgNanos=325399245
zil-additional-service  | 2026-05-05T00:28:19.685Z  INFO 1 --- [zil-additional-service] [   scheduling-1] r.a.observability.ObservabilityService   : LAB9 Observability window=10s category=additional.statsComputation.availability.allCitiesAllDates count=230 sumNanos=54539012 avgNanos=237126
zil-additional-service  | 2026-05-05T00:28:19.687Z  INFO 1 --- [zil-additional-service] [   scheduling-1] r.a.observability.ObservabilityService   : LAB9 Observability window=30s category=additional.statsComputation.stats count=729 sumNanos=861470 avgNanos=1181
zil-additional-service  | 2026-05-05T00:28:19.687Z  INFO 1 --- [zil-additional-service] [   scheduling-1] r.a.observability.ObservabilityService   : LAB9 Observability window=30s category=web.additional.stats count=729 sumNanos=235449880093 avgNanos=322976515
zil-additional-service  | 2026-05-05T00:28:19.687Z  INFO 1 --- [zil-additional-service] [   scheduling-1] r.a.observability.ObservabilityService   : LAB9 Observability window=30s category=http.main.rents count=1440 sumNanos=234246296919 avgNanos=162671039
zil-additional-service  | 2026-05-05T00:28:19.687Z  INFO 1 --- [zil-additional-service] [   scheduling-1] r.a.observability.ObservabilityService   : LAB9 Observability window=30s category=http.main.cars count=1443 sumNanos=235983940631 avgNanos=163537034
zil-additional-service  | 2026-05-05T00:28:19.687Z  INFO 1 --- [zil-additional-service] [   scheduling-1] r.a.observability.ObservabilityService   : LAB9 Observability window=30s category=web.additional.availability_new count=711 sumNanos=234507633544 avgNanos=329827895
zil-additional-service  | 2026-05-05T00:28:19.687Z  INFO 1 --- [zil-additional-service] [   scheduling-1] r.a.observability.ObservabilityService   : LAB9 Observability window=30s category=additional.statsComputation.availability.allCitiesAllDates count=711 sumNanos=162217688 avgNanos=228154
zil-additional-service  | 2026-05-05T00:28:19.687Z  INFO 1 --- [zil-additional-service] [   scheduling-1] r.a.observability.ObservabilityService   : LAB9 Observability window=1m category=additional.statsComputation.stats count=1460 sumNanos=1612264 avgNanos=1104
zil-additional-service  | 2026-05-05T00:28:19.687Z  INFO 1 --- [zil-additional-service] [   scheduling-1] r.a.observability.ObservabilityService   : LAB9 Observability window=1m category=web.additional.stats count=1460 sumNanos=473128934169 avgNanos=324060913
zil-additional-service  | 2026-05-05T00:28:19.687Z  INFO 1 --- [zil-additional-service] [   scheduling-1] r.a.observability.ObservabilityService   : LAB9 Observability window=1m category=http.main.rents count=2886 sumNanos=471070371827 avgNanos=163226047
zil-additional-service  | 2026-05-05T00:28:19.687Z  INFO 1 --- [zil-additional-service] [   scheduling-1] r.a.observability.ObservabilityService   : LAB9 Observability window=1m category=http.main.cars count=2887 sumNanos=467709102111 avgNanos=162005231
zil-additional-service  | 2026-05-05T00:28:19.687Z  INFO 1 --- [zil-additional-service] [   scheduling-1] r.a.observability.ObservabilityService   : LAB9 Observability window=1m category=web.additional.availability_new count=1426 sumNanos=466401954919 avgNanos=327070094
zil-additional-service  | 2026-05-05T00:28:19.687Z  INFO 1 --- [zil-additional-service] [   scheduling-1] r.a.observability.ObservabilityService   : LAB9 Observability window=1m category=additional.statsComputation.availability.allCitiesAllDates count=1426 sumNanos=309631694 avgNanos=217133
zil-additional-service  | 2026-05-05T00:28:24.689Z  INFO 1 --- [zil-additional-service] [   scheduling-1] r.a.observability.ObservabilityService   : LAB9 Observability window=10s category=additional.statsComputation.stats count=239 sumNanos=419264 avgNanos=1754
zil-additional-service  | 2026-05-05T00:28:24.689Z  INFO 1 --- [zil-additional-service] [   scheduling-1] r.a.observability.ObservabilityService   : LAB9 Observability window=10s category=web.additional.stats count=239 sumNanos=77662435314 avgNanos=324947428
zil-additional-service  | 2026-05-05T00:28:24.690Z  INFO 1 --- [zil-additional-service] [   scheduling-1] r.a.observability.ObservabilityService   : LAB9 Observability window=10s category=http.main.rents count=489 sumNanos=78934539234 avgNanos=161420325
zil-additional-service  | 2026-05-05T00:28:24.690Z  INFO 1 --- [zil-additional-service] [   scheduling-1] r.a.observability.ObservabilityService   : LAB9 Observability window=10s category=http.main.cars count=486 sumNanos=77671625256 avgNanos=159818158
zil-additional-service  | 2026-05-05T00:28:24.690Z  INFO 1 --- [zil-additional-service] [   scheduling-1] r.a.observability.ObservabilityService   : LAB9 Observability window=10s category=web.additional.availability_new count=250 sumNanos=80089444606 avgNanos=320357778
zil-additional-service  | 2026-05-05T00:28:24.690Z  INFO 1 --- [zil-additional-service] [   scheduling-1] r.a.observability.ObservabilityService   : LAB9 Observability window=10s category=additional.statsComputation.availability.allCitiesAllDates count=250 sumNanos=53545309 avgNanos=214181
zil-additional-service  | 2026-05-05T00:28:24.691Z  INFO 1 --- [zil-additional-service] [   scheduling-1] r.a.observability.ObservabilityService   : LAB9 Observability window=30s category=additional.statsComputation.stats count=722 sumNanos=990554 avgNanos=1371
zil-additional-service  | 2026-05-05T00:28:24.691Z  INFO 1 --- [zil-additional-service] [   scheduling-1] r.a.observability.ObservabilityService   : LAB9 Observability window=30s category=web.additional.stats count=722 sumNanos=233845406445 avgNanos=323885604
zil-additional-service  | 2026-05-05T00:28:24.691Z  INFO 1 --- [zil-additional-service] [   scheduling-1] r.a.observability.ObservabilityService   : LAB9 Observability window=30s category=http.main.rents count=1443 sumNanos=234376453093 avgNanos=162423044
zil-additional-service  | 2026-05-05T00:28:24.691Z  INFO 1 --- [zil-additional-service] [   scheduling-1] r.a.observability.ObservabilityService   : LAB9 Observability window=30s category=http.main.cars count=1447 sumNanos=236355608804 avgNanos=163341816
zil-additional-service  | 2026-05-05T00:28:24.691Z  INFO 1 --- [zil-additional-service] [   scheduling-1] r.a.observability.ObservabilityService   : LAB9 Observability window=30s category=web.additional.availability_new count=721 sumNanos=236985244216 avgNanos=328689659
zil-additional-service  | 2026-05-05T00:28:24.691Z  INFO 1 --- [zil-additional-service] [   scheduling-1] r.a.observability.ObservabilityService   : LAB9 Observability window=30s category=additional.statsComputation.availability.allCitiesAllDates count=721 sumNanos=162548959 avgNanos=225449
zil-additional-service  | 2026-05-05T00:28:24.692Z  INFO 1 --- [zil-additional-service] [   scheduling-1] r.a.observability.ObservabilityService   : LAB9 Observability window=1m category=additional.statsComputation.stats count=1459 sumNanos=1733194 avgNanos=1187
zil-additional-service  | 2026-05-05T00:28:24.692Z  INFO 1 --- [zil-additional-service] [   scheduling-1] r.a.observability.ObservabilityService   : LAB9 Observability window=1m category=web.additional.stats count=1459 sumNanos=473555825674 avgNanos=324575617
zil-additional-service  | 2026-05-05T00:28:24.692Z  INFO 1 --- [zil-additional-service] [   scheduling-1] r.a.observability.ObservabilityService   : LAB9 Observability window=1m category=http.main.rents count=2888 sumNanos=473188363691 avgNanos=163846386
zil-additional-service  | 2026-05-05T00:28:24.692Z  INFO 1 --- [zil-additional-service] [   scheduling-1] r.a.observability.ObservabilityService   : LAB9 Observability window=1m category=http.main.cars count=2884 sumNanos=466795500483 avgNanos=161856969
zil-additional-service  | 2026-05-05T00:28:24.692Z  INFO 1 --- [zil-additional-service] [   scheduling-1] r.a.observability.ObservabilityService   : LAB9 Observability window=1m category=web.additional.availability_new count=1429 sumNanos=468040696083 avgNanos=327530228
zil-additional-service  | 2026-05-05T00:28:24.692Z  INFO 1 --- [zil-additional-service] [   scheduling-1] r.a.observability.ObservabilityService   : LAB9 Observability window=1m category=additional.statsComputation.availability.allCitiesAllDates count=1429 sumNanos=288663971 avgNanos=202004
zil-additional-service  | 2026-05-05T00:28:28.864Z  INFO 1 --- [zil-additional-service] [   scheduling-1] r.additional.service.ClientCacheService  : [client-cache-statistics] Client cache size=1000
zil-additional-service  | 2026-05-05T00:28:29.693Z  INFO 1 --- [zil-additional-service] [   scheduling-1] r.a.observability.ObservabilityService   : LAB9 Observability window=10s category=additional.statsComputation.stats count=226 sumNanos=373165 avgNanos=1651
zil-additional-service  | 2026-05-05T00:28:29.694Z  INFO 1 --- [zil-additional-service] [   scheduling-1] r.a.observability.ObservabilityService   : LAB9 Observability window=10s category=web.additional.stats count=226 sumNanos=73396073492 avgNanos=324761387
zil-additional-service  | 2026-05-05T00:28:29.694Z  INFO 1 --- [zil-additional-service] [   scheduling-1] r.a.observability.ObservabilityService   : LAB9 Observability window=10s category=http.main.rents count=482 sumNanos=78602114861 avgNanos=163074927
zil-additional-service  | 2026-05-05T00:28:29.694Z  INFO 1 --- [zil-additional-service] [   scheduling-1] r.a.observability.ObservabilityService   : LAB9 Observability window=10s category=http.main.cars count=480 sumNanos=77804651713 avgNanos=162093024
zil-additional-service  | 2026-05-05T00:28:29.694Z  INFO 1 --- [zil-additional-service] [   scheduling-1] r.a.observability.ObservabilityService   : LAB9 Observability window=10s category=web.additional.availability_new count=256 sumNanos=83343820063 avgNanos=325561797
zil-additional-service  | 2026-05-05T00:28:29.694Z  INFO 1 --- [zil-additional-service] [   scheduling-1] r.a.observability.ObservabilityService   : LAB9 Observability window=10s category=additional.statsComputation.availability.allCitiesAllDates count=256 sumNanos=58272033 avgNanos=227625
zil-additional-service  | 2026-05-05T00:28:29.694Z  INFO 1 --- [zil-additional-service] [   scheduling-1] r.a.observability.ObservabilityService   : LAB9 Observability window=30s category=additional.statsComputation.stats count=708 sumNanos=1000987 avgNanos=1413
zil-additional-service  | 2026-05-05T00:28:29.694Z  INFO 1 --- [zil-additional-service] [   scheduling-1] r.a.observability.ObservabilityService   : LAB9 Observability window=30s category=web.additional.stats count=708 sumNanos=228977925516 avgNanos=323415149
zil-additional-service  | 2026-05-05T00:28:29.694Z  INFO 1 --- [zil-additional-service] [   scheduling-1] r.a.observability.ObservabilityService   : LAB9 Observability window=30s category=http.main.rents count=1445 sumNanos=233799971268 avgNanos=161799288
zil-additional-service  | 2026-05-05T00:28:29.694Z  INFO 1 --- [zil-additional-service] [   scheduling-1] r.a.observability.ObservabilityService   : LAB9 Observability window=30s category=http.main.cars count=1446 sumNanos=235388169919 avgNanos=162785733
zil-additional-service  | 2026-05-05T00:28:29.694Z  INFO 1 --- [zil-additional-service] [   scheduling-1] r.a.observability.ObservabilityService   : LAB9 Observability window=30s category=web.additional.availability_new count=737 sumNanos=240488713170 avgNanos=326307616
zil-additional-service  | 2026-05-05T00:28:29.694Z  INFO 1 --- [zil-additional-service] [   scheduling-1] r.a.observability.ObservabilityService   : LAB9 Observability window=30s category=additional.statsComputation.availability.allCitiesAllDates count=737 sumNanos=169232976 avgNanos=229624
zil-additional-service  | 2026-05-05T00:28:29.695Z  INFO 1 --- [zil-additional-service] [   scheduling-1] r.a.observability.ObservabilityService   : LAB9 Observability window=1m category=additional.statsComputation.stats count=1445 sumNanos=1754234 avgNanos=1214
zil-additional-service  | 2026-05-05T00:28:29.695Z  INFO 1 --- [zil-additional-service] [   scheduling-1] r.a.observability.ObservabilityService   : LAB9 Observability window=1m category=web.additional.stats count=1445 sumNanos=469150106818 avgNanos=324671354
zil-additional-service  | 2026-05-05T00:28:29.695Z  INFO 1 --- [zil-additional-service] [   scheduling-1] r.a.observability.ObservabilityService   : LAB9 Observability window=1m category=http.main.rents count=2887 sumNanos=472220056212 avgNanos=163567736
zil-additional-service  | 2026-05-05T00:28:29.695Z  INFO 1 --- [zil-additional-service] [   scheduling-1] r.a.observability.ObservabilityService   : LAB9 Observability window=1m category=http.main.cars count=2885 sumNanos=467428455347 avgNanos=162020261
zil-additional-service  | 2026-05-05T00:28:29.695Z  INFO 1 --- [zil-additional-service] [   scheduling-1] r.a.observability.ObservabilityService   : LAB9 Observability window=1m category=web.additional.availability_new count=1442 sumNanos=471742684687 avgNanos=327144718
zil-additional-service  | 2026-05-05T00:28:29.695Z  INFO 1 --- [zil-additional-service] [   scheduling-1] r.a.observability.ObservabilityService   : LAB9 Observability window=1m category=additional.statsComputation.availability.allCitiesAllDates count=1442 sumNanos=309257220 avgNanos=214464
zil-additional-service  | 2026-05-05T00:28:34.697Z  INFO 1 --- [zil-additional-service] [   scheduling-1] r.a.observability.ObservabilityService   : LAB9 Observability window=10s category=additional.statsComputation.stats count=235 sumNanos=234743 avgNanos=998
zil-additional-service  | 2026-05-05T00:28:34.698Z  INFO 1 --- [zil-additional-service] [   scheduling-1] r.a.observability.ObservabilityService   : LAB9 Observability window=10s category=web.additional.stats count=235 sumNanos=76523763285 avgNanos=325633035
zil-additional-service  | 2026-05-05T00:28:34.698Z  INFO 1 --- [zil-additional-service] [   scheduling-1] r.a.observability.ObservabilityService   : LAB9 Observability window=10s category=http.main.rents count=473 sumNanos=77910803534 avgNanos=164716286
zil-additional-service  | 2026-05-05T00:28:34.698Z  INFO 1 --- [zil-additional-service] [   scheduling-1] r.a.observability.ObservabilityService   : LAB9 Observability window=10s category=http.main.cars count=478 sumNanos=77840629991 avgNanos=162846506
zil-additional-service  | 2026-05-05T00:28:34.698Z  INFO 1 --- [zil-additional-service] [   scheduling-1] r.a.observability.ObservabilityService   : LAB9 Observability window=10s category=web.additional.availability_new count=238 sumNanos=78541842998 avgNanos=330007743
zil-additional-service  | 2026-05-05T00:28:34.698Z  INFO 1 --- [zil-additional-service] [   scheduling-1] r.a.observability.ObservabilityService   : LAB9 Observability window=10s category=additional.statsComputation.availability.allCitiesAllDates count=238 sumNanos=54248671 avgNanos=227935
zil-additional-service  | 2026-05-05T00:28:34.698Z  INFO 1 --- [zil-additional-service] [   scheduling-1] r.a.observability.ObservabilityService   : LAB9 Observability window=30s category=additional.statsComputation.stats count=716 sumNanos=960216 avgNanos=1341
zil-additional-service  | 2026-05-05T00:28:34.698Z  INFO 1 --- [zil-additional-service] [   scheduling-1] r.a.observability.ObservabilityService   : LAB9 Observability window=30s category=web.additional.stats count=716 sumNanos=232009784126 avgNanos=324036011
zil-additional-service  | 2026-05-05T00:28:34.698Z  INFO 1 --- [zil-additional-service] [   scheduling-1] r.a.observability.ObservabilityService   : LAB9 Observability window=30s category=http.main.rents count=1439 sumNanos=233194317769 avgNanos=162053035
zil-additional-service  | 2026-05-05T00:28:34.698Z  INFO 1 --- [zil-additional-service] [   scheduling-1] r.a.observability.ObservabilityService   : LAB9 Observability window=30s category=http.main.cars count=1444 sumNanos=234939091079 avgNanos=162700201
zil-additional-service  | 2026-05-05T00:28:34.698Z  INFO 1 --- [zil-additional-service] [   scheduling-1] r.a.observability.ObservabilityService   : LAB9 Observability window=30s category=web.additional.availability_new count=723 sumNanos=235975213932 avgNanos=326383421
zil-additional-service  | 2026-05-05T00:28:34.698Z  INFO 1 --- [zil-additional-service] [   scheduling-1] r.a.observability.ObservabilityService   : LAB9 Observability window=30s category=additional.statsComputation.availability.allCitiesAllDates count=723 sumNanos=159006308 avgNanos=219925
zil-additional-service  | 2026-05-05T00:28:34.698Z  INFO 1 --- [zil-additional-service] [   scheduling-1] r.a.observability.ObservabilityService   : LAB9 Observability window=1m category=additional.statsComputation.stats count=1451 sumNanos=1743933 avgNanos=1201
zil-additional-service  | 2026-05-05T00:28:34.698Z  INFO 1 --- [zil-additional-service] [   scheduling-1] r.a.observability.ObservabilityService   : LAB9 Observability window=1m category=web.additional.stats count=1451 sumNanos=471029476802 avgNanos=324624036
zil-additional-service  | 2026-05-05T00:28:34.698Z  INFO 1 --- [zil-additional-service] [   scheduling-1] r.a.observability.ObservabilityService   : LAB9 Observability window=1m category=http.main.rents count=2879 sumNanos=471892507791 avgNanos=163908477
zil-additional-service  | 2026-05-05T00:28:34.698Z  INFO 1 --- [zil-additional-service] [   scheduling-1] r.a.observability.ObservabilityService   : LAB9 Observability window=1m category=http.main.cars count=2887 sumNanos=467168561681 avgNanos=161817998
zil-additional-service  | 2026-05-05T00:28:34.698Z  INFO 1 --- [zil-additional-service] [   scheduling-1] r.a.observability.ObservabilityService   : LAB9 Observability window=1m category=web.additional.availability_new count=1428 sumNanos=467843053987 avgNanos=327621186
zil-additional-service  | 2026-05-05T00:28:34.698Z  INFO 1 --- [zil-additional-service] [   scheduling-1] r.a.observability.ObservabilityService   : LAB9 Observability window=1m category=additional.statsComputation.availability.allCitiesAllDates count=1428 sumNanos=302976798 avgNanos=212168
zil-additional-service  | 2026-05-05T00:28:38.862Z  INFO 1 --- [zil-additional-service] [   scheduling-1] r.additional.service.ClientCacheService  : [client-cache-statistics] Client cache size=1000
zil-additional-service  | 2026-05-05T00:28:39.699Z  INFO 1 --- [zil-additional-service] [   scheduling-1] r.a.observability.ObservabilityService   : LAB9 Observability window=10s category=additional.statsComputation.stats count=231 sumNanos=211818 avgNanos=916
zil-additional-service  | 2026-05-05T00:28:39.699Z  INFO 1 --- [zil-additional-service] [   scheduling-1] r.a.observability.ObservabilityService   : LAB9 Observability window=10s category=web.additional.stats count=231 sumNanos=75969941809 avgNanos=328874206
zil-additional-service  | 2026-05-05T00:28:39.699Z  INFO 1 --- [zil-additional-service] [   scheduling-1] r.a.observability.ObservabilityService   : LAB9 Observability window=10s category=http.main.rents count=479 sumNanos=79087734807 avgNanos=165110093
zil-additional-service  | 2026-05-05T00:28:39.699Z  INFO 1 --- [zil-additional-service] [   scheduling-1] r.a.observability.ObservabilityService   : LAB9 Observability window=10s category=http.main.cars count=479 sumNanos=77536371366 avgNanos=161871338
zil-additional-service  | 2026-05-05T00:28:39.699Z  INFO 1 --- [zil-additional-service] [   scheduling-1] r.a.observability.ObservabilityService   : LAB9 Observability window=10s category=web.additional.availability_new count=248 sumNanos=81026932402 avgNanos=326721501
zil-additional-service  | 2026-05-05T00:28:39.699Z  INFO 1 --- [zil-additional-service] [   scheduling-1] r.a.observability.ObservabilityService   : LAB9 Observability window=10s category=additional.statsComputation.availability.allCitiesAllDates count=248 sumNanos=36933838 avgNanos=148926
zil-additional-service  | 2026-05-05T00:28:39.700Z  INFO 1 --- [zil-additional-service] [   scheduling-1] r.a.observability.ObservabilityService   : LAB9 Observability window=30s category=additional.statsComputation.stats count=705 sumNanos=911363 avgNanos=1292
zil-additional-service  | 2026-05-05T00:28:39.700Z  INFO 1 --- [zil-additional-service] [   scheduling-1] r.a.observability.ObservabilityService   : LAB9 Observability window=30s category=web.additional.stats count=705 sumNanos=228974898035 avgNanos=324787089
zil-additional-service  | 2026-05-05T00:28:39.700Z  INFO 1 --- [zil-additional-service] [   scheduling-1] r.a.observability.ObservabilityService   : LAB9 Observability window=30s category=http.main.rents count=1440 sumNanos=234186825714 avgNanos=162629740
zil-additional-service  | 2026-05-05T00:28:39.700Z  INFO 1 --- [zil-additional-service] [   scheduling-1] r.a.observability.ObservabilityService   : LAB9 Observability window=30s category=http.main.cars count=1440 sumNanos=233695790307 avgNanos=162288743
zil-additional-service  | 2026-05-05T00:28:39.700Z  INFO 1 --- [zil-additional-service] [   scheduling-1] r.a.observability.ObservabilityService   : LAB9 Observability window=30s category=web.additional.availability_new count=735 sumNanos=239472456575 avgNanos=325812866
zil-additional-service  | 2026-05-05T00:28:39.700Z  INFO 1 --- [zil-additional-service] [   scheduling-1] r.a.observability.ObservabilityService   : LAB9 Observability window=30s category=additional.statsComputation.availability.allCitiesAllDates count=735 sumNanos=149798551 avgNanos=203807
zil-additional-service  | 2026-05-05T00:28:39.700Z  INFO 1 --- [zil-additional-service] [   scheduling-1] r.a.observability.ObservabilityService   : LAB9 Observability window=1m category=additional.statsComputation.stats count=1430 sumNanos=1690855 avgNanos=1182
zil-additional-service  | 2026-05-05T00:28:39.700Z  INFO 1 --- [zil-additional-service] [   scheduling-1] r.a.observability.ObservabilityService   : LAB9 Observability window=1m category=web.additional.stats count=1430 sumNanos=465633570791 avgNanos=325617881
zil-additional-service  | 2026-05-05T00:28:39.700Z  INFO 1 --- [zil-additional-service] [   scheduling-1] r.a.observability.ObservabilityService   : LAB9 Observability window=1m category=http.main.rents count=2878 sumNanos=471701634881 avgNanos=163899108
zil-additional-service  | 2026-05-05T00:28:39.700Z  INFO 1 --- [zil-additional-service] [   scheduling-1] r.a.observability.ObservabilityService   : LAB9 Observability window=1m category=http.main.cars count=2879 sumNanos=468572663788 avgNanos=162755353
zil-additional-service  | 2026-05-05T00:28:39.700Z  INFO 1 --- [zil-additional-service] [   scheduling-1] r.a.observability.ObservabilityService   : LAB9 Observability window=1m category=web.additional.availability_new count=1448 sumNanos=475505449564 avgNanos=328387741
zil-additional-service  | 2026-05-05T00:28:39.700Z  INFO 1 --- [zil-additional-service] [   scheduling-1] r.a.observability.ObservabilityService   : LAB9 Observability window=1m category=additional.statsComputation.availability.allCitiesAllDates count=1448 sumNanos=296907633 avgNanos=205046
zil-additional-service  | 2026-05-05T00:28:44.706Z  INFO 1 --- [zil-additional-service] [   scheduling-1] r.a.observability.ObservabilityService   : LAB9 Observability window=10s category=additional.statsComputation.stats count=214 sumNanos=253921 avgNanos=1186
zil-additional-service  | 2026-05-05T00:28:44.706Z  INFO 1 --- [zil-additional-service] [   scheduling-1] r.a.observability.ObservabilityService   : LAB9 Observability window=10s category=web.additional.stats count=214 sumNanos=70804111907 avgNanos=330860336
zil-additional-service  | 2026-05-05T00:28:44.707Z  INFO 1 --- [zil-additional-service] [   scheduling-1] r.a.observability.ObservabilityService   : LAB9 Observability window=10s category=http.main.rents count=481 sumNanos=80009281820 avgNanos=166339463
zil-additional-service  | 2026-05-05T00:28:44.708Z  INFO 1 --- [zil-additional-service] [   scheduling-1] r.a.observability.ObservabilityService   : LAB9 Observability window=10s category=http.main.cars count=475 sumNanos=77318669610 avgNanos=162776146
zil-additional-service  | 2026-05-05T00:28:44.708Z  INFO 1 --- [zil-additional-service] [   scheduling-1] r.a.observability.ObservabilityService   : LAB9 Observability window=10s category=web.additional.availability_new count=267 sumNanos=87213136573 avgNanos=326640960
zil-additional-service  | 2026-05-05T00:28:44.708Z  INFO 1 --- [zil-additional-service] [   scheduling-1] r.a.observability.ObservabilityService   : LAB9 Observability window=10s category=additional.statsComputation.availability.allCitiesAllDates count=267 sumNanos=32645485 avgNanos=122267
zil-additional-service  | 2026-05-05T00:28:44.709Z  INFO 1 --- [zil-additional-service] [   scheduling-1] r.a.observability.ObservabilityService   : LAB9 Observability window=30s category=additional.statsComputation.stats count=688 sumNanos=907928 avgNanos=1319
zil-additional-service  | 2026-05-05T00:28:44.709Z  INFO 1 --- [zil-additional-service] [   scheduling-1] r.a.observability.ObservabilityService   : LAB9 Observability window=30s category=web.additional.stats count=688 sumNanos=224990310506 avgNanos=327020800
zil-additional-service  | 2026-05-05T00:28:44.709Z  INFO 1 --- [zil-additional-service] [   scheduling-1] r.a.observability.ObservabilityService   : LAB9 Observability window=30s category=http.main.rents count=1443 sumNanos=236793122201 avgNanos=164097797
zil-additional-service  | 2026-05-05T00:28:44.709Z  INFO 1 --- [zil-additional-service] [   scheduling-1] r.a.observability.ObservabilityService   : LAB9 Observability window=30s category=http.main.cars count=1436 sumNanos=232053444283 avgNanos=161597106
zil-additional-service  | 2026-05-05T00:28:44.709Z  INFO 1 --- [zil-additional-service] [   scheduling-1] r.a.observability.ObservabilityService   : LAB9 Observability window=30s category=web.additional.availability_new count=755 sumNanos=245577169230 avgNanos=325267773
zil-additional-service  | 2026-05-05T00:28:44.709Z  INFO 1 --- [zil-additional-service] [   scheduling-1] r.a.observability.ObservabilityService   : LAB9 Observability window=30s category=additional.statsComputation.availability.allCitiesAllDates count=755 sumNanos=134629146 avgNanos=178316
zil-additional-service  | 2026-05-05T00:28:44.709Z  INFO 1 --- [zil-additional-service] [   scheduling-1] r.a.observability.ObservabilityService   : LAB9 Observability window=1m category=additional.statsComputation.stats count=1410 sumNanos=1699158 avgNanos=1205
zil-additional-service  | 2026-05-05T00:28:44.709Z  INFO 1 --- [zil-additional-service] [   scheduling-1] r.a.observability.ObservabilityService   : LAB9 Observability window=1m category=web.additional.stats count=1410 sumNanos=458582201648 avgNanos=325235604
zil-additional-service  | 2026-05-05T00:28:44.709Z  INFO 1 --- [zil-additional-service] [   scheduling-1] r.a.observability.ObservabilityService   : LAB9 Observability window=1m category=http.main.rents count=2880 sumNanos=472592718869 avgNanos=164094694
zil-additional-service  | 2026-05-05T00:28:44.709Z  INFO 1 --- [zil-additional-service] [   scheduling-1] r.a.observability.ObservabilityService   : LAB9 Observability window=1m category=http.main.cars count=2879 sumNanos=467978095403 avgNanos=162548834
zil-additional-service  | 2026-05-05T00:28:44.709Z  INFO 1 --- [zil-additional-service] [   scheduling-1] r.a.observability.ObservabilityService   : LAB9 Observability window=1m category=web.additional.availability_new count=1470 sumNanos=483102177060 avgNanos=328640936
zil-additional-service  | 2026-05-05T00:28:44.709Z  INFO 1 --- [zil-additional-service] [   scheduling-1] r.a.observability.ObservabilityService   : LAB9 Observability window=1m category=additional.statsComputation.availability.allCitiesAllDates count=1470 sumNanos=294337941 avgNanos=200229
zil-additional-service  | 2026-05-05T00:28:48.865Z  INFO 1 --- [zil-additional-service] [   scheduling-1] r.additional.service.ClientCacheService  : [client-cache-statistics] Client cache size=1000
zil-additional-service  | 2026-05-05T00:28:49.710Z  INFO 1 --- [zil-additional-service] [   scheduling-1] r.a.observability.ObservabilityService   : LAB9 Observability window=10s category=additional.statsComputation.stats count=233 sumNanos=269859 avgNanos=1158
zil-additional-service  | 2026-05-05T00:28:49.710Z  INFO 1 --- [zil-additional-service] [   scheduling-1] r.a.observability.ObservabilityService   : LAB9 Observability window=10s category=web.additional.stats count=233 sumNanos=76952652942 avgNanos=330268896
zil-additional-service  | 2026-05-05T00:28:49.710Z  INFO 1 --- [zil-additional-service] [   scheduling-1] r.a.observability.ObservabilityService   : LAB9 Observability window=10s category=http.main.rents count=480 sumNanos=80808568718 avgNanos=168351184
zil-additional-service  | 2026-05-05T00:28:49.710Z  INFO 1 --- [zil-additional-service] [   scheduling-1] r.a.observability.ObservabilityService   : LAB9 Observability window=10s category=http.main.cars count=480 sumNanos=76773619728 avgNanos=159945041
zil-additional-service  | 2026-05-05T00:28:49.710Z  INFO 1 --- [zil-additional-service] [   scheduling-1] r.a.observability.ObservabilityService   : LAB9 Observability window=10s category=web.additional.availability_new count=247 sumNanos=80595209656 avgNanos=326296395
zil-additional-service  | 2026-05-05T00:28:49.710Z  INFO 1 --- [zil-additional-service] [   scheduling-1] r.a.observability.ObservabilityService   : LAB9 Observability window=10s category=additional.statsComputation.availability.allCitiesAllDates count=247 sumNanos=37884490 avgNanos=153378
zil-additional-service  | 2026-05-05T00:28:49.711Z  INFO 1 --- [zil-additional-service] [   scheduling-1] r.a.observability.ObservabilityService   : LAB9 Observability window=30s category=additional.statsComputation.stats count=690 sumNanos=854842 avgNanos=1238
zil-additional-service  | 2026-05-05T00:28:49.711Z  INFO 1 --- [zil-additional-service] [   scheduling-1] r.a.observability.ObservabilityService   : LAB9 Observability window=30s category=web.additional.stats count=690 sumNanos=226318668243 avgNanos=327998069
zil-additional-service  | 2026-05-05T00:28:49.711Z  INFO 1 --- [zil-additional-service] [   scheduling-1] r.a.observability.ObservabilityService   : LAB9 Observability window=30s category=http.main.rents count=1440 sumNanos=238320146629 avgNanos=165500101
zil-additional-service  | 2026-05-05T00:28:49.711Z  INFO 1 --- [zil-additional-service] [   scheduling-1] r.a.observability.ObservabilityService   : LAB9 Observability window=30s category=http.main.cars count=1438 sumNanos=231951221916 avgNanos=161301266
zil-additional-service  | 2026-05-05T00:28:49.711Z  INFO 1 --- [zil-additional-service] [   scheduling-1] r.a.observability.ObservabilityService   : LAB9 Observability window=30s category=web.additional.availability_new count=750 sumNanos=244623246010 avgNanos=326164328
zil-additional-service  | 2026-05-05T00:28:49.711Z  INFO 1 --- [zil-additional-service] [   scheduling-1] r.a.observability.ObservabilityService   : LAB9 Observability window=30s category=additional.statsComputation.availability.allCitiesAllDates count=750 sumNanos=133021490 avgNanos=177361
zil-additional-service  | 2026-05-05T00:28:49.711Z  INFO 1 --- [zil-additional-service] [   scheduling-1] r.a.observability.ObservabilityService   : LAB9 Observability window=1m category=additional.statsComputation.stats count=1420 sumNanos=1717297 avgNanos=1209
zil-additional-service  | 2026-05-05T00:28:49.711Z  INFO 1 --- [zil-additional-service] [   scheduling-1] r.a.observability.ObservabilityService   : LAB9 Observability window=1m category=web.additional.stats count=1420 sumNanos=462077101505 avgNanos=325406409
zil-additional-service  | 2026-05-05T00:28:49.711Z  INFO 1 --- [zil-additional-service] [   scheduling-1] r.a.observability.ObservabilityService   : LAB9 Observability window=1m category=http.main.rents count=2882 sumNanos=472892902036 avgNanos=164084976
zil-additional-service  | 2026-05-05T00:28:49.711Z  INFO 1 --- [zil-additional-service] [   scheduling-1] r.a.observability.ObservabilityService   : LAB9 Observability window=1m category=http.main.cars count=2882 sumNanos=468104460345 avgNanos=162423476
zil-additional-service  | 2026-05-05T00:28:49.711Z  INFO 1 --- [zil-additional-service] [   scheduling-1] r.a.observability.ObservabilityService   : LAB9 Observability window=1m category=web.additional.availability_new count=1462 sumNanos=479473595665 avgNanos=327957315
zil-additional-service  | 2026-05-05T00:28:49.711Z  INFO 1 --- [zil-additional-service] [   scheduling-1] r.a.observability.ObservabilityService   : LAB9 Observability window=1m category=additional.statsComputation.availability.allCitiesAllDates count=1462 sumNanos=295308049 avgNanos=201989
zil-additional-service  | 2026-05-05T00:28:54.712Z  INFO 1 --- [zil-additional-service] [   scheduling-1] r.a.observability.ObservabilityService   : LAB9 Observability window=10s category=additional.statsComputation.stats count=243 sumNanos=242640 avgNanos=998
zil-additional-service  | 2026-05-05T00:28:54.712Z  INFO 1 --- [zil-additional-service] [   scheduling-1] r.a.observability.ObservabilityService   : LAB9 Observability window=10s category=web.additional.stats count=243 sumNanos=79761782613 avgNanos=328237788
zil-additional-service  | 2026-05-05T00:28:54.712Z  INFO 1 --- [zil-additional-service] [   scheduling-1] r.a.observability.ObservabilityService   : LAB9 Observability window=10s category=http.main.rents count=485 sumNanos=79133306130 avgNanos=163161455
zil-additional-service  | 2026-05-05T00:28:54.712Z  INFO 1 --- [zil-additional-service] [   scheduling-1] r.a.observability.ObservabilityService   : LAB9 Observability window=10s category=http.main.cars count=486 sumNanos=76884056971 avgNanos=158197648
zil-additional-service  | 2026-05-05T00:28:54.712Z  INFO 1 --- [zil-additional-service] [   scheduling-1] r.a.observability.ObservabilityService   : LAB9 Observability window=10s category=web.additional.availability_new count=241 sumNanos=76074354360 avgNanos=315661221
zil-additional-service  | 2026-05-05T00:28:54.712Z  INFO 1 --- [zil-additional-service] [   scheduling-1] r.a.observability.ObservabilityService   : LAB9 Observability window=10s category=additional.statsComputation.availability.allCitiesAllDates count=241 sumNanos=39117154 avgNanos=162311
zil-additional-service  | 2026-05-05T00:28:54.712Z  INFO 1 --- [zil-additional-service] [   scheduling-1] r.a.observability.ObservabilityService   : LAB9 Observability window=30s category=additional.statsComputation.stats count=692 sumNanos=731304 avgNanos=1056
zil-additional-service  | 2026-05-05T00:28:54.712Z  INFO 1 --- [zil-additional-service] [   scheduling-1] r.a.observability.ObservabilityService   : LAB9 Observability window=30s category=web.additional.stats count=692 sumNanos=227089657805 avgNanos=328164245
zil-additional-service  | 2026-05-05T00:28:54.712Z  INFO 1 --- [zil-additional-service] [   scheduling-1] r.a.observability.ObservabilityService   : LAB9 Observability window=30s category=http.main.rents count=1440 sumNanos=237168912946 avgNanos=164700633
zil-additional-service  | 2026-05-05T00:28:54.712Z  INFO 1 --- [zil-additional-service] [   scheduling-1] r.a.observability.ObservabilityService   : LAB9 Observability window=30s category=http.main.cars count=1438 sumNanos=231905696826 avgNanos=161269608
zil-additional-service  | 2026-05-05T00:28:54.712Z  INFO 1 --- [zil-additional-service] [   scheduling-1] r.a.observability.ObservabilityService   : LAB9 Observability window=30s category=web.additional.availability_new count=748 sumNanos=242380629851 avgNanos=324038275
zil-additional-service  | 2026-05-05T00:28:54.712Z  INFO 1 --- [zil-additional-service] [   scheduling-1] r.a.observability.ObservabilityService   : LAB9 Observability window=30s category=additional.statsComputation.availability.allCitiesAllDates count=748 sumNanos=126127617 avgNanos=168619
zil-additional-service  | 2026-05-05T00:28:54.713Z  INFO 1 --- [zil-additional-service] [   scheduling-1] r.a.observability.ObservabilityService   : LAB9 Observability window=1m category=additional.statsComputation.stats count=1413 sumNanos=1720945 avgNanos=1217
zil-additional-service  | 2026-05-05T00:28:54.713Z  INFO 1 --- [zil-additional-service] [   scheduling-1] r.a.observability.ObservabilityService   : LAB9 Observability window=1m category=web.additional.stats count=1413 sumNanos=460643387089 avgNanos=326003812
zil-additional-service  | 2026-05-05T00:28:54.713Z  INFO 1 --- [zil-additional-service] [   scheduling-1] r.a.observability.ObservabilityService   : LAB9 Observability window=1m category=http.main.rents count=2882 sumNanos=471425561942 avgNanos=163575836
zil-additional-service  | 2026-05-05T00:28:54.713Z  INFO 1 --- [zil-additional-service] [   scheduling-1] r.a.observability.ObservabilityService   : LAB9 Observability window=1m category=http.main.cars count=2883 sumNanos=467948934936 avgNanos=162313192
zil-additional-service  | 2026-05-05T00:28:54.713Z  INFO 1 --- [zil-additional-service] [   scheduling-1] r.a.observability.ObservabilityService   : LAB9 Observability window=1m category=web.additional.availability_new count=1469 sumNanos=479365874067 avgNanos=326321221
zil-additional-service  | 2026-05-05T00:28:54.713Z  INFO 1 --- [zil-additional-service] [   scheduling-1] r.a.observability.ObservabilityService   : LAB9 Observability window=1m category=additional.statsComputation.availability.allCitiesAllDates count=1469 sumNanos=288676576 avgNanos=196512
zil-additional-service  | 2026-05-05T00:28:58.862Z  INFO 1 --- [zil-additional-service] [   scheduling-1] r.additional.service.ClientCacheService  : [client-cache-statistics] Client cache size=1000
zil-additional-service  | 2026-05-05T00:28:59.713Z  INFO 1 --- [zil-additional-service] [   scheduling-1] r.a.observability.ObservabilityService   : LAB9 Observability window=10s category=additional.statsComputation.stats count=243 sumNanos=266551 avgNanos=1096
zil-additional-service  | 2026-05-05T00:28:59.714Z  INFO 1 --- [zil-additional-service] [   scheduling-1] r.a.observability.ObservabilityService   : LAB9 Observability window=10s category=web.additional.stats count=243 sumNanos=79834006207 avgNanos=328535004
zil-additional-service  | 2026-05-05T00:28:59.714Z  INFO 1 --- [zil-additional-service] [   scheduling-1] r.a.observability.ObservabilityService   : LAB9 Observability window=10s category=http.main.rents count=478 sumNanos=76954886528 avgNanos=160993486
zil-additional-service  | 2026-05-05T00:28:59.714Z  INFO 1 --- [zil-additional-service] [   scheduling-1] r.a.observability.ObservabilityService   : LAB9 Observability window=10s category=http.main.cars count=477 sumNanos=77902758207 avgNanos=163318151
zil-additional-service  | 2026-05-05T00:28:59.714Z  INFO 1 --- [zil-additional-service] [   scheduling-1] r.a.observability.ObservabilityService   : LAB9 Observability window=10s category=web.additional.availability_new count=235 sumNanos=74968033185 avgNanos=319012907
zil-additional-service  | 2026-05-05T00:28:59.714Z  INFO 1 --- [zil-additional-service] [   scheduling-1] r.a.observability.ObservabilityService   : LAB9 Observability window=10s category=additional.statsComputation.availability.allCitiesAllDates count=235 sumNanos=28951037 avgNanos=123195
zil-additional-service  | 2026-05-05T00:28:59.715Z  INFO 1 --- [zil-additional-service] [   scheduling-1] r.a.observability.ObservabilityService   : LAB9 Observability window=30s category=additional.statsComputation.stats count=706 sumNanos=747303 avgNanos=1058
zil-additional-service  | 2026-05-05T00:28:59.715Z  INFO 1 --- [zil-additional-service] [   scheduling-1] r.a.observability.ObservabilityService   : LAB9 Observability window=30s category=web.additional.stats count=706 sumNanos=232322964855 avgNanos=329069355
zil-additional-service  | 2026-05-05T00:28:59.715Z  INFO 1 --- [zil-additional-service] [   scheduling-1] r.a.observability.ObservabilityService   : LAB9 Observability window=30s category=http.main.rents count=1436 sumNanos=236639930110 avgNanos=164791037
zil-additional-service  | 2026-05-05T00:28:59.716Z  INFO 1 --- [zil-additional-service] [   scheduling-1] r.a.observability.ObservabilityService   : LAB9 Observability window=30s category=http.main.cars count=1435 sumNanos=232010714953 avgNanos=161679940
zil-additional-service  | 2026-05-05T00:28:59.716Z  INFO 1 --- [zil-additional-service] [   scheduling-1] r.a.observability.ObservabilityService   : LAB9 Observability window=30s category=web.additional.availability_new count=730 sumNanos=236590175243 avgNanos=324096130
zil-additional-service  | 2026-05-05T00:28:59.716Z  INFO 1 --- [zil-additional-service] [   scheduling-1] r.a.observability.ObservabilityService   : LAB9 Observability window=30s category=additional.statsComputation.availability.allCitiesAllDates count=730 sumNanos=103769365 avgNanos=142149
zil-additional-service  | 2026-05-05T00:28:59.716Z  INFO 1 --- [zil-additional-service] [   scheduling-1] r.a.observability.ObservabilityService   : LAB9 Observability window=1m category=additional.statsComputation.stats count=1415 sumNanos=1749215 avgNanos=1236
zil-additional-service  | 2026-05-05T00:28:59.716Z  INFO 1 --- [zil-additional-service] [   scheduling-1] r.a.observability.ObservabilityService   : LAB9 Observability window=1m category=web.additional.stats count=1415 sumNanos=461734526474 avgNanos=326314152
zil-additional-service  | 2026-05-05T00:28:59.716Z  INFO 1 --- [zil-additional-service] [   scheduling-1] r.a.observability.ObservabilityService   : LAB9 Observability window=1m category=http.main.rents count=2882 sumNanos=470651161321 avgNanos=163307134
zil-additional-service  | 2026-05-05T00:28:59.716Z  INFO 1 --- [zil-additional-service] [   scheduling-1] r.a.observability.ObservabilityService   : LAB9 Observability window=1m category=http.main.cars count=2881 sumNanos=467383469198 avgNanos=162229597
zil-additional-service  | 2026-05-05T00:28:59.716Z  INFO 1 --- [zil-additional-service] [   scheduling-1] r.a.observability.ObservabilityService   : LAB9 Observability window=1m category=web.additional.availability_new count=1467 sumNanos=477078888413 avgNanos=325207149
zil-additional-service  | 2026-05-05T00:28:59.716Z  INFO 1 --- [zil-additional-service] [   scheduling-1] r.a.observability.ObservabilityService   : LAB9 Observability window=1m category=additional.statsComputation.availability.allCitiesAllDates count=1467 sumNanos=273002341 avgNanos=186095
zil-additional-service  | 2026-05-05T00:29:04.717Z  INFO 1 --- [zil-additional-service] [   scheduling-1] r.a.observability.ObservabilityService   : LAB9 Observability window=10s category=additional.statsComputation.stats count=236 sumNanos=395100 avgNanos=1674
zil-additional-service  | 2026-05-05T00:29:04.717Z  INFO 1 --- [zil-additional-service] [   scheduling-1] r.a.observability.ObservabilityService   : LAB9 Observability window=10s category=web.additional.stats count=236 sumNanos=78059363767 avgNanos=330760015
zil-additional-service  | 2026-05-05T00:29:04.717Z  INFO 1 --- [zil-additional-service] [   scheduling-1] r.a.observability.ObservabilityService   : LAB9 Observability window=10s category=http.main.rents count=479 sumNanos=77883650316 avgNanos=162596347
zil-additional-service  | 2026-05-05T00:29:04.717Z  INFO 1 --- [zil-additional-service] [   scheduling-1] r.a.observability.ObservabilityService   : LAB9 Observability window=10s category=http.main.cars count=474 sumNanos=78672716570 avgNanos=165976195
zil-additional-service  | 2026-05-05T00:29:04.717Z  INFO 1 --- [zil-additional-service] [   scheduling-1] r.a.observability.ObservabilityService   : LAB9 Observability window=10s category=web.additional.availability_new count=243 sumNanos=79368316870 avgNanos=326618587
zil-additional-service  | 2026-05-05T00:29:04.717Z  INFO 1 --- [zil-additional-service] [   scheduling-1] r.a.observability.ObservabilityService   : LAB9 Observability window=10s category=additional.statsComputation.availability.allCitiesAllDates count=243 sumNanos=42284560 avgNanos=174010
zil-additional-service  | 2026-05-05T00:29:04.717Z  INFO 1 --- [zil-additional-service] [   scheduling-1] r.a.observability.ObservabilityService   : LAB9 Observability window=30s category=additional.statsComputation.stats count=692 sumNanos=890777 avgNanos=1287
zil-additional-service  | 2026-05-05T00:29:04.717Z  INFO 1 --- [zil-additional-service] [   scheduling-1] r.a.observability.ObservabilityService   : LAB9 Observability window=30s category=web.additional.stats count=692 sumNanos=228265330250 avgNanos=329863194
zil-additional-service  | 2026-05-05T00:29:04.717Z  INFO 1 --- [zil-additional-service] [   scheduling-1] r.a.observability.ObservabilityService   : LAB9 Observability window=30s category=http.main.rents count=1443 sumNanos=236618036642 avgNanos=163976463
zil-additional-service  | 2026-05-05T00:29:04.717Z  INFO 1 --- [zil-additional-service] [   scheduling-1] r.a.observability.ObservabilityService   : LAB9 Observability window=30s category=http.main.cars count=1436 sumNanos=232999286685 avgNanos=162255770
zil-additional-service  | 2026-05-05T00:29:04.717Z  INFO 1 --- [zil-additional-service] [   scheduling-1] r.a.observability.ObservabilityService   : LAB9 Observability window=30s category=web.additional.availability_new count=751 sumNanos=242597795235 avgNanos=323033016
zil-additional-service  | 2026-05-05T00:29:04.717Z  INFO 1 --- [zil-additional-service] [   scheduling-1] r.a.observability.ObservabilityService   : LAB9 Observability window=30s category=additional.statsComputation.availability.allCitiesAllDates count=751 sumNanos=114024296 avgNanos=151829
zil-additional-service  | 2026-05-05T00:29:04.718Z  INFO 1 --- [zil-additional-service] [   scheduling-1] r.a.observability.ObservabilityService   : LAB9 Observability window=1m category=additional.statsComputation.stats count=1409 sumNanos=1851877 avgNanos=1314
zil-additional-service  | 2026-05-05T00:29:04.718Z  INFO 1 --- [zil-additional-service] [   scheduling-1] r.a.observability.ObservabilityService   : LAB9 Observability window=1m category=web.additional.stats count=1409 sumNanos=460635042413 avgNanos=326923379
zil-additional-service  | 2026-05-05T00:29:04.719Z  INFO 1 --- [zil-additional-service] [   scheduling-1] r.a.observability.ObservabilityService   : LAB9 Observability window=1m category=http.main.rents count=2884 sumNanos=470216973523 avgNanos=163043333
zil-additional-service  | 2026-05-05T00:29:04.719Z  INFO 1 --- [zil-additional-service] [   scheduling-1] r.a.observability.ObservabilityService   : LAB9 Observability window=1m category=http.main.cars count=2877 sumNanos=467526859726 avgNanos=162504991
zil-additional-service  | 2026-05-05T00:29:04.719Z  INFO 1 --- [zil-additional-service] [   scheduling-1] r.a.observability.ObservabilityService   : LAB9 Observability window=1m category=web.additional.availability_new count=1475 sumNanos=478918144266 avgNanos=324690267
zil-additional-service  | 2026-05-05T00:29:04.719Z  INFO 1 --- [zil-additional-service] [   scheduling-1] r.a.observability.ObservabilityService   : LAB9 Observability window=1m category=additional.statsComputation.availability.allCitiesAllDates count=1475 sumNanos=272949463 avgNanos=185050
zil-additional-service  | 2026-05-05T00:29:08.862Z  INFO 1 --- [zil-additional-service] [   scheduling-1] r.additional.service.ClientCacheService  : [client-cache-statistics] Client cache size=1000
zil-additional-service  | 2026-05-05T00:29:09.720Z  INFO 1 --- [zil-additional-service] [   scheduling-1] r.a.observability.ObservabilityService   : LAB9 Observability window=10s category=additional.statsComputation.stats count=234 sumNanos=385423 avgNanos=1647
zil-additional-service  | 2026-05-05T00:29:09.720Z  INFO 1 --- [zil-additional-service] [   scheduling-1] r.a.observability.ObservabilityService   : LAB9 Observability window=10s category=web.additional.stats count=234 sumNanos=76645393027 avgNanos=327544414
zil-additional-service  | 2026-05-05T00:29:09.720Z  INFO 1 --- [zil-additional-service] [   scheduling-1] r.a.observability.ObservabilityService   : LAB9 Observability window=10s category=http.main.rents count=484 sumNanos=78406335963 avgNanos=161996561
zil-additional-service  | 2026-05-05T00:29:09.720Z  INFO 1 --- [zil-additional-service] [   scheduling-1] r.a.observability.ObservabilityService   : LAB9 Observability window=10s category=http.main.cars count=487 sumNanos=78829392381 avgNanos=161867335
zil-additional-service  | 2026-05-05T00:29:09.721Z  INFO 1 --- [zil-additional-service] [   scheduling-1] r.a.observability.ObservabilityService   : LAB9 Observability window=10s category=web.additional.availability_new count=250 sumNanos=80641017911 avgNanos=322564071
zil-additional-service  | 2026-05-05T00:29:09.721Z  INFO 1 --- [zil-additional-service] [   scheduling-1] r.a.observability.ObservabilityService   : LAB9 Observability window=10s category=additional.statsComputation.availability.allCitiesAllDates count=250 sumNanos=49155523 avgNanos=196622
zil-additional-service  | 2026-05-05T00:29:09.721Z  INFO 1 --- [zil-additional-service] [   scheduling-1] r.a.observability.ObservabilityService   : LAB9 Observability window=30s category=additional.statsComputation.stats count=710 sumNanos=921833 avgNanos=1298
zil-additional-service  | 2026-05-05T00:29:09.721Z  INFO 1 --- [zil-additional-service] [   scheduling-1] r.a.observability.ObservabilityService   : LAB9 Observability window=30s category=web.additional.stats count=710 sumNanos=233432052176 avgNanos=328777538
zil-additional-service  | 2026-05-05T00:29:09.721Z  INFO 1 --- [zil-additional-service] [   scheduling-1] r.a.observability.ObservabilityService   : LAB9 Observability window=30s category=http.main.rents count=1442 sumNanos=236169791209 avgNanos=163779328
zil-additional-service  | 2026-05-05T00:29:09.721Z  INFO 1 --- [zil-additional-service] [   scheduling-1] r.a.observability.ObservabilityService   : LAB9 Observability window=30s category=http.main.cars count=1442 sumNanos=233198729138 avgNanos=161718952
zil-additional-service  | 2026-05-05T00:29:09.721Z  INFO 1 --- [zil-additional-service] [   scheduling-1] r.a.observability.ObservabilityService   : LAB9 Observability window=30s category=web.additional.availability_new count=732 sumNanos=236204260752 avgNanos=322683416
zil-additional-service  | 2026-05-05T00:29:09.721Z  INFO 1 --- [zil-additional-service] [   scheduling-1] r.a.observability.ObservabilityService   : LAB9 Observability window=30s category=additional.statsComputation.availability.allCitiesAllDates count=732 sumNanos=115991050 avgNanos=158457
zil-additional-service  | 2026-05-05T00:29:09.722Z  INFO 1 --- [zil-additional-service] [   scheduling-1] r.a.observability.ObservabilityService   : LAB9 Observability window=1m category=additional.statsComputation.stats count=1414 sumNanos=1832721 avgNanos=1296
zil-additional-service  | 2026-05-05T00:29:09.722Z  INFO 1 --- [zil-additional-service] [   scheduling-1] r.a.observability.ObservabilityService   : LAB9 Observability window=1m category=web.additional.stats count=1414 sumNanos=462093711653 avgNanos=326798947
zil-additional-service  | 2026-05-05T00:29:09.722Z  INFO 1 --- [zil-additional-service] [   scheduling-1] r.a.observability.ObservabilityService   : LAB9 Observability window=1m category=http.main.rents count=2881 sumNanos=470221373176 avgNanos=163214638
zil-additional-service  | 2026-05-05T00:29:09.723Z  INFO 1 --- [zil-additional-service] [   scheduling-1] r.a.observability.ObservabilityService   : LAB9 Observability window=1m category=http.main.cars count=2885 sumNanos=467340785310 avgNanos=161989873
zil-additional-service  | 2026-05-05T00:29:09.724Z  INFO 1 --- [zil-additional-service] [   scheduling-1] r.a.observability.ObservabilityService   : LAB9 Observability window=1m category=web.additional.availability_new count=1467 sumNanos=475676717327 avgNanos=324251341
zil-additional-service  | 2026-05-05T00:29:09.724Z  INFO 1 --- [zil-additional-service] [   scheduling-1] r.a.observability.ObservabilityService   : LAB9 Observability window=1m category=additional.statsComputation.availability.allCitiesAllDates count=1467 sumNanos=265789601 avgNanos=181179
zil-additional-service  | 2026-05-05T00:29:14.725Z  INFO 1 --- [zil-additional-service] [   scheduling-1] r.a.observability.ObservabilityService   : LAB9 Observability window=10s category=additional.statsComputation.stats count=201 sumNanos=200390 avgNanos=996
zil-additional-service  | 2026-05-05T00:29:14.725Z  INFO 1 --- [zil-additional-service] [   scheduling-1] r.a.observability.ObservabilityService   : LAB9 Observability window=10s category=web.additional.stats count=201 sumNanos=64838819430 avgNanos=322581191
zil-additional-service  | 2026-05-05T00:29:14.725Z  INFO 1 --- [zil-additional-service] [   scheduling-1] r.a.observability.ObservabilityService   : LAB9 Observability window=10s category=http.main.rents count=401 sumNanos=64178772328 avgNanos=160046813
zil-additional-service  | 2026-05-05T00:29:14.725Z  INFO 1 --- [zil-additional-service] [   scheduling-1] r.a.observability.ObservabilityService   : LAB9 Observability window=10s category=http.main.cars count=398 sumNanos=63892535394 avgNanos=160534008
zil-additional-service  | 2026-05-05T00:29:14.725Z  INFO 1 --- [zil-additional-service] [   scheduling-1] r.a.observability.ObservabilityService   : LAB9 Observability window=10s category=web.additional.availability_new count=200 sumNanos=63826694323 avgNanos=319133471
zil-additional-service  | 2026-05-05T00:29:14.725Z  INFO 1 --- [zil-additional-service] [   scheduling-1] r.a.observability.ObservabilityService   : LAB9 Observability window=10s category=additional.statsComputation.availability.allCitiesAllDates count=200 sumNanos=32572709 avgNanos=162863
zil-additional-service  | 2026-05-05T00:29:14.725Z  INFO 1 --- [zil-additional-service] [   scheduling-1] r.a.observability.ObservabilityService   : LAB9 Observability window=30s category=additional.statsComputation.stats count=679 sumNanos=837240 avgNanos=1233
zil-additional-service  | 2026-05-05T00:29:14.725Z  INFO 1 --- [zil-additional-service] [   scheduling-1] r.a.observability.ObservabilityService   : LAB9 Observability window=30s category=web.additional.stats count=679 sumNanos=222268617687 avgNanos=327347006
zil-additional-service  | 2026-05-05T00:29:14.725Z  INFO 1 --- [zil-additional-service] [   scheduling-1] r.a.observability.ObservabilityService   : LAB9 Observability window=30s category=http.main.rents count=1364 sumNanos=221040393505 avgNanos=162053074
zil-additional-service  | 2026-05-05T00:29:14.725Z  INFO 1 --- [zil-additional-service] [   scheduling-1] r.a.observability.ObservabilityService   : LAB9 Observability window=30s category=http.main.cars count=1356 sumNanos=219039666164 avgNanos=161533677
zil-additional-service  | 2026-05-05T00:29:14.725Z  INFO 1 --- [zil-additional-service] [   scheduling-1] r.a.observability.ObservabilityService   : LAB9 Observability window=30s category=web.additional.availability_new count=685 sumNanos=219574257877 avgNanos=320546361
zil-additional-service  | 2026-05-05T00:29:14.725Z  INFO 1 --- [zil-additional-service] [   scheduling-1] r.a.observability.ObservabilityService   : LAB9 Observability window=30s category=additional.statsComputation.availability.allCitiesAllDates count=685 sumNanos=114032149 avgNanos=166470
zil-additional-service  | 2026-05-05T00:29:14.726Z  INFO 1 --- [zil-additional-service] [   scheduling-1] r.a.observability.ObservabilityService   : LAB9 Observability window=1m category=additional.statsComputation.stats count=1367 sumNanos=1744682 avgNanos=1276
zil-additional-service  | 2026-05-05T00:29:14.726Z  INFO 1 --- [zil-additional-service] [   scheduling-1] r.a.observability.ObservabilityService   : LAB9 Observability window=1m category=web.additional.stats count=1367 sumNanos=447247085828 avgNanos=327174166
zil-additional-service  | 2026-05-05T00:29:14.726Z  INFO 1 --- [zil-additional-service] [   scheduling-1] r.a.observability.ObservabilityService   : LAB9 Observability window=1m category=http.main.rents count=2806 sumNanos=457523899429 avgNanos=163051995
zil-additional-service  | 2026-05-05T00:29:14.726Z  INFO 1 --- [zil-additional-service] [   scheduling-1] r.a.observability.ObservabilityService   : LAB9 Observability window=1m category=http.main.cars count=2795 sumNanos=451626596752 avgNanos=161583755
zil-additional-service  | 2026-05-05T00:29:14.726Z  INFO 1 --- [zil-additional-service] [   scheduling-1] r.a.observability.ObservabilityService   : LAB9 Observability window=1m category=web.additional.availability_new count=1439 sumNanos=464830760903 avgNanos=323023461
zil-additional-service  | 2026-05-05T00:29:14.726Z  INFO 1 --- [zil-additional-service] [   scheduling-1] r.a.observability.ObservabilityService   : LAB9 Observability window=1m category=additional.statsComputation.availability.allCitiesAllDates count=1439 sumNanos=248453725 avgNanos=172657
zil-additional-service  | 2026-05-05T00:29:18.865Z  INFO 1 --- [zil-additional-service] [   scheduling-1] r.additional.service.ClientCacheService  : [client-cache-statistics] Client cache size=1000
zil-additional-service  | 2026-05-05T00:29:19.729Z  INFO 1 --- [zil-additional-service] [   scheduling-1] r.a.observability.ObservabilityService   : LAB9 Observability window=10s category=additional.statsComputation.stats count=145 sumNanos=131334 avgNanos=905
zil-additional-service  | 2026-05-05T00:29:19.736Z  INFO 1 --- [zil-additional-service] [   scheduling-1] r.a.observability.ObservabilityService   : LAB9 Observability window=10s category=web.additional.stats count=145 sumNanos=47630053628 avgNanos=328483128
zil-additional-service  | 2026-05-05T00:29:19.737Z  INFO 1 --- [zil-additional-service] [   scheduling-1] r.a.observability.ObservabilityService   : LAB9 Observability window=10s category=http.main.rents count=232 sumNanos=37602610725 avgNanos=162080218
zil-additional-service  | 2026-05-05T00:29:19.737Z  INFO 1 --- [zil-additional-service] [   scheduling-1] r.a.observability.ObservabilityService   : LAB9 Observability window=10s category=http.main.cars count=232 sumNanos=38309863065 avgNanos=165128720
zil-additional-service  | 2026-05-05T00:29:19.737Z  INFO 1 --- [zil-additional-service] [   scheduling-1] r.a.observability.ObservabilityService   : LAB9 Observability window=10s category=web.additional.availability_new count=87 sumNanos=28086620671 avgNanos=322834720
zil-additional-service  | 2026-05-05T00:29:19.737Z  INFO 1 --- [zil-additional-service] [   scheduling-1] r.a.observability.ObservabilityService   : LAB9 Observability window=10s category=additional.statsComputation.availability.allCitiesAllDates count=87 sumNanos=12425222 avgNanos=142818
zil-additional-service  | 2026-05-05T00:29:19.738Z  INFO 1 --- [zil-additional-service] [   scheduling-1] r.a.observability.ObservabilityService   : LAB9 Observability window=30s category=additional.statsComputation.stats count=625 sumNanos=785683 avgNanos=1257
zil-additional-service  | 2026-05-05T00:29:19.738Z  INFO 1 --- [zil-additional-service] [   scheduling-1] r.a.observability.ObservabilityService   : LAB9 Observability window=30s category=web.additional.stats count=625 sumNanos=205129721629 avgNanos=328207554
zil-additional-service  | 2026-05-05T00:29:19.738Z  INFO 1 --- [zil-additional-service] [   scheduling-1] r.a.observability.ObservabilityService   : LAB9 Observability window=30s category=http.main.rents count=1197 sumNanos=193475387642 avgNanos=161633573
zil-additional-service  | 2026-05-05T00:29:19.738Z  INFO 1 --- [zil-additional-service] [   scheduling-1] r.a.observability.ObservabilityService   : LAB9 Observability window=30s category=http.main.cars count=1196 sumNanos=195042013653 avgNanos=163078606
zil-additional-service  | 2026-05-05T00:29:19.738Z  INFO 1 --- [zil-additional-service] [   scheduling-1] r.a.observability.ObservabilityService   : LAB9 Observability window=30s category=web.additional.availability_new count=572 sumNanos=183695671767 avgNanos=321146279
zil-additional-service  | 2026-05-05T00:29:19.738Z  INFO 1 --- [zil-additional-service] [   scheduling-1] r.a.observability.ObservabilityService   : LAB9 Observability window=30s category=additional.statsComputation.availability.allCitiesAllDates count=572 sumNanos=90531782 avgNanos=158272
zil-additional-service  | 2026-05-05T00:29:19.738Z  INFO 1 --- [zil-additional-service] [   scheduling-1] r.a.observability.ObservabilityService   : LAB9 Observability window=1m category=additional.statsComputation.stats count=1314 sumNanos=1639130 avgNanos=1247
zil-additional-service  | 2026-05-05T00:29:19.738Z  INFO 1 --- [zil-additional-service] [   scheduling-1] r.a.observability.ObservabilityService   : LAB9 Observability window=1m category=web.additional.stats count=1314 sumNanos=431155401425 avgNanos=328124354
zil-additional-service  | 2026-05-05T00:29:19.738Z  INFO 1 --- [zil-additional-service] [   scheduling-1] r.a.observability.ObservabilityService   : LAB9 Observability window=1m category=http.main.rents count=2635 sumNanos=431499011919 avgNanos=163756740
zil-additional-service  | 2026-05-05T00:29:19.738Z  INFO 1 --- [zil-additional-service] [   scheduling-1] r.a.observability.ObservabilityService   : LAB9 Observability window=1m category=http.main.cars count=2632 sumNanos=426699248489 avgNanos=162119775
zil-additional-service  | 2026-05-05T00:29:19.738Z  INFO 1 --- [zil-additional-service] [   scheduling-1] r.a.observability.ObservabilityService   : LAB9 Observability window=1m category=web.additional.availability_new count=1321 sumNanos=428047314119 avgNanos=324032788
zil-additional-service  | 2026-05-05T00:29:19.738Z  INFO 1 --- [zil-additional-service] [   scheduling-1] r.a.observability.ObservabilityService   : LAB9 Observability window=1m category=additional.statsComputation.availability.allCitiesAllDates count=1321 sumNanos=223483455 avgNanos=169177
zil-additional-service  | 2026-05-05T00:29:24.739Z  INFO 1 --- [zil-additional-service] [   scheduling-1] r.a.observability.ObservabilityService   : LAB9 Observability window=10s category=additional.statsComputation.stats count=299 sumNanos=261056 avgNanos=873
zil-additional-service  | 2026-05-05T00:29:24.739Z  INFO 1 --- [zil-additional-service] [   scheduling-1] r.a.observability.ObservabilityService   : LAB9 Observability window=10s category=web.additional.stats count=299 sumNanos=98642987933 avgNanos=329909658
zil-additional-service  | 2026-05-05T00:29:24.739Z  INFO 1 --- [zil-additional-service] [   scheduling-1] r.a.observability.ObservabilityService   : LAB9 Observability window=10s category=http.main.rents count=316 sumNanos=51990875095 avgNanos=164528085
zil-additional-service  | 2026-05-05T00:29:24.740Z  INFO 1 --- [zil-additional-service] [   scheduling-1] r.a.observability.ObservabilityService   : LAB9 Observability window=10s category=http.main.cars count=324 sumNanos=53468035379 avgNanos=165024800
zil-additional-service  | 2026-05-05T00:29:24.740Z  INFO 1 --- [zil-additional-service] [   scheduling-1] r.a.observability.ObservabilityService   : LAB9 Observability window=10s category=web.additional.availability_new count=17 sumNanos=5541850777 avgNanos=325991222
zil-additional-service  | 2026-05-05T00:29:24.740Z  INFO 1 --- [zil-additional-service] [   scheduling-1] r.a.observability.ObservabilityService   : LAB9 Observability window=10s category=additional.statsComputation.availability.allCitiesAllDates count=17 sumNanos=1613437 avgNanos=94908
zil-additional-service  | 2026-05-05T00:29:24.742Z  INFO 1 --- [zil-additional-service] [   scheduling-1] r.a.observability.ObservabilityService   : LAB9 Observability window=30s category=additional.statsComputation.stats count=735 sumNanos=855555 avgNanos=1164
zil-additional-service  | 2026-05-05T00:29:24.742Z  INFO 1 --- [zil-additional-service] [   scheduling-1] r.a.observability.ObservabilityService   : LAB9 Observability window=30s category=web.additional.stats count=735 sumNanos=241273085907 avgNanos=328262701
zil-additional-service  | 2026-05-05T00:29:24.742Z  INFO 1 --- [zil-additional-service] [   scheduling-1] r.a.observability.ObservabilityService   : LAB9 Observability window=30s category=http.main.rents count=1195 sumNanos=193917142715 avgNanos=162273759
zil-additional-service  | 2026-05-05T00:29:24.742Z  INFO 1 --- [zil-additional-service] [   scheduling-1] r.a.observability.ObservabilityService   : LAB9 Observability window=30s category=http.main.cars count=1196 sumNanos=196033287343 avgNanos=163907430
zil-additional-service  | 2026-05-05T00:29:24.742Z  INFO 1 --- [zil-additional-service] [   scheduling-1] r.a.observability.ObservabilityService   : LAB9 Observability window=30s category=web.additional.availability_new count=460 sumNanos=148736861970 avgNanos=323341004
zil-additional-service  | 2026-05-05T00:29:24.742Z  INFO 1 --- [zil-additional-service] [   scheduling-1] r.a.observability.ObservabilityService   : LAB9 Observability window=30s category=additional.statsComputation.availability.allCitiesAllDates count=460 sumNanos=76470706 avgNanos=166240
zil-additional-service  | 2026-05-05T00:29:24.742Z  INFO 1 --- [zil-additional-service] [   scheduling-1] r.a.observability.ObservabilityService   : LAB9 Observability window=1m category=additional.statsComputation.stats count=1428 sumNanos=1587850 avgNanos=1111
zil-additional-service  | 2026-05-05T00:29:24.742Z  INFO 1 --- [zil-additional-service] [   scheduling-1] r.a.observability.ObservabilityService   : LAB9 Observability window=1m category=web.additional.stats count=1428 sumNanos=468630828935 avgNanos=328172849
zil-additional-service  | 2026-05-05T00:29:24.742Z  INFO 1 --- [zil-additional-service] [   scheduling-1] r.a.observability.ObservabilityService   : LAB9 Observability window=1m category=http.main.rents count=2636 sumNanos=431222210685 avgNanos=163589609
zil-additional-service  | 2026-05-05T00:29:24.742Z  INFO 1 --- [zil-additional-service] [   scheduling-1] r.a.observability.ObservabilityService   : LAB9 Observability window=1m category=http.main.cars count=2634 sumNanos=427904306763 avgNanos=162454178
zil-additional-service  | 2026-05-05T00:29:24.742Z  INFO 1 --- [zil-additional-service] [   scheduling-1] r.a.observability.ObservabilityService   : LAB9 Observability window=1m category=web.additional.availability_new count=1208 sumNanos=391117491821 avgNanos=323772758
zil-additional-service  | 2026-05-05T00:29:24.742Z  INFO 1 --- [zil-additional-service] [   scheduling-1] r.a.observability.ObservabilityService   : LAB9 Observability window=1m category=additional.statsComputation.availability.allCitiesAllDates count=1208 sumNanos=202598323 avgNanos=167713
zil-additional-service  | 2026-05-05T00:29:28.863Z  INFO 1 --- [zil-additional-service] [   scheduling-1] r.additional.service.ClientCacheService  : [client-cache-statistics] Client cache size=1000
zil-additional-service  | 2026-05-05T00:29:29.743Z  INFO 1 --- [zil-additional-service] [   scheduling-1] r.a.observability.ObservabilityService   : LAB9 Observability window=10s category=additional.statsComputation.stats count=454 sumNanos=394457 avgNanos=868
zil-additional-service  | 2026-05-05T00:29:29.745Z  INFO 1 --- [zil-additional-service] [   scheduling-1] r.a.observability.ObservabilityService   : LAB9 Observability window=10s category=web.additional.stats count=454 sumNanos=151290945199 avgNanos=333239967
zil-additional-service  | 2026-05-05T00:29:29.745Z  INFO 1 --- [zil-additional-service] [   scheduling-1] r.a.observability.ObservabilityService   : LAB9 Observability window=10s category=http.main.rents count=476 sumNanos=78715474907 avgNanos=165368644
zil-additional-service  | 2026-05-05T00:29:29.745Z  INFO 1 --- [zil-additional-service] [   scheduling-1] r.a.observability.ObservabilityService   : LAB9 Observability window=10s category=http.main.cars count=476 sumNanos=79470239202 avgNanos=166954284
zil-additional-service  | 2026-05-05T00:29:29.745Z  INFO 1 --- [zil-additional-service] [   scheduling-1] r.a.observability.ObservabilityService   : LAB9 Observability window=10s category=web.additional.availability_new count=22 sumNanos=7060493873 avgNanos=320931539
zil-additional-service  | 2026-05-05T00:29:29.745Z  INFO 1 --- [zil-additional-service] [   scheduling-1] r.a.observability.ObservabilityService   : LAB9 Observability window=10s category=additional.statsComputation.availability.allCitiesAllDates count=22 sumNanos=2192299 avgNanos=99649
zil-additional-service  | 2026-05-05T00:29:29.746Z  INFO 1 --- [zil-additional-service] [   scheduling-1] r.a.observability.ObservabilityService   : LAB9 Observability window=30s category=additional.statsComputation.stats count=836 sumNanos=913589 avgNanos=1092
zil-additional-service  | 2026-05-05T00:29:29.746Z  INFO 1 --- [zil-additional-service] [   scheduling-1] r.a.observability.ObservabilityService   : LAB9 Observability window=30s category=web.additional.stats count=836 sumNanos=276586660621 avgNanos=330845287
zil-additional-service  | 2026-05-05T00:29:29.746Z  INFO 1 --- [zil-additional-service] [   scheduling-1] r.a.observability.ObservabilityService   : LAB9 Observability window=30s category=http.main.rents count=1195 sumNanos=195235976021 avgNanos=163377385
zil-additional-service  | 2026-05-05T00:29:29.746Z  INFO 1 --- [zil-additional-service] [   scheduling-1] r.a.observability.ObservabilityService   : LAB9 Observability window=30s category=http.main.cars count=1196 sumNanos=196761993960 avgNanos=164516717
zil-additional-service  | 2026-05-05T00:29:29.746Z  INFO 1 --- [zil-additional-service] [   scheduling-1] r.a.observability.ObservabilityService   : LAB9 Observability window=30s category=web.additional.availability_new count=359 sumNanos=115788132455 avgNanos=322529616
zil-additional-service  | 2026-05-05T00:29:29.747Z  INFO 1 --- [zil-additional-service] [   scheduling-1] r.a.observability.ObservabilityService   : LAB9 Observability window=30s category=additional.statsComputation.availability.allCitiesAllDates count=359 sumNanos=63773044 avgNanos=177640
zil-additional-service  | 2026-05-05T00:29:29.747Z  INFO 1 --- [zil-additional-service] [   scheduling-1] r.a.observability.ObservabilityService   : LAB9 Observability window=1m category=additional.statsComputation.stats count=1542 sumNanos=1660892 avgNanos=1077
zil-additional-service  | 2026-05-05T00:29:29.748Z  INFO 1 --- [zil-additional-service] [   scheduling-1] r.a.observability.ObservabilityService   : LAB9 Observability window=1m category=web.additional.stats count=1542 sumNanos=508909625476 avgNanos=330032182
zil-additional-service  | 2026-05-05T00:29:29.748Z  INFO 1 --- [zil-additional-service] [   scheduling-1] r.a.observability.ObservabilityService   : LAB9 Observability window=1m category=http.main.rents count=2630 sumNanos=431735303338 avgNanos=164157910
zil-additional-service  | 2026-05-05T00:29:29.748Z  INFO 1 --- [zil-additional-service] [   scheduling-1] r.a.observability.ObservabilityService   : LAB9 Observability window=1m category=http.main.cars count=2631 sumNanos=428772708913 avgNanos=162969482
zil-additional-service  | 2026-05-05T00:29:29.748Z  INFO 1 --- [zil-additional-service] [   scheduling-1] r.a.observability.ObservabilityService   : LAB9 Observability window=1m category=web.additional.availability_new count=1088 sumNanos=352036328273 avgNanos=323562801
zil-additional-service  | 2026-05-05T00:29:29.748Z  INFO 1 --- [zil-additional-service] [   scheduling-1] r.a.observability.ObservabilityService   : LAB9 Observability window=1m category=additional.statsComputation.availability.allCitiesAllDates count=1088 sumNanos=167402120 avgNanos=153862
zil-additional-service  | 2026-05-05T00:29:34.750Z  INFO 1 --- [zil-additional-service] [   scheduling-1] r.a.observability.ObservabilityService   : LAB9 Observability window=10s category=additional.statsComputation.stats count=457 sumNanos=320059 avgNanos=700
zil-additional-service  | 2026-05-05T00:29:34.750Z  INFO 1 --- [zil-additional-service] [   scheduling-1] r.a.observability.ObservabilityService   : LAB9 Observability window=10s category=web.additional.stats count=457 sumNanos=152323735216 avgNanos=333312330
zil-additional-service  | 2026-05-05T00:29:34.750Z  INFO 1 --- [zil-additional-service] [   scheduling-1] r.a.observability.ObservabilityService   : LAB9 Observability window=10s category=http.main.rents count=475 sumNanos=79588560737 avgNanos=167554864
zil-additional-service  | 2026-05-05T00:29:34.750Z  INFO 1 --- [zil-additional-service] [   scheduling-1] r.a.observability.ObservabilityService   : LAB9 Observability window=10s category=http.main.cars count=478 sumNanos=79161256559 avgNanos=165609323
zil-additional-service  | 2026-05-05T00:29:34.750Z  INFO 1 --- [zil-additional-service] [   scheduling-1] r.a.observability.ObservabilityService   : LAB9 Observability window=10s category=web.additional.availability_new count=18 sumNanos=6027112979 avgNanos=334839609
zil-additional-service  | 2026-05-05T00:29:34.750Z  INFO 1 --- [zil-additional-service] [   scheduling-1] r.a.observability.ObservabilityService   : LAB9 Observability window=10s category=additional.statsComputation.availability.allCitiesAllDates count=18 sumNanos=1688654 avgNanos=93814
zil-additional-service  | 2026-05-05T00:29:34.751Z  INFO 1 --- [zil-additional-service] [   scheduling-1] r.a.observability.ObservabilityService   : LAB9 Observability window=30s category=additional.statsComputation.stats count=956 sumNanos=780753 avgNanos=816
zil-additional-service  | 2026-05-05T00:29:34.751Z  INFO 1 --- [zil-additional-service] [   scheduling-1] r.a.observability.ObservabilityService   : LAB9 Observability window=30s category=web.additional.stats count=956 sumNanos=315521078651 avgNanos=330042969
zil-additional-service  | 2026-05-05T00:29:34.751Z  INFO 1 --- [zil-additional-service] [   scheduling-1] r.a.observability.ObservabilityService   : LAB9 Observability window=30s category=http.main.rents count=1191 sumNanos=195656686989 avgNanos=164279334
zil-additional-service  | 2026-05-05T00:29:34.751Z  INFO 1 --- [zil-additional-service] [   scheduling-1] r.a.observability.ObservabilityService   : LAB9 Observability window=30s category=http.main.cars count=1197 sumNanos=196127297291 avgNanos=163849037
zil-additional-service  | 2026-05-05T00:29:34.751Z  INFO 1 --- [zil-additional-service] [   scheduling-1] r.a.observability.ObservabilityService   : LAB9 Observability window=30s category=web.additional.availability_new count=235 sumNanos=75395658079 avgNanos=320832587
zil-additional-service  | 2026-05-05T00:29:34.751Z  INFO 1 --- [zil-additional-service] [   scheduling-1] r.a.observability.ObservabilityService   : LAB9 Observability window=30s category=additional.statsComputation.availability.allCitiesAllDates count=235 sumNanos=35874800 avgNanos=152658
zil-additional-service  | 2026-05-05T00:29:34.751Z  INFO 1 --- [zil-additional-service] [   scheduling-1] r.a.observability.ObservabilityService   : LAB9 Observability window=1m category=additional.statsComputation.stats count=1648 sumNanos=1671401 avgNanos=1014
zil-additional-service  | 2026-05-05T00:29:34.751Z  INFO 1 --- [zil-additional-service] [   scheduling-1] r.a.observability.ObservabilityService   : LAB9 Observability window=1m category=web.additional.stats count=1648 sumNanos=543796016783 avgNanos=329973311
zil-additional-service  | 2026-05-05T00:29:34.751Z  INFO 1 --- [zil-additional-service] [   scheduling-1] r.a.observability.ObservabilityService   : LAB9 Observability window=1m category=http.main.rents count=2633 sumNanos=432020192157 avgNanos=164079070
zil-additional-service  | 2026-05-05T00:29:34.751Z  INFO 1 --- [zil-additional-service] [   scheduling-1] r.a.observability.ObservabilityService   : LAB9 Observability window=1m category=http.main.cars count=2636 sumNanos=429472678837 avgNanos=162925902
zil-additional-service  | 2026-05-05T00:29:34.751Z  INFO 1 --- [zil-additional-service] [   scheduling-1] r.a.observability.ObservabilityService   : LAB9 Observability window=1m category=web.additional.availability_new count=985 sumNanos=317607889317 avgNanos=322444557
zil-additional-service  | 2026-05-05T00:29:34.751Z  INFO 1 --- [zil-additional-service] [   scheduling-1] r.a.observability.ObservabilityService   : LAB9 Observability window=1m category=additional.statsComputation.availability.allCitiesAllDates count=985 sumNanos=149826997 avgNanos=152108
zil-additional-service  | 2026-05-05T00:29:38.862Z  INFO 1 --- [zil-additional-service] [   scheduling-1] r.additional.service.ClientCacheService  : [client-cache-statistics] Client cache size=1000
zil-additional-service  | 2026-05-05T00:29:39.757Z  INFO 1 --- [zil-additional-service] [   scheduling-1] r.a.observability.ObservabilityService   : LAB9 Observability window=10s category=additional.statsComputation.stats count=460 sumNanos=130484 avgNanos=283
zil-additional-service  | 2026-05-05T00:29:39.757Z  INFO 1 --- [zil-additional-service] [   scheduling-1] r.a.observability.ObservabilityService   : LAB9 Observability window=10s category=web.additional.stats count=460 sumNanos=150232330085 avgNanos=326592021
zil-additional-service  | 2026-05-05T00:29:39.757Z  INFO 1 --- [zil-additional-service] [   scheduling-1] r.a.observability.ObservabilityService   : LAB9 Observability window=10s category=http.main.rents count=483 sumNanos=80625999855 avgNanos=166927535
zil-additional-service  | 2026-05-05T00:29:39.757Z  INFO 1 --- [zil-additional-service] [   scheduling-1] r.a.observability.ObservabilityService   : LAB9 Observability window=10s category=http.main.cars count=482 sumNanos=76535730717 avgNanos=158787823
zil-additional-service  | 2026-05-05T00:29:39.758Z  INFO 1 --- [zil-additional-service] [   scheduling-1] r.a.observability.ObservabilityService   : LAB9 Observability window=10s category=web.additional.availability_new count=23 sumNanos=7124380964 avgNanos=309755694
zil-additional-service  | 2026-05-05T00:29:39.758Z  INFO 1 --- [zil-additional-service] [   scheduling-1] r.a.observability.ObservabilityService   : LAB9 Observability window=10s category=additional.statsComputation.availability.allCitiesAllDates count=23 sumNanos=2358702 avgNanos=102552
zil-additional-service  | 2026-05-05T00:29:39.758Z  INFO 1 --- [zil-additional-service] [   scheduling-1] r.a.observability.ObservabilityService   : LAB9 Observability window=30s category=additional.statsComputation.stats count=1061 sumNanos=657730 avgNanos=619
zil-additional-service  | 2026-05-05T00:29:39.758Z  INFO 1 --- [zil-additional-service] [   scheduling-1] r.a.observability.ObservabilityService   : LAB9 Observability window=30s category=web.additional.stats count=1061 sumNanos=349813737744 avgNanos=329701920
zil-additional-service  | 2026-05-05T00:29:39.758Z  INFO 1 --- [zil-additional-service] [   scheduling-1] r.a.observability.ObservabilityService   : LAB9 Observability window=30s category=http.main.rents count=1193 sumNanos=197279903766 avgNanos=165364546
zil-additional-service  | 2026-05-05T00:29:39.758Z  INFO 1 --- [zil-additional-service] [   scheduling-1] r.a.observability.ObservabilityService   : LAB9 Observability window=30s category=http.main.cars count=1191 sumNanos=194468332296 avgNanos=163281555
zil-additional-service  | 2026-05-05T00:29:39.758Z  INFO 1 --- [zil-additional-service] [   scheduling-1] r.a.observability.ObservabilityService   : LAB9 Observability window=30s category=web.additional.availability_new count=132 sumNanos=42271495508 avgNanos=320238602
zil-additional-service  | 2026-05-05T00:29:39.758Z  INFO 1 --- [zil-additional-service] [   scheduling-1] r.a.observability.ObservabilityService   : LAB9 Observability window=30s category=additional.statsComputation.availability.allCitiesAllDates count=132 sumNanos=16976223 avgNanos=128607
zil-additional-service  | 2026-05-05T00:29:39.758Z  INFO 1 --- [zil-additional-service] [   scheduling-1] r.a.observability.ObservabilityService   : LAB9 Observability window=1m category=additional.statsComputation.stats count=1771 sumNanos=1579526 avgNanos=891
zil-additional-service  | 2026-05-05T00:29:39.758Z  INFO 1 --- [zil-additional-service] [   scheduling-1] r.a.observability.ObservabilityService   : LAB9 Observability window=1m category=web.additional.stats count=1771 sumNanos=583311726122 avgNanos=329368563
zil-additional-service  | 2026-05-05T00:29:39.758Z  INFO 1 --- [zil-additional-service] [   scheduling-1] r.a.observability.ObservabilityService   : LAB9 Observability window=1m category=http.main.rents count=2634 sumNanos=433299111073 avgNanos=164502320
zil-additional-service  | 2026-05-05T00:29:39.759Z  INFO 1 --- [zil-additional-service] [   scheduling-1] r.a.observability.ObservabilityService   : LAB9 Observability window=1m category=http.main.cars count=2631 sumNanos=427277491916 avgNanos=162401175
zil-additional-service  | 2026-05-05T00:29:39.759Z  INFO 1 --- [zil-additional-service] [   scheduling-1] r.a.observability.ObservabilityService   : LAB9 Observability window=1m category=web.additional.availability_new count=863 sumNanos=278106751496 avgNanos=322255795
zil-additional-service  | 2026-05-05T00:29:39.760Z  INFO 1 --- [zil-additional-service] [   scheduling-1] r.a.observability.ObservabilityService   : LAB9 Observability window=1m category=additional.statsComputation.availability.allCitiesAllDates count=863 sumNanos=132782397 avgNanos=153861
zil-additional-service  | 2026-05-05T00:29:44.760Z  INFO 1 --- [zil-additional-service] [   scheduling-1] r.a.observability.ObservabilityService   : LAB9 Observability window=10s category=additional.statsComputation.stats count=453 sumNanos=16162 avgNanos=35
zil-additional-service  | 2026-05-05T00:29:44.760Z  INFO 1 --- [zil-additional-service] [   scheduling-1] r.a.observability.ObservabilityService   : LAB9 Observability window=10s category=web.additional.stats count=453 sumNanos=148819040132 avgNanos=328518852
zil-additional-service  | 2026-05-05T00:29:44.760Z  INFO 1 --- [zil-additional-service] [   scheduling-1] r.a.observability.ObservabilityService   : LAB9 Observability window=10s category=http.main.rents count=478 sumNanos=80555675115 avgNanos=168526516
zil-additional-service  | 2026-05-05T00:29:44.760Z  INFO 1 --- [zil-additional-service] [   scheduling-1] r.a.observability.ObservabilityService   : LAB9 Observability window=10s category=http.main.cars count=474 sumNanos=76225979464 avgNanos=160814302
zil-additional-service  | 2026-05-05T00:29:44.761Z  INFO 1 --- [zil-additional-service] [   scheduling-1] r.a.observability.ObservabilityService   : LAB9 Observability window=10s category=web.additional.availability_new count=25 sumNanos=8217704009 avgNanos=328708160
zil-additional-service  | 2026-05-05T00:29:44.761Z  INFO 1 --- [zil-additional-service] [   scheduling-1] r.a.observability.ObservabilityService   : LAB9 Observability window=10s category=additional.statsComputation.availability.allCitiesAllDates count=25 sumNanos=2834516 avgNanos=113380
zil-additional-service  | 2026-05-05T00:29:44.761Z  INFO 1 --- [zil-additional-service] [   scheduling-1] r.a.observability.ObservabilityService   : LAB9 Observability window=30s category=additional.statsComputation.stats count=1209 sumNanos=597277 avgNanos=494
zil-additional-service  | 2026-05-05T00:29:44.761Z  INFO 1 --- [zil-additional-service] [   scheduling-1] r.a.observability.ObservabilityService   : LAB9 Observability window=30s category=web.additional.stats count=1209 sumNanos=399785763281 avgNanos=330674742
zil-additional-service  | 2026-05-05T00:29:44.761Z  INFO 1 --- [zil-additional-service] [   scheduling-1] r.a.observability.ObservabilityService   : LAB9 Observability window=30s category=http.main.rents count=1269 sumNanos=212135110947 avgNanos=167167148
zil-additional-service  | 2026-05-05T00:29:44.761Z  INFO 1 --- [zil-additional-service] [   scheduling-1] r.a.observability.ObservabilityService   : LAB9 Observability window=30s category=http.main.cars count=1277 sumNanos=208994902090 avgNanos=163660847
zil-additional-service  | 2026-05-05T00:29:44.761Z  INFO 1 --- [zil-additional-service] [   scheduling-1] r.a.observability.ObservabilityService   : LAB9 Observability window=30s category=web.additional.availability_new count=60 sumNanos=19786667765 avgNanos=329777796
zil-additional-service  | 2026-05-05T00:29:44.761Z  INFO 1 --- [zil-additional-service] [   scheduling-1] r.a.observability.ObservabilityService   : LAB9 Observability window=30s category=additional.statsComputation.availability.allCitiesAllDates count=60 sumNanos=6136607 avgNanos=102276
zil-additional-service  | 2026-05-05T00:29:44.762Z  INFO 1 --- [zil-additional-service] [   scheduling-1] r.a.observability.ObservabilityService   : LAB9 Observability window=1m category=additional.statsComputation.stats count=1888 sumNanos=1434517 avgNanos=759
zil-additional-service  | 2026-05-05T00:29:44.762Z  INFO 1 --- [zil-additional-service] [   scheduling-1] r.a.observability.ObservabilityService   : LAB9 Observability window=1m category=web.additional.stats count=1888 sumNanos=622054380968 avgNanos=329477956
zil-additional-service  | 2026-05-05T00:29:44.762Z  INFO 1 --- [zil-additional-service] [   scheduling-1] r.a.observability.ObservabilityService   : LAB9 Observability window=1m category=http.main.rents count=2633 sumNanos=433175504452 avgNanos=164517852
zil-additional-service  | 2026-05-05T00:29:44.762Z  INFO 1 --- [zil-additional-service] [   scheduling-1] r.a.observability.ObservabilityService   : LAB9 Observability window=1m category=http.main.cars count=2632 sumNanos=427840843265 avgNanos=162553511
zil-additional-service  | 2026-05-05T00:29:44.762Z  INFO 1 --- [zil-additional-service] [   scheduling-1] r.a.observability.ObservabilityService   : LAB9 Observability window=1m category=web.additional.availability_new count=745 sumNanos=239360925642 avgNanos=321289833
zil-additional-service  | 2026-05-05T00:29:44.762Z  INFO 1 --- [zil-additional-service] [   scheduling-1] r.a.observability.ObservabilityService   : LAB9 Observability window=1m category=additional.statsComputation.availability.allCitiesAllDates count=745 sumNanos=120168756 avgNanos=161300
zil-additional-service  | 2026-05-05T00:29:48.862Z  INFO 1 --- [zil-additional-service] [   scheduling-1] r.additional.service.ClientCacheService  : [client-cache-statistics] Client cache size=1000
zil-additional-service  | 2026-05-05T00:29:49.763Z  INFO 1 --- [zil-additional-service] [   scheduling-1] r.a.observability.ObservabilityService   : LAB9 Observability window=10s category=additional.statsComputation.stats count=453 sumNanos=16051 avgNanos=35
zil-additional-service  | 2026-05-05T00:29:49.763Z  INFO 1 --- [zil-additional-service] [   scheduling-1] r.a.observability.ObservabilityService   : LAB9 Observability window=10s category=web.additional.stats count=453 sumNanos=148012187400 avgNanos=326737720
zil-additional-service  | 2026-05-05T00:29:49.763Z  INFO 1 --- [zil-additional-service] [   scheduling-1] r.a.observability.ObservabilityService   : LAB9 Observability window=10s category=http.main.rents count=478 sumNanos=78861576074 avgNanos=164982376
zil-additional-service  | 2026-05-05T00:29:49.763Z  INFO 1 --- [zil-additional-service] [   scheduling-1] r.a.observability.ObservabilityService   : LAB9 Observability window=10s category=http.main.cars count=478 sumNanos=77644281715 avgNanos=162435735
zil-additional-service  | 2026-05-05T00:29:49.763Z  INFO 1 --- [zil-additional-service] [   scheduling-1] r.a.observability.ObservabilityService   : LAB9 Observability window=10s category=web.additional.availability_new count=25 sumNanos=8507771715 avgNanos=340310868
zil-additional-service  | 2026-05-05T00:29:49.763Z  INFO 1 --- [zil-additional-service] [   scheduling-1] r.a.observability.ObservabilityService   : LAB9 Observability window=10s category=additional.statsComputation.availability.allCitiesAllDates count=25 sumNanos=2870956 avgNanos=114838
zil-additional-service  | 2026-05-05T00:29:49.763Z  INFO 1 --- [zil-additional-service] [   scheduling-1] r.a.observability.ObservabilityService   : LAB9 Observability window=30s category=additional.statsComputation.stats count=1367 sumNanos=540609 avgNanos=395
zil-additional-service  | 2026-05-05T00:29:49.763Z  INFO 1 --- [zil-additional-service] [   scheduling-1] r.a.observability.ObservabilityService   : LAB9 Observability window=30s category=web.additional.stats count=1367 sumNanos=449534698810 avgNanos=328847621
zil-additional-service  | 2026-05-05T00:29:49.763Z  INFO 1 --- [zil-additional-service] [   scheduling-1] r.a.observability.ObservabilityService   : LAB9 Observability window=30s category=http.main.rents count=1437 sumNanos=238215252359 avgNanos=165772618
zil-additional-service  | 2026-05-05T00:29:49.763Z  INFO 1 --- [zil-additional-service] [   scheduling-1] r.a.observability.ObservabilityService   : LAB9 Observability window=30s category=http.main.cars count=1438 sumNanos=233895934666 avgNanos=162653640
zil-additional-service  | 2026-05-05T00:29:49.763Z  INFO 1 --- [zil-additional-service] [   scheduling-1] r.a.observability.ObservabilityService   : LAB9 Observability window=30s category=web.additional.availability_new count=70 sumNanos=22692646552 avgNanos=324180665
zil-additional-service  | 2026-05-05T00:29:49.763Z  INFO 1 --- [zil-additional-service] [   scheduling-1] r.a.observability.ObservabilityService   : LAB9 Observability window=30s category=additional.statsComputation.availability.allCitiesAllDates count=70 sumNanos=7421957 avgNanos=106027
zil-additional-service  | 2026-05-05T00:29:49.764Z  INFO 1 --- [zil-additional-service] [   scheduling-1] r.a.observability.ObservabilityService   : LAB9 Observability window=1m category=additional.statsComputation.stats count=1993 sumNanos=1326714 avgNanos=665
zil-additional-service  | 2026-05-05T00:29:49.764Z  INFO 1 --- [zil-additional-service] [   scheduling-1] r.a.observability.ObservabilityService   : LAB9 Observability window=1m category=web.additional.stats count=1993 sumNanos=654960434547 avgNanos=328630423
zil-additional-service  | 2026-05-05T00:29:49.764Z  INFO 1 --- [zil-additional-service] [   scheduling-1] r.a.observability.ObservabilityService   : LAB9 Observability window=1m category=http.main.rents count=2634 sumNanos=431665227134 avgNanos=163882014
zil-additional-service  | 2026-05-05T00:29:49.764Z  INFO 1 --- [zil-additional-service] [   scheduling-1] r.a.observability.ObservabilityService   : LAB9 Observability window=1m category=http.main.cars count=2634 sumNanos=428970004934 avgNanos=162858771
zil-additional-service  | 2026-05-05T00:29:49.764Z  INFO 1 --- [zil-additional-service] [   scheduling-1] r.a.observability.ObservabilityService   : LAB9 Observability window=1m category=web.additional.availability_new count=641 sumNanos=206079849390 avgNanos=321497424
zil-additional-service  | 2026-05-05T00:29:49.764Z  INFO 1 --- [zil-additional-service] [   scheduling-1] r.a.observability.ObservabilityService   : LAB9 Observability window=1m category=additional.statsComputation.availability.allCitiesAllDates count=641 sumNanos=97908708 avgNanos=152743
zil-additional-service  | 2026-05-05T00:29:54.765Z  INFO 1 --- [zil-additional-service] [   scheduling-1] r.a.observability.ObservabilityService   : LAB9 Observability window=10s category=additional.statsComputation.stats count=461 sumNanos=17230 avgNanos=37
zil-additional-service  | 2026-05-05T00:29:54.770Z  INFO 1 --- [zil-additional-service] [   scheduling-1] r.a.observability.ObservabilityService   : LAB9 Observability window=10s category=web.additional.stats count=461 sumNanos=148995384065 avgNanos=323200399
zil-additional-service  | 2026-05-05T00:29:54.797Z  INFO 1 --- [zil-additional-service] [   scheduling-1] r.a.observability.ObservabilityService   : LAB9 Observability window=10s category=http.main.rents count=485 sumNanos=80105781107 avgNanos=165166558
zil-additional-service  | 2026-05-05T00:29:54.797Z  INFO 1 --- [zil-additional-service] [   scheduling-1] r.a.observability.ObservabilityService   : LAB9 Observability window=10s category=http.main.cars count=486 sumNanos=76316586864 avgNanos=157030014
zil-additional-service  | 2026-05-05T00:29:54.797Z  INFO 1 --- [zil-additional-service] [   scheduling-1] r.a.observability.ObservabilityService   : LAB9 Observability window=10s category=web.additional.availability_new count=24 sumNanos=7609778899 avgNanos=317074120
zil-additional-service  | 2026-05-05T00:29:54.797Z  INFO 1 --- [zil-additional-service] [   scheduling-1] r.a.observability.ObservabilityService   : LAB9 Observability window=10s category=additional.statsComputation.availability.allCitiesAllDates count=24 sumNanos=2782540 avgNanos=115939
zil-additional-service  | 2026-05-05T00:29:54.798Z  INFO 1 --- [zil-additional-service] [   scheduling-1] r.a.observability.ObservabilityService   : LAB9 Observability window=30s category=additional.statsComputation.stats count=1370 sumNanos=352078 avgNanos=256
zil-additional-service  | 2026-05-05T00:29:54.798Z  INFO 1 --- [zil-additional-service] [   scheduling-1] r.a.observability.ObservabilityService   : LAB9 Observability window=30s category=web.additional.stats count=1370 sumNanos=449900398002 avgNanos=328394451
zil-additional-service  | 2026-05-05T00:29:54.798Z  INFO 1 --- [zil-additional-service] [   scheduling-1] r.a.observability.ObservabilityService   : LAB9 Observability window=30s category=http.main.rents count=1437 sumNanos=240162648209 avgNanos=167127799
zil-additional-service  | 2026-05-05T00:29:54.798Z  INFO 1 --- [zil-additional-service] [   scheduling-1] r.a.observability.ObservabilityService   : LAB9 Observability window=30s category=http.main.cars count=1439 sumNanos=231918362217 avgNanos=161166339
zil-additional-service  | 2026-05-05T00:29:54.798Z  INFO 1 --- [zil-additional-service] [   scheduling-1] r.a.observability.ObservabilityService   : LAB9 Observability window=30s category=web.additional.availability_new count=67 sumNanos=21854595887 avgNanos=326187998
zil-additional-service  | 2026-05-05T00:29:54.798Z  INFO 1 --- [zil-additional-service] [   scheduling-1] r.a.observability.ObservabilityService   : LAB9 Observability window=30s category=additional.statsComputation.availability.allCitiesAllDates count=67 sumNanos=7305710 avgNanos=109040
zil-additional-service  | 2026-05-05T00:29:54.798Z  INFO 1 --- [zil-additional-service] [   scheduling-1] r.a.observability.ObservabilityService   : LAB9 Observability window=1m category=additional.statsComputation.stats count=2107 sumNanos=1209041 avgNanos=573
zil-additional-service  | 2026-05-05T00:29:54.798Z  INFO 1 --- [zil-additional-service] [   scheduling-1] r.a.observability.ObservabilityService   : LAB9 Observability window=1m category=web.additional.stats count=2107 sumNanos=691695841207 avgNanos=328284689
zil-additional-service  | 2026-05-05T00:29:54.798Z  INFO 1 --- [zil-additional-service] [   scheduling-1] r.a.observability.ObservabilityService   : LAB9 Observability window=1m category=http.main.rents count=2633 sumNanos=434170026657 avgNanos=164895566
zil-additional-service  | 2026-05-05T00:29:54.798Z  INFO 1 --- [zil-additional-service] [   scheduling-1] r.a.observability.ObservabilityService   : LAB9 Observability window=1m category=http.main.cars count=2633 sumNanos=427557208854 avgNanos=162384051
zil-additional-service  | 2026-05-05T00:29:54.798Z  INFO 1 --- [zil-additional-service] [   scheduling-1] r.a.observability.ObservabilityService   : LAB9 Observability window=1m category=web.additional.availability_new count=526 sumNanos=170260998929 avgNanos=323690112
zil-additional-service  | 2026-05-05T00:29:54.798Z  INFO 1 --- [zil-additional-service] [   scheduling-1] r.a.observability.ObservabilityService   : LAB9 Observability window=1m category=additional.statsComputation.availability.allCitiesAllDates count=526 sumNanos=83693261 avgNanos=159112
zil-additional-service  | 2026-05-05T00:29:58.862Z  INFO 1 --- [zil-additional-service] [   scheduling-1] r.additional.service.ClientCacheService  : [client-cache-statistics] Client cache size=1000
zil-additional-service  | 2026-05-05T00:29:59.799Z  INFO 1 --- [zil-additional-service] [   scheduling-1] r.a.observability.ObservabilityService   : LAB9 Observability window=10s category=additional.statsComputation.stats count=455 sumNanos=16853 avgNanos=37
zil-additional-service  | 2026-05-05T00:29:59.799Z  INFO 1 --- [zil-additional-service] [   scheduling-1] r.a.observability.ObservabilityService   : LAB9 Observability window=10s category=web.additional.stats count=455 sumNanos=148623647560 avgNanos=326645379
zil-additional-service  | 2026-05-05T00:29:59.799Z  INFO 1 --- [zil-additional-service] [   scheduling-1] r.a.observability.ObservabilityService   : LAB9 Observability window=10s category=http.main.rents count=474 sumNanos=79804827628 avgNanos=168364615
zil-additional-service  | 2026-05-05T00:29:59.799Z  INFO 1 --- [zil-additional-service] [   scheduling-1] r.a.observability.ObservabilityService   : LAB9 Observability window=10s category=http.main.cars count=477 sumNanos=75585651107 avgNanos=158460484
zil-additional-service  | 2026-05-05T00:29:59.799Z  INFO 1 --- [zil-additional-service] [   scheduling-1] r.a.observability.ObservabilityService   : LAB9 Observability window=10s category=web.additional.availability_new count=19 sumNanos=6200567847 avgNanos=326345676
zil-additional-service  | 2026-05-05T00:29:59.799Z  INFO 1 --- [zil-additional-service] [   scheduling-1] r.a.observability.ObservabilityService   : LAB9 Observability window=10s category=additional.statsComputation.availability.allCitiesAllDates count=19 sumNanos=2584186 avgNanos=136009
zil-additional-service  | 2026-05-05T00:29:59.800Z  INFO 1 --- [zil-additional-service] [   scheduling-1] r.a.observability.ObservabilityService   : LAB9 Observability window=30s category=additional.statsComputation.stats count=1370 sumNanos=161551 avgNanos=117
zil-additional-service  | 2026-05-05T00:29:59.800Z  INFO 1 --- [zil-additional-service] [   scheduling-1] r.a.observability.ObservabilityService   : LAB9 Observability window=30s category=web.additional.stats count=1370 sumNanos=447615735909 avgNanos=326726814
zil-additional-service  | 2026-05-05T00:29:59.800Z  INFO 1 --- [zil-additional-service] [   scheduling-1] r.a.observability.ObservabilityService   : LAB9 Observability window=30s category=http.main.rents count=1438 sumNanos=239938888743 avgNanos=166855972
zil-additional-service  | 2026-05-05T00:29:59.800Z  INFO 1 --- [zil-additional-service] [   scheduling-1] r.a.observability.ObservabilityService   : LAB9 Observability window=30s category=http.main.cars count=1435 sumNanos=229529268249 avgNanos=159950709
zil-additional-service  | 2026-05-05T00:29:59.800Z  INFO 1 --- [zil-additional-service] [   scheduling-1] r.a.observability.ObservabilityService   : LAB9 Observability window=30s category=web.additional.availability_new count=68 sumNanos=22169894423 avgNanos=326027859
zil-additional-service  | 2026-05-05T00:29:59.800Z  INFO 1 --- [zil-additional-service] [   scheduling-1] r.a.observability.ObservabilityService   : LAB9 Observability window=30s category=additional.statsComputation.availability.allCitiesAllDates count=68 sumNanos=7861888 avgNanos=115616
zil-additional-service  | 2026-05-05T00:29:59.800Z  INFO 1 --- [zil-additional-service] [   scheduling-1] r.a.observability.ObservabilityService   : LAB9 Observability window=1m category=additional.statsComputation.stats count=2205 sumNanos=1074827 avgNanos=487
zil-additional-service  | 2026-05-05T00:29:59.800Z  INFO 1 --- [zil-additional-service] [   scheduling-1] r.a.observability.ObservabilityService   : LAB9 Observability window=1m category=web.additional.stats count=2205 sumNanos=723592628552 avgNanos=328159922
zil-additional-service  | 2026-05-05T00:29:59.800Z  INFO 1 --- [zil-additional-service] [   scheduling-1] r.a.observability.ObservabilityService   : LAB9 Observability window=1m category=http.main.rents count=2632 sumNanos=434854239053 avgNanos=165218175
zil-additional-service  | 2026-05-05T00:29:59.800Z  INFO 1 --- [zil-additional-service] [   scheduling-1] r.a.observability.ObservabilityService   : LAB9 Observability window=1m category=http.main.cars count=2633 sumNanos=426304985666 avgNanos=161908463
zil-additional-service  | 2026-05-05T00:29:59.800Z  INFO 1 --- [zil-additional-service] [   scheduling-1] r.a.observability.ObservabilityService   : LAB9 Observability window=1m category=web.additional.availability_new count=427 sumNanos=137958026878 avgNanos=323086714
zil-additional-service  | 2026-05-05T00:29:59.800Z  INFO 1 --- [zil-additional-service] [   scheduling-1] r.a.observability.ObservabilityService   : LAB9 Observability window=1m category=additional.statsComputation.availability.allCitiesAllDates count=427 sumNanos=71634932 avgNanos=167763
zil-additional-service  | 2026-05-05T00:30:04.802Z  INFO 1 --- [zil-additional-service] [   scheduling-1] r.a.observability.ObservabilityService   : LAB9 Observability window=10s category=additional.statsComputation.stats count=445 sumNanos=15714 avgNanos=35
zil-additional-service  | 2026-05-05T00:30:04.802Z  INFO 1 --- [zil-additional-service] [   scheduling-1] r.a.observability.ObservabilityService   : LAB9 Observability window=10s category=web.additional.stats count=445 sumNanos=145937291715 avgNanos=327948970
zil-additional-service  | 2026-05-05T00:30:04.802Z  INFO 1 --- [zil-additional-service] [   scheduling-1] r.a.observability.ObservabilityService   : LAB9 Observability window=10s category=http.main.rents count=475 sumNanos=77952324320 avgNanos=164110156
zil-additional-service  | 2026-05-05T00:30:04.802Z  INFO 1 --- [zil-additional-service] [   scheduling-1] r.a.observability.ObservabilityService   : LAB9 Observability window=10s category=http.main.cars count=476 sumNanos=78725640376 avgNanos=165390000
zil-additional-service  | 2026-05-05T00:30:04.802Z  INFO 1 --- [zil-additional-service] [   scheduling-1] r.a.observability.ObservabilityService   : LAB9 Observability window=10s category=web.additional.availability_new count=30 sumNanos=10570612863 avgNanos=352353762
zil-additional-service  | 2026-05-05T00:30:04.802Z  INFO 1 --- [zil-additional-service] [   scheduling-1] r.a.observability.ObservabilityService   : LAB9 Observability window=10s category=additional.statsComputation.availability.allCitiesAllDates count=30 sumNanos=4392302 avgNanos=146410
zil-additional-service  | 2026-05-05T00:30:04.803Z  INFO 1 --- [zil-additional-service] [   scheduling-1] r.a.observability.ObservabilityService   : LAB9 Observability window=30s category=additional.statsComputation.stats count=1356 sumNanos=48995 avgNanos=36
zil-additional-service  | 2026-05-05T00:30:04.803Z  INFO 1 --- [zil-additional-service] [   scheduling-1] r.a.observability.ObservabilityService   : LAB9 Observability window=30s category=web.additional.stats count=1356 sumNanos=442738924611 avgNanos=326503631
zil-additional-service  | 2026-05-05T00:30:04.803Z  INFO 1 --- [zil-additional-service] [   scheduling-1] r.a.observability.ObservabilityService   : LAB9 Observability window=30s category=http.main.rents count=1435 sumNanos=238048726108 avgNanos=165887614
zil-additional-service  | 2026-05-05T00:30:04.803Z  INFO 1 --- [zil-additional-service] [   scheduling-1] r.a.observability.ObservabilityService   : LAB9 Observability window=30s category=http.main.cars count=1438 sumNanos=231614117762 avgNanos=161066841
zil-additional-service  | 2026-05-05T00:30:04.803Z  INFO 1 --- [zil-additional-service] [   scheduling-1] r.a.observability.ObservabilityService   : LAB9 Observability window=30s category=web.additional.availability_new count=79 sumNanos=26398095771 avgNanos=334153111
zil-additional-service  | 2026-05-05T00:30:04.803Z  INFO 1 --- [zil-additional-service] [   scheduling-1] r.a.observability.ObservabilityService   : LAB9 Observability window=30s category=additional.statsComputation.availability.allCitiesAllDates count=79 sumNanos=10009358 avgNanos=126700
zil-additional-service  | 2026-05-05T00:30:04.804Z  INFO 1 --- [zil-additional-service] [   scheduling-1] r.a.observability.ObservabilityService   : LAB9 Observability window=1m category=additional.statsComputation.stats count=2314 sumNanos=827816 avgNanos=357
zil-additional-service  | 2026-05-05T00:30:04.805Z  INFO 1 --- [zil-additional-service] [   scheduling-1] r.a.observability.ObservabilityService   : LAB9 Observability window=1m category=web.additional.stats count=2314 sumNanos=758932152493 avgNanos=327974136
zil-additional-service  | 2026-05-05T00:30:04.805Z  INFO 1 --- [zil-additional-service] [   scheduling-1] r.a.observability.ObservabilityService   : LAB9 Observability window=1m category=http.main.rents count=2628 sumNanos=434124198872 avgNanos=165191856
zil-additional-service  | 2026-05-05T00:30:04.805Z  INFO 1 --- [zil-additional-service] [   scheduling-1] r.a.observability.ObservabilityService   : LAB9 Observability window=1m category=http.main.cars count=2633 sumNanos=427362228384 avgNanos=162309999
zil-additional-service  | 2026-05-05T00:30:04.805Z  INFO 1 --- [zil-additional-service] [   scheduling-1] r.a.observability.ObservabilityService   : LAB9 Observability window=1m category=web.additional.availability_new count=314 sumNanos=101793753850 avgNanos=324183929
zil-additional-service  | 2026-05-05T00:30:04.805Z  INFO 1 --- [zil-additional-service] [   scheduling-1] r.a.observability.ObservabilityService   : LAB9 Observability window=1m category=additional.statsComputation.availability.allCitiesAllDates count=314 sumNanos=45884158 avgNanos=146127
zil-additional-service  | 2026-05-05T00:30:08.862Z  INFO 1 --- [zil-additional-service] [   scheduling-1] r.additional.service.ClientCacheService  : [client-cache-statistics] Client cache size=1000
zil-additional-service  | 2026-05-05T00:30:09.806Z  INFO 1 --- [zil-additional-service] [   scheduling-1] r.a.observability.ObservabilityService   : LAB9 Observability window=10s category=additional.statsComputation.stats count=453 sumNanos=16329 avgNanos=36
zil-additional-service  | 2026-05-05T00:30:09.806Z  INFO 1 --- [zil-additional-service] [   scheduling-1] r.a.observability.ObservabilityService   : LAB9 Observability window=10s category=web.additional.stats count=453 sumNanos=147771628359 avgNanos=326206685
zil-additional-service  | 2026-05-05T00:30:09.806Z  INFO 1 --- [zil-additional-service] [   scheduling-1] r.a.observability.ObservabilityService   : LAB9 Observability window=10s category=http.main.rents count=484 sumNanos=78727959389 avgNanos=162661073
zil-additional-service  | 2026-05-05T00:30:09.806Z  INFO 1 --- [zil-additional-service] [   scheduling-1] r.a.observability.ObservabilityService   : LAB9 Observability window=10s category=http.main.cars count=481 sumNanos=78831395130 avgNanos=163890634
zil-additional-service  | 2026-05-05T00:30:09.806Z  INFO 1 --- [zil-additional-service] [   scheduling-1] r.a.observability.ObservabilityService   : LAB9 Observability window=10s category=web.additional.availability_new count=31 sumNanos=10312089492 avgNanos=332648048
zil-additional-service  | 2026-05-05T00:30:09.806Z  INFO 1 --- [zil-additional-service] [   scheduling-1] r.a.observability.ObservabilityService   : LAB9 Observability window=10s category=additional.statsComputation.availability.allCitiesAllDates count=31 sumNanos=4091253 avgNanos=131975
zil-additional-service  | 2026-05-05T00:30:09.806Z  INFO 1 --- [zil-additional-service] [   scheduling-1] r.a.observability.ObservabilityService   : LAB9 Observability window=30s category=additional.statsComputation.stats count=1363 sumNanos=49293 avgNanos=36
zil-additional-service  | 2026-05-05T00:30:09.806Z  INFO 1 --- [zil-additional-service] [   scheduling-1] r.a.observability.ObservabilityService   : LAB9 Observability window=30s category=web.additional.stats count=1363 sumNanos=445063299208 avgNanos=326532134
zil-additional-service  | 2026-05-05T00:30:09.806Z  INFO 1 --- [zil-additional-service] [   scheduling-1] r.a.observability.ObservabilityService   : LAB9 Observability window=30s category=http.main.rents count=1439 sumNanos=237983984999 avgNanos=165381504
zil-additional-service  | 2026-05-05T00:30:09.806Z  INFO 1 --- [zil-additional-service] [   scheduling-1] r.a.observability.ObservabilityService   : LAB9 Observability window=30s category=http.main.cars count=1437 sumNanos=232267839102 avgNanos=161633847
zil-additional-service  | 2026-05-05T00:30:09.807Z  INFO 1 --- [zil-additional-service] [   scheduling-1] r.a.observability.ObservabilityService   : LAB9 Observability window=30s category=web.additional.availability_new count=76 sumNanos=25357602951 avgNanos=333652670
zil-additional-service  | 2026-05-05T00:30:09.807Z  INFO 1 --- [zil-additional-service] [   scheduling-1] r.a.observability.ObservabilityService   : LAB9 Observability window=30s category=additional.statsComputation.availability.allCitiesAllDates count=76 sumNanos=9594439 avgNanos=126242
zil-additional-service  | 2026-05-05T00:30:09.807Z  INFO 1 --- [zil-additional-service] [   scheduling-1] r.a.observability.ObservabilityService   : LAB9 Observability window=1m category=additional.statsComputation.stats count=2424 sumNanos=705345 avgNanos=290
zil-additional-service  | 2026-05-05T00:30:09.807Z  INFO 1 --- [zil-additional-service] [   scheduling-1] r.a.observability.ObservabilityService   : LAB9 Observability window=1m category=web.additional.stats count=2424 sumNanos=794933978324 avgNanos=327943060
zil-additional-service  | 2026-05-05T00:30:09.807Z  INFO 1 --- [zil-additional-service] [   scheduling-1] r.a.observability.ObservabilityService   : LAB9 Observability window=1m category=http.main.rents count=2631 sumNanos=435069436675 avgNanos=165362765
zil-additional-service  | 2026-05-05T00:30:09.807Z  INFO 1 --- [zil-additional-service] [   scheduling-1] r.a.observability.ObservabilityService   : LAB9 Observability window=1m category=http.main.cars count=2627 sumNanos=426560521718 avgNanos=162375531
zil-additional-service  | 2026-05-05T00:30:09.807Z  INFO 1 --- [zil-additional-service] [   scheduling-1] r.a.observability.ObservabilityService   : LAB9 Observability window=1m category=web.additional.availability_new count=207 sumNanos=67303164050 avgNanos=325136058
zil-additional-service  | 2026-05-05T00:30:09.807Z  INFO 1 --- [zil-additional-service] [   scheduling-1] r.a.observability.ObservabilityService   : LAB9 Observability window=1m category=additional.statsComputation.availability.allCitiesAllDates count=207 sumNanos=26404449 avgNanos=127557
zil-additional-service  | 2026-05-05T00:30:14.807Z  INFO 1 --- [zil-additional-service] [   scheduling-1] r.a.observability.ObservabilityService   : LAB9 Observability window=10s category=additional.statsComputation.stats count=458 sumNanos=16444 avgNanos=35
zil-additional-service  | 2026-05-05T00:30:14.808Z  INFO 1 --- [zil-additional-service] [   scheduling-1] r.a.observability.ObservabilityService   : LAB9 Observability window=10s category=web.additional.stats count=458 sumNanos=151404764064 avgNanos=330578087
zil-additional-service  | 2026-05-05T00:30:14.808Z  INFO 1 --- [zil-additional-service] [   scheduling-1] r.a.observability.ObservabilityService   : LAB9 Observability window=10s category=http.main.rents count=478 sumNanos=80016580833 avgNanos=167398704
zil-additional-service  | 2026-05-05T00:30:14.808Z  INFO 1 --- [zil-additional-service] [   scheduling-1] r.a.observability.ObservabilityService   : LAB9 Observability window=10s category=http.main.cars count=476 sumNanos=77441082695 avgNanos=162691350
zil-additional-service  | 2026-05-05T00:30:14.808Z  INFO 1 --- [zil-additional-service] [   scheduling-1] r.a.observability.ObservabilityService   : LAB9 Observability window=10s category=web.additional.availability_new count=20 sumNanos=6219523814 avgNanos=310976190
zil-additional-service  | 2026-05-05T00:30:14.808Z  INFO 1 --- [zil-additional-service] [   scheduling-1] r.a.observability.ObservabilityService   : LAB9 Observability window=10s category=additional.statsComputation.availability.allCitiesAllDates count=20 sumNanos=2033756 avgNanos=101687
zil-additional-service  | 2026-05-05T00:30:14.809Z  INFO 1 --- [zil-additional-service] [   scheduling-1] r.a.observability.ObservabilityService   : LAB9 Observability window=30s category=additional.statsComputation.stats count=1363 sumNanos=49346 avgNanos=36
zil-additional-service  | 2026-05-05T00:30:14.809Z  INFO 1 --- [zil-additional-service] [   scheduling-1] r.a.observability.ObservabilityService   : LAB9 Observability window=30s category=web.additional.stats count=1363 sumNanos=445869298022 avgNanos=327123476
zil-additional-service  | 2026-05-05T00:30:14.809Z  INFO 1 --- [zil-additional-service] [   scheduling-1] r.a.observability.ObservabilityService   : LAB9 Observability window=30s category=http.main.rents count=1437 sumNanos=237877459830 avgNanos=165537550
zil-additional-service  | 2026-05-05T00:30:14.809Z  INFO 1 --- [zil-additional-service] [   scheduling-1] r.a.observability.ObservabilityService   : LAB9 Observability window=30s category=http.main.cars count=1438 sumNanos=232509721963 avgNanos=161689653
zil-additional-service  | 2026-05-05T00:30:14.809Z  INFO 1 --- [zil-additional-service] [   scheduling-1] r.a.observability.ObservabilityService   : LAB9 Observability window=30s category=web.additional.availability_new count=74 sumNanos=24399915576 avgNanos=329728588
zil-additional-service  | 2026-05-05T00:30:14.809Z  INFO 1 --- [zil-additional-service] [   scheduling-1] r.a.observability.ObservabilityService   : LAB9 Observability window=30s category=additional.statsComputation.availability.allCitiesAllDates count=74 sumNanos=9208598 avgNanos=124440
zil-additional-service  | 2026-05-05T00:30:14.809Z  INFO 1 --- [zil-additional-service] [   scheduling-1] r.a.observability.ObservabilityService   : LAB9 Observability window=1m category=additional.statsComputation.stats count=2574 sumNanos=646700 avgNanos=251
zil-additional-service  | 2026-05-05T00:30:14.810Z  INFO 1 --- [zil-additional-service] [   scheduling-1] r.a.observability.ObservabilityService   : LAB9 Observability window=1m category=web.additional.stats count=2574 sumNanos=846407799012 avgNanos=328829758
zil-additional-service  | 2026-05-05T00:30:14.810Z  INFO 1 --- [zil-additional-service] [   scheduling-1] r.a.observability.ObservabilityService   : LAB9 Observability window=1m category=http.main.rents count=2708 sumNanos=450367781627 avgNanos=166310111
zil-additional-service  | 2026-05-05T00:30:14.810Z  INFO 1 --- [zil-additional-service] [   scheduling-1] r.a.observability.ObservabilityService   : LAB9 Observability window=1m category=http.main.cars count=2717 sumNanos=441824123083 avgNanos=162614693
zil-additional-service  | 2026-05-05T00:30:14.810Z  INFO 1 --- [zil-additional-service] [   scheduling-1] r.a.observability.ObservabilityService   : LAB9 Observability window=1m category=web.additional.availability_new count=134 sumNanos=44186583341 avgNanos=329750621
zil-additional-service  | 2026-05-05T00:30:14.810Z  INFO 1 --- [zil-additional-service] [   scheduling-1] r.a.observability.ObservabilityService   : LAB9 Observability window=1m category=additional.statsComputation.availability.allCitiesAllDates count=134 sumNanos=15345205 avgNanos=114516
zil-additional-service  | 2026-05-05T00:30:18.862Z  INFO 1 --- [zil-additional-service] [   scheduling-1] r.additional.service.ClientCacheService  : [client-cache-statistics] Client cache size=1000
zil-additional-service  | 2026-05-05T00:30:19.811Z  INFO 1 --- [zil-additional-service] [   scheduling-1] r.a.observability.ObservabilityService   : LAB9 Observability window=10s category=additional.statsComputation.stats count=450 sumNanos=16299 avgNanos=36
zil-additional-service  | 2026-05-05T00:30:19.811Z  INFO 1 --- [zil-additional-service] [   scheduling-1] r.a.observability.ObservabilityService   : LAB9 Observability window=10s category=web.additional.stats count=450 sumNanos=149000520994 avgNanos=331112268
zil-additional-service  | 2026-05-05T00:30:19.811Z  INFO 1 --- [zil-additional-service] [   scheduling-1] r.a.observability.ObservabilityService   : LAB9 Observability window=10s category=http.main.rents count=475 sumNanos=79250295075 avgNanos=166842726
zil-additional-service  | 2026-05-05T00:30:19.811Z  INFO 1 --- [zil-additional-service] [   scheduling-1] r.a.observability.ObservabilityService   : LAB9 Observability window=10s category=http.main.cars count=478 sumNanos=78603307901 avgNanos=164442066
zil-additional-service  | 2026-05-05T00:30:19.811Z  INFO 1 --- [zil-additional-service] [   scheduling-1] r.a.observability.ObservabilityService   : LAB9 Observability window=10s category=web.additional.availability_new count=25 sumNanos=8291215958 avgNanos=331648638
zil-additional-service  | 2026-05-05T00:30:19.811Z  INFO 1 --- [zil-additional-service] [   scheduling-1] r.a.observability.ObservabilityService   : LAB9 Observability window=10s category=additional.statsComputation.availability.allCitiesAllDates count=25 sumNanos=3085973 avgNanos=123438
zil-additional-service  | 2026-05-05T00:30:19.812Z  INFO 1 --- [zil-additional-service] [   scheduling-1] r.a.observability.ObservabilityService   : LAB9 Observability window=30s category=additional.statsComputation.stats count=1358 sumNanos=49481 avgNanos=36
zil-additional-service  | 2026-05-05T00:30:19.812Z  INFO 1 --- [zil-additional-service] [   scheduling-1] r.a.observability.ObservabilityService   : LAB9 Observability window=30s category=web.additional.stats count=1358 sumNanos=445395796913 avgNanos=327979231
zil-additional-service  | 2026-05-05T00:30:19.812Z  INFO 1 --- [zil-additional-service] [   scheduling-1] r.a.observability.ObservabilityService   : LAB9 Observability window=30s category=http.main.rents count=1433 sumNanos=237783082092 avgNanos=165933762
zil-additional-service  | 2026-05-05T00:30:19.812Z  INFO 1 --- [zil-additional-service] [   scheduling-1] r.a.observability.ObservabilityService   : LAB9 Observability window=30s category=http.main.cars count=1435 sumNanos=232865167331 avgNanos=162275377
zil-additional-service  | 2026-05-05T00:30:19.812Z  INFO 1 --- [zil-additional-service] [   scheduling-1] r.a.observability.ObservabilityService   : LAB9 Observability window=30s category=web.additional.availability_new count=75 sumNanos=24803873297 avgNanos=330718310
zil-additional-service  | 2026-05-05T00:30:19.812Z  INFO 1 --- [zil-additional-service] [   scheduling-1] r.a.observability.ObservabilityService   : LAB9 Observability window=30s category=additional.statsComputation.availability.allCitiesAllDates count=75 sumNanos=9761412 avgNanos=130152
zil-additional-service  | 2026-05-05T00:30:19.812Z  INFO 1 --- [zil-additional-service] [   scheduling-1] r.a.observability.ObservabilityService   : LAB9 Observability window=1m category=additional.statsComputation.stats count=2724 sumNanos=588049 avgNanos=215
zil-additional-service  | 2026-05-05T00:30:19.812Z  INFO 1 --- [zil-additional-service] [   scheduling-1] r.a.observability.ObservabilityService   : LAB9 Observability window=1m category=web.additional.stats count=2724 sumNanos=894608205970 avgNanos=328417109
zil-additional-service  | 2026-05-05T00:30:19.812Z  INFO 1 --- [zil-additional-service] [   scheduling-1] r.a.observability.ObservabilityService   : LAB9 Observability window=1m category=http.main.rents count=2870 sumNanos=476161920525 avgNanos=165910076
zil-additional-service  | 2026-05-05T00:30:19.812Z  INFO 1 --- [zil-additional-service] [   scheduling-1] r.a.observability.ObservabilityService   : LAB9 Observability window=1m category=http.main.cars count=2872 sumNanos=466613687266 avgNanos=162469946
zil-additional-service  | 2026-05-05T00:30:19.812Z  INFO 1 --- [zil-additional-service] [   scheduling-1] r.a.observability.ObservabilityService   : LAB9 Observability window=1m category=web.additional.availability_new count=146 sumNanos=47833693746 avgNanos=327628039
zil-additional-service  | 2026-05-05T00:30:19.812Z  INFO 1 --- [zil-additional-service] [   scheduling-1] r.a.observability.ObservabilityService   : LAB9 Observability window=1m category=additional.statsComputation.availability.allCitiesAllDates count=146 sumNanos=17231413 avgNanos=118023
zil-additional-service  | 2026-05-05T00:30:24.813Z  INFO 1 --- [zil-additional-service] [   scheduling-1] r.a.observability.ObservabilityService   : LAB9 Observability window=10s category=additional.statsComputation.stats count=455 sumNanos=16253 avgNanos=35
zil-additional-service  | 2026-05-05T00:30:24.813Z  INFO 1 --- [zil-additional-service] [   scheduling-1] r.a.observability.ObservabilityService   : LAB9 Observability window=10s category=web.additional.stats count=455 sumNanos=148524075899 avgNanos=326426540
zil-additional-service  | 2026-05-05T00:30:24.813Z  INFO 1 --- [zil-additional-service] [   scheduling-1] r.a.observability.ObservabilityService   : LAB9 Observability window=10s category=http.main.rents count=483 sumNanos=79264643811 avgNanos=164108993
zil-additional-service  | 2026-05-05T00:30:24.813Z  INFO 1 --- [zil-additional-service] [   scheduling-1] r.a.observability.ObservabilityService   : LAB9 Observability window=10s category=http.main.cars count=485 sumNanos=78770967319 avgNanos=162414365
zil-additional-service  | 2026-05-05T00:30:24.813Z  INFO 1 --- [zil-additional-service] [   scheduling-1] r.a.observability.ObservabilityService   : LAB9 Observability window=10s category=web.additional.availability_new count=28 sumNanos=9413643825 avgNanos=336201565
zil-additional-service  | 2026-05-05T00:30:24.813Z  INFO 1 --- [zil-additional-service] [   scheduling-1] r.a.observability.ObservabilityService   : LAB9 Observability window=10s category=additional.statsComputation.availability.allCitiesAllDates count=28 sumNanos=4350347 avgNanos=155369
zil-additional-service  | 2026-05-05T00:30:24.813Z  INFO 1 --- [zil-additional-service] [   scheduling-1] r.a.observability.ObservabilityService   : LAB9 Observability window=30s category=additional.statsComputation.stats count=1355 sumNanos=48294 avgNanos=35
zil-additional-service  | 2026-05-05T00:30:24.813Z  INFO 1 --- [zil-additional-service] [   scheduling-1] r.a.observability.ObservabilityService   : LAB9 Observability window=30s category=web.additional.stats count=1355 sumNanos=444873198446 avgNanos=328319703
zil-additional-service  | 2026-05-05T00:30:24.813Z  INFO 1 --- [zil-additional-service] [   scheduling-1] r.a.observability.ObservabilityService   : LAB9 Observability window=30s category=http.main.rents count=1433 sumNanos=236736948009 avgNanos=165203732
zil-additional-service  | 2026-05-05T00:30:24.813Z  INFO 1 --- [zil-additional-service] [   scheduling-1] r.a.observability.ObservabilityService   : LAB9 Observability window=30s category=http.main.cars count=1437 sumNanos=234937690390 avgNanos=163491781
zil-additional-service  | 2026-05-05T00:30:24.813Z  INFO 1 --- [zil-additional-service] [   scheduling-1] r.a.observability.ObservabilityService   : LAB9 Observability window=30s category=web.additional.availability_new count=78 sumNanos=26203780502 avgNanos=335945903
zil-additional-service  | 2026-05-05T00:30:24.814Z  INFO 1 --- [zil-additional-service] [   scheduling-1] r.a.observability.ObservabilityService   : LAB9 Observability window=30s category=additional.statsComputation.availability.allCitiesAllDates count=78 sumNanos=10776405 avgNanos=138159
zil-additional-service  | 2026-05-05T00:30:24.815Z  INFO 1 --- [zil-additional-service] [   scheduling-1] r.a.observability.ObservabilityService   : LAB9 Observability window=1m category=additional.statsComputation.stats count=2726 sumNanos=399452 avgNanos=146
zil-additional-service  | 2026-05-05T00:30:24.815Z  INFO 1 --- [zil-additional-service] [   scheduling-1] r.a.observability.ObservabilityService   : LAB9 Observability window=1m category=web.additional.stats count=2726 sumNanos=895088979938 avgNanos=328352523
zil-additional-service  | 2026-05-05T00:30:24.816Z  INFO 1 --- [zil-additional-service] [   scheduling-1] r.a.observability.ObservabilityService   : LAB9 Observability window=1m category=http.main.rents count=2871 sumNanos=477134983188 avgNanos=166191216
zil-additional-service  | 2026-05-05T00:30:24.816Z  INFO 1 --- [zil-additional-service] [   scheduling-1] r.a.observability.ObservabilityService   : LAB9 Observability window=1m category=http.main.cars count=2875 sumNanos=466716898336 avgNanos=162336312
zil-additional-service  | 2026-05-05T00:30:24.816Z  INFO 1 --- [zil-additional-service] [   scheduling-1] r.a.observability.ObservabilityService   : LAB9 Observability window=1m category=web.additional.availability_new count=145 sumNanos=48058376389 avgNanos=331437078
zil-additional-service  | 2026-05-05T00:30:24.816Z  INFO 1 --- [zil-additional-service] [   scheduling-1] r.a.observability.ObservabilityService   : LAB9 Observability window=1m category=additional.statsComputation.availability.allCitiesAllDates count=145 sumNanos=18082115 avgNanos=124704
zil-additional-service  | 2026-05-05T00:30:28.862Z  INFO 1 --- [zil-additional-service] [   scheduling-1] r.additional.service.ClientCacheService  : [client-cache-statistics] Client cache size=1000
zil-additional-service  | 2026-05-05T00:30:29.817Z  INFO 1 --- [zil-additional-service] [   scheduling-1] r.a.observability.ObservabilityService   : LAB9 Observability window=10s category=additional.statsComputation.stats count=453 sumNanos=15832 avgNanos=34
zil-additional-service  | 2026-05-05T00:30:29.817Z  INFO 1 --- [zil-additional-service] [   scheduling-1] r.a.observability.ObservabilityService   : LAB9 Observability window=10s category=web.additional.stats count=453 sumNanos=148813635098 avgNanos=328506920
zil-additional-service  | 2026-05-05T00:30:29.818Z  INFO 1 --- [zil-additional-service] [   scheduling-1] r.a.observability.ObservabilityService   : LAB9 Observability window=10s category=http.main.rents count=478 sumNanos=78730426920 avgNanos=164708006
zil-additional-service  | 2026-05-05T00:30:29.818Z  INFO 1 --- [zil-additional-service] [   scheduling-1] r.a.observability.ObservabilityService   : LAB9 Observability window=10s category=http.main.cars count=480 sumNanos=79014305400 avgNanos=164613136
zil-additional-service  | 2026-05-05T00:30:29.818Z  INFO 1 --- [zil-additional-service] [   scheduling-1] r.a.observability.ObservabilityService   : LAB9 Observability window=10s category=web.additional.availability_new count=25 sumNanos=8302983698 avgNanos=332119347
zil-additional-service  | 2026-05-05T00:30:29.818Z  INFO 1 --- [zil-additional-service] [   scheduling-1] r.a.observability.ObservabilityService   : LAB9 Observability window=10s category=additional.statsComputation.availability.allCitiesAllDates count=25 sumNanos=4891943 avgNanos=195677
zil-additional-service  | 2026-05-05T00:30:29.819Z  INFO 1 --- [zil-additional-service] [   scheduling-1] r.a.observability.ObservabilityService   : LAB9 Observability window=30s category=additional.statsComputation.stats count=1356 sumNanos=48460 avgNanos=35
zil-additional-service  | 2026-05-05T00:30:29.819Z  INFO 1 --- [zil-additional-service] [   scheduling-1] r.a.observability.ObservabilityService   : LAB9 Observability window=30s category=web.additional.stats count=1356 sumNanos=445585784451 avgNanos=328603085
zil-additional-service  | 2026-05-05T00:30:29.819Z  INFO 1 --- [zil-additional-service] [   scheduling-1] r.a.observability.ObservabilityService   : LAB9 Observability window=30s category=http.main.rents count=1437 sumNanos=236708681384 avgNanos=164724204
zil-additional-service  | 2026-05-05T00:30:29.819Z  INFO 1 --- [zil-additional-service] [   scheduling-1] r.a.observability.ObservabilityService   : LAB9 Observability window=30s category=http.main.cars count=1439 sumNanos=236449008431 avgNanos=164314807
zil-additional-service  | 2026-05-05T00:30:29.819Z  INFO 1 --- [zil-additional-service] [   scheduling-1] r.a.observability.ObservabilityService   : LAB9 Observability window=30s category=web.additional.availability_new count=81 sumNanos=26906289148 avgNanos=332176409
zil-additional-service  | 2026-05-05T00:30:29.819Z  INFO 1 --- [zil-additional-service] [   scheduling-1] r.a.observability.ObservabilityService   : LAB9 Observability window=30s category=additional.statsComputation.availability.allCitiesAllDates count=81 sumNanos=12069169 avgNanos=149002
zil-additional-service  | 2026-05-05T00:30:29.819Z  INFO 1 --- [zil-additional-service] [   scheduling-1] r.a.observability.ObservabilityService   : LAB9 Observability window=1m category=additional.statsComputation.stats count=2726 sumNanos=210011 avgNanos=77
zil-additional-service  | 2026-05-05T00:30:29.819Z  INFO 1 --- [zil-additional-service] [   scheduling-1] r.a.observability.ObservabilityService   : LAB9 Observability window=1m category=web.additional.stats count=2726 sumNanos=893201520360 avgNanos=327660132
zil-additional-service  | 2026-05-05T00:30:29.819Z  INFO 1 --- [zil-additional-service] [   scheduling-1] r.a.observability.ObservabilityService   : LAB9 Observability window=1m category=http.main.rents count=2875 sumNanos=476647570127 avgNanos=165790459
zil-additional-service  | 2026-05-05T00:30:29.819Z  INFO 1 --- [zil-additional-service] [   scheduling-1] r.a.observability.ObservabilityService   : LAB9 Observability window=1m category=http.main.cars count=2873 sumNanos=465814137202 avgNanos=162135098
zil-additional-service  | 2026-05-05T00:30:29.820Z  INFO 1 --- [zil-additional-service] [   scheduling-1] r.a.observability.ObservabilityService   : LAB9 Observability window=1m category=web.additional.availability_new count=149 sumNanos=49076183571 avgNanos=329370359
zil-additional-service  | 2026-05-05T00:30:29.820Z  INFO 1 --- [zil-additional-service] [   scheduling-1] r.a.observability.ObservabilityService   : LAB9 Observability window=1m category=additional.statsComputation.availability.allCitiesAllDates count=149 sumNanos=19931057 avgNanos=133765
zil-additional-service  | 2026-05-05T00:30:34.820Z  INFO 1 --- [zil-additional-service] [   scheduling-1] r.a.observability.ObservabilityService   : LAB9 Observability window=10s category=additional.statsComputation.stats count=451 sumNanos=15957 avgNanos=35
zil-additional-service  | 2026-05-05T00:30:34.821Z  INFO 1 --- [zil-additional-service] [   scheduling-1] r.a.observability.ObservabilityService   : LAB9 Observability window=10s category=web.additional.stats count=451 sumNanos=148023789752 avgNanos=328212394
zil-additional-service  | 2026-05-05T00:30:34.821Z  INFO 1 --- [zil-additional-service] [   scheduling-1] r.a.observability.ObservabilityService   : LAB9 Observability window=10s category=http.main.rents count=479 sumNanos=77192988699 avgNanos=161154464
zil-additional-service  | 2026-05-05T00:30:34.822Z  INFO 1 --- [zil-additional-service] [   scheduling-1] r.a.observability.ObservabilityService   : LAB9 Observability window=10s category=http.main.cars count=476 sumNanos=79265252381 avgNanos=166523639
zil-additional-service  | 2026-05-05T00:30:34.822Z  INFO 1 --- [zil-additional-service] [   scheduling-1] r.a.observability.ObservabilityService   : LAB9 Observability window=10s category=web.additional.availability_new count=28 sumNanos=9031076098 avgNanos=322538432
zil-additional-service  | 2026-05-05T00:30:34.822Z  INFO 1 --- [zil-additional-service] [   scheduling-1] r.a.observability.ObservabilityService   : LAB9 Observability window=10s category=additional.statsComputation.availability.allCitiesAllDates count=28 sumNanos=5970909 avgNanos=213246
zil-additional-service  | 2026-05-05T00:30:34.822Z  INFO 1 --- [zil-additional-service] [   scheduling-1] r.a.observability.ObservabilityService   : LAB9 Observability window=30s category=additional.statsComputation.stats count=1362 sumNanos=48584 avgNanos=35
zil-additional-service  | 2026-05-05T00:30:34.824Z  INFO 1 --- [zil-additional-service] [   scheduling-1] r.a.observability.ObservabilityService   : LAB9 Observability window=30s category=web.additional.stats count=1362 sumNanos=447344046270 avgNanos=328446436
zil-additional-service  | 2026-05-05T00:30:34.825Z  INFO 1 --- [zil-additional-service] [   scheduling-1] r.a.observability.ObservabilityService   : LAB9 Observability window=30s category=http.main.rents count=1438 sumNanos=236148874174 avgNanos=164220357
zil-additional-service  | 2026-05-05T00:30:34.825Z  INFO 1 --- [zil-additional-service] [   scheduling-1] r.a.observability.ObservabilityService   : LAB9 Observability window=30s category=http.main.cars count=1436 sumNanos=235304833601 avgNanos=163861304
zil-additional-service  | 2026-05-05T00:30:34.825Z  INFO 1 --- [zil-additional-service] [   scheduling-1] r.a.observability.ObservabilityService   : LAB9 Observability window=30s category=web.additional.availability_new count=76 sumNanos=24664243737 avgNanos=324529522
zil-additional-service  | 2026-05-05T00:30:34.825Z  INFO 1 --- [zil-additional-service] [   scheduling-1] r.a.observability.ObservabilityService   : LAB9 Observability window=30s category=additional.statsComputation.availability.allCitiesAllDates count=76 sumNanos=12355012 avgNanos=162565
zil-additional-service  | 2026-05-05T00:30:34.826Z  INFO 1 --- [zil-additional-service] [   scheduling-1] r.a.observability.ObservabilityService   : LAB9 Observability window=1m category=additional.statsComputation.stats count=2719 sumNanos=97595 avgNanos=35
zil-additional-service  | 2026-05-05T00:30:34.826Z  INFO 1 --- [zil-additional-service] [   scheduling-1] r.a.observability.ObservabilityService   : LAB9 Observability window=1m category=web.additional.stats count=2719 sumNanos=890449127305 avgNanos=327491403
zil-additional-service  | 2026-05-05T00:30:34.826Z  INFO 1 --- [zil-additional-service] [   scheduling-1] r.a.observability.ObservabilityService   : LAB9 Observability window=1m category=http.main.rents count=2874 sumNanos=474382858340 avgNanos=165060145
zil-additional-service  | 2026-05-05T00:30:34.826Z  INFO 1 --- [zil-additional-service] [   scheduling-1] r.a.observability.ObservabilityService   : LAB9 Observability window=1m category=http.main.cars count=2875 sumNanos=467091420157 avgNanos=162466580
zil-additional-service  | 2026-05-05T00:30:34.826Z  INFO 1 --- [zil-additional-service] [   scheduling-1] r.a.observability.ObservabilityService   : LAB9 Observability window=1m category=web.additional.availability_new count=155 sumNanos=51062339508 avgNanos=329434448
zil-additional-service  | 2026-05-05T00:30:34.826Z  INFO 1 --- [zil-additional-service] [   scheduling-1] r.a.observability.ObservabilityService   : LAB9 Observability window=1m category=additional.statsComputation.availability.allCitiesAllDates count=155 sumNanos=22364370 avgNanos=144286
zil-additional-service  | 2026-05-05T00:30:38.862Z  INFO 1 --- [zil-additional-service] [   scheduling-1] r.additional.service.ClientCacheService  : [client-cache-statistics] Client cache size=1000
zil-additional-service  | 2026-05-05T00:30:39.828Z  INFO 1 --- [zil-additional-service] [   scheduling-1] r.a.observability.ObservabilityService   : LAB9 Observability window=10s category=additional.statsComputation.stats count=454 sumNanos=15952 avgNanos=35
zil-additional-service  | 2026-05-05T00:30:39.828Z  INFO 1 --- [zil-additional-service] [   scheduling-1] r.a.observability.ObservabilityService   : LAB9 Observability window=10s category=web.additional.stats count=454 sumNanos=147046600107 avgNanos=323891189
zil-additional-service  | 2026-05-05T00:30:39.828Z  INFO 1 --- [zil-additional-service] [   scheduling-1] r.a.observability.ObservabilityService   : LAB9 Observability window=10s category=http.main.rents count=486 sumNanos=78112532687 avgNanos=160725375
zil-additional-service  | 2026-05-05T00:30:39.828Z  INFO 1 --- [zil-additional-service] [   scheduling-1] r.a.observability.ObservabilityService   : LAB9 Observability window=10s category=http.main.cars count=484 sumNanos=78955736642 avgNanos=163131687
zil-additional-service  | 2026-05-05T00:30:39.828Z  INFO 1 --- [zil-additional-service] [   scheduling-1] r.a.observability.ObservabilityService   : LAB9 Observability window=10s category=web.additional.availability_new count=32 sumNanos=10962177181 avgNanos=342568036
zil-additional-service  | 2026-05-05T00:30:39.828Z  INFO 1 --- [zil-additional-service] [   scheduling-1] r.a.observability.ObservabilityService   : LAB9 Observability window=10s category=additional.statsComputation.availability.allCitiesAllDates count=32 sumNanos=4686745 avgNanos=146460
zil-additional-service  | 2026-05-05T00:30:39.829Z  INFO 1 --- [zil-additional-service] [   scheduling-1] r.a.observability.ObservabilityService   : LAB9 Observability window=30s category=additional.statsComputation.stats count=1358 sumNanos=48119 avgNanos=35
zil-additional-service  | 2026-05-05T00:30:39.829Z  INFO 1 --- [zil-additional-service] [   scheduling-1] r.a.observability.ObservabilityService   : LAB9 Observability window=30s category=web.additional.stats count=1358 sumNanos=445145792423 avgNanos=327795134
zil-additional-service  | 2026-05-05T00:30:39.829Z  INFO 1 --- [zil-additional-service] [   scheduling-1] r.a.observability.ObservabilityService   : LAB9 Observability window=30s category=http.main.rents count=1440 sumNanos=236231795476 avgNanos=164049857
zil-additional-service  | 2026-05-05T00:30:39.829Z  INFO 1 --- [zil-additional-service] [   scheduling-1] r.a.observability.ObservabilityService   : LAB9 Observability window=30s category=http.main.cars count=1442 sumNanos=236573349943 avgNanos=164059188
zil-additional-service  | 2026-05-05T00:30:39.829Z  INFO 1 --- [zil-additional-service] [   scheduling-1] r.a.observability.ObservabilityService   : LAB9 Observability window=30s category=web.additional.availability_new count=82 sumNanos=27556376837 avgNanos=336053376
zil-additional-service  | 2026-05-05T00:30:39.829Z  INFO 1 --- [zil-additional-service] [   scheduling-1] r.a.observability.ObservabilityService   : LAB9 Observability window=30s category=additional.statsComputation.availability.allCitiesAllDates count=82 sumNanos=12664661 avgNanos=154447
zil-additional-service  | 2026-05-05T00:30:39.829Z  INFO 1 --- [zil-additional-service] [   scheduling-1] r.a.observability.ObservabilityService   : LAB9 Observability window=1m category=additional.statsComputation.stats count=2720 sumNanos=97379 avgNanos=35
zil-additional-service  | 2026-05-05T00:30:39.830Z  INFO 1 --- [zil-additional-service] [   scheduling-1] r.a.observability.ObservabilityService   : LAB9 Observability window=1m category=web.additional.stats count=2720 sumNanos=889982213053 avgNanos=327199343
zil-additional-service  | 2026-05-05T00:30:39.830Z  INFO 1 --- [zil-additional-service] [   scheduling-1] r.a.observability.ObservabilityService   : LAB9 Observability window=1m category=http.main.rents count=2878 sumNanos=474094379723 avgNanos=164730500
zil-additional-service  | 2026-05-05T00:30:39.830Z  INFO 1 --- [zil-additional-service] [   scheduling-1] r.a.observability.ObservabilityService   : LAB9 Observability window=1m category=http.main.cars count=2879 sumNanos=468841189045 avgNanos=162848624
zil-additional-service  | 2026-05-05T00:30:39.830Z  INFO 1 --- [zil-additional-service] [   scheduling-1] r.a.observability.ObservabilityService   : LAB9 Observability window=1m category=web.additional.availability_new count=158 sumNanos=52913979788 avgNanos=334898606
zil-additional-service  | 2026-05-05T00:30:39.830Z  INFO 1 --- [zil-additional-service] [   scheduling-1] r.a.observability.ObservabilityService   : LAB9 Observability window=1m category=additional.statsComputation.availability.allCitiesAllDates count=158 sumNanos=22259100 avgNanos=140880
zil-additional-service  | 2026-05-05T00:30:44.831Z  INFO 1 --- [zil-additional-service] [   scheduling-1] r.a.observability.ObservabilityService   : LAB9 Observability window=10s category=additional.statsComputation.stats count=452 sumNanos=16594 avgNanos=36
zil-additional-service  | 2026-05-05T00:30:44.831Z  INFO 1 --- [zil-additional-service] [   scheduling-1] r.a.observability.ObservabilityService   : LAB9 Observability window=10s category=web.additional.stats count=452 sumNanos=148212512091 avgNanos=327903787
zil-additional-service  | 2026-05-05T00:30:44.831Z  INFO 1 --- [zil-additional-service] [   scheduling-1] r.a.observability.ObservabilityService   : LAB9 Observability window=10s category=http.main.rents count=478 sumNanos=78725345158 avgNanos=164697374
zil-additional-service  | 2026-05-05T00:30:44.831Z  INFO 1 --- [zil-additional-service] [   scheduling-1] r.a.observability.ObservabilityService   : LAB9 Observability window=10s category=http.main.cars count=477 sumNanos=78631651124 avgNanos=164846228
zil-additional-service  | 2026-05-05T00:30:44.831Z  INFO 1 --- [zil-additional-service] [   scheduling-1] r.a.observability.ObservabilityService   : LAB9 Observability window=10s category=web.additional.availability_new count=26 sumNanos=9096389041 avgNanos=349861116
zil-additional-service  | 2026-05-05T00:30:44.831Z  INFO 1 --- [zil-additional-service] [   scheduling-1] r.a.observability.ObservabilityService   : LAB9 Observability window=10s category=additional.statsComputation.availability.allCitiesAllDates count=26 sumNanos=2745850 avgNanos=105609
zil-additional-service  | 2026-05-05T00:30:44.831Z  INFO 1 --- [zil-additional-service] [   scheduling-1] r.a.observability.ObservabilityService   : LAB9 Observability window=30s category=additional.statsComputation.stats count=1358 sumNanos=48804 avgNanos=35
zil-additional-service  | 2026-05-05T00:30:44.831Z  INFO 1 --- [zil-additional-service] [   scheduling-1] r.a.observability.ObservabilityService   : LAB9 Observability window=30s category=web.additional.stats count=1358 sumNanos=444760377742 avgNanos=327511323
zil-additional-service  | 2026-05-05T00:30:44.831Z  INFO 1 --- [zil-additional-service] [   scheduling-1] r.a.observability.ObservabilityService   : LAB9 Observability window=30s category=http.main.rents count=1440 sumNanos=235182977668 avgNanos=163321512
zil-additional-service  | 2026-05-05T00:30:44.831Z  INFO 1 --- [zil-additional-service] [   scheduling-1] r.a.observability.ObservabilityService   : LAB9 Observability window=30s category=http.main.cars count=1439 sumNanos=237048921404 avgNanos=164731703
zil-additional-service  | 2026-05-05T00:30:44.831Z  INFO 1 --- [zil-additional-service] [   scheduling-1] r.a.observability.ObservabilityService   : LAB9 Observability window=30s category=web.additional.availability_new count=82 sumNanos=27541108964 avgNanos=335867182
zil-additional-service  | 2026-05-05T00:30:44.831Z  INFO 1 --- [zil-additional-service] [   scheduling-1] r.a.observability.ObservabilityService   : LAB9 Observability window=30s category=additional.statsComputation.availability.allCitiesAllDates count=82 sumNanos=13067106 avgNanos=159354
zil-additional-service  | 2026-05-05T00:30:44.831Z  INFO 1 --- [zil-additional-service] [   scheduling-1] r.a.observability.ObservabilityService   : LAB9 Observability window=1m category=additional.statsComputation.stats count=2721 sumNanos=98150 avgNanos=36
zil-additional-service  | 2026-05-05T00:30:44.831Z  INFO 1 --- [zil-additional-service] [   scheduling-1] r.a.observability.ObservabilityService   : LAB9 Observability window=1m category=web.additional.stats count=2721 sumNanos=890629675764 avgNanos=327317043
zil-additional-service  | 2026-05-05T00:30:44.831Z  INFO 1 --- [zil-additional-service] [   scheduling-1] r.a.observability.ObservabilityService   : LAB9 Observability window=1m category=http.main.rents count=2877 sumNanos=473060437498 avgNanos=164428375
zil-additional-service  | 2026-05-05T00:30:44.831Z  INFO 1 --- [zil-additional-service] [   scheduling-1] r.a.observability.ObservabilityService   : LAB9 Observability window=1m category=http.main.cars count=2876 sumNanos=469360421834 avgNanos=163199034
zil-additional-service  | 2026-05-05T00:30:44.832Z  INFO 1 --- [zil-additional-service] [   scheduling-1] r.a.observability.ObservabilityService   : LAB9 Observability window=1m category=web.additional.availability_new count=156 sumNanos=51941024540 avgNanos=332955285
zil-additional-service  | 2026-05-05T00:30:44.832Z  INFO 1 --- [zil-additional-service] [   scheduling-1] r.a.observability.ObservabilityService   : LAB9 Observability window=1m category=additional.statsComputation.availability.allCitiesAllDates count=156 sumNanos=22275704 avgNanos=142792
zil-additional-service  | 2026-05-05T00:30:48.862Z  INFO 1 --- [zil-additional-service] [   scheduling-1] r.additional.service.ClientCacheService  : [client-cache-statistics] Client cache size=1000
zil-additional-service  | 2026-05-05T00:30:49.840Z  INFO 1 --- [zil-additional-service] [   scheduling-1] r.a.observability.ObservabilityService   : LAB9 Observability window=10s category=additional.statsComputation.stats count=456 sumNanos=16692 avgNanos=36
zil-additional-service  | 2026-05-05T00:30:49.840Z  INFO 1 --- [zil-additional-service] [   scheduling-1] r.a.observability.ObservabilityService   : LAB9 Observability window=10s category=web.additional.stats count=456 sumNanos=150033444918 avgNanos=329020712
zil-additional-service  | 2026-05-05T00:30:49.840Z  INFO 1 --- [zil-additional-service] [   scheduling-1] r.a.observability.ObservabilityService   : LAB9 Observability window=10s category=http.main.rents count=478 sumNanos=78697120602 avgNanos=164638327
zil-additional-service  | 2026-05-05T00:30:49.840Z  INFO 1 --- [zil-additional-service] [   scheduling-1] r.a.observability.ObservabilityService   : LAB9 Observability window=10s category=http.main.cars count=479 sumNanos=78729402270 avgNanos=164362008
zil-additional-service  | 2026-05-05T00:30:49.840Z  INFO 1 --- [zil-additional-service] [   scheduling-1] r.a.observability.ObservabilityService   : LAB9 Observability window=10s category=web.additional.availability_new count=22 sumNanos=7252981291 avgNanos=329680967
zil-additional-service  | 2026-05-05T00:30:49.840Z  INFO 1 --- [zil-additional-service] [   scheduling-1] r.a.observability.ObservabilityService   : LAB9 Observability window=10s category=additional.statsComputation.availability.allCitiesAllDates count=22 sumNanos=3089373 avgNanos=140426
zil-additional-service  | 2026-05-05T00:30:49.841Z  INFO 1 --- [zil-additional-service] [   scheduling-1] r.a.observability.ObservabilityService   : LAB9 Observability window=30s category=additional.statsComputation.stats count=1362 sumNanos=48449 avgNanos=35
zil-additional-service  | 2026-05-05T00:30:49.841Z  INFO 1 --- [zil-additional-service] [   scheduling-1] r.a.observability.ObservabilityService   : LAB9 Observability window=30s category=web.additional.stats count=1362 sumNanos=445551505000 avgNanos=327130326
zil-additional-service  | 2026-05-05T00:30:49.842Z  INFO 1 --- [zil-additional-service] [   scheduling-1] r.a.observability.ObservabilityService   : LAB9 Observability window=30s category=http.main.rents count=1441 sumNanos=235307884417 avgNanos=163294853
zil-additional-service  | 2026-05-05T00:30:49.842Z  INFO 1 --- [zil-additional-service] [   scheduling-1] r.a.observability.ObservabilityService   : LAB9 Observability window=30s category=http.main.cars count=1443 sumNanos=236699444312 avgNanos=164032878
zil-additional-service  | 2026-05-05T00:30:49.843Z  INFO 1 --- [zil-additional-service] [   scheduling-1] r.a.observability.ObservabilityService   : LAB9 Observability window=30s category=web.additional.availability_new count=79 sumNanos=26518142170 avgNanos=335672685
zil-additional-service  | 2026-05-05T00:30:49.843Z  INFO 1 --- [zil-additional-service] [   scheduling-1] r.a.observability.ObservabilityService   : LAB9 Observability window=30s category=additional.statsComputation.availability.allCitiesAllDates count=79 sumNanos=12668061 avgNanos=160355
zil-additional-service  | 2026-05-05T00:30:49.843Z  INFO 1 --- [zil-additional-service] [   scheduling-1] r.a.observability.ObservabilityService   : LAB9 Observability window=1m category=additional.statsComputation.stats count=2723 sumNanos=98028 avgNanos=36
zil-additional-service  | 2026-05-05T00:30:49.843Z  INFO 1 --- [zil-additional-service] [   scheduling-1] r.a.observability.ObservabilityService   : LAB9 Observability window=1m category=web.additional.stats count=2723 sumNanos=891892668149 avgNanos=327540458
zil-additional-service  | 2026-05-05T00:30:49.843Z  INFO 1 --- [zil-additional-service] [   scheduling-1] r.a.observability.ObservabilityService   : LAB9 Observability window=1m category=http.main.rents count=2877 sumNanos=473582433616 avgNanos=164609813
zil-additional-service  | 2026-05-05T00:30:49.843Z  INFO 1 --- [zil-additional-service] [   scheduling-1] r.a.observability.ObservabilityService   : LAB9 Observability window=1m category=http.main.cars count=2878 sumNanos=469574866623 avgNanos=163160134
zil-additional-service  | 2026-05-05T00:30:49.843Z  INFO 1 --- [zil-additional-service] [   scheduling-1] r.a.observability.ObservabilityService   : LAB9 Observability window=1m category=web.additional.availability_new count=154 sumNanos=51322015467 avgNanos=333259840
zil-additional-service  | 2026-05-05T00:30:49.843Z  INFO 1 --- [zil-additional-service] [   scheduling-1] r.a.observability.ObservabilityService   : LAB9 Observability window=1m category=additional.statsComputation.availability.allCitiesAllDates count=154 sumNanos=22429473 avgNanos=145645
zil-additional-service  | 2026-05-05T00:30:54.844Z  INFO 1 --- [zil-additional-service] [   scheduling-1] r.a.observability.ObservabilityService   : LAB9 Observability window=10s category=additional.statsComputation.stats count=460 sumNanos=17963 avgNanos=39
zil-additional-service  | 2026-05-05T00:30:54.844Z  INFO 1 --- [zil-additional-service] [   scheduling-1] r.a.observability.ObservabilityService   : LAB9 Observability window=10s category=web.additional.stats count=460 sumNanos=149691401197 avgNanos=325416089
zil-additional-service  | 2026-05-05T00:30:54.844Z  INFO 1 --- [zil-additional-service] [   scheduling-1] r.a.observability.ObservabilityService   : LAB9 Observability window=10s category=http.main.rents count=483 sumNanos=78758221810 avgNanos=163060500
zil-additional-service  | 2026-05-05T00:30:54.846Z  INFO 1 --- [zil-additional-service] [   scheduling-1] r.a.observability.ObservabilityService   : LAB9 Observability window=10s category=http.main.cars count=484 sumNanos=78615832114 avgNanos=162429405
zil-additional-service  | 2026-05-05T00:30:54.846Z  INFO 1 --- [zil-additional-service] [   scheduling-1] r.a.observability.ObservabilityService   : LAB9 Observability window=10s category=web.additional.availability_new count=23 sumNanos=7534110565 avgNanos=327570024
zil-additional-service  | 2026-05-05T00:30:54.846Z  INFO 1 --- [zil-additional-service] [   scheduling-1] r.a.observability.ObservabilityService   : LAB9 Observability window=10s category=additional.statsComputation.availability.allCitiesAllDates count=23 sumNanos=2954927 avgNanos=128475
zil-additional-service  | 2026-05-05T00:30:54.846Z  INFO 1 --- [zil-additional-service] [   scheduling-1] r.a.observability.ObservabilityService   : LAB9 Observability window=30s category=additional.statsComputation.stats count=1363 sumNanos=50518 avgNanos=37
zil-additional-service  | 2026-05-05T00:30:54.846Z  INFO 1 --- [zil-additional-service] [   scheduling-1] r.a.observability.ObservabilityService   : LAB9 Observability window=30s category=web.additional.stats count=1363 sumNanos=446012543102 avgNanos=327228571
zil-additional-service  | 2026-05-05T00:30:54.846Z  INFO 1 --- [zil-additional-service] [   scheduling-1] r.a.observability.ObservabilityService   : LAB9 Observability window=30s category=http.main.rents count=1440 sumNanos=234697990652 avgNanos=162984715
zil-additional-service  | 2026-05-05T00:30:54.846Z  INFO 1 --- [zil-additional-service] [   scheduling-1] r.a.observability.ObservabilityService   : LAB9 Observability window=30s category=http.main.cars count=1438 sumNanos=236893786199 avgNanos=164738377
zil-additional-service  | 2026-05-05T00:30:54.846Z  INFO 1 --- [zil-additional-service] [   scheduling-1] r.a.observability.ObservabilityService   : LAB9 Observability window=30s category=web.additional.availability_new count=77 sumNanos=25661575704 avgNanos=333267216
zil-additional-service  | 2026-05-05T00:30:54.846Z  INFO 1 --- [zil-additional-service] [   scheduling-1] r.a.observability.ObservabilityService   : LAB9 Observability window=30s category=additional.statsComputation.availability.allCitiesAllDates count=77 sumNanos=11671686 avgNanos=151580
zil-additional-service  | 2026-05-05T00:30:54.847Z  INFO 1 --- [zil-additional-service] [   scheduling-1] r.a.observability.ObservabilityService   : LAB9 Observability window=1m category=additional.statsComputation.stats count=2718 sumNanos=98804 avgNanos=36
zil-additional-service  | 2026-05-05T00:30:54.847Z  INFO 1 --- [zil-additional-service] [   scheduling-1] r.a.observability.ObservabilityService   : LAB9 Observability window=1m category=web.additional.stats count=2718 sumNanos=890900798214 avgNanos=327778071
zil-additional-service  | 2026-05-05T00:30:54.847Z  INFO 1 --- [zil-additional-service] [   scheduling-1] r.a.observability.ObservabilityService   : LAB9 Observability window=1m category=http.main.rents count=2872 sumNanos=471357004700 avgNanos=164121519
zil-additional-service  | 2026-05-05T00:30:54.847Z  INFO 1 --- [zil-additional-service] [   scheduling-1] r.a.observability.ObservabilityService   : LAB9 Observability window=1m category=http.main.cars count=2874 sumNanos=471726725435 avgNanos=164135951
zil-additional-service  | 2026-05-05T00:30:54.847Z  INFO 1 --- [zil-additional-service] [   scheduling-1] r.a.observability.ObservabilityService   : LAB9 Observability window=1m category=web.additional.availability_new count=154 sumNanos=51619933262 avgNanos=335194371
zil-additional-service  | 2026-05-05T00:30:54.847Z  INFO 1 --- [zil-additional-service] [   scheduling-1] r.a.observability.ObservabilityService   : LAB9 Observability window=1m category=additional.statsComputation.availability.allCitiesAllDates count=154 sumNanos=22333569 avgNanos=145023
zil-additional-service  | 2026-05-05T00:30:58.862Z  INFO 1 --- [zil-additional-service] [   scheduling-1] r.additional.service.ClientCacheService  : [client-cache-statistics] Client cache size=1000
zil-additional-service  | 2026-05-05T00:30:59.848Z  INFO 1 --- [zil-additional-service] [   scheduling-1] r.a.observability.ObservabilityService   : LAB9 Observability window=10s category=additional.statsComputation.stats count=453 sumNanos=17703 avgNanos=39
zil-additional-service  | 2026-05-05T00:30:59.848Z  INFO 1 --- [zil-additional-service] [   scheduling-1] r.a.observability.ObservabilityService   : LAB9 Observability window=10s category=web.additional.stats count=453 sumNanos=148677546752 avgNanos=328206504
zil-additional-service  | 2026-05-05T00:30:59.849Z  INFO 1 --- [zil-additional-service] [   scheduling-1] r.a.observability.ObservabilityService   : LAB9 Observability window=10s category=http.main.rents count=477 sumNanos=78985668971 avgNanos=165588404
zil-additional-service  | 2026-05-05T00:30:59.850Z  INFO 1 --- [zil-additional-service] [   scheduling-1] r.a.observability.ObservabilityService   : LAB9 Observability window=10s category=http.main.cars count=475 sumNanos=77500762619 avgNanos=163159500
zil-additional-service  | 2026-05-05T00:30:59.850Z  INFO 1 --- [zil-additional-service] [   scheduling-1] r.a.observability.ObservabilityService   : LAB9 Observability window=10s category=web.additional.availability_new count=24 sumNanos=7744442309 avgNanos=322685096
zil-additional-service  | 2026-05-05T00:30:59.850Z  INFO 1 --- [zil-additional-service] [   scheduling-1] r.a.observability.ObservabilityService   : LAB9 Observability window=10s category=additional.statsComputation.availability.allCitiesAllDates count=24 sumNanos=5505902 avgNanos=229412
zil-additional-service  | 2026-05-05T00:30:59.850Z  INFO 1 --- [zil-additional-service] [   scheduling-1] r.a.observability.ObservabilityService   : LAB9 Observability window=30s category=additional.statsComputation.stats count=1363 sumNanos=50350 avgNanos=36
zil-additional-service  | 2026-05-05T00:30:59.850Z  INFO 1 --- [zil-additional-service] [   scheduling-1] r.a.observability.ObservabilityService   : LAB9 Observability window=30s category=web.additional.stats count=1363 sumNanos=445526214903 avgNanos=326871764
zil-additional-service  | 2026-05-05T00:30:59.850Z  INFO 1 --- [zil-additional-service] [   scheduling-1] r.a.observability.ObservabilityService   : LAB9 Observability window=30s category=http.main.rents count=1441 sumNanos=235681576580 avgNanos=163554182
zil-additional-service  | 2026-05-05T00:30:59.850Z  INFO 1 --- [zil-additional-service] [   scheduling-1] r.a.observability.ObservabilityService   : LAB9 Observability window=30s category=http.main.cars count=1439 sumNanos=235361632616 avgNanos=163559160
zil-additional-service  | 2026-05-05T00:30:59.850Z  INFO 1 --- [zil-additional-service] [   scheduling-1] r.a.observability.ObservabilityService   : LAB9 Observability window=30s category=web.additional.availability_new count=78 sumNanos=25959600781 avgNanos=332815394
zil-additional-service  | 2026-05-05T00:30:59.850Z  INFO 1 --- [zil-additional-service] [   scheduling-1] r.a.observability.ObservabilityService   : LAB9 Observability window=30s category=additional.statsComputation.availability.allCitiesAllDates count=78 sumNanos=13282020 avgNanos=170282
zil-additional-service  | 2026-05-05T00:30:59.850Z  INFO 1 --- [zil-additional-service] [   scheduling-1] r.a.observability.ObservabilityService   : LAB9 Observability window=1m category=additional.statsComputation.stats count=2720 sumNanos=98843 avgNanos=36
zil-additional-service  | 2026-05-05T00:30:59.850Z  INFO 1 --- [zil-additional-service] [   scheduling-1] r.a.observability.ObservabilityService   : LAB9 Observability window=1m category=web.additional.stats count=2720 sumNanos=891618293042 avgNanos=327800843
zil-additional-service  | 2026-05-05T00:30:59.850Z  INFO 1 --- [zil-additional-service] [   scheduling-1] r.a.observability.ObservabilityService   : LAB9 Observability window=1m category=http.main.rents count=2879 sumNanos=472596356011 avgNanos=164152954
zil-additional-service  | 2026-05-05T00:30:59.850Z  INFO 1 --- [zil-additional-service] [   scheduling-1] r.a.observability.ObservabilityService   : LAB9 Observability window=1m category=http.main.cars count=2876 sumNanos=471402286817 avgNanos=163909000
zil-additional-service  | 2026-05-05T00:30:59.850Z  INFO 1 --- [zil-additional-service] [   scheduling-1] r.a.observability.ObservabilityService   : LAB9 Observability window=1m category=web.additional.availability_new count=159 sumNanos=52865889929 avgNanos=332489873
zil-additional-service  | 2026-05-05T00:30:59.850Z  INFO 1 --- [zil-additional-service] [   scheduling-1] r.a.observability.ObservabilityService   : LAB9 Observability window=1m category=additional.statsComputation.availability.allCitiesAllDates count=159 sumNanos=25351189 avgNanos=159441
zil-additional-service  | 2026-05-05T00:31:04.852Z  INFO 1 --- [zil-additional-service] [   scheduling-1] r.a.observability.ObservabilityService   : LAB9 Observability window=10s category=additional.statsComputation.stats count=452 sumNanos=15646 avgNanos=34
zil-additional-service  | 2026-05-05T00:31:04.852Z  INFO 1 --- [zil-additional-service] [   scheduling-1] r.a.observability.ObservabilityService   : LAB9 Observability window=10s category=web.additional.stats count=452 sumNanos=149463591376 avgNanos=330671662
zil-additional-service  | 2026-05-05T00:31:04.852Z  INFO 1 --- [zil-additional-service] [   scheduling-1] r.a.observability.ObservabilityService   : LAB9 Observability window=10s category=http.main.rents count=478 sumNanos=78761250249 avgNanos=164772490
zil-additional-service  | 2026-05-05T00:31:04.853Z  INFO 1 --- [zil-additional-service] [   scheduling-1] r.a.observability.ObservabilityService   : LAB9 Observability window=10s category=http.main.cars count=477 sumNanos=78816484036 avgNanos=165233719
zil-additional-service  | 2026-05-05T00:31:04.853Z  INFO 1 --- [zil-additional-service] [   scheduling-1] r.a.observability.ObservabilityService   : LAB9 Observability window=10s category=web.additional.availability_new count=26 sumNanos=8463731985 avgNanos=325528153
zil-additional-service  | 2026-05-05T00:31:04.853Z  INFO 1 --- [zil-additional-service] [   scheduling-1] r.a.observability.ObservabilityService   : LAB9 Observability window=10s category=additional.statsComputation.availability.allCitiesAllDates count=26 sumNanos=5570712 avgNanos=214258
zil-additional-service  | 2026-05-05T00:31:04.853Z  INFO 1 --- [zil-additional-service] [   scheduling-1] r.a.observability.ObservabilityService   : LAB9 Observability window=30s category=additional.statsComputation.stats count=1365 sumNanos=50238 avgNanos=36
zil-additional-service  | 2026-05-05T00:31:04.853Z  INFO 1 --- [zil-additional-service] [   scheduling-1] r.a.observability.ObservabilityService   : LAB9 Observability window=30s category=web.additional.stats count=1365 sumNanos=447750108965 avgNanos=328022057
zil-additional-service  | 2026-05-05T00:31:04.853Z  INFO 1 --- [zil-additional-service] [   scheduling-1] r.a.observability.ObservabilityService   : LAB9 Observability window=30s category=http.main.rents count=1440 sumNanos=236420173268 avgNanos=164180675
zil-additional-service  | 2026-05-05T00:31:04.853Z  INFO 1 --- [zil-additional-service] [   scheduling-1] r.a.observability.ObservabilityService   : LAB9 Observability window=30s category=http.main.cars count=1435 sumNanos=235628270140 avgNanos=164200885
zil-additional-service  | 2026-05-05T00:31:04.853Z  INFO 1 --- [zil-additional-service] [   scheduling-1] r.a.observability.ObservabilityService   : LAB9 Observability window=30s category=web.additional.availability_new count=75 sumNanos=25094231591 avgNanos=334589754
zil-additional-service  | 2026-05-05T00:31:04.853Z  INFO 1 --- [zil-additional-service] [   scheduling-1] r.a.observability.ObservabilityService   : LAB9 Observability window=30s category=additional.statsComputation.availability.allCitiesAllDates count=75 sumNanos=11271489 avgNanos=150286
zil-additional-service  | 2026-05-05T00:31:04.853Z  INFO 1 --- [zil-additional-service] [   scheduling-1] r.a.observability.ObservabilityService   : LAB9 Observability window=1m category=additional.statsComputation.stats count=2727 sumNanos=98822 avgNanos=36
zil-additional-service  | 2026-05-05T00:31:04.854Z  INFO 1 --- [zil-additional-service] [   scheduling-1] r.a.observability.ObservabilityService   : LAB9 Observability window=1m category=web.additional.stats count=2727 sumNanos=895094155235 avgNanos=328234013
zil-additional-service  | 2026-05-05T00:31:04.855Z  INFO 1 --- [zil-additional-service] [   scheduling-1] r.a.observability.ObservabilityService   : LAB9 Observability window=1m category=http.main.rents count=2878 sumNanos=472569047442 avgNanos=164200502
zil-additional-service  | 2026-05-05T00:31:04.856Z  INFO 1 --- [zil-additional-service] [   scheduling-1] r.a.observability.ObservabilityService   : LAB9 Observability window=1m category=http.main.cars count=2874 sumNanos=471536656032 avgNanos=164069817
zil-additional-service  | 2026-05-05T00:31:04.856Z  INFO 1 --- [zil-additional-service] [   scheduling-1] r.a.observability.ObservabilityService   : LAB9 Observability window=1m category=web.additional.availability_new count=151 sumNanos=49758475328 avgNanos=329526326
zil-additional-service  | 2026-05-05T00:31:04.856Z  INFO 1 --- [zil-additional-service] [   scheduling-1] r.a.observability.ObservabilityService   : LAB9 Observability window=1m category=additional.statsComputation.availability.allCitiesAllDates count=151 sumNanos=23626501 avgNanos=156466
zil-additional-service  | 2026-05-05T00:31:08.863Z  INFO 1 --- [zil-additional-service] [   scheduling-1] r.additional.service.ClientCacheService  : [client-cache-statistics] Client cache size=1000
zil-additional-service  | 2026-05-05T00:31:09.856Z  INFO 1 --- [zil-additional-service] [   scheduling-1] r.a.observability.ObservabilityService   : LAB9 Observability window=10s category=additional.statsComputation.stats count=456 sumNanos=6037611 avgNanos=13240
zil-additional-service  | 2026-05-05T00:31:09.856Z  INFO 1 --- [zil-additional-service] [   scheduling-1] r.a.observability.ObservabilityService   : LAB9 Observability window=10s category=web.additional.stats count=456 sumNanos=150948512370 avgNanos=331027439
zil-additional-service  | 2026-05-05T00:31:09.856Z  INFO 1 --- [zil-additional-service] [   scheduling-1] r.a.observability.ObservabilityService   : LAB9 Observability window=10s category=http.main.rents count=479 sumNanos=78770503304 avgNanos=164447814
zil-additional-service  | 2026-05-05T00:31:09.856Z  INFO 1 --- [zil-additional-service] [   scheduling-1] r.a.observability.ObservabilityService   : LAB9 Observability window=10s category=http.main.cars count=481 sumNanos=79860340524 avgNanos=166029813
zil-additional-service  | 2026-05-05T00:31:09.856Z  INFO 1 --- [zil-additional-service] [   scheduling-1] r.a.observability.ObservabilityService   : LAB9 Observability window=10s category=web.additional.availability_new count=23 sumNanos=7601414990 avgNanos=330496303
zil-additional-service  | 2026-05-05T00:31:09.856Z  INFO 1 --- [zil-additional-service] [   scheduling-1] r.a.observability.ObservabilityService   : LAB9 Observability window=10s category=additional.statsComputation.availability.allCitiesAllDates count=23 sumNanos=3540654 avgNanos=153941
zil-additional-service  | 2026-05-05T00:31:09.857Z  INFO 1 --- [zil-additional-service] [   scheduling-1] r.a.observability.ObservabilityService   : LAB9 Observability window=30s category=additional.statsComputation.stats count=1366 sumNanos=6072041 avgNanos=4445
zil-additional-service  | 2026-05-05T00:31:09.857Z  INFO 1 --- [zil-additional-service] [   scheduling-1] r.a.observability.ObservabilityService   : LAB9 Observability window=30s category=web.additional.stats count=1366 sumNanos=449977658929 avgNanos=329412634
zil-additional-service  | 2026-05-05T00:31:09.857Z  INFO 1 --- [zil-additional-service] [   scheduling-1] r.a.observability.ObservabilityService   : LAB9 Observability window=30s category=http.main.rents count=1435 sumNanos=236574023398 avgNanos=164859946
zil-additional-service  | 2026-05-05T00:31:09.857Z  INFO 1 --- [zil-additional-service] [   scheduling-1] r.a.observability.ObservabilityService   : LAB9 Observability window=30s category=http.main.cars count=1435 sumNanos=236028554058 avgNanos=164479828
zil-additional-service  | 2026-05-05T00:31:09.857Z  INFO 1 --- [zil-additional-service] [   scheduling-1] r.a.observability.ObservabilityService   : LAB9 Observability window=30s category=web.additional.availability_new count=69 sumNanos=22598838590 avgNanos=327519399
zil-additional-service  | 2026-05-05T00:31:09.857Z  INFO 1 --- [zil-additional-service] [   scheduling-1] r.a.observability.ObservabilityService   : LAB9 Observability window=30s category=additional.statsComputation.availability.allCitiesAllDates count=69 sumNanos=12135929 avgNanos=175883
zil-additional-service  | 2026-05-05T00:31:09.857Z  INFO 1 --- [zil-additional-service] [   scheduling-1] r.a.observability.ObservabilityService   : LAB9 Observability window=1m category=additional.statsComputation.stats count=2723 sumNanos=6120126 avgNanos=2247
zil-additional-service  | 2026-05-05T00:31:09.857Z  INFO 1 --- [zil-additional-service] [   scheduling-1] r.a.observability.ObservabilityService   : LAB9 Observability window=1m category=web.additional.stats count=2723 sumNanos=894794214200 avgNanos=328606027
zil-additional-service  | 2026-05-05T00:31:09.857Z  INFO 1 --- [zil-additional-service] [   scheduling-1] r.a.observability.ObservabilityService   : LAB9 Observability window=1m category=http.main.rents count=2874 sumNanos=472639011106 avgNanos=164453378
zil-additional-service  | 2026-05-05T00:31:09.857Z  INFO 1 --- [zil-additional-service] [   scheduling-1] r.a.observability.ObservabilityService   : LAB9 Observability window=1m category=http.main.cars count=2874 sumNanos=472256990579 avgNanos=164320456
zil-additional-service  | 2026-05-05T00:31:09.857Z  INFO 1 --- [zil-additional-service] [   scheduling-1] r.a.observability.ObservabilityService   : LAB9 Observability window=1m category=web.additional.availability_new count=151 sumNanos=50155215427 avgNanos=332153744
zil-additional-service  | 2026-05-05T00:31:09.857Z  INFO 1 --- [zil-additional-service] [   scheduling-1] r.a.observability.ObservabilityService   : LAB9 Observability window=1m category=additional.statsComputation.availability.allCitiesAllDates count=151 sumNanos=24800590 avgNanos=164242
zil-additional-service  | 2026-05-05T00:31:14.858Z  INFO 1 --- [zil-additional-service] [   scheduling-1] r.a.observability.ObservabilityService   : LAB9 Observability window=10s category=additional.statsComputation.stats count=457 sumNanos=6037494 avgNanos=13211
zil-additional-service  | 2026-05-05T00:31:14.859Z  INFO 1 --- [zil-additional-service] [   scheduling-1] r.a.observability.ObservabilityService   : LAB9 Observability window=10s category=web.additional.stats count=457 sumNanos=151680093261 avgNanos=331903923
zil-additional-service  | 2026-05-05T00:31:14.859Z  INFO 1 --- [zil-additional-service] [   scheduling-1] r.a.observability.ObservabilityService   : LAB9 Observability window=10s category=http.main.rents count=476 sumNanos=79421865690 avgNanos=166852659
zil-additional-service  | 2026-05-05T00:31:14.859Z  INFO 1 --- [zil-additional-service] [   scheduling-1] r.a.observability.ObservabilityService   : LAB9 Observability window=10s category=http.main.cars count=477 sumNanos=79031518025 avgNanos=165684524
zil-additional-service  | 2026-05-05T00:31:14.859Z  INFO 1 --- [zil-additional-service] [   scheduling-1] r.a.observability.ObservabilityService   : LAB9 Observability window=10s category=web.additional.availability_new count=19 sumNanos=6331106971 avgNanos=333216156
zil-additional-service  | 2026-05-05T00:31:14.859Z  INFO 1 --- [zil-additional-service] [   scheduling-1] r.a.observability.ObservabilityService   : LAB9 Observability window=10s category=additional.statsComputation.availability.allCitiesAllDates count=19 sumNanos=3315422 avgNanos=174495
zil-additional-service  | 2026-05-05T00:31:14.859Z  INFO 1 --- [zil-additional-service] [   scheduling-1] r.a.observability.ObservabilityService   : LAB9 Observability window=30s category=additional.statsComputation.stats count=1368 sumNanos=6071070 avgNanos=4437
zil-additional-service  | 2026-05-05T00:31:14.860Z  INFO 1 --- [zil-additional-service] [   scheduling-1] r.a.observability.ObservabilityService   : LAB9 Observability window=30s category=web.additional.stats count=1368 sumNanos=450562471585 avgNanos=329358531
zil-additional-service  | 2026-05-05T00:31:14.860Z  INFO 1 --- [zil-additional-service] [   scheduling-1] r.a.observability.ObservabilityService   : LAB9 Observability window=30s category=http.main.rents count=1436 sumNanos=236763305887 avgNanos=164876953
zil-additional-service  | 2026-05-05T00:31:14.860Z  INFO 1 --- [zil-additional-service] [   scheduling-1] r.a.observability.ObservabilityService   : LAB9 Observability window=30s category=http.main.cars count=1437 sumNanos=236194077089 avgNanos=164366094
zil-additional-service  | 2026-05-05T00:31:14.860Z  INFO 1 --- [zil-additional-service] [   scheduling-1] r.a.observability.ObservabilityService   : LAB9 Observability window=30s category=web.additional.availability_new count=68 sumNanos=22328949521 avgNanos=328366904
zil-additional-service  | 2026-05-05T00:31:14.860Z  INFO 1 --- [zil-additional-service] [   scheduling-1] r.a.observability.ObservabilityService   : LAB9 Observability window=30s category=additional.statsComputation.availability.allCitiesAllDates count=68 sumNanos=11841061 avgNanos=174133
zil-additional-service  | 2026-05-05T00:31:14.860Z  INFO 1 --- [zil-additional-service] [   scheduling-1] r.a.observability.ObservabilityService   : LAB9 Observability window=1m category=additional.statsComputation.stats count=2727 sumNanos=6119907 avgNanos=2244
zil-additional-service  | 2026-05-05T00:31:14.861Z  INFO 1 --- [zil-additional-service] [   scheduling-1] r.a.observability.ObservabilityService   : LAB9 Observability window=1m category=web.additional.stats count=2727 sumNanos=895652247289 avgNanos=328438667
zil-additional-service  | 2026-05-05T00:31:14.861Z  INFO 1 --- [zil-additional-service] [   scheduling-1] r.a.observability.ObservabilityService   : LAB9 Observability window=1m category=http.main.rents count=2877 sumNanos=472130977819 avgNanos=164105310
zil-additional-service  | 2026-05-05T00:31:14.861Z  INFO 1 --- [zil-additional-service] [   scheduling-1] r.a.observability.ObservabilityService   : LAB9 Observability window=1m category=http.main.cars count=2876 sumNanos=473349904423 avgNanos=164586197
zil-additional-service  | 2026-05-05T00:31:14.861Z  INFO 1 --- [zil-additional-service] [   scheduling-1] r.a.observability.ObservabilityService   : LAB9 Observability window=1m category=web.additional.availability_new count=150 sumNanos=49870058485 avgNanos=332467056
zil-additional-service  | 2026-05-05T00:31:14.861Z  INFO 1 --- [zil-additional-service] [   scheduling-1] r.a.observability.ObservabilityService   : LAB9 Observability window=1m category=additional.statsComputation.availability.allCitiesAllDates count=150 sumNanos=24908167 avgNanos=166054
zil-additional-service  | 2026-05-05T00:31:18.862Z  INFO 1 --- [zil-additional-service] [   scheduling-1] r.additional.service.ClientCacheService  : [client-cache-statistics] Client cache size=1000
zil-additional-service  | 2026-05-05T00:31:19.863Z  INFO 1 --- [zil-additional-service] [   scheduling-1] r.a.observability.ObservabilityService   : LAB9 Observability window=10s category=additional.statsComputation.stats count=458 sumNanos=15701 avgNanos=34
zil-additional-service  | 2026-05-05T00:31:19.865Z  INFO 1 --- [zil-additional-service] [   scheduling-1] r.a.observability.ObservabilityService   : LAB9 Observability window=10s category=web.additional.stats count=458 sumNanos=151582792101 avgNanos=330966794
zil-additional-service  | 2026-05-05T00:31:19.865Z  INFO 1 --- [zil-additional-service] [   scheduling-1] r.a.observability.ObservabilityService   : LAB9 Observability window=10s category=http.main.rents count=475 sumNanos=77646679313 avgNanos=163466693
zil-additional-service  | 2026-05-05T00:31:19.865Z  INFO 1 --- [zil-additional-service] [   scheduling-1] r.a.observability.ObservabilityService   : LAB9 Observability window=10s category=http.main.cars count=475 sumNanos=79499896679 avgNanos=167368203
zil-additional-service  | 2026-05-05T00:31:19.865Z  INFO 1 --- [zil-additional-service] [   scheduling-1] r.a.observability.ObservabilityService   : LAB9 Observability window=10s category=web.additional.availability_new count=17 sumNanos=5738458116 avgNanos=337556359
zil-additional-service  | 2026-05-05T00:31:19.866Z  INFO 1 --- [zil-additional-service] [   scheduling-1] r.a.observability.ObservabilityService   : LAB9 Observability window=10s category=additional.statsComputation.availability.allCitiesAllDates count=17 sumNanos=1822140 avgNanos=107184
zil-additional-service  | 2026-05-05T00:31:19.867Z  INFO 1 --- [zil-additional-service] [   scheduling-1] r.a.observability.ObservabilityService   : LAB9 Observability window=30s category=additional.statsComputation.stats count=1367 sumNanos=6071015 avgNanos=4441
zil-additional-service  | 2026-05-05T00:31:19.867Z  INFO 1 --- [zil-additional-service] [   scheduling-1] r.a.observability.ObservabilityService   : LAB9 Observability window=30s category=web.additional.stats count=1367 sumNanos=451208851223 avgNanos=330072312
zil-additional-service  | 2026-05-05T00:31:19.868Z  INFO 1 --- [zil-additional-service] [   scheduling-1] r.a.observability.ObservabilityService   : LAB9 Observability window=30s category=http.main.rents count=1431 sumNanos=235402851588 avgNanos=164502342
zil-additional-service  | 2026-05-05T00:31:19.868Z  INFO 1 --- [zil-additional-service] [   scheduling-1] r.a.observability.ObservabilityService   : LAB9 Observability window=30s category=http.main.cars count=1432 sumNanos=237034282789 avgNanos=165526733
zil-additional-service  | 2026-05-05T00:31:19.868Z  INFO 1 --- [zil-additional-service] [   scheduling-1] r.a.observability.ObservabilityService   : LAB9 Observability window=30s category=web.additional.availability_new count=64 sumNanos=21084315415 avgNanos=329442428
zil-additional-service  | 2026-05-05T00:31:19.868Z  INFO 1 --- [zil-additional-service] [   scheduling-1] r.a.observability.ObservabilityService   : LAB9 Observability window=30s category=additional.statsComputation.availability.allCitiesAllDates count=64 sumNanos=10868696 avgNanos=169823
zil-additional-service  | 2026-05-05T00:31:19.869Z  INFO 1 --- [zil-additional-service] [   scheduling-1] r.a.observability.ObservabilityService   : LAB9 Observability window=1m category=additional.statsComputation.stats count=2727 sumNanos=6119409 avgNanos=2244
zil-additional-service  | 2026-05-05T00:31:19.873Z  INFO 1 --- [zil-additional-service] [   scheduling-1] r.a.observability.ObservabilityService   : LAB9 Observability window=1m category=web.additional.stats count=2727 sumNanos=895764813241 avgNanos=328479946
zil-additional-service  | 2026-05-05T00:31:19.873Z  INFO 1 --- [zil-additional-service] [   scheduling-1] r.a.observability.ObservabilityService   : LAB9 Observability window=1m category=http.main.rents count=2870 sumNanos=470309504042 avgNanos=163870907
zil-additional-service  | 2026-05-05T00:31:19.874Z  INFO 1 --- [zil-additional-service] [   scheduling-1] r.a.observability.ObservabilityService   : LAB9 Observability window=1m category=http.main.cars count=2873 sumNanos=473482299252 avgNanos=164804141
zil-additional-service  | 2026-05-05T00:31:19.874Z  INFO 1 --- [zil-additional-service] [   scheduling-1] r.a.observability.ObservabilityService   : LAB9 Observability window=1m category=web.additional.availability_new count=143 sumNanos=47602457585 avgNanos=332884318
zil-additional-service  | 2026-05-05T00:31:19.874Z  INFO 1 --- [zil-additional-service] [   scheduling-1] r.a.observability.ObservabilityService   : LAB9 Observability window=1m category=additional.statsComputation.availability.allCitiesAllDates count=143 sumNanos=23536757 avgNanos=164592
zil-additional-service  | 2026-05-05T00:31:24.876Z  INFO 1 --- [zil-additional-service] [   scheduling-1] r.a.observability.ObservabilityService   : LAB9 Observability window=10s category=additional.statsComputation.stats count=455 sumNanos=15624 avgNanos=34
zil-additional-service  | 2026-05-05T00:31:24.876Z  INFO 1 --- [zil-additional-service] [   scheduling-1] r.a.observability.ObservabilityService   : LAB9 Observability window=10s category=web.additional.stats count=455 sumNanos=149481789155 avgNanos=328531404
zil-additional-service  | 2026-05-05T00:31:24.876Z  INFO 1 --- [zil-additional-service] [   scheduling-1] r.a.observability.ObservabilityService   : LAB9 Observability window=10s category=http.main.rents count=480 sumNanos=78803989594 avgNanos=164174978
zil-additional-service  | 2026-05-05T00:31:24.876Z  INFO 1 --- [zil-additional-service] [   scheduling-1] r.a.observability.ObservabilityService   : LAB9 Observability window=10s category=http.main.cars count=481 sumNanos=78847836116 avgNanos=163924815
zil-additional-service  | 2026-05-05T00:31:24.876Z  INFO 1 --- [zil-additional-service] [   scheduling-1] r.a.observability.ObservabilityService   : LAB9 Observability window=10s category=web.additional.availability_new count=25 sumNanos=8430874095 avgNanos=337234963
zil-additional-service  | 2026-05-05T00:31:24.876Z  INFO 1 --- [zil-additional-service] [   scheduling-1] r.a.observability.ObservabilityService   : LAB9 Observability window=10s category=additional.statsComputation.availability.allCitiesAllDates count=25 sumNanos=2763716 avgNanos=110548
zil-additional-service  | 2026-05-05T00:31:24.876Z  INFO 1 --- [zil-additional-service] [   scheduling-1] r.a.observability.ObservabilityService   : LAB9 Observability window=30s category=additional.statsComputation.stats count=1365 sumNanos=6068799 avgNanos=4446
zil-additional-service  | 2026-05-05T00:31:24.876Z  INFO 1 --- [zil-additional-service] [   scheduling-1] r.a.observability.ObservabilityService   : LAB9 Observability window=30s category=web.additional.stats count=1365 sumNanos=450931438090 avgNanos=330352701
zil-additional-service  | 2026-05-05T00:31:24.876Z  INFO 1 --- [zil-additional-service] [   scheduling-1] r.a.observability.ObservabilityService   : LAB9 Observability window=30s category=http.main.rents count=1435 sumNanos=237052024226 avgNanos=165193048
zil-additional-service  | 2026-05-05T00:31:24.876Z  INFO 1 --- [zil-additional-service] [   scheduling-1] r.a.observability.ObservabilityService   : LAB9 Observability window=30s category=http.main.cars count=1434 sumNanos=236560750406 avgNanos=164965655
zil-additional-service  | 2026-05-05T00:31:24.876Z  INFO 1 --- [zil-additional-service] [   scheduling-1] r.a.observability.ObservabilityService   : LAB9 Observability window=30s category=web.additional.availability_new count=70 sumNanos=23225713051 avgNanos=331795900
zil-additional-service  | 2026-05-05T00:31:24.876Z  INFO 1 --- [zil-additional-service] [   scheduling-1] r.a.observability.ObservabilityService   : LAB9 Observability window=30s category=additional.statsComputation.availability.allCitiesAllDates count=70 sumNanos=11649850 avgNanos=166426
zil-additional-service  | 2026-05-05T00:31:24.876Z  INFO 1 --- [zil-additional-service] [   scheduling-1] r.a.observability.ObservabilityService   : LAB9 Observability window=1m category=additional.statsComputation.stats count=2725 sumNanos=6119220 avgNanos=2245
zil-additional-service  | 2026-05-05T00:31:24.876Z  INFO 1 --- [zil-additional-service] [   scheduling-1] r.a.observability.ObservabilityService   : LAB9 Observability window=1m category=web.additional.stats count=2725 sumNanos=895835514239 avgNanos=328746977
zil-additional-service  | 2026-05-05T00:31:24.876Z  INFO 1 --- [zil-additional-service] [   scheduling-1] r.a.observability.ObservabilityService   : LAB9 Observability window=1m category=http.main.rents count=2872 sumNanos=471144633008 avgNanos=164047574
zil-additional-service  | 2026-05-05T00:31:24.876Z  INFO 1 --- [zil-additional-service] [   scheduling-1] r.a.observability.ObservabilityService   : LAB9 Observability window=1m category=http.main.cars count=2871 sumNanos=473327516383 avgNanos=164865035
zil-additional-service  | 2026-05-05T00:31:24.876Z  INFO 1 --- [zil-additional-service] [   scheduling-1] r.a.observability.ObservabilityService   : LAB9 Observability window=1m category=web.additional.availability_new count=147 sumNanos=48887288755 avgNanos=332566590
zil-additional-service  | 2026-05-05T00:31:24.876Z  INFO 1 --- [zil-additional-service] [   scheduling-1] r.a.observability.ObservabilityService   : LAB9 Observability window=1m category=additional.statsComputation.availability.allCitiesAllDates count=147 sumNanos=23321536 avgNanos=158649
zil-additional-service  | 2026-05-05T00:31:28.862Z  INFO 1 --- [zil-additional-service] [   scheduling-1] r.additional.service.ClientCacheService  : [client-cache-statistics] Client cache size=1000
zil-additional-service  | 2026-05-05T00:31:29.877Z  INFO 1 --- [zil-additional-service] [   scheduling-1] r.a.observability.ObservabilityService   : LAB9 Observability window=10s category=additional.statsComputation.stats count=451 sumNanos=15532 avgNanos=34
zil-additional-service  | 2026-05-05T00:31:29.877Z  INFO 1 --- [zil-additional-service] [   scheduling-1] r.a.observability.ObservabilityService   : LAB9 Observability window=10s category=web.additional.stats count=451 sumNanos=148633003333 avgNanos=329563200
zil-additional-service  | 2026-05-05T00:31:29.877Z  INFO 1 --- [zil-additional-service] [   scheduling-1] r.a.observability.ObservabilityService   : LAB9 Observability window=10s category=http.main.rents count=477 sumNanos=79433633295 avgNanos=166527533
zil-additional-service  | 2026-05-05T00:31:29.877Z  INFO 1 --- [zil-additional-service] [   scheduling-1] r.a.observability.ObservabilityService   : LAB9 Observability window=10s category=http.main.cars count=476 sumNanos=77942811922 avgNanos=163745403
zil-additional-service  | 2026-05-05T00:31:29.877Z  INFO 1 --- [zil-additional-service] [   scheduling-1] r.a.observability.ObservabilityService   : LAB9 Observability window=10s category=web.additional.availability_new count=26 sumNanos=8559694910 avgNanos=329219035
zil-additional-service  | 2026-05-05T00:31:29.877Z  INFO 1 --- [zil-additional-service] [   scheduling-1] r.a.observability.ObservabilityService   : LAB9 Observability window=10s category=additional.statsComputation.availability.allCitiesAllDates count=26 sumNanos=2864777 avgNanos=110183
zil-additional-service  | 2026-05-05T00:31:29.877Z  INFO 1 --- [zil-additional-service] [   scheduling-1] r.a.observability.ObservabilityService   : LAB9 Observability window=30s category=additional.statsComputation.stats count=1365 sumNanos=6068844 avgNanos=4446
zil-additional-service  | 2026-05-05T00:31:29.877Z  INFO 1 --- [zil-additional-service] [   scheduling-1] r.a.observability.ObservabilityService   : LAB9 Observability window=30s category=web.additional.stats count=1365 sumNanos=451164307804 avgNanos=330523302
zil-additional-service  | 2026-05-05T00:31:29.877Z  INFO 1 --- [zil-additional-service] [   scheduling-1] r.a.observability.ObservabilityService   : LAB9 Observability window=30s category=http.main.rents count=1431 sumNanos=235850815912 avgNanos=164815384
zil-additional-service  | 2026-05-05T00:31:29.877Z  INFO 1 --- [zil-additional-service] [   scheduling-1] r.a.observability.ObservabilityService   : LAB9 Observability window=30s category=http.main.cars count=1434 sumNanos=237624797511 avgNanos=165707669
zil-additional-service  | 2026-05-05T00:31:29.877Z  INFO 1 --- [zil-additional-service] [   scheduling-1] r.a.observability.ObservabilityService   : LAB9 Observability window=30s category=web.additional.availability_new count=66 sumNanos=21899568016 avgNanos=331811636
zil-additional-service  | 2026-05-05T00:31:29.877Z  INFO 1 --- [zil-additional-service] [   scheduling-1] r.a.observability.ObservabilityService   : LAB9 Observability window=30s category=additional.statsComputation.availability.allCitiesAllDates count=66 sumNanos=8227571 avgNanos=124660
zil-additional-service  | 2026-05-05T00:31:29.878Z  INFO 1 --- [zil-additional-service] [   scheduling-1] r.a.observability.ObservabilityService   : LAB9 Observability window=1m category=additional.statsComputation.stats count=2727 sumNanos=6119160 avgNanos=2243
zil-additional-service  | 2026-05-05T00:31:29.878Z  INFO 1 --- [zil-additional-service] [   scheduling-1] r.a.observability.ObservabilityService   : LAB9 Observability window=1m category=web.additional.stats count=2727 sumNanos=896216825018 avgNanos=328645700
zil-additional-service  | 2026-05-05T00:31:29.878Z  INFO 1 --- [zil-additional-service] [   scheduling-1] r.a.observability.ObservabilityService   : LAB9 Observability window=1m category=http.main.rents count=2871 sumNanos=471338093811 avgNanos=164172098
zil-additional-service  | 2026-05-05T00:31:29.878Z  INFO 1 --- [zil-additional-service] [   scheduling-1] r.a.observability.ObservabilityService   : LAB9 Observability window=1m category=http.main.cars count=2872 sumNanos=472768104742 avgNanos=164612849
zil-additional-service  | 2026-05-05T00:31:29.878Z  INFO 1 --- [zil-additional-service] [   scheduling-1] r.a.observability.ObservabilityService   : LAB9 Observability window=1m category=web.additional.availability_new count=144 sumNanos=47859168797 avgNanos=332355338
zil-additional-service  | 2026-05-05T00:31:29.878Z  INFO 1 --- [zil-additional-service] [   scheduling-1] r.a.observability.ObservabilityService   : LAB9 Observability window=1m category=additional.statsComputation.availability.allCitiesAllDates count=144 sumNanos=21509591 avgNanos=149372
zil-additional-service  | 2026-05-05T00:31:34.878Z  INFO 1 --- [zil-additional-service] [   scheduling-1] r.a.observability.ObservabilityService   : LAB9 Observability window=10s category=additional.statsComputation.stats count=459 sumNanos=15922 avgNanos=34
zil-additional-service  | 2026-05-05T00:31:34.879Z  INFO 1 --- [zil-additional-service] [   scheduling-1] r.a.observability.ObservabilityService   : LAB9 Observability window=10s category=web.additional.stats count=459 sumNanos=150527541329 avgNanos=327946713
zil-additional-service  | 2026-05-05T00:31:34.879Z  INFO 1 --- [zil-additional-service] [   scheduling-1] r.a.observability.ObservabilityService   : LAB9 Observability window=10s category=http.main.rents count=480 sumNanos=79291011564 avgNanos=165189607
zil-additional-service  | 2026-05-05T00:31:34.879Z  INFO 1 --- [zil-additional-service] [   scheduling-1] r.a.observability.ObservabilityService   : LAB9 Observability window=10s category=http.main.cars count=480 sumNanos=77912701438 avgNanos=162318127
zil-additional-service  | 2026-05-05T00:31:34.879Z  INFO 1 --- [zil-additional-service] [   scheduling-1] r.a.observability.ObservabilityService   : LAB9 Observability window=10s category=web.additional.availability_new count=21 sumNanos=6697151493 avgNanos=318911975
zil-additional-service  | 2026-05-05T00:31:34.879Z  INFO 1 --- [zil-additional-service] [   scheduling-1] r.a.observability.ObservabilityService   : LAB9 Observability window=10s category=additional.statsComputation.availability.allCitiesAllDates count=21 sumNanos=3226430 avgNanos=153639
zil-additional-service  | 2026-05-05T00:31:34.879Z  INFO 1 --- [zil-additional-service] [   scheduling-1] r.a.observability.ObservabilityService   : LAB9 Observability window=30s category=additional.statsComputation.stats count=1371 sumNanos=6069042 avgNanos=4426
zil-additional-service  | 2026-05-05T00:31:34.879Z  INFO 1 --- [zil-additional-service] [   scheduling-1] r.a.observability.ObservabilityService   : LAB9 Observability window=30s category=web.additional.stats count=1371 sumNanos=451643834984 avgNanos=329426575
zil-additional-service  | 2026-05-05T00:31:34.879Z  INFO 1 --- [zil-additional-service] [   scheduling-1] r.a.observability.ObservabilityService   : LAB9 Observability window=30s category=http.main.rents count=1436 sumNanos=237404771280 avgNanos=165323656
zil-additional-service  | 2026-05-05T00:31:34.879Z  INFO 1 --- [zil-additional-service] [   scheduling-1] r.a.observability.ObservabilityService   : LAB9 Observability window=30s category=http.main.cars count=1437 sumNanos=235607900719 avgNanos=163958177
zil-additional-service  | 2026-05-05T00:31:34.879Z  INFO 1 --- [zil-additional-service] [   scheduling-1] r.a.observability.ObservabilityService   : LAB9 Observability window=30s category=web.additional.availability_new count=65 sumNanos=21459132559 avgNanos=330140500
zil-additional-service  | 2026-05-05T00:31:34.879Z  INFO 1 --- [zil-additional-service] [   scheduling-1] r.a.observability.ObservabilityService   : LAB9 Observability window=30s category=additional.statsComputation.availability.allCitiesAllDates count=65 sumNanos=9305568 avgNanos=143162
zil-additional-service  | 2026-05-05T00:31:34.879Z  INFO 1 --- [zil-additional-service] [   scheduling-1] r.a.observability.ObservabilityService   : LAB9 Observability window=1m category=additional.statsComputation.stats count=2735 sumNanos=6119244 avgNanos=2237
zil-additional-service  | 2026-05-05T00:31:34.879Z  INFO 1 --- [zil-additional-service] [   scheduling-1] r.a.observability.ObservabilityService   : LAB9 Observability window=1m category=web.additional.stats count=2735 sumNanos=899065216953 avgNanos=328725856
zil-additional-service  | 2026-05-05T00:31:34.879Z  INFO 1 --- [zil-additional-service] [   scheduling-1] r.a.observability.ObservabilityService   : LAB9 Observability window=1m category=http.main.rents count=2875 sumNanos=473685748495 avgNanos=164760260
zil-additional-service  | 2026-05-05T00:31:34.879Z  INFO 1 --- [zil-additional-service] [   scheduling-1] r.a.observability.ObservabilityService   : LAB9 Observability window=1m category=http.main.cars count=2873 sumNanos=471420325719 avgNanos=164086434
zil-additional-service  | 2026-05-05T00:31:34.879Z  INFO 1 --- [zil-additional-service] [   scheduling-1] r.a.observability.ObservabilityService   : LAB9 Observability window=1m category=web.additional.availability_new count=140 sumNanos=46553364150 avgNanos=332524029
zil-additional-service  | 2026-05-05T00:31:34.879Z  INFO 1 --- [zil-additional-service] [   scheduling-1] r.a.observability.ObservabilityService   : LAB9 Observability window=1m category=additional.statsComputation.availability.allCitiesAllDates count=140 sumNanos=20577057 avgNanos=146978
zil-additional-service  | 2026-05-05T00:31:38.862Z  INFO 1 --- [zil-additional-service] [   scheduling-1] r.additional.service.ClientCacheService  : [client-cache-statistics] Client cache size=1000
zil-additional-service  | 2026-05-05T00:31:39.880Z  INFO 1 --- [zil-additional-service] [   scheduling-1] r.a.observability.ObservabilityService   : LAB9 Observability window=10s category=additional.statsComputation.stats count=464 sumNanos=16414 avgNanos=35
zil-additional-service  | 2026-05-05T00:31:39.880Z  INFO 1 --- [zil-additional-service] [   scheduling-1] r.a.observability.ObservabilityService   : LAB9 Observability window=10s category=web.additional.stats count=464 sumNanos=151023047357 avgNanos=325480705
zil-additional-service  | 2026-05-05T00:31:39.880Z  INFO 1 --- [zil-additional-service] [   scheduling-1] r.a.observability.ObservabilityService   : LAB9 Observability window=10s category=http.main.rents count=485 sumNanos=80236553525 avgNanos=165436192
zil-additional-service  | 2026-05-05T00:31:39.880Z  INFO 1 --- [zil-additional-service] [   scheduling-1] r.a.observability.ObservabilityService   : LAB9 Observability window=10s category=http.main.cars count=485 sumNanos=77191370912 avgNanos=159157465
zil-additional-service  | 2026-05-05T00:31:39.880Z  INFO 1 --- [zil-additional-service] [   scheduling-1] r.a.observability.ObservabilityService   : LAB9 Observability window=10s category=web.additional.availability_new count=21 sumNanos=6759018623 avgNanos=321858029
zil-additional-service  | 2026-05-05T00:31:39.880Z  INFO 1 --- [zil-additional-service] [   scheduling-1] r.a.observability.ObservabilityService   : LAB9 Observability window=10s category=additional.statsComputation.availability.allCitiesAllDates count=21 sumNanos=3440631 avgNanos=163839
zil-additional-service  | 2026-05-05T00:31:39.881Z  INFO 1 --- [zil-additional-service] [   scheduling-1] r.a.observability.ObservabilityService   : LAB9 Observability window=30s category=additional.statsComputation.stats count=1374 sumNanos=47680 avgNanos=34
zil-additional-service  | 2026-05-05T00:31:39.881Z  INFO 1 --- [zil-additional-service] [   scheduling-1] r.a.observability.ObservabilityService   : LAB9 Observability window=30s category=web.additional.stats count=1374 sumNanos=451536611327 avgNanos=328629265
zil-additional-service  | 2026-05-05T00:31:39.881Z  INFO 1 --- [zil-additional-service] [   scheduling-1] r.a.observability.ObservabilityService   : LAB9 Observability window=30s category=http.main.rents count=1438 sumNanos=237468469385 avgNanos=165138017
zil-additional-service  | 2026-05-05T00:31:39.881Z  INFO 1 --- [zil-additional-service] [   scheduling-1] r.a.observability.ObservabilityService   : LAB9 Observability window=30s category=http.main.cars count=1437 sumNanos=234793229048 avgNanos=163391251
zil-additional-service  | 2026-05-05T00:31:39.881Z  INFO 1 --- [zil-additional-service] [   scheduling-1] r.a.observability.ObservabilityService   : LAB9 Observability window=30s category=web.additional.availability_new count=64 sumNanos=21057171649 avgNanos=329018307
zil-additional-service  | 2026-05-05T00:31:39.881Z  INFO 1 --- [zil-additional-service] [   scheduling-1] r.a.observability.ObservabilityService   : LAB9 Observability window=30s category=additional.statsComputation.availability.allCitiesAllDates count=64 sumNanos=8127548 avgNanos=126992
zil-additional-service  | 2026-05-05T00:31:39.881Z  INFO 1 --- [zil-additional-service] [   scheduling-1] r.a.observability.ObservabilityService   : LAB9 Observability window=1m category=additional.statsComputation.stats count=2737 sumNanos=6119617 avgNanos=2235
zil-additional-service  | 2026-05-05T00:31:39.881Z  INFO 1 --- [zil-additional-service] [   scheduling-1] r.a.observability.ObservabilityService   : LAB9 Observability window=1m category=web.additional.stats count=2737 sumNanos=900549920398 avgNanos=329028103
zil-additional-service  | 2026-05-05T00:31:39.881Z  INFO 1 --- [zil-additional-service] [   scheduling-1] r.a.observability.ObservabilityService   : LAB9 Observability window=1m category=http.main.rents count=2870 sumNanos=473502477324 avgNanos=164983441
zil-additional-service  | 2026-05-05T00:31:39.881Z  INFO 1 --- [zil-additional-service] [   scheduling-1] r.a.observability.ObservabilityService   : LAB9 Observability window=1m category=http.main.cars count=2871 sumNanos=470624858752 avgNanos=163923670
zil-additional-service  | 2026-05-05T00:31:39.881Z  INFO 1 --- [zil-additional-service] [   scheduling-1] r.a.observability.ObservabilityService   : LAB9 Observability window=1m category=web.additional.availability_new count=133 sumNanos=43656010239 avgNanos=328240678
zil-additional-service  | 2026-05-05T00:31:39.881Z  INFO 1 --- [zil-additional-service] [   scheduling-1] r.a.observability.ObservabilityService   : LAB9 Observability window=1m category=additional.statsComputation.availability.allCitiesAllDates count=133 sumNanos=20263477 avgNanos=152356
zil-additional-service  | 2026-05-05T00:31:44.882Z  INFO 1 --- [zil-additional-service] [   scheduling-1] r.a.observability.ObservabilityService   : LAB9 Observability window=10s category=additional.statsComputation.stats count=457 sumNanos=16227 avgNanos=35
zil-additional-service  | 2026-05-05T00:31:44.883Z  INFO 1 --- [zil-additional-service] [   scheduling-1] r.a.observability.ObservabilityService   : LAB9 Observability window=10s category=web.additional.stats count=457 sumNanos=151620671991 avgNanos=331773899
zil-additional-service  | 2026-05-05T00:31:44.883Z  INFO 1 --- [zil-additional-service] [   scheduling-1] r.a.observability.ObservabilityService   : LAB9 Observability window=10s category=http.main.rents count=478 sumNanos=80613526654 avgNanos=168647545
zil-additional-service  | 2026-05-05T00:31:44.883Z  INFO 1 --- [zil-additional-service] [   scheduling-1] r.a.observability.ObservabilityService   : LAB9 Observability window=10s category=http.main.cars count=476 sumNanos=77687606099 avgNanos=163209256
zil-additional-service  | 2026-05-05T00:31:44.883Z  INFO 1 --- [zil-additional-service] [   scheduling-1] r.a.observability.ObservabilityService   : LAB9 Observability window=10s category=web.additional.availability_new count=21 sumNanos=6768070920 avgNanos=322289091
zil-additional-service  | 2026-05-05T00:31:44.883Z  INFO 1 --- [zil-additional-service] [   scheduling-1] r.a.observability.ObservabilityService   : LAB9 Observability window=10s category=additional.statsComputation.availability.allCitiesAllDates count=21 sumNanos=3633960 avgNanos=173045
zil-additional-service  | 2026-05-05T00:31:44.883Z  INFO 1 --- [zil-additional-service] [   scheduling-1] r.a.observability.ObservabilityService   : LAB9 Observability window=30s category=additional.statsComputation.stats count=1371 sumNanos=47773 avgNanos=34
zil-additional-service  | 2026-05-05T00:31:44.883Z  INFO 1 --- [zil-additional-service] [   scheduling-1] r.a.observability.ObservabilityService   : LAB9 Observability window=30s category=web.additional.stats count=1371 sumNanos=451630002475 avgNanos=329416486
zil-additional-service  | 2026-05-05T00:31:44.883Z  INFO 1 --- [zil-additional-service] [   scheduling-1] r.a.observability.ObservabilityService   : LAB9 Observability window=30s category=http.main.rents count=1438 sumNanos=238708527812 avgNanos=166000367
zil-additional-service  | 2026-05-05T00:31:44.883Z  INFO 1 --- [zil-additional-service] [   scheduling-1] r.a.observability.ObservabilityService   : LAB9 Observability window=30s category=http.main.cars count=1437 sumNanos=234448143653 avgNanos=163151109
zil-additional-service  | 2026-05-05T00:31:44.883Z  INFO 1 --- [zil-additional-service] [   scheduling-1] r.a.observability.ObservabilityService   : LAB9 Observability window=30s category=web.additional.availability_new count=67 sumNanos=21896096508 avgNanos=326807410
zil-additional-service  | 2026-05-05T00:31:44.883Z  INFO 1 --- [zil-additional-service] [   scheduling-1] r.a.observability.ObservabilityService   : LAB9 Observability window=30s category=additional.statsComputation.availability.allCitiesAllDates count=67 sumNanos=9624106 avgNanos=143643
zil-additional-service  | 2026-05-05T00:31:44.883Z  INFO 1 --- [zil-additional-service] [   scheduling-1] r.a.observability.ObservabilityService   : LAB9 Observability window=1m category=additional.statsComputation.stats count=2740 sumNanos=6118878 avgNanos=2233
zil-additional-service  | 2026-05-05T00:31:44.883Z  INFO 1 --- [zil-additional-service] [   scheduling-1] r.a.observability.ObservabilityService   : LAB9 Observability window=1m category=web.additional.stats count=2740 sumNanos=902498438358 avgNanos=329378992
zil-additional-service  | 2026-05-05T00:31:44.883Z  INFO 1 --- [zil-additional-service] [   scheduling-1] r.a.observability.ObservabilityService   : LAB9 Observability window=1m category=http.main.rents count=2875 sumNanos=475536752392 avgNanos=165404087
zil-additional-service  | 2026-05-05T00:31:44.883Z  INFO 1 --- [zil-additional-service] [   scheduling-1] r.a.observability.ObservabilityService   : LAB9 Observability window=1m category=http.main.cars count=2872 sumNanos=470204140435 avgNanos=163720104
zil-additional-service  | 2026-05-05T00:31:44.883Z  INFO 1 --- [zil-additional-service] [   scheduling-1] r.a.observability.ObservabilityService   : LAB9 Observability window=1m category=web.additional.availability_new count=135 sumNanos=44225046029 avgNanos=327592933
zil-additional-service  | 2026-05-05T00:31:44.883Z  INFO 1 --- [zil-additional-service] [   scheduling-1] r.a.observability.ObservabilityService   : LAB9 Observability window=1m category=additional.statsComputation.availability.allCitiesAllDates count=135 sumNanos=21465167 avgNanos=159001
zil-additional-service  | 2026-05-05T00:31:48.862Z  INFO 1 --- [zil-additional-service] [   scheduling-1] r.additional.service.ClientCacheService  : [client-cache-statistics] Client cache size=1000
zil-additional-service  | 2026-05-05T00:31:49.885Z  INFO 1 --- [zil-additional-service] [   scheduling-1] r.a.observability.ObservabilityService   : LAB9 Observability window=10s category=additional.statsComputation.stats count=459 sumNanos=20281 avgNanos=44
zil-additional-service  | 2026-05-05T00:31:49.885Z  INFO 1 --- [zil-additional-service] [   scheduling-1] r.a.observability.ObservabilityService   : LAB9 Observability window=10s category=web.additional.stats count=459 sumNanos=152016160268 avgNanos=331189891
zil-additional-service  | 2026-05-05T00:31:49.885Z  INFO 1 --- [zil-additional-service] [   scheduling-1] r.a.observability.ObservabilityService   : LAB9 Observability window=10s category=http.main.rents count=480 sumNanos=80321620829 avgNanos=167336710
zil-additional-service  | 2026-05-05T00:31:49.885Z  INFO 1 --- [zil-additional-service] [   scheduling-1] r.a.observability.ObservabilityService   : LAB9 Observability window=10s category=http.main.cars count=479 sumNanos=78455698167 avgNanos=163790601
zil-additional-service  | 2026-05-05T00:31:49.885Z  INFO 1 --- [zil-additional-service] [   scheduling-1] r.a.observability.ObservabilityService   : LAB9 Observability window=10s category=web.additional.availability_new count=21 sumNanos=6764894175 avgNanos=322137817
zil-additional-service  | 2026-05-05T00:31:49.885Z  INFO 1 --- [zil-additional-service] [   scheduling-1] r.a.observability.ObservabilityService   : LAB9 Observability window=10s category=additional.statsComputation.availability.allCitiesAllDates count=21 sumNanos=3399492 avgNanos=161880
zil-additional-service  | 2026-05-05T00:31:49.887Z  INFO 1 --- [zil-additional-service] [   scheduling-1] r.a.observability.ObservabilityService   : LAB9 Observability window=30s category=additional.statsComputation.stats count=1375 sumNanos=52260 avgNanos=38
zil-additional-service  | 2026-05-05T00:31:49.887Z  INFO 1 --- [zil-additional-service] [   scheduling-1] r.a.observability.ObservabilityService   : LAB9 Observability window=30s category=web.additional.stats count=1375 sumNanos=451969979494 avgNanos=328705439
zil-additional-service  | 2026-05-05T00:31:49.887Z  INFO 1 --- [zil-additional-service] [   scheduling-1] r.a.observability.ObservabilityService   : LAB9 Observability window=30s category=http.main.rents count=1443 sumNanos=240143410901 avgNanos=166419550
zil-additional-service  | 2026-05-05T00:31:49.887Z  INFO 1 --- [zil-additional-service] [   scheduling-1] r.a.observability.ObservabilityService   : LAB9 Observability window=30s category=http.main.cars count=1440 sumNanos=233589881001 avgNanos=162215195
zil-additional-service  | 2026-05-05T00:31:49.887Z  INFO 1 --- [zil-additional-service] [   scheduling-1] r.a.observability.ObservabilityService   : LAB9 Observability window=30s category=web.additional.availability_new count=68 sumNanos=22083607708 avgNanos=324758936
zil-additional-service  | 2026-05-05T00:31:49.887Z  INFO 1 --- [zil-additional-service] [   scheduling-1] r.a.observability.ObservabilityService   : LAB9 Observability window=30s category=additional.statsComputation.availability.allCitiesAllDates count=68 sumNanos=9704900 avgNanos=142719
zil-additional-service  | 2026-05-05T00:31:49.887Z  INFO 1 --- [zil-additional-service] [   scheduling-1] r.a.observability.ObservabilityService   : LAB9 Observability window=1m category=additional.statsComputation.stats count=2742 sumNanos=6123275 avgNanos=2233
zil-additional-service  | 2026-05-05T00:31:49.887Z  INFO 1 --- [zil-additional-service] [   scheduling-1] r.a.observability.ObservabilityService   : LAB9 Observability window=1m category=web.additional.stats count=2742 sumNanos=903178830717 avgNanos=329386882
zil-additional-service  | 2026-05-05T00:31:49.887Z  INFO 1 --- [zil-additional-service] [   scheduling-1] r.a.observability.ObservabilityService   : LAB9 Observability window=1m category=http.main.rents count=2874 sumNanos=475546262489 avgNanos=165464948
zil-additional-service  | 2026-05-05T00:31:49.887Z  INFO 1 --- [zil-additional-service] [   scheduling-1] r.a.observability.ObservabilityService   : LAB9 Observability window=1m category=http.main.cars count=2873 sumNanos=470772629209 avgNanos=163860991
zil-additional-service  | 2026-05-05T00:31:49.887Z  INFO 1 --- [zil-additional-service] [   scheduling-1] r.a.observability.ObservabilityService   : LAB9 Observability window=1m category=web.additional.availability_new count=132 sumNanos=43167923123 avgNanos=327029720
zil-additional-service  | 2026-05-05T00:31:49.887Z  INFO 1 --- [zil-additional-service] [   scheduling-1] r.a.observability.ObservabilityService   : LAB9 Observability window=1m category=additional.statsComputation.availability.allCitiesAllDates count=132 sumNanos=20573596 avgNanos=155860
zil-additional-service  | 2026-05-05T00:31:54.888Z  INFO 1 --- [zil-additional-service] [   scheduling-1] r.a.observability.ObservabilityService   : LAB9 Observability window=10s category=additional.statsComputation.stats count=460 sumNanos=20289 avgNanos=44
zil-additional-service  | 2026-05-05T00:31:54.889Z  INFO 1 --- [zil-additional-service] [   scheduling-1] r.a.observability.ObservabilityService   : LAB9 Observability window=10s category=web.additional.stats count=460 sumNanos=150150949473 avgNanos=326415107
zil-additional-service  | 2026-05-05T00:31:54.889Z  INFO 1 --- [zil-additional-service] [   scheduling-1] r.a.observability.ObservabilityService   : LAB9 Observability window=10s category=http.main.rents count=484 sumNanos=79507848062 avgNanos=164272413
zil-additional-service  | 2026-05-05T00:31:54.889Z  INFO 1 --- [zil-additional-service] [   scheduling-1] r.a.observability.ObservabilityService   : LAB9 Observability window=10s category=http.main.cars count=485 sumNanos=78487408756 avgNanos=161829708
zil-additional-service  | 2026-05-05T00:31:54.889Z  INFO 1 --- [zil-additional-service] [   scheduling-1] r.a.observability.ObservabilityService   : LAB9 Observability window=10s category=web.additional.availability_new count=24 sumNanos=7986298755 avgNanos=332762448
zil-additional-service  | 2026-05-05T00:31:54.889Z  INFO 1 --- [zil-additional-service] [   scheduling-1] r.a.observability.ObservabilityService   : LAB9 Observability window=10s category=additional.statsComputation.availability.allCitiesAllDates count=24 sumNanos=3002713 avgNanos=125113
zil-additional-service  | 2026-05-05T00:31:54.889Z  INFO 1 --- [zil-additional-service] [   scheduling-1] r.a.observability.ObservabilityService   : LAB9 Observability window=30s category=additional.statsComputation.stats count=1376 sumNanos=52438 avgNanos=38
zil-additional-service  | 2026-05-05T00:31:54.890Z  INFO 1 --- [zil-additional-service] [   scheduling-1] r.a.observability.ObservabilityService   : LAB9 Observability window=30s category=web.additional.stats count=1376 sumNanos=452299162793 avgNanos=328705786
zil-additional-service  | 2026-05-05T00:31:54.890Z  INFO 1 --- [zil-additional-service] [   scheduling-1] r.a.observability.ObservabilityService   : LAB9 Observability window=30s category=http.main.rents count=1442 sumNanos=239412386280 avgNanos=166028007
zil-additional-service  | 2026-05-05T00:31:54.890Z  INFO 1 --- [zil-additional-service] [   scheduling-1] r.a.observability.ObservabilityService   : LAB9 Observability window=30s category=http.main.cars count=1440 sumNanos=233920623033 avgNanos=162444877
zil-additional-service  | 2026-05-05T00:31:54.890Z  INFO 1 --- [zil-additional-service] [   scheduling-1] r.a.observability.ObservabilityService   : LAB9 Observability window=30s category=web.additional.availability_new count=66 sumNanos=21451521168 avgNanos=325023048
zil-additional-service  | 2026-05-05T00:31:54.890Z  INFO 1 --- [zil-additional-service] [   scheduling-1] r.a.observability.ObservabilityService   : LAB9 Observability window=30s category=additional.statsComputation.availability.allCitiesAllDates count=66 sumNanos=9863103 avgNanos=149440
zil-additional-service  | 2026-05-05T00:31:54.890Z  INFO 1 --- [zil-additional-service] [   scheduling-1] r.a.observability.ObservabilityService   : LAB9 Observability window=1m category=additional.statsComputation.stats count=2741 sumNanos=6121237 avgNanos=2233
zil-additional-service  | 2026-05-05T00:31:54.891Z  INFO 1 --- [zil-additional-service] [   scheduling-1] r.a.observability.ObservabilityService   : LAB9 Observability window=1m category=web.additional.stats count=2741 sumNanos=903230600883 avgNanos=329525939
zil-additional-service  | 2026-05-05T00:31:54.891Z  INFO 1 --- [zil-additional-service] [   scheduling-1] r.a.observability.ObservabilityService   : LAB9 Observability window=1m category=http.main.rents count=2877 sumNanos=476464410506 avgNanos=165611543
zil-additional-service  | 2026-05-05T00:31:54.891Z  INFO 1 --- [zil-additional-service] [   scheduling-1] r.a.observability.ObservabilityService   : LAB9 Observability window=1m category=http.main.cars count=2874 sumNanos=470503240255 avgNanos=163710243
zil-additional-service  | 2026-05-05T00:31:54.891Z  INFO 1 --- [zil-additional-service] [   scheduling-1] r.a.observability.ObservabilityService   : LAB9 Observability window=1m category=web.additional.availability_new count=136 sumNanos=44677234219 avgNanos=328509075
zil-additional-service  | 2026-05-05T00:31:54.891Z  INFO 1 --- [zil-additional-service] [   scheduling-1] r.a.observability.ObservabilityService   : LAB9 Observability window=1m category=additional.statsComputation.availability.allCitiesAllDates count=136 sumNanos=21512953 avgNanos=158183
zil-additional-service  | 2026-05-05T00:31:58.862Z  INFO 1 --- [zil-additional-service] [   scheduling-1] r.additional.service.ClientCacheService  : [client-cache-statistics] Client cache size=1000
zil-additional-service  | 2026-05-05T00:31:59.893Z  INFO 1 --- [zil-additional-service] [   scheduling-1] r.a.observability.ObservabilityService   : LAB9 Observability window=10s category=additional.statsComputation.stats count=454 sumNanos=16804 avgNanos=37
zil-additional-service  | 2026-05-05T00:31:59.893Z  INFO 1 --- [zil-additional-service] [   scheduling-1] r.a.observability.ObservabilityService   : LAB9 Observability window=10s category=web.additional.stats count=454 sumNanos=149696857091 avgNanos=329728760
zil-additional-service  | 2026-05-05T00:31:59.893Z  INFO 1 --- [zil-additional-service] [   scheduling-1] r.a.observability.ObservabilityService   : LAB9 Observability window=10s category=http.main.rents count=473 sumNanos=77672788780 avgNanos=164213084
zil-additional-service  | 2026-05-05T00:31:59.893Z  INFO 1 --- [zil-additional-service] [   scheduling-1] r.a.observability.ObservabilityService   : LAB9 Observability window=10s category=http.main.cars count=475 sumNanos=78965869920 avgNanos=166243936
zil-additional-service  | 2026-05-05T00:31:59.893Z  INFO 1 --- [zil-additional-service] [   scheduling-1] r.a.observability.ObservabilityService   : LAB9 Observability window=10s category=web.additional.availability_new count=19 sumNanos=6557348902 avgNanos=345123626
zil-additional-service  | 2026-05-05T00:31:59.893Z  INFO 1 --- [zil-additional-service] [   scheduling-1] r.a.observability.ObservabilityService   : LAB9 Observability window=10s category=additional.statsComputation.availability.allCitiesAllDates count=19 sumNanos=4920723 avgNanos=258985
zil-additional-service  | 2026-05-05T00:31:59.896Z  INFO 1 --- [zil-additional-service] [   scheduling-1] r.a.observability.ObservabilityService   : LAB9 Observability window=30s category=additional.statsComputation.stats count=1378 sumNanos=53532 avgNanos=38
zil-additional-service  | 2026-05-05T00:31:59.896Z  INFO 1 --- [zil-additional-service] [   scheduling-1] r.a.observability.ObservabilityService   : LAB9 Observability window=30s category=web.additional.stats count=1378 sumNanos=453033833252 avgNanos=328761852
zil-additional-service  | 2026-05-05T00:31:59.896Z  INFO 1 --- [zil-additional-service] [   scheduling-1] r.a.observability.ObservabilityService   : LAB9 Observability window=30s category=http.main.rents count=1439 sumNanos=238382566386 avgNanos=165658489
zil-additional-service  | 2026-05-05T00:31:59.896Z  INFO 1 --- [zil-additional-service] [   scheduling-1] r.a.observability.ObservabilityService   : LAB9 Observability window=30s category=http.main.cars count=1437 sumNanos=234203560371 avgNanos=162980904
zil-additional-service  | 2026-05-05T00:31:59.896Z  INFO 1 --- [zil-additional-service] [   scheduling-1] r.a.observability.ObservabilityService   : LAB9 Observability window=30s category=web.additional.availability_new count=61 sumNanos=20081261700 avgNanos=329201011
zil-additional-service  | 2026-05-05T00:31:59.896Z  INFO 1 --- [zil-additional-service] [   scheduling-1] r.a.observability.ObservabilityService   : LAB9 Observability window=30s category=additional.statsComputation.availability.allCitiesAllDates count=61 sumNanos=11760846 avgNanos=192800
zil-additional-service  | 2026-05-05T00:31:59.897Z  INFO 1 --- [zil-additional-service] [   scheduling-1] r.a.observability.ObservabilityService   : LAB9 Observability window=1m category=additional.statsComputation.stats count=2743 sumNanos=6122376 avgNanos=2232
zil-additional-service  | 2026-05-05T00:31:59.897Z  INFO 1 --- [zil-additional-service] [   scheduling-1] r.a.observability.ObservabilityService   : LAB9 Observability window=1m category=web.additional.stats count=2743 sumNanos=904198141056 avgNanos=329638403
zil-additional-service  | 2026-05-05T00:31:59.897Z  INFO 1 --- [zil-additional-service] [   scheduling-1] r.a.observability.ObservabilityService   : LAB9 Observability window=1m category=http.main.rents count=2870 sumNanos=474233382298 avgNanos=165238112
zil-additional-service  | 2026-05-05T00:31:59.897Z  INFO 1 --- [zil-additional-service] [   scheduling-1] r.a.observability.ObservabilityService   : LAB9 Observability window=1m category=http.main.cars count=2872 sumNanos=472027511919 avgNanos=164354983
zil-additional-service  | 2026-05-05T00:31:59.897Z  INFO 1 --- [zil-additional-service] [   scheduling-1] r.a.observability.ObservabilityService   : LAB9 Observability window=1m category=web.additional.availability_new count=127 sumNanos=41980829716 avgNanos=330557714
zil-additional-service  | 2026-05-05T00:31:59.897Z  INFO 1 --- [zil-additional-service] [   scheduling-1] r.a.observability.ObservabilityService   : LAB9 Observability window=1m category=additional.statsComputation.availability.allCitiesAllDates count=127 sumNanos=19988417 avgNanos=157389
zil-additional-service  | 2026-05-05T00:32:04.898Z  INFO 1 --- [zil-additional-service] [   scheduling-1] r.a.observability.ObservabilityService   : LAB9 Observability window=10s category=additional.statsComputation.stats count=461 sumNanos=17138 avgNanos=37
zil-additional-service  | 2026-05-05T00:32:04.899Z  INFO 1 --- [zil-additional-service] [   scheduling-1] r.a.observability.ObservabilityService   : LAB9 Observability window=10s category=web.additional.stats count=461 sumNanos=151726006408 avgNanos=329123658
zil-additional-service  | 2026-05-05T00:32:04.899Z  INFO 1 --- [zil-additional-service] [   scheduling-1] r.a.observability.ObservabilityService   : LAB9 Observability window=10s category=http.main.rents count=475 sumNanos=77998162016 avgNanos=164206656
zil-additional-service  | 2026-05-05T00:32:04.899Z  INFO 1 --- [zil-additional-service] [   scheduling-1] r.a.observability.ObservabilityService   : LAB9 Observability window=10s category=http.main.cars count=475 sumNanos=78249264302 avgNanos=164735293
zil-additional-service  | 2026-05-05T00:32:04.899Z  INFO 1 --- [zil-additional-service] [   scheduling-1] r.a.observability.ObservabilityService   : LAB9 Observability window=10s category=web.additional.availability_new count=14 sumNanos=4686835718 avgNanos=334773979
zil-additional-service  | 2026-05-05T00:32:04.899Z  INFO 1 --- [zil-additional-service] [   scheduling-1] r.a.observability.ObservabilityService   : LAB9 Observability window=10s category=additional.statsComputation.availability.allCitiesAllDates count=14 sumNanos=4683121 avgNanos=334508
zil-additional-service  | 2026-05-05T00:32:04.899Z  INFO 1 --- [zil-additional-service] [   scheduling-1] r.a.observability.ObservabilityService   : LAB9 Observability window=30s category=additional.statsComputation.stats count=1378 sumNanos=53653 avgNanos=38
zil-additional-service  | 2026-05-05T00:32:04.899Z  INFO 1 --- [zil-additional-service] [   scheduling-1] r.a.observability.ObservabilityService   : LAB9 Observability window=30s category=web.additional.stats count=1378 sumNanos=453536526712 avgNanos=329126652
zil-additional-service  | 2026-05-05T00:32:04.899Z  INFO 1 --- [zil-additional-service] [   scheduling-1] r.a.observability.ObservabilityService   : LAB9 Observability window=30s category=http.main.rents count=1437 sumNanos=238177391024 avgNanos=165746270
zil-additional-service  | 2026-05-05T00:32:04.899Z  INFO 1 --- [zil-additional-service] [   scheduling-1] r.a.observability.ObservabilityService   : LAB9 Observability window=30s category=http.main.cars count=1436 sumNanos=234424279157 avgNanos=163248105
zil-additional-service  | 2026-05-05T00:32:04.899Z  INFO 1 --- [zil-additional-service] [   scheduling-1] r.a.observability.ObservabilityService   : LAB9 Observability window=30s category=web.additional.availability_new count=59 sumNanos=19441205393 avgNanos=329511955
zil-additional-service  | 2026-05-05T00:32:04.899Z  INFO 1 --- [zil-additional-service] [   scheduling-1] r.a.observability.ObservabilityService   : LAB9 Observability window=30s category=additional.statsComputation.availability.allCitiesAllDates count=59 sumNanos=11319794 avgNanos=191860
zil-additional-service  | 2026-05-05T00:32:04.899Z  INFO 1 --- [zil-additional-service] [   scheduling-1] r.a.observability.ObservabilityService   : LAB9 Observability window=1m category=additional.statsComputation.stats count=2750 sumNanos=6122730 avgNanos=2226
zil-additional-service  | 2026-05-05T00:32:04.899Z  INFO 1 --- [zil-additional-service] [   scheduling-1] r.a.observability.ObservabilityService   : LAB9 Observability window=1m category=web.additional.stats count=2750 sumNanos=905448553153 avgNanos=329254019
zil-additional-service  | 2026-05-05T00:32:04.899Z  INFO 1 --- [zil-additional-service] [   scheduling-1] r.a.observability.ObservabilityService   : LAB9 Observability window=1m category=http.main.rents count=2874 sumNanos=475731603749 avgNanos=165529437
zil-additional-service  | 2026-05-05T00:32:04.899Z  INFO 1 --- [zil-additional-service] [   scheduling-1] r.a.observability.ObservabilityService   : LAB9 Observability window=1m category=http.main.cars count=2873 sumNanos=470032179876 avgNanos=163603264
zil-additional-service  | 2026-05-05T00:32:04.899Z  INFO 1 --- [zil-additional-service] [   scheduling-1] r.a.observability.ObservabilityService   : LAB9 Observability window=1m category=web.additional.availability_new count=124 sumNanos=40900337952 avgNanos=329841435
zil-additional-service  | 2026-05-05T00:32:04.899Z  INFO 1 --- [zil-additional-service] [   scheduling-1] r.a.observability.ObservabilityService   : LAB9 Observability window=1m category=additional.statsComputation.availability.allCitiesAllDates count=124 sumNanos=20625362 avgNanos=166333
zil-additional-service  | 2026-05-05T00:32:08.863Z  INFO 1 --- [zil-additional-service] [   scheduling-1] r.additional.service.ClientCacheService  : [client-cache-statistics] Client cache size=1000
zil-additional-service  | 2026-05-05T00:32:09.900Z  INFO 1 --- [zil-additional-service] [   scheduling-1] r.a.observability.ObservabilityService   : LAB9 Observability window=10s category=additional.statsComputation.stats count=462 sumNanos=16542 avgNanos=35
zil-additional-service  | 2026-05-05T00:32:09.900Z  INFO 1 --- [zil-additional-service] [   scheduling-1] r.a.observability.ObservabilityService   : LAB9 Observability window=10s category=web.additional.stats count=462 sumNanos=149752656448 avgNanos=324139949
zil-additional-service  | 2026-05-05T00:32:09.900Z  INFO 1 --- [zil-additional-service] [   scheduling-1] r.a.observability.ObservabilityService   : LAB9 Observability window=10s category=http.main.rents count=487 sumNanos=79060369941 avgNanos=162341622
zil-additional-service  | 2026-05-05T00:32:09.900Z  INFO 1 --- [zil-additional-service] [   scheduling-1] r.a.observability.ObservabilityService   : LAB9 Observability window=10s category=http.main.cars count=484 sumNanos=77999412587 avgNanos=161155811
zil-additional-service  | 2026-05-05T00:32:09.900Z  INFO 1 --- [zil-additional-service] [   scheduling-1] r.a.observability.ObservabilityService   : LAB9 Observability window=10s category=web.additional.availability_new count=25 sumNanos=7945318217 avgNanos=317812728
zil-additional-service  | 2026-05-05T00:32:09.900Z  INFO 1 --- [zil-additional-service] [   scheduling-1] r.a.observability.ObservabilityService   : LAB9 Observability window=10s category=additional.statsComputation.availability.allCitiesAllDates count=25 sumNanos=3712443 avgNanos=148497
zil-additional-service  | 2026-05-05T00:32:09.901Z  INFO 1 --- [zil-additional-service] [   scheduling-1] r.a.observability.ObservabilityService   : LAB9 Observability window=30s category=additional.statsComputation.stats count=1375 sumNanos=53627 avgNanos=39
zil-additional-service  | 2026-05-05T00:32:09.901Z  INFO 1 --- [zil-additional-service] [   scheduling-1] r.a.observability.ObservabilityService   : LAB9 Observability window=30s category=web.additional.stats count=1375 sumNanos=451465673807 avgNanos=328338671
zil-additional-service  | 2026-05-05T00:32:09.901Z  INFO 1 --- [zil-additional-service] [   scheduling-1] r.a.observability.ObservabilityService   : LAB9 Observability window=30s category=http.main.rents count=1440 sumNanos=237054779550 avgNanos=164621374
zil-additional-service  | 2026-05-05T00:32:09.901Z  INFO 1 --- [zil-additional-service] [   scheduling-1] r.a.observability.ObservabilityService   : LAB9 Observability window=30s category=http.main.cars count=1438 sumNanos=235420980674 avgNanos=163714172
zil-additional-service  | 2026-05-05T00:32:09.901Z  INFO 1 --- [zil-additional-service] [   scheduling-1] r.a.observability.ObservabilityService   : LAB9 Observability window=30s category=web.additional.availability_new count=65 sumNanos=21267561294 avgNanos=327193250
zil-additional-service  | 2026-05-05T00:32:09.901Z  INFO 1 --- [zil-additional-service] [   scheduling-1] r.a.observability.ObservabilityService   : LAB9 Observability window=30s category=additional.statsComputation.availability.allCitiesAllDates count=65 sumNanos=12032658 avgNanos=185117
zil-additional-service  | 2026-05-05T00:32:09.901Z  INFO 1 --- [zil-additional-service] [   scheduling-1] r.a.observability.ObservabilityService   : LAB9 Observability window=1m category=additional.statsComputation.stats count=2748 sumNanos=101274 avgNanos=36
zil-additional-service  | 2026-05-05T00:32:09.901Z  INFO 1 --- [zil-additional-service] [   scheduling-1] r.a.observability.ObservabilityService   : LAB9 Observability window=1m category=web.additional.stats count=2748 sumNanos=902672589533 avgNanos=328483475
zil-additional-service  | 2026-05-05T00:32:09.901Z  INFO 1 --- [zil-additional-service] [   scheduling-1] r.a.observability.ObservabilityService   : LAB9 Observability window=1m category=http.main.rents count=2877 sumNanos=474352117174 avgNanos=164877343
zil-additional-service  | 2026-05-05T00:32:09.901Z  INFO 1 --- [zil-additional-service] [   scheduling-1] r.a.observability.ObservabilityService   : LAB9 Observability window=1m category=http.main.cars count=2875 sumNanos=470214209722 avgNanos=163552768
zil-additional-service  | 2026-05-05T00:32:09.901Z  INFO 1 --- [zil-additional-service] [   scheduling-1] r.a.observability.ObservabilityService   : LAB9 Observability window=1m category=web.additional.availability_new count=129 sumNanos=42324732943 avgNanos=328098704
zil-additional-service  | 2026-05-05T00:32:09.901Z  INFO 1 --- [zil-additional-service] [   scheduling-1] r.a.observability.ObservabilityService   : LAB9 Observability window=1m category=additional.statsComputation.availability.allCitiesAllDates count=129 sumNanos=20160206 avgNanos=156280
zil-additional-service  | 2026-05-05T00:32:14.902Z  INFO 1 --- [zil-additional-service] [   scheduling-1] r.a.observability.ObservabilityService   : LAB9 Observability window=10s category=additional.statsComputation.stats count=449 sumNanos=16093 avgNanos=35
zil-additional-service  | 2026-05-05T00:32:14.902Z  INFO 1 --- [zil-additional-service] [   scheduling-1] r.a.observability.ObservabilityService   : LAB9 Observability window=10s category=web.additional.stats count=449 sumNanos=146861398166 avgNanos=327085519
zil-additional-service  | 2026-05-05T00:32:14.902Z  INFO 1 --- [zil-additional-service] [   scheduling-1] r.a.observability.ObservabilityService   : LAB9 Observability window=10s category=http.main.rents count=476 sumNanos=77627510915 avgNanos=163083006
zil-additional-service  | 2026-05-05T00:32:14.902Z  INFO 1 --- [zil-additional-service] [   scheduling-1] r.a.observability.ObservabilityService   : LAB9 Observability window=10s category=http.main.cars count=479 sumNanos=78696452371 avgNanos=164293219
zil-additional-service  | 2026-05-05T00:32:14.902Z  INFO 1 --- [zil-additional-service] [   scheduling-1] r.a.observability.ObservabilityService   : LAB9 Observability window=10s category=web.additional.availability_new count=27 sumNanos=8527597935 avgNanos=315836960
zil-additional-service  | 2026-05-05T00:32:14.902Z  INFO 1 --- [zil-additional-service] [   scheduling-1] r.a.observability.ObservabilityService   : LAB9 Observability window=10s category=additional.statsComputation.availability.allCitiesAllDates count=27 sumNanos=3118004 avgNanos=115481
zil-additional-service  | 2026-05-05T00:32:14.902Z  INFO 1 --- [zil-additional-service] [   scheduling-1] r.a.observability.ObservabilityService   : LAB9 Observability window=30s category=additional.statsComputation.stats count=1371 sumNanos=53554 avgNanos=39
zil-additional-service  | 2026-05-05T00:32:14.902Z  INFO 1 --- [zil-additional-service] [   scheduling-1] r.a.observability.ObservabilityService   : LAB9 Observability window=30s category=web.additional.stats count=1371 sumNanos=449045444344 avgNanos=327531323
zil-additional-service  | 2026-05-05T00:32:14.902Z  INFO 1 --- [zil-additional-service] [   scheduling-1] r.a.observability.ObservabilityService   : LAB9 Observability window=30s category=http.main.rents count=1436 sumNanos=235340816730 avgNanos=163886362
zil-additional-service  | 2026-05-05T00:32:14.902Z  INFO 1 --- [zil-additional-service] [   scheduling-1] r.a.observability.ObservabilityService   : LAB9 Observability window=30s category=http.main.cars count=1439 sumNanos=235433125429 avgNanos=163608843
zil-additional-service  | 2026-05-05T00:32:14.904Z  INFO 1 --- [zil-additional-service] [   scheduling-1] r.a.observability.ObservabilityService   : LAB9 Observability window=30s category=web.additional.availability_new count=65 sumNanos=21200732408 avgNanos=326165113
zil-additional-service  | 2026-05-05T00:32:14.904Z  INFO 1 --- [zil-additional-service] [   scheduling-1] r.a.observability.ObservabilityService   : LAB9 Observability window=30s category=additional.statsComputation.availability.allCitiesAllDates count=65 sumNanos=10803838 avgNanos=166212
zil-additional-service  | 2026-05-05T00:32:14.904Z  INFO 1 --- [zil-additional-service] [   scheduling-1] r.a.observability.ObservabilityService   : LAB9 Observability window=1m category=additional.statsComputation.stats count=2741 sumNanos=101298 avgNanos=36
zil-additional-service  | 2026-05-05T00:32:14.906Z  INFO 1 --- [zil-additional-service] [   scheduling-1] r.a.observability.ObservabilityService   : LAB9 Observability window=1m category=web.additional.stats count=2741 sumNanos=900269177473 avgNanos=328445522
zil-additional-service  | 2026-05-05T00:32:14.906Z  INFO 1 --- [zil-additional-service] [   scheduling-1] r.a.observability.ObservabilityService   : LAB9 Observability window=1m category=http.main.rents count=2873 sumNanos=473901798197 avgNanos=164950156
zil-additional-service  | 2026-05-05T00:32:14.906Z  INFO 1 --- [zil-additional-service] [   scheduling-1] r.a.observability.ObservabilityService   : LAB9 Observability window=1m category=http.main.cars count=2875 sumNanos=469678544853 avgNanos=163366450
zil-additional-service  | 2026-05-05T00:32:14.906Z  INFO 1 --- [zil-additional-service] [   scheduling-1] r.a.observability.ObservabilityService   : LAB9 Observability window=1m category=web.additional.availability_new count=132 sumNanos=43096828916 avgNanos=326491128
zil-additional-service  | 2026-05-05T00:32:14.906Z  INFO 1 --- [zil-additional-service] [   scheduling-1] r.a.observability.ObservabilityService   : LAB9 Observability window=1m category=additional.statsComputation.availability.allCitiesAllDates count=132 sumNanos=20427944 avgNanos=154757
zil-additional-service  | 2026-05-05T00:32:18.862Z  INFO 1 --- [zil-additional-service] [   scheduling-1] r.additional.service.ClientCacheService  : [client-cache-statistics] Client cache size=1000
zil-additional-service  | 2026-05-05T00:32:19.906Z  INFO 1 --- [zil-additional-service] [   scheduling-1] r.a.observability.ObservabilityService   : LAB9 Observability window=10s category=additional.statsComputation.stats count=375 sumNanos=13218 avgNanos=35
zil-additional-service  | 2026-05-05T00:32:19.907Z  INFO 1 --- [zil-additional-service] [   scheduling-1] r.a.observability.ObservabilityService   : LAB9 Observability window=10s category=web.additional.stats count=375 sumNanos=124792658616 avgNanos=332780422
zil-additional-service  | 2026-05-05T00:32:19.907Z  INFO 1 --- [zil-additional-service] [   scheduling-1] r.a.observability.ObservabilityService   : LAB9 Observability window=10s category=http.main.rents count=401 sumNanos=66123956563 avgNanos=164897647
zil-additional-service  | 2026-05-05T00:32:19.907Z  INFO 1 --- [zil-additional-service] [   scheduling-1] r.a.observability.ObservabilityService   : LAB9 Observability window=10s category=http.main.cars count=395 sumNanos=66070897038 avgNanos=167268093
zil-additional-service  | 2026-05-05T00:32:19.907Z  INFO 1 --- [zil-additional-service] [   scheduling-1] r.a.observability.ObservabilityService   : LAB9 Observability window=10s category=web.additional.availability_new count=26 sumNanos=8423501698 avgNanos=323980834
zil-additional-service  | 2026-05-05T00:32:19.907Z  INFO 1 --- [zil-additional-service] [   scheduling-1] r.a.observability.ObservabilityService   : LAB9 Observability window=10s category=additional.statsComputation.availability.allCitiesAllDates count=26 sumNanos=6661118 avgNanos=256196
zil-additional-service  | 2026-05-05T00:32:19.907Z  INFO 1 --- [zil-additional-service] [   scheduling-1] r.a.observability.ObservabilityService   : LAB9 Observability window=30s category=additional.statsComputation.stats count=1290 sumNanos=46529 avgNanos=36
zil-additional-service  | 2026-05-05T00:32:19.907Z  INFO 1 --- [zil-additional-service] [   scheduling-1] r.a.observability.ObservabilityService   : LAB9 Observability window=30s category=web.additional.stats count=1290 sumNanos=423965608888 avgNanos=328655510
zil-additional-service  | 2026-05-05T00:32:19.907Z  INFO 1 --- [zil-additional-service] [   scheduling-1] r.a.observability.ObservabilityService   : LAB9 Observability window=30s category=http.main.rents count=1360 sumNanos=222734599725 avgNanos=163775440
zil-additional-service  | 2026-05-05T00:32:19.907Z  INFO 1 --- [zil-additional-service] [   scheduling-1] r.a.observability.ObservabilityService   : LAB9 Observability window=30s category=http.main.cars count=1354 sumNanos=223036179545 avgNanos=164723913
zil-additional-service  | 2026-05-05T00:32:19.907Z  INFO 1 --- [zil-additional-service] [   scheduling-1] r.a.observability.ObservabilityService   : LAB9 Observability window=30s category=web.additional.availability_new count=70 sumNanos=22926168817 avgNanos=327516697
zil-additional-service  | 2026-05-05T00:32:19.907Z  INFO 1 --- [zil-additional-service] [   scheduling-1] r.a.observability.ObservabilityService   : LAB9 Observability window=30s category=additional.statsComputation.availability.allCitiesAllDates count=70 sumNanos=15294284 avgNanos=218489
zil-additional-service  | 2026-05-05T00:32:19.907Z  INFO 1 --- [zil-additional-service] [   scheduling-1] r.a.observability.ObservabilityService   : LAB9 Observability window=1m category=additional.statsComputation.stats count=2664 sumNanos=98756 avgNanos=37
zil-additional-service  | 2026-05-05T00:32:19.907Z  INFO 1 --- [zil-additional-service] [   scheduling-1] r.a.observability.ObservabilityService   : LAB9 Observability window=1m category=web.additional.stats count=2664 sumNanos=875526624338 avgNanos=328651135
zil-additional-service  | 2026-05-05T00:32:19.907Z  INFO 1 --- [zil-additional-service] [   scheduling-1] r.a.observability.ObservabilityService   : LAB9 Observability window=1m category=http.main.rents count=2802 sumNanos=462656517787 avgNanos=165116530
zil-additional-service  | 2026-05-05T00:32:19.907Z  INFO 1 --- [zil-additional-service] [   scheduling-1] r.a.observability.ObservabilityService   : LAB9 Observability window=1m category=http.main.cars count=2792 sumNanos=456297058487 avgNanos=163430178
zil-additional-service  | 2026-05-05T00:32:19.907Z  INFO 1 --- [zil-additional-service] [   scheduling-1] r.a.observability.ObservabilityService   : LAB9 Observability window=1m category=web.additional.availability_new count=138 sumNanos=45009776525 avgNanos=326157800
zil-additional-service  | 2026-05-05T00:32:19.907Z  INFO 1 --- [zil-additional-service] [   scheduling-1] r.a.observability.ObservabilityService   : LAB9 Observability window=1m category=additional.statsComputation.availability.allCitiesAllDates count=138 sumNanos=24999184 avgNanos=181153
